<?xml version="1.0" encoding="UTF-8"?>
<gpx xmlns="http://www.topografix.com/GPX/1/1" xmlns:gpxtpx="http://www.garmin.com/xmlschemas/TrackPointExtension/v1" version="1.1" creator="Strava">
  <metadata><link href="https://www.strava.com/activities/11369497516"><text>Strava</text></link></metadata>
  <trk>
    <name>2023中国10公里精英赛总决赛（成都新津）</name>
    <trkseg>
      <trkpt lat="30.397297" lon="103.831202">
        <ele>439.0</ele>
        <time>2023-12-23T00:58:47Z</time>
        <extensions><gpxtpx:TrackPointExtension>
          <gpxtpx:hr>136</gpxtpx:hr>
        </gpxtpx:TrackPointExtension></extensions>
      </trkpt>
      <trkpt lat="30.397296" lon="103.831202">
        <ele>439.0</ele>
        <time>2023-12-23T00:58:48Z</time>
        <extensions><gpxtpx:TrackPointExtension>
          <gpxtpx:hr>136</gpxtpx:hr>
        </gpxtpx:TrackPointExtension></extensions>
      </trkpt>
      <trkpt lat="30.397295" lon="103.831203">
        <ele>439.0</ele>
        <time>2023-12-23T00:58:49Z</time>
        <extensions><gpxtpx:TrackPointExtension>
          <gpxtpx:hr>136</gpxtpx:hr>
        </gpxtpx:TrackPointExtension></extensions>
      </trkpt>
      <trkpt lat="30.397294" lon="103.831203">
        <ele>439.0</ele>
        <time>2023-12-23T00:58:50Z</time>
        <extensions><gpxtpx:TrackPointExtension>
          <gpxtpx:hr>136</gpxtpx:hr>
        </gpxtpx:TrackPointExtension></extensions>
      </trkpt>
      <trkpt lat="30.397293" lon="103.831203">
        <ele>439.0</ele>
        <time>2023-12-23T00:58:51Z</time>
        <extensions><gpxtpx:TrackPointExtension>
          <gpxtpx:hr>136</gpxtpx:hr>
        </gpxtpx:TrackPointExtension></extensions>
      </trkpt>
      <trkpt lat="30.397293" lon="103.831204">
        <ele>439.0</ele>
        <time>2023-12-23T00:58:52Z</time>
        <extensions><gpxtpx:TrackPointExtension>
          <gpxtpx:hr>136</gpxtpx:hr>
        </gpxtpx:TrackPointExtension></extensions>
      </trkpt>
      <trkpt lat="30.397292" lon="103.831204">
        <ele>439.0</ele>
        <time>2023-12-23T00:58:53Z</time>
        <extensions><gpxtpx:TrackPointExtension>
          <gpxtpx:hr>134</gpxtpx:hr>
        </gpxtpx:TrackPointExtension></extensions>
      </trkpt>
      <trkpt lat="30.397291" lon="103.831204">
        <ele>439.0</ele>
        <time>2023-12-23T00:58:54Z</time>
        <extensions><gpxtpx:TrackPointExtension>
          <gpxtpx:hr>134</gpxtpx:hr>
        </gpxtpx:TrackPointExtension></extensions>
      </trkpt>
      <trkpt lat="30.39729" lon="103.831205">
        <ele>439.0</ele>
        <time>2023-12-23T00:58:55Z</time>
        <extensions><gpxtpx:TrackPointExtension>
          <gpxtpx:hr>133</gpxtpx:hr>
        </gpxtpx:TrackPointExtension></extensions>
      </trkpt>
      <trkpt lat="30.397289" lon="103.831205">
        <ele>439.0</ele>
        <time>2023-12-23T00:58:56Z</time>
        <extensions><gpxtpx:TrackPointExtension>
          <gpxtpx:hr>132</gpxtpx:hr>
        </gpxtpx:TrackPointExtension></extensions>
      </trkpt>
      <trkpt lat="30.397288" lon="103.831206">
        <ele>439.0</ele>
        <time>2023-12-23T00:58:57Z</time>
        <extensions><gpxtpx:TrackPointExtension>
          <gpxtpx:hr>132</gpxtpx:hr>
        </gpxtpx:TrackPointExtension></extensions>
      </trkpt>
      <trkpt lat="30.397287" lon="103.831206">
        <ele>439.0</ele>
        <time>2023-12-23T00:58:58Z</time>
        <extensions><gpxtpx:TrackPointExtension>
          <gpxtpx:hr>133</gpxtpx:hr>
        </gpxtpx:TrackPointExtension></extensions>
      </trkpt>
      <trkpt lat="30.397286" lon="103.831206">
        <ele>439.0</ele>
        <time>2023-12-23T00:58:59Z</time>
        <extensions><gpxtpx:TrackPointExtension>
          <gpxtpx:hr>133</gpxtpx:hr>
        </gpxtpx:TrackPointExtension></extensions>
      </trkpt>
      <trkpt lat="30.397285" lon="103.831207">
        <ele>439.0</ele>
        <time>2023-12-23T00:59:00Z</time>
        <extensions><gpxtpx:TrackPointExtension>
          <gpxtpx:hr>133</gpxtpx:hr>
        </gpxtpx:TrackPointExtension></extensions>
      </trkpt>
      <trkpt lat="30.397285" lon="103.831207">
        <ele>439.0</ele>
        <time>2023-12-23T00:59:01Z</time>
        <extensions><gpxtpx:TrackPointExtension>
          <gpxtpx:hr>133</gpxtpx:hr>
        </gpxtpx:TrackPointExtension></extensions>
      </trkpt>
      <trkpt lat="30.397284" lon="103.831207">
        <ele>439.0</ele>
        <time>2023-12-23T00:59:02Z</time>
        <extensions><gpxtpx:TrackPointExtension>
          <gpxtpx:hr>133</gpxtpx:hr>
        </gpxtpx:TrackPointExtension></extensions>
      </trkpt>
      <trkpt lat="30.397283" lon="103.831208">
        <ele>439.0</ele>
        <time>2023-12-23T00:59:03Z</time>
        <extensions><gpxtpx:TrackPointExtension>
          <gpxtpx:hr>133</gpxtpx:hr>
        </gpxtpx:TrackPointExtension></extensions>
      </trkpt>
      <trkpt lat="30.397282" lon="103.831208">
        <ele>439.0</ele>
        <time>2023-12-23T00:59:04Z</time>
        <extensions><gpxtpx:TrackPointExtension>
          <gpxtpx:hr>132</gpxtpx:hr>
        </gpxtpx:TrackPointExtension></extensions>
      </trkpt>
      <trkpt lat="30.397281" lon="103.831208">
        <ele>439.0</ele>
        <time>2023-12-23T00:59:05Z</time>
        <extensions><gpxtpx:TrackPointExtension>
          <gpxtpx:hr>132</gpxtpx:hr>
        </gpxtpx:TrackPointExtension></extensions>
      </trkpt>
      <trkpt lat="30.39728" lon="103.831209">
        <ele>439.0</ele>
        <time>2023-12-23T00:59:06Z</time>
        <extensions><gpxtpx:TrackPointExtension>
          <gpxtpx:hr>130</gpxtpx:hr>
        </gpxtpx:TrackPointExtension></extensions>
      </trkpt>
      <trkpt lat="30.397279" lon="103.831209">
        <ele>439.0</ele>
        <time>2023-12-23T00:59:07Z</time>
        <extensions><gpxtpx:TrackPointExtension>
          <gpxtpx:hr>129</gpxtpx:hr>
        </gpxtpx:TrackPointExtension></extensions>
      </trkpt>
      <trkpt lat="30.397278" lon="103.831209">
        <ele>439.0</ele>
        <time>2023-12-23T00:59:08Z</time>
        <extensions><gpxtpx:TrackPointExtension>
          <gpxtpx:hr>129</gpxtpx:hr>
        </gpxtpx:TrackPointExtension></extensions>
      </trkpt>
      <trkpt lat="30.397278" lon="103.83121">
        <ele>439.0</ele>
        <time>2023-12-23T00:59:09Z</time>
        <extensions><gpxtpx:TrackPointExtension>
          <gpxtpx:hr>129</gpxtpx:hr>
        </gpxtpx:TrackPointExtension></extensions>
      </trkpt>
      <trkpt lat="30.397277" lon="103.83121">
        <ele>439.0</ele>
        <time>2023-12-23T00:59:10Z</time>
        <extensions><gpxtpx:TrackPointExtension>
          <gpxtpx:hr>129</gpxtpx:hr>
        </gpxtpx:TrackPointExtension></extensions>
      </trkpt>
      <trkpt lat="30.397276" lon="103.83121">
        <ele>439.0</ele>
        <time>2023-12-23T00:59:11Z</time>
        <extensions><gpxtpx:TrackPointExtension>
          <gpxtpx:hr>129</gpxtpx:hr>
        </gpxtpx:TrackPointExtension></extensions>
      </trkpt>
      <trkpt lat="30.397275" lon="103.831211">
        <ele>439.0</ele>
        <time>2023-12-23T00:59:12Z</time>
        <extensions><gpxtpx:TrackPointExtension>
          <gpxtpx:hr>129</gpxtpx:hr>
        </gpxtpx:TrackPointExtension></extensions>
      </trkpt>
      <trkpt lat="30.397274" lon="103.831211">
        <ele>439.0</ele>
        <time>2023-12-23T00:59:13Z</time>
        <extensions><gpxtpx:TrackPointExtension>
          <gpxtpx:hr>131</gpxtpx:hr>
        </gpxtpx:TrackPointExtension></extensions>
      </trkpt>
      <trkpt lat="30.397273" lon="103.831211">
        <ele>439.0</ele>
        <time>2023-12-23T00:59:14Z</time>
        <extensions><gpxtpx:TrackPointExtension>
          <gpxtpx:hr>131</gpxtpx:hr>
        </gpxtpx:TrackPointExtension></extensions>
      </trkpt>
      <trkpt lat="30.397272" lon="103.831212">
        <ele>439.0</ele>
        <time>2023-12-23T00:59:15Z</time>
        <extensions><gpxtpx:TrackPointExtension>
          <gpxtpx:hr>131</gpxtpx:hr>
        </gpxtpx:TrackPointExtension></extensions>
      </trkpt>
      <trkpt lat="30.397271" lon="103.831212">
        <ele>439.0</ele>
        <time>2023-12-23T00:59:16Z</time>
        <extensions><gpxtpx:TrackPointExtension>
          <gpxtpx:hr>134</gpxtpx:hr>
        </gpxtpx:TrackPointExtension></extensions>
      </trkpt>
      <trkpt lat="30.397271" lon="103.831212">
        <ele>439.0</ele>
        <time>2023-12-23T00:59:17Z</time>
        <extensions><gpxtpx:TrackPointExtension>
          <gpxtpx:hr>135</gpxtpx:hr>
        </gpxtpx:TrackPointExtension></extensions>
      </trkpt>
      <trkpt lat="30.39727" lon="103.831213">
        <ele>439.0</ele>
        <time>2023-12-23T00:59:18Z</time>
        <extensions><gpxtpx:TrackPointExtension>
          <gpxtpx:hr>137</gpxtpx:hr>
        </gpxtpx:TrackPointExtension></extensions>
      </trkpt>
      <trkpt lat="30.397269" lon="103.831213">
        <ele>439.0</ele>
        <time>2023-12-23T00:59:19Z</time>
        <extensions><gpxtpx:TrackPointExtension>
          <gpxtpx:hr>139</gpxtpx:hr>
        </gpxtpx:TrackPointExtension></extensions>
      </trkpt>
      <trkpt lat="30.397268" lon="103.831213">
        <ele>439.0</ele>
        <time>2023-12-23T00:59:20Z</time>
        <extensions><gpxtpx:TrackPointExtension>
          <gpxtpx:hr>139</gpxtpx:hr>
        </gpxtpx:TrackPointExtension></extensions>
      </trkpt>
      <trkpt lat="30.397267" lon="103.831214">
        <ele>439.0</ele>
        <time>2023-12-23T00:59:21Z</time>
        <extensions><gpxtpx:TrackPointExtension>
          <gpxtpx:hr>138</gpxtpx:hr>
        </gpxtpx:TrackPointExtension></extensions>
      </trkpt>
      <trkpt lat="30.397266" lon="103.831214">
        <ele>439.0</ele>
        <time>2023-12-23T00:59:22Z</time>
        <extensions><gpxtpx:TrackPointExtension>
          <gpxtpx:hr>138</gpxtpx:hr>
        </gpxtpx:TrackPointExtension></extensions>
      </trkpt>
      <trkpt lat="30.397265" lon="103.831214">
        <ele>439.0</ele>
        <time>2023-12-23T00:59:23Z</time>
        <extensions><gpxtpx:TrackPointExtension>
          <gpxtpx:hr>138</gpxtpx:hr>
        </gpxtpx:TrackPointExtension></extensions>
      </trkpt>
      <trkpt lat="30.397264" lon="103.831215">
        <ele>439.0</ele>
        <time>2023-12-23T00:59:24Z</time>
        <extensions><gpxtpx:TrackPointExtension>
          <gpxtpx:hr>138</gpxtpx:hr>
        </gpxtpx:TrackPointExtension></extensions>
      </trkpt>
      <trkpt lat="30.397264" lon="103.831215">
        <ele>439.0</ele>
        <time>2023-12-23T00:59:25Z</time>
        <extensions><gpxtpx:TrackPointExtension>
          <gpxtpx:hr>137</gpxtpx:hr>
        </gpxtpx:TrackPointExtension></extensions>
      </trkpt>
      <trkpt lat="30.397263" lon="103.831215">
        <ele>439.0</ele>
        <time>2023-12-23T00:59:26Z</time>
        <extensions><gpxtpx:TrackPointExtension>
          <gpxtpx:hr>137</gpxtpx:hr>
        </gpxtpx:TrackPointExtension></extensions>
      </trkpt>
      <trkpt lat="30.397262" lon="103.831216">
        <ele>439.0</ele>
        <time>2023-12-23T00:59:27Z</time>
        <extensions><gpxtpx:TrackPointExtension>
          <gpxtpx:hr>137</gpxtpx:hr>
        </gpxtpx:TrackPointExtension></extensions>
      </trkpt>
      <trkpt lat="30.397261" lon="103.831216">
        <ele>439.0</ele>
        <time>2023-12-23T00:59:28Z</time>
        <extensions><gpxtpx:TrackPointExtension>
          <gpxtpx:hr>138</gpxtpx:hr>
        </gpxtpx:TrackPointExtension></extensions>
      </trkpt>
      <trkpt lat="30.39726" lon="103.831216">
        <ele>439.0</ele>
        <time>2023-12-23T00:59:29Z</time>
        <extensions><gpxtpx:TrackPointExtension>
          <gpxtpx:hr>138</gpxtpx:hr>
        </gpxtpx:TrackPointExtension></extensions>
      </trkpt>
      <trkpt lat="30.397259" lon="103.831217">
        <ele>439.0</ele>
        <time>2023-12-23T00:59:30Z</time>
        <extensions><gpxtpx:TrackPointExtension>
          <gpxtpx:hr>136</gpxtpx:hr>
        </gpxtpx:TrackPointExtension></extensions>
      </trkpt>
      <trkpt lat="30.397258" lon="103.831217">
        <ele>439.0</ele>
        <time>2023-12-23T00:59:31Z</time>
        <extensions><gpxtpx:TrackPointExtension>
          <gpxtpx:hr>136</gpxtpx:hr>
        </gpxtpx:TrackPointExtension></extensions>
      </trkpt>
      <trkpt lat="30.397257" lon="103.831217">
        <ele>439.0</ele>
        <time>2023-12-23T00:59:32Z</time>
        <extensions><gpxtpx:TrackPointExtension>
          <gpxtpx:hr>137</gpxtpx:hr>
        </gpxtpx:TrackPointExtension></extensions>
      </trkpt>
      <trkpt lat="30.397257" lon="103.831218">
        <ele>439.0</ele>
        <time>2023-12-23T00:59:33Z</time>
        <extensions><gpxtpx:TrackPointExtension>
          <gpxtpx:hr>137</gpxtpx:hr>
        </gpxtpx:TrackPointExtension></extensions>
      </trkpt>
      <trkpt lat="30.397256" lon="103.831218">
        <ele>439.0</ele>
        <time>2023-12-23T00:59:52Z</time>
        <extensions><gpxtpx:TrackPointExtension>
          <gpxtpx:hr>130</gpxtpx:hr>
        </gpxtpx:TrackPointExtension></extensions>
      </trkpt>
      <trkpt lat="30.397255" lon="103.831218">
        <ele>439.0</ele>
        <time>2023-12-23T00:59:53Z</time>
        <extensions><gpxtpx:TrackPointExtension>
          <gpxtpx:hr>129</gpxtpx:hr>
        </gpxtpx:TrackPointExtension></extensions>
      </trkpt>
      <trkpt lat="30.397254" lon="103.831219">
        <ele>439.0</ele>
        <time>2023-12-23T00:59:54Z</time>
        <extensions><gpxtpx:TrackPointExtension>
          <gpxtpx:hr>129</gpxtpx:hr>
        </gpxtpx:TrackPointExtension></extensions>
      </trkpt>
      <trkpt lat="30.397253" lon="103.831219">
        <ele>439.0</ele>
        <time>2023-12-23T00:59:55Z</time>
        <extensions><gpxtpx:TrackPointExtension>
          <gpxtpx:hr>129</gpxtpx:hr>
        </gpxtpx:TrackPointExtension></extensions>
      </trkpt>
      <trkpt lat="30.397252" lon="103.831219">
        <ele>439.0</ele>
        <time>2023-12-23T00:59:56Z</time>
        <extensions><gpxtpx:TrackPointExtension>
          <gpxtpx:hr>128</gpxtpx:hr>
        </gpxtpx:TrackPointExtension></extensions>
      </trkpt>
      <trkpt lat="30.397251" lon="103.83122">
        <ele>439.0</ele>
        <time>2023-12-23T00:59:57Z</time>
        <extensions><gpxtpx:TrackPointExtension>
          <gpxtpx:hr>128</gpxtpx:hr>
        </gpxtpx:TrackPointExtension></extensions>
      </trkpt>
      <trkpt lat="30.39725" lon="103.83122">
        <ele>439.0</ele>
        <time>2023-12-23T00:59:58Z</time>
        <extensions><gpxtpx:TrackPointExtension>
          <gpxtpx:hr>128</gpxtpx:hr>
        </gpxtpx:TrackPointExtension></extensions>
      </trkpt>
      <trkpt lat="30.397249" lon="103.83122">
        <ele>439.0</ele>
        <time>2023-12-23T00:59:59Z</time>
        <extensions><gpxtpx:TrackPointExtension>
          <gpxtpx:hr>128</gpxtpx:hr>
        </gpxtpx:TrackPointExtension></extensions>
      </trkpt>
      <trkpt lat="30.397249" lon="103.831221">
        <ele>439.0</ele>
        <time>2023-12-23T01:00:00Z</time>
        <extensions><gpxtpx:TrackPointExtension>
          <gpxtpx:hr>128</gpxtpx:hr>
        </gpxtpx:TrackPointExtension></extensions>
      </trkpt>
      <trkpt lat="30.397248" lon="103.831221">
        <ele>439.0</ele>
        <time>2023-12-23T01:00:01Z</time>
        <extensions><gpxtpx:TrackPointExtension>
          <gpxtpx:hr>132</gpxtpx:hr>
        </gpxtpx:TrackPointExtension></extensions>
      </trkpt>
      <trkpt lat="30.397247" lon="103.831221">
        <ele>439.0</ele>
        <time>2023-12-23T01:00:02Z</time>
        <extensions><gpxtpx:TrackPointExtension>
          <gpxtpx:hr>135</gpxtpx:hr>
        </gpxtpx:TrackPointExtension></extensions>
      </trkpt>
      <trkpt lat="30.39723" lon="103.831228">
        <ele>439.0</ele>
        <time>2023-12-23T01:00:03Z</time>
        <extensions><gpxtpx:TrackPointExtension>
          <gpxtpx:hr>136</gpxtpx:hr>
        </gpxtpx:TrackPointExtension></extensions>
      </trkpt>
      <trkpt lat="30.397206" lon="103.831238">
        <ele>439.0</ele>
        <time>2023-12-23T01:00:04Z</time>
        <extensions><gpxtpx:TrackPointExtension>
          <gpxtpx:hr>137</gpxtpx:hr>
        </gpxtpx:TrackPointExtension></extensions>
      </trkpt>
      <trkpt lat="30.397182" lon="103.831247">
        <ele>439.0</ele>
        <time>2023-12-23T01:00:05Z</time>
        <extensions><gpxtpx:TrackPointExtension>
          <gpxtpx:hr>138</gpxtpx:hr>
        </gpxtpx:TrackPointExtension></extensions>
      </trkpt>
      <trkpt lat="30.397152" lon="103.83126">
        <ele>439.0</ele>
        <time>2023-12-23T01:00:06Z</time>
        <extensions><gpxtpx:TrackPointExtension>
          <gpxtpx:hr>139</gpxtpx:hr>
        </gpxtpx:TrackPointExtension></extensions>
      </trkpt>
      <trkpt lat="30.397122" lon="103.831273">
        <ele>439.0</ele>
        <time>2023-12-23T01:00:07Z</time>
        <extensions><gpxtpx:TrackPointExtension>
          <gpxtpx:hr>139</gpxtpx:hr>
        </gpxtpx:TrackPointExtension></extensions>
      </trkpt>
      <trkpt lat="30.39709" lon="103.831289">
        <ele>439.0</ele>
        <time>2023-12-23T01:00:08Z</time>
        <extensions><gpxtpx:TrackPointExtension>
          <gpxtpx:hr>139</gpxtpx:hr>
        </gpxtpx:TrackPointExtension></extensions>
      </trkpt>
      <trkpt lat="30.397057" lon="103.831306">
        <ele>439.0</ele>
        <time>2023-12-23T01:00:09Z</time>
        <extensions><gpxtpx:TrackPointExtension>
          <gpxtpx:hr>139</gpxtpx:hr>
        </gpxtpx:TrackPointExtension></extensions>
      </trkpt>
      <trkpt lat="30.39702" lon="103.831323">
        <ele>439.0</ele>
        <time>2023-12-23T01:00:10Z</time>
        <extensions><gpxtpx:TrackPointExtension>
          <gpxtpx:hr>139</gpxtpx:hr>
        </gpxtpx:TrackPointExtension></extensions>
      </trkpt>
      <trkpt lat="30.396984" lon="103.831341">
        <ele>439.0</ele>
        <time>2023-12-23T01:00:11Z</time>
        <extensions><gpxtpx:TrackPointExtension>
          <gpxtpx:hr>141</gpxtpx:hr>
        </gpxtpx:TrackPointExtension></extensions>
      </trkpt>
      <trkpt lat="30.396946" lon="103.831358">
        <ele>439.0</ele>
        <time>2023-12-23T01:00:12Z</time>
        <extensions><gpxtpx:TrackPointExtension>
          <gpxtpx:hr>142</gpxtpx:hr>
        </gpxtpx:TrackPointExtension></extensions>
      </trkpt>
      <trkpt lat="30.396908" lon="103.831376">
        <ele>439.0</ele>
        <time>2023-12-23T01:00:13Z</time>
        <extensions><gpxtpx:TrackPointExtension>
          <gpxtpx:hr>143</gpxtpx:hr>
        </gpxtpx:TrackPointExtension></extensions>
      </trkpt>
      <trkpt lat="30.39687" lon="103.831392">
        <ele>439.0</ele>
        <time>2023-12-23T01:00:14Z</time>
        <extensions><gpxtpx:TrackPointExtension>
          <gpxtpx:hr>144</gpxtpx:hr>
        </gpxtpx:TrackPointExtension></extensions>
      </trkpt>
      <trkpt lat="30.396832" lon="103.831409">
        <ele>439.0</ele>
        <time>2023-12-23T01:00:15Z</time>
        <extensions><gpxtpx:TrackPointExtension>
          <gpxtpx:hr>145</gpxtpx:hr>
        </gpxtpx:TrackPointExtension></extensions>
      </trkpt>
      <trkpt lat="30.396794" lon="103.831425">
        <ele>439.0</ele>
        <time>2023-12-23T01:00:16Z</time>
        <extensions><gpxtpx:TrackPointExtension>
          <gpxtpx:hr>146</gpxtpx:hr>
        </gpxtpx:TrackPointExtension></extensions>
      </trkpt>
      <trkpt lat="30.396756" lon="103.831441">
        <ele>439.0</ele>
        <time>2023-12-23T01:00:17Z</time>
        <extensions><gpxtpx:TrackPointExtension>
          <gpxtpx:hr>146</gpxtpx:hr>
        </gpxtpx:TrackPointExtension></extensions>
      </trkpt>
      <trkpt lat="30.39672" lon="103.831456">
        <ele>439.0</ele>
        <time>2023-12-23T01:00:18Z</time>
        <extensions><gpxtpx:TrackPointExtension>
          <gpxtpx:hr>148</gpxtpx:hr>
        </gpxtpx:TrackPointExtension></extensions>
      </trkpt>
      <trkpt lat="30.396684" lon="103.831471">
        <ele>439.0</ele>
        <time>2023-12-23T01:00:19Z</time>
        <extensions><gpxtpx:TrackPointExtension>
          <gpxtpx:hr>150</gpxtpx:hr>
        </gpxtpx:TrackPointExtension></extensions>
      </trkpt>
      <trkpt lat="30.396649" lon="103.831486">
        <ele>439.0</ele>
        <time>2023-12-23T01:00:20Z</time>
        <extensions><gpxtpx:TrackPointExtension>
          <gpxtpx:hr>153</gpxtpx:hr>
        </gpxtpx:TrackPointExtension></extensions>
      </trkpt>
      <trkpt lat="30.396614" lon="103.831502">
        <ele>439.0</ele>
        <time>2023-12-23T01:00:21Z</time>
        <extensions><gpxtpx:TrackPointExtension>
          <gpxtpx:hr>155</gpxtpx:hr>
        </gpxtpx:TrackPointExtension></extensions>
      </trkpt>
      <trkpt lat="30.396578" lon="103.831519">
        <ele>439.0</ele>
        <time>2023-12-23T01:00:22Z</time>
        <extensions><gpxtpx:TrackPointExtension>
          <gpxtpx:hr>157</gpxtpx:hr>
        </gpxtpx:TrackPointExtension></extensions>
      </trkpt>
      <trkpt lat="30.396543" lon="103.831536">
        <ele>439.0</ele>
        <time>2023-12-23T01:00:23Z</time>
        <extensions><gpxtpx:TrackPointExtension>
          <gpxtpx:hr>160</gpxtpx:hr>
        </gpxtpx:TrackPointExtension></extensions>
      </trkpt>
      <trkpt lat="30.396506" lon="103.831556">
        <ele>439.0</ele>
        <time>2023-12-23T01:00:24Z</time>
        <extensions><gpxtpx:TrackPointExtension>
          <gpxtpx:hr>161</gpxtpx:hr>
        </gpxtpx:TrackPointExtension></extensions>
      </trkpt>
      <trkpt lat="30.396469" lon="103.831575">
        <ele>439.0</ele>
        <time>2023-12-23T01:00:25Z</time>
        <extensions><gpxtpx:TrackPointExtension>
          <gpxtpx:hr>161</gpxtpx:hr>
        </gpxtpx:TrackPointExtension></extensions>
      </trkpt>
      <trkpt lat="30.396429" lon="103.831595">
        <ele>439.0</ele>
        <time>2023-12-23T01:00:26Z</time>
        <extensions><gpxtpx:TrackPointExtension>
          <gpxtpx:hr>162</gpxtpx:hr>
        </gpxtpx:TrackPointExtension></extensions>
      </trkpt>
      <trkpt lat="30.396389" lon="103.831614">
        <ele>439.0</ele>
        <time>2023-12-23T01:00:27Z</time>
        <extensions><gpxtpx:TrackPointExtension>
          <gpxtpx:hr>163</gpxtpx:hr>
        </gpxtpx:TrackPointExtension></extensions>
      </trkpt>
      <trkpt lat="30.396346" lon="103.831631">
        <ele>439.0</ele>
        <time>2023-12-23T01:00:28Z</time>
        <extensions><gpxtpx:TrackPointExtension>
          <gpxtpx:hr>163</gpxtpx:hr>
        </gpxtpx:TrackPointExtension></extensions>
      </trkpt>
      <trkpt lat="30.396304" lon="103.831649">
        <ele>439.0</ele>
        <time>2023-12-23T01:00:29Z</time>
        <extensions><gpxtpx:TrackPointExtension>
          <gpxtpx:hr>163</gpxtpx:hr>
        </gpxtpx:TrackPointExtension></extensions>
      </trkpt>
      <trkpt lat="30.39626" lon="103.831664">
        <ele>439.0</ele>
        <time>2023-12-23T01:00:30Z</time>
        <extensions><gpxtpx:TrackPointExtension>
          <gpxtpx:hr>164</gpxtpx:hr>
        </gpxtpx:TrackPointExtension></extensions>
      </trkpt>
      <trkpt lat="30.396217" lon="103.83168">
        <ele>440.0</ele>
        <time>2023-12-23T01:00:31Z</time>
        <extensions><gpxtpx:TrackPointExtension>
          <gpxtpx:hr>164</gpxtpx:hr>
        </gpxtpx:TrackPointExtension></extensions>
      </trkpt>
      <trkpt lat="30.396175" lon="103.831696">
        <ele>440.0</ele>
        <time>2023-12-23T01:00:32Z</time>
        <extensions><gpxtpx:TrackPointExtension>
          <gpxtpx:hr>165</gpxtpx:hr>
        </gpxtpx:TrackPointExtension></extensions>
      </trkpt>
      <trkpt lat="30.396134" lon="103.831712">
        <ele>440.0</ele>
        <time>2023-12-23T01:00:33Z</time>
        <extensions><gpxtpx:TrackPointExtension>
          <gpxtpx:hr>165</gpxtpx:hr>
        </gpxtpx:TrackPointExtension></extensions>
      </trkpt>
      <trkpt lat="30.396093" lon="103.831727">
        <ele>440.0</ele>
        <time>2023-12-23T01:00:34Z</time>
        <extensions><gpxtpx:TrackPointExtension>
          <gpxtpx:hr>166</gpxtpx:hr>
        </gpxtpx:TrackPointExtension></extensions>
      </trkpt>
      <trkpt lat="30.396053" lon="103.831742">
        <ele>440.0</ele>
        <time>2023-12-23T01:00:35Z</time>
        <extensions><gpxtpx:TrackPointExtension>
          <gpxtpx:hr>166</gpxtpx:hr>
        </gpxtpx:TrackPointExtension></extensions>
      </trkpt>
      <trkpt lat="30.396013" lon="103.831757">
        <ele>440.0</ele>
        <time>2023-12-23T01:00:36Z</time>
        <extensions><gpxtpx:TrackPointExtension>
          <gpxtpx:hr>166</gpxtpx:hr>
        </gpxtpx:TrackPointExtension></extensions>
      </trkpt>
      <trkpt lat="30.395973" lon="103.831772">
        <ele>440.0</ele>
        <time>2023-12-23T01:00:37Z</time>
        <extensions><gpxtpx:TrackPointExtension>
          <gpxtpx:hr>166</gpxtpx:hr>
        </gpxtpx:TrackPointExtension></extensions>
      </trkpt>
      <trkpt lat="30.395932" lon="103.831788">
        <ele>440.0</ele>
        <time>2023-12-23T01:00:38Z</time>
        <extensions><gpxtpx:TrackPointExtension>
          <gpxtpx:hr>166</gpxtpx:hr>
        </gpxtpx:TrackPointExtension></extensions>
      </trkpt>
      <trkpt lat="30.395892" lon="103.831805">
        <ele>440.0</ele>
        <time>2023-12-23T01:00:39Z</time>
        <extensions><gpxtpx:TrackPointExtension>
          <gpxtpx:hr>166</gpxtpx:hr>
        </gpxtpx:TrackPointExtension></extensions>
      </trkpt>
      <trkpt lat="30.395851" lon="103.831821">
        <ele>440.0</ele>
        <time>2023-12-23T01:00:40Z</time>
        <extensions><gpxtpx:TrackPointExtension>
          <gpxtpx:hr>167</gpxtpx:hr>
        </gpxtpx:TrackPointExtension></extensions>
      </trkpt>
      <trkpt lat="30.39581" lon="103.831838">
        <ele>440.0</ele>
        <time>2023-12-23T01:00:41Z</time>
        <extensions><gpxtpx:TrackPointExtension>
          <gpxtpx:hr>169</gpxtpx:hr>
        </gpxtpx:TrackPointExtension></extensions>
      </trkpt>
      <trkpt lat="30.395769" lon="103.831855">
        <ele>440.0</ele>
        <time>2023-12-23T01:00:42Z</time>
        <extensions><gpxtpx:TrackPointExtension>
          <gpxtpx:hr>169</gpxtpx:hr>
        </gpxtpx:TrackPointExtension></extensions>
      </trkpt>
      <trkpt lat="30.395728" lon="103.831872">
        <ele>440.0</ele>
        <time>2023-12-23T01:00:43Z</time>
        <extensions><gpxtpx:TrackPointExtension>
          <gpxtpx:hr>169</gpxtpx:hr>
        </gpxtpx:TrackPointExtension></extensions>
      </trkpt>
      <trkpt lat="30.395688" lon="103.83189">
        <ele>440.0</ele>
        <time>2023-12-23T01:00:44Z</time>
        <extensions><gpxtpx:TrackPointExtension>
          <gpxtpx:hr>169</gpxtpx:hr>
        </gpxtpx:TrackPointExtension></extensions>
      </trkpt>
      <trkpt lat="30.395647" lon="103.831908">
        <ele>440.0</ele>
        <time>2023-12-23T01:00:45Z</time>
        <extensions><gpxtpx:TrackPointExtension>
          <gpxtpx:hr>169</gpxtpx:hr>
        </gpxtpx:TrackPointExtension></extensions>
      </trkpt>
      <trkpt lat="30.395608" lon="103.831925">
        <ele>440.0</ele>
        <time>2023-12-23T01:00:46Z</time>
        <extensions><gpxtpx:TrackPointExtension>
          <gpxtpx:hr>169</gpxtpx:hr>
        </gpxtpx:TrackPointExtension></extensions>
      </trkpt>
      <trkpt lat="30.395569" lon="103.831942">
        <ele>439.0</ele>
        <time>2023-12-23T01:00:47Z</time>
        <extensions><gpxtpx:TrackPointExtension>
          <gpxtpx:hr>170</gpxtpx:hr>
        </gpxtpx:TrackPointExtension></extensions>
      </trkpt>
      <trkpt lat="30.395533" lon="103.831957">
        <ele>439.0</ele>
        <time>2023-12-23T01:00:48Z</time>
        <extensions><gpxtpx:TrackPointExtension>
          <gpxtpx:hr>170</gpxtpx:hr>
        </gpxtpx:TrackPointExtension></extensions>
      </trkpt>
      <trkpt lat="30.395496" lon="103.831973">
        <ele>439.0</ele>
        <time>2023-12-23T01:00:49Z</time>
        <extensions><gpxtpx:TrackPointExtension>
          <gpxtpx:hr>171</gpxtpx:hr>
        </gpxtpx:TrackPointExtension></extensions>
      </trkpt>
      <trkpt lat="30.395461" lon="103.831987">
        <ele>439.0</ele>
        <time>2023-12-23T01:00:50Z</time>
        <extensions><gpxtpx:TrackPointExtension>
          <gpxtpx:hr>171</gpxtpx:hr>
        </gpxtpx:TrackPointExtension></extensions>
      </trkpt>
      <trkpt lat="30.395426" lon="103.832002">
        <ele>439.0</ele>
        <time>2023-12-23T01:00:51Z</time>
        <extensions><gpxtpx:TrackPointExtension>
          <gpxtpx:hr>171</gpxtpx:hr>
        </gpxtpx:TrackPointExtension></extensions>
      </trkpt>
      <trkpt lat="30.395391" lon="103.832017">
        <ele>439.0</ele>
        <time>2023-12-23T01:00:52Z</time>
        <extensions><gpxtpx:TrackPointExtension>
          <gpxtpx:hr>171</gpxtpx:hr>
        </gpxtpx:TrackPointExtension></extensions>
      </trkpt>
      <trkpt lat="30.395356" lon="103.832031">
        <ele>439.0</ele>
        <time>2023-12-23T01:00:53Z</time>
        <extensions><gpxtpx:TrackPointExtension>
          <gpxtpx:hr>171</gpxtpx:hr>
        </gpxtpx:TrackPointExtension></extensions>
      </trkpt>
      <trkpt lat="30.395321" lon="103.832045">
        <ele>439.0</ele>
        <time>2023-12-23T01:00:54Z</time>
        <extensions><gpxtpx:TrackPointExtension>
          <gpxtpx:hr>171</gpxtpx:hr>
        </gpxtpx:TrackPointExtension></extensions>
      </trkpt>
      <trkpt lat="30.395285" lon="103.832059">
        <ele>439.0</ele>
        <time>2023-12-23T01:00:55Z</time>
        <extensions><gpxtpx:TrackPointExtension>
          <gpxtpx:hr>172</gpxtpx:hr>
        </gpxtpx:TrackPointExtension></extensions>
      </trkpt>
      <trkpt lat="30.395249" lon="103.832072">
        <ele>439.0</ele>
        <time>2023-12-23T01:00:56Z</time>
        <extensions><gpxtpx:TrackPointExtension>
          <gpxtpx:hr>172</gpxtpx:hr>
        </gpxtpx:TrackPointExtension></extensions>
      </trkpt>
      <trkpt lat="30.395213" lon="103.832084">
        <ele>439.0</ele>
        <time>2023-12-23T01:00:57Z</time>
        <extensions><gpxtpx:TrackPointExtension>
          <gpxtpx:hr>173</gpxtpx:hr>
        </gpxtpx:TrackPointExtension></extensions>
      </trkpt>
      <trkpt lat="30.395178" lon="103.832096">
        <ele>439.0</ele>
        <time>2023-12-23T01:00:58Z</time>
        <extensions><gpxtpx:TrackPointExtension>
          <gpxtpx:hr>174</gpxtpx:hr>
        </gpxtpx:TrackPointExtension></extensions>
      </trkpt>
      <trkpt lat="30.395143" lon="103.832109">
        <ele>439.0</ele>
        <time>2023-12-23T01:00:59Z</time>
        <extensions><gpxtpx:TrackPointExtension>
          <gpxtpx:hr>175</gpxtpx:hr>
        </gpxtpx:TrackPointExtension></extensions>
      </trkpt>
      <trkpt lat="30.395108" lon="103.832121">
        <ele>439.0</ele>
        <time>2023-12-23T01:01:00Z</time>
        <extensions><gpxtpx:TrackPointExtension>
          <gpxtpx:hr>177</gpxtpx:hr>
        </gpxtpx:TrackPointExtension></extensions>
      </trkpt>
      <trkpt lat="30.395073" lon="103.832134">
        <ele>439.0</ele>
        <time>2023-12-23T01:01:01Z</time>
        <extensions><gpxtpx:TrackPointExtension>
          <gpxtpx:hr>177</gpxtpx:hr>
        </gpxtpx:TrackPointExtension></extensions>
      </trkpt>
      <trkpt lat="30.395038" lon="103.832147">
        <ele>439.0</ele>
        <time>2023-12-23T01:01:02Z</time>
        <extensions><gpxtpx:TrackPointExtension>
          <gpxtpx:hr>177</gpxtpx:hr>
        </gpxtpx:TrackPointExtension></extensions>
      </trkpt>
      <trkpt lat="30.395003" lon="103.83216">
        <ele>439.0</ele>
        <time>2023-12-23T01:01:03Z</time>
        <extensions><gpxtpx:TrackPointExtension>
          <gpxtpx:hr>177</gpxtpx:hr>
        </gpxtpx:TrackPointExtension></extensions>
      </trkpt>
      <trkpt lat="30.394969" lon="103.832173">
        <ele>439.0</ele>
        <time>2023-12-23T01:01:04Z</time>
        <extensions><gpxtpx:TrackPointExtension>
          <gpxtpx:hr>176</gpxtpx:hr>
        </gpxtpx:TrackPointExtension></extensions>
      </trkpt>
      <trkpt lat="30.394935" lon="103.832187">
        <ele>439.0</ele>
        <time>2023-12-23T01:01:05Z</time>
        <extensions><gpxtpx:TrackPointExtension>
          <gpxtpx:hr>176</gpxtpx:hr>
        </gpxtpx:TrackPointExtension></extensions>
      </trkpt>
      <trkpt lat="30.394901" lon="103.8322">
        <ele>439.0</ele>
        <time>2023-12-23T01:01:06Z</time>
        <extensions><gpxtpx:TrackPointExtension>
          <gpxtpx:hr>176</gpxtpx:hr>
        </gpxtpx:TrackPointExtension></extensions>
      </trkpt>
      <trkpt lat="30.394867" lon="103.832214">
        <ele>439.0</ele>
        <time>2023-12-23T01:01:07Z</time>
        <extensions><gpxtpx:TrackPointExtension>
          <gpxtpx:hr>176</gpxtpx:hr>
        </gpxtpx:TrackPointExtension></extensions>
      </trkpt>
      <trkpt lat="30.394833" lon="103.832226">
        <ele>439.0</ele>
        <time>2023-12-23T01:01:08Z</time>
        <extensions><gpxtpx:TrackPointExtension>
          <gpxtpx:hr>176</gpxtpx:hr>
        </gpxtpx:TrackPointExtension></extensions>
      </trkpt>
      <trkpt lat="30.3948" lon="103.832239">
        <ele>439.0</ele>
        <time>2023-12-23T01:01:09Z</time>
        <extensions><gpxtpx:TrackPointExtension>
          <gpxtpx:hr>176</gpxtpx:hr>
        </gpxtpx:TrackPointExtension></extensions>
      </trkpt>
      <trkpt lat="30.394768" lon="103.832252">
        <ele>439.0</ele>
        <time>2023-12-23T01:01:10Z</time>
        <extensions><gpxtpx:TrackPointExtension>
          <gpxtpx:hr>177</gpxtpx:hr>
        </gpxtpx:TrackPointExtension></extensions>
      </trkpt>
      <trkpt lat="30.394736" lon="103.832265">
        <ele>439.0</ele>
        <time>2023-12-23T01:01:11Z</time>
        <extensions><gpxtpx:TrackPointExtension>
          <gpxtpx:hr>177</gpxtpx:hr>
        </gpxtpx:TrackPointExtension></extensions>
      </trkpt>
      <trkpt lat="30.394703" lon="103.832279">
        <ele>439.0</ele>
        <time>2023-12-23T01:01:12Z</time>
        <extensions><gpxtpx:TrackPointExtension>
          <gpxtpx:hr>177</gpxtpx:hr>
        </gpxtpx:TrackPointExtension></extensions>
      </trkpt>
      <trkpt lat="30.39467" lon="103.832292">
        <ele>439.0</ele>
        <time>2023-12-23T01:01:13Z</time>
        <extensions><gpxtpx:TrackPointExtension>
          <gpxtpx:hr>177</gpxtpx:hr>
        </gpxtpx:TrackPointExtension></extensions>
      </trkpt>
      <trkpt lat="30.394637" lon="103.832305">
        <ele>439.0</ele>
        <time>2023-12-23T01:01:14Z</time>
        <extensions><gpxtpx:TrackPointExtension>
          <gpxtpx:hr>177</gpxtpx:hr>
        </gpxtpx:TrackPointExtension></extensions>
      </trkpt>
      <trkpt lat="30.394604" lon="103.832318">
        <ele>439.0</ele>
        <time>2023-12-23T01:01:15Z</time>
        <extensions><gpxtpx:TrackPointExtension>
          <gpxtpx:hr>177</gpxtpx:hr>
        </gpxtpx:TrackPointExtension></extensions>
      </trkpt>
      <trkpt lat="30.394571" lon="103.832331">
        <ele>439.0</ele>
        <time>2023-12-23T01:01:16Z</time>
        <extensions><gpxtpx:TrackPointExtension>
          <gpxtpx:hr>176</gpxtpx:hr>
        </gpxtpx:TrackPointExtension></extensions>
      </trkpt>
      <trkpt lat="30.394538" lon="103.832344">
        <ele>439.0</ele>
        <time>2023-12-23T01:01:17Z</time>
        <extensions><gpxtpx:TrackPointExtension>
          <gpxtpx:hr>176</gpxtpx:hr>
        </gpxtpx:TrackPointExtension></extensions>
      </trkpt>
      <trkpt lat="30.394505" lon="103.832357">
        <ele>439.0</ele>
        <time>2023-12-23T01:01:18Z</time>
        <extensions><gpxtpx:TrackPointExtension>
          <gpxtpx:hr>176</gpxtpx:hr>
        </gpxtpx:TrackPointExtension></extensions>
      </trkpt>
      <trkpt lat="30.394472" lon="103.832371">
        <ele>439.0</ele>
        <time>2023-12-23T01:01:19Z</time>
        <extensions><gpxtpx:TrackPointExtension>
          <gpxtpx:hr>176</gpxtpx:hr>
        </gpxtpx:TrackPointExtension></extensions>
      </trkpt>
      <trkpt lat="30.394441" lon="103.832385">
        <ele>439.0</ele>
        <time>2023-12-23T01:01:20Z</time>
        <extensions><gpxtpx:TrackPointExtension>
          <gpxtpx:hr>176</gpxtpx:hr>
        </gpxtpx:TrackPointExtension></extensions>
      </trkpt>
      <trkpt lat="30.394409" lon="103.832399">
        <ele>439.0</ele>
        <time>2023-12-23T01:01:21Z</time>
        <extensions><gpxtpx:TrackPointExtension>
          <gpxtpx:hr>176</gpxtpx:hr>
        </gpxtpx:TrackPointExtension></extensions>
      </trkpt>
      <trkpt lat="30.394378" lon="103.832411">
        <ele>439.0</ele>
        <time>2023-12-23T01:01:22Z</time>
        <extensions><gpxtpx:TrackPointExtension>
          <gpxtpx:hr>176</gpxtpx:hr>
        </gpxtpx:TrackPointExtension></extensions>
      </trkpt>
      <trkpt lat="30.394347" lon="103.832423">
        <ele>439.0</ele>
        <time>2023-12-23T01:01:23Z</time>
        <extensions><gpxtpx:TrackPointExtension>
          <gpxtpx:hr>176</gpxtpx:hr>
        </gpxtpx:TrackPointExtension></extensions>
      </trkpt>
      <trkpt lat="30.394316" lon="103.832434">
        <ele>439.0</ele>
        <time>2023-12-23T01:01:24Z</time>
        <extensions><gpxtpx:TrackPointExtension>
          <gpxtpx:hr>176</gpxtpx:hr>
        </gpxtpx:TrackPointExtension></extensions>
      </trkpt>
      <trkpt lat="30.394286" lon="103.832446">
        <ele>439.0</ele>
        <time>2023-12-23T01:01:25Z</time>
        <extensions><gpxtpx:TrackPointExtension>
          <gpxtpx:hr>176</gpxtpx:hr>
        </gpxtpx:TrackPointExtension></extensions>
      </trkpt>
      <trkpt lat="30.394254" lon="103.832457">
        <ele>439.0</ele>
        <time>2023-12-23T01:01:26Z</time>
        <extensions><gpxtpx:TrackPointExtension>
          <gpxtpx:hr>176</gpxtpx:hr>
        </gpxtpx:TrackPointExtension></extensions>
      </trkpt>
      <trkpt lat="30.394223" lon="103.832469">
        <ele>439.0</ele>
        <time>2023-12-23T01:01:27Z</time>
        <extensions><gpxtpx:TrackPointExtension>
          <gpxtpx:hr>176</gpxtpx:hr>
        </gpxtpx:TrackPointExtension></extensions>
      </trkpt>
      <trkpt lat="30.394191" lon="103.832481">
        <ele>439.0</ele>
        <time>2023-12-23T01:01:28Z</time>
        <extensions><gpxtpx:TrackPointExtension>
          <gpxtpx:hr>176</gpxtpx:hr>
        </gpxtpx:TrackPointExtension></extensions>
      </trkpt>
      <trkpt lat="30.394159" lon="103.832492">
        <ele>439.0</ele>
        <time>2023-12-23T01:01:29Z</time>
        <extensions><gpxtpx:TrackPointExtension>
          <gpxtpx:hr>176</gpxtpx:hr>
        </gpxtpx:TrackPointExtension></extensions>
      </trkpt>
      <trkpt lat="30.394126" lon="103.832504">
        <ele>439.0</ele>
        <time>2023-12-23T01:01:30Z</time>
        <extensions><gpxtpx:TrackPointExtension>
          <gpxtpx:hr>176</gpxtpx:hr>
        </gpxtpx:TrackPointExtension></extensions>
      </trkpt>
      <trkpt lat="30.394093" lon="103.832516">
        <ele>439.0</ele>
        <time>2023-12-23T01:01:31Z</time>
        <extensions><gpxtpx:TrackPointExtension>
          <gpxtpx:hr>176</gpxtpx:hr>
        </gpxtpx:TrackPointExtension></extensions>
      </trkpt>
      <trkpt lat="30.39406" lon="103.832528">
        <ele>439.0</ele>
        <time>2023-12-23T01:01:32Z</time>
        <extensions><gpxtpx:TrackPointExtension>
          <gpxtpx:hr>177</gpxtpx:hr>
        </gpxtpx:TrackPointExtension></extensions>
      </trkpt>
      <trkpt lat="30.394027" lon="103.832541">
        <ele>439.0</ele>
        <time>2023-12-23T01:01:33Z</time>
        <extensions><gpxtpx:TrackPointExtension>
          <gpxtpx:hr>177</gpxtpx:hr>
        </gpxtpx:TrackPointExtension></extensions>
      </trkpt>
      <trkpt lat="30.393995" lon="103.832553">
        <ele>439.0</ele>
        <time>2023-12-23T01:01:34Z</time>
        <extensions><gpxtpx:TrackPointExtension>
          <gpxtpx:hr>176</gpxtpx:hr>
        </gpxtpx:TrackPointExtension></extensions>
      </trkpt>
      <trkpt lat="30.393964" lon="103.832566">
        <ele>439.0</ele>
        <time>2023-12-23T01:01:35Z</time>
        <extensions><gpxtpx:TrackPointExtension>
          <gpxtpx:hr>177</gpxtpx:hr>
        </gpxtpx:TrackPointExtension></extensions>
      </trkpt>
      <trkpt lat="30.393932" lon="103.832579">
        <ele>439.0</ele>
        <time>2023-12-23T01:01:36Z</time>
        <extensions><gpxtpx:TrackPointExtension>
          <gpxtpx:hr>177</gpxtpx:hr>
        </gpxtpx:TrackPointExtension></extensions>
      </trkpt>
      <trkpt lat="30.393901" lon="103.832591">
        <ele>439.0</ele>
        <time>2023-12-23T01:01:37Z</time>
        <extensions><gpxtpx:TrackPointExtension>
          <gpxtpx:hr>178</gpxtpx:hr>
        </gpxtpx:TrackPointExtension></extensions>
      </trkpt>
      <trkpt lat="30.393868" lon="103.832603">
        <ele>439.0</ele>
        <time>2023-12-23T01:01:38Z</time>
        <extensions><gpxtpx:TrackPointExtension>
          <gpxtpx:hr>177</gpxtpx:hr>
        </gpxtpx:TrackPointExtension></extensions>
      </trkpt>
      <trkpt lat="30.393836" lon="103.832615">
        <ele>439.0</ele>
        <time>2023-12-23T01:01:39Z</time>
        <extensions><gpxtpx:TrackPointExtension>
          <gpxtpx:hr>177</gpxtpx:hr>
        </gpxtpx:TrackPointExtension></extensions>
      </trkpt>
      <trkpt lat="30.393803" lon="103.832625">
        <ele>439.0</ele>
        <time>2023-12-23T01:01:40Z</time>
        <extensions><gpxtpx:TrackPointExtension>
          <gpxtpx:hr>177</gpxtpx:hr>
        </gpxtpx:TrackPointExtension></extensions>
      </trkpt>
      <trkpt lat="30.39377" lon="103.832636">
        <ele>439.0</ele>
        <time>2023-12-23T01:01:41Z</time>
        <extensions><gpxtpx:TrackPointExtension>
          <gpxtpx:hr>176</gpxtpx:hr>
        </gpxtpx:TrackPointExtension></extensions>
      </trkpt>
      <trkpt lat="30.393738" lon="103.832647">
        <ele>439.0</ele>
        <time>2023-12-23T01:01:42Z</time>
        <extensions><gpxtpx:TrackPointExtension>
          <gpxtpx:hr>176</gpxtpx:hr>
        </gpxtpx:TrackPointExtension></extensions>
      </trkpt>
      <trkpt lat="30.393705" lon="103.832658">
        <ele>439.0</ele>
        <time>2023-12-23T01:01:43Z</time>
        <extensions><gpxtpx:TrackPointExtension>
          <gpxtpx:hr>176</gpxtpx:hr>
        </gpxtpx:TrackPointExtension></extensions>
      </trkpt>
      <trkpt lat="30.393672" lon="103.83267">
        <ele>439.0</ele>
        <time>2023-12-23T01:01:44Z</time>
        <extensions><gpxtpx:TrackPointExtension>
          <gpxtpx:hr>176</gpxtpx:hr>
        </gpxtpx:TrackPointExtension></extensions>
      </trkpt>
      <trkpt lat="30.393638" lon="103.832682">
        <ele>439.0</ele>
        <time>2023-12-23T01:01:45Z</time>
        <extensions><gpxtpx:TrackPointExtension>
          <gpxtpx:hr>176</gpxtpx:hr>
        </gpxtpx:TrackPointExtension></extensions>
      </trkpt>
      <trkpt lat="30.393605" lon="103.832695">
        <ele>439.0</ele>
        <time>2023-12-23T01:01:46Z</time>
        <extensions><gpxtpx:TrackPointExtension>
          <gpxtpx:hr>176</gpxtpx:hr>
        </gpxtpx:TrackPointExtension></extensions>
      </trkpt>
      <trkpt lat="30.393573" lon="103.832708">
        <ele>439.0</ele>
        <time>2023-12-23T01:01:47Z</time>
        <extensions><gpxtpx:TrackPointExtension>
          <gpxtpx:hr>176</gpxtpx:hr>
        </gpxtpx:TrackPointExtension></extensions>
      </trkpt>
      <trkpt lat="30.39354" lon="103.832723">
        <ele>439.0</ele>
        <time>2023-12-23T01:01:48Z</time>
        <extensions><gpxtpx:TrackPointExtension>
          <gpxtpx:hr>176</gpxtpx:hr>
        </gpxtpx:TrackPointExtension></extensions>
      </trkpt>
      <trkpt lat="30.393509" lon="103.832737">
        <ele>439.0</ele>
        <time>2023-12-23T01:01:49Z</time>
        <extensions><gpxtpx:TrackPointExtension>
          <gpxtpx:hr>176</gpxtpx:hr>
        </gpxtpx:TrackPointExtension></extensions>
      </trkpt>
      <trkpt lat="30.393478" lon="103.832751">
        <ele>439.0</ele>
        <time>2023-12-23T01:01:50Z</time>
        <extensions><gpxtpx:TrackPointExtension>
          <gpxtpx:hr>176</gpxtpx:hr>
        </gpxtpx:TrackPointExtension></extensions>
      </trkpt>
      <trkpt lat="30.393447" lon="103.832765">
        <ele>439.0</ele>
        <time>2023-12-23T01:01:51Z</time>
        <extensions><gpxtpx:TrackPointExtension>
          <gpxtpx:hr>176</gpxtpx:hr>
        </gpxtpx:TrackPointExtension></extensions>
      </trkpt>
      <trkpt lat="30.393416" lon="103.832777">
        <ele>439.0</ele>
        <time>2023-12-23T01:01:52Z</time>
        <extensions><gpxtpx:TrackPointExtension>
          <gpxtpx:hr>176</gpxtpx:hr>
        </gpxtpx:TrackPointExtension></extensions>
      </trkpt>
      <trkpt lat="30.393385" lon="103.83279">
        <ele>439.0</ele>
        <time>2023-12-23T01:01:53Z</time>
        <extensions><gpxtpx:TrackPointExtension>
          <gpxtpx:hr>176</gpxtpx:hr>
        </gpxtpx:TrackPointExtension></extensions>
      </trkpt>
      <trkpt lat="30.393355" lon="103.832802">
        <ele>439.0</ele>
        <time>2023-12-23T01:01:54Z</time>
        <extensions><gpxtpx:TrackPointExtension>
          <gpxtpx:hr>176</gpxtpx:hr>
        </gpxtpx:TrackPointExtension></extensions>
      </trkpt>
      <trkpt lat="30.393324" lon="103.832814">
        <ele>439.0</ele>
        <time>2023-12-23T01:01:55Z</time>
        <extensions><gpxtpx:TrackPointExtension>
          <gpxtpx:hr>176</gpxtpx:hr>
        </gpxtpx:TrackPointExtension></extensions>
      </trkpt>
      <trkpt lat="30.393292" lon="103.832827">
        <ele>439.0</ele>
        <time>2023-12-23T01:01:56Z</time>
        <extensions><gpxtpx:TrackPointExtension>
          <gpxtpx:hr>176</gpxtpx:hr>
        </gpxtpx:TrackPointExtension></extensions>
      </trkpt>
      <trkpt lat="30.393261" lon="103.832839">
        <ele>439.0</ele>
        <time>2023-12-23T01:01:57Z</time>
        <extensions><gpxtpx:TrackPointExtension>
          <gpxtpx:hr>176</gpxtpx:hr>
        </gpxtpx:TrackPointExtension></extensions>
      </trkpt>
      <trkpt lat="30.393228" lon="103.832853">
        <ele>439.0</ele>
        <time>2023-12-23T01:01:58Z</time>
        <extensions><gpxtpx:TrackPointExtension>
          <gpxtpx:hr>176</gpxtpx:hr>
        </gpxtpx:TrackPointExtension></extensions>
      </trkpt>
      <trkpt lat="30.393196" lon="103.832866">
        <ele>439.0</ele>
        <time>2023-12-23T01:01:59Z</time>
        <extensions><gpxtpx:TrackPointExtension>
          <gpxtpx:hr>176</gpxtpx:hr>
        </gpxtpx:TrackPointExtension></extensions>
      </trkpt>
      <trkpt lat="30.393163" lon="103.83288">
        <ele>439.0</ele>
        <time>2023-12-23T01:02:00Z</time>
        <extensions><gpxtpx:TrackPointExtension>
          <gpxtpx:hr>176</gpxtpx:hr>
        </gpxtpx:TrackPointExtension></extensions>
      </trkpt>
      <trkpt lat="30.39313" lon="103.832894">
        <ele>439.0</ele>
        <time>2023-12-23T01:02:01Z</time>
        <extensions><gpxtpx:TrackPointExtension>
          <gpxtpx:hr>177</gpxtpx:hr>
        </gpxtpx:TrackPointExtension></extensions>
      </trkpt>
      <trkpt lat="30.393098" lon="103.832907">
        <ele>439.0</ele>
        <time>2023-12-23T01:02:02Z</time>
        <extensions><gpxtpx:TrackPointExtension>
          <gpxtpx:hr>178</gpxtpx:hr>
        </gpxtpx:TrackPointExtension></extensions>
      </trkpt>
      <trkpt lat="30.393066" lon="103.832921">
        <ele>439.0</ele>
        <time>2023-12-23T01:02:03Z</time>
        <extensions><gpxtpx:TrackPointExtension>
          <gpxtpx:hr>178</gpxtpx:hr>
        </gpxtpx:TrackPointExtension></extensions>
      </trkpt>
      <trkpt lat="30.393034" lon="103.832933">
        <ele>439.0</ele>
        <time>2023-12-23T01:02:04Z</time>
        <extensions><gpxtpx:TrackPointExtension>
          <gpxtpx:hr>177</gpxtpx:hr>
        </gpxtpx:TrackPointExtension></extensions>
      </trkpt>
      <trkpt lat="30.393002" lon="103.832946">
        <ele>439.0</ele>
        <time>2023-12-23T01:02:05Z</time>
        <extensions><gpxtpx:TrackPointExtension>
          <gpxtpx:hr>178</gpxtpx:hr>
        </gpxtpx:TrackPointExtension></extensions>
      </trkpt>
      <trkpt lat="30.392969" lon="103.832959">
        <ele>439.0</ele>
        <time>2023-12-23T01:02:06Z</time>
        <extensions><gpxtpx:TrackPointExtension>
          <gpxtpx:hr>178</gpxtpx:hr>
        </gpxtpx:TrackPointExtension></extensions>
      </trkpt>
      <trkpt lat="30.392936" lon="103.832972">
        <ele>439.0</ele>
        <time>2023-12-23T01:02:07Z</time>
        <extensions><gpxtpx:TrackPointExtension>
          <gpxtpx:hr>178</gpxtpx:hr>
        </gpxtpx:TrackPointExtension></extensions>
      </trkpt>
      <trkpt lat="30.392903" lon="103.832985">
        <ele>439.0</ele>
        <time>2023-12-23T01:02:08Z</time>
        <extensions><gpxtpx:TrackPointExtension>
          <gpxtpx:hr>178</gpxtpx:hr>
        </gpxtpx:TrackPointExtension></extensions>
      </trkpt>
      <trkpt lat="30.392871" lon="103.832998">
        <ele>439.0</ele>
        <time>2023-12-23T01:02:09Z</time>
        <extensions><gpxtpx:TrackPointExtension>
          <gpxtpx:hr>178</gpxtpx:hr>
        </gpxtpx:TrackPointExtension></extensions>
      </trkpt>
      <trkpt lat="30.392839" lon="103.833011">
        <ele>439.0</ele>
        <time>2023-12-23T01:02:10Z</time>
        <extensions><gpxtpx:TrackPointExtension>
          <gpxtpx:hr>177</gpxtpx:hr>
        </gpxtpx:TrackPointExtension></extensions>
      </trkpt>
      <trkpt lat="30.392807" lon="103.833025">
        <ele>439.0</ele>
        <time>2023-12-23T01:02:11Z</time>
        <extensions><gpxtpx:TrackPointExtension>
          <gpxtpx:hr>177</gpxtpx:hr>
        </gpxtpx:TrackPointExtension></extensions>
      </trkpt>
      <trkpt lat="30.392776" lon="103.833037">
        <ele>439.0</ele>
        <time>2023-12-23T01:02:12Z</time>
        <extensions><gpxtpx:TrackPointExtension>
          <gpxtpx:hr>176</gpxtpx:hr>
        </gpxtpx:TrackPointExtension></extensions>
      </trkpt>
      <trkpt lat="30.392745" lon="103.83305">
        <ele>439.0</ele>
        <time>2023-12-23T01:02:13Z</time>
        <extensions><gpxtpx:TrackPointExtension>
          <gpxtpx:hr>176</gpxtpx:hr>
        </gpxtpx:TrackPointExtension></extensions>
      </trkpt>
      <trkpt lat="30.392714" lon="103.833061">
        <ele>439.0</ele>
        <time>2023-12-23T01:02:14Z</time>
        <extensions><gpxtpx:TrackPointExtension>
          <gpxtpx:hr>176</gpxtpx:hr>
        </gpxtpx:TrackPointExtension></extensions>
      </trkpt>
      <trkpt lat="30.392684" lon="103.833073">
        <ele>439.0</ele>
        <time>2023-12-23T01:02:15Z</time>
        <extensions><gpxtpx:TrackPointExtension>
          <gpxtpx:hr>176</gpxtpx:hr>
        </gpxtpx:TrackPointExtension></extensions>
      </trkpt>
      <trkpt lat="30.392653" lon="103.833085">
        <ele>439.0</ele>
        <time>2023-12-23T01:02:16Z</time>
        <extensions><gpxtpx:TrackPointExtension>
          <gpxtpx:hr>176</gpxtpx:hr>
        </gpxtpx:TrackPointExtension></extensions>
      </trkpt>
      <trkpt lat="30.392622" lon="103.833097">
        <ele>439.0</ele>
        <time>2023-12-23T01:02:17Z</time>
        <extensions><gpxtpx:TrackPointExtension>
          <gpxtpx:hr>176</gpxtpx:hr>
        </gpxtpx:TrackPointExtension></extensions>
      </trkpt>
      <trkpt lat="30.39259" lon="103.83311">
        <ele>439.0</ele>
        <time>2023-12-23T01:02:18Z</time>
        <extensions><gpxtpx:TrackPointExtension>
          <gpxtpx:hr>176</gpxtpx:hr>
        </gpxtpx:TrackPointExtension></extensions>
      </trkpt>
      <trkpt lat="30.392559" lon="103.833123">
        <ele>439.0</ele>
        <time>2023-12-23T01:02:19Z</time>
        <extensions><gpxtpx:TrackPointExtension>
          <gpxtpx:hr>176</gpxtpx:hr>
        </gpxtpx:TrackPointExtension></extensions>
      </trkpt>
      <trkpt lat="30.392528" lon="103.833137">
        <ele>439.0</ele>
        <time>2023-12-23T01:02:20Z</time>
        <extensions><gpxtpx:TrackPointExtension>
          <gpxtpx:hr>177</gpxtpx:hr>
        </gpxtpx:TrackPointExtension></extensions>
      </trkpt>
      <trkpt lat="30.392497" lon="103.833151">
        <ele>439.0</ele>
        <time>2023-12-23T01:02:21Z</time>
        <extensions><gpxtpx:TrackPointExtension>
          <gpxtpx:hr>177</gpxtpx:hr>
        </gpxtpx:TrackPointExtension></extensions>
      </trkpt>
      <trkpt lat="30.392465" lon="103.833164">
        <ele>439.0</ele>
        <time>2023-12-23T01:02:22Z</time>
        <extensions><gpxtpx:TrackPointExtension>
          <gpxtpx:hr>177</gpxtpx:hr>
        </gpxtpx:TrackPointExtension></extensions>
      </trkpt>
      <trkpt lat="30.392434" lon="103.833176">
        <ele>439.0</ele>
        <time>2023-12-23T01:02:23Z</time>
        <extensions><gpxtpx:TrackPointExtension>
          <gpxtpx:hr>178</gpxtpx:hr>
        </gpxtpx:TrackPointExtension></extensions>
      </trkpt>
      <trkpt lat="30.392403" lon="103.833188">
        <ele>439.0</ele>
        <time>2023-12-23T01:02:24Z</time>
        <extensions><gpxtpx:TrackPointExtension>
          <gpxtpx:hr>178</gpxtpx:hr>
        </gpxtpx:TrackPointExtension></extensions>
      </trkpt>
      <trkpt lat="30.392372" lon="103.8332">
        <ele>439.0</ele>
        <time>2023-12-23T01:02:25Z</time>
        <extensions><gpxtpx:TrackPointExtension>
          <gpxtpx:hr>179</gpxtpx:hr>
        </gpxtpx:TrackPointExtension></extensions>
      </trkpt>
      <trkpt lat="30.392341" lon="103.833212">
        <ele>439.0</ele>
        <time>2023-12-23T01:02:26Z</time>
        <extensions><gpxtpx:TrackPointExtension>
          <gpxtpx:hr>179</gpxtpx:hr>
        </gpxtpx:TrackPointExtension></extensions>
      </trkpt>
      <trkpt lat="30.39231" lon="103.833223">
        <ele>439.0</ele>
        <time>2023-12-23T01:02:27Z</time>
        <extensions><gpxtpx:TrackPointExtension>
          <gpxtpx:hr>179</gpxtpx:hr>
        </gpxtpx:TrackPointExtension></extensions>
      </trkpt>
      <trkpt lat="30.392279" lon="103.833234">
        <ele>439.0</ele>
        <time>2023-12-23T01:02:28Z</time>
        <extensions><gpxtpx:TrackPointExtension>
          <gpxtpx:hr>179</gpxtpx:hr>
        </gpxtpx:TrackPointExtension></extensions>
      </trkpt>
      <trkpt lat="30.392249" lon="103.833245">
        <ele>439.0</ele>
        <time>2023-12-23T01:02:29Z</time>
        <extensions><gpxtpx:TrackPointExtension>
          <gpxtpx:hr>179</gpxtpx:hr>
        </gpxtpx:TrackPointExtension></extensions>
      </trkpt>
      <trkpt lat="30.392218" lon="103.833256">
        <ele>439.0</ele>
        <time>2023-12-23T01:02:30Z</time>
        <extensions><gpxtpx:TrackPointExtension>
          <gpxtpx:hr>179</gpxtpx:hr>
        </gpxtpx:TrackPointExtension></extensions>
      </trkpt>
      <trkpt lat="30.392187" lon="103.833266">
        <ele>439.0</ele>
        <time>2023-12-23T01:02:31Z</time>
        <extensions><gpxtpx:TrackPointExtension>
          <gpxtpx:hr>179</gpxtpx:hr>
        </gpxtpx:TrackPointExtension></extensions>
      </trkpt>
      <trkpt lat="30.392155" lon="103.833277">
        <ele>439.0</ele>
        <time>2023-12-23T01:02:32Z</time>
        <extensions><gpxtpx:TrackPointExtension>
          <gpxtpx:hr>179</gpxtpx:hr>
        </gpxtpx:TrackPointExtension></extensions>
      </trkpt>
      <trkpt lat="30.392124" lon="103.833288">
        <ele>439.0</ele>
        <time>2023-12-23T01:02:33Z</time>
        <extensions><gpxtpx:TrackPointExtension>
          <gpxtpx:hr>179</gpxtpx:hr>
        </gpxtpx:TrackPointExtension></extensions>
      </trkpt>
      <trkpt lat="30.392092" lon="103.833298">
        <ele>439.0</ele>
        <time>2023-12-23T01:02:34Z</time>
        <extensions><gpxtpx:TrackPointExtension>
          <gpxtpx:hr>179</gpxtpx:hr>
        </gpxtpx:TrackPointExtension></extensions>
      </trkpt>
      <trkpt lat="30.39206" lon="103.833309">
        <ele>439.0</ele>
        <time>2023-12-23T01:02:35Z</time>
        <extensions><gpxtpx:TrackPointExtension>
          <gpxtpx:hr>179</gpxtpx:hr>
        </gpxtpx:TrackPointExtension></extensions>
      </trkpt>
      <trkpt lat="30.392029" lon="103.83332">
        <ele>439.0</ele>
        <time>2023-12-23T01:02:36Z</time>
        <extensions><gpxtpx:TrackPointExtension>
          <gpxtpx:hr>179</gpxtpx:hr>
        </gpxtpx:TrackPointExtension></extensions>
      </trkpt>
      <trkpt lat="30.391998" lon="103.833331">
        <ele>439.0</ele>
        <time>2023-12-23T01:02:37Z</time>
        <extensions><gpxtpx:TrackPointExtension>
          <gpxtpx:hr>179</gpxtpx:hr>
        </gpxtpx:TrackPointExtension></extensions>
      </trkpt>
      <trkpt lat="30.391966" lon="103.833343">
        <ele>439.0</ele>
        <time>2023-12-23T01:02:38Z</time>
        <extensions><gpxtpx:TrackPointExtension>
          <gpxtpx:hr>179</gpxtpx:hr>
        </gpxtpx:TrackPointExtension></extensions>
      </trkpt>
      <trkpt lat="30.391935" lon="103.833355">
        <ele>439.0</ele>
        <time>2023-12-23T01:02:39Z</time>
        <extensions><gpxtpx:TrackPointExtension>
          <gpxtpx:hr>179</gpxtpx:hr>
        </gpxtpx:TrackPointExtension></extensions>
      </trkpt>
      <trkpt lat="30.391904" lon="103.833368">
        <ele>439.0</ele>
        <time>2023-12-23T01:02:40Z</time>
        <extensions><gpxtpx:TrackPointExtension>
          <gpxtpx:hr>179</gpxtpx:hr>
        </gpxtpx:TrackPointExtension></extensions>
      </trkpt>
      <trkpt lat="30.391873" lon="103.833381">
        <ele>439.0</ele>
        <time>2023-12-23T01:02:41Z</time>
        <extensions><gpxtpx:TrackPointExtension>
          <gpxtpx:hr>179</gpxtpx:hr>
        </gpxtpx:TrackPointExtension></extensions>
      </trkpt>
      <trkpt lat="30.391842" lon="103.833394">
        <ele>439.0</ele>
        <time>2023-12-23T01:02:42Z</time>
        <extensions><gpxtpx:TrackPointExtension>
          <gpxtpx:hr>179</gpxtpx:hr>
        </gpxtpx:TrackPointExtension></extensions>
      </trkpt>
      <trkpt lat="30.391812" lon="103.833406">
        <ele>439.0</ele>
        <time>2023-12-23T01:02:43Z</time>
        <extensions><gpxtpx:TrackPointExtension>
          <gpxtpx:hr>179</gpxtpx:hr>
        </gpxtpx:TrackPointExtension></extensions>
      </trkpt>
      <trkpt lat="30.391782" lon="103.833417">
        <ele>439.0</ele>
        <time>2023-12-23T01:02:44Z</time>
        <extensions><gpxtpx:TrackPointExtension>
          <gpxtpx:hr>176</gpxtpx:hr>
        </gpxtpx:TrackPointExtension></extensions>
      </trkpt>
      <trkpt lat="30.391751" lon="103.833428">
        <ele>439.0</ele>
        <time>2023-12-23T01:02:45Z</time>
        <extensions><gpxtpx:TrackPointExtension>
          <gpxtpx:hr>176</gpxtpx:hr>
        </gpxtpx:TrackPointExtension></extensions>
      </trkpt>
      <trkpt lat="30.391722" lon="103.833439">
        <ele>439.0</ele>
        <time>2023-12-23T01:02:46Z</time>
        <extensions><gpxtpx:TrackPointExtension>
          <gpxtpx:hr>177</gpxtpx:hr>
        </gpxtpx:TrackPointExtension></extensions>
      </trkpt>
      <trkpt lat="30.391692" lon="103.833449">
        <ele>438.0</ele>
        <time>2023-12-23T01:02:47Z</time>
        <extensions><gpxtpx:TrackPointExtension>
          <gpxtpx:hr>176</gpxtpx:hr>
        </gpxtpx:TrackPointExtension></extensions>
      </trkpt>
      <trkpt lat="30.391663" lon="103.833458">
        <ele>438.0</ele>
        <time>2023-12-23T01:02:48Z</time>
        <extensions><gpxtpx:TrackPointExtension>
          <gpxtpx:hr>176</gpxtpx:hr>
        </gpxtpx:TrackPointExtension></extensions>
      </trkpt>
      <trkpt lat="30.391634" lon="103.833468">
        <ele>438.0</ele>
        <time>2023-12-23T01:02:49Z</time>
        <extensions><gpxtpx:TrackPointExtension>
          <gpxtpx:hr>176</gpxtpx:hr>
        </gpxtpx:TrackPointExtension></extensions>
      </trkpt>
      <trkpt lat="30.391604" lon="103.833478">
        <ele>438.0</ele>
        <time>2023-12-23T01:02:50Z</time>
        <extensions><gpxtpx:TrackPointExtension>
          <gpxtpx:hr>176</gpxtpx:hr>
        </gpxtpx:TrackPointExtension></extensions>
      </trkpt>
      <trkpt lat="30.391575" lon="103.833487">
        <ele>438.0</ele>
        <time>2023-12-23T01:02:51Z</time>
        <extensions><gpxtpx:TrackPointExtension>
          <gpxtpx:hr>176</gpxtpx:hr>
        </gpxtpx:TrackPointExtension></extensions>
      </trkpt>
      <trkpt lat="30.391546" lon="103.833498">
        <ele>438.0</ele>
        <time>2023-12-23T01:02:52Z</time>
        <extensions><gpxtpx:TrackPointExtension>
          <gpxtpx:hr>176</gpxtpx:hr>
        </gpxtpx:TrackPointExtension></extensions>
      </trkpt>
      <trkpt lat="30.391516" lon="103.833509">
        <ele>438.0</ele>
        <time>2023-12-23T01:02:53Z</time>
        <extensions><gpxtpx:TrackPointExtension>
          <gpxtpx:hr>176</gpxtpx:hr>
        </gpxtpx:TrackPointExtension></extensions>
      </trkpt>
      <trkpt lat="30.391487" lon="103.833521">
        <ele>438.0</ele>
        <time>2023-12-23T01:02:54Z</time>
        <extensions><gpxtpx:TrackPointExtension>
          <gpxtpx:hr>176</gpxtpx:hr>
        </gpxtpx:TrackPointExtension></extensions>
      </trkpt>
      <trkpt lat="30.391457" lon="103.833533">
        <ele>438.0</ele>
        <time>2023-12-23T01:02:55Z</time>
        <extensions><gpxtpx:TrackPointExtension>
          <gpxtpx:hr>176</gpxtpx:hr>
        </gpxtpx:TrackPointExtension></extensions>
      </trkpt>
      <trkpt lat="30.391427" lon="103.833547">
        <ele>438.0</ele>
        <time>2023-12-23T01:02:56Z</time>
        <extensions><gpxtpx:TrackPointExtension>
          <gpxtpx:hr>176</gpxtpx:hr>
        </gpxtpx:TrackPointExtension></extensions>
      </trkpt>
      <trkpt lat="30.391397" lon="103.833561">
        <ele>438.0</ele>
        <time>2023-12-23T01:02:57Z</time>
        <extensions><gpxtpx:TrackPointExtension>
          <gpxtpx:hr>176</gpxtpx:hr>
        </gpxtpx:TrackPointExtension></extensions>
      </trkpt>
      <trkpt lat="30.391366" lon="103.833575">
        <ele>438.0</ele>
        <time>2023-12-23T01:02:58Z</time>
        <extensions><gpxtpx:TrackPointExtension>
          <gpxtpx:hr>176</gpxtpx:hr>
        </gpxtpx:TrackPointExtension></extensions>
      </trkpt>
      <trkpt lat="30.391336" lon="103.833589">
        <ele>438.0</ele>
        <time>2023-12-23T01:02:59Z</time>
        <extensions><gpxtpx:TrackPointExtension>
          <gpxtpx:hr>176</gpxtpx:hr>
        </gpxtpx:TrackPointExtension></extensions>
      </trkpt>
      <trkpt lat="30.391305" lon="103.833603">
        <ele>438.0</ele>
        <time>2023-12-23T01:03:00Z</time>
        <extensions><gpxtpx:TrackPointExtension>
          <gpxtpx:hr>176</gpxtpx:hr>
        </gpxtpx:TrackPointExtension></extensions>
      </trkpt>
      <trkpt lat="30.391274" lon="103.833618">
        <ele>439.0</ele>
        <time>2023-12-23T01:03:01Z</time>
        <extensions><gpxtpx:TrackPointExtension>
          <gpxtpx:hr>176</gpxtpx:hr>
        </gpxtpx:TrackPointExtension></extensions>
      </trkpt>
      <trkpt lat="30.391244" lon="103.833632">
        <ele>439.0</ele>
        <time>2023-12-23T01:03:02Z</time>
        <extensions><gpxtpx:TrackPointExtension>
          <gpxtpx:hr>176</gpxtpx:hr>
        </gpxtpx:TrackPointExtension></extensions>
      </trkpt>
      <trkpt lat="30.391213" lon="103.833646">
        <ele>439.0</ele>
        <time>2023-12-23T01:03:03Z</time>
        <extensions><gpxtpx:TrackPointExtension>
          <gpxtpx:hr>176</gpxtpx:hr>
        </gpxtpx:TrackPointExtension></extensions>
      </trkpt>
      <trkpt lat="30.391182" lon="103.833658">
        <ele>439.0</ele>
        <time>2023-12-23T01:03:04Z</time>
        <extensions><gpxtpx:TrackPointExtension>
          <gpxtpx:hr>176</gpxtpx:hr>
        </gpxtpx:TrackPointExtension></extensions>
      </trkpt>
      <trkpt lat="30.391151" lon="103.83367">
        <ele>439.0</ele>
        <time>2023-12-23T01:03:05Z</time>
        <extensions><gpxtpx:TrackPointExtension>
          <gpxtpx:hr>176</gpxtpx:hr>
        </gpxtpx:TrackPointExtension></extensions>
      </trkpt>
      <trkpt lat="30.39112" lon="103.833681">
        <ele>439.0</ele>
        <time>2023-12-23T01:03:06Z</time>
        <extensions><gpxtpx:TrackPointExtension>
          <gpxtpx:hr>176</gpxtpx:hr>
        </gpxtpx:TrackPointExtension></extensions>
      </trkpt>
      <trkpt lat="30.39109" lon="103.833692">
        <ele>439.0</ele>
        <time>2023-12-23T01:03:07Z</time>
        <extensions><gpxtpx:TrackPointExtension>
          <gpxtpx:hr>176</gpxtpx:hr>
        </gpxtpx:TrackPointExtension></extensions>
      </trkpt>
      <trkpt lat="30.391059" lon="103.833702">
        <ele>439.0</ele>
        <time>2023-12-23T01:03:08Z</time>
        <extensions><gpxtpx:TrackPointExtension>
          <gpxtpx:hr>176</gpxtpx:hr>
        </gpxtpx:TrackPointExtension></extensions>
      </trkpt>
      <trkpt lat="30.391028" lon="103.833713">
        <ele>439.0</ele>
        <time>2023-12-23T01:03:09Z</time>
        <extensions><gpxtpx:TrackPointExtension>
          <gpxtpx:hr>176</gpxtpx:hr>
        </gpxtpx:TrackPointExtension></extensions>
      </trkpt>
      <trkpt lat="30.390997" lon="103.833723">
        <ele>439.0</ele>
        <time>2023-12-23T01:03:10Z</time>
        <extensions><gpxtpx:TrackPointExtension>
          <gpxtpx:hr>176</gpxtpx:hr>
        </gpxtpx:TrackPointExtension></extensions>
      </trkpt>
      <trkpt lat="30.390967" lon="103.833734">
        <ele>439.0</ele>
        <time>2023-12-23T01:03:11Z</time>
        <extensions><gpxtpx:TrackPointExtension>
          <gpxtpx:hr>176</gpxtpx:hr>
        </gpxtpx:TrackPointExtension></extensions>
      </trkpt>
      <trkpt lat="30.390935" lon="103.833745">
        <ele>439.0</ele>
        <time>2023-12-23T01:03:12Z</time>
        <extensions><gpxtpx:TrackPointExtension>
          <gpxtpx:hr>176</gpxtpx:hr>
        </gpxtpx:TrackPointExtension></extensions>
      </trkpt>
      <trkpt lat="30.390904" lon="103.833757">
        <ele>439.0</ele>
        <time>2023-12-23T01:03:13Z</time>
        <extensions><gpxtpx:TrackPointExtension>
          <gpxtpx:hr>176</gpxtpx:hr>
        </gpxtpx:TrackPointExtension></extensions>
      </trkpt>
      <trkpt lat="30.390873" lon="103.833769">
        <ele>439.0</ele>
        <time>2023-12-23T01:03:14Z</time>
        <extensions><gpxtpx:TrackPointExtension>
          <gpxtpx:hr>176</gpxtpx:hr>
        </gpxtpx:TrackPointExtension></extensions>
      </trkpt>
      <trkpt lat="30.390841" lon="103.833781">
        <ele>439.0</ele>
        <time>2023-12-23T01:03:15Z</time>
        <extensions><gpxtpx:TrackPointExtension>
          <gpxtpx:hr>176</gpxtpx:hr>
        </gpxtpx:TrackPointExtension></extensions>
      </trkpt>
      <trkpt lat="30.390809" lon="103.833793">
        <ele>439.0</ele>
        <time>2023-12-23T01:03:16Z</time>
        <extensions><gpxtpx:TrackPointExtension>
          <gpxtpx:hr>176</gpxtpx:hr>
        </gpxtpx:TrackPointExtension></extensions>
      </trkpt>
      <trkpt lat="30.390777" lon="103.833806">
        <ele>438.0</ele>
        <time>2023-12-23T01:03:17Z</time>
        <extensions><gpxtpx:TrackPointExtension>
          <gpxtpx:hr>176</gpxtpx:hr>
        </gpxtpx:TrackPointExtension></extensions>
      </trkpt>
      <trkpt lat="30.390746" lon="103.83382">
        <ele>438.0</ele>
        <time>2023-12-23T01:03:18Z</time>
        <extensions><gpxtpx:TrackPointExtension>
          <gpxtpx:hr>176</gpxtpx:hr>
        </gpxtpx:TrackPointExtension></extensions>
      </trkpt>
      <trkpt lat="30.390714" lon="103.833833">
        <ele>438.0</ele>
        <time>2023-12-23T01:03:19Z</time>
        <extensions><gpxtpx:TrackPointExtension>
          <gpxtpx:hr>176</gpxtpx:hr>
        </gpxtpx:TrackPointExtension></extensions>
      </trkpt>
      <trkpt lat="30.390683" lon="103.833848">
        <ele>438.0</ele>
        <time>2023-12-23T01:03:20Z</time>
        <extensions><gpxtpx:TrackPointExtension>
          <gpxtpx:hr>176</gpxtpx:hr>
        </gpxtpx:TrackPointExtension></extensions>
      </trkpt>
      <trkpt lat="30.390653" lon="103.833862">
        <ele>438.0</ele>
        <time>2023-12-23T01:03:21Z</time>
        <extensions><gpxtpx:TrackPointExtension>
          <gpxtpx:hr>176</gpxtpx:hr>
        </gpxtpx:TrackPointExtension></extensions>
      </trkpt>
      <trkpt lat="30.390622" lon="103.833876">
        <ele>438.0</ele>
        <time>2023-12-23T01:03:22Z</time>
        <extensions><gpxtpx:TrackPointExtension>
          <gpxtpx:hr>176</gpxtpx:hr>
        </gpxtpx:TrackPointExtension></extensions>
      </trkpt>
      <trkpt lat="30.390592" lon="103.83389">
        <ele>438.0</ele>
        <time>2023-12-23T01:03:23Z</time>
        <extensions><gpxtpx:TrackPointExtension>
          <gpxtpx:hr>176</gpxtpx:hr>
        </gpxtpx:TrackPointExtension></extensions>
      </trkpt>
      <trkpt lat="30.390562" lon="103.833903">
        <ele>438.0</ele>
        <time>2023-12-23T01:03:24Z</time>
        <extensions><gpxtpx:TrackPointExtension>
          <gpxtpx:hr>176</gpxtpx:hr>
        </gpxtpx:TrackPointExtension></extensions>
      </trkpt>
      <trkpt lat="30.390531" lon="103.833916">
        <ele>438.0</ele>
        <time>2023-12-23T01:03:25Z</time>
        <extensions><gpxtpx:TrackPointExtension>
          <gpxtpx:hr>176</gpxtpx:hr>
        </gpxtpx:TrackPointExtension></extensions>
      </trkpt>
      <trkpt lat="30.390501" lon="103.833928">
        <ele>438.0</ele>
        <time>2023-12-23T01:03:26Z</time>
        <extensions><gpxtpx:TrackPointExtension>
          <gpxtpx:hr>176</gpxtpx:hr>
        </gpxtpx:TrackPointExtension></extensions>
      </trkpt>
      <trkpt lat="30.390471" lon="103.83394">
        <ele>438.0</ele>
        <time>2023-12-23T01:03:27Z</time>
        <extensions><gpxtpx:TrackPointExtension>
          <gpxtpx:hr>176</gpxtpx:hr>
        </gpxtpx:TrackPointExtension></extensions>
      </trkpt>
      <trkpt lat="30.39044" lon="103.833951">
        <ele>438.0</ele>
        <time>2023-12-23T01:03:28Z</time>
        <extensions><gpxtpx:TrackPointExtension>
          <gpxtpx:hr>176</gpxtpx:hr>
        </gpxtpx:TrackPointExtension></extensions>
      </trkpt>
      <trkpt lat="30.39041" lon="103.833962">
        <ele>438.0</ele>
        <time>2023-12-23T01:03:29Z</time>
        <extensions><gpxtpx:TrackPointExtension>
          <gpxtpx:hr>176</gpxtpx:hr>
        </gpxtpx:TrackPointExtension></extensions>
      </trkpt>
      <trkpt lat="30.39038" lon="103.833973">
        <ele>438.0</ele>
        <time>2023-12-23T01:03:30Z</time>
        <extensions><gpxtpx:TrackPointExtension>
          <gpxtpx:hr>176</gpxtpx:hr>
        </gpxtpx:TrackPointExtension></extensions>
      </trkpt>
      <trkpt lat="30.390349" lon="103.833983">
        <ele>438.0</ele>
        <time>2023-12-23T01:03:31Z</time>
        <extensions><gpxtpx:TrackPointExtension>
          <gpxtpx:hr>176</gpxtpx:hr>
        </gpxtpx:TrackPointExtension></extensions>
      </trkpt>
      <trkpt lat="30.390318" lon="103.833993">
        <ele>438.0</ele>
        <time>2023-12-23T01:03:32Z</time>
        <extensions><gpxtpx:TrackPointExtension>
          <gpxtpx:hr>177</gpxtpx:hr>
        </gpxtpx:TrackPointExtension></extensions>
      </trkpt>
      <trkpt lat="30.390287" lon="103.834004">
        <ele>438.0</ele>
        <time>2023-12-23T01:03:33Z</time>
        <extensions><gpxtpx:TrackPointExtension>
          <gpxtpx:hr>177</gpxtpx:hr>
        </gpxtpx:TrackPointExtension></extensions>
      </trkpt>
      <trkpt lat="30.390255" lon="103.834014">
        <ele>438.0</ele>
        <time>2023-12-23T01:03:34Z</time>
        <extensions><gpxtpx:TrackPointExtension>
          <gpxtpx:hr>177</gpxtpx:hr>
        </gpxtpx:TrackPointExtension></extensions>
      </trkpt>
      <trkpt lat="30.390223" lon="103.834025">
        <ele>438.0</ele>
        <time>2023-12-23T01:03:35Z</time>
        <extensions><gpxtpx:TrackPointExtension>
          <gpxtpx:hr>177</gpxtpx:hr>
        </gpxtpx:TrackPointExtension></extensions>
      </trkpt>
      <trkpt lat="30.390192" lon="103.834037">
        <ele>439.0</ele>
        <time>2023-12-23T01:03:36Z</time>
        <extensions><gpxtpx:TrackPointExtension>
          <gpxtpx:hr>177</gpxtpx:hr>
        </gpxtpx:TrackPointExtension></extensions>
      </trkpt>
      <trkpt lat="30.39016" lon="103.834048">
        <ele>439.0</ele>
        <time>2023-12-23T01:03:37Z</time>
        <extensions><gpxtpx:TrackPointExtension>
          <gpxtpx:hr>177</gpxtpx:hr>
        </gpxtpx:TrackPointExtension></extensions>
      </trkpt>
      <trkpt lat="30.390129" lon="103.834059">
        <ele>439.0</ele>
        <time>2023-12-23T01:03:38Z</time>
        <extensions><gpxtpx:TrackPointExtension>
          <gpxtpx:hr>177</gpxtpx:hr>
        </gpxtpx:TrackPointExtension></extensions>
      </trkpt>
      <trkpt lat="30.390098" lon="103.834071">
        <ele>439.0</ele>
        <time>2023-12-23T01:03:39Z</time>
        <extensions><gpxtpx:TrackPointExtension>
          <gpxtpx:hr>177</gpxtpx:hr>
        </gpxtpx:TrackPointExtension></extensions>
      </trkpt>
      <trkpt lat="30.390067" lon="103.834083">
        <ele>439.0</ele>
        <time>2023-12-23T01:03:40Z</time>
        <extensions><gpxtpx:TrackPointExtension>
          <gpxtpx:hr>177</gpxtpx:hr>
        </gpxtpx:TrackPointExtension></extensions>
      </trkpt>
      <trkpt lat="30.390036" lon="103.834095">
        <ele>439.0</ele>
        <time>2023-12-23T01:03:41Z</time>
        <extensions><gpxtpx:TrackPointExtension>
          <gpxtpx:hr>177</gpxtpx:hr>
        </gpxtpx:TrackPointExtension></extensions>
      </trkpt>
      <trkpt lat="30.390005" lon="103.834108">
        <ele>439.0</ele>
        <time>2023-12-23T01:03:42Z</time>
        <extensions><gpxtpx:TrackPointExtension>
          <gpxtpx:hr>177</gpxtpx:hr>
        </gpxtpx:TrackPointExtension></extensions>
      </trkpt>
      <trkpt lat="30.389974" lon="103.834121">
        <ele>439.0</ele>
        <time>2023-12-23T01:03:43Z</time>
        <extensions><gpxtpx:TrackPointExtension>
          <gpxtpx:hr>177</gpxtpx:hr>
        </gpxtpx:TrackPointExtension></extensions>
      </trkpt>
      <trkpt lat="30.389943" lon="103.834134">
        <ele>439.0</ele>
        <time>2023-12-23T01:03:44Z</time>
        <extensions><gpxtpx:TrackPointExtension>
          <gpxtpx:hr>177</gpxtpx:hr>
        </gpxtpx:TrackPointExtension></extensions>
      </trkpt>
      <trkpt lat="30.389913" lon="103.834147">
        <ele>439.0</ele>
        <time>2023-12-23T01:03:45Z</time>
        <extensions><gpxtpx:TrackPointExtension>
          <gpxtpx:hr>177</gpxtpx:hr>
        </gpxtpx:TrackPointExtension></extensions>
      </trkpt>
      <trkpt lat="30.389883" lon="103.83416">
        <ele>439.0</ele>
        <time>2023-12-23T01:03:46Z</time>
        <extensions><gpxtpx:TrackPointExtension>
          <gpxtpx:hr>177</gpxtpx:hr>
        </gpxtpx:TrackPointExtension></extensions>
      </trkpt>
      <trkpt lat="30.389853" lon="103.834174">
        <ele>439.0</ele>
        <time>2023-12-23T01:03:47Z</time>
        <extensions><gpxtpx:TrackPointExtension>
          <gpxtpx:hr>177</gpxtpx:hr>
        </gpxtpx:TrackPointExtension></extensions>
      </trkpt>
      <trkpt lat="30.389823" lon="103.834187">
        <ele>439.0</ele>
        <time>2023-12-23T01:03:48Z</time>
        <extensions><gpxtpx:TrackPointExtension>
          <gpxtpx:hr>178</gpxtpx:hr>
        </gpxtpx:TrackPointExtension></extensions>
      </trkpt>
      <trkpt lat="30.389793" lon="103.8342">
        <ele>439.0</ele>
        <time>2023-12-23T01:03:49Z</time>
        <extensions><gpxtpx:TrackPointExtension>
          <gpxtpx:hr>178</gpxtpx:hr>
        </gpxtpx:TrackPointExtension></extensions>
      </trkpt>
      <trkpt lat="30.389763" lon="103.834212">
        <ele>439.0</ele>
        <time>2023-12-23T01:03:50Z</time>
        <extensions><gpxtpx:TrackPointExtension>
          <gpxtpx:hr>178</gpxtpx:hr>
        </gpxtpx:TrackPointExtension></extensions>
      </trkpt>
      <trkpt lat="30.389733" lon="103.834225">
        <ele>439.0</ele>
        <time>2023-12-23T01:03:51Z</time>
        <extensions><gpxtpx:TrackPointExtension>
          <gpxtpx:hr>178</gpxtpx:hr>
        </gpxtpx:TrackPointExtension></extensions>
      </trkpt>
      <trkpt lat="30.389703" lon="103.834236">
        <ele>439.0</ele>
        <time>2023-12-23T01:03:52Z</time>
        <extensions><gpxtpx:TrackPointExtension>
          <gpxtpx:hr>179</gpxtpx:hr>
        </gpxtpx:TrackPointExtension></extensions>
      </trkpt>
      <trkpt lat="30.389673" lon="103.834247">
        <ele>439.0</ele>
        <time>2023-12-23T01:03:53Z</time>
        <extensions><gpxtpx:TrackPointExtension>
          <gpxtpx:hr>179</gpxtpx:hr>
        </gpxtpx:TrackPointExtension></extensions>
      </trkpt>
      <trkpt lat="30.389644" lon="103.834257">
        <ele>439.0</ele>
        <time>2023-12-23T01:03:54Z</time>
        <extensions><gpxtpx:TrackPointExtension>
          <gpxtpx:hr>179</gpxtpx:hr>
        </gpxtpx:TrackPointExtension></extensions>
      </trkpt>
      <trkpt lat="30.389614" lon="103.834267">
        <ele>439.0</ele>
        <time>2023-12-23T01:03:55Z</time>
        <extensions><gpxtpx:TrackPointExtension>
          <gpxtpx:hr>178</gpxtpx:hr>
        </gpxtpx:TrackPointExtension></extensions>
      </trkpt>
      <trkpt lat="30.389584" lon="103.834277">
        <ele>439.0</ele>
        <time>2023-12-23T01:03:56Z</time>
        <extensions><gpxtpx:TrackPointExtension>
          <gpxtpx:hr>178</gpxtpx:hr>
        </gpxtpx:TrackPointExtension></extensions>
      </trkpt>
      <trkpt lat="30.389553" lon="103.834288">
        <ele>439.0</ele>
        <time>2023-12-23T01:03:57Z</time>
        <extensions><gpxtpx:TrackPointExtension>
          <gpxtpx:hr>178</gpxtpx:hr>
        </gpxtpx:TrackPointExtension></extensions>
      </trkpt>
      <trkpt lat="30.389523" lon="103.834299">
        <ele>439.0</ele>
        <time>2023-12-23T01:03:58Z</time>
        <extensions><gpxtpx:TrackPointExtension>
          <gpxtpx:hr>178</gpxtpx:hr>
        </gpxtpx:TrackPointExtension></extensions>
      </trkpt>
      <trkpt lat="30.389492" lon="103.83431">
        <ele>439.0</ele>
        <time>2023-12-23T01:03:59Z</time>
        <extensions><gpxtpx:TrackPointExtension>
          <gpxtpx:hr>178</gpxtpx:hr>
        </gpxtpx:TrackPointExtension></extensions>
      </trkpt>
      <trkpt lat="30.389461" lon="103.834322">
        <ele>439.0</ele>
        <time>2023-12-23T01:04:00Z</time>
        <extensions><gpxtpx:TrackPointExtension>
          <gpxtpx:hr>178</gpxtpx:hr>
        </gpxtpx:TrackPointExtension></extensions>
      </trkpt>
      <trkpt lat="30.389431" lon="103.834333">
        <ele>439.0</ele>
        <time>2023-12-23T01:04:01Z</time>
        <extensions><gpxtpx:TrackPointExtension>
          <gpxtpx:hr>178</gpxtpx:hr>
        </gpxtpx:TrackPointExtension></extensions>
      </trkpt>
      <trkpt lat="30.3894" lon="103.834345">
        <ele>439.0</ele>
        <time>2023-12-23T01:04:02Z</time>
        <extensions><gpxtpx:TrackPointExtension>
          <gpxtpx:hr>178</gpxtpx:hr>
        </gpxtpx:TrackPointExtension></extensions>
      </trkpt>
      <trkpt lat="30.38937" lon="103.834356">
        <ele>439.0</ele>
        <time>2023-12-23T01:04:03Z</time>
        <extensions><gpxtpx:TrackPointExtension>
          <gpxtpx:hr>178</gpxtpx:hr>
        </gpxtpx:TrackPointExtension></extensions>
      </trkpt>
      <trkpt lat="30.389339" lon="103.834368">
        <ele>439.0</ele>
        <time>2023-12-23T01:04:04Z</time>
        <extensions><gpxtpx:TrackPointExtension>
          <gpxtpx:hr>178</gpxtpx:hr>
        </gpxtpx:TrackPointExtension></extensions>
      </trkpt>
      <trkpt lat="30.389309" lon="103.83438">
        <ele>439.0</ele>
        <time>2023-12-23T01:04:05Z</time>
        <extensions><gpxtpx:TrackPointExtension>
          <gpxtpx:hr>178</gpxtpx:hr>
        </gpxtpx:TrackPointExtension></extensions>
      </trkpt>
      <trkpt lat="30.389279" lon="103.834393">
        <ele>439.0</ele>
        <time>2023-12-23T01:04:06Z</time>
        <extensions><gpxtpx:TrackPointExtension>
          <gpxtpx:hr>178</gpxtpx:hr>
        </gpxtpx:TrackPointExtension></extensions>
      </trkpt>
      <trkpt lat="30.389249" lon="103.834406">
        <ele>439.0</ele>
        <time>2023-12-23T01:04:07Z</time>
        <extensions><gpxtpx:TrackPointExtension>
          <gpxtpx:hr>178</gpxtpx:hr>
        </gpxtpx:TrackPointExtension></extensions>
      </trkpt>
      <trkpt lat="30.389218" lon="103.834419">
        <ele>439.0</ele>
        <time>2023-12-23T01:04:08Z</time>
        <extensions><gpxtpx:TrackPointExtension>
          <gpxtpx:hr>178</gpxtpx:hr>
        </gpxtpx:TrackPointExtension></extensions>
      </trkpt>
      <trkpt lat="30.389188" lon="103.834431">
        <ele>439.0</ele>
        <time>2023-12-23T01:04:09Z</time>
        <extensions><gpxtpx:TrackPointExtension>
          <gpxtpx:hr>178</gpxtpx:hr>
        </gpxtpx:TrackPointExtension></extensions>
      </trkpt>
      <trkpt lat="30.389157" lon="103.834444">
        <ele>439.0</ele>
        <time>2023-12-23T01:04:10Z</time>
        <extensions><gpxtpx:TrackPointExtension>
          <gpxtpx:hr>178</gpxtpx:hr>
        </gpxtpx:TrackPointExtension></extensions>
      </trkpt>
      <trkpt lat="30.389127" lon="103.834457">
        <ele>439.0</ele>
        <time>2023-12-23T01:04:11Z</time>
        <extensions><gpxtpx:TrackPointExtension>
          <gpxtpx:hr>178</gpxtpx:hr>
        </gpxtpx:TrackPointExtension></extensions>
      </trkpt>
      <trkpt lat="30.389096" lon="103.834469">
        <ele>439.0</ele>
        <time>2023-12-23T01:04:12Z</time>
        <extensions><gpxtpx:TrackPointExtension>
          <gpxtpx:hr>177</gpxtpx:hr>
        </gpxtpx:TrackPointExtension></extensions>
      </trkpt>
      <trkpt lat="30.389065" lon="103.834481">
        <ele>439.0</ele>
        <time>2023-12-23T01:04:13Z</time>
        <extensions><gpxtpx:TrackPointExtension>
          <gpxtpx:hr>177</gpxtpx:hr>
        </gpxtpx:TrackPointExtension></extensions>
      </trkpt>
      <trkpt lat="30.389034" lon="103.834493">
        <ele>439.0</ele>
        <time>2023-12-23T01:04:14Z</time>
        <extensions><gpxtpx:TrackPointExtension>
          <gpxtpx:hr>177</gpxtpx:hr>
        </gpxtpx:TrackPointExtension></extensions>
      </trkpt>
      <trkpt lat="30.389004" lon="103.834505">
        <ele>439.0</ele>
        <time>2023-12-23T01:04:15Z</time>
        <extensions><gpxtpx:TrackPointExtension>
          <gpxtpx:hr>177</gpxtpx:hr>
        </gpxtpx:TrackPointExtension></extensions>
      </trkpt>
      <trkpt lat="30.388973" lon="103.834517">
        <ele>439.0</ele>
        <time>2023-12-23T01:04:16Z</time>
        <extensions><gpxtpx:TrackPointExtension>
          <gpxtpx:hr>177</gpxtpx:hr>
        </gpxtpx:TrackPointExtension></extensions>
      </trkpt>
      <trkpt lat="30.388942" lon="103.834529">
        <ele>438.0</ele>
        <time>2023-12-23T01:04:17Z</time>
        <extensions><gpxtpx:TrackPointExtension>
          <gpxtpx:hr>177</gpxtpx:hr>
        </gpxtpx:TrackPointExtension></extensions>
      </trkpt>
      <trkpt lat="30.388912" lon="103.83454">
        <ele>438.0</ele>
        <time>2023-12-23T01:04:18Z</time>
        <extensions><gpxtpx:TrackPointExtension>
          <gpxtpx:hr>177</gpxtpx:hr>
        </gpxtpx:TrackPointExtension></extensions>
      </trkpt>
      <trkpt lat="30.388881" lon="103.834552">
        <ele>438.0</ele>
        <time>2023-12-23T01:04:19Z</time>
        <extensions><gpxtpx:TrackPointExtension>
          <gpxtpx:hr>177</gpxtpx:hr>
        </gpxtpx:TrackPointExtension></extensions>
      </trkpt>
      <trkpt lat="30.388851" lon="103.834564">
        <ele>438.0</ele>
        <time>2023-12-23T01:04:20Z</time>
        <extensions><gpxtpx:TrackPointExtension>
          <gpxtpx:hr>178</gpxtpx:hr>
        </gpxtpx:TrackPointExtension></extensions>
      </trkpt>
      <trkpt lat="30.388821" lon="103.834576">
        <ele>438.0</ele>
        <time>2023-12-23T01:04:21Z</time>
        <extensions><gpxtpx:TrackPointExtension>
          <gpxtpx:hr>178</gpxtpx:hr>
        </gpxtpx:TrackPointExtension></extensions>
      </trkpt>
      <trkpt lat="30.388791" lon="103.834588">
        <ele>438.0</ele>
        <time>2023-12-23T01:04:22Z</time>
        <extensions><gpxtpx:TrackPointExtension>
          <gpxtpx:hr>178</gpxtpx:hr>
        </gpxtpx:TrackPointExtension></extensions>
      </trkpt>
      <trkpt lat="30.388761" lon="103.8346">
        <ele>438.0</ele>
        <time>2023-12-23T01:04:23Z</time>
        <extensions><gpxtpx:TrackPointExtension>
          <gpxtpx:hr>178</gpxtpx:hr>
        </gpxtpx:TrackPointExtension></extensions>
      </trkpt>
      <trkpt lat="30.38873" lon="103.834612">
        <ele>438.0</ele>
        <time>2023-12-23T01:04:24Z</time>
        <extensions><gpxtpx:TrackPointExtension>
          <gpxtpx:hr>178</gpxtpx:hr>
        </gpxtpx:TrackPointExtension></extensions>
      </trkpt>
      <trkpt lat="30.388699" lon="103.834624">
        <ele>438.0</ele>
        <time>2023-12-23T01:04:25Z</time>
        <extensions><gpxtpx:TrackPointExtension>
          <gpxtpx:hr>178</gpxtpx:hr>
        </gpxtpx:TrackPointExtension></extensions>
      </trkpt>
      <trkpt lat="30.388669" lon="103.834635">
        <ele>438.0</ele>
        <time>2023-12-23T01:04:26Z</time>
        <extensions><gpxtpx:TrackPointExtension>
          <gpxtpx:hr>178</gpxtpx:hr>
        </gpxtpx:TrackPointExtension></extensions>
      </trkpt>
      <trkpt lat="30.388638" lon="103.834647">
        <ele>438.0</ele>
        <time>2023-12-23T01:04:27Z</time>
        <extensions><gpxtpx:TrackPointExtension>
          <gpxtpx:hr>178</gpxtpx:hr>
        </gpxtpx:TrackPointExtension></extensions>
      </trkpt>
      <trkpt lat="30.388608" lon="103.83466">
        <ele>438.0</ele>
        <time>2023-12-23T01:04:28Z</time>
        <extensions><gpxtpx:TrackPointExtension>
          <gpxtpx:hr>178</gpxtpx:hr>
        </gpxtpx:TrackPointExtension></extensions>
      </trkpt>
      <trkpt lat="30.388577" lon="103.834672">
        <ele>438.0</ele>
        <time>2023-12-23T01:04:29Z</time>
        <extensions><gpxtpx:TrackPointExtension>
          <gpxtpx:hr>178</gpxtpx:hr>
        </gpxtpx:TrackPointExtension></extensions>
      </trkpt>
      <trkpt lat="30.388547" lon="103.834684">
        <ele>438.0</ele>
        <time>2023-12-23T01:04:30Z</time>
        <extensions><gpxtpx:TrackPointExtension>
          <gpxtpx:hr>178</gpxtpx:hr>
        </gpxtpx:TrackPointExtension></extensions>
      </trkpt>
      <trkpt lat="30.388516" lon="103.834697">
        <ele>438.0</ele>
        <time>2023-12-23T01:04:31Z</time>
        <extensions><gpxtpx:TrackPointExtension>
          <gpxtpx:hr>177</gpxtpx:hr>
        </gpxtpx:TrackPointExtension></extensions>
      </trkpt>
      <trkpt lat="30.388486" lon="103.834709">
        <ele>438.0</ele>
        <time>2023-12-23T01:04:32Z</time>
        <extensions><gpxtpx:TrackPointExtension>
          <gpxtpx:hr>177</gpxtpx:hr>
        </gpxtpx:TrackPointExtension></extensions>
      </trkpt>
      <trkpt lat="30.388456" lon="103.834722">
        <ele>438.0</ele>
        <time>2023-12-23T01:04:33Z</time>
        <extensions><gpxtpx:TrackPointExtension>
          <gpxtpx:hr>177</gpxtpx:hr>
        </gpxtpx:TrackPointExtension></extensions>
      </trkpt>
      <trkpt lat="30.388425" lon="103.834735">
        <ele>438.0</ele>
        <time>2023-12-23T01:04:34Z</time>
        <extensions><gpxtpx:TrackPointExtension>
          <gpxtpx:hr>176</gpxtpx:hr>
        </gpxtpx:TrackPointExtension></extensions>
      </trkpt>
      <trkpt lat="30.388394" lon="103.834748">
        <ele>438.0</ele>
        <time>2023-12-23T01:04:35Z</time>
        <extensions><gpxtpx:TrackPointExtension>
          <gpxtpx:hr>176</gpxtpx:hr>
        </gpxtpx:TrackPointExtension></extensions>
      </trkpt>
      <trkpt lat="30.388363" lon="103.834761">
        <ele>438.0</ele>
        <time>2023-12-23T01:04:36Z</time>
        <extensions><gpxtpx:TrackPointExtension>
          <gpxtpx:hr>176</gpxtpx:hr>
        </gpxtpx:TrackPointExtension></extensions>
      </trkpt>
      <trkpt lat="30.388332" lon="103.834775">
        <ele>438.0</ele>
        <time>2023-12-23T01:04:37Z</time>
        <extensions><gpxtpx:TrackPointExtension>
          <gpxtpx:hr>176</gpxtpx:hr>
        </gpxtpx:TrackPointExtension></extensions>
      </trkpt>
      <trkpt lat="30.3883" lon="103.834787">
        <ele>438.0</ele>
        <time>2023-12-23T01:04:38Z</time>
        <extensions><gpxtpx:TrackPointExtension>
          <gpxtpx:hr>176</gpxtpx:hr>
        </gpxtpx:TrackPointExtension></extensions>
      </trkpt>
      <trkpt lat="30.388269" lon="103.8348">
        <ele>438.0</ele>
        <time>2023-12-23T01:04:39Z</time>
        <extensions><gpxtpx:TrackPointExtension>
          <gpxtpx:hr>176</gpxtpx:hr>
        </gpxtpx:TrackPointExtension></extensions>
      </trkpt>
      <trkpt lat="30.388237" lon="103.834813">
        <ele>438.0</ele>
        <time>2023-12-23T01:04:40Z</time>
        <extensions><gpxtpx:TrackPointExtension>
          <gpxtpx:hr>176</gpxtpx:hr>
        </gpxtpx:TrackPointExtension></extensions>
      </trkpt>
      <trkpt lat="30.388205" lon="103.834825">
        <ele>439.0</ele>
        <time>2023-12-23T01:04:41Z</time>
        <extensions><gpxtpx:TrackPointExtension>
          <gpxtpx:hr>175</gpxtpx:hr>
        </gpxtpx:TrackPointExtension></extensions>
      </trkpt>
      <trkpt lat="30.388173" lon="103.834839">
        <ele>439.0</ele>
        <time>2023-12-23T01:04:42Z</time>
        <extensions><gpxtpx:TrackPointExtension>
          <gpxtpx:hr>176</gpxtpx:hr>
        </gpxtpx:TrackPointExtension></extensions>
      </trkpt>
      <trkpt lat="30.38814" lon="103.834853">
        <ele>439.0</ele>
        <time>2023-12-23T01:04:43Z</time>
        <extensions><gpxtpx:TrackPointExtension>
          <gpxtpx:hr>176</gpxtpx:hr>
        </gpxtpx:TrackPointExtension></extensions>
      </trkpt>
      <trkpt lat="30.388107" lon="103.834867">
        <ele>439.0</ele>
        <time>2023-12-23T01:04:44Z</time>
        <extensions><gpxtpx:TrackPointExtension>
          <gpxtpx:hr>176</gpxtpx:hr>
        </gpxtpx:TrackPointExtension></extensions>
      </trkpt>
      <trkpt lat="30.388074" lon="103.834881">
        <ele>439.0</ele>
        <time>2023-12-23T01:04:45Z</time>
        <extensions><gpxtpx:TrackPointExtension>
          <gpxtpx:hr>176</gpxtpx:hr>
        </gpxtpx:TrackPointExtension></extensions>
      </trkpt>
      <trkpt lat="30.388041" lon="103.834894">
        <ele>439.0</ele>
        <time>2023-12-23T01:04:46Z</time>
        <extensions><gpxtpx:TrackPointExtension>
          <gpxtpx:hr>176</gpxtpx:hr>
        </gpxtpx:TrackPointExtension></extensions>
      </trkpt>
      <trkpt lat="30.388008" lon="103.834907">
        <ele>439.0</ele>
        <time>2023-12-23T01:04:47Z</time>
        <extensions><gpxtpx:TrackPointExtension>
          <gpxtpx:hr>176</gpxtpx:hr>
        </gpxtpx:TrackPointExtension></extensions>
      </trkpt>
      <trkpt lat="30.387976" lon="103.834919">
        <ele>439.0</ele>
        <time>2023-12-23T01:04:48Z</time>
        <extensions><gpxtpx:TrackPointExtension>
          <gpxtpx:hr>176</gpxtpx:hr>
        </gpxtpx:TrackPointExtension></extensions>
      </trkpt>
      <trkpt lat="30.387944" lon="103.83493">
        <ele>439.0</ele>
        <time>2023-12-23T01:04:49Z</time>
        <extensions><gpxtpx:TrackPointExtension>
          <gpxtpx:hr>176</gpxtpx:hr>
        </gpxtpx:TrackPointExtension></extensions>
      </trkpt>
      <trkpt lat="30.387912" lon="103.834941">
        <ele>439.0</ele>
        <time>2023-12-23T01:04:50Z</time>
        <extensions><gpxtpx:TrackPointExtension>
          <gpxtpx:hr>176</gpxtpx:hr>
        </gpxtpx:TrackPointExtension></extensions>
      </trkpt>
      <trkpt lat="30.387881" lon="103.834952">
        <ele>439.0</ele>
        <time>2023-12-23T01:04:51Z</time>
        <extensions><gpxtpx:TrackPointExtension>
          <gpxtpx:hr>176</gpxtpx:hr>
        </gpxtpx:TrackPointExtension></extensions>
      </trkpt>
      <trkpt lat="30.38785" lon="103.834964">
        <ele>439.0</ele>
        <time>2023-12-23T01:04:52Z</time>
        <extensions><gpxtpx:TrackPointExtension>
          <gpxtpx:hr>176</gpxtpx:hr>
        </gpxtpx:TrackPointExtension></extensions>
      </trkpt>
      <trkpt lat="30.387818" lon="103.834976">
        <ele>439.0</ele>
        <time>2023-12-23T01:04:53Z</time>
        <extensions><gpxtpx:TrackPointExtension>
          <gpxtpx:hr>176</gpxtpx:hr>
        </gpxtpx:TrackPointExtension></extensions>
      </trkpt>
      <trkpt lat="30.387787" lon="103.834988">
        <ele>439.0</ele>
        <time>2023-12-23T01:04:54Z</time>
        <extensions><gpxtpx:TrackPointExtension>
          <gpxtpx:hr>176</gpxtpx:hr>
        </gpxtpx:TrackPointExtension></extensions>
      </trkpt>
      <trkpt lat="30.387756" lon="103.835">
        <ele>439.0</ele>
        <time>2023-12-23T01:04:55Z</time>
        <extensions><gpxtpx:TrackPointExtension>
          <gpxtpx:hr>177</gpxtpx:hr>
        </gpxtpx:TrackPointExtension></extensions>
      </trkpt>
      <trkpt lat="30.387724" lon="103.835012">
        <ele>439.0</ele>
        <time>2023-12-23T01:04:56Z</time>
        <extensions><gpxtpx:TrackPointExtension>
          <gpxtpx:hr>177</gpxtpx:hr>
        </gpxtpx:TrackPointExtension></extensions>
      </trkpt>
      <trkpt lat="30.387693" lon="103.835025">
        <ele>439.0</ele>
        <time>2023-12-23T01:04:57Z</time>
        <extensions><gpxtpx:TrackPointExtension>
          <gpxtpx:hr>177</gpxtpx:hr>
        </gpxtpx:TrackPointExtension></extensions>
      </trkpt>
      <trkpt lat="30.387661" lon="103.835037">
        <ele>439.0</ele>
        <time>2023-12-23T01:04:58Z</time>
        <extensions><gpxtpx:TrackPointExtension>
          <gpxtpx:hr>177</gpxtpx:hr>
        </gpxtpx:TrackPointExtension></extensions>
      </trkpt>
      <trkpt lat="30.387629" lon="103.83505">
        <ele>439.0</ele>
        <time>2023-12-23T01:04:59Z</time>
        <extensions><gpxtpx:TrackPointExtension>
          <gpxtpx:hr>177</gpxtpx:hr>
        </gpxtpx:TrackPointExtension></extensions>
      </trkpt>
      <trkpt lat="30.387597" lon="103.835063">
        <ele>439.0</ele>
        <time>2023-12-23T01:05:00Z</time>
        <extensions><gpxtpx:TrackPointExtension>
          <gpxtpx:hr>177</gpxtpx:hr>
        </gpxtpx:TrackPointExtension></extensions>
      </trkpt>
      <trkpt lat="30.387566" lon="103.835076">
        <ele>439.0</ele>
        <time>2023-12-23T01:05:01Z</time>
        <extensions><gpxtpx:TrackPointExtension>
          <gpxtpx:hr>177</gpxtpx:hr>
        </gpxtpx:TrackPointExtension></extensions>
      </trkpt>
      <trkpt lat="30.387535" lon="103.83509">
        <ele>439.0</ele>
        <time>2023-12-23T01:05:02Z</time>
        <extensions><gpxtpx:TrackPointExtension>
          <gpxtpx:hr>177</gpxtpx:hr>
        </gpxtpx:TrackPointExtension></extensions>
      </trkpt>
      <trkpt lat="30.387504" lon="103.835103">
        <ele>439.0</ele>
        <time>2023-12-23T01:05:03Z</time>
        <extensions><gpxtpx:TrackPointExtension>
          <gpxtpx:hr>177</gpxtpx:hr>
        </gpxtpx:TrackPointExtension></extensions>
      </trkpt>
      <trkpt lat="30.387473" lon="103.835117">
        <ele>439.0</ele>
        <time>2023-12-23T01:05:04Z</time>
        <extensions><gpxtpx:TrackPointExtension>
          <gpxtpx:hr>177</gpxtpx:hr>
        </gpxtpx:TrackPointExtension></extensions>
      </trkpt>
      <trkpt lat="30.387442" lon="103.835131">
        <ele>439.0</ele>
        <time>2023-12-23T01:05:05Z</time>
        <extensions><gpxtpx:TrackPointExtension>
          <gpxtpx:hr>177</gpxtpx:hr>
        </gpxtpx:TrackPointExtension></extensions>
      </trkpt>
      <trkpt lat="30.387411" lon="103.835146">
        <ele>439.0</ele>
        <time>2023-12-23T01:05:06Z</time>
        <extensions><gpxtpx:TrackPointExtension>
          <gpxtpx:hr>177</gpxtpx:hr>
        </gpxtpx:TrackPointExtension></extensions>
      </trkpt>
      <trkpt lat="30.387379" lon="103.83516">
        <ele>439.0</ele>
        <time>2023-12-23T01:05:07Z</time>
        <extensions><gpxtpx:TrackPointExtension>
          <gpxtpx:hr>176</gpxtpx:hr>
        </gpxtpx:TrackPointExtension></extensions>
      </trkpt>
      <trkpt lat="30.387346" lon="103.835174">
        <ele>439.0</ele>
        <time>2023-12-23T01:05:08Z</time>
        <extensions><gpxtpx:TrackPointExtension>
          <gpxtpx:hr>175</gpxtpx:hr>
        </gpxtpx:TrackPointExtension></extensions>
      </trkpt>
      <trkpt lat="30.387314" lon="103.835188">
        <ele>439.0</ele>
        <time>2023-12-23T01:05:09Z</time>
        <extensions><gpxtpx:TrackPointExtension>
          <gpxtpx:hr>175</gpxtpx:hr>
        </gpxtpx:TrackPointExtension></extensions>
      </trkpt>
      <trkpt lat="30.387281" lon="103.8352">
        <ele>439.0</ele>
        <time>2023-12-23T01:05:10Z</time>
        <extensions><gpxtpx:TrackPointExtension>
          <gpxtpx:hr>175</gpxtpx:hr>
        </gpxtpx:TrackPointExtension></extensions>
      </trkpt>
      <trkpt lat="30.387249" lon="103.835213">
        <ele>439.0</ele>
        <time>2023-12-23T01:05:11Z</time>
        <extensions><gpxtpx:TrackPointExtension>
          <gpxtpx:hr>175</gpxtpx:hr>
        </gpxtpx:TrackPointExtension></extensions>
      </trkpt>
      <trkpt lat="30.387216" lon="103.835224">
        <ele>439.0</ele>
        <time>2023-12-23T01:05:12Z</time>
        <extensions><gpxtpx:TrackPointExtension>
          <gpxtpx:hr>175</gpxtpx:hr>
        </gpxtpx:TrackPointExtension></extensions>
      </trkpt>
      <trkpt lat="30.387184" lon="103.835236">
        <ele>439.0</ele>
        <time>2023-12-23T01:05:13Z</time>
        <extensions><gpxtpx:TrackPointExtension>
          <gpxtpx:hr>174</gpxtpx:hr>
        </gpxtpx:TrackPointExtension></extensions>
      </trkpt>
      <trkpt lat="30.387152" lon="103.835249">
        <ele>439.0</ele>
        <time>2023-12-23T01:05:14Z</time>
        <extensions><gpxtpx:TrackPointExtension>
          <gpxtpx:hr>174</gpxtpx:hr>
        </gpxtpx:TrackPointExtension></extensions>
      </trkpt>
      <trkpt lat="30.38712" lon="103.835261">
        <ele>439.0</ele>
        <time>2023-12-23T01:05:15Z</time>
        <extensions><gpxtpx:TrackPointExtension>
          <gpxtpx:hr>175</gpxtpx:hr>
        </gpxtpx:TrackPointExtension></extensions>
      </trkpt>
      <trkpt lat="30.387089" lon="103.835273">
        <ele>439.0</ele>
        <time>2023-12-23T01:05:16Z</time>
        <extensions><gpxtpx:TrackPointExtension>
          <gpxtpx:hr>175</gpxtpx:hr>
        </gpxtpx:TrackPointExtension></extensions>
      </trkpt>
      <trkpt lat="30.387058" lon="103.835285">
        <ele>438.0</ele>
        <time>2023-12-23T01:05:17Z</time>
        <extensions><gpxtpx:TrackPointExtension>
          <gpxtpx:hr>176</gpxtpx:hr>
        </gpxtpx:TrackPointExtension></extensions>
      </trkpt>
      <trkpt lat="30.387027" lon="103.835295">
        <ele>438.0</ele>
        <time>2023-12-23T01:05:18Z</time>
        <extensions><gpxtpx:TrackPointExtension>
          <gpxtpx:hr>175</gpxtpx:hr>
        </gpxtpx:TrackPointExtension></extensions>
      </trkpt>
      <trkpt lat="30.386997" lon="103.835306">
        <ele>438.0</ele>
        <time>2023-12-23T01:05:19Z</time>
        <extensions><gpxtpx:TrackPointExtension>
          <gpxtpx:hr>176</gpxtpx:hr>
        </gpxtpx:TrackPointExtension></extensions>
      </trkpt>
      <trkpt lat="30.386967" lon="103.835316">
        <ele>438.0</ele>
        <time>2023-12-23T01:05:20Z</time>
        <extensions><gpxtpx:TrackPointExtension>
          <gpxtpx:hr>176</gpxtpx:hr>
        </gpxtpx:TrackPointExtension></extensions>
      </trkpt>
      <trkpt lat="30.386936" lon="103.835327">
        <ele>438.0</ele>
        <time>2023-12-23T01:05:21Z</time>
        <extensions><gpxtpx:TrackPointExtension>
          <gpxtpx:hr>176</gpxtpx:hr>
        </gpxtpx:TrackPointExtension></extensions>
      </trkpt>
      <trkpt lat="30.386906" lon="103.835338">
        <ele>438.0</ele>
        <time>2023-12-23T01:05:22Z</time>
        <extensions><gpxtpx:TrackPointExtension>
          <gpxtpx:hr>176</gpxtpx:hr>
        </gpxtpx:TrackPointExtension></extensions>
      </trkpt>
      <trkpt lat="30.386875" lon="103.83535">
        <ele>438.0</ele>
        <time>2023-12-23T01:05:23Z</time>
        <extensions><gpxtpx:TrackPointExtension>
          <gpxtpx:hr>176</gpxtpx:hr>
        </gpxtpx:TrackPointExtension></extensions>
      </trkpt>
      <trkpt lat="30.386843" lon="103.835363">
        <ele>438.0</ele>
        <time>2023-12-23T01:05:24Z</time>
        <extensions><gpxtpx:TrackPointExtension>
          <gpxtpx:hr>176</gpxtpx:hr>
        </gpxtpx:TrackPointExtension></extensions>
      </trkpt>
      <trkpt lat="30.386812" lon="103.835375">
        <ele>438.0</ele>
        <time>2023-12-23T01:05:25Z</time>
        <extensions><gpxtpx:TrackPointExtension>
          <gpxtpx:hr>176</gpxtpx:hr>
        </gpxtpx:TrackPointExtension></extensions>
      </trkpt>
      <trkpt lat="30.386781" lon="103.835388">
        <ele>438.0</ele>
        <time>2023-12-23T01:05:26Z</time>
        <extensions><gpxtpx:TrackPointExtension>
          <gpxtpx:hr>176</gpxtpx:hr>
        </gpxtpx:TrackPointExtension></extensions>
      </trkpt>
      <trkpt lat="30.38675" lon="103.835401">
        <ele>438.0</ele>
        <time>2023-12-23T01:05:27Z</time>
        <extensions><gpxtpx:TrackPointExtension>
          <gpxtpx:hr>176</gpxtpx:hr>
        </gpxtpx:TrackPointExtension></extensions>
      </trkpt>
      <trkpt lat="30.38672" lon="103.835413">
        <ele>438.0</ele>
        <time>2023-12-23T01:05:28Z</time>
        <extensions><gpxtpx:TrackPointExtension>
          <gpxtpx:hr>176</gpxtpx:hr>
        </gpxtpx:TrackPointExtension></extensions>
      </trkpt>
      <trkpt lat="30.38669" lon="103.835425">
        <ele>438.0</ele>
        <time>2023-12-23T01:05:29Z</time>
        <extensions><gpxtpx:TrackPointExtension>
          <gpxtpx:hr>176</gpxtpx:hr>
        </gpxtpx:TrackPointExtension></extensions>
      </trkpt>
      <trkpt lat="30.386661" lon="103.835438">
        <ele>438.0</ele>
        <time>2023-12-23T01:05:30Z</time>
        <extensions><gpxtpx:TrackPointExtension>
          <gpxtpx:hr>176</gpxtpx:hr>
        </gpxtpx:TrackPointExtension></extensions>
      </trkpt>
      <trkpt lat="30.386631" lon="103.83545">
        <ele>438.0</ele>
        <time>2023-12-23T01:05:31Z</time>
        <extensions><gpxtpx:TrackPointExtension>
          <gpxtpx:hr>176</gpxtpx:hr>
        </gpxtpx:TrackPointExtension></extensions>
      </trkpt>
      <trkpt lat="30.386603" lon="103.835462">
        <ele>438.0</ele>
        <time>2023-12-23T01:05:32Z</time>
        <extensions><gpxtpx:TrackPointExtension>
          <gpxtpx:hr>176</gpxtpx:hr>
        </gpxtpx:TrackPointExtension></extensions>
      </trkpt>
      <trkpt lat="30.386574" lon="103.835475">
        <ele>438.0</ele>
        <time>2023-12-23T01:05:33Z</time>
        <extensions><gpxtpx:TrackPointExtension>
          <gpxtpx:hr>176</gpxtpx:hr>
        </gpxtpx:TrackPointExtension></extensions>
      </trkpt>
      <trkpt lat="30.386545" lon="103.835487">
        <ele>438.0</ele>
        <time>2023-12-23T01:05:34Z</time>
        <extensions><gpxtpx:TrackPointExtension>
          <gpxtpx:hr>176</gpxtpx:hr>
        </gpxtpx:TrackPointExtension></extensions>
      </trkpt>
      <trkpt lat="30.386516" lon="103.835499">
        <ele>438.0</ele>
        <time>2023-12-23T01:05:35Z</time>
        <extensions><gpxtpx:TrackPointExtension>
          <gpxtpx:hr>176</gpxtpx:hr>
        </gpxtpx:TrackPointExtension></extensions>
      </trkpt>
      <trkpt lat="30.386487" lon="103.83551">
        <ele>438.0</ele>
        <time>2023-12-23T01:05:36Z</time>
        <extensions><gpxtpx:TrackPointExtension>
          <gpxtpx:hr>176</gpxtpx:hr>
        </gpxtpx:TrackPointExtension></extensions>
      </trkpt>
      <trkpt lat="30.386458" lon="103.835521">
        <ele>438.0</ele>
        <time>2023-12-23T01:05:37Z</time>
        <extensions><gpxtpx:TrackPointExtension>
          <gpxtpx:hr>176</gpxtpx:hr>
        </gpxtpx:TrackPointExtension></extensions>
      </trkpt>
      <trkpt lat="30.386427" lon="103.835531">
        <ele>438.0</ele>
        <time>2023-12-23T01:05:38Z</time>
        <extensions><gpxtpx:TrackPointExtension>
          <gpxtpx:hr>176</gpxtpx:hr>
        </gpxtpx:TrackPointExtension></extensions>
      </trkpt>
      <trkpt lat="30.386397" lon="103.835541">
        <ele>438.0</ele>
        <time>2023-12-23T01:05:39Z</time>
        <extensions><gpxtpx:TrackPointExtension>
          <gpxtpx:hr>176</gpxtpx:hr>
        </gpxtpx:TrackPointExtension></extensions>
      </trkpt>
      <trkpt lat="30.386366" lon="103.835551">
        <ele>438.0</ele>
        <time>2023-12-23T01:05:40Z</time>
        <extensions><gpxtpx:TrackPointExtension>
          <gpxtpx:hr>176</gpxtpx:hr>
        </gpxtpx:TrackPointExtension></extensions>
      </trkpt>
      <trkpt lat="30.386335" lon="103.835561">
        <ele>439.0</ele>
        <time>2023-12-23T01:05:41Z</time>
        <extensions><gpxtpx:TrackPointExtension>
          <gpxtpx:hr>176</gpxtpx:hr>
        </gpxtpx:TrackPointExtension></extensions>
      </trkpt>
      <trkpt lat="30.386306" lon="103.835572">
        <ele>439.0</ele>
        <time>2023-12-23T01:05:42Z</time>
        <extensions><gpxtpx:TrackPointExtension>
          <gpxtpx:hr>176</gpxtpx:hr>
        </gpxtpx:TrackPointExtension></extensions>
      </trkpt>
      <trkpt lat="30.386276" lon="103.835583">
        <ele>439.0</ele>
        <time>2023-12-23T01:05:43Z</time>
        <extensions><gpxtpx:TrackPointExtension>
          <gpxtpx:hr>176</gpxtpx:hr>
        </gpxtpx:TrackPointExtension></extensions>
      </trkpt>
      <trkpt lat="30.386247" lon="103.835595">
        <ele>439.0</ele>
        <time>2023-12-23T01:05:44Z</time>
        <extensions><gpxtpx:TrackPointExtension>
          <gpxtpx:hr>176</gpxtpx:hr>
        </gpxtpx:TrackPointExtension></extensions>
      </trkpt>
      <trkpt lat="30.386218" lon="103.835607">
        <ele>439.0</ele>
        <time>2023-12-23T01:05:45Z</time>
        <extensions><gpxtpx:TrackPointExtension>
          <gpxtpx:hr>176</gpxtpx:hr>
        </gpxtpx:TrackPointExtension></extensions>
      </trkpt>
      <trkpt lat="30.386188" lon="103.835619">
        <ele>439.0</ele>
        <time>2023-12-23T01:05:46Z</time>
        <extensions><gpxtpx:TrackPointExtension>
          <gpxtpx:hr>176</gpxtpx:hr>
        </gpxtpx:TrackPointExtension></extensions>
      </trkpt>
      <trkpt lat="30.386159" lon="103.83563">
        <ele>439.0</ele>
        <time>2023-12-23T01:05:47Z</time>
        <extensions><gpxtpx:TrackPointExtension>
          <gpxtpx:hr>176</gpxtpx:hr>
        </gpxtpx:TrackPointExtension></extensions>
      </trkpt>
      <trkpt lat="30.386129" lon="103.835641">
        <ele>439.0</ele>
        <time>2023-12-23T01:05:48Z</time>
        <extensions><gpxtpx:TrackPointExtension>
          <gpxtpx:hr>176</gpxtpx:hr>
        </gpxtpx:TrackPointExtension></extensions>
      </trkpt>
      <trkpt lat="30.386099" lon="103.835652">
        <ele>439.0</ele>
        <time>2023-12-23T01:05:49Z</time>
        <extensions><gpxtpx:TrackPointExtension>
          <gpxtpx:hr>176</gpxtpx:hr>
        </gpxtpx:TrackPointExtension></extensions>
      </trkpt>
      <trkpt lat="30.386069" lon="103.835662">
        <ele>439.0</ele>
        <time>2023-12-23T01:05:50Z</time>
        <extensions><gpxtpx:TrackPointExtension>
          <gpxtpx:hr>177</gpxtpx:hr>
        </gpxtpx:TrackPointExtension></extensions>
      </trkpt>
      <trkpt lat="30.386038" lon="103.835673">
        <ele>439.0</ele>
        <time>2023-12-23T01:05:51Z</time>
        <extensions><gpxtpx:TrackPointExtension>
          <gpxtpx:hr>177</gpxtpx:hr>
        </gpxtpx:TrackPointExtension></extensions>
      </trkpt>
      <trkpt lat="30.386008" lon="103.835684">
        <ele>439.0</ele>
        <time>2023-12-23T01:05:52Z</time>
        <extensions><gpxtpx:TrackPointExtension>
          <gpxtpx:hr>177</gpxtpx:hr>
        </gpxtpx:TrackPointExtension></extensions>
      </trkpt>
      <trkpt lat="30.385977" lon="103.835696">
        <ele>439.0</ele>
        <time>2023-12-23T01:05:53Z</time>
        <extensions><gpxtpx:TrackPointExtension>
          <gpxtpx:hr>177</gpxtpx:hr>
        </gpxtpx:TrackPointExtension></extensions>
      </trkpt>
      <trkpt lat="30.385946" lon="103.835709">
        <ele>439.0</ele>
        <time>2023-12-23T01:05:54Z</time>
        <extensions><gpxtpx:TrackPointExtension>
          <gpxtpx:hr>176</gpxtpx:hr>
        </gpxtpx:TrackPointExtension></extensions>
      </trkpt>
      <trkpt lat="30.385915" lon="103.835722">
        <ele>439.0</ele>
        <time>2023-12-23T01:05:55Z</time>
        <extensions><gpxtpx:TrackPointExtension>
          <gpxtpx:hr>176</gpxtpx:hr>
        </gpxtpx:TrackPointExtension></extensions>
      </trkpt>
      <trkpt lat="30.385883" lon="103.835737">
        <ele>439.0</ele>
        <time>2023-12-23T01:05:56Z</time>
        <extensions><gpxtpx:TrackPointExtension>
          <gpxtpx:hr>176</gpxtpx:hr>
        </gpxtpx:TrackPointExtension></extensions>
      </trkpt>
      <trkpt lat="30.38585" lon="103.835751">
        <ele>439.0</ele>
        <time>2023-12-23T01:05:57Z</time>
        <extensions><gpxtpx:TrackPointExtension>
          <gpxtpx:hr>176</gpxtpx:hr>
        </gpxtpx:TrackPointExtension></extensions>
      </trkpt>
      <trkpt lat="30.385818" lon="103.835764">
        <ele>439.0</ele>
        <time>2023-12-23T01:05:58Z</time>
        <extensions><gpxtpx:TrackPointExtension>
          <gpxtpx:hr>176</gpxtpx:hr>
        </gpxtpx:TrackPointExtension></extensions>
      </trkpt>
      <trkpt lat="30.385786" lon="103.835778">
        <ele>439.0</ele>
        <time>2023-12-23T01:05:59Z</time>
        <extensions><gpxtpx:TrackPointExtension>
          <gpxtpx:hr>176</gpxtpx:hr>
        </gpxtpx:TrackPointExtension></extensions>
      </trkpt>
      <trkpt lat="30.385754" lon="103.835791">
        <ele>439.0</ele>
        <time>2023-12-23T01:06:00Z</time>
        <extensions><gpxtpx:TrackPointExtension>
          <gpxtpx:hr>176</gpxtpx:hr>
        </gpxtpx:TrackPointExtension></extensions>
      </trkpt>
      <trkpt lat="30.385722" lon="103.835804">
        <ele>439.0</ele>
        <time>2023-12-23T01:06:01Z</time>
        <extensions><gpxtpx:TrackPointExtension>
          <gpxtpx:hr>176</gpxtpx:hr>
        </gpxtpx:TrackPointExtension></extensions>
      </trkpt>
      <trkpt lat="30.38569" lon="103.835817">
        <ele>439.0</ele>
        <time>2023-12-23T01:06:02Z</time>
        <extensions><gpxtpx:TrackPointExtension>
          <gpxtpx:hr>175</gpxtpx:hr>
        </gpxtpx:TrackPointExtension></extensions>
      </trkpt>
      <trkpt lat="30.385658" lon="103.835829">
        <ele>439.0</ele>
        <time>2023-12-23T01:06:03Z</time>
        <extensions><gpxtpx:TrackPointExtension>
          <gpxtpx:hr>175</gpxtpx:hr>
        </gpxtpx:TrackPointExtension></extensions>
      </trkpt>
      <trkpt lat="30.385627" lon="103.835843">
        <ele>439.0</ele>
        <time>2023-12-23T01:06:04Z</time>
        <extensions><gpxtpx:TrackPointExtension>
          <gpxtpx:hr>175</gpxtpx:hr>
        </gpxtpx:TrackPointExtension></extensions>
      </trkpt>
      <trkpt lat="30.385595" lon="103.835856">
        <ele>439.0</ele>
        <time>2023-12-23T01:06:05Z</time>
        <extensions><gpxtpx:TrackPointExtension>
          <gpxtpx:hr>175</gpxtpx:hr>
        </gpxtpx:TrackPointExtension></extensions>
      </trkpt>
      <trkpt lat="30.385564" lon="103.835869">
        <ele>439.0</ele>
        <time>2023-12-23T01:06:06Z</time>
        <extensions><gpxtpx:TrackPointExtension>
          <gpxtpx:hr>175</gpxtpx:hr>
        </gpxtpx:TrackPointExtension></extensions>
      </trkpt>
      <trkpt lat="30.385533" lon="103.835882">
        <ele>438.0</ele>
        <time>2023-12-23T01:06:07Z</time>
        <extensions><gpxtpx:TrackPointExtension>
          <gpxtpx:hr>175</gpxtpx:hr>
        </gpxtpx:TrackPointExtension></extensions>
      </trkpt>
      <trkpt lat="30.385502" lon="103.835896">
        <ele>438.0</ele>
        <time>2023-12-23T01:06:08Z</time>
        <extensions><gpxtpx:TrackPointExtension>
          <gpxtpx:hr>175</gpxtpx:hr>
        </gpxtpx:TrackPointExtension></extensions>
      </trkpt>
      <trkpt lat="30.385471" lon="103.83591">
        <ele>438.0</ele>
        <time>2023-12-23T01:06:09Z</time>
        <extensions><gpxtpx:TrackPointExtension>
          <gpxtpx:hr>175</gpxtpx:hr>
        </gpxtpx:TrackPointExtension></extensions>
      </trkpt>
      <trkpt lat="30.38544" lon="103.835923">
        <ele>438.0</ele>
        <time>2023-12-23T01:06:10Z</time>
        <extensions><gpxtpx:TrackPointExtension>
          <gpxtpx:hr>175</gpxtpx:hr>
        </gpxtpx:TrackPointExtension></extensions>
      </trkpt>
      <trkpt lat="30.38541" lon="103.835936">
        <ele>438.0</ele>
        <time>2023-12-23T01:06:11Z</time>
        <extensions><gpxtpx:TrackPointExtension>
          <gpxtpx:hr>175</gpxtpx:hr>
        </gpxtpx:TrackPointExtension></extensions>
      </trkpt>
      <trkpt lat="30.385379" lon="103.835948">
        <ele>438.0</ele>
        <time>2023-12-23T01:06:12Z</time>
        <extensions><gpxtpx:TrackPointExtension>
          <gpxtpx:hr>175</gpxtpx:hr>
        </gpxtpx:TrackPointExtension></extensions>
      </trkpt>
      <trkpt lat="30.385349" lon="103.83596">
        <ele>438.0</ele>
        <time>2023-12-23T01:06:13Z</time>
        <extensions><gpxtpx:TrackPointExtension>
          <gpxtpx:hr>175</gpxtpx:hr>
        </gpxtpx:TrackPointExtension></extensions>
      </trkpt>
      <trkpt lat="30.385319" lon="103.835972">
        <ele>438.0</ele>
        <time>2023-12-23T01:06:14Z</time>
        <extensions><gpxtpx:TrackPointExtension>
          <gpxtpx:hr>175</gpxtpx:hr>
        </gpxtpx:TrackPointExtension></extensions>
      </trkpt>
      <trkpt lat="30.38529" lon="103.835983">
        <ele>438.0</ele>
        <time>2023-12-23T01:06:15Z</time>
        <extensions><gpxtpx:TrackPointExtension>
          <gpxtpx:hr>175</gpxtpx:hr>
        </gpxtpx:TrackPointExtension></extensions>
      </trkpt>
      <trkpt lat="30.38526" lon="103.835994">
        <ele>438.0</ele>
        <time>2023-12-23T01:06:16Z</time>
        <extensions><gpxtpx:TrackPointExtension>
          <gpxtpx:hr>175</gpxtpx:hr>
        </gpxtpx:TrackPointExtension></extensions>
      </trkpt>
      <trkpt lat="30.385231" lon="103.836006">
        <ele>438.0</ele>
        <time>2023-12-23T01:06:17Z</time>
        <extensions><gpxtpx:TrackPointExtension>
          <gpxtpx:hr>175</gpxtpx:hr>
        </gpxtpx:TrackPointExtension></extensions>
      </trkpt>
      <trkpt lat="30.385201" lon="103.836017">
        <ele>438.0</ele>
        <time>2023-12-23T01:06:18Z</time>
        <extensions><gpxtpx:TrackPointExtension>
          <gpxtpx:hr>175</gpxtpx:hr>
        </gpxtpx:TrackPointExtension></extensions>
      </trkpt>
      <trkpt lat="30.385172" lon="103.836029">
        <ele>438.0</ele>
        <time>2023-12-23T01:06:19Z</time>
        <extensions><gpxtpx:TrackPointExtension>
          <gpxtpx:hr>175</gpxtpx:hr>
        </gpxtpx:TrackPointExtension></extensions>
      </trkpt>
      <trkpt lat="30.385142" lon="103.836039">
        <ele>438.0</ele>
        <time>2023-12-23T01:06:20Z</time>
        <extensions><gpxtpx:TrackPointExtension>
          <gpxtpx:hr>175</gpxtpx:hr>
        </gpxtpx:TrackPointExtension></extensions>
      </trkpt>
      <trkpt lat="30.385113" lon="103.83605">
        <ele>438.0</ele>
        <time>2023-12-23T01:06:21Z</time>
        <extensions><gpxtpx:TrackPointExtension>
          <gpxtpx:hr>175</gpxtpx:hr>
        </gpxtpx:TrackPointExtension></extensions>
      </trkpt>
      <trkpt lat="30.385083" lon="103.83606">
        <ele>438.0</ele>
        <time>2023-12-23T01:06:22Z</time>
        <extensions><gpxtpx:TrackPointExtension>
          <gpxtpx:hr>174</gpxtpx:hr>
        </gpxtpx:TrackPointExtension></extensions>
      </trkpt>
      <trkpt lat="30.385053" lon="103.83607">
        <ele>438.0</ele>
        <time>2023-12-23T01:06:23Z</time>
        <extensions><gpxtpx:TrackPointExtension>
          <gpxtpx:hr>174</gpxtpx:hr>
        </gpxtpx:TrackPointExtension></extensions>
      </trkpt>
      <trkpt lat="30.385023" lon="103.836082">
        <ele>438.0</ele>
        <time>2023-12-23T01:06:24Z</time>
        <extensions><gpxtpx:TrackPointExtension>
          <gpxtpx:hr>174</gpxtpx:hr>
        </gpxtpx:TrackPointExtension></extensions>
      </trkpt>
      <trkpt lat="30.384993" lon="103.836094">
        <ele>438.0</ele>
        <time>2023-12-23T01:06:25Z</time>
        <extensions><gpxtpx:TrackPointExtension>
          <gpxtpx:hr>175</gpxtpx:hr>
        </gpxtpx:TrackPointExtension></extensions>
      </trkpt>
      <trkpt lat="30.384962" lon="103.836105">
        <ele>438.0</ele>
        <time>2023-12-23T01:06:26Z</time>
        <extensions><gpxtpx:TrackPointExtension>
          <gpxtpx:hr>175</gpxtpx:hr>
        </gpxtpx:TrackPointExtension></extensions>
      </trkpt>
      <trkpt lat="30.384932" lon="103.836116">
        <ele>438.0</ele>
        <time>2023-12-23T01:06:27Z</time>
        <extensions><gpxtpx:TrackPointExtension>
          <gpxtpx:hr>174</gpxtpx:hr>
        </gpxtpx:TrackPointExtension></extensions>
      </trkpt>
      <trkpt lat="30.384901" lon="103.836127">
        <ele>438.0</ele>
        <time>2023-12-23T01:06:28Z</time>
        <extensions><gpxtpx:TrackPointExtension>
          <gpxtpx:hr>174</gpxtpx:hr>
        </gpxtpx:TrackPointExtension></extensions>
      </trkpt>
      <trkpt lat="30.38487" lon="103.836137">
        <ele>438.0</ele>
        <time>2023-12-23T01:06:29Z</time>
        <extensions><gpxtpx:TrackPointExtension>
          <gpxtpx:hr>174</gpxtpx:hr>
        </gpxtpx:TrackPointExtension></extensions>
      </trkpt>
      <trkpt lat="30.384839" lon="103.836147">
        <ele>438.0</ele>
        <time>2023-12-23T01:06:30Z</time>
        <extensions><gpxtpx:TrackPointExtension>
          <gpxtpx:hr>174</gpxtpx:hr>
        </gpxtpx:TrackPointExtension></extensions>
      </trkpt>
      <trkpt lat="30.384808" lon="103.836157">
        <ele>438.0</ele>
        <time>2023-12-23T01:06:31Z</time>
        <extensions><gpxtpx:TrackPointExtension>
          <gpxtpx:hr>174</gpxtpx:hr>
        </gpxtpx:TrackPointExtension></extensions>
      </trkpt>
      <trkpt lat="30.384776" lon="103.836166">
        <ele>438.0</ele>
        <time>2023-12-23T01:06:32Z</time>
        <extensions><gpxtpx:TrackPointExtension>
          <gpxtpx:hr>174</gpxtpx:hr>
        </gpxtpx:TrackPointExtension></extensions>
      </trkpt>
      <trkpt lat="30.384745" lon="103.836175">
        <ele>438.0</ele>
        <time>2023-12-23T01:06:33Z</time>
        <extensions><gpxtpx:TrackPointExtension>
          <gpxtpx:hr>174</gpxtpx:hr>
        </gpxtpx:TrackPointExtension></extensions>
      </trkpt>
      <trkpt lat="30.384714" lon="103.836185">
        <ele>438.0</ele>
        <time>2023-12-23T01:06:34Z</time>
        <extensions><gpxtpx:TrackPointExtension>
          <gpxtpx:hr>174</gpxtpx:hr>
        </gpxtpx:TrackPointExtension></extensions>
      </trkpt>
      <trkpt lat="30.384683" lon="103.836194">
        <ele>438.0</ele>
        <time>2023-12-23T01:06:35Z</time>
        <extensions><gpxtpx:TrackPointExtension>
          <gpxtpx:hr>174</gpxtpx:hr>
        </gpxtpx:TrackPointExtension></extensions>
      </trkpt>
      <trkpt lat="30.384653" lon="103.836204">
        <ele>438.0</ele>
        <time>2023-12-23T01:06:36Z</time>
        <extensions><gpxtpx:TrackPointExtension>
          <gpxtpx:hr>174</gpxtpx:hr>
        </gpxtpx:TrackPointExtension></extensions>
      </trkpt>
      <trkpt lat="30.384622" lon="103.836214">
        <ele>438.0</ele>
        <time>2023-12-23T01:06:37Z</time>
        <extensions><gpxtpx:TrackPointExtension>
          <gpxtpx:hr>174</gpxtpx:hr>
        </gpxtpx:TrackPointExtension></extensions>
      </trkpt>
      <trkpt lat="30.384592" lon="103.836223">
        <ele>438.0</ele>
        <time>2023-12-23T01:06:38Z</time>
        <extensions><gpxtpx:TrackPointExtension>
          <gpxtpx:hr>174</gpxtpx:hr>
        </gpxtpx:TrackPointExtension></extensions>
      </trkpt>
      <trkpt lat="30.384562" lon="103.836233">
        <ele>438.0</ele>
        <time>2023-12-23T01:06:39Z</time>
        <extensions><gpxtpx:TrackPointExtension>
          <gpxtpx:hr>174</gpxtpx:hr>
        </gpxtpx:TrackPointExtension></extensions>
      </trkpt>
      <trkpt lat="30.384531" lon="103.836242">
        <ele>438.0</ele>
        <time>2023-12-23T01:06:40Z</time>
        <extensions><gpxtpx:TrackPointExtension>
          <gpxtpx:hr>174</gpxtpx:hr>
        </gpxtpx:TrackPointExtension></extensions>
      </trkpt>
      <trkpt lat="30.384501" lon="103.836252">
        <ele>438.0</ele>
        <time>2023-12-23T01:06:41Z</time>
        <extensions><gpxtpx:TrackPointExtension>
          <gpxtpx:hr>174</gpxtpx:hr>
        </gpxtpx:TrackPointExtension></extensions>
      </trkpt>
      <trkpt lat="30.38447" lon="103.836261">
        <ele>438.0</ele>
        <time>2023-12-23T01:06:42Z</time>
        <extensions><gpxtpx:TrackPointExtension>
          <gpxtpx:hr>174</gpxtpx:hr>
        </gpxtpx:TrackPointExtension></extensions>
      </trkpt>
      <trkpt lat="30.384439" lon="103.836271">
        <ele>438.0</ele>
        <time>2023-12-23T01:06:43Z</time>
        <extensions><gpxtpx:TrackPointExtension>
          <gpxtpx:hr>174</gpxtpx:hr>
        </gpxtpx:TrackPointExtension></extensions>
      </trkpt>
      <trkpt lat="30.384408" lon="103.836282">
        <ele>438.0</ele>
        <time>2023-12-23T01:06:44Z</time>
        <extensions><gpxtpx:TrackPointExtension>
          <gpxtpx:hr>174</gpxtpx:hr>
        </gpxtpx:TrackPointExtension></extensions>
      </trkpt>
      <trkpt lat="30.384377" lon="103.836292">
        <ele>438.0</ele>
        <time>2023-12-23T01:06:45Z</time>
        <extensions><gpxtpx:TrackPointExtension>
          <gpxtpx:hr>174</gpxtpx:hr>
        </gpxtpx:TrackPointExtension></extensions>
      </trkpt>
      <trkpt lat="30.384346" lon="103.836305">
        <ele>438.0</ele>
        <time>2023-12-23T01:06:46Z</time>
        <extensions><gpxtpx:TrackPointExtension>
          <gpxtpx:hr>174</gpxtpx:hr>
        </gpxtpx:TrackPointExtension></extensions>
      </trkpt>
      <trkpt lat="30.384316" lon="103.836317">
        <ele>438.0</ele>
        <time>2023-12-23T01:06:47Z</time>
        <extensions><gpxtpx:TrackPointExtension>
          <gpxtpx:hr>174</gpxtpx:hr>
        </gpxtpx:TrackPointExtension></extensions>
      </trkpt>
      <trkpt lat="30.384286" lon="103.836332">
        <ele>438.0</ele>
        <time>2023-12-23T01:06:48Z</time>
        <extensions><gpxtpx:TrackPointExtension>
          <gpxtpx:hr>174</gpxtpx:hr>
        </gpxtpx:TrackPointExtension></extensions>
      </trkpt>
      <trkpt lat="30.384256" lon="103.836347">
        <ele>438.0</ele>
        <time>2023-12-23T01:06:49Z</time>
        <extensions><gpxtpx:TrackPointExtension>
          <gpxtpx:hr>174</gpxtpx:hr>
        </gpxtpx:TrackPointExtension></extensions>
      </trkpt>
      <trkpt lat="30.384224" lon="103.836363">
        <ele>438.0</ele>
        <time>2023-12-23T01:06:50Z</time>
        <extensions><gpxtpx:TrackPointExtension>
          <gpxtpx:hr>174</gpxtpx:hr>
        </gpxtpx:TrackPointExtension></extensions>
      </trkpt>
      <trkpt lat="30.384193" lon="103.836379">
        <ele>439.0</ele>
        <time>2023-12-23T01:06:51Z</time>
        <extensions><gpxtpx:TrackPointExtension>
          <gpxtpx:hr>174</gpxtpx:hr>
        </gpxtpx:TrackPointExtension></extensions>
      </trkpt>
      <trkpt lat="30.384161" lon="103.836396">
        <ele>439.0</ele>
        <time>2023-12-23T01:06:52Z</time>
        <extensions><gpxtpx:TrackPointExtension>
          <gpxtpx:hr>174</gpxtpx:hr>
        </gpxtpx:TrackPointExtension></extensions>
      </trkpt>
      <trkpt lat="30.384129" lon="103.836414">
        <ele>439.0</ele>
        <time>2023-12-23T01:06:53Z</time>
        <extensions><gpxtpx:TrackPointExtension>
          <gpxtpx:hr>174</gpxtpx:hr>
        </gpxtpx:TrackPointExtension></extensions>
      </trkpt>
      <trkpt lat="30.384097" lon="103.836431">
        <ele>439.0</ele>
        <time>2023-12-23T01:06:54Z</time>
        <extensions><gpxtpx:TrackPointExtension>
          <gpxtpx:hr>174</gpxtpx:hr>
        </gpxtpx:TrackPointExtension></extensions>
      </trkpt>
      <trkpt lat="30.384065" lon="103.836448">
        <ele>439.0</ele>
        <time>2023-12-23T01:06:55Z</time>
        <extensions><gpxtpx:TrackPointExtension>
          <gpxtpx:hr>174</gpxtpx:hr>
        </gpxtpx:TrackPointExtension></extensions>
      </trkpt>
      <trkpt lat="30.384033" lon="103.836464">
        <ele>439.0</ele>
        <time>2023-12-23T01:06:56Z</time>
        <extensions><gpxtpx:TrackPointExtension>
          <gpxtpx:hr>174</gpxtpx:hr>
        </gpxtpx:TrackPointExtension></extensions>
      </trkpt>
      <trkpt lat="30.384001" lon="103.83648">
        <ele>439.0</ele>
        <time>2023-12-23T01:06:57Z</time>
        <extensions><gpxtpx:TrackPointExtension>
          <gpxtpx:hr>174</gpxtpx:hr>
        </gpxtpx:TrackPointExtension></extensions>
      </trkpt>
      <trkpt lat="30.38397" lon="103.836494">
        <ele>439.0</ele>
        <time>2023-12-23T01:06:58Z</time>
        <extensions><gpxtpx:TrackPointExtension>
          <gpxtpx:hr>174</gpxtpx:hr>
        </gpxtpx:TrackPointExtension></extensions>
      </trkpt>
      <trkpt lat="30.383939" lon="103.836508">
        <ele>439.0</ele>
        <time>2023-12-23T01:06:59Z</time>
        <extensions><gpxtpx:TrackPointExtension>
          <gpxtpx:hr>174</gpxtpx:hr>
        </gpxtpx:TrackPointExtension></extensions>
      </trkpt>
      <trkpt lat="30.383909" lon="103.83652">
        <ele>439.0</ele>
        <time>2023-12-23T01:07:00Z</time>
        <extensions><gpxtpx:TrackPointExtension>
          <gpxtpx:hr>174</gpxtpx:hr>
        </gpxtpx:TrackPointExtension></extensions>
      </trkpt>
      <trkpt lat="30.383879" lon="103.836532">
        <ele>439.0</ele>
        <time>2023-12-23T01:07:01Z</time>
        <extensions><gpxtpx:TrackPointExtension>
          <gpxtpx:hr>174</gpxtpx:hr>
        </gpxtpx:TrackPointExtension></extensions>
      </trkpt>
      <trkpt lat="30.383849" lon="103.836541">
        <ele>439.0</ele>
        <time>2023-12-23T01:07:02Z</time>
        <extensions><gpxtpx:TrackPointExtension>
          <gpxtpx:hr>174</gpxtpx:hr>
        </gpxtpx:TrackPointExtension></extensions>
      </trkpt>
      <trkpt lat="30.383819" lon="103.836551">
        <ele>439.0</ele>
        <time>2023-12-23T01:07:03Z</time>
        <extensions><gpxtpx:TrackPointExtension>
          <gpxtpx:hr>174</gpxtpx:hr>
        </gpxtpx:TrackPointExtension></extensions>
      </trkpt>
      <trkpt lat="30.383789" lon="103.836561">
        <ele>439.0</ele>
        <time>2023-12-23T01:07:04Z</time>
        <extensions><gpxtpx:TrackPointExtension>
          <gpxtpx:hr>174</gpxtpx:hr>
        </gpxtpx:TrackPointExtension></extensions>
      </trkpt>
      <trkpt lat="30.383758" lon="103.836571">
        <ele>439.0</ele>
        <time>2023-12-23T01:07:05Z</time>
        <extensions><gpxtpx:TrackPointExtension>
          <gpxtpx:hr>173</gpxtpx:hr>
        </gpxtpx:TrackPointExtension></extensions>
      </trkpt>
      <trkpt lat="30.383726" lon="103.836582">
        <ele>439.0</ele>
        <time>2023-12-23T01:07:06Z</time>
        <extensions><gpxtpx:TrackPointExtension>
          <gpxtpx:hr>173</gpxtpx:hr>
        </gpxtpx:TrackPointExtension></extensions>
      </trkpt>
      <trkpt lat="30.383694" lon="103.836592">
        <ele>439.0</ele>
        <time>2023-12-23T01:07:07Z</time>
        <extensions><gpxtpx:TrackPointExtension>
          <gpxtpx:hr>173</gpxtpx:hr>
        </gpxtpx:TrackPointExtension></extensions>
      </trkpt>
      <trkpt lat="30.383662" lon="103.836604">
        <ele>439.0</ele>
        <time>2023-12-23T01:07:08Z</time>
        <extensions><gpxtpx:TrackPointExtension>
          <gpxtpx:hr>173</gpxtpx:hr>
        </gpxtpx:TrackPointExtension></extensions>
      </trkpt>
      <trkpt lat="30.38363" lon="103.836615">
        <ele>439.0</ele>
        <time>2023-12-23T01:07:09Z</time>
        <extensions><gpxtpx:TrackPointExtension>
          <gpxtpx:hr>173</gpxtpx:hr>
        </gpxtpx:TrackPointExtension></extensions>
      </trkpt>
      <trkpt lat="30.383599" lon="103.836627">
        <ele>439.0</ele>
        <time>2023-12-23T01:07:10Z</time>
        <extensions><gpxtpx:TrackPointExtension>
          <gpxtpx:hr>173</gpxtpx:hr>
        </gpxtpx:TrackPointExtension></extensions>
      </trkpt>
      <trkpt lat="30.383568" lon="103.83664">
        <ele>439.0</ele>
        <time>2023-12-23T01:07:11Z</time>
        <extensions><gpxtpx:TrackPointExtension>
          <gpxtpx:hr>173</gpxtpx:hr>
        </gpxtpx:TrackPointExtension></extensions>
      </trkpt>
      <trkpt lat="30.383538" lon="103.836652">
        <ele>439.0</ele>
        <time>2023-12-23T01:07:12Z</time>
        <extensions><gpxtpx:TrackPointExtension>
          <gpxtpx:hr>173</gpxtpx:hr>
        </gpxtpx:TrackPointExtension></extensions>
      </trkpt>
      <trkpt lat="30.383507" lon="103.836665">
        <ele>439.0</ele>
        <time>2023-12-23T01:07:13Z</time>
        <extensions><gpxtpx:TrackPointExtension>
          <gpxtpx:hr>173</gpxtpx:hr>
        </gpxtpx:TrackPointExtension></extensions>
      </trkpt>
      <trkpt lat="30.383478" lon="103.836678">
        <ele>439.0</ele>
        <time>2023-12-23T01:07:14Z</time>
        <extensions><gpxtpx:TrackPointExtension>
          <gpxtpx:hr>173</gpxtpx:hr>
        </gpxtpx:TrackPointExtension></extensions>
      </trkpt>
      <trkpt lat="30.383448" lon="103.836691">
        <ele>439.0</ele>
        <time>2023-12-23T01:07:15Z</time>
        <extensions><gpxtpx:TrackPointExtension>
          <gpxtpx:hr>173</gpxtpx:hr>
        </gpxtpx:TrackPointExtension></extensions>
      </trkpt>
      <trkpt lat="30.383419" lon="103.836704">
        <ele>439.0</ele>
        <time>2023-12-23T01:07:16Z</time>
        <extensions><gpxtpx:TrackPointExtension>
          <gpxtpx:hr>173</gpxtpx:hr>
        </gpxtpx:TrackPointExtension></extensions>
      </trkpt>
      <trkpt lat="30.38339" lon="103.836718">
        <ele>439.0</ele>
        <time>2023-12-23T01:07:17Z</time>
        <extensions><gpxtpx:TrackPointExtension>
          <gpxtpx:hr>172</gpxtpx:hr>
        </gpxtpx:TrackPointExtension></extensions>
      </trkpt>
      <trkpt lat="30.38336" lon="103.836732">
        <ele>439.0</ele>
        <time>2023-12-23T01:07:18Z</time>
        <extensions><gpxtpx:TrackPointExtension>
          <gpxtpx:hr>172</gpxtpx:hr>
        </gpxtpx:TrackPointExtension></extensions>
      </trkpt>
      <trkpt lat="30.38333" lon="103.836746">
        <ele>439.0</ele>
        <time>2023-12-23T01:07:19Z</time>
        <extensions><gpxtpx:TrackPointExtension>
          <gpxtpx:hr>172</gpxtpx:hr>
        </gpxtpx:TrackPointExtension></extensions>
      </trkpt>
      <trkpt lat="30.383298" lon="103.836759">
        <ele>439.0</ele>
        <time>2023-12-23T01:07:20Z</time>
        <extensions><gpxtpx:TrackPointExtension>
          <gpxtpx:hr>172</gpxtpx:hr>
        </gpxtpx:TrackPointExtension></extensions>
      </trkpt>
      <trkpt lat="30.383267" lon="103.836772">
        <ele>439.0</ele>
        <time>2023-12-23T01:07:21Z</time>
        <extensions><gpxtpx:TrackPointExtension>
          <gpxtpx:hr>172</gpxtpx:hr>
        </gpxtpx:TrackPointExtension></extensions>
      </trkpt>
      <trkpt lat="30.383236" lon="103.836785">
        <ele>439.0</ele>
        <time>2023-12-23T01:07:22Z</time>
        <extensions><gpxtpx:TrackPointExtension>
          <gpxtpx:hr>172</gpxtpx:hr>
        </gpxtpx:TrackPointExtension></extensions>
      </trkpt>
      <trkpt lat="30.383205" lon="103.836797">
        <ele>439.0</ele>
        <time>2023-12-23T01:07:23Z</time>
        <extensions><gpxtpx:TrackPointExtension>
          <gpxtpx:hr>172</gpxtpx:hr>
        </gpxtpx:TrackPointExtension></extensions>
      </trkpt>
      <trkpt lat="30.383173" lon="103.83681">
        <ele>439.0</ele>
        <time>2023-12-23T01:07:24Z</time>
        <extensions><gpxtpx:TrackPointExtension>
          <gpxtpx:hr>172</gpxtpx:hr>
        </gpxtpx:TrackPointExtension></extensions>
      </trkpt>
      <trkpt lat="30.383142" lon="103.836823">
        <ele>439.0</ele>
        <time>2023-12-23T01:07:25Z</time>
        <extensions><gpxtpx:TrackPointExtension>
          <gpxtpx:hr>172</gpxtpx:hr>
        </gpxtpx:TrackPointExtension></extensions>
      </trkpt>
      <trkpt lat="30.383111" lon="103.836835">
        <ele>439.0</ele>
        <time>2023-12-23T01:07:26Z</time>
        <extensions><gpxtpx:TrackPointExtension>
          <gpxtpx:hr>172</gpxtpx:hr>
        </gpxtpx:TrackPointExtension></extensions>
      </trkpt>
      <trkpt lat="30.38308" lon="103.836848">
        <ele>439.0</ele>
        <time>2023-12-23T01:07:27Z</time>
        <extensions><gpxtpx:TrackPointExtension>
          <gpxtpx:hr>172</gpxtpx:hr>
        </gpxtpx:TrackPointExtension></extensions>
      </trkpt>
      <trkpt lat="30.38305" lon="103.836859">
        <ele>439.0</ele>
        <time>2023-12-23T01:07:28Z</time>
        <extensions><gpxtpx:TrackPointExtension>
          <gpxtpx:hr>172</gpxtpx:hr>
        </gpxtpx:TrackPointExtension></extensions>
      </trkpt>
      <trkpt lat="30.383021" lon="103.836871">
        <ele>439.0</ele>
        <time>2023-12-23T01:07:29Z</time>
        <extensions><gpxtpx:TrackPointExtension>
          <gpxtpx:hr>172</gpxtpx:hr>
        </gpxtpx:TrackPointExtension></extensions>
      </trkpt>
      <trkpt lat="30.382992" lon="103.836882">
        <ele>439.0</ele>
        <time>2023-12-23T01:07:30Z</time>
        <extensions><gpxtpx:TrackPointExtension>
          <gpxtpx:hr>172</gpxtpx:hr>
        </gpxtpx:TrackPointExtension></extensions>
      </trkpt>
      <trkpt lat="30.382962" lon="103.836893">
        <ele>439.0</ele>
        <time>2023-12-23T01:07:31Z</time>
        <extensions><gpxtpx:TrackPointExtension>
          <gpxtpx:hr>172</gpxtpx:hr>
        </gpxtpx:TrackPointExtension></extensions>
      </trkpt>
      <trkpt lat="30.382933" lon="103.836905">
        <ele>439.0</ele>
        <time>2023-12-23T01:07:32Z</time>
        <extensions><gpxtpx:TrackPointExtension>
          <gpxtpx:hr>172</gpxtpx:hr>
        </gpxtpx:TrackPointExtension></extensions>
      </trkpt>
      <trkpt lat="30.382905" lon="103.836916">
        <ele>439.0</ele>
        <time>2023-12-23T01:07:33Z</time>
        <extensions><gpxtpx:TrackPointExtension>
          <gpxtpx:hr>172</gpxtpx:hr>
        </gpxtpx:TrackPointExtension></extensions>
      </trkpt>
      <trkpt lat="30.382875" lon="103.836928">
        <ele>439.0</ele>
        <time>2023-12-23T01:07:34Z</time>
        <extensions><gpxtpx:TrackPointExtension>
          <gpxtpx:hr>172</gpxtpx:hr>
        </gpxtpx:TrackPointExtension></extensions>
      </trkpt>
      <trkpt lat="30.382845" lon="103.83694">
        <ele>439.0</ele>
        <time>2023-12-23T01:07:35Z</time>
        <extensions><gpxtpx:TrackPointExtension>
          <gpxtpx:hr>172</gpxtpx:hr>
        </gpxtpx:TrackPointExtension></extensions>
      </trkpt>
      <trkpt lat="30.382813" lon="103.836952">
        <ele>439.0</ele>
        <time>2023-12-23T01:07:36Z</time>
        <extensions><gpxtpx:TrackPointExtension>
          <gpxtpx:hr>173</gpxtpx:hr>
        </gpxtpx:TrackPointExtension></extensions>
      </trkpt>
      <trkpt lat="30.382782" lon="103.836965">
        <ele>439.0</ele>
        <time>2023-12-23T01:07:37Z</time>
        <extensions><gpxtpx:TrackPointExtension>
          <gpxtpx:hr>173</gpxtpx:hr>
        </gpxtpx:TrackPointExtension></extensions>
      </trkpt>
      <trkpt lat="30.382749" lon="103.836978">
        <ele>439.0</ele>
        <time>2023-12-23T01:07:38Z</time>
        <extensions><gpxtpx:TrackPointExtension>
          <gpxtpx:hr>172</gpxtpx:hr>
        </gpxtpx:TrackPointExtension></extensions>
      </trkpt>
      <trkpt lat="30.382717" lon="103.836992">
        <ele>439.0</ele>
        <time>2023-12-23T01:07:39Z</time>
        <extensions><gpxtpx:TrackPointExtension>
          <gpxtpx:hr>172</gpxtpx:hr>
        </gpxtpx:TrackPointExtension></extensions>
      </trkpt>
      <trkpt lat="30.382684" lon="103.837006">
        <ele>439.0</ele>
        <time>2023-12-23T01:07:40Z</time>
        <extensions><gpxtpx:TrackPointExtension>
          <gpxtpx:hr>172</gpxtpx:hr>
        </gpxtpx:TrackPointExtension></extensions>
      </trkpt>
      <trkpt lat="30.382651" lon="103.83702">
        <ele>439.0</ele>
        <time>2023-12-23T01:07:41Z</time>
        <extensions><gpxtpx:TrackPointExtension>
          <gpxtpx:hr>172</gpxtpx:hr>
        </gpxtpx:TrackPointExtension></extensions>
      </trkpt>
      <trkpt lat="30.382619" lon="103.837033">
        <ele>439.0</ele>
        <time>2023-12-23T01:07:42Z</time>
        <extensions><gpxtpx:TrackPointExtension>
          <gpxtpx:hr>172</gpxtpx:hr>
        </gpxtpx:TrackPointExtension></extensions>
      </trkpt>
      <trkpt lat="30.382587" lon="103.837045">
        <ele>439.0</ele>
        <time>2023-12-23T01:07:43Z</time>
        <extensions><gpxtpx:TrackPointExtension>
          <gpxtpx:hr>172</gpxtpx:hr>
        </gpxtpx:TrackPointExtension></extensions>
      </trkpt>
      <trkpt lat="30.382555" lon="103.837056">
        <ele>439.0</ele>
        <time>2023-12-23T01:07:44Z</time>
        <extensions><gpxtpx:TrackPointExtension>
          <gpxtpx:hr>172</gpxtpx:hr>
        </gpxtpx:TrackPointExtension></extensions>
      </trkpt>
      <trkpt lat="30.382524" lon="103.837067">
        <ele>439.0</ele>
        <time>2023-12-23T01:07:45Z</time>
        <extensions><gpxtpx:TrackPointExtension>
          <gpxtpx:hr>172</gpxtpx:hr>
        </gpxtpx:TrackPointExtension></extensions>
      </trkpt>
      <trkpt lat="30.382494" lon="103.837078">
        <ele>439.0</ele>
        <time>2023-12-23T01:07:46Z</time>
        <extensions><gpxtpx:TrackPointExtension>
          <gpxtpx:hr>172</gpxtpx:hr>
        </gpxtpx:TrackPointExtension></extensions>
      </trkpt>
      <trkpt lat="30.382464" lon="103.837088">
        <ele>439.0</ele>
        <time>2023-12-23T01:07:47Z</time>
        <extensions><gpxtpx:TrackPointExtension>
          <gpxtpx:hr>172</gpxtpx:hr>
        </gpxtpx:TrackPointExtension></extensions>
      </trkpt>
      <trkpt lat="30.382433" lon="103.8371">
        <ele>439.0</ele>
        <time>2023-12-23T01:07:48Z</time>
        <extensions><gpxtpx:TrackPointExtension>
          <gpxtpx:hr>172</gpxtpx:hr>
        </gpxtpx:TrackPointExtension></extensions>
      </trkpt>
      <trkpt lat="30.382403" lon="103.837111">
        <ele>439.0</ele>
        <time>2023-12-23T01:07:49Z</time>
        <extensions><gpxtpx:TrackPointExtension>
          <gpxtpx:hr>172</gpxtpx:hr>
        </gpxtpx:TrackPointExtension></extensions>
      </trkpt>
      <trkpt lat="30.382372" lon="103.837123">
        <ele>439.0</ele>
        <time>2023-12-23T01:07:50Z</time>
        <extensions><gpxtpx:TrackPointExtension>
          <gpxtpx:hr>172</gpxtpx:hr>
        </gpxtpx:TrackPointExtension></extensions>
      </trkpt>
      <trkpt lat="30.38234" lon="103.837136">
        <ele>439.0</ele>
        <time>2023-12-23T01:07:51Z</time>
        <extensions><gpxtpx:TrackPointExtension>
          <gpxtpx:hr>172</gpxtpx:hr>
        </gpxtpx:TrackPointExtension></extensions>
      </trkpt>
      <trkpt lat="30.382308" lon="103.837149">
        <ele>439.0</ele>
        <time>2023-12-23T01:07:52Z</time>
        <extensions><gpxtpx:TrackPointExtension>
          <gpxtpx:hr>172</gpxtpx:hr>
        </gpxtpx:TrackPointExtension></extensions>
      </trkpt>
      <trkpt lat="30.382276" lon="103.837162">
        <ele>439.0</ele>
        <time>2023-12-23T01:07:53Z</time>
        <extensions><gpxtpx:TrackPointExtension>
          <gpxtpx:hr>172</gpxtpx:hr>
        </gpxtpx:TrackPointExtension></extensions>
      </trkpt>
      <trkpt lat="30.382244" lon="103.837177">
        <ele>439.0</ele>
        <time>2023-12-23T01:07:54Z</time>
        <extensions><gpxtpx:TrackPointExtension>
          <gpxtpx:hr>172</gpxtpx:hr>
        </gpxtpx:TrackPointExtension></extensions>
      </trkpt>
      <trkpt lat="30.382212" lon="103.837191">
        <ele>439.0</ele>
        <time>2023-12-23T01:07:55Z</time>
        <extensions><gpxtpx:TrackPointExtension>
          <gpxtpx:hr>172</gpxtpx:hr>
        </gpxtpx:TrackPointExtension></extensions>
      </trkpt>
      <trkpt lat="30.38218" lon="103.837205">
        <ele>439.0</ele>
        <time>2023-12-23T01:07:56Z</time>
        <extensions><gpxtpx:TrackPointExtension>
          <gpxtpx:hr>172</gpxtpx:hr>
        </gpxtpx:TrackPointExtension></extensions>
      </trkpt>
      <trkpt lat="30.382149" lon="103.837219">
        <ele>439.0</ele>
        <time>2023-12-23T01:07:57Z</time>
        <extensions><gpxtpx:TrackPointExtension>
          <gpxtpx:hr>171</gpxtpx:hr>
        </gpxtpx:TrackPointExtension></extensions>
      </trkpt>
      <trkpt lat="30.382118" lon="103.837232">
        <ele>439.0</ele>
        <time>2023-12-23T01:07:58Z</time>
        <extensions><gpxtpx:TrackPointExtension>
          <gpxtpx:hr>171</gpxtpx:hr>
        </gpxtpx:TrackPointExtension></extensions>
      </trkpt>
      <trkpt lat="30.382086" lon="103.837245">
        <ele>439.0</ele>
        <time>2023-12-23T01:07:59Z</time>
        <extensions><gpxtpx:TrackPointExtension>
          <gpxtpx:hr>171</gpxtpx:hr>
        </gpxtpx:TrackPointExtension></extensions>
      </trkpt>
      <trkpt lat="30.382055" lon="103.837258">
        <ele>439.0</ele>
        <time>2023-12-23T01:08:00Z</time>
        <extensions><gpxtpx:TrackPointExtension>
          <gpxtpx:hr>171</gpxtpx:hr>
        </gpxtpx:TrackPointExtension></extensions>
      </trkpt>
      <trkpt lat="30.382024" lon="103.83727">
        <ele>439.0</ele>
        <time>2023-12-23T01:08:01Z</time>
        <extensions><gpxtpx:TrackPointExtension>
          <gpxtpx:hr>171</gpxtpx:hr>
        </gpxtpx:TrackPointExtension></extensions>
      </trkpt>
      <trkpt lat="30.381992" lon="103.837281">
        <ele>439.0</ele>
        <time>2023-12-23T01:08:02Z</time>
        <extensions><gpxtpx:TrackPointExtension>
          <gpxtpx:hr>171</gpxtpx:hr>
        </gpxtpx:TrackPointExtension></extensions>
      </trkpt>
      <trkpt lat="30.38196" lon="103.837292">
        <ele>439.0</ele>
        <time>2023-12-23T01:08:03Z</time>
        <extensions><gpxtpx:TrackPointExtension>
          <gpxtpx:hr>171</gpxtpx:hr>
        </gpxtpx:TrackPointExtension></extensions>
      </trkpt>
      <trkpt lat="30.381928" lon="103.837304">
        <ele>439.0</ele>
        <time>2023-12-23T01:08:04Z</time>
        <extensions><gpxtpx:TrackPointExtension>
          <gpxtpx:hr>171</gpxtpx:hr>
        </gpxtpx:TrackPointExtension></extensions>
      </trkpt>
      <trkpt lat="30.381896" lon="103.837316">
        <ele>439.0</ele>
        <time>2023-12-23T01:08:05Z</time>
        <extensions><gpxtpx:TrackPointExtension>
          <gpxtpx:hr>171</gpxtpx:hr>
        </gpxtpx:TrackPointExtension></extensions>
      </trkpt>
      <trkpt lat="30.381865" lon="103.837329">
        <ele>439.0</ele>
        <time>2023-12-23T01:08:06Z</time>
        <extensions><gpxtpx:TrackPointExtension>
          <gpxtpx:hr>171</gpxtpx:hr>
        </gpxtpx:TrackPointExtension></extensions>
      </trkpt>
      <trkpt lat="30.381833" lon="103.837341">
        <ele>439.0</ele>
        <time>2023-12-23T01:08:07Z</time>
        <extensions><gpxtpx:TrackPointExtension>
          <gpxtpx:hr>171</gpxtpx:hr>
        </gpxtpx:TrackPointExtension></extensions>
      </trkpt>
      <trkpt lat="30.381803" lon="103.837353">
        <ele>439.0</ele>
        <time>2023-12-23T01:08:08Z</time>
        <extensions><gpxtpx:TrackPointExtension>
          <gpxtpx:hr>171</gpxtpx:hr>
        </gpxtpx:TrackPointExtension></extensions>
      </trkpt>
      <trkpt lat="30.381773" lon="103.837365">
        <ele>439.0</ele>
        <time>2023-12-23T01:08:09Z</time>
        <extensions><gpxtpx:TrackPointExtension>
          <gpxtpx:hr>171</gpxtpx:hr>
        </gpxtpx:TrackPointExtension></extensions>
      </trkpt>
      <trkpt lat="30.381744" lon="103.837376">
        <ele>439.0</ele>
        <time>2023-12-23T01:08:10Z</time>
        <extensions><gpxtpx:TrackPointExtension>
          <gpxtpx:hr>171</gpxtpx:hr>
        </gpxtpx:TrackPointExtension></extensions>
      </trkpt>
      <trkpt lat="30.381714" lon="103.837387">
        <ele>439.0</ele>
        <time>2023-12-23T01:08:11Z</time>
        <extensions><gpxtpx:TrackPointExtension>
          <gpxtpx:hr>171</gpxtpx:hr>
        </gpxtpx:TrackPointExtension></extensions>
      </trkpt>
      <trkpt lat="30.381685" lon="103.837398">
        <ele>439.0</ele>
        <time>2023-12-23T01:08:12Z</time>
        <extensions><gpxtpx:TrackPointExtension>
          <gpxtpx:hr>171</gpxtpx:hr>
        </gpxtpx:TrackPointExtension></extensions>
      </trkpt>
      <trkpt lat="30.381656" lon="103.83741">
        <ele>439.0</ele>
        <time>2023-12-23T01:08:13Z</time>
        <extensions><gpxtpx:TrackPointExtension>
          <gpxtpx:hr>171</gpxtpx:hr>
        </gpxtpx:TrackPointExtension></extensions>
      </trkpt>
      <trkpt lat="30.381627" lon="103.837421">
        <ele>439.0</ele>
        <time>2023-12-23T01:08:14Z</time>
        <extensions><gpxtpx:TrackPointExtension>
          <gpxtpx:hr>171</gpxtpx:hr>
        </gpxtpx:TrackPointExtension></extensions>
      </trkpt>
      <trkpt lat="30.381598" lon="103.837433">
        <ele>439.0</ele>
        <time>2023-12-23T01:08:15Z</time>
        <extensions><gpxtpx:TrackPointExtension>
          <gpxtpx:hr>171</gpxtpx:hr>
        </gpxtpx:TrackPointExtension></extensions>
      </trkpt>
      <trkpt lat="30.381569" lon="103.837446">
        <ele>439.0</ele>
        <time>2023-12-23T01:08:16Z</time>
        <extensions><gpxtpx:TrackPointExtension>
          <gpxtpx:hr>171</gpxtpx:hr>
        </gpxtpx:TrackPointExtension></extensions>
      </trkpt>
      <trkpt lat="30.38154" lon="103.837458">
        <ele>439.0</ele>
        <time>2023-12-23T01:08:17Z</time>
        <extensions><gpxtpx:TrackPointExtension>
          <gpxtpx:hr>169</gpxtpx:hr>
        </gpxtpx:TrackPointExtension></extensions>
      </trkpt>
      <trkpt lat="30.381511" lon="103.837471">
        <ele>439.0</ele>
        <time>2023-12-23T01:08:18Z</time>
        <extensions><gpxtpx:TrackPointExtension>
          <gpxtpx:hr>168</gpxtpx:hr>
        </gpxtpx:TrackPointExtension></extensions>
      </trkpt>
      <trkpt lat="30.381481" lon="103.837484">
        <ele>439.0</ele>
        <time>2023-12-23T01:08:19Z</time>
        <extensions><gpxtpx:TrackPointExtension>
          <gpxtpx:hr>168</gpxtpx:hr>
        </gpxtpx:TrackPointExtension></extensions>
      </trkpt>
      <trkpt lat="30.381451" lon="103.837496">
        <ele>439.0</ele>
        <time>2023-12-23T01:08:20Z</time>
        <extensions><gpxtpx:TrackPointExtension>
          <gpxtpx:hr>168</gpxtpx:hr>
        </gpxtpx:TrackPointExtension></extensions>
      </trkpt>
      <trkpt lat="30.381422" lon="103.837509">
        <ele>439.0</ele>
        <time>2023-12-23T01:08:21Z</time>
        <extensions><gpxtpx:TrackPointExtension>
          <gpxtpx:hr>168</gpxtpx:hr>
        </gpxtpx:TrackPointExtension></extensions>
      </trkpt>
      <trkpt lat="30.381391" lon="103.837521">
        <ele>439.0</ele>
        <time>2023-12-23T01:08:22Z</time>
        <extensions><gpxtpx:TrackPointExtension>
          <gpxtpx:hr>168</gpxtpx:hr>
        </gpxtpx:TrackPointExtension></extensions>
      </trkpt>
      <trkpt lat="30.381361" lon="103.837533">
        <ele>439.0</ele>
        <time>2023-12-23T01:08:23Z</time>
        <extensions><gpxtpx:TrackPointExtension>
          <gpxtpx:hr>168</gpxtpx:hr>
        </gpxtpx:TrackPointExtension></extensions>
      </trkpt>
      <trkpt lat="30.38133" lon="103.837546">
        <ele>439.0</ele>
        <time>2023-12-23T01:08:24Z</time>
        <extensions><gpxtpx:TrackPointExtension>
          <gpxtpx:hr>168</gpxtpx:hr>
        </gpxtpx:TrackPointExtension></extensions>
      </trkpt>
      <trkpt lat="30.3813" lon="103.837559">
        <ele>439.0</ele>
        <time>2023-12-23T01:08:25Z</time>
        <extensions><gpxtpx:TrackPointExtension>
          <gpxtpx:hr>168</gpxtpx:hr>
        </gpxtpx:TrackPointExtension></extensions>
      </trkpt>
      <trkpt lat="30.381271" lon="103.837575">
        <ele>439.0</ele>
        <time>2023-12-23T01:08:26Z</time>
        <extensions><gpxtpx:TrackPointExtension>
          <gpxtpx:hr>168</gpxtpx:hr>
        </gpxtpx:TrackPointExtension></extensions>
      </trkpt>
      <trkpt lat="30.381241" lon="103.837591">
        <ele>439.0</ele>
        <time>2023-12-23T01:08:27Z</time>
        <extensions><gpxtpx:TrackPointExtension>
          <gpxtpx:hr>168</gpxtpx:hr>
        </gpxtpx:TrackPointExtension></extensions>
      </trkpt>
      <trkpt lat="30.381215" lon="103.837612">
        <ele>439.0</ele>
        <time>2023-12-23T01:08:28Z</time>
        <extensions><gpxtpx:TrackPointExtension>
          <gpxtpx:hr>168</gpxtpx:hr>
        </gpxtpx:TrackPointExtension></extensions>
      </trkpt>
      <trkpt lat="30.381189" lon="103.837632">
        <ele>439.0</ele>
        <time>2023-12-23T01:08:29Z</time>
        <extensions><gpxtpx:TrackPointExtension>
          <gpxtpx:hr>168</gpxtpx:hr>
        </gpxtpx:TrackPointExtension></extensions>
      </trkpt>
      <trkpt lat="30.381167" lon="103.837658">
        <ele>439.0</ele>
        <time>2023-12-23T01:08:30Z</time>
        <extensions><gpxtpx:TrackPointExtension>
          <gpxtpx:hr>168</gpxtpx:hr>
        </gpxtpx:TrackPointExtension></extensions>
      </trkpt>
      <trkpt lat="30.381145" lon="103.837684">
        <ele>439.0</ele>
        <time>2023-12-23T01:08:31Z</time>
        <extensions><gpxtpx:TrackPointExtension>
          <gpxtpx:hr>168</gpxtpx:hr>
        </gpxtpx:TrackPointExtension></extensions>
      </trkpt>
      <trkpt lat="30.381127" lon="103.837714">
        <ele>439.0</ele>
        <time>2023-12-23T01:08:32Z</time>
        <extensions><gpxtpx:TrackPointExtension>
          <gpxtpx:hr>168</gpxtpx:hr>
        </gpxtpx:TrackPointExtension></extensions>
      </trkpt>
      <trkpt lat="30.381109" lon="103.837745">
        <ele>439.0</ele>
        <time>2023-12-23T01:08:33Z</time>
        <extensions><gpxtpx:TrackPointExtension>
          <gpxtpx:hr>168</gpxtpx:hr>
        </gpxtpx:TrackPointExtension></extensions>
      </trkpt>
      <trkpt lat="30.381095" lon="103.837778">
        <ele>439.0</ele>
        <time>2023-12-23T01:08:34Z</time>
        <extensions><gpxtpx:TrackPointExtension>
          <gpxtpx:hr>168</gpxtpx:hr>
        </gpxtpx:TrackPointExtension></extensions>
      </trkpt>
      <trkpt lat="30.38108" lon="103.837811">
        <ele>439.0</ele>
        <time>2023-12-23T01:08:35Z</time>
        <extensions><gpxtpx:TrackPointExtension>
          <gpxtpx:hr>168</gpxtpx:hr>
        </gpxtpx:TrackPointExtension></extensions>
      </trkpt>
      <trkpt lat="30.381068" lon="103.837846">
        <ele>439.0</ele>
        <time>2023-12-23T01:08:36Z</time>
        <extensions><gpxtpx:TrackPointExtension>
          <gpxtpx:hr>167</gpxtpx:hr>
        </gpxtpx:TrackPointExtension></extensions>
      </trkpt>
      <trkpt lat="30.381056" lon="103.837881">
        <ele>439.0</ele>
        <time>2023-12-23T01:08:37Z</time>
        <extensions><gpxtpx:TrackPointExtension>
          <gpxtpx:hr>168</gpxtpx:hr>
        </gpxtpx:TrackPointExtension></extensions>
      </trkpt>
      <trkpt lat="30.381047" lon="103.837916">
        <ele>439.0</ele>
        <time>2023-12-23T01:08:38Z</time>
        <extensions><gpxtpx:TrackPointExtension>
          <gpxtpx:hr>168</gpxtpx:hr>
        </gpxtpx:TrackPointExtension></extensions>
      </trkpt>
      <trkpt lat="30.381039" lon="103.837952">
        <ele>439.0</ele>
        <time>2023-12-23T01:08:39Z</time>
        <extensions><gpxtpx:TrackPointExtension>
          <gpxtpx:hr>168</gpxtpx:hr>
        </gpxtpx:TrackPointExtension></extensions>
      </trkpt>
      <trkpt lat="30.381031" lon="103.837988">
        <ele>439.0</ele>
        <time>2023-12-23T01:08:40Z</time>
        <extensions><gpxtpx:TrackPointExtension>
          <gpxtpx:hr>168</gpxtpx:hr>
        </gpxtpx:TrackPointExtension></extensions>
      </trkpt>
      <trkpt lat="30.381023" lon="103.838024">
        <ele>439.0</ele>
        <time>2023-12-23T01:08:41Z</time>
        <extensions><gpxtpx:TrackPointExtension>
          <gpxtpx:hr>168</gpxtpx:hr>
        </gpxtpx:TrackPointExtension></extensions>
      </trkpt>
      <trkpt lat="30.381017" lon="103.838061">
        <ele>439.0</ele>
        <time>2023-12-23T01:08:42Z</time>
        <extensions><gpxtpx:TrackPointExtension>
          <gpxtpx:hr>168</gpxtpx:hr>
        </gpxtpx:TrackPointExtension></extensions>
      </trkpt>
      <trkpt lat="30.38101" lon="103.838099">
        <ele>439.0</ele>
        <time>2023-12-23T01:08:43Z</time>
        <extensions><gpxtpx:TrackPointExtension>
          <gpxtpx:hr>168</gpxtpx:hr>
        </gpxtpx:TrackPointExtension></extensions>
      </trkpt>
      <trkpt lat="30.381006" lon="103.838138">
        <ele>439.0</ele>
        <time>2023-12-23T01:08:44Z</time>
        <extensions><gpxtpx:TrackPointExtension>
          <gpxtpx:hr>168</gpxtpx:hr>
        </gpxtpx:TrackPointExtension></extensions>
      </trkpt>
      <trkpt lat="30.381002" lon="103.838177">
        <ele>439.0</ele>
        <time>2023-12-23T01:08:45Z</time>
        <extensions><gpxtpx:TrackPointExtension>
          <gpxtpx:hr>168</gpxtpx:hr>
        </gpxtpx:TrackPointExtension></extensions>
      </trkpt>
      <trkpt lat="30.381001" lon="103.838217">
        <ele>439.0</ele>
        <time>2023-12-23T01:08:46Z</time>
        <extensions><gpxtpx:TrackPointExtension>
          <gpxtpx:hr>168</gpxtpx:hr>
        </gpxtpx:TrackPointExtension></extensions>
      </trkpt>
      <trkpt lat="30.380999" lon="103.838256">
        <ele>439.0</ele>
        <time>2023-12-23T01:08:47Z</time>
        <extensions><gpxtpx:TrackPointExtension>
          <gpxtpx:hr>167</gpxtpx:hr>
        </gpxtpx:TrackPointExtension></extensions>
      </trkpt>
      <trkpt lat="30.381001" lon="103.838296">
        <ele>439.0</ele>
        <time>2023-12-23T01:08:48Z</time>
        <extensions><gpxtpx:TrackPointExtension>
          <gpxtpx:hr>167</gpxtpx:hr>
        </gpxtpx:TrackPointExtension></extensions>
      </trkpt>
      <trkpt lat="30.381002" lon="103.838335">
        <ele>439.0</ele>
        <time>2023-12-23T01:08:49Z</time>
        <extensions><gpxtpx:TrackPointExtension>
          <gpxtpx:hr>167</gpxtpx:hr>
        </gpxtpx:TrackPointExtension></extensions>
      </trkpt>
      <trkpt lat="30.381007" lon="103.838374">
        <ele>439.0</ele>
        <time>2023-12-23T01:08:50Z</time>
        <extensions><gpxtpx:TrackPointExtension>
          <gpxtpx:hr>167</gpxtpx:hr>
        </gpxtpx:TrackPointExtension></extensions>
      </trkpt>
      <trkpt lat="30.381012" lon="103.838413">
        <ele>439.0</ele>
        <time>2023-12-23T01:08:51Z</time>
        <extensions><gpxtpx:TrackPointExtension>
          <gpxtpx:hr>167</gpxtpx:hr>
        </gpxtpx:TrackPointExtension></extensions>
      </trkpt>
      <trkpt lat="30.38102" lon="103.838449">
        <ele>439.0</ele>
        <time>2023-12-23T01:08:52Z</time>
        <extensions><gpxtpx:TrackPointExtension>
          <gpxtpx:hr>167</gpxtpx:hr>
        </gpxtpx:TrackPointExtension></extensions>
      </trkpt>
      <trkpt lat="30.381028" lon="103.838486">
        <ele>439.0</ele>
        <time>2023-12-23T01:08:53Z</time>
        <extensions><gpxtpx:TrackPointExtension>
          <gpxtpx:hr>167</gpxtpx:hr>
        </gpxtpx:TrackPointExtension></extensions>
      </trkpt>
      <trkpt lat="30.381039" lon="103.838522">
        <ele>439.0</ele>
        <time>2023-12-23T01:08:54Z</time>
        <extensions><gpxtpx:TrackPointExtension>
          <gpxtpx:hr>167</gpxtpx:hr>
        </gpxtpx:TrackPointExtension></extensions>
      </trkpt>
      <trkpt lat="30.38105" lon="103.838557">
        <ele>439.0</ele>
        <time>2023-12-23T01:08:55Z</time>
        <extensions><gpxtpx:TrackPointExtension>
          <gpxtpx:hr>167</gpxtpx:hr>
        </gpxtpx:TrackPointExtension></extensions>
      </trkpt>
      <trkpt lat="30.381063" lon="103.838592">
        <ele>439.0</ele>
        <time>2023-12-23T01:08:56Z</time>
        <extensions><gpxtpx:TrackPointExtension>
          <gpxtpx:hr>167</gpxtpx:hr>
        </gpxtpx:TrackPointExtension></extensions>
      </trkpt>
      <trkpt lat="30.381076" lon="103.838626">
        <ele>439.0</ele>
        <time>2023-12-23T01:08:57Z</time>
        <extensions><gpxtpx:TrackPointExtension>
          <gpxtpx:hr>167</gpxtpx:hr>
        </gpxtpx:TrackPointExtension></extensions>
      </trkpt>
      <trkpt lat="30.38109" lon="103.83866">
        <ele>439.0</ele>
        <time>2023-12-23T01:08:58Z</time>
        <extensions><gpxtpx:TrackPointExtension>
          <gpxtpx:hr>167</gpxtpx:hr>
        </gpxtpx:TrackPointExtension></extensions>
      </trkpt>
      <trkpt lat="30.381104" lon="103.838693">
        <ele>439.0</ele>
        <time>2023-12-23T01:08:59Z</time>
        <extensions><gpxtpx:TrackPointExtension>
          <gpxtpx:hr>167</gpxtpx:hr>
        </gpxtpx:TrackPointExtension></extensions>
      </trkpt>
      <trkpt lat="30.381121" lon="103.838725">
        <ele>439.0</ele>
        <time>2023-12-23T01:09:00Z</time>
        <extensions><gpxtpx:TrackPointExtension>
          <gpxtpx:hr>167</gpxtpx:hr>
        </gpxtpx:TrackPointExtension></extensions>
      </trkpt>
      <trkpt lat="30.381137" lon="103.838757">
        <ele>439.0</ele>
        <time>2023-12-23T01:09:01Z</time>
        <extensions><gpxtpx:TrackPointExtension>
          <gpxtpx:hr>167</gpxtpx:hr>
        </gpxtpx:TrackPointExtension></extensions>
      </trkpt>
      <trkpt lat="30.381156" lon="103.838787">
        <ele>439.0</ele>
        <time>2023-12-23T01:09:02Z</time>
        <extensions><gpxtpx:TrackPointExtension>
          <gpxtpx:hr>167</gpxtpx:hr>
        </gpxtpx:TrackPointExtension></extensions>
      </trkpt>
      <trkpt lat="30.381174" lon="103.838818">
        <ele>439.0</ele>
        <time>2023-12-23T01:09:03Z</time>
        <extensions><gpxtpx:TrackPointExtension>
          <gpxtpx:hr>167</gpxtpx:hr>
        </gpxtpx:TrackPointExtension></extensions>
      </trkpt>
      <trkpt lat="30.381195" lon="103.838846">
        <ele>439.0</ele>
        <time>2023-12-23T01:09:04Z</time>
        <extensions><gpxtpx:TrackPointExtension>
          <gpxtpx:hr>167</gpxtpx:hr>
        </gpxtpx:TrackPointExtension></extensions>
      </trkpt>
      <trkpt lat="30.381215" lon="103.838875">
        <ele>439.0</ele>
        <time>2023-12-23T01:09:05Z</time>
        <extensions><gpxtpx:TrackPointExtension>
          <gpxtpx:hr>168</gpxtpx:hr>
        </gpxtpx:TrackPointExtension></extensions>
      </trkpt>
      <trkpt lat="30.381239" lon="103.838902">
        <ele>439.0</ele>
        <time>2023-12-23T01:09:06Z</time>
        <extensions><gpxtpx:TrackPointExtension>
          <gpxtpx:hr>168</gpxtpx:hr>
        </gpxtpx:TrackPointExtension></extensions>
      </trkpt>
      <trkpt lat="30.381262" lon="103.838929">
        <ele>439.0</ele>
        <time>2023-12-23T01:09:07Z</time>
        <extensions><gpxtpx:TrackPointExtension>
          <gpxtpx:hr>168</gpxtpx:hr>
        </gpxtpx:TrackPointExtension></extensions>
      </trkpt>
      <trkpt lat="30.381286" lon="103.838954">
        <ele>439.0</ele>
        <time>2023-12-23T01:09:08Z</time>
        <extensions><gpxtpx:TrackPointExtension>
          <gpxtpx:hr>168</gpxtpx:hr>
        </gpxtpx:TrackPointExtension></extensions>
      </trkpt>
      <trkpt lat="30.381311" lon="103.83898">
        <ele>439.0</ele>
        <time>2023-12-23T01:09:09Z</time>
        <extensions><gpxtpx:TrackPointExtension>
          <gpxtpx:hr>168</gpxtpx:hr>
        </gpxtpx:TrackPointExtension></extensions>
      </trkpt>
      <trkpt lat="30.381336" lon="103.839004">
        <ele>439.0</ele>
        <time>2023-12-23T01:09:10Z</time>
        <extensions><gpxtpx:TrackPointExtension>
          <gpxtpx:hr>168</gpxtpx:hr>
        </gpxtpx:TrackPointExtension></extensions>
      </trkpt>
      <trkpt lat="30.381362" lon="103.839028">
        <ele>439.0</ele>
        <time>2023-12-23T01:09:11Z</time>
        <extensions><gpxtpx:TrackPointExtension>
          <gpxtpx:hr>168</gpxtpx:hr>
        </gpxtpx:TrackPointExtension></extensions>
      </trkpt>
      <trkpt lat="30.381389" lon="103.839051">
        <ele>439.0</ele>
        <time>2023-12-23T01:09:12Z</time>
        <extensions><gpxtpx:TrackPointExtension>
          <gpxtpx:hr>168</gpxtpx:hr>
        </gpxtpx:TrackPointExtension></extensions>
      </trkpt>
      <trkpt lat="30.381416" lon="103.839074">
        <ele>439.0</ele>
        <time>2023-12-23T01:09:13Z</time>
        <extensions><gpxtpx:TrackPointExtension>
          <gpxtpx:hr>168</gpxtpx:hr>
        </gpxtpx:TrackPointExtension></extensions>
      </trkpt>
      <trkpt lat="30.381446" lon="103.839094">
        <ele>439.0</ele>
        <time>2023-12-23T01:09:14Z</time>
        <extensions><gpxtpx:TrackPointExtension>
          <gpxtpx:hr>168</gpxtpx:hr>
        </gpxtpx:TrackPointExtension></extensions>
      </trkpt>
      <trkpt lat="30.381476" lon="103.839115">
        <ele>439.0</ele>
        <time>2023-12-23T01:09:15Z</time>
        <extensions><gpxtpx:TrackPointExtension>
          <gpxtpx:hr>168</gpxtpx:hr>
        </gpxtpx:TrackPointExtension></extensions>
      </trkpt>
      <trkpt lat="30.381508" lon="103.839132">
        <ele>439.0</ele>
        <time>2023-12-23T01:09:16Z</time>
        <extensions><gpxtpx:TrackPointExtension>
          <gpxtpx:hr>168</gpxtpx:hr>
        </gpxtpx:TrackPointExtension></extensions>
      </trkpt>
      <trkpt lat="30.381541" lon="103.83915">
        <ele>439.0</ele>
        <time>2023-12-23T01:09:17Z</time>
        <extensions><gpxtpx:TrackPointExtension>
          <gpxtpx:hr>168</gpxtpx:hr>
        </gpxtpx:TrackPointExtension></extensions>
      </trkpt>
      <trkpt lat="30.381574" lon="103.839161">
        <ele>439.0</ele>
        <time>2023-12-23T01:09:18Z</time>
        <extensions><gpxtpx:TrackPointExtension>
          <gpxtpx:hr>168</gpxtpx:hr>
        </gpxtpx:TrackPointExtension></extensions>
      </trkpt>
      <trkpt lat="30.381608" lon="103.839172">
        <ele>439.0</ele>
        <time>2023-12-23T01:09:19Z</time>
        <extensions><gpxtpx:TrackPointExtension>
          <gpxtpx:hr>168</gpxtpx:hr>
        </gpxtpx:TrackPointExtension></extensions>
      </trkpt>
      <trkpt lat="30.381641" lon="103.839176">
        <ele>439.0</ele>
        <time>2023-12-23T01:09:20Z</time>
        <extensions><gpxtpx:TrackPointExtension>
          <gpxtpx:hr>168</gpxtpx:hr>
        </gpxtpx:TrackPointExtension></extensions>
      </trkpt>
      <trkpt lat="30.381674" lon="103.83918">
        <ele>439.0</ele>
        <time>2023-12-23T01:09:21Z</time>
        <extensions><gpxtpx:TrackPointExtension>
          <gpxtpx:hr>168</gpxtpx:hr>
        </gpxtpx:TrackPointExtension></extensions>
      </trkpt>
      <trkpt lat="30.381707" lon="103.839178">
        <ele>439.0</ele>
        <time>2023-12-23T01:09:22Z</time>
        <extensions><gpxtpx:TrackPointExtension>
          <gpxtpx:hr>168</gpxtpx:hr>
        </gpxtpx:TrackPointExtension></extensions>
      </trkpt>
      <trkpt lat="30.38174" lon="103.839177">
        <ele>439.0</ele>
        <time>2023-12-23T01:09:23Z</time>
        <extensions><gpxtpx:TrackPointExtension>
          <gpxtpx:hr>168</gpxtpx:hr>
        </gpxtpx:TrackPointExtension></extensions>
      </trkpt>
      <trkpt lat="30.381773" lon="103.839168">
        <ele>439.0</ele>
        <time>2023-12-23T01:09:24Z</time>
        <extensions><gpxtpx:TrackPointExtension>
          <gpxtpx:hr>168</gpxtpx:hr>
        </gpxtpx:TrackPointExtension></extensions>
      </trkpt>
      <trkpt lat="30.381806" lon="103.83916">
        <ele>439.0</ele>
        <time>2023-12-23T01:09:25Z</time>
        <extensions><gpxtpx:TrackPointExtension>
          <gpxtpx:hr>168</gpxtpx:hr>
        </gpxtpx:TrackPointExtension></extensions>
      </trkpt>
      <trkpt lat="30.381837" lon="103.839147">
        <ele>439.0</ele>
        <time>2023-12-23T01:09:26Z</time>
        <extensions><gpxtpx:TrackPointExtension>
          <gpxtpx:hr>168</gpxtpx:hr>
        </gpxtpx:TrackPointExtension></extensions>
      </trkpt>
      <trkpt lat="30.381869" lon="103.839133">
        <ele>439.0</ele>
        <time>2023-12-23T01:09:27Z</time>
        <extensions><gpxtpx:TrackPointExtension>
          <gpxtpx:hr>168</gpxtpx:hr>
        </gpxtpx:TrackPointExtension></extensions>
      </trkpt>
      <trkpt lat="30.3819" lon="103.839117">
        <ele>439.0</ele>
        <time>2023-12-23T01:09:28Z</time>
        <extensions><gpxtpx:TrackPointExtension>
          <gpxtpx:hr>168</gpxtpx:hr>
        </gpxtpx:TrackPointExtension></extensions>
      </trkpt>
      <trkpt lat="30.381932" lon="103.839101">
        <ele>439.0</ele>
        <time>2023-12-23T01:09:29Z</time>
        <extensions><gpxtpx:TrackPointExtension>
          <gpxtpx:hr>168</gpxtpx:hr>
        </gpxtpx:TrackPointExtension></extensions>
      </trkpt>
      <trkpt lat="30.381963" lon="103.839086">
        <ele>439.0</ele>
        <time>2023-12-23T01:09:30Z</time>
        <extensions><gpxtpx:TrackPointExtension>
          <gpxtpx:hr>168</gpxtpx:hr>
        </gpxtpx:TrackPointExtension></extensions>
      </trkpt>
      <trkpt lat="30.381994" lon="103.839071">
        <ele>439.0</ele>
        <time>2023-12-23T01:09:31Z</time>
        <extensions><gpxtpx:TrackPointExtension>
          <gpxtpx:hr>168</gpxtpx:hr>
        </gpxtpx:TrackPointExtension></extensions>
      </trkpt>
      <trkpt lat="30.382025" lon="103.839057">
        <ele>439.0</ele>
        <time>2023-12-23T01:09:32Z</time>
        <extensions><gpxtpx:TrackPointExtension>
          <gpxtpx:hr>168</gpxtpx:hr>
        </gpxtpx:TrackPointExtension></extensions>
      </trkpt>
      <trkpt lat="30.382056" lon="103.839044">
        <ele>439.0</ele>
        <time>2023-12-23T01:09:33Z</time>
        <extensions><gpxtpx:TrackPointExtension>
          <gpxtpx:hr>168</gpxtpx:hr>
        </gpxtpx:TrackPointExtension></extensions>
      </trkpt>
      <trkpt lat="30.382086" lon="103.83903">
        <ele>439.0</ele>
        <time>2023-12-23T01:09:34Z</time>
        <extensions><gpxtpx:TrackPointExtension>
          <gpxtpx:hr>168</gpxtpx:hr>
        </gpxtpx:TrackPointExtension></extensions>
      </trkpt>
      <trkpt lat="30.382116" lon="103.839016">
        <ele>439.0</ele>
        <time>2023-12-23T01:09:35Z</time>
        <extensions><gpxtpx:TrackPointExtension>
          <gpxtpx:hr>168</gpxtpx:hr>
        </gpxtpx:TrackPointExtension></extensions>
      </trkpt>
      <trkpt lat="30.382146" lon="103.839004">
        <ele>439.0</ele>
        <time>2023-12-23T01:09:36Z</time>
        <extensions><gpxtpx:TrackPointExtension>
          <gpxtpx:hr>168</gpxtpx:hr>
        </gpxtpx:TrackPointExtension></extensions>
      </trkpt>
      <trkpt lat="30.382176" lon="103.838991">
        <ele>439.0</ele>
        <time>2023-12-23T01:09:37Z</time>
        <extensions><gpxtpx:TrackPointExtension>
          <gpxtpx:hr>168</gpxtpx:hr>
        </gpxtpx:TrackPointExtension></extensions>
      </trkpt>
      <trkpt lat="30.382207" lon="103.838978">
        <ele>439.0</ele>
        <time>2023-12-23T01:09:38Z</time>
        <extensions><gpxtpx:TrackPointExtension>
          <gpxtpx:hr>168</gpxtpx:hr>
        </gpxtpx:TrackPointExtension></extensions>
      </trkpt>
      <trkpt lat="30.382238" lon="103.838965">
        <ele>439.0</ele>
        <time>2023-12-23T01:09:39Z</time>
        <extensions><gpxtpx:TrackPointExtension>
          <gpxtpx:hr>167</gpxtpx:hr>
        </gpxtpx:TrackPointExtension></extensions>
      </trkpt>
      <trkpt lat="30.382269" lon="103.838953">
        <ele>439.0</ele>
        <time>2023-12-23T01:09:40Z</time>
        <extensions><gpxtpx:TrackPointExtension>
          <gpxtpx:hr>167</gpxtpx:hr>
        </gpxtpx:TrackPointExtension></extensions>
      </trkpt>
      <trkpt lat="30.382301" lon="103.83894">
        <ele>439.0</ele>
        <time>2023-12-23T01:09:41Z</time>
        <extensions><gpxtpx:TrackPointExtension>
          <gpxtpx:hr>167</gpxtpx:hr>
        </gpxtpx:TrackPointExtension></extensions>
      </trkpt>
      <trkpt lat="30.382332" lon="103.838927">
        <ele>439.0</ele>
        <time>2023-12-23T01:09:42Z</time>
        <extensions><gpxtpx:TrackPointExtension>
          <gpxtpx:hr>167</gpxtpx:hr>
        </gpxtpx:TrackPointExtension></extensions>
      </trkpt>
      <trkpt lat="30.382363" lon="103.838914">
        <ele>439.0</ele>
        <time>2023-12-23T01:09:43Z</time>
        <extensions><gpxtpx:TrackPointExtension>
          <gpxtpx:hr>167</gpxtpx:hr>
        </gpxtpx:TrackPointExtension></extensions>
      </trkpt>
      <trkpt lat="30.382394" lon="103.838902">
        <ele>439.0</ele>
        <time>2023-12-23T01:09:44Z</time>
        <extensions><gpxtpx:TrackPointExtension>
          <gpxtpx:hr>167</gpxtpx:hr>
        </gpxtpx:TrackPointExtension></extensions>
      </trkpt>
      <trkpt lat="30.382425" lon="103.838891">
        <ele>439.0</ele>
        <time>2023-12-23T01:09:45Z</time>
        <extensions><gpxtpx:TrackPointExtension>
          <gpxtpx:hr>167</gpxtpx:hr>
        </gpxtpx:TrackPointExtension></extensions>
      </trkpt>
      <trkpt lat="30.382457" lon="103.838879">
        <ele>439.0</ele>
        <time>2023-12-23T01:09:46Z</time>
        <extensions><gpxtpx:TrackPointExtension>
          <gpxtpx:hr>167</gpxtpx:hr>
        </gpxtpx:TrackPointExtension></extensions>
      </trkpt>
      <trkpt lat="30.382488" lon="103.838868">
        <ele>439.0</ele>
        <time>2023-12-23T01:09:47Z</time>
        <extensions><gpxtpx:TrackPointExtension>
          <gpxtpx:hr>167</gpxtpx:hr>
        </gpxtpx:TrackPointExtension></extensions>
      </trkpt>
      <trkpt lat="30.382519" lon="103.838857">
        <ele>439.0</ele>
        <time>2023-12-23T01:09:48Z</time>
        <extensions><gpxtpx:TrackPointExtension>
          <gpxtpx:hr>167</gpxtpx:hr>
        </gpxtpx:TrackPointExtension></extensions>
      </trkpt>
      <trkpt lat="30.38255" lon="103.838845">
        <ele>439.0</ele>
        <time>2023-12-23T01:09:49Z</time>
        <extensions><gpxtpx:TrackPointExtension>
          <gpxtpx:hr>167</gpxtpx:hr>
        </gpxtpx:TrackPointExtension></extensions>
      </trkpt>
      <trkpt lat="30.382579" lon="103.838832">
        <ele>439.0</ele>
        <time>2023-12-23T01:09:50Z</time>
        <extensions><gpxtpx:TrackPointExtension>
          <gpxtpx:hr>167</gpxtpx:hr>
        </gpxtpx:TrackPointExtension></extensions>
      </trkpt>
      <trkpt lat="30.382609" lon="103.83882">
        <ele>439.0</ele>
        <time>2023-12-23T01:09:51Z</time>
        <extensions><gpxtpx:TrackPointExtension>
          <gpxtpx:hr>167</gpxtpx:hr>
        </gpxtpx:TrackPointExtension></extensions>
      </trkpt>
      <trkpt lat="30.382639" lon="103.838807">
        <ele>439.0</ele>
        <time>2023-12-23T01:09:52Z</time>
        <extensions><gpxtpx:TrackPointExtension>
          <gpxtpx:hr>167</gpxtpx:hr>
        </gpxtpx:TrackPointExtension></extensions>
      </trkpt>
      <trkpt lat="30.382668" lon="103.838794">
        <ele>439.0</ele>
        <time>2023-12-23T01:09:53Z</time>
        <extensions><gpxtpx:TrackPointExtension>
          <gpxtpx:hr>166</gpxtpx:hr>
        </gpxtpx:TrackPointExtension></extensions>
      </trkpt>
      <trkpt lat="30.382699" lon="103.838782">
        <ele>439.0</ele>
        <time>2023-12-23T01:09:54Z</time>
        <extensions><gpxtpx:TrackPointExtension>
          <gpxtpx:hr>166</gpxtpx:hr>
        </gpxtpx:TrackPointExtension></extensions>
      </trkpt>
      <trkpt lat="30.38273" lon="103.838769">
        <ele>439.0</ele>
        <time>2023-12-23T01:09:55Z</time>
        <extensions><gpxtpx:TrackPointExtension>
          <gpxtpx:hr>165</gpxtpx:hr>
        </gpxtpx:TrackPointExtension></extensions>
      </trkpt>
      <trkpt lat="30.382761" lon="103.838757">
        <ele>439.0</ele>
        <time>2023-12-23T01:09:56Z</time>
        <extensions><gpxtpx:TrackPointExtension>
          <gpxtpx:hr>165</gpxtpx:hr>
        </gpxtpx:TrackPointExtension></extensions>
      </trkpt>
      <trkpt lat="30.382792" lon="103.838745">
        <ele>439.0</ele>
        <time>2023-12-23T01:09:57Z</time>
        <extensions><gpxtpx:TrackPointExtension>
          <gpxtpx:hr>165</gpxtpx:hr>
        </gpxtpx:TrackPointExtension></extensions>
      </trkpt>
      <trkpt lat="30.382825" lon="103.838733">
        <ele>439.0</ele>
        <time>2023-12-23T01:09:58Z</time>
        <extensions><gpxtpx:TrackPointExtension>
          <gpxtpx:hr>165</gpxtpx:hr>
        </gpxtpx:TrackPointExtension></extensions>
      </trkpt>
      <trkpt lat="30.382857" lon="103.838721">
        <ele>439.0</ele>
        <time>2023-12-23T01:09:59Z</time>
        <extensions><gpxtpx:TrackPointExtension>
          <gpxtpx:hr>165</gpxtpx:hr>
        </gpxtpx:TrackPointExtension></extensions>
      </trkpt>
      <trkpt lat="30.38289" lon="103.838708">
        <ele>439.0</ele>
        <time>2023-12-23T01:10:00Z</time>
        <extensions><gpxtpx:TrackPointExtension>
          <gpxtpx:hr>165</gpxtpx:hr>
        </gpxtpx:TrackPointExtension></extensions>
      </trkpt>
      <trkpt lat="30.382923" lon="103.838695">
        <ele>439.0</ele>
        <time>2023-12-23T01:10:01Z</time>
        <extensions><gpxtpx:TrackPointExtension>
          <gpxtpx:hr>165</gpxtpx:hr>
        </gpxtpx:TrackPointExtension></extensions>
      </trkpt>
      <trkpt lat="30.382956" lon="103.838682">
        <ele>439.0</ele>
        <time>2023-12-23T01:10:02Z</time>
        <extensions><gpxtpx:TrackPointExtension>
          <gpxtpx:hr>165</gpxtpx:hr>
        </gpxtpx:TrackPointExtension></extensions>
      </trkpt>
      <trkpt lat="30.382989" lon="103.838669">
        <ele>439.0</ele>
        <time>2023-12-23T01:10:03Z</time>
        <extensions><gpxtpx:TrackPointExtension>
          <gpxtpx:hr>165</gpxtpx:hr>
        </gpxtpx:TrackPointExtension></extensions>
      </trkpt>
      <trkpt lat="30.383022" lon="103.838657">
        <ele>439.0</ele>
        <time>2023-12-23T01:10:04Z</time>
        <extensions><gpxtpx:TrackPointExtension>
          <gpxtpx:hr>165</gpxtpx:hr>
        </gpxtpx:TrackPointExtension></extensions>
      </trkpt>
      <trkpt lat="30.383054" lon="103.838645">
        <ele>439.0</ele>
        <time>2023-12-23T01:10:05Z</time>
        <extensions><gpxtpx:TrackPointExtension>
          <gpxtpx:hr>165</gpxtpx:hr>
        </gpxtpx:TrackPointExtension></extensions>
      </trkpt>
      <trkpt lat="30.383085" lon="103.838632">
        <ele>439.0</ele>
        <time>2023-12-23T01:10:06Z</time>
        <extensions><gpxtpx:TrackPointExtension>
          <gpxtpx:hr>164</gpxtpx:hr>
        </gpxtpx:TrackPointExtension></extensions>
      </trkpt>
      <trkpt lat="30.383117" lon="103.83862">
        <ele>439.0</ele>
        <time>2023-12-23T01:10:07Z</time>
        <extensions><gpxtpx:TrackPointExtension>
          <gpxtpx:hr>164</gpxtpx:hr>
        </gpxtpx:TrackPointExtension></extensions>
      </trkpt>
      <trkpt lat="30.383147" lon="103.838606">
        <ele>439.0</ele>
        <time>2023-12-23T01:10:08Z</time>
        <extensions><gpxtpx:TrackPointExtension>
          <gpxtpx:hr>165</gpxtpx:hr>
        </gpxtpx:TrackPointExtension></extensions>
      </trkpt>
      <trkpt lat="30.383178" lon="103.838593">
        <ele>439.0</ele>
        <time>2023-12-23T01:10:09Z</time>
        <extensions><gpxtpx:TrackPointExtension>
          <gpxtpx:hr>165</gpxtpx:hr>
        </gpxtpx:TrackPointExtension></extensions>
      </trkpt>
      <trkpt lat="30.383207" lon="103.83858">
        <ele>439.0</ele>
        <time>2023-12-23T01:10:10Z</time>
        <extensions><gpxtpx:TrackPointExtension>
          <gpxtpx:hr>164</gpxtpx:hr>
        </gpxtpx:TrackPointExtension></extensions>
      </trkpt>
      <trkpt lat="30.383237" lon="103.838567">
        <ele>439.0</ele>
        <time>2023-12-23T01:10:11Z</time>
        <extensions><gpxtpx:TrackPointExtension>
          <gpxtpx:hr>164</gpxtpx:hr>
        </gpxtpx:TrackPointExtension></extensions>
      </trkpt>
      <trkpt lat="30.383267" lon="103.838555">
        <ele>439.0</ele>
        <time>2023-12-23T01:10:12Z</time>
        <extensions><gpxtpx:TrackPointExtension>
          <gpxtpx:hr>163</gpxtpx:hr>
        </gpxtpx:TrackPointExtension></extensions>
      </trkpt>
      <trkpt lat="30.383296" lon="103.838543">
        <ele>439.0</ele>
        <time>2023-12-23T01:10:13Z</time>
        <extensions><gpxtpx:TrackPointExtension>
          <gpxtpx:hr>163</gpxtpx:hr>
        </gpxtpx:TrackPointExtension></extensions>
      </trkpt>
      <trkpt lat="30.383326" lon="103.838532">
        <ele>439.0</ele>
        <time>2023-12-23T01:10:14Z</time>
        <extensions><gpxtpx:TrackPointExtension>
          <gpxtpx:hr>163</gpxtpx:hr>
        </gpxtpx:TrackPointExtension></extensions>
      </trkpt>
      <trkpt lat="30.383355" lon="103.838521">
        <ele>439.0</ele>
        <time>2023-12-23T01:10:15Z</time>
        <extensions><gpxtpx:TrackPointExtension>
          <gpxtpx:hr>163</gpxtpx:hr>
        </gpxtpx:TrackPointExtension></extensions>
      </trkpt>
      <trkpt lat="30.383385" lon="103.83851">
        <ele>439.0</ele>
        <time>2023-12-23T01:10:16Z</time>
        <extensions><gpxtpx:TrackPointExtension>
          <gpxtpx:hr>163</gpxtpx:hr>
        </gpxtpx:TrackPointExtension></extensions>
      </trkpt>
      <trkpt lat="30.383415" lon="103.8385">
        <ele>439.0</ele>
        <time>2023-12-23T01:10:17Z</time>
        <extensions><gpxtpx:TrackPointExtension>
          <gpxtpx:hr>163</gpxtpx:hr>
        </gpxtpx:TrackPointExtension></extensions>
      </trkpt>
      <trkpt lat="30.383445" lon="103.838489">
        <ele>439.0</ele>
        <time>2023-12-23T01:10:18Z</time>
        <extensions><gpxtpx:TrackPointExtension>
          <gpxtpx:hr>163</gpxtpx:hr>
        </gpxtpx:TrackPointExtension></extensions>
      </trkpt>
      <trkpt lat="30.383475" lon="103.838478">
        <ele>439.0</ele>
        <time>2023-12-23T01:10:19Z</time>
        <extensions><gpxtpx:TrackPointExtension>
          <gpxtpx:hr>163</gpxtpx:hr>
        </gpxtpx:TrackPointExtension></extensions>
      </trkpt>
      <trkpt lat="30.383506" lon="103.838468">
        <ele>439.0</ele>
        <time>2023-12-23T01:10:20Z</time>
        <extensions><gpxtpx:TrackPointExtension>
          <gpxtpx:hr>163</gpxtpx:hr>
        </gpxtpx:TrackPointExtension></extensions>
      </trkpt>
      <trkpt lat="30.383537" lon="103.838458">
        <ele>439.0</ele>
        <time>2023-12-23T01:10:21Z</time>
        <extensions><gpxtpx:TrackPointExtension>
          <gpxtpx:hr>162</gpxtpx:hr>
        </gpxtpx:TrackPointExtension></extensions>
      </trkpt>
      <trkpt lat="30.383568" lon="103.838447">
        <ele>439.0</ele>
        <time>2023-12-23T01:10:22Z</time>
        <extensions><gpxtpx:TrackPointExtension>
          <gpxtpx:hr>162</gpxtpx:hr>
        </gpxtpx:TrackPointExtension></extensions>
      </trkpt>
      <trkpt lat="30.383599" lon="103.838436">
        <ele>439.0</ele>
        <time>2023-12-23T01:10:23Z</time>
        <extensions><gpxtpx:TrackPointExtension>
          <gpxtpx:hr>161</gpxtpx:hr>
        </gpxtpx:TrackPointExtension></extensions>
      </trkpt>
      <trkpt lat="30.383631" lon="103.838425">
        <ele>439.0</ele>
        <time>2023-12-23T01:10:24Z</time>
        <extensions><gpxtpx:TrackPointExtension>
          <gpxtpx:hr>161</gpxtpx:hr>
        </gpxtpx:TrackPointExtension></extensions>
      </trkpt>
      <trkpt lat="30.383662" lon="103.838413">
        <ele>439.0</ele>
        <time>2023-12-23T01:10:25Z</time>
        <extensions><gpxtpx:TrackPointExtension>
          <gpxtpx:hr>161</gpxtpx:hr>
        </gpxtpx:TrackPointExtension></extensions>
      </trkpt>
      <trkpt lat="30.383693" lon="103.838401">
        <ele>439.0</ele>
        <time>2023-12-23T01:10:26Z</time>
        <extensions><gpxtpx:TrackPointExtension>
          <gpxtpx:hr>161</gpxtpx:hr>
        </gpxtpx:TrackPointExtension></extensions>
      </trkpt>
      <trkpt lat="30.383724" lon="103.838389">
        <ele>439.0</ele>
        <time>2023-12-23T01:10:27Z</time>
        <extensions><gpxtpx:TrackPointExtension>
          <gpxtpx:hr>161</gpxtpx:hr>
        </gpxtpx:TrackPointExtension></extensions>
      </trkpt>
      <trkpt lat="30.383753" lon="103.838377">
        <ele>439.0</ele>
        <time>2023-12-23T01:10:28Z</time>
        <extensions><gpxtpx:TrackPointExtension>
          <gpxtpx:hr>161</gpxtpx:hr>
        </gpxtpx:TrackPointExtension></extensions>
      </trkpt>
      <trkpt lat="30.383783" lon="103.838364">
        <ele>439.0</ele>
        <time>2023-12-23T01:10:29Z</time>
        <extensions><gpxtpx:TrackPointExtension>
          <gpxtpx:hr>161</gpxtpx:hr>
        </gpxtpx:TrackPointExtension></extensions>
      </trkpt>
      <trkpt lat="30.383813" lon="103.838351">
        <ele>439.0</ele>
        <time>2023-12-23T01:10:30Z</time>
        <extensions><gpxtpx:TrackPointExtension>
          <gpxtpx:hr>161</gpxtpx:hr>
        </gpxtpx:TrackPointExtension></extensions>
      </trkpt>
      <trkpt lat="30.383843" lon="103.838339">
        <ele>440.0</ele>
        <time>2023-12-23T01:10:31Z</time>
        <extensions><gpxtpx:TrackPointExtension>
          <gpxtpx:hr>161</gpxtpx:hr>
        </gpxtpx:TrackPointExtension></extensions>
      </trkpt>
      <trkpt lat="30.383874" lon="103.838326">
        <ele>440.0</ele>
        <time>2023-12-23T01:10:32Z</time>
        <extensions><gpxtpx:TrackPointExtension>
          <gpxtpx:hr>161</gpxtpx:hr>
        </gpxtpx:TrackPointExtension></extensions>
      </trkpt>
      <trkpt lat="30.383905" lon="103.838313">
        <ele>440.0</ele>
        <time>2023-12-23T01:10:33Z</time>
        <extensions><gpxtpx:TrackPointExtension>
          <gpxtpx:hr>161</gpxtpx:hr>
        </gpxtpx:TrackPointExtension></extensions>
      </trkpt>
      <trkpt lat="30.383936" lon="103.8383">
        <ele>440.0</ele>
        <time>2023-12-23T01:10:34Z</time>
        <extensions><gpxtpx:TrackPointExtension>
          <gpxtpx:hr>161</gpxtpx:hr>
        </gpxtpx:TrackPointExtension></extensions>
      </trkpt>
      <trkpt lat="30.383967" lon="103.838286">
        <ele>440.0</ele>
        <time>2023-12-23T01:10:35Z</time>
        <extensions><gpxtpx:TrackPointExtension>
          <gpxtpx:hr>161</gpxtpx:hr>
        </gpxtpx:TrackPointExtension></extensions>
      </trkpt>
      <trkpt lat="30.383998" lon="103.838273">
        <ele>440.0</ele>
        <time>2023-12-23T01:10:36Z</time>
        <extensions><gpxtpx:TrackPointExtension>
          <gpxtpx:hr>161</gpxtpx:hr>
        </gpxtpx:TrackPointExtension></extensions>
      </trkpt>
      <trkpt lat="30.384029" lon="103.83826">
        <ele>439.0</ele>
        <time>2023-12-23T01:10:37Z</time>
        <extensions><gpxtpx:TrackPointExtension>
          <gpxtpx:hr>161</gpxtpx:hr>
        </gpxtpx:TrackPointExtension></extensions>
      </trkpt>
      <trkpt lat="30.384059" lon="103.838248">
        <ele>439.0</ele>
        <time>2023-12-23T01:10:38Z</time>
        <extensions><gpxtpx:TrackPointExtension>
          <gpxtpx:hr>161</gpxtpx:hr>
        </gpxtpx:TrackPointExtension></extensions>
      </trkpt>
      <trkpt lat="30.38409" lon="103.838236">
        <ele>439.0</ele>
        <time>2023-12-23T01:10:39Z</time>
        <extensions><gpxtpx:TrackPointExtension>
          <gpxtpx:hr>161</gpxtpx:hr>
        </gpxtpx:TrackPointExtension></extensions>
      </trkpt>
      <trkpt lat="30.38412" lon="103.838224">
        <ele>439.0</ele>
        <time>2023-12-23T01:10:40Z</time>
        <extensions><gpxtpx:TrackPointExtension>
          <gpxtpx:hr>161</gpxtpx:hr>
        </gpxtpx:TrackPointExtension></extensions>
      </trkpt>
      <trkpt lat="30.38415" lon="103.838212">
        <ele>439.0</ele>
        <time>2023-12-23T01:10:41Z</time>
        <extensions><gpxtpx:TrackPointExtension>
          <gpxtpx:hr>161</gpxtpx:hr>
        </gpxtpx:TrackPointExtension></extensions>
      </trkpt>
      <trkpt lat="30.38418" lon="103.838201">
        <ele>439.0</ele>
        <time>2023-12-23T01:10:42Z</time>
        <extensions><gpxtpx:TrackPointExtension>
          <gpxtpx:hr>161</gpxtpx:hr>
        </gpxtpx:TrackPointExtension></extensions>
      </trkpt>
      <trkpt lat="30.38421" lon="103.83819">
        <ele>439.0</ele>
        <time>2023-12-23T01:10:43Z</time>
        <extensions><gpxtpx:TrackPointExtension>
          <gpxtpx:hr>161</gpxtpx:hr>
        </gpxtpx:TrackPointExtension></extensions>
      </trkpt>
      <trkpt lat="30.384239" lon="103.838179">
        <ele>439.0</ele>
        <time>2023-12-23T01:10:44Z</time>
        <extensions><gpxtpx:TrackPointExtension>
          <gpxtpx:hr>162</gpxtpx:hr>
        </gpxtpx:TrackPointExtension></extensions>
      </trkpt>
      <trkpt lat="30.384269" lon="103.838168">
        <ele>439.0</ele>
        <time>2023-12-23T01:10:45Z</time>
        <extensions><gpxtpx:TrackPointExtension>
          <gpxtpx:hr>161</gpxtpx:hr>
        </gpxtpx:TrackPointExtension></extensions>
      </trkpt>
      <trkpt lat="30.384299" lon="103.838158">
        <ele>439.0</ele>
        <time>2023-12-23T01:10:46Z</time>
        <extensions><gpxtpx:TrackPointExtension>
          <gpxtpx:hr>161</gpxtpx:hr>
        </gpxtpx:TrackPointExtension></extensions>
      </trkpt>
      <trkpt lat="30.384329" lon="103.838147">
        <ele>439.0</ele>
        <time>2023-12-23T01:10:47Z</time>
        <extensions><gpxtpx:TrackPointExtension>
          <gpxtpx:hr>162</gpxtpx:hr>
        </gpxtpx:TrackPointExtension></extensions>
      </trkpt>
      <trkpt lat="30.384358" lon="103.838136">
        <ele>439.0</ele>
        <time>2023-12-23T01:10:48Z</time>
        <extensions><gpxtpx:TrackPointExtension>
          <gpxtpx:hr>162</gpxtpx:hr>
        </gpxtpx:TrackPointExtension></extensions>
      </trkpt>
      <trkpt lat="30.384388" lon="103.838125">
        <ele>439.0</ele>
        <time>2023-12-23T01:10:49Z</time>
        <extensions><gpxtpx:TrackPointExtension>
          <gpxtpx:hr>161</gpxtpx:hr>
        </gpxtpx:TrackPointExtension></extensions>
      </trkpt>
      <trkpt lat="30.384417" lon="103.838113">
        <ele>439.0</ele>
        <time>2023-12-23T01:10:50Z</time>
        <extensions><gpxtpx:TrackPointExtension>
          <gpxtpx:hr>160</gpxtpx:hr>
        </gpxtpx:TrackPointExtension></extensions>
      </trkpt>
      <trkpt lat="30.384447" lon="103.838101">
        <ele>439.0</ele>
        <time>2023-12-23T01:10:51Z</time>
        <extensions><gpxtpx:TrackPointExtension>
          <gpxtpx:hr>160</gpxtpx:hr>
        </gpxtpx:TrackPointExtension></extensions>
      </trkpt>
      <trkpt lat="30.384476" lon="103.838089">
        <ele>439.0</ele>
        <time>2023-12-23T01:10:52Z</time>
        <extensions><gpxtpx:TrackPointExtension>
          <gpxtpx:hr>161</gpxtpx:hr>
        </gpxtpx:TrackPointExtension></extensions>
      </trkpt>
      <trkpt lat="30.384506" lon="103.838077">
        <ele>439.0</ele>
        <time>2023-12-23T01:10:53Z</time>
        <extensions><gpxtpx:TrackPointExtension>
          <gpxtpx:hr>160</gpxtpx:hr>
        </gpxtpx:TrackPointExtension></extensions>
      </trkpt>
      <trkpt lat="30.384536" lon="103.838065">
        <ele>439.0</ele>
        <time>2023-12-23T01:10:54Z</time>
        <extensions><gpxtpx:TrackPointExtension>
          <gpxtpx:hr>160</gpxtpx:hr>
        </gpxtpx:TrackPointExtension></extensions>
      </trkpt>
      <trkpt lat="30.384566" lon="103.838054">
        <ele>439.0</ele>
        <time>2023-12-23T01:10:55Z</time>
        <extensions><gpxtpx:TrackPointExtension>
          <gpxtpx:hr>160</gpxtpx:hr>
        </gpxtpx:TrackPointExtension></extensions>
      </trkpt>
      <trkpt lat="30.384595" lon="103.838043">
        <ele>439.0</ele>
        <time>2023-12-23T01:10:56Z</time>
        <extensions><gpxtpx:TrackPointExtension>
          <gpxtpx:hr>160</gpxtpx:hr>
        </gpxtpx:TrackPointExtension></extensions>
      </trkpt>
      <trkpt lat="30.384625" lon="103.838032">
        <ele>439.0</ele>
        <time>2023-12-23T01:10:57Z</time>
        <extensions><gpxtpx:TrackPointExtension>
          <gpxtpx:hr>160</gpxtpx:hr>
        </gpxtpx:TrackPointExtension></extensions>
      </trkpt>
      <trkpt lat="30.384655" lon="103.838021">
        <ele>439.0</ele>
        <time>2023-12-23T01:10:58Z</time>
        <extensions><gpxtpx:TrackPointExtension>
          <gpxtpx:hr>160</gpxtpx:hr>
        </gpxtpx:TrackPointExtension></extensions>
      </trkpt>
      <trkpt lat="30.384685" lon="103.838011">
        <ele>439.0</ele>
        <time>2023-12-23T01:10:59Z</time>
        <extensions><gpxtpx:TrackPointExtension>
          <gpxtpx:hr>160</gpxtpx:hr>
        </gpxtpx:TrackPointExtension></extensions>
      </trkpt>
      <trkpt lat="30.384715" lon="103.838">
        <ele>439.0</ele>
        <time>2023-12-23T01:11:00Z</time>
        <extensions><gpxtpx:TrackPointExtension>
          <gpxtpx:hr>160</gpxtpx:hr>
        </gpxtpx:TrackPointExtension></extensions>
      </trkpt>
      <trkpt lat="30.384745" lon="103.83799">
        <ele>439.0</ele>
        <time>2023-12-23T01:11:01Z</time>
        <extensions><gpxtpx:TrackPointExtension>
          <gpxtpx:hr>160</gpxtpx:hr>
        </gpxtpx:TrackPointExtension></extensions>
      </trkpt>
      <trkpt lat="30.384775" lon="103.837978">
        <ele>439.0</ele>
        <time>2023-12-23T01:11:02Z</time>
        <extensions><gpxtpx:TrackPointExtension>
          <gpxtpx:hr>160</gpxtpx:hr>
        </gpxtpx:TrackPointExtension></extensions>
      </trkpt>
      <trkpt lat="30.384804" lon="103.837966">
        <ele>439.0</ele>
        <time>2023-12-23T01:11:03Z</time>
        <extensions><gpxtpx:TrackPointExtension>
          <gpxtpx:hr>160</gpxtpx:hr>
        </gpxtpx:TrackPointExtension></extensions>
      </trkpt>
      <trkpt lat="30.384835" lon="103.837954">
        <ele>439.0</ele>
        <time>2023-12-23T01:11:04Z</time>
        <extensions><gpxtpx:TrackPointExtension>
          <gpxtpx:hr>160</gpxtpx:hr>
        </gpxtpx:TrackPointExtension></extensions>
      </trkpt>
      <trkpt lat="30.384865" lon="103.837941">
        <ele>439.0</ele>
        <time>2023-12-23T01:11:05Z</time>
        <extensions><gpxtpx:TrackPointExtension>
          <gpxtpx:hr>160</gpxtpx:hr>
        </gpxtpx:TrackPointExtension></extensions>
      </trkpt>
      <trkpt lat="30.384897" lon="103.837929">
        <ele>439.0</ele>
        <time>2023-12-23T01:11:06Z</time>
        <extensions><gpxtpx:TrackPointExtension>
          <gpxtpx:hr>160</gpxtpx:hr>
        </gpxtpx:TrackPointExtension></extensions>
      </trkpt>
      <trkpt lat="30.384928" lon="103.837917">
        <ele>439.0</ele>
        <time>2023-12-23T01:11:07Z</time>
        <extensions><gpxtpx:TrackPointExtension>
          <gpxtpx:hr>159</gpxtpx:hr>
        </gpxtpx:TrackPointExtension></extensions>
      </trkpt>
      <trkpt lat="30.38496" lon="103.837905">
        <ele>439.0</ele>
        <time>2023-12-23T01:11:08Z</time>
        <extensions><gpxtpx:TrackPointExtension>
          <gpxtpx:hr>159</gpxtpx:hr>
        </gpxtpx:TrackPointExtension></extensions>
      </trkpt>
      <trkpt lat="30.384992" lon="103.837893">
        <ele>439.0</ele>
        <time>2023-12-23T01:11:09Z</time>
        <extensions><gpxtpx:TrackPointExtension>
          <gpxtpx:hr>159</gpxtpx:hr>
        </gpxtpx:TrackPointExtension></extensions>
      </trkpt>
      <trkpt lat="30.385023" lon="103.837882">
        <ele>439.0</ele>
        <time>2023-12-23T01:11:10Z</time>
        <extensions><gpxtpx:TrackPointExtension>
          <gpxtpx:hr>159</gpxtpx:hr>
        </gpxtpx:TrackPointExtension></extensions>
      </trkpt>
      <trkpt lat="30.385053" lon="103.83787">
        <ele>439.0</ele>
        <time>2023-12-23T01:11:11Z</time>
        <extensions><gpxtpx:TrackPointExtension>
          <gpxtpx:hr>158</gpxtpx:hr>
        </gpxtpx:TrackPointExtension></extensions>
      </trkpt>
      <trkpt lat="30.385084" lon="103.837857">
        <ele>439.0</ele>
        <time>2023-12-23T01:11:12Z</time>
        <extensions><gpxtpx:TrackPointExtension>
          <gpxtpx:hr>158</gpxtpx:hr>
        </gpxtpx:TrackPointExtension></extensions>
      </trkpt>
      <trkpt lat="30.385114" lon="103.837845">
        <ele>439.0</ele>
        <time>2023-12-23T01:11:13Z</time>
        <extensions><gpxtpx:TrackPointExtension>
          <gpxtpx:hr>158</gpxtpx:hr>
        </gpxtpx:TrackPointExtension></extensions>
      </trkpt>
      <trkpt lat="30.385144" lon="103.837832">
        <ele>439.0</ele>
        <time>2023-12-23T01:11:14Z</time>
        <extensions><gpxtpx:TrackPointExtension>
          <gpxtpx:hr>158</gpxtpx:hr>
        </gpxtpx:TrackPointExtension></extensions>
      </trkpt>
      <trkpt lat="30.385173" lon="103.83782">
        <ele>439.0</ele>
        <time>2023-12-23T01:11:15Z</time>
        <extensions><gpxtpx:TrackPointExtension>
          <gpxtpx:hr>158</gpxtpx:hr>
        </gpxtpx:TrackPointExtension></extensions>
      </trkpt>
      <trkpt lat="30.385203" lon="103.837807">
        <ele>439.0</ele>
        <time>2023-12-23T01:11:16Z</time>
        <extensions><gpxtpx:TrackPointExtension>
          <gpxtpx:hr>158</gpxtpx:hr>
        </gpxtpx:TrackPointExtension></extensions>
      </trkpt>
      <trkpt lat="30.385233" lon="103.837795">
        <ele>439.0</ele>
        <time>2023-12-23T01:11:17Z</time>
        <extensions><gpxtpx:TrackPointExtension>
          <gpxtpx:hr>158</gpxtpx:hr>
        </gpxtpx:TrackPointExtension></extensions>
      </trkpt>
      <trkpt lat="30.385264" lon="103.837783">
        <ele>439.0</ele>
        <time>2023-12-23T01:11:18Z</time>
        <extensions><gpxtpx:TrackPointExtension>
          <gpxtpx:hr>158</gpxtpx:hr>
        </gpxtpx:TrackPointExtension></extensions>
      </trkpt>
      <trkpt lat="30.385295" lon="103.837771">
        <ele>439.0</ele>
        <time>2023-12-23T01:11:19Z</time>
        <extensions><gpxtpx:TrackPointExtension>
          <gpxtpx:hr>157</gpxtpx:hr>
        </gpxtpx:TrackPointExtension></extensions>
      </trkpt>
      <trkpt lat="30.385327" lon="103.837758">
        <ele>439.0</ele>
        <time>2023-12-23T01:11:20Z</time>
        <extensions><gpxtpx:TrackPointExtension>
          <gpxtpx:hr>158</gpxtpx:hr>
        </gpxtpx:TrackPointExtension></extensions>
      </trkpt>
      <trkpt lat="30.385359" lon="103.837745">
        <ele>439.0</ele>
        <time>2023-12-23T01:11:21Z</time>
        <extensions><gpxtpx:TrackPointExtension>
          <gpxtpx:hr>158</gpxtpx:hr>
        </gpxtpx:TrackPointExtension></extensions>
      </trkpt>
      <trkpt lat="30.385391" lon="103.837733">
        <ele>439.0</ele>
        <time>2023-12-23T01:11:22Z</time>
        <extensions><gpxtpx:TrackPointExtension>
          <gpxtpx:hr>158</gpxtpx:hr>
        </gpxtpx:TrackPointExtension></extensions>
      </trkpt>
      <trkpt lat="30.385424" lon="103.837721">
        <ele>439.0</ele>
        <time>2023-12-23T01:11:23Z</time>
        <extensions><gpxtpx:TrackPointExtension>
          <gpxtpx:hr>158</gpxtpx:hr>
        </gpxtpx:TrackPointExtension></extensions>
      </trkpt>
      <trkpt lat="30.385456" lon="103.837709">
        <ele>439.0</ele>
        <time>2023-12-23T01:11:24Z</time>
        <extensions><gpxtpx:TrackPointExtension>
          <gpxtpx:hr>158</gpxtpx:hr>
        </gpxtpx:TrackPointExtension></extensions>
      </trkpt>
      <trkpt lat="30.385488" lon="103.837697">
        <ele>439.0</ele>
        <time>2023-12-23T01:11:25Z</time>
        <extensions><gpxtpx:TrackPointExtension>
          <gpxtpx:hr>158</gpxtpx:hr>
        </gpxtpx:TrackPointExtension></extensions>
      </trkpt>
      <trkpt lat="30.38552" lon="103.837684">
        <ele>439.0</ele>
        <time>2023-12-23T01:11:26Z</time>
        <extensions><gpxtpx:TrackPointExtension>
          <gpxtpx:hr>158</gpxtpx:hr>
        </gpxtpx:TrackPointExtension></extensions>
      </trkpt>
      <trkpt lat="30.385551" lon="103.837671">
        <ele>439.0</ele>
        <time>2023-12-23T01:11:27Z</time>
        <extensions><gpxtpx:TrackPointExtension>
          <gpxtpx:hr>158</gpxtpx:hr>
        </gpxtpx:TrackPointExtension></extensions>
      </trkpt>
      <trkpt lat="30.385583" lon="103.837657">
        <ele>439.0</ele>
        <time>2023-12-23T01:11:28Z</time>
        <extensions><gpxtpx:TrackPointExtension>
          <gpxtpx:hr>158</gpxtpx:hr>
        </gpxtpx:TrackPointExtension></extensions>
      </trkpt>
      <trkpt lat="30.385614" lon="103.837644">
        <ele>439.0</ele>
        <time>2023-12-23T01:11:29Z</time>
        <extensions><gpxtpx:TrackPointExtension>
          <gpxtpx:hr>158</gpxtpx:hr>
        </gpxtpx:TrackPointExtension></extensions>
      </trkpt>
      <trkpt lat="30.385646" lon="103.83763">
        <ele>439.0</ele>
        <time>2023-12-23T01:11:30Z</time>
        <extensions><gpxtpx:TrackPointExtension>
          <gpxtpx:hr>158</gpxtpx:hr>
        </gpxtpx:TrackPointExtension></extensions>
      </trkpt>
      <trkpt lat="30.385678" lon="103.837617">
        <ele>439.0</ele>
        <time>2023-12-23T01:11:31Z</time>
        <extensions><gpxtpx:TrackPointExtension>
          <gpxtpx:hr>158</gpxtpx:hr>
        </gpxtpx:TrackPointExtension></extensions>
      </trkpt>
      <trkpt lat="30.385709" lon="103.837605">
        <ele>439.0</ele>
        <time>2023-12-23T01:11:32Z</time>
        <extensions><gpxtpx:TrackPointExtension>
          <gpxtpx:hr>159</gpxtpx:hr>
        </gpxtpx:TrackPointExtension></extensions>
      </trkpt>
      <trkpt lat="30.38574" lon="103.837593">
        <ele>439.0</ele>
        <time>2023-12-23T01:11:33Z</time>
        <extensions><gpxtpx:TrackPointExtension>
          <gpxtpx:hr>158</gpxtpx:hr>
        </gpxtpx:TrackPointExtension></extensions>
      </trkpt>
      <trkpt lat="30.385772" lon="103.837582">
        <ele>439.0</ele>
        <time>2023-12-23T01:11:34Z</time>
        <extensions><gpxtpx:TrackPointExtension>
          <gpxtpx:hr>158</gpxtpx:hr>
        </gpxtpx:TrackPointExtension></extensions>
      </trkpt>
      <trkpt lat="30.385803" lon="103.83757">
        <ele>439.0</ele>
        <time>2023-12-23T01:11:35Z</time>
        <extensions><gpxtpx:TrackPointExtension>
          <gpxtpx:hr>158</gpxtpx:hr>
        </gpxtpx:TrackPointExtension></extensions>
      </trkpt>
      <trkpt lat="30.385834" lon="103.837558">
        <ele>439.0</ele>
        <time>2023-12-23T01:11:36Z</time>
        <extensions><gpxtpx:TrackPointExtension>
          <gpxtpx:hr>158</gpxtpx:hr>
        </gpxtpx:TrackPointExtension></extensions>
      </trkpt>
      <trkpt lat="30.385866" lon="103.837545">
        <ele>439.0</ele>
        <time>2023-12-23T01:11:37Z</time>
        <extensions><gpxtpx:TrackPointExtension>
          <gpxtpx:hr>159</gpxtpx:hr>
        </gpxtpx:TrackPointExtension></extensions>
      </trkpt>
      <trkpt lat="30.385898" lon="103.837533">
        <ele>439.0</ele>
        <time>2023-12-23T01:11:38Z</time>
        <extensions><gpxtpx:TrackPointExtension>
          <gpxtpx:hr>158</gpxtpx:hr>
        </gpxtpx:TrackPointExtension></extensions>
      </trkpt>
      <trkpt lat="30.38593" lon="103.837521">
        <ele>439.0</ele>
        <time>2023-12-23T01:11:39Z</time>
        <extensions><gpxtpx:TrackPointExtension>
          <gpxtpx:hr>158</gpxtpx:hr>
        </gpxtpx:TrackPointExtension></extensions>
      </trkpt>
      <trkpt lat="30.385961" lon="103.837509">
        <ele>439.0</ele>
        <time>2023-12-23T01:11:40Z</time>
        <extensions><gpxtpx:TrackPointExtension>
          <gpxtpx:hr>158</gpxtpx:hr>
        </gpxtpx:TrackPointExtension></extensions>
      </trkpt>
      <trkpt lat="30.385993" lon="103.837498">
        <ele>439.0</ele>
        <time>2023-12-23T01:11:41Z</time>
        <extensions><gpxtpx:TrackPointExtension>
          <gpxtpx:hr>158</gpxtpx:hr>
        </gpxtpx:TrackPointExtension></extensions>
      </trkpt>
      <trkpt lat="30.386025" lon="103.837486">
        <ele>439.0</ele>
        <time>2023-12-23T01:11:42Z</time>
        <extensions><gpxtpx:TrackPointExtension>
          <gpxtpx:hr>158</gpxtpx:hr>
        </gpxtpx:TrackPointExtension></extensions>
      </trkpt>
      <trkpt lat="30.386057" lon="103.837474">
        <ele>439.0</ele>
        <time>2023-12-23T01:11:43Z</time>
        <extensions><gpxtpx:TrackPointExtension>
          <gpxtpx:hr>158</gpxtpx:hr>
        </gpxtpx:TrackPointExtension></extensions>
      </trkpt>
      <trkpt lat="30.386089" lon="103.837462">
        <ele>439.0</ele>
        <time>2023-12-23T01:11:44Z</time>
        <extensions><gpxtpx:TrackPointExtension>
          <gpxtpx:hr>158</gpxtpx:hr>
        </gpxtpx:TrackPointExtension></extensions>
      </trkpt>
      <trkpt lat="30.386121" lon="103.837449">
        <ele>439.0</ele>
        <time>2023-12-23T01:11:45Z</time>
        <extensions><gpxtpx:TrackPointExtension>
          <gpxtpx:hr>157</gpxtpx:hr>
        </gpxtpx:TrackPointExtension></extensions>
      </trkpt>
      <trkpt lat="30.386153" lon="103.837436">
        <ele>439.0</ele>
        <time>2023-12-23T01:11:46Z</time>
        <extensions><gpxtpx:TrackPointExtension>
          <gpxtpx:hr>157</gpxtpx:hr>
        </gpxtpx:TrackPointExtension></extensions>
      </trkpt>
      <trkpt lat="30.386186" lon="103.837423">
        <ele>439.0</ele>
        <time>2023-12-23T01:11:47Z</time>
        <extensions><gpxtpx:TrackPointExtension>
          <gpxtpx:hr>157</gpxtpx:hr>
        </gpxtpx:TrackPointExtension></extensions>
      </trkpt>
      <trkpt lat="30.386218" lon="103.83741">
        <ele>439.0</ele>
        <time>2023-12-23T01:11:48Z</time>
        <extensions><gpxtpx:TrackPointExtension>
          <gpxtpx:hr>157</gpxtpx:hr>
        </gpxtpx:TrackPointExtension></extensions>
      </trkpt>
      <trkpt lat="30.386251" lon="103.837398">
        <ele>439.0</ele>
        <time>2023-12-23T01:11:49Z</time>
        <extensions><gpxtpx:TrackPointExtension>
          <gpxtpx:hr>157</gpxtpx:hr>
        </gpxtpx:TrackPointExtension></extensions>
      </trkpt>
      <trkpt lat="30.386282" lon="103.837385">
        <ele>439.0</ele>
        <time>2023-12-23T01:11:50Z</time>
        <extensions><gpxtpx:TrackPointExtension>
          <gpxtpx:hr>157</gpxtpx:hr>
        </gpxtpx:TrackPointExtension></extensions>
      </trkpt>
      <trkpt lat="30.386313" lon="103.837373">
        <ele>439.0</ele>
        <time>2023-12-23T01:11:51Z</time>
        <extensions><gpxtpx:TrackPointExtension>
          <gpxtpx:hr>157</gpxtpx:hr>
        </gpxtpx:TrackPointExtension></extensions>
      </trkpt>
      <trkpt lat="30.386343" lon="103.837359">
        <ele>439.0</ele>
        <time>2023-12-23T01:11:52Z</time>
        <extensions><gpxtpx:TrackPointExtension>
          <gpxtpx:hr>157</gpxtpx:hr>
        </gpxtpx:TrackPointExtension></extensions>
      </trkpt>
      <trkpt lat="30.386374" lon="103.837346">
        <ele>439.0</ele>
        <time>2023-12-23T01:11:53Z</time>
        <extensions><gpxtpx:TrackPointExtension>
          <gpxtpx:hr>158</gpxtpx:hr>
        </gpxtpx:TrackPointExtension></extensions>
      </trkpt>
      <trkpt lat="30.386405" lon="103.837334">
        <ele>439.0</ele>
        <time>2023-12-23T01:11:54Z</time>
        <extensions><gpxtpx:TrackPointExtension>
          <gpxtpx:hr>158</gpxtpx:hr>
        </gpxtpx:TrackPointExtension></extensions>
      </trkpt>
      <trkpt lat="30.386435" lon="103.837321">
        <ele>439.0</ele>
        <time>2023-12-23T01:11:55Z</time>
        <extensions><gpxtpx:TrackPointExtension>
          <gpxtpx:hr>158</gpxtpx:hr>
        </gpxtpx:TrackPointExtension></extensions>
      </trkpt>
      <trkpt lat="30.386467" lon="103.83731">
        <ele>440.0</ele>
        <time>2023-12-23T01:11:56Z</time>
        <extensions><gpxtpx:TrackPointExtension>
          <gpxtpx:hr>158</gpxtpx:hr>
        </gpxtpx:TrackPointExtension></extensions>
      </trkpt>
      <trkpt lat="30.386498" lon="103.837298">
        <ele>439.0</ele>
        <time>2023-12-23T01:11:57Z</time>
        <extensions><gpxtpx:TrackPointExtension>
          <gpxtpx:hr>158</gpxtpx:hr>
        </gpxtpx:TrackPointExtension></extensions>
      </trkpt>
      <trkpt lat="30.386531" lon="103.837286">
        <ele>439.0</ele>
        <time>2023-12-23T01:11:58Z</time>
        <extensions><gpxtpx:TrackPointExtension>
          <gpxtpx:hr>158</gpxtpx:hr>
        </gpxtpx:TrackPointExtension></extensions>
      </trkpt>
      <trkpt lat="30.386564" lon="103.837274">
        <ele>439.0</ele>
        <time>2023-12-23T01:11:59Z</time>
        <extensions><gpxtpx:TrackPointExtension>
          <gpxtpx:hr>158</gpxtpx:hr>
        </gpxtpx:TrackPointExtension></extensions>
      </trkpt>
      <trkpt lat="30.386596" lon="103.837261">
        <ele>439.0</ele>
        <time>2023-12-23T01:12:00Z</time>
        <extensions><gpxtpx:TrackPointExtension>
          <gpxtpx:hr>158</gpxtpx:hr>
        </gpxtpx:TrackPointExtension></extensions>
      </trkpt>
      <trkpt lat="30.386629" lon="103.837248">
        <ele>439.0</ele>
        <time>2023-12-23T01:12:01Z</time>
        <extensions><gpxtpx:TrackPointExtension>
          <gpxtpx:hr>158</gpxtpx:hr>
        </gpxtpx:TrackPointExtension></extensions>
      </trkpt>
      <trkpt lat="30.38666" lon="103.837235">
        <ele>439.0</ele>
        <time>2023-12-23T01:12:02Z</time>
        <extensions><gpxtpx:TrackPointExtension>
          <gpxtpx:hr>158</gpxtpx:hr>
        </gpxtpx:TrackPointExtension></extensions>
      </trkpt>
      <trkpt lat="30.386692" lon="103.837222">
        <ele>439.0</ele>
        <time>2023-12-23T01:12:03Z</time>
        <extensions><gpxtpx:TrackPointExtension>
          <gpxtpx:hr>158</gpxtpx:hr>
        </gpxtpx:TrackPointExtension></extensions>
      </trkpt>
      <trkpt lat="30.386722" lon="103.837208">
        <ele>439.0</ele>
        <time>2023-12-23T01:12:04Z</time>
        <extensions><gpxtpx:TrackPointExtension>
          <gpxtpx:hr>158</gpxtpx:hr>
        </gpxtpx:TrackPointExtension></extensions>
      </trkpt>
      <trkpt lat="30.386753" lon="103.837195">
        <ele>439.0</ele>
        <time>2023-12-23T01:12:05Z</time>
        <extensions><gpxtpx:TrackPointExtension>
          <gpxtpx:hr>158</gpxtpx:hr>
        </gpxtpx:TrackPointExtension></extensions>
      </trkpt>
      <trkpt lat="30.386783" lon="103.837181">
        <ele>439.0</ele>
        <time>2023-12-23T01:12:06Z</time>
        <extensions><gpxtpx:TrackPointExtension>
          <gpxtpx:hr>158</gpxtpx:hr>
        </gpxtpx:TrackPointExtension></extensions>
      </trkpt>
      <trkpt lat="30.386814" lon="103.837167">
        <ele>439.0</ele>
        <time>2023-12-23T01:12:07Z</time>
        <extensions><gpxtpx:TrackPointExtension>
          <gpxtpx:hr>158</gpxtpx:hr>
        </gpxtpx:TrackPointExtension></extensions>
      </trkpt>
      <trkpt lat="30.386844" lon="103.837155">
        <ele>439.0</ele>
        <time>2023-12-23T01:12:08Z</time>
        <extensions><gpxtpx:TrackPointExtension>
          <gpxtpx:hr>157</gpxtpx:hr>
        </gpxtpx:TrackPointExtension></extensions>
      </trkpt>
      <trkpt lat="30.386874" lon="103.837142">
        <ele>439.0</ele>
        <time>2023-12-23T01:12:09Z</time>
        <extensions><gpxtpx:TrackPointExtension>
          <gpxtpx:hr>157</gpxtpx:hr>
        </gpxtpx:TrackPointExtension></extensions>
      </trkpt>
      <trkpt lat="30.386905" lon="103.837129">
        <ele>439.0</ele>
        <time>2023-12-23T01:12:10Z</time>
        <extensions><gpxtpx:TrackPointExtension>
          <gpxtpx:hr>157</gpxtpx:hr>
        </gpxtpx:TrackPointExtension></extensions>
      </trkpt>
      <trkpt lat="30.386935" lon="103.837117">
        <ele>439.0</ele>
        <time>2023-12-23T01:12:11Z</time>
        <extensions><gpxtpx:TrackPointExtension>
          <gpxtpx:hr>157</gpxtpx:hr>
        </gpxtpx:TrackPointExtension></extensions>
      </trkpt>
      <trkpt lat="30.386965" lon="103.837105">
        <ele>439.0</ele>
        <time>2023-12-23T01:12:12Z</time>
        <extensions><gpxtpx:TrackPointExtension>
          <gpxtpx:hr>157</gpxtpx:hr>
        </gpxtpx:TrackPointExtension></extensions>
      </trkpt>
      <trkpt lat="30.386995" lon="103.837092">
        <ele>439.0</ele>
        <time>2023-12-23T01:12:13Z</time>
        <extensions><gpxtpx:TrackPointExtension>
          <gpxtpx:hr>157</gpxtpx:hr>
        </gpxtpx:TrackPointExtension></extensions>
      </trkpt>
      <trkpt lat="30.387025" lon="103.83708">
        <ele>439.0</ele>
        <time>2023-12-23T01:12:14Z</time>
        <extensions><gpxtpx:TrackPointExtension>
          <gpxtpx:hr>157</gpxtpx:hr>
        </gpxtpx:TrackPointExtension></extensions>
      </trkpt>
      <trkpt lat="30.387055" lon="103.837068">
        <ele>439.0</ele>
        <time>2023-12-23T01:12:15Z</time>
        <extensions><gpxtpx:TrackPointExtension>
          <gpxtpx:hr>157</gpxtpx:hr>
        </gpxtpx:TrackPointExtension></extensions>
      </trkpt>
      <trkpt lat="30.387085" lon="103.837056">
        <ele>439.0</ele>
        <time>2023-12-23T01:12:16Z</time>
        <extensions><gpxtpx:TrackPointExtension>
          <gpxtpx:hr>157</gpxtpx:hr>
        </gpxtpx:TrackPointExtension></extensions>
      </trkpt>
      <trkpt lat="30.387115" lon="103.837045">
        <ele>439.0</ele>
        <time>2023-12-23T01:12:17Z</time>
        <extensions><gpxtpx:TrackPointExtension>
          <gpxtpx:hr>157</gpxtpx:hr>
        </gpxtpx:TrackPointExtension></extensions>
      </trkpt>
      <trkpt lat="30.387146" lon="103.837033">
        <ele>439.0</ele>
        <time>2023-12-23T01:12:18Z</time>
        <extensions><gpxtpx:TrackPointExtension>
          <gpxtpx:hr>157</gpxtpx:hr>
        </gpxtpx:TrackPointExtension></extensions>
      </trkpt>
      <trkpt lat="30.387176" lon="103.837022">
        <ele>439.0</ele>
        <time>2023-12-23T01:12:19Z</time>
        <extensions><gpxtpx:TrackPointExtension>
          <gpxtpx:hr>157</gpxtpx:hr>
        </gpxtpx:TrackPointExtension></extensions>
      </trkpt>
      <trkpt lat="30.387207" lon="103.837011">
        <ele>439.0</ele>
        <time>2023-12-23T01:12:20Z</time>
        <extensions><gpxtpx:TrackPointExtension>
          <gpxtpx:hr>157</gpxtpx:hr>
        </gpxtpx:TrackPointExtension></extensions>
      </trkpt>
      <trkpt lat="30.387238" lon="103.836999">
        <ele>439.0</ele>
        <time>2023-12-23T01:12:21Z</time>
        <extensions><gpxtpx:TrackPointExtension>
          <gpxtpx:hr>158</gpxtpx:hr>
        </gpxtpx:TrackPointExtension></extensions>
      </trkpt>
      <trkpt lat="30.387268" lon="103.836988">
        <ele>439.0</ele>
        <time>2023-12-23T01:12:22Z</time>
        <extensions><gpxtpx:TrackPointExtension>
          <gpxtpx:hr>157</gpxtpx:hr>
        </gpxtpx:TrackPointExtension></extensions>
      </trkpt>
      <trkpt lat="30.387298" lon="103.836977">
        <ele>439.0</ele>
        <time>2023-12-23T01:12:23Z</time>
        <extensions><gpxtpx:TrackPointExtension>
          <gpxtpx:hr>157</gpxtpx:hr>
        </gpxtpx:TrackPointExtension></extensions>
      </trkpt>
      <trkpt lat="30.387328" lon="103.836964">
        <ele>439.0</ele>
        <time>2023-12-23T01:12:24Z</time>
        <extensions><gpxtpx:TrackPointExtension>
          <gpxtpx:hr>157</gpxtpx:hr>
        </gpxtpx:TrackPointExtension></extensions>
      </trkpt>
      <trkpt lat="30.387359" lon="103.836951">
        <ele>439.0</ele>
        <time>2023-12-23T01:12:25Z</time>
        <extensions><gpxtpx:TrackPointExtension>
          <gpxtpx:hr>157</gpxtpx:hr>
        </gpxtpx:TrackPointExtension></extensions>
      </trkpt>
      <trkpt lat="30.387389" lon="103.836938">
        <ele>439.0</ele>
        <time>2023-12-23T01:12:26Z</time>
        <extensions><gpxtpx:TrackPointExtension>
          <gpxtpx:hr>157</gpxtpx:hr>
        </gpxtpx:TrackPointExtension></extensions>
      </trkpt>
      <trkpt lat="30.387419" lon="103.836925">
        <ele>439.0</ele>
        <time>2023-12-23T01:12:27Z</time>
        <extensions><gpxtpx:TrackPointExtension>
          <gpxtpx:hr>157</gpxtpx:hr>
        </gpxtpx:TrackPointExtension></extensions>
      </trkpt>
      <trkpt lat="30.387449" lon="103.836911">
        <ele>439.0</ele>
        <time>2023-12-23T01:12:28Z</time>
        <extensions><gpxtpx:TrackPointExtension>
          <gpxtpx:hr>157</gpxtpx:hr>
        </gpxtpx:TrackPointExtension></extensions>
      </trkpt>
      <trkpt lat="30.38748" lon="103.836898">
        <ele>439.0</ele>
        <time>2023-12-23T01:12:29Z</time>
        <extensions><gpxtpx:TrackPointExtension>
          <gpxtpx:hr>157</gpxtpx:hr>
        </gpxtpx:TrackPointExtension></extensions>
      </trkpt>
      <trkpt lat="30.38751" lon="103.836884">
        <ele>439.0</ele>
        <time>2023-12-23T01:12:30Z</time>
        <extensions><gpxtpx:TrackPointExtension>
          <gpxtpx:hr>156</gpxtpx:hr>
        </gpxtpx:TrackPointExtension></extensions>
      </trkpt>
      <trkpt lat="30.387541" lon="103.836871">
        <ele>439.0</ele>
        <time>2023-12-23T01:12:31Z</time>
        <extensions><gpxtpx:TrackPointExtension>
          <gpxtpx:hr>156</gpxtpx:hr>
        </gpxtpx:TrackPointExtension></extensions>
      </trkpt>
      <trkpt lat="30.387572" lon="103.836858">
        <ele>439.0</ele>
        <time>2023-12-23T01:12:32Z</time>
        <extensions><gpxtpx:TrackPointExtension>
          <gpxtpx:hr>156</gpxtpx:hr>
        </gpxtpx:TrackPointExtension></extensions>
      </trkpt>
      <trkpt lat="30.387603" lon="103.836845">
        <ele>439.0</ele>
        <time>2023-12-23T01:12:33Z</time>
        <extensions><gpxtpx:TrackPointExtension>
          <gpxtpx:hr>156</gpxtpx:hr>
        </gpxtpx:TrackPointExtension></extensions>
      </trkpt>
      <trkpt lat="30.387634" lon="103.836832">
        <ele>439.0</ele>
        <time>2023-12-23T01:12:34Z</time>
        <extensions><gpxtpx:TrackPointExtension>
          <gpxtpx:hr>156</gpxtpx:hr>
        </gpxtpx:TrackPointExtension></extensions>
      </trkpt>
      <trkpt lat="30.387666" lon="103.83682">
        <ele>439.0</ele>
        <time>2023-12-23T01:12:35Z</time>
        <extensions><gpxtpx:TrackPointExtension>
          <gpxtpx:hr>157</gpxtpx:hr>
        </gpxtpx:TrackPointExtension></extensions>
      </trkpt>
      <trkpt lat="30.387698" lon="103.836808">
        <ele>439.0</ele>
        <time>2023-12-23T01:12:36Z</time>
        <extensions><gpxtpx:TrackPointExtension>
          <gpxtpx:hr>157</gpxtpx:hr>
        </gpxtpx:TrackPointExtension></extensions>
      </trkpt>
      <trkpt lat="30.387729" lon="103.836796">
        <ele>439.0</ele>
        <time>2023-12-23T01:12:37Z</time>
        <extensions><gpxtpx:TrackPointExtension>
          <gpxtpx:hr>157</gpxtpx:hr>
        </gpxtpx:TrackPointExtension></extensions>
      </trkpt>
      <trkpt lat="30.38776" lon="103.836784">
        <ele>439.0</ele>
        <time>2023-12-23T01:12:38Z</time>
        <extensions><gpxtpx:TrackPointExtension>
          <gpxtpx:hr>157</gpxtpx:hr>
        </gpxtpx:TrackPointExtension></extensions>
      </trkpt>
      <trkpt lat="30.387791" lon="103.836772">
        <ele>439.0</ele>
        <time>2023-12-23T01:12:39Z</time>
        <extensions><gpxtpx:TrackPointExtension>
          <gpxtpx:hr>158</gpxtpx:hr>
        </gpxtpx:TrackPointExtension></extensions>
      </trkpt>
      <trkpt lat="30.387821" lon="103.83676">
        <ele>439.0</ele>
        <time>2023-12-23T01:12:40Z</time>
        <extensions><gpxtpx:TrackPointExtension>
          <gpxtpx:hr>158</gpxtpx:hr>
        </gpxtpx:TrackPointExtension></extensions>
      </trkpt>
      <trkpt lat="30.387851" lon="103.836748">
        <ele>439.0</ele>
        <time>2023-12-23T01:12:41Z</time>
        <extensions><gpxtpx:TrackPointExtension>
          <gpxtpx:hr>158</gpxtpx:hr>
        </gpxtpx:TrackPointExtension></extensions>
      </trkpt>
      <trkpt lat="30.387881" lon="103.836736">
        <ele>439.0</ele>
        <time>2023-12-23T01:12:42Z</time>
        <extensions><gpxtpx:TrackPointExtension>
          <gpxtpx:hr>158</gpxtpx:hr>
        </gpxtpx:TrackPointExtension></extensions>
      </trkpt>
      <trkpt lat="30.38791" lon="103.836724">
        <ele>439.0</ele>
        <time>2023-12-23T01:12:43Z</time>
        <extensions><gpxtpx:TrackPointExtension>
          <gpxtpx:hr>159</gpxtpx:hr>
        </gpxtpx:TrackPointExtension></extensions>
      </trkpt>
      <trkpt lat="30.38794" lon="103.836712">
        <ele>439.0</ele>
        <time>2023-12-23T01:12:44Z</time>
        <extensions><gpxtpx:TrackPointExtension>
          <gpxtpx:hr>159</gpxtpx:hr>
        </gpxtpx:TrackPointExtension></extensions>
      </trkpt>
      <trkpt lat="30.387969" lon="103.836701">
        <ele>439.0</ele>
        <time>2023-12-23T01:12:45Z</time>
        <extensions><gpxtpx:TrackPointExtension>
          <gpxtpx:hr>159</gpxtpx:hr>
        </gpxtpx:TrackPointExtension></extensions>
      </trkpt>
      <trkpt lat="30.387999" lon="103.836691">
        <ele>439.0</ele>
        <time>2023-12-23T01:12:46Z</time>
        <extensions><gpxtpx:TrackPointExtension>
          <gpxtpx:hr>159</gpxtpx:hr>
        </gpxtpx:TrackPointExtension></extensions>
      </trkpt>
      <trkpt lat="30.388028" lon="103.83668">
        <ele>439.0</ele>
        <time>2023-12-23T01:12:47Z</time>
        <extensions><gpxtpx:TrackPointExtension>
          <gpxtpx:hr>160</gpxtpx:hr>
        </gpxtpx:TrackPointExtension></extensions>
      </trkpt>
      <trkpt lat="30.388058" lon="103.836669">
        <ele>439.0</ele>
        <time>2023-12-23T01:12:48Z</time>
        <extensions><gpxtpx:TrackPointExtension>
          <gpxtpx:hr>160</gpxtpx:hr>
        </gpxtpx:TrackPointExtension></extensions>
      </trkpt>
      <trkpt lat="30.388087" lon="103.836657">
        <ele>439.0</ele>
        <time>2023-12-23T01:12:49Z</time>
        <extensions><gpxtpx:TrackPointExtension>
          <gpxtpx:hr>160</gpxtpx:hr>
        </gpxtpx:TrackPointExtension></extensions>
      </trkpt>
      <trkpt lat="30.388117" lon="103.836646">
        <ele>439.0</ele>
        <time>2023-12-23T01:12:50Z</time>
        <extensions><gpxtpx:TrackPointExtension>
          <gpxtpx:hr>160</gpxtpx:hr>
        </gpxtpx:TrackPointExtension></extensions>
      </trkpt>
      <trkpt lat="30.388147" lon="103.836634">
        <ele>439.0</ele>
        <time>2023-12-23T01:12:51Z</time>
        <extensions><gpxtpx:TrackPointExtension>
          <gpxtpx:hr>160</gpxtpx:hr>
        </gpxtpx:TrackPointExtension></extensions>
      </trkpt>
      <trkpt lat="30.388179" lon="103.836621">
        <ele>439.0</ele>
        <time>2023-12-23T01:12:52Z</time>
        <extensions><gpxtpx:TrackPointExtension>
          <gpxtpx:hr>160</gpxtpx:hr>
        </gpxtpx:TrackPointExtension></extensions>
      </trkpt>
      <trkpt lat="30.38821" lon="103.836609">
        <ele>439.0</ele>
        <time>2023-12-23T01:12:53Z</time>
        <extensions><gpxtpx:TrackPointExtension>
          <gpxtpx:hr>160</gpxtpx:hr>
        </gpxtpx:TrackPointExtension></extensions>
      </trkpt>
      <trkpt lat="30.388242" lon="103.836597">
        <ele>439.0</ele>
        <time>2023-12-23T01:12:54Z</time>
        <extensions><gpxtpx:TrackPointExtension>
          <gpxtpx:hr>160</gpxtpx:hr>
        </gpxtpx:TrackPointExtension></extensions>
      </trkpt>
      <trkpt lat="30.388274" lon="103.836584">
        <ele>439.0</ele>
        <time>2023-12-23T01:12:55Z</time>
        <extensions><gpxtpx:TrackPointExtension>
          <gpxtpx:hr>160</gpxtpx:hr>
        </gpxtpx:TrackPointExtension></extensions>
      </trkpt>
      <trkpt lat="30.388306" lon="103.836572">
        <ele>439.0</ele>
        <time>2023-12-23T01:12:56Z</time>
        <extensions><gpxtpx:TrackPointExtension>
          <gpxtpx:hr>160</gpxtpx:hr>
        </gpxtpx:TrackPointExtension></extensions>
      </trkpt>
      <trkpt lat="30.388339" lon="103.83656">
        <ele>439.0</ele>
        <time>2023-12-23T01:12:57Z</time>
        <extensions><gpxtpx:TrackPointExtension>
          <gpxtpx:hr>161</gpxtpx:hr>
        </gpxtpx:TrackPointExtension></extensions>
      </trkpt>
      <trkpt lat="30.388372" lon="103.836546">
        <ele>439.0</ele>
        <time>2023-12-23T01:12:58Z</time>
        <extensions><gpxtpx:TrackPointExtension>
          <gpxtpx:hr>160</gpxtpx:hr>
        </gpxtpx:TrackPointExtension></extensions>
      </trkpt>
      <trkpt lat="30.388405" lon="103.836533">
        <ele>439.0</ele>
        <time>2023-12-23T01:12:59Z</time>
        <extensions><gpxtpx:TrackPointExtension>
          <gpxtpx:hr>161</gpxtpx:hr>
        </gpxtpx:TrackPointExtension></extensions>
      </trkpt>
      <trkpt lat="30.388439" lon="103.83652">
        <ele>439.0</ele>
        <time>2023-12-23T01:13:00Z</time>
        <extensions><gpxtpx:TrackPointExtension>
          <gpxtpx:hr>161</gpxtpx:hr>
        </gpxtpx:TrackPointExtension></extensions>
      </trkpt>
      <trkpt lat="30.388473" lon="103.836507">
        <ele>439.0</ele>
        <time>2023-12-23T01:13:01Z</time>
        <extensions><gpxtpx:TrackPointExtension>
          <gpxtpx:hr>161</gpxtpx:hr>
        </gpxtpx:TrackPointExtension></extensions>
      </trkpt>
      <trkpt lat="30.388507" lon="103.836496">
        <ele>439.0</ele>
        <time>2023-12-23T01:13:02Z</time>
        <extensions><gpxtpx:TrackPointExtension>
          <gpxtpx:hr>161</gpxtpx:hr>
        </gpxtpx:TrackPointExtension></extensions>
      </trkpt>
      <trkpt lat="30.38854" lon="103.836485">
        <ele>439.0</ele>
        <time>2023-12-23T01:13:03Z</time>
        <extensions><gpxtpx:TrackPointExtension>
          <gpxtpx:hr>161</gpxtpx:hr>
        </gpxtpx:TrackPointExtension></extensions>
      </trkpt>
      <trkpt lat="30.388574" lon="103.836474">
        <ele>439.0</ele>
        <time>2023-12-23T01:13:04Z</time>
        <extensions><gpxtpx:TrackPointExtension>
          <gpxtpx:hr>161</gpxtpx:hr>
        </gpxtpx:TrackPointExtension></extensions>
      </trkpt>
      <trkpt lat="30.388607" lon="103.836462">
        <ele>439.0</ele>
        <time>2023-12-23T01:13:05Z</time>
        <extensions><gpxtpx:TrackPointExtension>
          <gpxtpx:hr>161</gpxtpx:hr>
        </gpxtpx:TrackPointExtension></extensions>
      </trkpt>
      <trkpt lat="30.38864" lon="103.83645">
        <ele>439.0</ele>
        <time>2023-12-23T01:13:06Z</time>
        <extensions><gpxtpx:TrackPointExtension>
          <gpxtpx:hr>161</gpxtpx:hr>
        </gpxtpx:TrackPointExtension></extensions>
      </trkpt>
      <trkpt lat="30.388674" lon="103.836438">
        <ele>439.0</ele>
        <time>2023-12-23T01:13:07Z</time>
        <extensions><gpxtpx:TrackPointExtension>
          <gpxtpx:hr>162</gpxtpx:hr>
        </gpxtpx:TrackPointExtension></extensions>
      </trkpt>
      <trkpt lat="30.388708" lon="103.836425">
        <ele>439.0</ele>
        <time>2023-12-23T01:13:08Z</time>
        <extensions><gpxtpx:TrackPointExtension>
          <gpxtpx:hr>162</gpxtpx:hr>
        </gpxtpx:TrackPointExtension></extensions>
      </trkpt>
      <trkpt lat="30.388741" lon="103.836413">
        <ele>439.0</ele>
        <time>2023-12-23T01:13:09Z</time>
        <extensions><gpxtpx:TrackPointExtension>
          <gpxtpx:hr>162</gpxtpx:hr>
        </gpxtpx:TrackPointExtension></extensions>
      </trkpt>
      <trkpt lat="30.388774" lon="103.8364">
        <ele>439.0</ele>
        <time>2023-12-23T01:13:10Z</time>
        <extensions><gpxtpx:TrackPointExtension>
          <gpxtpx:hr>162</gpxtpx:hr>
        </gpxtpx:TrackPointExtension></extensions>
      </trkpt>
      <trkpt lat="30.388807" lon="103.836388">
        <ele>439.0</ele>
        <time>2023-12-23T01:13:11Z</time>
        <extensions><gpxtpx:TrackPointExtension>
          <gpxtpx:hr>161</gpxtpx:hr>
        </gpxtpx:TrackPointExtension></extensions>
      </trkpt>
      <trkpt lat="30.38884" lon="103.836375">
        <ele>439.0</ele>
        <time>2023-12-23T01:13:12Z</time>
        <extensions><gpxtpx:TrackPointExtension>
          <gpxtpx:hr>162</gpxtpx:hr>
        </gpxtpx:TrackPointExtension></extensions>
      </trkpt>
      <trkpt lat="30.388872" lon="103.836362">
        <ele>439.0</ele>
        <time>2023-12-23T01:13:13Z</time>
        <extensions><gpxtpx:TrackPointExtension>
          <gpxtpx:hr>161</gpxtpx:hr>
        </gpxtpx:TrackPointExtension></extensions>
      </trkpt>
      <trkpt lat="30.388904" lon="103.836349">
        <ele>439.0</ele>
        <time>2023-12-23T01:13:14Z</time>
        <extensions><gpxtpx:TrackPointExtension>
          <gpxtpx:hr>162</gpxtpx:hr>
        </gpxtpx:TrackPointExtension></extensions>
      </trkpt>
      <trkpt lat="30.388936" lon="103.836336">
        <ele>439.0</ele>
        <time>2023-12-23T01:13:15Z</time>
        <extensions><gpxtpx:TrackPointExtension>
          <gpxtpx:hr>162</gpxtpx:hr>
        </gpxtpx:TrackPointExtension></extensions>
      </trkpt>
      <trkpt lat="30.388966" lon="103.836324">
        <ele>439.0</ele>
        <time>2023-12-23T01:13:16Z</time>
        <extensions><gpxtpx:TrackPointExtension>
          <gpxtpx:hr>162</gpxtpx:hr>
        </gpxtpx:TrackPointExtension></extensions>
      </trkpt>
      <trkpt lat="30.388997" lon="103.836313">
        <ele>439.0</ele>
        <time>2023-12-23T01:13:17Z</time>
        <extensions><gpxtpx:TrackPointExtension>
          <gpxtpx:hr>162</gpxtpx:hr>
        </gpxtpx:TrackPointExtension></extensions>
      </trkpt>
      <trkpt lat="30.389027" lon="103.836302">
        <ele>439.0</ele>
        <time>2023-12-23T01:13:18Z</time>
        <extensions><gpxtpx:TrackPointExtension>
          <gpxtpx:hr>162</gpxtpx:hr>
        </gpxtpx:TrackPointExtension></extensions>
      </trkpt>
      <trkpt lat="30.389058" lon="103.836291">
        <ele>439.0</ele>
        <time>2023-12-23T01:13:19Z</time>
        <extensions><gpxtpx:TrackPointExtension>
          <gpxtpx:hr>162</gpxtpx:hr>
        </gpxtpx:TrackPointExtension></extensions>
      </trkpt>
      <trkpt lat="30.389088" lon="103.83628">
        <ele>439.0</ele>
        <time>2023-12-23T01:13:20Z</time>
        <extensions><gpxtpx:TrackPointExtension>
          <gpxtpx:hr>161</gpxtpx:hr>
        </gpxtpx:TrackPointExtension></extensions>
      </trkpt>
      <trkpt lat="30.389119" lon="103.836269">
        <ele>439.0</ele>
        <time>2023-12-23T01:13:21Z</time>
        <extensions><gpxtpx:TrackPointExtension>
          <gpxtpx:hr>161</gpxtpx:hr>
        </gpxtpx:TrackPointExtension></extensions>
      </trkpt>
      <trkpt lat="30.389149" lon="103.836257">
        <ele>439.0</ele>
        <time>2023-12-23T01:13:22Z</time>
        <extensions><gpxtpx:TrackPointExtension>
          <gpxtpx:hr>161</gpxtpx:hr>
        </gpxtpx:TrackPointExtension></extensions>
      </trkpt>
      <trkpt lat="30.389179" lon="103.836245">
        <ele>439.0</ele>
        <time>2023-12-23T01:13:23Z</time>
        <extensions><gpxtpx:TrackPointExtension>
          <gpxtpx:hr>162</gpxtpx:hr>
        </gpxtpx:TrackPointExtension></extensions>
      </trkpt>
      <trkpt lat="30.38921" lon="103.836232">
        <ele>439.0</ele>
        <time>2023-12-23T01:13:24Z</time>
        <extensions><gpxtpx:TrackPointExtension>
          <gpxtpx:hr>162</gpxtpx:hr>
        </gpxtpx:TrackPointExtension></extensions>
      </trkpt>
      <trkpt lat="30.389241" lon="103.836219">
        <ele>439.0</ele>
        <time>2023-12-23T01:13:25Z</time>
        <extensions><gpxtpx:TrackPointExtension>
          <gpxtpx:hr>162</gpxtpx:hr>
        </gpxtpx:TrackPointExtension></extensions>
      </trkpt>
      <trkpt lat="30.389273" lon="103.836206">
        <ele>439.0</ele>
        <time>2023-12-23T01:13:26Z</time>
        <extensions><gpxtpx:TrackPointExtension>
          <gpxtpx:hr>162</gpxtpx:hr>
        </gpxtpx:TrackPointExtension></extensions>
      </trkpt>
      <trkpt lat="30.389305" lon="103.836192">
        <ele>439.0</ele>
        <time>2023-12-23T01:13:27Z</time>
        <extensions><gpxtpx:TrackPointExtension>
          <gpxtpx:hr>163</gpxtpx:hr>
        </gpxtpx:TrackPointExtension></extensions>
      </trkpt>
      <trkpt lat="30.389338" lon="103.836178">
        <ele>439.0</ele>
        <time>2023-12-23T01:13:28Z</time>
        <extensions><gpxtpx:TrackPointExtension>
          <gpxtpx:hr>163</gpxtpx:hr>
        </gpxtpx:TrackPointExtension></extensions>
      </trkpt>
      <trkpt lat="30.389371" lon="103.836165">
        <ele>439.0</ele>
        <time>2023-12-23T01:13:29Z</time>
        <extensions><gpxtpx:TrackPointExtension>
          <gpxtpx:hr>163</gpxtpx:hr>
        </gpxtpx:TrackPointExtension></extensions>
      </trkpt>
      <trkpt lat="30.389406" lon="103.836151">
        <ele>439.0</ele>
        <time>2023-12-23T01:13:30Z</time>
        <extensions><gpxtpx:TrackPointExtension>
          <gpxtpx:hr>163</gpxtpx:hr>
        </gpxtpx:TrackPointExtension></extensions>
      </trkpt>
      <trkpt lat="30.38944" lon="103.836137">
        <ele>439.0</ele>
        <time>2023-12-23T01:13:31Z</time>
        <extensions><gpxtpx:TrackPointExtension>
          <gpxtpx:hr>164</gpxtpx:hr>
        </gpxtpx:TrackPointExtension></extensions>
      </trkpt>
      <trkpt lat="30.389474" lon="103.836123">
        <ele>439.0</ele>
        <time>2023-12-23T01:13:32Z</time>
        <extensions><gpxtpx:TrackPointExtension>
          <gpxtpx:hr>164</gpxtpx:hr>
        </gpxtpx:TrackPointExtension></extensions>
      </trkpt>
      <trkpt lat="30.389509" lon="103.836109">
        <ele>439.0</ele>
        <time>2023-12-23T01:13:33Z</time>
        <extensions><gpxtpx:TrackPointExtension>
          <gpxtpx:hr>164</gpxtpx:hr>
        </gpxtpx:TrackPointExtension></extensions>
      </trkpt>
      <trkpt lat="30.389542" lon="103.836096">
        <ele>439.0</ele>
        <time>2023-12-23T01:13:34Z</time>
        <extensions><gpxtpx:TrackPointExtension>
          <gpxtpx:hr>164</gpxtpx:hr>
        </gpxtpx:TrackPointExtension></extensions>
      </trkpt>
      <trkpt lat="30.389575" lon="103.836082">
        <ele>439.0</ele>
        <time>2023-12-23T01:13:35Z</time>
        <extensions><gpxtpx:TrackPointExtension>
          <gpxtpx:hr>165</gpxtpx:hr>
        </gpxtpx:TrackPointExtension></extensions>
      </trkpt>
      <trkpt lat="30.389607" lon="103.836069">
        <ele>439.0</ele>
        <time>2023-12-23T01:13:36Z</time>
        <extensions><gpxtpx:TrackPointExtension>
          <gpxtpx:hr>164</gpxtpx:hr>
        </gpxtpx:TrackPointExtension></extensions>
      </trkpt>
      <trkpt lat="30.389639" lon="103.836055">
        <ele>439.0</ele>
        <time>2023-12-23T01:13:37Z</time>
        <extensions><gpxtpx:TrackPointExtension>
          <gpxtpx:hr>165</gpxtpx:hr>
        </gpxtpx:TrackPointExtension></extensions>
      </trkpt>
      <trkpt lat="30.38967" lon="103.836041">
        <ele>439.0</ele>
        <time>2023-12-23T01:13:38Z</time>
        <extensions><gpxtpx:TrackPointExtension>
          <gpxtpx:hr>164</gpxtpx:hr>
        </gpxtpx:TrackPointExtension></extensions>
      </trkpt>
      <trkpt lat="30.389702" lon="103.836027">
        <ele>439.0</ele>
        <time>2023-12-23T01:13:39Z</time>
        <extensions><gpxtpx:TrackPointExtension>
          <gpxtpx:hr>165</gpxtpx:hr>
        </gpxtpx:TrackPointExtension></extensions>
      </trkpt>
      <trkpt lat="30.389734" lon="103.836013">
        <ele>439.0</ele>
        <time>2023-12-23T01:13:40Z</time>
        <extensions><gpxtpx:TrackPointExtension>
          <gpxtpx:hr>164</gpxtpx:hr>
        </gpxtpx:TrackPointExtension></extensions>
      </trkpt>
      <trkpt lat="30.389766" lon="103.835998">
        <ele>439.0</ele>
        <time>2023-12-23T01:13:41Z</time>
        <extensions><gpxtpx:TrackPointExtension>
          <gpxtpx:hr>165</gpxtpx:hr>
        </gpxtpx:TrackPointExtension></extensions>
      </trkpt>
      <trkpt lat="30.389799" lon="103.835983">
        <ele>439.0</ele>
        <time>2023-12-23T01:13:42Z</time>
        <extensions><gpxtpx:TrackPointExtension>
          <gpxtpx:hr>165</gpxtpx:hr>
        </gpxtpx:TrackPointExtension></extensions>
      </trkpt>
      <trkpt lat="30.389831" lon="103.835969">
        <ele>439.0</ele>
        <time>2023-12-23T01:13:43Z</time>
        <extensions><gpxtpx:TrackPointExtension>
          <gpxtpx:hr>165</gpxtpx:hr>
        </gpxtpx:TrackPointExtension></extensions>
      </trkpt>
      <trkpt lat="30.389863" lon="103.835955">
        <ele>439.0</ele>
        <time>2023-12-23T01:13:44Z</time>
        <extensions><gpxtpx:TrackPointExtension>
          <gpxtpx:hr>165</gpxtpx:hr>
        </gpxtpx:TrackPointExtension></extensions>
      </trkpt>
      <trkpt lat="30.389895" lon="103.835942">
        <ele>439.0</ele>
        <time>2023-12-23T01:13:45Z</time>
        <extensions><gpxtpx:TrackPointExtension>
          <gpxtpx:hr>165</gpxtpx:hr>
        </gpxtpx:TrackPointExtension></extensions>
      </trkpt>
      <trkpt lat="30.389925" lon="103.835931">
        <ele>439.0</ele>
        <time>2023-12-23T01:13:46Z</time>
        <extensions><gpxtpx:TrackPointExtension>
          <gpxtpx:hr>165</gpxtpx:hr>
        </gpxtpx:TrackPointExtension></extensions>
      </trkpt>
      <trkpt lat="30.389956" lon="103.835919">
        <ele>439.0</ele>
        <time>2023-12-23T01:13:47Z</time>
        <extensions><gpxtpx:TrackPointExtension>
          <gpxtpx:hr>165</gpxtpx:hr>
        </gpxtpx:TrackPointExtension></extensions>
      </trkpt>
      <trkpt lat="30.389986" lon="103.835908">
        <ele>439.0</ele>
        <time>2023-12-23T01:13:48Z</time>
        <extensions><gpxtpx:TrackPointExtension>
          <gpxtpx:hr>165</gpxtpx:hr>
        </gpxtpx:TrackPointExtension></extensions>
      </trkpt>
      <trkpt lat="30.390017" lon="103.835898">
        <ele>439.0</ele>
        <time>2023-12-23T01:13:49Z</time>
        <extensions><gpxtpx:TrackPointExtension>
          <gpxtpx:hr>166</gpxtpx:hr>
        </gpxtpx:TrackPointExtension></extensions>
      </trkpt>
      <trkpt lat="30.390047" lon="103.835886">
        <ele>439.0</ele>
        <time>2023-12-23T01:13:50Z</time>
        <extensions><gpxtpx:TrackPointExtension>
          <gpxtpx:hr>166</gpxtpx:hr>
        </gpxtpx:TrackPointExtension></extensions>
      </trkpt>
      <trkpt lat="30.390078" lon="103.835874">
        <ele>439.0</ele>
        <time>2023-12-23T01:13:51Z</time>
        <extensions><gpxtpx:TrackPointExtension>
          <gpxtpx:hr>167</gpxtpx:hr>
        </gpxtpx:TrackPointExtension></extensions>
      </trkpt>
      <trkpt lat="30.390109" lon="103.835863">
        <ele>439.0</ele>
        <time>2023-12-23T01:13:52Z</time>
        <extensions><gpxtpx:TrackPointExtension>
          <gpxtpx:hr>167</gpxtpx:hr>
        </gpxtpx:TrackPointExtension></extensions>
      </trkpt>
      <trkpt lat="30.39014" lon="103.835851">
        <ele>439.0</ele>
        <time>2023-12-23T01:13:53Z</time>
        <extensions><gpxtpx:TrackPointExtension>
          <gpxtpx:hr>167</gpxtpx:hr>
        </gpxtpx:TrackPointExtension></extensions>
      </trkpt>
      <trkpt lat="30.390171" lon="103.83584">
        <ele>439.0</ele>
        <time>2023-12-23T01:13:54Z</time>
        <extensions><gpxtpx:TrackPointExtension>
          <gpxtpx:hr>167</gpxtpx:hr>
        </gpxtpx:TrackPointExtension></extensions>
      </trkpt>
      <trkpt lat="30.390202" lon="103.835829">
        <ele>439.0</ele>
        <time>2023-12-23T01:13:55Z</time>
        <extensions><gpxtpx:TrackPointExtension>
          <gpxtpx:hr>167</gpxtpx:hr>
        </gpxtpx:TrackPointExtension></extensions>
      </trkpt>
      <trkpt lat="30.390233" lon="103.835817">
        <ele>439.0</ele>
        <time>2023-12-23T01:13:56Z</time>
        <extensions><gpxtpx:TrackPointExtension>
          <gpxtpx:hr>167</gpxtpx:hr>
        </gpxtpx:TrackPointExtension></extensions>
      </trkpt>
      <trkpt lat="30.390265" lon="103.835806">
        <ele>439.0</ele>
        <time>2023-12-23T01:13:57Z</time>
        <extensions><gpxtpx:TrackPointExtension>
          <gpxtpx:hr>168</gpxtpx:hr>
        </gpxtpx:TrackPointExtension></extensions>
      </trkpt>
      <trkpt lat="30.390296" lon="103.835793">
        <ele>439.0</ele>
        <time>2023-12-23T01:13:58Z</time>
        <extensions><gpxtpx:TrackPointExtension>
          <gpxtpx:hr>168</gpxtpx:hr>
        </gpxtpx:TrackPointExtension></extensions>
      </trkpt>
      <trkpt lat="30.390328" lon="103.835781">
        <ele>439.0</ele>
        <time>2023-12-23T01:13:59Z</time>
        <extensions><gpxtpx:TrackPointExtension>
          <gpxtpx:hr>168</gpxtpx:hr>
        </gpxtpx:TrackPointExtension></extensions>
      </trkpt>
      <trkpt lat="30.390359" lon="103.835768">
        <ele>439.0</ele>
        <time>2023-12-23T01:14:00Z</time>
        <extensions><gpxtpx:TrackPointExtension>
          <gpxtpx:hr>168</gpxtpx:hr>
        </gpxtpx:TrackPointExtension></extensions>
      </trkpt>
      <trkpt lat="30.39039" lon="103.835755">
        <ele>439.0</ele>
        <time>2023-12-23T01:14:01Z</time>
        <extensions><gpxtpx:TrackPointExtension>
          <gpxtpx:hr>168</gpxtpx:hr>
        </gpxtpx:TrackPointExtension></extensions>
      </trkpt>
      <trkpt lat="30.390419" lon="103.835744">
        <ele>439.0</ele>
        <time>2023-12-23T01:14:02Z</time>
        <extensions><gpxtpx:TrackPointExtension>
          <gpxtpx:hr>168</gpxtpx:hr>
        </gpxtpx:TrackPointExtension></extensions>
      </trkpt>
      <trkpt lat="30.390449" lon="103.835732">
        <ele>439.0</ele>
        <time>2023-12-23T01:14:03Z</time>
        <extensions><gpxtpx:TrackPointExtension>
          <gpxtpx:hr>169</gpxtpx:hr>
        </gpxtpx:TrackPointExtension></extensions>
      </trkpt>
      <trkpt lat="30.390479" lon="103.835721">
        <ele>439.0</ele>
        <time>2023-12-23T01:14:04Z</time>
        <extensions><gpxtpx:TrackPointExtension>
          <gpxtpx:hr>169</gpxtpx:hr>
        </gpxtpx:TrackPointExtension></extensions>
      </trkpt>
      <trkpt lat="30.390508" lon="103.83571">
        <ele>439.0</ele>
        <time>2023-12-23T01:14:05Z</time>
        <extensions><gpxtpx:TrackPointExtension>
          <gpxtpx:hr>169</gpxtpx:hr>
        </gpxtpx:TrackPointExtension></extensions>
      </trkpt>
      <trkpt lat="30.390536" lon="103.835698">
        <ele>439.0</ele>
        <time>2023-12-23T01:14:06Z</time>
        <extensions><gpxtpx:TrackPointExtension>
          <gpxtpx:hr>170</gpxtpx:hr>
        </gpxtpx:TrackPointExtension></extensions>
      </trkpt>
      <trkpt lat="30.390565" lon="103.835687">
        <ele>439.0</ele>
        <time>2023-12-23T01:14:07Z</time>
        <extensions><gpxtpx:TrackPointExtension>
          <gpxtpx:hr>170</gpxtpx:hr>
        </gpxtpx:TrackPointExtension></extensions>
      </trkpt>
      <trkpt lat="30.390594" lon="103.835676">
        <ele>439.0</ele>
        <time>2023-12-23T01:14:08Z</time>
        <extensions><gpxtpx:TrackPointExtension>
          <gpxtpx:hr>170</gpxtpx:hr>
        </gpxtpx:TrackPointExtension></extensions>
      </trkpt>
      <trkpt lat="30.390623" lon="103.835665">
        <ele>439.0</ele>
        <time>2023-12-23T01:14:09Z</time>
        <extensions><gpxtpx:TrackPointExtension>
          <gpxtpx:hr>170</gpxtpx:hr>
        </gpxtpx:TrackPointExtension></extensions>
      </trkpt>
      <trkpt lat="30.390652" lon="103.835655">
        <ele>439.0</ele>
        <time>2023-12-23T01:14:10Z</time>
        <extensions><gpxtpx:TrackPointExtension>
          <gpxtpx:hr>170</gpxtpx:hr>
        </gpxtpx:TrackPointExtension></extensions>
      </trkpt>
      <trkpt lat="30.390681" lon="103.835644">
        <ele>439.0</ele>
        <time>2023-12-23T01:14:11Z</time>
        <extensions><gpxtpx:TrackPointExtension>
          <gpxtpx:hr>170</gpxtpx:hr>
        </gpxtpx:TrackPointExtension></extensions>
      </trkpt>
      <trkpt lat="30.39071" lon="103.835634">
        <ele>439.0</ele>
        <time>2023-12-23T01:14:12Z</time>
        <extensions><gpxtpx:TrackPointExtension>
          <gpxtpx:hr>170</gpxtpx:hr>
        </gpxtpx:TrackPointExtension></extensions>
      </trkpt>
      <trkpt lat="30.390738" lon="103.835623">
        <ele>439.0</ele>
        <time>2023-12-23T01:14:13Z</time>
        <extensions><gpxtpx:TrackPointExtension>
          <gpxtpx:hr>170</gpxtpx:hr>
        </gpxtpx:TrackPointExtension></extensions>
      </trkpt>
      <trkpt lat="30.390767" lon="103.835612">
        <ele>439.0</ele>
        <time>2023-12-23T01:14:14Z</time>
        <extensions><gpxtpx:TrackPointExtension>
          <gpxtpx:hr>170</gpxtpx:hr>
        </gpxtpx:TrackPointExtension></extensions>
      </trkpt>
      <trkpt lat="30.390796" lon="103.835601">
        <ele>439.0</ele>
        <time>2023-12-23T01:14:15Z</time>
        <extensions><gpxtpx:TrackPointExtension>
          <gpxtpx:hr>170</gpxtpx:hr>
        </gpxtpx:TrackPointExtension></extensions>
      </trkpt>
      <trkpt lat="30.390826" lon="103.83559">
        <ele>439.0</ele>
        <time>2023-12-23T01:14:16Z</time>
        <extensions><gpxtpx:TrackPointExtension>
          <gpxtpx:hr>170</gpxtpx:hr>
        </gpxtpx:TrackPointExtension></extensions>
      </trkpt>
      <trkpt lat="30.390856" lon="103.83558">
        <ele>439.0</ele>
        <time>2023-12-23T01:14:17Z</time>
        <extensions><gpxtpx:TrackPointExtension>
          <gpxtpx:hr>170</gpxtpx:hr>
        </gpxtpx:TrackPointExtension></extensions>
      </trkpt>
      <trkpt lat="30.390886" lon="103.835568">
        <ele>439.0</ele>
        <time>2023-12-23T01:14:18Z</time>
        <extensions><gpxtpx:TrackPointExtension>
          <gpxtpx:hr>170</gpxtpx:hr>
        </gpxtpx:TrackPointExtension></extensions>
      </trkpt>
      <trkpt lat="30.390917" lon="103.835557">
        <ele>439.0</ele>
        <time>2023-12-23T01:14:19Z</time>
        <extensions><gpxtpx:TrackPointExtension>
          <gpxtpx:hr>170</gpxtpx:hr>
        </gpxtpx:TrackPointExtension></extensions>
      </trkpt>
      <trkpt lat="30.390947" lon="103.835545">
        <ele>439.0</ele>
        <time>2023-12-23T01:14:20Z</time>
        <extensions><gpxtpx:TrackPointExtension>
          <gpxtpx:hr>170</gpxtpx:hr>
        </gpxtpx:TrackPointExtension></extensions>
      </trkpt>
      <trkpt lat="30.390978" lon="103.835534">
        <ele>439.0</ele>
        <time>2023-12-23T01:14:21Z</time>
        <extensions><gpxtpx:TrackPointExtension>
          <gpxtpx:hr>170</gpxtpx:hr>
        </gpxtpx:TrackPointExtension></extensions>
      </trkpt>
      <trkpt lat="30.391009" lon="103.835522">
        <ele>439.0</ele>
        <time>2023-12-23T01:14:22Z</time>
        <extensions><gpxtpx:TrackPointExtension>
          <gpxtpx:hr>170</gpxtpx:hr>
        </gpxtpx:TrackPointExtension></extensions>
      </trkpt>
      <trkpt lat="30.39104" lon="103.835511">
        <ele>439.0</ele>
        <time>2023-12-23T01:14:23Z</time>
        <extensions><gpxtpx:TrackPointExtension>
          <gpxtpx:hr>170</gpxtpx:hr>
        </gpxtpx:TrackPointExtension></extensions>
      </trkpt>
      <trkpt lat="30.391071" lon="103.8355">
        <ele>439.0</ele>
        <time>2023-12-23T01:14:24Z</time>
        <extensions><gpxtpx:TrackPointExtension>
          <gpxtpx:hr>170</gpxtpx:hr>
        </gpxtpx:TrackPointExtension></extensions>
      </trkpt>
      <trkpt lat="30.391102" lon="103.835489">
        <ele>439.0</ele>
        <time>2023-12-23T01:14:25Z</time>
        <extensions><gpxtpx:TrackPointExtension>
          <gpxtpx:hr>170</gpxtpx:hr>
        </gpxtpx:TrackPointExtension></extensions>
      </trkpt>
      <trkpt lat="30.391132" lon="103.835478">
        <ele>439.0</ele>
        <time>2023-12-23T01:14:26Z</time>
        <extensions><gpxtpx:TrackPointExtension>
          <gpxtpx:hr>170</gpxtpx:hr>
        </gpxtpx:TrackPointExtension></extensions>
      </trkpt>
      <trkpt lat="30.391162" lon="103.835467">
        <ele>439.0</ele>
        <time>2023-12-23T01:14:27Z</time>
        <extensions><gpxtpx:TrackPointExtension>
          <gpxtpx:hr>170</gpxtpx:hr>
        </gpxtpx:TrackPointExtension></extensions>
      </trkpt>
      <trkpt lat="30.391191" lon="103.835455">
        <ele>439.0</ele>
        <time>2023-12-23T01:14:28Z</time>
        <extensions><gpxtpx:TrackPointExtension>
          <gpxtpx:hr>170</gpxtpx:hr>
        </gpxtpx:TrackPointExtension></extensions>
      </trkpt>
      <trkpt lat="30.391221" lon="103.835444">
        <ele>439.0</ele>
        <time>2023-12-23T01:14:29Z</time>
        <extensions><gpxtpx:TrackPointExtension>
          <gpxtpx:hr>170</gpxtpx:hr>
        </gpxtpx:TrackPointExtension></extensions>
      </trkpt>
      <trkpt lat="30.39125" lon="103.835431">
        <ele>439.0</ele>
        <time>2023-12-23T01:14:30Z</time>
        <extensions><gpxtpx:TrackPointExtension>
          <gpxtpx:hr>170</gpxtpx:hr>
        </gpxtpx:TrackPointExtension></extensions>
      </trkpt>
      <trkpt lat="30.39128" lon="103.835418">
        <ele>439.0</ele>
        <time>2023-12-23T01:14:31Z</time>
        <extensions><gpxtpx:TrackPointExtension>
          <gpxtpx:hr>170</gpxtpx:hr>
        </gpxtpx:TrackPointExtension></extensions>
      </trkpt>
      <trkpt lat="30.391309" lon="103.835405">
        <ele>439.0</ele>
        <time>2023-12-23T01:14:32Z</time>
        <extensions><gpxtpx:TrackPointExtension>
          <gpxtpx:hr>170</gpxtpx:hr>
        </gpxtpx:TrackPointExtension></extensions>
      </trkpt>
      <trkpt lat="30.391339" lon="103.835392">
        <ele>439.0</ele>
        <time>2023-12-23T01:14:33Z</time>
        <extensions><gpxtpx:TrackPointExtension>
          <gpxtpx:hr>170</gpxtpx:hr>
        </gpxtpx:TrackPointExtension></extensions>
      </trkpt>
      <trkpt lat="30.391369" lon="103.83538">
        <ele>439.0</ele>
        <time>2023-12-23T01:14:34Z</time>
        <extensions><gpxtpx:TrackPointExtension>
          <gpxtpx:hr>170</gpxtpx:hr>
        </gpxtpx:TrackPointExtension></extensions>
      </trkpt>
      <trkpt lat="30.391398" lon="103.835367">
        <ele>439.0</ele>
        <time>2023-12-23T01:14:35Z</time>
        <extensions><gpxtpx:TrackPointExtension>
          <gpxtpx:hr>170</gpxtpx:hr>
        </gpxtpx:TrackPointExtension></extensions>
      </trkpt>
      <trkpt lat="30.391428" lon="103.835356">
        <ele>439.0</ele>
        <time>2023-12-23T01:14:36Z</time>
        <extensions><gpxtpx:TrackPointExtension>
          <gpxtpx:hr>170</gpxtpx:hr>
        </gpxtpx:TrackPointExtension></extensions>
      </trkpt>
      <trkpt lat="30.391458" lon="103.835345">
        <ele>439.0</ele>
        <time>2023-12-23T01:14:37Z</time>
        <extensions><gpxtpx:TrackPointExtension>
          <gpxtpx:hr>170</gpxtpx:hr>
        </gpxtpx:TrackPointExtension></extensions>
      </trkpt>
      <trkpt lat="30.391488" lon="103.835334">
        <ele>439.0</ele>
        <time>2023-12-23T01:14:38Z</time>
        <extensions><gpxtpx:TrackPointExtension>
          <gpxtpx:hr>170</gpxtpx:hr>
        </gpxtpx:TrackPointExtension></extensions>
      </trkpt>
      <trkpt lat="30.391518" lon="103.835323">
        <ele>439.0</ele>
        <time>2023-12-23T01:14:39Z</time>
        <extensions><gpxtpx:TrackPointExtension>
          <gpxtpx:hr>170</gpxtpx:hr>
        </gpxtpx:TrackPointExtension></extensions>
      </trkpt>
      <trkpt lat="30.391547" lon="103.835312">
        <ele>439.0</ele>
        <time>2023-12-23T01:14:40Z</time>
        <extensions><gpxtpx:TrackPointExtension>
          <gpxtpx:hr>170</gpxtpx:hr>
        </gpxtpx:TrackPointExtension></extensions>
      </trkpt>
      <trkpt lat="30.391577" lon="103.8353">
        <ele>439.0</ele>
        <time>2023-12-23T01:14:41Z</time>
        <extensions><gpxtpx:TrackPointExtension>
          <gpxtpx:hr>170</gpxtpx:hr>
        </gpxtpx:TrackPointExtension></extensions>
      </trkpt>
      <trkpt lat="30.391606" lon="103.835289">
        <ele>439.0</ele>
        <time>2023-12-23T01:14:42Z</time>
        <extensions><gpxtpx:TrackPointExtension>
          <gpxtpx:hr>171</gpxtpx:hr>
        </gpxtpx:TrackPointExtension></extensions>
      </trkpt>
      <trkpt lat="30.391636" lon="103.835277">
        <ele>439.0</ele>
        <time>2023-12-23T01:14:43Z</time>
        <extensions><gpxtpx:TrackPointExtension>
          <gpxtpx:hr>171</gpxtpx:hr>
        </gpxtpx:TrackPointExtension></extensions>
      </trkpt>
      <trkpt lat="30.391666" lon="103.835266">
        <ele>439.0</ele>
        <time>2023-12-23T01:14:44Z</time>
        <extensions><gpxtpx:TrackPointExtension>
          <gpxtpx:hr>171</gpxtpx:hr>
        </gpxtpx:TrackPointExtension></extensions>
      </trkpt>
      <trkpt lat="30.391696" lon="103.835255">
        <ele>439.0</ele>
        <time>2023-12-23T01:14:45Z</time>
        <extensions><gpxtpx:TrackPointExtension>
          <gpxtpx:hr>171</gpxtpx:hr>
        </gpxtpx:TrackPointExtension></extensions>
      </trkpt>
      <trkpt lat="30.391726" lon="103.835244">
        <ele>439.0</ele>
        <time>2023-12-23T01:14:46Z</time>
        <extensions><gpxtpx:TrackPointExtension>
          <gpxtpx:hr>171</gpxtpx:hr>
        </gpxtpx:TrackPointExtension></extensions>
      </trkpt>
      <trkpt lat="30.391757" lon="103.835233">
        <ele>439.0</ele>
        <time>2023-12-23T01:14:47Z</time>
        <extensions><gpxtpx:TrackPointExtension>
          <gpxtpx:hr>171</gpxtpx:hr>
        </gpxtpx:TrackPointExtension></extensions>
      </trkpt>
      <trkpt lat="30.391787" lon="103.835221">
        <ele>439.0</ele>
        <time>2023-12-23T01:14:48Z</time>
        <extensions><gpxtpx:TrackPointExtension>
          <gpxtpx:hr>171</gpxtpx:hr>
        </gpxtpx:TrackPointExtension></extensions>
      </trkpt>
      <trkpt lat="30.391818" lon="103.835209">
        <ele>439.0</ele>
        <time>2023-12-23T01:14:49Z</time>
        <extensions><gpxtpx:TrackPointExtension>
          <gpxtpx:hr>171</gpxtpx:hr>
        </gpxtpx:TrackPointExtension></extensions>
      </trkpt>
      <trkpt lat="30.391848" lon="103.835196">
        <ele>439.0</ele>
        <time>2023-12-23T01:14:50Z</time>
        <extensions><gpxtpx:TrackPointExtension>
          <gpxtpx:hr>171</gpxtpx:hr>
        </gpxtpx:TrackPointExtension></extensions>
      </trkpt>
      <trkpt lat="30.391878" lon="103.835184">
        <ele>439.0</ele>
        <time>2023-12-23T01:14:51Z</time>
        <extensions><gpxtpx:TrackPointExtension>
          <gpxtpx:hr>171</gpxtpx:hr>
        </gpxtpx:TrackPointExtension></extensions>
      </trkpt>
      <trkpt lat="30.391908" lon="103.835172">
        <ele>439.0</ele>
        <time>2023-12-23T01:14:52Z</time>
        <extensions><gpxtpx:TrackPointExtension>
          <gpxtpx:hr>171</gpxtpx:hr>
        </gpxtpx:TrackPointExtension></extensions>
      </trkpt>
      <trkpt lat="30.391938" lon="103.835159">
        <ele>439.0</ele>
        <time>2023-12-23T01:14:53Z</time>
        <extensions><gpxtpx:TrackPointExtension>
          <gpxtpx:hr>171</gpxtpx:hr>
        </gpxtpx:TrackPointExtension></extensions>
      </trkpt>
      <trkpt lat="30.39197" lon="103.835146">
        <ele>439.0</ele>
        <time>2023-12-23T01:14:54Z</time>
        <extensions><gpxtpx:TrackPointExtension>
          <gpxtpx:hr>170</gpxtpx:hr>
        </gpxtpx:TrackPointExtension></extensions>
      </trkpt>
      <trkpt lat="30.392001" lon="103.835133">
        <ele>439.0</ele>
        <time>2023-12-23T01:14:55Z</time>
        <extensions><gpxtpx:TrackPointExtension>
          <gpxtpx:hr>170</gpxtpx:hr>
        </gpxtpx:TrackPointExtension></extensions>
      </trkpt>
      <trkpt lat="30.392034" lon="103.83512">
        <ele>439.0</ele>
        <time>2023-12-23T01:14:56Z</time>
        <extensions><gpxtpx:TrackPointExtension>
          <gpxtpx:hr>170</gpxtpx:hr>
        </gpxtpx:TrackPointExtension></extensions>
      </trkpt>
      <trkpt lat="30.392066" lon="103.835107">
        <ele>439.0</ele>
        <time>2023-12-23T01:14:57Z</time>
        <extensions><gpxtpx:TrackPointExtension>
          <gpxtpx:hr>170</gpxtpx:hr>
        </gpxtpx:TrackPointExtension></extensions>
      </trkpt>
      <trkpt lat="30.392099" lon="103.835093">
        <ele>439.0</ele>
        <time>2023-12-23T01:14:58Z</time>
        <extensions><gpxtpx:TrackPointExtension>
          <gpxtpx:hr>170</gpxtpx:hr>
        </gpxtpx:TrackPointExtension></extensions>
      </trkpt>
      <trkpt lat="30.392131" lon="103.835079">
        <ele>439.0</ele>
        <time>2023-12-23T01:14:59Z</time>
        <extensions><gpxtpx:TrackPointExtension>
          <gpxtpx:hr>170</gpxtpx:hr>
        </gpxtpx:TrackPointExtension></extensions>
      </trkpt>
      <trkpt lat="30.392164" lon="103.835065">
        <ele>439.0</ele>
        <time>2023-12-23T01:15:00Z</time>
        <extensions><gpxtpx:TrackPointExtension>
          <gpxtpx:hr>170</gpxtpx:hr>
        </gpxtpx:TrackPointExtension></extensions>
      </trkpt>
      <trkpt lat="30.392197" lon="103.835051">
        <ele>439.0</ele>
        <time>2023-12-23T01:15:01Z</time>
        <extensions><gpxtpx:TrackPointExtension>
          <gpxtpx:hr>170</gpxtpx:hr>
        </gpxtpx:TrackPointExtension></extensions>
      </trkpt>
      <trkpt lat="30.39223" lon="103.835038">
        <ele>439.0</ele>
        <time>2023-12-23T01:15:02Z</time>
        <extensions><gpxtpx:TrackPointExtension>
          <gpxtpx:hr>170</gpxtpx:hr>
        </gpxtpx:TrackPointExtension></extensions>
      </trkpt>
      <trkpt lat="30.392263" lon="103.835026">
        <ele>439.0</ele>
        <time>2023-12-23T01:15:03Z</time>
        <extensions><gpxtpx:TrackPointExtension>
          <gpxtpx:hr>170</gpxtpx:hr>
        </gpxtpx:TrackPointExtension></extensions>
      </trkpt>
      <trkpt lat="30.392295" lon="103.835013">
        <ele>439.0</ele>
        <time>2023-12-23T01:15:04Z</time>
        <extensions><gpxtpx:TrackPointExtension>
          <gpxtpx:hr>170</gpxtpx:hr>
        </gpxtpx:TrackPointExtension></extensions>
      </trkpt>
      <trkpt lat="30.392327" lon="103.835001">
        <ele>439.0</ele>
        <time>2023-12-23T01:15:05Z</time>
        <extensions><gpxtpx:TrackPointExtension>
          <gpxtpx:hr>170</gpxtpx:hr>
        </gpxtpx:TrackPointExtension></extensions>
      </trkpt>
      <trkpt lat="30.392358" lon="103.834988">
        <ele>439.0</ele>
        <time>2023-12-23T01:15:06Z</time>
        <extensions><gpxtpx:TrackPointExtension>
          <gpxtpx:hr>170</gpxtpx:hr>
        </gpxtpx:TrackPointExtension></extensions>
      </trkpt>
      <trkpt lat="30.39239" lon="103.834976">
        <ele>439.0</ele>
        <time>2023-12-23T01:15:07Z</time>
        <extensions><gpxtpx:TrackPointExtension>
          <gpxtpx:hr>170</gpxtpx:hr>
        </gpxtpx:TrackPointExtension></extensions>
      </trkpt>
      <trkpt lat="30.392421" lon="103.834963">
        <ele>439.0</ele>
        <time>2023-12-23T01:15:08Z</time>
        <extensions><gpxtpx:TrackPointExtension>
          <gpxtpx:hr>170</gpxtpx:hr>
        </gpxtpx:TrackPointExtension></extensions>
      </trkpt>
      <trkpt lat="30.392453" lon="103.834949">
        <ele>439.0</ele>
        <time>2023-12-23T01:15:09Z</time>
        <extensions><gpxtpx:TrackPointExtension>
          <gpxtpx:hr>171</gpxtpx:hr>
        </gpxtpx:TrackPointExtension></extensions>
      </trkpt>
      <trkpt lat="30.392485" lon="103.834935">
        <ele>439.0</ele>
        <time>2023-12-23T01:15:10Z</time>
        <extensions><gpxtpx:TrackPointExtension>
          <gpxtpx:hr>172</gpxtpx:hr>
        </gpxtpx:TrackPointExtension></extensions>
      </trkpt>
      <trkpt lat="30.392518" lon="103.834922">
        <ele>439.0</ele>
        <time>2023-12-23T01:15:11Z</time>
        <extensions><gpxtpx:TrackPointExtension>
          <gpxtpx:hr>172</gpxtpx:hr>
        </gpxtpx:TrackPointExtension></extensions>
      </trkpt>
      <trkpt lat="30.39255" lon="103.834908">
        <ele>439.0</ele>
        <time>2023-12-23T01:15:12Z</time>
        <extensions><gpxtpx:TrackPointExtension>
          <gpxtpx:hr>173</gpxtpx:hr>
        </gpxtpx:TrackPointExtension></extensions>
      </trkpt>
      <trkpt lat="30.392583" lon="103.834894">
        <ele>439.0</ele>
        <time>2023-12-23T01:15:13Z</time>
        <extensions><gpxtpx:TrackPointExtension>
          <gpxtpx:hr>173</gpxtpx:hr>
        </gpxtpx:TrackPointExtension></extensions>
      </trkpt>
      <trkpt lat="30.392617" lon="103.83488">
        <ele>439.0</ele>
        <time>2023-12-23T01:15:14Z</time>
        <extensions><gpxtpx:TrackPointExtension>
          <gpxtpx:hr>173</gpxtpx:hr>
        </gpxtpx:TrackPointExtension></extensions>
      </trkpt>
      <trkpt lat="30.39265" lon="103.834866">
        <ele>439.0</ele>
        <time>2023-12-23T01:15:15Z</time>
        <extensions><gpxtpx:TrackPointExtension>
          <gpxtpx:hr>172</gpxtpx:hr>
        </gpxtpx:TrackPointExtension></extensions>
      </trkpt>
      <trkpt lat="30.392684" lon="103.834852">
        <ele>439.0</ele>
        <time>2023-12-23T01:15:16Z</time>
        <extensions><gpxtpx:TrackPointExtension>
          <gpxtpx:hr>172</gpxtpx:hr>
        </gpxtpx:TrackPointExtension></extensions>
      </trkpt>
      <trkpt lat="30.392717" lon="103.834838">
        <ele>439.0</ele>
        <time>2023-12-23T01:15:17Z</time>
        <extensions><gpxtpx:TrackPointExtension>
          <gpxtpx:hr>171</gpxtpx:hr>
        </gpxtpx:TrackPointExtension></extensions>
      </trkpt>
      <trkpt lat="30.392751" lon="103.834824">
        <ele>439.0</ele>
        <time>2023-12-23T01:15:18Z</time>
        <extensions><gpxtpx:TrackPointExtension>
          <gpxtpx:hr>171</gpxtpx:hr>
        </gpxtpx:TrackPointExtension></extensions>
      </trkpt>
      <trkpt lat="30.392784" lon="103.83481">
        <ele>439.0</ele>
        <time>2023-12-23T01:15:19Z</time>
        <extensions><gpxtpx:TrackPointExtension>
          <gpxtpx:hr>171</gpxtpx:hr>
        </gpxtpx:TrackPointExtension></extensions>
      </trkpt>
      <trkpt lat="30.392817" lon="103.834795">
        <ele>439.0</ele>
        <time>2023-12-23T01:15:20Z</time>
        <extensions><gpxtpx:TrackPointExtension>
          <gpxtpx:hr>171</gpxtpx:hr>
        </gpxtpx:TrackPointExtension></extensions>
      </trkpt>
      <trkpt lat="30.392849" lon="103.834781">
        <ele>440.0</ele>
        <time>2023-12-23T01:15:21Z</time>
        <extensions><gpxtpx:TrackPointExtension>
          <gpxtpx:hr>171</gpxtpx:hr>
        </gpxtpx:TrackPointExtension></extensions>
      </trkpt>
      <trkpt lat="30.392882" lon="103.834768">
        <ele>440.0</ele>
        <time>2023-12-23T01:15:22Z</time>
        <extensions><gpxtpx:TrackPointExtension>
          <gpxtpx:hr>171</gpxtpx:hr>
        </gpxtpx:TrackPointExtension></extensions>
      </trkpt>
      <trkpt lat="30.392914" lon="103.834755">
        <ele>440.0</ele>
        <time>2023-12-23T01:15:23Z</time>
        <extensions><gpxtpx:TrackPointExtension>
          <gpxtpx:hr>171</gpxtpx:hr>
        </gpxtpx:TrackPointExtension></extensions>
      </trkpt>
      <trkpt lat="30.392948" lon="103.834743">
        <ele>440.0</ele>
        <time>2023-12-23T01:15:24Z</time>
        <extensions><gpxtpx:TrackPointExtension>
          <gpxtpx:hr>171</gpxtpx:hr>
        </gpxtpx:TrackPointExtension></extensions>
      </trkpt>
      <trkpt lat="30.392981" lon="103.834731">
        <ele>440.0</ele>
        <time>2023-12-23T01:15:25Z</time>
        <extensions><gpxtpx:TrackPointExtension>
          <gpxtpx:hr>171</gpxtpx:hr>
        </gpxtpx:TrackPointExtension></extensions>
      </trkpt>
      <trkpt lat="30.393013" lon="103.83472">
        <ele>440.0</ele>
        <time>2023-12-23T01:15:26Z</time>
        <extensions><gpxtpx:TrackPointExtension>
          <gpxtpx:hr>171</gpxtpx:hr>
        </gpxtpx:TrackPointExtension></extensions>
      </trkpt>
      <trkpt lat="30.393045" lon="103.834709">
        <ele>440.0</ele>
        <time>2023-12-23T01:15:27Z</time>
        <extensions><gpxtpx:TrackPointExtension>
          <gpxtpx:hr>171</gpxtpx:hr>
        </gpxtpx:TrackPointExtension></extensions>
      </trkpt>
      <trkpt lat="30.393076" lon="103.834697">
        <ele>440.0</ele>
        <time>2023-12-23T01:15:28Z</time>
        <extensions><gpxtpx:TrackPointExtension>
          <gpxtpx:hr>171</gpxtpx:hr>
        </gpxtpx:TrackPointExtension></extensions>
      </trkpt>
      <trkpt lat="30.393107" lon="103.834685">
        <ele>440.0</ele>
        <time>2023-12-23T01:15:29Z</time>
        <extensions><gpxtpx:TrackPointExtension>
          <gpxtpx:hr>171</gpxtpx:hr>
        </gpxtpx:TrackPointExtension></extensions>
      </trkpt>
      <trkpt lat="30.393137" lon="103.834672">
        <ele>440.0</ele>
        <time>2023-12-23T01:15:30Z</time>
        <extensions><gpxtpx:TrackPointExtension>
          <gpxtpx:hr>171</gpxtpx:hr>
        </gpxtpx:TrackPointExtension></extensions>
      </trkpt>
      <trkpt lat="30.393167" lon="103.834659">
        <ele>440.0</ele>
        <time>2023-12-23T01:15:31Z</time>
        <extensions><gpxtpx:TrackPointExtension>
          <gpxtpx:hr>171</gpxtpx:hr>
        </gpxtpx:TrackPointExtension></extensions>
      </trkpt>
      <trkpt lat="30.393198" lon="103.834645">
        <ele>439.0</ele>
        <time>2023-12-23T01:15:32Z</time>
        <extensions><gpxtpx:TrackPointExtension>
          <gpxtpx:hr>172</gpxtpx:hr>
        </gpxtpx:TrackPointExtension></extensions>
      </trkpt>
      <trkpt lat="30.393229" lon="103.834631">
        <ele>439.0</ele>
        <time>2023-12-23T01:15:33Z</time>
        <extensions><gpxtpx:TrackPointExtension>
          <gpxtpx:hr>171</gpxtpx:hr>
        </gpxtpx:TrackPointExtension></extensions>
      </trkpt>
      <trkpt lat="30.393261" lon="103.834618">
        <ele>439.0</ele>
        <time>2023-12-23T01:15:34Z</time>
        <extensions><gpxtpx:TrackPointExtension>
          <gpxtpx:hr>171</gpxtpx:hr>
        </gpxtpx:TrackPointExtension></extensions>
      </trkpt>
      <trkpt lat="30.393293" lon="103.834605">
        <ele>439.0</ele>
        <time>2023-12-23T01:15:35Z</time>
        <extensions><gpxtpx:TrackPointExtension>
          <gpxtpx:hr>171</gpxtpx:hr>
        </gpxtpx:TrackPointExtension></extensions>
      </trkpt>
      <trkpt lat="30.393324" lon="103.834593">
        <ele>439.0</ele>
        <time>2023-12-23T01:15:36Z</time>
        <extensions><gpxtpx:TrackPointExtension>
          <gpxtpx:hr>171</gpxtpx:hr>
        </gpxtpx:TrackPointExtension></extensions>
      </trkpt>
      <trkpt lat="30.393356" lon="103.834582">
        <ele>439.0</ele>
        <time>2023-12-23T01:15:37Z</time>
        <extensions><gpxtpx:TrackPointExtension>
          <gpxtpx:hr>171</gpxtpx:hr>
        </gpxtpx:TrackPointExtension></extensions>
      </trkpt>
      <trkpt lat="30.393388" lon="103.83457">
        <ele>439.0</ele>
        <time>2023-12-23T01:15:38Z</time>
        <extensions><gpxtpx:TrackPointExtension>
          <gpxtpx:hr>171</gpxtpx:hr>
        </gpxtpx:TrackPointExtension></extensions>
      </trkpt>
      <trkpt lat="30.39342" lon="103.834559">
        <ele>439.0</ele>
        <time>2023-12-23T01:15:39Z</time>
        <extensions><gpxtpx:TrackPointExtension>
          <gpxtpx:hr>171</gpxtpx:hr>
        </gpxtpx:TrackPointExtension></extensions>
      </trkpt>
      <trkpt lat="30.393452" lon="103.834546">
        <ele>439.0</ele>
        <time>2023-12-23T01:15:40Z</time>
        <extensions><gpxtpx:TrackPointExtension>
          <gpxtpx:hr>171</gpxtpx:hr>
        </gpxtpx:TrackPointExtension></extensions>
      </trkpt>
      <trkpt lat="30.393485" lon="103.834534">
        <ele>439.0</ele>
        <time>2023-12-23T01:15:41Z</time>
        <extensions><gpxtpx:TrackPointExtension>
          <gpxtpx:hr>171</gpxtpx:hr>
        </gpxtpx:TrackPointExtension></extensions>
      </trkpt>
      <trkpt lat="30.393517" lon="103.83452">
        <ele>439.0</ele>
        <time>2023-12-23T01:15:42Z</time>
        <extensions><gpxtpx:TrackPointExtension>
          <gpxtpx:hr>171</gpxtpx:hr>
        </gpxtpx:TrackPointExtension></extensions>
      </trkpt>
      <trkpt lat="30.393549" lon="103.834507">
        <ele>439.0</ele>
        <time>2023-12-23T01:15:43Z</time>
        <extensions><gpxtpx:TrackPointExtension>
          <gpxtpx:hr>171</gpxtpx:hr>
        </gpxtpx:TrackPointExtension></extensions>
      </trkpt>
      <trkpt lat="30.393581" lon="103.834494">
        <ele>439.0</ele>
        <time>2023-12-23T01:15:44Z</time>
        <extensions><gpxtpx:TrackPointExtension>
          <gpxtpx:hr>171</gpxtpx:hr>
        </gpxtpx:TrackPointExtension></extensions>
      </trkpt>
      <trkpt lat="30.393612" lon="103.83448">
        <ele>439.0</ele>
        <time>2023-12-23T01:15:45Z</time>
        <extensions><gpxtpx:TrackPointExtension>
          <gpxtpx:hr>171</gpxtpx:hr>
        </gpxtpx:TrackPointExtension></extensions>
      </trkpt>
      <trkpt lat="30.393644" lon="103.834468">
        <ele>439.0</ele>
        <time>2023-12-23T01:15:46Z</time>
        <extensions><gpxtpx:TrackPointExtension>
          <gpxtpx:hr>172</gpxtpx:hr>
        </gpxtpx:TrackPointExtension></extensions>
      </trkpt>
      <trkpt lat="30.393675" lon="103.834456">
        <ele>439.0</ele>
        <time>2023-12-23T01:15:47Z</time>
        <extensions><gpxtpx:TrackPointExtension>
          <gpxtpx:hr>172</gpxtpx:hr>
        </gpxtpx:TrackPointExtension></extensions>
      </trkpt>
      <trkpt lat="30.393706" lon="103.834443">
        <ele>439.0</ele>
        <time>2023-12-23T01:15:48Z</time>
        <extensions><gpxtpx:TrackPointExtension>
          <gpxtpx:hr>172</gpxtpx:hr>
        </gpxtpx:TrackPointExtension></extensions>
      </trkpt>
      <trkpt lat="30.393737" lon="103.834431">
        <ele>439.0</ele>
        <time>2023-12-23T01:15:49Z</time>
        <extensions><gpxtpx:TrackPointExtension>
          <gpxtpx:hr>172</gpxtpx:hr>
        </gpxtpx:TrackPointExtension></extensions>
      </trkpt>
      <trkpt lat="30.393767" lon="103.834418">
        <ele>439.0</ele>
        <time>2023-12-23T01:15:50Z</time>
        <extensions><gpxtpx:TrackPointExtension>
          <gpxtpx:hr>172</gpxtpx:hr>
        </gpxtpx:TrackPointExtension></extensions>
      </trkpt>
      <trkpt lat="30.393798" lon="103.834405">
        <ele>439.0</ele>
        <time>2023-12-23T01:15:51Z</time>
        <extensions><gpxtpx:TrackPointExtension>
          <gpxtpx:hr>172</gpxtpx:hr>
        </gpxtpx:TrackPointExtension></extensions>
      </trkpt>
      <trkpt lat="30.393829" lon="103.834392">
        <ele>439.0</ele>
        <time>2023-12-23T01:15:52Z</time>
        <extensions><gpxtpx:TrackPointExtension>
          <gpxtpx:hr>172</gpxtpx:hr>
        </gpxtpx:TrackPointExtension></extensions>
      </trkpt>
      <trkpt lat="30.39386" lon="103.834379">
        <ele>439.0</ele>
        <time>2023-12-23T01:15:53Z</time>
        <extensions><gpxtpx:TrackPointExtension>
          <gpxtpx:hr>172</gpxtpx:hr>
        </gpxtpx:TrackPointExtension></extensions>
      </trkpt>
      <trkpt lat="30.393892" lon="103.834367">
        <ele>439.0</ele>
        <time>2023-12-23T01:15:54Z</time>
        <extensions><gpxtpx:TrackPointExtension>
          <gpxtpx:hr>172</gpxtpx:hr>
        </gpxtpx:TrackPointExtension></extensions>
      </trkpt>
      <trkpt lat="30.393924" lon="103.834355">
        <ele>439.0</ele>
        <time>2023-12-23T01:15:55Z</time>
        <extensions><gpxtpx:TrackPointExtension>
          <gpxtpx:hr>172</gpxtpx:hr>
        </gpxtpx:TrackPointExtension></extensions>
      </trkpt>
      <trkpt lat="30.393955" lon="103.834345">
        <ele>439.0</ele>
        <time>2023-12-23T01:15:56Z</time>
        <extensions><gpxtpx:TrackPointExtension>
          <gpxtpx:hr>172</gpxtpx:hr>
        </gpxtpx:TrackPointExtension></extensions>
      </trkpt>
      <trkpt lat="30.393987" lon="103.834334">
        <ele>439.0</ele>
        <time>2023-12-23T01:15:57Z</time>
        <extensions><gpxtpx:TrackPointExtension>
          <gpxtpx:hr>172</gpxtpx:hr>
        </gpxtpx:TrackPointExtension></extensions>
      </trkpt>
      <trkpt lat="30.394019" lon="103.834322">
        <ele>439.0</ele>
        <time>2023-12-23T01:15:58Z</time>
        <extensions><gpxtpx:TrackPointExtension>
          <gpxtpx:hr>171</gpxtpx:hr>
        </gpxtpx:TrackPointExtension></extensions>
      </trkpt>
      <trkpt lat="30.394051" lon="103.834311">
        <ele>439.0</ele>
        <time>2023-12-23T01:15:59Z</time>
        <extensions><gpxtpx:TrackPointExtension>
          <gpxtpx:hr>171</gpxtpx:hr>
        </gpxtpx:TrackPointExtension></extensions>
      </trkpt>
      <trkpt lat="30.394082" lon="103.834298">
        <ele>439.0</ele>
        <time>2023-12-23T01:16:00Z</time>
        <extensions><gpxtpx:TrackPointExtension>
          <gpxtpx:hr>171</gpxtpx:hr>
        </gpxtpx:TrackPointExtension></extensions>
      </trkpt>
      <trkpt lat="30.394114" lon="103.834286">
        <ele>439.0</ele>
        <time>2023-12-23T01:16:01Z</time>
        <extensions><gpxtpx:TrackPointExtension>
          <gpxtpx:hr>171</gpxtpx:hr>
        </gpxtpx:TrackPointExtension></extensions>
      </trkpt>
      <trkpt lat="30.394146" lon="103.834273">
        <ele>439.0</ele>
        <time>2023-12-23T01:16:02Z</time>
        <extensions><gpxtpx:TrackPointExtension>
          <gpxtpx:hr>171</gpxtpx:hr>
        </gpxtpx:TrackPointExtension></extensions>
      </trkpt>
      <trkpt lat="30.394178" lon="103.834261">
        <ele>439.0</ele>
        <time>2023-12-23T01:16:03Z</time>
        <extensions><gpxtpx:TrackPointExtension>
          <gpxtpx:hr>171</gpxtpx:hr>
        </gpxtpx:TrackPointExtension></extensions>
      </trkpt>
      <trkpt lat="30.39421" lon="103.834249">
        <ele>439.0</ele>
        <time>2023-12-23T01:16:04Z</time>
        <extensions><gpxtpx:TrackPointExtension>
          <gpxtpx:hr>171</gpxtpx:hr>
        </gpxtpx:TrackPointExtension></extensions>
      </trkpt>
      <trkpt lat="30.394242" lon="103.834237">
        <ele>439.0</ele>
        <time>2023-12-23T01:16:05Z</time>
        <extensions><gpxtpx:TrackPointExtension>
          <gpxtpx:hr>171</gpxtpx:hr>
        </gpxtpx:TrackPointExtension></extensions>
      </trkpt>
      <trkpt lat="30.394274" lon="103.834225">
        <ele>439.0</ele>
        <time>2023-12-23T01:16:06Z</time>
        <extensions><gpxtpx:TrackPointExtension>
          <gpxtpx:hr>171</gpxtpx:hr>
        </gpxtpx:TrackPointExtension></extensions>
      </trkpt>
      <trkpt lat="30.394305" lon="103.834212">
        <ele>439.0</ele>
        <time>2023-12-23T01:16:07Z</time>
        <extensions><gpxtpx:TrackPointExtension>
          <gpxtpx:hr>170</gpxtpx:hr>
        </gpxtpx:TrackPointExtension></extensions>
      </trkpt>
      <trkpt lat="30.394337" lon="103.8342">
        <ele>439.0</ele>
        <time>2023-12-23T01:16:08Z</time>
        <extensions><gpxtpx:TrackPointExtension>
          <gpxtpx:hr>170</gpxtpx:hr>
        </gpxtpx:TrackPointExtension></extensions>
      </trkpt>
      <trkpt lat="30.39437" lon="103.834187">
        <ele>439.0</ele>
        <time>2023-12-23T01:16:09Z</time>
        <extensions><gpxtpx:TrackPointExtension>
          <gpxtpx:hr>170</gpxtpx:hr>
        </gpxtpx:TrackPointExtension></extensions>
      </trkpt>
      <trkpt lat="30.394401" lon="103.834176">
        <ele>439.0</ele>
        <time>2023-12-23T01:16:10Z</time>
        <extensions><gpxtpx:TrackPointExtension>
          <gpxtpx:hr>169</gpxtpx:hr>
        </gpxtpx:TrackPointExtension></extensions>
      </trkpt>
      <trkpt lat="30.394433" lon="103.834165">
        <ele>439.0</ele>
        <time>2023-12-23T01:16:11Z</time>
        <extensions><gpxtpx:TrackPointExtension>
          <gpxtpx:hr>169</gpxtpx:hr>
        </gpxtpx:TrackPointExtension></extensions>
      </trkpt>
      <trkpt lat="30.394465" lon="103.834153">
        <ele>439.0</ele>
        <time>2023-12-23T01:16:12Z</time>
        <extensions><gpxtpx:TrackPointExtension>
          <gpxtpx:hr>169</gpxtpx:hr>
        </gpxtpx:TrackPointExtension></extensions>
      </trkpt>
      <trkpt lat="30.394497" lon="103.834141">
        <ele>439.0</ele>
        <time>2023-12-23T01:16:13Z</time>
        <extensions><gpxtpx:TrackPointExtension>
          <gpxtpx:hr>169</gpxtpx:hr>
        </gpxtpx:TrackPointExtension></extensions>
      </trkpt>
      <trkpt lat="30.394528" lon="103.834128">
        <ele>439.0</ele>
        <time>2023-12-23T01:16:14Z</time>
        <extensions><gpxtpx:TrackPointExtension>
          <gpxtpx:hr>169</gpxtpx:hr>
        </gpxtpx:TrackPointExtension></extensions>
      </trkpt>
      <trkpt lat="30.39456" lon="103.834115">
        <ele>439.0</ele>
        <time>2023-12-23T01:16:15Z</time>
        <extensions><gpxtpx:TrackPointExtension>
          <gpxtpx:hr>169</gpxtpx:hr>
        </gpxtpx:TrackPointExtension></extensions>
      </trkpt>
      <trkpt lat="30.394593" lon="103.834101">
        <ele>439.0</ele>
        <time>2023-12-23T01:16:16Z</time>
        <extensions><gpxtpx:TrackPointExtension>
          <gpxtpx:hr>169</gpxtpx:hr>
        </gpxtpx:TrackPointExtension></extensions>
      </trkpt>
      <trkpt lat="30.394627" lon="103.834087">
        <ele>439.0</ele>
        <time>2023-12-23T01:16:17Z</time>
        <extensions><gpxtpx:TrackPointExtension>
          <gpxtpx:hr>169</gpxtpx:hr>
        </gpxtpx:TrackPointExtension></extensions>
      </trkpt>
      <trkpt lat="30.39466" lon="103.834073">
        <ele>439.0</ele>
        <time>2023-12-23T01:16:18Z</time>
        <extensions><gpxtpx:TrackPointExtension>
          <gpxtpx:hr>169</gpxtpx:hr>
        </gpxtpx:TrackPointExtension></extensions>
      </trkpt>
      <trkpt lat="30.394694" lon="103.834059">
        <ele>439.0</ele>
        <time>2023-12-23T01:16:19Z</time>
        <extensions><gpxtpx:TrackPointExtension>
          <gpxtpx:hr>169</gpxtpx:hr>
        </gpxtpx:TrackPointExtension></extensions>
      </trkpt>
      <trkpt lat="30.394726" lon="103.834047">
        <ele>439.0</ele>
        <time>2023-12-23T01:16:20Z</time>
        <extensions><gpxtpx:TrackPointExtension>
          <gpxtpx:hr>169</gpxtpx:hr>
        </gpxtpx:TrackPointExtension></extensions>
      </trkpt>
      <trkpt lat="30.394759" lon="103.834034">
        <ele>439.0</ele>
        <time>2023-12-23T01:16:21Z</time>
        <extensions><gpxtpx:TrackPointExtension>
          <gpxtpx:hr>169</gpxtpx:hr>
        </gpxtpx:TrackPointExtension></extensions>
      </trkpt>
      <trkpt lat="30.394791" lon="103.834022">
        <ele>439.0</ele>
        <time>2023-12-23T01:16:22Z</time>
        <extensions><gpxtpx:TrackPointExtension>
          <gpxtpx:hr>169</gpxtpx:hr>
        </gpxtpx:TrackPointExtension></extensions>
      </trkpt>
      <trkpt lat="30.394823" lon="103.83401">
        <ele>439.0</ele>
        <time>2023-12-23T01:16:23Z</time>
        <extensions><gpxtpx:TrackPointExtension>
          <gpxtpx:hr>169</gpxtpx:hr>
        </gpxtpx:TrackPointExtension></extensions>
      </trkpt>
      <trkpt lat="30.394854" lon="103.834">
        <ele>439.0</ele>
        <time>2023-12-23T01:16:24Z</time>
        <extensions><gpxtpx:TrackPointExtension>
          <gpxtpx:hr>169</gpxtpx:hr>
        </gpxtpx:TrackPointExtension></extensions>
      </trkpt>
      <trkpt lat="30.394886" lon="103.833989">
        <ele>439.0</ele>
        <time>2023-12-23T01:16:25Z</time>
        <extensions><gpxtpx:TrackPointExtension>
          <gpxtpx:hr>169</gpxtpx:hr>
        </gpxtpx:TrackPointExtension></extensions>
      </trkpt>
      <trkpt lat="30.394916" lon="103.833977">
        <ele>439.0</ele>
        <time>2023-12-23T01:16:26Z</time>
        <extensions><gpxtpx:TrackPointExtension>
          <gpxtpx:hr>169</gpxtpx:hr>
        </gpxtpx:TrackPointExtension></extensions>
      </trkpt>
      <trkpt lat="30.394947" lon="103.833966">
        <ele>439.0</ele>
        <time>2023-12-23T01:16:27Z</time>
        <extensions><gpxtpx:TrackPointExtension>
          <gpxtpx:hr>169</gpxtpx:hr>
        </gpxtpx:TrackPointExtension></extensions>
      </trkpt>
      <trkpt lat="30.394977" lon="103.833954">
        <ele>439.0</ele>
        <time>2023-12-23T01:16:28Z</time>
        <extensions><gpxtpx:TrackPointExtension>
          <gpxtpx:hr>169</gpxtpx:hr>
        </gpxtpx:TrackPointExtension></extensions>
      </trkpt>
      <trkpt lat="30.395008" lon="103.833942">
        <ele>439.0</ele>
        <time>2023-12-23T01:16:29Z</time>
        <extensions><gpxtpx:TrackPointExtension>
          <gpxtpx:hr>168</gpxtpx:hr>
        </gpxtpx:TrackPointExtension></extensions>
      </trkpt>
      <trkpt lat="30.395038" lon="103.833929">
        <ele>439.0</ele>
        <time>2023-12-23T01:16:30Z</time>
        <extensions><gpxtpx:TrackPointExtension>
          <gpxtpx:hr>168</gpxtpx:hr>
        </gpxtpx:TrackPointExtension></extensions>
      </trkpt>
      <trkpt lat="30.395068" lon="103.833916">
        <ele>439.0</ele>
        <time>2023-12-23T01:16:31Z</time>
        <extensions><gpxtpx:TrackPointExtension>
          <gpxtpx:hr>168</gpxtpx:hr>
        </gpxtpx:TrackPointExtension></extensions>
      </trkpt>
      <trkpt lat="30.395098" lon="103.833902">
        <ele>439.0</ele>
        <time>2023-12-23T01:16:32Z</time>
        <extensions><gpxtpx:TrackPointExtension>
          <gpxtpx:hr>168</gpxtpx:hr>
        </gpxtpx:TrackPointExtension></extensions>
      </trkpt>
      <trkpt lat="30.395128" lon="103.833889">
        <ele>439.0</ele>
        <time>2023-12-23T01:16:33Z</time>
        <extensions><gpxtpx:TrackPointExtension>
          <gpxtpx:hr>168</gpxtpx:hr>
        </gpxtpx:TrackPointExtension></extensions>
      </trkpt>
      <trkpt lat="30.395158" lon="103.833877">
        <ele>439.0</ele>
        <time>2023-12-23T01:16:34Z</time>
        <extensions><gpxtpx:TrackPointExtension>
          <gpxtpx:hr>168</gpxtpx:hr>
        </gpxtpx:TrackPointExtension></extensions>
      </trkpt>
      <trkpt lat="30.395188" lon="103.833865">
        <ele>439.0</ele>
        <time>2023-12-23T01:16:35Z</time>
        <extensions><gpxtpx:TrackPointExtension>
          <gpxtpx:hr>169</gpxtpx:hr>
        </gpxtpx:TrackPointExtension></extensions>
      </trkpt>
      <trkpt lat="30.395217" lon="103.833852">
        <ele>439.0</ele>
        <time>2023-12-23T01:16:36Z</time>
        <extensions><gpxtpx:TrackPointExtension>
          <gpxtpx:hr>169</gpxtpx:hr>
        </gpxtpx:TrackPointExtension></extensions>
      </trkpt>
      <trkpt lat="30.395247" lon="103.83384">
        <ele>439.0</ele>
        <time>2023-12-23T01:16:37Z</time>
        <extensions><gpxtpx:TrackPointExtension>
          <gpxtpx:hr>169</gpxtpx:hr>
        </gpxtpx:TrackPointExtension></extensions>
      </trkpt>
      <trkpt lat="30.395276" lon="103.833827">
        <ele>439.0</ele>
        <time>2023-12-23T01:16:38Z</time>
        <extensions><gpxtpx:TrackPointExtension>
          <gpxtpx:hr>169</gpxtpx:hr>
        </gpxtpx:TrackPointExtension></extensions>
      </trkpt>
      <trkpt lat="30.395306" lon="103.833814">
        <ele>439.0</ele>
        <time>2023-12-23T01:16:39Z</time>
        <extensions><gpxtpx:TrackPointExtension>
          <gpxtpx:hr>169</gpxtpx:hr>
        </gpxtpx:TrackPointExtension></extensions>
      </trkpt>
      <trkpt lat="30.395335" lon="103.833802">
        <ele>439.0</ele>
        <time>2023-12-23T01:16:40Z</time>
        <extensions><gpxtpx:TrackPointExtension>
          <gpxtpx:hr>169</gpxtpx:hr>
        </gpxtpx:TrackPointExtension></extensions>
      </trkpt>
      <trkpt lat="30.395365" lon="103.833789">
        <ele>439.0</ele>
        <time>2023-12-23T01:16:41Z</time>
        <extensions><gpxtpx:TrackPointExtension>
          <gpxtpx:hr>170</gpxtpx:hr>
        </gpxtpx:TrackPointExtension></extensions>
      </trkpt>
      <trkpt lat="30.395395" lon="103.833777">
        <ele>439.0</ele>
        <time>2023-12-23T01:16:42Z</time>
        <extensions><gpxtpx:TrackPointExtension>
          <gpxtpx:hr>170</gpxtpx:hr>
        </gpxtpx:TrackPointExtension></extensions>
      </trkpt>
      <trkpt lat="30.395426" lon="103.833764">
        <ele>439.0</ele>
        <time>2023-12-23T01:16:43Z</time>
        <extensions><gpxtpx:TrackPointExtension>
          <gpxtpx:hr>170</gpxtpx:hr>
        </gpxtpx:TrackPointExtension></extensions>
      </trkpt>
      <trkpt lat="30.395457" lon="103.833752">
        <ele>439.0</ele>
        <time>2023-12-23T01:16:44Z</time>
        <extensions><gpxtpx:TrackPointExtension>
          <gpxtpx:hr>170</gpxtpx:hr>
        </gpxtpx:TrackPointExtension></extensions>
      </trkpt>
      <trkpt lat="30.395488" lon="103.833739">
        <ele>439.0</ele>
        <time>2023-12-23T01:16:45Z</time>
        <extensions><gpxtpx:TrackPointExtension>
          <gpxtpx:hr>170</gpxtpx:hr>
        </gpxtpx:TrackPointExtension></extensions>
      </trkpt>
      <trkpt lat="30.395519" lon="103.833727">
        <ele>439.0</ele>
        <time>2023-12-23T01:16:46Z</time>
        <extensions><gpxtpx:TrackPointExtension>
          <gpxtpx:hr>170</gpxtpx:hr>
        </gpxtpx:TrackPointExtension></extensions>
      </trkpt>
      <trkpt lat="30.395549" lon="103.833714">
        <ele>439.0</ele>
        <time>2023-12-23T01:16:47Z</time>
        <extensions><gpxtpx:TrackPointExtension>
          <gpxtpx:hr>170</gpxtpx:hr>
        </gpxtpx:TrackPointExtension></extensions>
      </trkpt>
      <trkpt lat="30.395579" lon="103.833704">
        <ele>439.0</ele>
        <time>2023-12-23T01:16:48Z</time>
        <extensions><gpxtpx:TrackPointExtension>
          <gpxtpx:hr>170</gpxtpx:hr>
        </gpxtpx:TrackPointExtension></extensions>
      </trkpt>
      <trkpt lat="30.395609" lon="103.833693">
        <ele>439.0</ele>
        <time>2023-12-23T01:16:49Z</time>
        <extensions><gpxtpx:TrackPointExtension>
          <gpxtpx:hr>170</gpxtpx:hr>
        </gpxtpx:TrackPointExtension></extensions>
      </trkpt>
      <trkpt lat="30.395639" lon="103.833683">
        <ele>439.0</ele>
        <time>2023-12-23T01:16:50Z</time>
        <extensions><gpxtpx:TrackPointExtension>
          <gpxtpx:hr>170</gpxtpx:hr>
        </gpxtpx:TrackPointExtension></extensions>
      </trkpt>
      <trkpt lat="30.39567" lon="103.833673">
        <ele>439.0</ele>
        <time>2023-12-23T01:16:51Z</time>
        <extensions><gpxtpx:TrackPointExtension>
          <gpxtpx:hr>170</gpxtpx:hr>
        </gpxtpx:TrackPointExtension></extensions>
      </trkpt>
      <trkpt lat="30.3957" lon="103.833661">
        <ele>439.0</ele>
        <time>2023-12-23T01:16:52Z</time>
        <extensions><gpxtpx:TrackPointExtension>
          <gpxtpx:hr>170</gpxtpx:hr>
        </gpxtpx:TrackPointExtension></extensions>
      </trkpt>
      <trkpt lat="30.395731" lon="103.83365">
        <ele>439.0</ele>
        <time>2023-12-23T01:16:53Z</time>
        <extensions><gpxtpx:TrackPointExtension>
          <gpxtpx:hr>170</gpxtpx:hr>
        </gpxtpx:TrackPointExtension></extensions>
      </trkpt>
      <trkpt lat="30.395764" lon="103.833637">
        <ele>439.0</ele>
        <time>2023-12-23T01:16:54Z</time>
        <extensions><gpxtpx:TrackPointExtension>
          <gpxtpx:hr>170</gpxtpx:hr>
        </gpxtpx:TrackPointExtension></extensions>
      </trkpt>
      <trkpt lat="30.395796" lon="103.833624">
        <ele>439.0</ele>
        <time>2023-12-23T01:16:55Z</time>
        <extensions><gpxtpx:TrackPointExtension>
          <gpxtpx:hr>170</gpxtpx:hr>
        </gpxtpx:TrackPointExtension></extensions>
      </trkpt>
      <trkpt lat="30.395828" lon="103.833612">
        <ele>439.0</ele>
        <time>2023-12-23T01:16:56Z</time>
        <extensions><gpxtpx:TrackPointExtension>
          <gpxtpx:hr>170</gpxtpx:hr>
        </gpxtpx:TrackPointExtension></extensions>
      </trkpt>
      <trkpt lat="30.395861" lon="103.833599">
        <ele>439.0</ele>
        <time>2023-12-23T01:16:57Z</time>
        <extensions><gpxtpx:TrackPointExtension>
          <gpxtpx:hr>170</gpxtpx:hr>
        </gpxtpx:TrackPointExtension></extensions>
      </trkpt>
      <trkpt lat="30.395893" lon="103.833587">
        <ele>439.0</ele>
        <time>2023-12-23T01:16:58Z</time>
        <extensions><gpxtpx:TrackPointExtension>
          <gpxtpx:hr>170</gpxtpx:hr>
        </gpxtpx:TrackPointExtension></extensions>
      </trkpt>
      <trkpt lat="30.395925" lon="103.833575">
        <ele>439.0</ele>
        <time>2023-12-23T01:16:59Z</time>
        <extensions><gpxtpx:TrackPointExtension>
          <gpxtpx:hr>170</gpxtpx:hr>
        </gpxtpx:TrackPointExtension></extensions>
      </trkpt>
      <trkpt lat="30.395955" lon="103.833564">
        <ele>439.0</ele>
        <time>2023-12-23T01:17:00Z</time>
        <extensions><gpxtpx:TrackPointExtension>
          <gpxtpx:hr>170</gpxtpx:hr>
        </gpxtpx:TrackPointExtension></extensions>
      </trkpt>
      <trkpt lat="30.395987" lon="103.833552">
        <ele>439.0</ele>
        <time>2023-12-23T01:17:01Z</time>
        <extensions><gpxtpx:TrackPointExtension>
          <gpxtpx:hr>170</gpxtpx:hr>
        </gpxtpx:TrackPointExtension></extensions>
      </trkpt>
      <trkpt lat="30.396017" lon="103.83354">
        <ele>439.0</ele>
        <time>2023-12-23T01:17:02Z</time>
        <extensions><gpxtpx:TrackPointExtension>
          <gpxtpx:hr>170</gpxtpx:hr>
        </gpxtpx:TrackPointExtension></extensions>
      </trkpt>
      <trkpt lat="30.396047" lon="103.833528">
        <ele>439.0</ele>
        <time>2023-12-23T01:17:03Z</time>
        <extensions><gpxtpx:TrackPointExtension>
          <gpxtpx:hr>170</gpxtpx:hr>
        </gpxtpx:TrackPointExtension></extensions>
      </trkpt>
      <trkpt lat="30.396078" lon="103.833514">
        <ele>439.0</ele>
        <time>2023-12-23T01:17:04Z</time>
        <extensions><gpxtpx:TrackPointExtension>
          <gpxtpx:hr>170</gpxtpx:hr>
        </gpxtpx:TrackPointExtension></extensions>
      </trkpt>
      <trkpt lat="30.396109" lon="103.8335">
        <ele>439.0</ele>
        <time>2023-12-23T01:17:05Z</time>
        <extensions><gpxtpx:TrackPointExtension>
          <gpxtpx:hr>170</gpxtpx:hr>
        </gpxtpx:TrackPointExtension></extensions>
      </trkpt>
      <trkpt lat="30.396141" lon="103.833486">
        <ele>439.0</ele>
        <time>2023-12-23T01:17:06Z</time>
        <extensions><gpxtpx:TrackPointExtension>
          <gpxtpx:hr>170</gpxtpx:hr>
        </gpxtpx:TrackPointExtension></extensions>
      </trkpt>
      <trkpt lat="30.396173" lon="103.833471">
        <ele>439.0</ele>
        <time>2023-12-23T01:17:07Z</time>
        <extensions><gpxtpx:TrackPointExtension>
          <gpxtpx:hr>170</gpxtpx:hr>
        </gpxtpx:TrackPointExtension></extensions>
      </trkpt>
      <trkpt lat="30.396205" lon="103.833457">
        <ele>439.0</ele>
        <time>2023-12-23T01:17:08Z</time>
        <extensions><gpxtpx:TrackPointExtension>
          <gpxtpx:hr>170</gpxtpx:hr>
        </gpxtpx:TrackPointExtension></extensions>
      </trkpt>
      <trkpt lat="30.396237" lon="103.833442">
        <ele>439.0</ele>
        <time>2023-12-23T01:17:09Z</time>
        <extensions><gpxtpx:TrackPointExtension>
          <gpxtpx:hr>170</gpxtpx:hr>
        </gpxtpx:TrackPointExtension></extensions>
      </trkpt>
      <trkpt lat="30.396268" lon="103.833429">
        <ele>439.0</ele>
        <time>2023-12-23T01:17:10Z</time>
        <extensions><gpxtpx:TrackPointExtension>
          <gpxtpx:hr>170</gpxtpx:hr>
        </gpxtpx:TrackPointExtension></extensions>
      </trkpt>
      <trkpt lat="30.396299" lon="103.833416">
        <ele>439.0</ele>
        <time>2023-12-23T01:17:11Z</time>
        <extensions><gpxtpx:TrackPointExtension>
          <gpxtpx:hr>170</gpxtpx:hr>
        </gpxtpx:TrackPointExtension></extensions>
      </trkpt>
      <trkpt lat="30.396329" lon="103.833403">
        <ele>439.0</ele>
        <time>2023-12-23T01:17:12Z</time>
        <extensions><gpxtpx:TrackPointExtension>
          <gpxtpx:hr>170</gpxtpx:hr>
        </gpxtpx:TrackPointExtension></extensions>
      </trkpt>
      <trkpt lat="30.396359" lon="103.83339">
        <ele>439.0</ele>
        <time>2023-12-23T01:17:13Z</time>
        <extensions><gpxtpx:TrackPointExtension>
          <gpxtpx:hr>170</gpxtpx:hr>
        </gpxtpx:TrackPointExtension></extensions>
      </trkpt>
      <trkpt lat="30.396389" lon="103.833378">
        <ele>439.0</ele>
        <time>2023-12-23T01:17:14Z</time>
        <extensions><gpxtpx:TrackPointExtension>
          <gpxtpx:hr>170</gpxtpx:hr>
        </gpxtpx:TrackPointExtension></extensions>
      </trkpt>
      <trkpt lat="30.39642" lon="103.833365">
        <ele>439.0</ele>
        <time>2023-12-23T01:17:15Z</time>
        <extensions><gpxtpx:TrackPointExtension>
          <gpxtpx:hr>170</gpxtpx:hr>
        </gpxtpx:TrackPointExtension></extensions>
      </trkpt>
      <trkpt lat="30.396451" lon="103.833353">
        <ele>439.0</ele>
        <time>2023-12-23T01:17:16Z</time>
        <extensions><gpxtpx:TrackPointExtension>
          <gpxtpx:hr>170</gpxtpx:hr>
        </gpxtpx:TrackPointExtension></extensions>
      </trkpt>
      <trkpt lat="30.396482" lon="103.833341">
        <ele>439.0</ele>
        <time>2023-12-23T01:17:17Z</time>
        <extensions><gpxtpx:TrackPointExtension>
          <gpxtpx:hr>170</gpxtpx:hr>
        </gpxtpx:TrackPointExtension></extensions>
      </trkpt>
      <trkpt lat="30.396514" lon="103.83333">
        <ele>439.0</ele>
        <time>2023-12-23T01:17:18Z</time>
        <extensions><gpxtpx:TrackPointExtension>
          <gpxtpx:hr>170</gpxtpx:hr>
        </gpxtpx:TrackPointExtension></extensions>
      </trkpt>
      <trkpt lat="30.396546" lon="103.833319">
        <ele>439.0</ele>
        <time>2023-12-23T01:17:19Z</time>
        <extensions><gpxtpx:TrackPointExtension>
          <gpxtpx:hr>170</gpxtpx:hr>
        </gpxtpx:TrackPointExtension></extensions>
      </trkpt>
      <trkpt lat="30.396578" lon="103.833308">
        <ele>439.0</ele>
        <time>2023-12-23T01:17:20Z</time>
        <extensions><gpxtpx:TrackPointExtension>
          <gpxtpx:hr>170</gpxtpx:hr>
        </gpxtpx:TrackPointExtension></extensions>
      </trkpt>
      <trkpt lat="30.396611" lon="103.833297">
        <ele>439.0</ele>
        <time>2023-12-23T01:17:21Z</time>
        <extensions><gpxtpx:TrackPointExtension>
          <gpxtpx:hr>170</gpxtpx:hr>
        </gpxtpx:TrackPointExtension></extensions>
      </trkpt>
      <trkpt lat="30.396643" lon="103.833284">
        <ele>439.0</ele>
        <time>2023-12-23T01:17:22Z</time>
        <extensions><gpxtpx:TrackPointExtension>
          <gpxtpx:hr>170</gpxtpx:hr>
        </gpxtpx:TrackPointExtension></extensions>
      </trkpt>
      <trkpt lat="30.396676" lon="103.833272">
        <ele>439.0</ele>
        <time>2023-12-23T01:17:23Z</time>
        <extensions><gpxtpx:TrackPointExtension>
          <gpxtpx:hr>170</gpxtpx:hr>
        </gpxtpx:TrackPointExtension></extensions>
      </trkpt>
      <trkpt lat="30.396707" lon="103.833259">
        <ele>439.0</ele>
        <time>2023-12-23T01:17:24Z</time>
        <extensions><gpxtpx:TrackPointExtension>
          <gpxtpx:hr>170</gpxtpx:hr>
        </gpxtpx:TrackPointExtension></extensions>
      </trkpt>
      <trkpt lat="30.396739" lon="103.833245">
        <ele>439.0</ele>
        <time>2023-12-23T01:17:25Z</time>
        <extensions><gpxtpx:TrackPointExtension>
          <gpxtpx:hr>170</gpxtpx:hr>
        </gpxtpx:TrackPointExtension></extensions>
      </trkpt>
      <trkpt lat="30.396771" lon="103.833232">
        <ele>439.0</ele>
        <time>2023-12-23T01:17:26Z</time>
        <extensions><gpxtpx:TrackPointExtension>
          <gpxtpx:hr>170</gpxtpx:hr>
        </gpxtpx:TrackPointExtension></extensions>
      </trkpt>
      <trkpt lat="30.396802" lon="103.833219">
        <ele>439.0</ele>
        <time>2023-12-23T01:17:27Z</time>
        <extensions><gpxtpx:TrackPointExtension>
          <gpxtpx:hr>170</gpxtpx:hr>
        </gpxtpx:TrackPointExtension></extensions>
      </trkpt>
      <trkpt lat="30.396835" lon="103.833207">
        <ele>439.0</ele>
        <time>2023-12-23T01:17:28Z</time>
        <extensions><gpxtpx:TrackPointExtension>
          <gpxtpx:hr>170</gpxtpx:hr>
        </gpxtpx:TrackPointExtension></extensions>
      </trkpt>
      <trkpt lat="30.396867" lon="103.833194">
        <ele>439.0</ele>
        <time>2023-12-23T01:17:29Z</time>
        <extensions><gpxtpx:TrackPointExtension>
          <gpxtpx:hr>171</gpxtpx:hr>
        </gpxtpx:TrackPointExtension></extensions>
      </trkpt>
      <trkpt lat="30.3969" lon="103.833182">
        <ele>439.0</ele>
        <time>2023-12-23T01:17:30Z</time>
        <extensions><gpxtpx:TrackPointExtension>
          <gpxtpx:hr>171</gpxtpx:hr>
        </gpxtpx:TrackPointExtension></extensions>
      </trkpt>
      <trkpt lat="30.396933" lon="103.833171">
        <ele>439.0</ele>
        <time>2023-12-23T01:17:31Z</time>
        <extensions><gpxtpx:TrackPointExtension>
          <gpxtpx:hr>170</gpxtpx:hr>
        </gpxtpx:TrackPointExtension></extensions>
      </trkpt>
      <trkpt lat="30.396966" lon="103.83316">
        <ele>439.0</ele>
        <time>2023-12-23T01:17:32Z</time>
        <extensions><gpxtpx:TrackPointExtension>
          <gpxtpx:hr>170</gpxtpx:hr>
        </gpxtpx:TrackPointExtension></extensions>
      </trkpt>
      <trkpt lat="30.396999" lon="103.83315">
        <ele>439.0</ele>
        <time>2023-12-23T01:17:33Z</time>
        <extensions><gpxtpx:TrackPointExtension>
          <gpxtpx:hr>170</gpxtpx:hr>
        </gpxtpx:TrackPointExtension></extensions>
      </trkpt>
      <trkpt lat="30.39703" lon="103.833139">
        <ele>439.0</ele>
        <time>2023-12-23T01:17:34Z</time>
        <extensions><gpxtpx:TrackPointExtension>
          <gpxtpx:hr>170</gpxtpx:hr>
        </gpxtpx:TrackPointExtension></extensions>
      </trkpt>
      <trkpt lat="30.397062" lon="103.833129">
        <ele>439.0</ele>
        <time>2023-12-23T01:17:35Z</time>
        <extensions><gpxtpx:TrackPointExtension>
          <gpxtpx:hr>170</gpxtpx:hr>
        </gpxtpx:TrackPointExtension></extensions>
      </trkpt>
      <trkpt lat="30.397093" lon="103.833117">
        <ele>439.0</ele>
        <time>2023-12-23T01:17:36Z</time>
        <extensions><gpxtpx:TrackPointExtension>
          <gpxtpx:hr>170</gpxtpx:hr>
        </gpxtpx:TrackPointExtension></extensions>
      </trkpt>
      <trkpt lat="30.397124" lon="103.833106">
        <ele>439.0</ele>
        <time>2023-12-23T01:17:37Z</time>
        <extensions><gpxtpx:TrackPointExtension>
          <gpxtpx:hr>170</gpxtpx:hr>
        </gpxtpx:TrackPointExtension></extensions>
      </trkpt>
      <trkpt lat="30.397154" lon="103.833093">
        <ele>439.0</ele>
        <time>2023-12-23T01:17:38Z</time>
        <extensions><gpxtpx:TrackPointExtension>
          <gpxtpx:hr>170</gpxtpx:hr>
        </gpxtpx:TrackPointExtension></extensions>
      </trkpt>
      <trkpt lat="30.397185" lon="103.833081">
        <ele>439.0</ele>
        <time>2023-12-23T01:17:39Z</time>
        <extensions><gpxtpx:TrackPointExtension>
          <gpxtpx:hr>170</gpxtpx:hr>
        </gpxtpx:TrackPointExtension></extensions>
      </trkpt>
      <trkpt lat="30.397216" lon="103.833068">
        <ele>439.0</ele>
        <time>2023-12-23T01:17:40Z</time>
        <extensions><gpxtpx:TrackPointExtension>
          <gpxtpx:hr>170</gpxtpx:hr>
        </gpxtpx:TrackPointExtension></extensions>
      </trkpt>
      <trkpt lat="30.397247" lon="103.833055">
        <ele>439.0</ele>
        <time>2023-12-23T01:17:41Z</time>
        <extensions><gpxtpx:TrackPointExtension>
          <gpxtpx:hr>170</gpxtpx:hr>
        </gpxtpx:TrackPointExtension></extensions>
      </trkpt>
      <trkpt lat="30.397279" lon="103.833042">
        <ele>439.0</ele>
        <time>2023-12-23T01:17:42Z</time>
        <extensions><gpxtpx:TrackPointExtension>
          <gpxtpx:hr>170</gpxtpx:hr>
        </gpxtpx:TrackPointExtension></extensions>
      </trkpt>
      <trkpt lat="30.397311" lon="103.833029">
        <ele>439.0</ele>
        <time>2023-12-23T01:17:43Z</time>
        <extensions><gpxtpx:TrackPointExtension>
          <gpxtpx:hr>171</gpxtpx:hr>
        </gpxtpx:TrackPointExtension></extensions>
      </trkpt>
      <trkpt lat="30.397343" lon="103.833016">
        <ele>439.0</ele>
        <time>2023-12-23T01:17:44Z</time>
        <extensions><gpxtpx:TrackPointExtension>
          <gpxtpx:hr>171</gpxtpx:hr>
        </gpxtpx:TrackPointExtension></extensions>
      </trkpt>
      <trkpt lat="30.397374" lon="103.833004">
        <ele>439.0</ele>
        <time>2023-12-23T01:17:45Z</time>
        <extensions><gpxtpx:TrackPointExtension>
          <gpxtpx:hr>171</gpxtpx:hr>
        </gpxtpx:TrackPointExtension></extensions>
      </trkpt>
      <trkpt lat="30.397406" lon="103.832992">
        <ele>439.0</ele>
        <time>2023-12-23T01:17:46Z</time>
        <extensions><gpxtpx:TrackPointExtension>
          <gpxtpx:hr>171</gpxtpx:hr>
        </gpxtpx:TrackPointExtension></extensions>
      </trkpt>
      <trkpt lat="30.397437" lon="103.83298">
        <ele>439.0</ele>
        <time>2023-12-23T01:17:47Z</time>
        <extensions><gpxtpx:TrackPointExtension>
          <gpxtpx:hr>171</gpxtpx:hr>
        </gpxtpx:TrackPointExtension></extensions>
      </trkpt>
      <trkpt lat="30.397467" lon="103.832967">
        <ele>439.0</ele>
        <time>2023-12-23T01:17:48Z</time>
        <extensions><gpxtpx:TrackPointExtension>
          <gpxtpx:hr>171</gpxtpx:hr>
        </gpxtpx:TrackPointExtension></extensions>
      </trkpt>
      <trkpt lat="30.397497" lon="103.832955">
        <ele>439.0</ele>
        <time>2023-12-23T01:17:49Z</time>
        <extensions><gpxtpx:TrackPointExtension>
          <gpxtpx:hr>171</gpxtpx:hr>
        </gpxtpx:TrackPointExtension></extensions>
      </trkpt>
      <trkpt lat="30.397526" lon="103.832942">
        <ele>439.0</ele>
        <time>2023-12-23T01:17:50Z</time>
        <extensions><gpxtpx:TrackPointExtension>
          <gpxtpx:hr>171</gpxtpx:hr>
        </gpxtpx:TrackPointExtension></extensions>
      </trkpt>
      <trkpt lat="30.397555" lon="103.832929">
        <ele>439.0</ele>
        <time>2023-12-23T01:17:51Z</time>
        <extensions><gpxtpx:TrackPointExtension>
          <gpxtpx:hr>171</gpxtpx:hr>
        </gpxtpx:TrackPointExtension></extensions>
      </trkpt>
      <trkpt lat="30.397585" lon="103.832916">
        <ele>439.0</ele>
        <time>2023-12-23T01:17:52Z</time>
        <extensions><gpxtpx:TrackPointExtension>
          <gpxtpx:hr>171</gpxtpx:hr>
        </gpxtpx:TrackPointExtension></extensions>
      </trkpt>
      <trkpt lat="30.397615" lon="103.832904">
        <ele>439.0</ele>
        <time>2023-12-23T01:17:53Z</time>
        <extensions><gpxtpx:TrackPointExtension>
          <gpxtpx:hr>171</gpxtpx:hr>
        </gpxtpx:TrackPointExtension></extensions>
      </trkpt>
      <trkpt lat="30.397646" lon="103.832892">
        <ele>439.0</ele>
        <time>2023-12-23T01:17:54Z</time>
        <extensions><gpxtpx:TrackPointExtension>
          <gpxtpx:hr>171</gpxtpx:hr>
        </gpxtpx:TrackPointExtension></extensions>
      </trkpt>
      <trkpt lat="30.397677" lon="103.832881">
        <ele>439.0</ele>
        <time>2023-12-23T01:17:55Z</time>
        <extensions><gpxtpx:TrackPointExtension>
          <gpxtpx:hr>171</gpxtpx:hr>
        </gpxtpx:TrackPointExtension></extensions>
      </trkpt>
      <trkpt lat="30.397708" lon="103.83287">
        <ele>439.0</ele>
        <time>2023-12-23T01:17:56Z</time>
        <extensions><gpxtpx:TrackPointExtension>
          <gpxtpx:hr>171</gpxtpx:hr>
        </gpxtpx:TrackPointExtension></extensions>
      </trkpt>
      <trkpt lat="30.397739" lon="103.83286">
        <ele>439.0</ele>
        <time>2023-12-23T01:17:57Z</time>
        <extensions><gpxtpx:TrackPointExtension>
          <gpxtpx:hr>171</gpxtpx:hr>
        </gpxtpx:TrackPointExtension></extensions>
      </trkpt>
      <trkpt lat="30.397769" lon="103.832849">
        <ele>439.0</ele>
        <time>2023-12-23T01:17:58Z</time>
        <extensions><gpxtpx:TrackPointExtension>
          <gpxtpx:hr>171</gpxtpx:hr>
        </gpxtpx:TrackPointExtension></extensions>
      </trkpt>
      <trkpt lat="30.397799" lon="103.832838">
        <ele>439.0</ele>
        <time>2023-12-23T01:17:59Z</time>
        <extensions><gpxtpx:TrackPointExtension>
          <gpxtpx:hr>171</gpxtpx:hr>
        </gpxtpx:TrackPointExtension></extensions>
      </trkpt>
      <trkpt lat="30.397829" lon="103.832827">
        <ele>439.0</ele>
        <time>2023-12-23T01:18:00Z</time>
        <extensions><gpxtpx:TrackPointExtension>
          <gpxtpx:hr>171</gpxtpx:hr>
        </gpxtpx:TrackPointExtension></extensions>
      </trkpt>
      <trkpt lat="30.397858" lon="103.832816">
        <ele>439.0</ele>
        <time>2023-12-23T01:18:01Z</time>
        <extensions><gpxtpx:TrackPointExtension>
          <gpxtpx:hr>171</gpxtpx:hr>
        </gpxtpx:TrackPointExtension></extensions>
      </trkpt>
      <trkpt lat="30.397888" lon="103.832804">
        <ele>439.0</ele>
        <time>2023-12-23T01:18:02Z</time>
        <extensions><gpxtpx:TrackPointExtension>
          <gpxtpx:hr>171</gpxtpx:hr>
        </gpxtpx:TrackPointExtension></extensions>
      </trkpt>
      <trkpt lat="30.397918" lon="103.832793">
        <ele>439.0</ele>
        <time>2023-12-23T01:18:03Z</time>
        <extensions><gpxtpx:TrackPointExtension>
          <gpxtpx:hr>171</gpxtpx:hr>
        </gpxtpx:TrackPointExtension></extensions>
      </trkpt>
      <trkpt lat="30.397949" lon="103.832781">
        <ele>439.0</ele>
        <time>2023-12-23T01:18:04Z</time>
        <extensions><gpxtpx:TrackPointExtension>
          <gpxtpx:hr>171</gpxtpx:hr>
        </gpxtpx:TrackPointExtension></extensions>
      </trkpt>
      <trkpt lat="30.39798" lon="103.832769">
        <ele>439.0</ele>
        <time>2023-12-23T01:18:05Z</time>
        <extensions><gpxtpx:TrackPointExtension>
          <gpxtpx:hr>171</gpxtpx:hr>
        </gpxtpx:TrackPointExtension></extensions>
      </trkpt>
      <trkpt lat="30.398011" lon="103.832756">
        <ele>439.0</ele>
        <time>2023-12-23T01:18:06Z</time>
        <extensions><gpxtpx:TrackPointExtension>
          <gpxtpx:hr>171</gpxtpx:hr>
        </gpxtpx:TrackPointExtension></extensions>
      </trkpt>
      <trkpt lat="30.398043" lon="103.832744">
        <ele>439.0</ele>
        <time>2023-12-23T01:18:07Z</time>
        <extensions><gpxtpx:TrackPointExtension>
          <gpxtpx:hr>171</gpxtpx:hr>
        </gpxtpx:TrackPointExtension></extensions>
      </trkpt>
      <trkpt lat="30.398075" lon="103.832732">
        <ele>439.0</ele>
        <time>2023-12-23T01:18:08Z</time>
        <extensions><gpxtpx:TrackPointExtension>
          <gpxtpx:hr>171</gpxtpx:hr>
        </gpxtpx:TrackPointExtension></extensions>
      </trkpt>
      <trkpt lat="30.398108" lon="103.83272">
        <ele>439.0</ele>
        <time>2023-12-23T01:18:09Z</time>
        <extensions><gpxtpx:TrackPointExtension>
          <gpxtpx:hr>171</gpxtpx:hr>
        </gpxtpx:TrackPointExtension></extensions>
      </trkpt>
      <trkpt lat="30.39814" lon="103.832709">
        <ele>439.0</ele>
        <time>2023-12-23T01:18:10Z</time>
        <extensions><gpxtpx:TrackPointExtension>
          <gpxtpx:hr>171</gpxtpx:hr>
        </gpxtpx:TrackPointExtension></extensions>
      </trkpt>
      <trkpt lat="30.398172" lon="103.832698">
        <ele>439.0</ele>
        <time>2023-12-23T01:18:11Z</time>
        <extensions><gpxtpx:TrackPointExtension>
          <gpxtpx:hr>171</gpxtpx:hr>
        </gpxtpx:TrackPointExtension></extensions>
      </trkpt>
      <trkpt lat="30.398204" lon="103.832685">
        <ele>439.0</ele>
        <time>2023-12-23T01:18:12Z</time>
        <extensions><gpxtpx:TrackPointExtension>
          <gpxtpx:hr>171</gpxtpx:hr>
        </gpxtpx:TrackPointExtension></extensions>
      </trkpt>
      <trkpt lat="30.398236" lon="103.832673">
        <ele>439.0</ele>
        <time>2023-12-23T01:18:13Z</time>
        <extensions><gpxtpx:TrackPointExtension>
          <gpxtpx:hr>171</gpxtpx:hr>
        </gpxtpx:TrackPointExtension></extensions>
      </trkpt>
      <trkpt lat="30.398268" lon="103.83266">
        <ele>439.0</ele>
        <time>2023-12-23T01:18:14Z</time>
        <extensions><gpxtpx:TrackPointExtension>
          <gpxtpx:hr>171</gpxtpx:hr>
        </gpxtpx:TrackPointExtension></extensions>
      </trkpt>
      <trkpt lat="30.398301" lon="103.832647">
        <ele>439.0</ele>
        <time>2023-12-23T01:18:15Z</time>
        <extensions><gpxtpx:TrackPointExtension>
          <gpxtpx:hr>171</gpxtpx:hr>
        </gpxtpx:TrackPointExtension></extensions>
      </trkpt>
      <trkpt lat="30.398333" lon="103.832632">
        <ele>439.0</ele>
        <time>2023-12-23T01:18:16Z</time>
        <extensions><gpxtpx:TrackPointExtension>
          <gpxtpx:hr>171</gpxtpx:hr>
        </gpxtpx:TrackPointExtension></extensions>
      </trkpt>
      <trkpt lat="30.398366" lon="103.832618">
        <ele>439.0</ele>
        <time>2023-12-23T01:18:17Z</time>
        <extensions><gpxtpx:TrackPointExtension>
          <gpxtpx:hr>171</gpxtpx:hr>
        </gpxtpx:TrackPointExtension></extensions>
      </trkpt>
      <trkpt lat="30.398398" lon="103.832605">
        <ele>439.0</ele>
        <time>2023-12-23T01:18:18Z</time>
        <extensions><gpxtpx:TrackPointExtension>
          <gpxtpx:hr>171</gpxtpx:hr>
        </gpxtpx:TrackPointExtension></extensions>
      </trkpt>
      <trkpt lat="30.39843" lon="103.832591">
        <ele>439.0</ele>
        <time>2023-12-23T01:18:19Z</time>
        <extensions><gpxtpx:TrackPointExtension>
          <gpxtpx:hr>171</gpxtpx:hr>
        </gpxtpx:TrackPointExtension></extensions>
      </trkpt>
      <trkpt lat="30.398462" lon="103.832579">
        <ele>439.0</ele>
        <time>2023-12-23T01:18:20Z</time>
        <extensions><gpxtpx:TrackPointExtension>
          <gpxtpx:hr>171</gpxtpx:hr>
        </gpxtpx:TrackPointExtension></extensions>
      </trkpt>
      <trkpt lat="30.398494" lon="103.832567">
        <ele>439.0</ele>
        <time>2023-12-23T01:18:21Z</time>
        <extensions><gpxtpx:TrackPointExtension>
          <gpxtpx:hr>171</gpxtpx:hr>
        </gpxtpx:TrackPointExtension></extensions>
      </trkpt>
      <trkpt lat="30.398525" lon="103.832555">
        <ele>439.0</ele>
        <time>2023-12-23T01:18:22Z</time>
        <extensions><gpxtpx:TrackPointExtension>
          <gpxtpx:hr>173</gpxtpx:hr>
        </gpxtpx:TrackPointExtension></extensions>
      </trkpt>
      <trkpt lat="30.398556" lon="103.832544">
        <ele>439.0</ele>
        <time>2023-12-23T01:18:23Z</time>
        <extensions><gpxtpx:TrackPointExtension>
          <gpxtpx:hr>173</gpxtpx:hr>
        </gpxtpx:TrackPointExtension></extensions>
      </trkpt>
      <trkpt lat="30.398588" lon="103.832533">
        <ele>439.0</ele>
        <time>2023-12-23T01:18:24Z</time>
        <extensions><gpxtpx:TrackPointExtension>
          <gpxtpx:hr>173</gpxtpx:hr>
        </gpxtpx:TrackPointExtension></extensions>
      </trkpt>
      <trkpt lat="30.39862" lon="103.832523">
        <ele>439.0</ele>
        <time>2023-12-23T01:18:25Z</time>
        <extensions><gpxtpx:TrackPointExtension>
          <gpxtpx:hr>173</gpxtpx:hr>
        </gpxtpx:TrackPointExtension></extensions>
      </trkpt>
      <trkpt lat="30.398653" lon="103.832512">
        <ele>439.0</ele>
        <time>2023-12-23T01:18:26Z</time>
        <extensions><gpxtpx:TrackPointExtension>
          <gpxtpx:hr>173</gpxtpx:hr>
        </gpxtpx:TrackPointExtension></extensions>
      </trkpt>
      <trkpt lat="30.398685" lon="103.832501">
        <ele>439.0</ele>
        <time>2023-12-23T01:18:27Z</time>
        <extensions><gpxtpx:TrackPointExtension>
          <gpxtpx:hr>173</gpxtpx:hr>
        </gpxtpx:TrackPointExtension></extensions>
      </trkpt>
      <trkpt lat="30.398718" lon="103.83249">
        <ele>439.0</ele>
        <time>2023-12-23T01:18:28Z</time>
        <extensions><gpxtpx:TrackPointExtension>
          <gpxtpx:hr>172</gpxtpx:hr>
        </gpxtpx:TrackPointExtension></extensions>
      </trkpt>
      <trkpt lat="30.39875" lon="103.832479">
        <ele>439.0</ele>
        <time>2023-12-23T01:18:29Z</time>
        <extensions><gpxtpx:TrackPointExtension>
          <gpxtpx:hr>173</gpxtpx:hr>
        </gpxtpx:TrackPointExtension></extensions>
      </trkpt>
      <trkpt lat="30.398784" lon="103.832468">
        <ele>439.0</ele>
        <time>2023-12-23T01:18:30Z</time>
        <extensions><gpxtpx:TrackPointExtension>
          <gpxtpx:hr>173</gpxtpx:hr>
        </gpxtpx:TrackPointExtension></extensions>
      </trkpt>
      <trkpt lat="30.398817" lon="103.832457">
        <ele>439.0</ele>
        <time>2023-12-23T01:18:31Z</time>
        <extensions><gpxtpx:TrackPointExtension>
          <gpxtpx:hr>173</gpxtpx:hr>
        </gpxtpx:TrackPointExtension></extensions>
      </trkpt>
      <trkpt lat="30.398851" lon="103.832446">
        <ele>438.0</ele>
        <time>2023-12-23T01:18:32Z</time>
        <extensions><gpxtpx:TrackPointExtension>
          <gpxtpx:hr>173</gpxtpx:hr>
        </gpxtpx:TrackPointExtension></extensions>
      </trkpt>
      <trkpt lat="30.398885" lon="103.832434">
        <ele>438.0</ele>
        <time>2023-12-23T01:18:33Z</time>
        <extensions><gpxtpx:TrackPointExtension>
          <gpxtpx:hr>173</gpxtpx:hr>
        </gpxtpx:TrackPointExtension></extensions>
      </trkpt>
      <trkpt lat="30.398918" lon="103.832422">
        <ele>438.0</ele>
        <time>2023-12-23T01:18:34Z</time>
        <extensions><gpxtpx:TrackPointExtension>
          <gpxtpx:hr>173</gpxtpx:hr>
        </gpxtpx:TrackPointExtension></extensions>
      </trkpt>
      <trkpt lat="30.398951" lon="103.832411">
        <ele>438.0</ele>
        <time>2023-12-23T01:18:35Z</time>
        <extensions><gpxtpx:TrackPointExtension>
          <gpxtpx:hr>172</gpxtpx:hr>
        </gpxtpx:TrackPointExtension></extensions>
      </trkpt>
      <trkpt lat="30.398974" lon="103.832402">
        <ele>438.0</ele>
        <time>2023-12-23T01:18:36Z</time>
        <extensions><gpxtpx:TrackPointExtension>
          <gpxtpx:hr>172</gpxtpx:hr>
        </gpxtpx:TrackPointExtension></extensions>
      </trkpt>
      <trkpt lat="30.398997" lon="103.832393">
        <ele>438.0</ele>
        <time>2023-12-23T01:18:37Z</time>
        <extensions><gpxtpx:TrackPointExtension>
          <gpxtpx:hr>173</gpxtpx:hr>
        </gpxtpx:TrackPointExtension></extensions>
      </trkpt>
      <trkpt lat="30.399011" lon="103.832387">
        <ele>438.0</ele>
        <time>2023-12-23T01:18:38Z</time>
        <extensions><gpxtpx:TrackPointExtension>
          <gpxtpx:hr>173</gpxtpx:hr>
        </gpxtpx:TrackPointExtension></extensions>
      </trkpt>
      <trkpt lat="30.399025" lon="103.83238">
        <ele>438.0</ele>
        <time>2023-12-23T01:18:39Z</time>
        <extensions><gpxtpx:TrackPointExtension>
          <gpxtpx:hr>173</gpxtpx:hr>
        </gpxtpx:TrackPointExtension></extensions>
      </trkpt>
      <trkpt lat="30.399044" lon="103.832371">
        <ele>438.0</ele>
        <time>2023-12-23T01:18:40Z</time>
        <extensions><gpxtpx:TrackPointExtension>
          <gpxtpx:hr>173</gpxtpx:hr>
        </gpxtpx:TrackPointExtension></extensions>
      </trkpt>
      <trkpt lat="30.399063" lon="103.832361">
        <ele>439.0</ele>
        <time>2023-12-23T01:18:41Z</time>
        <extensions><gpxtpx:TrackPointExtension>
          <gpxtpx:hr>173</gpxtpx:hr>
        </gpxtpx:TrackPointExtension></extensions>
      </trkpt>
      <trkpt lat="30.39909" lon="103.832348">
        <ele>439.0</ele>
        <time>2023-12-23T01:18:42Z</time>
        <extensions><gpxtpx:TrackPointExtension>
          <gpxtpx:hr>173</gpxtpx:hr>
        </gpxtpx:TrackPointExtension></extensions>
      </trkpt>
      <trkpt lat="30.399116" lon="103.832335">
        <ele>439.0</ele>
        <time>2023-12-23T01:18:43Z</time>
        <extensions><gpxtpx:TrackPointExtension>
          <gpxtpx:hr>173</gpxtpx:hr>
        </gpxtpx:TrackPointExtension></extensions>
      </trkpt>
      <trkpt lat="30.399148" lon="103.83232">
        <ele>439.0</ele>
        <time>2023-12-23T01:18:44Z</time>
        <extensions><gpxtpx:TrackPointExtension>
          <gpxtpx:hr>173</gpxtpx:hr>
        </gpxtpx:TrackPointExtension></extensions>
      </trkpt>
      <trkpt lat="30.399179" lon="103.832304">
        <ele>439.0</ele>
        <time>2023-12-23T01:18:45Z</time>
        <extensions><gpxtpx:TrackPointExtension>
          <gpxtpx:hr>174</gpxtpx:hr>
        </gpxtpx:TrackPointExtension></extensions>
      </trkpt>
      <trkpt lat="30.399214" lon="103.832289">
        <ele>439.0</ele>
        <time>2023-12-23T01:18:46Z</time>
        <extensions><gpxtpx:TrackPointExtension>
          <gpxtpx:hr>176</gpxtpx:hr>
        </gpxtpx:TrackPointExtension></extensions>
      </trkpt>
      <trkpt lat="30.399248" lon="103.832274">
        <ele>439.0</ele>
        <time>2023-12-23T01:18:47Z</time>
        <extensions><gpxtpx:TrackPointExtension>
          <gpxtpx:hr>177</gpxtpx:hr>
        </gpxtpx:TrackPointExtension></extensions>
      </trkpt>
      <trkpt lat="30.399284" lon="103.832261">
        <ele>439.0</ele>
        <time>2023-12-23T01:18:48Z</time>
        <extensions><gpxtpx:TrackPointExtension>
          <gpxtpx:hr>179</gpxtpx:hr>
        </gpxtpx:TrackPointExtension></extensions>
      </trkpt>
      <trkpt lat="30.399319" lon="103.832248">
        <ele>439.0</ele>
        <time>2023-12-23T01:18:49Z</time>
        <extensions><gpxtpx:TrackPointExtension>
          <gpxtpx:hr>181</gpxtpx:hr>
        </gpxtpx:TrackPointExtension></extensions>
      </trkpt>
      <trkpt lat="30.399356" lon="103.832236">
        <ele>439.0</ele>
        <time>2023-12-23T01:18:50Z</time>
        <extensions><gpxtpx:TrackPointExtension>
          <gpxtpx:hr>182</gpxtpx:hr>
        </gpxtpx:TrackPointExtension></extensions>
      </trkpt>
      <trkpt lat="30.399392" lon="103.832224">
        <ele>439.0</ele>
        <time>2023-12-23T01:18:51Z</time>
        <extensions><gpxtpx:TrackPointExtension>
          <gpxtpx:hr>182</gpxtpx:hr>
        </gpxtpx:TrackPointExtension></extensions>
      </trkpt>
      <trkpt lat="30.399427" lon="103.832212">
        <ele>439.0</ele>
        <time>2023-12-23T01:18:52Z</time>
        <extensions><gpxtpx:TrackPointExtension>
          <gpxtpx:hr>182</gpxtpx:hr>
        </gpxtpx:TrackPointExtension></extensions>
      </trkpt>
      <trkpt lat="30.399462" lon="103.8322">
        <ele>439.0</ele>
        <time>2023-12-23T01:18:53Z</time>
        <extensions><gpxtpx:TrackPointExtension>
          <gpxtpx:hr>182</gpxtpx:hr>
        </gpxtpx:TrackPointExtension></extensions>
      </trkpt>
      <trkpt lat="30.399495" lon="103.832187">
        <ele>439.0</ele>
        <time>2023-12-23T01:18:54Z</time>
        <extensions><gpxtpx:TrackPointExtension>
          <gpxtpx:hr>182</gpxtpx:hr>
        </gpxtpx:TrackPointExtension></extensions>
      </trkpt>
      <trkpt lat="30.399529" lon="103.832174">
        <ele>439.0</ele>
        <time>2023-12-23T01:18:55Z</time>
        <extensions><gpxtpx:TrackPointExtension>
          <gpxtpx:hr>182</gpxtpx:hr>
        </gpxtpx:TrackPointExtension></extensions>
      </trkpt>
      <trkpt lat="30.399563" lon="103.832162">
        <ele>439.0</ele>
        <time>2023-12-23T01:18:56Z</time>
        <extensions><gpxtpx:TrackPointExtension>
          <gpxtpx:hr>182</gpxtpx:hr>
        </gpxtpx:TrackPointExtension></extensions>
      </trkpt>
      <trkpt lat="30.399596" lon="103.832149">
        <ele>439.0</ele>
        <time>2023-12-23T01:18:57Z</time>
        <extensions><gpxtpx:TrackPointExtension>
          <gpxtpx:hr>182</gpxtpx:hr>
        </gpxtpx:TrackPointExtension></extensions>
      </trkpt>
      <trkpt lat="30.399629" lon="103.832136">
        <ele>439.0</ele>
        <time>2023-12-23T01:18:58Z</time>
        <extensions><gpxtpx:TrackPointExtension>
          <gpxtpx:hr>182</gpxtpx:hr>
        </gpxtpx:TrackPointExtension></extensions>
      </trkpt>
      <trkpt lat="30.399662" lon="103.832124">
        <ele>439.0</ele>
        <time>2023-12-23T01:18:59Z</time>
        <extensions><gpxtpx:TrackPointExtension>
          <gpxtpx:hr>182</gpxtpx:hr>
        </gpxtpx:TrackPointExtension></extensions>
      </trkpt>
      <trkpt lat="30.399695" lon="103.83211">
        <ele>439.0</ele>
        <time>2023-12-23T01:19:00Z</time>
        <extensions><gpxtpx:TrackPointExtension>
          <gpxtpx:hr>182</gpxtpx:hr>
        </gpxtpx:TrackPointExtension></extensions>
      </trkpt>
      <trkpt lat="30.399727" lon="103.832097">
        <ele>439.0</ele>
        <time>2023-12-23T01:19:01Z</time>
        <extensions><gpxtpx:TrackPointExtension>
          <gpxtpx:hr>182</gpxtpx:hr>
        </gpxtpx:TrackPointExtension></extensions>
      </trkpt>
      <trkpt lat="30.39976" lon="103.832082">
        <ele>439.0</ele>
        <time>2023-12-23T01:19:02Z</time>
        <extensions><gpxtpx:TrackPointExtension>
          <gpxtpx:hr>182</gpxtpx:hr>
        </gpxtpx:TrackPointExtension></extensions>
      </trkpt>
      <trkpt lat="30.399793" lon="103.832066">
        <ele>439.0</ele>
        <time>2023-12-23T01:19:03Z</time>
        <extensions><gpxtpx:TrackPointExtension>
          <gpxtpx:hr>182</gpxtpx:hr>
        </gpxtpx:TrackPointExtension></extensions>
      </trkpt>
      <trkpt lat="30.399825" lon="103.832049">
        <ele>439.0</ele>
        <time>2023-12-23T01:19:04Z</time>
        <extensions><gpxtpx:TrackPointExtension>
          <gpxtpx:hr>182</gpxtpx:hr>
        </gpxtpx:TrackPointExtension></extensions>
      </trkpt>
      <trkpt lat="30.399858" lon="103.832031">
        <ele>439.0</ele>
        <time>2023-12-23T01:19:05Z</time>
        <extensions><gpxtpx:TrackPointExtension>
          <gpxtpx:hr>182</gpxtpx:hr>
        </gpxtpx:TrackPointExtension></extensions>
      </trkpt>
      <trkpt lat="30.399891" lon="103.832015">
        <ele>439.0</ele>
        <time>2023-12-23T01:19:06Z</time>
        <extensions><gpxtpx:TrackPointExtension>
          <gpxtpx:hr>182</gpxtpx:hr>
        </gpxtpx:TrackPointExtension></extensions>
      </trkpt>
      <trkpt lat="30.399923" lon="103.831998">
        <ele>439.0</ele>
        <time>2023-12-23T01:19:07Z</time>
        <extensions><gpxtpx:TrackPointExtension>
          <gpxtpx:hr>182</gpxtpx:hr>
        </gpxtpx:TrackPointExtension></extensions>
      </trkpt>
      <trkpt lat="30.399957" lon="103.831985">
        <ele>439.0</ele>
        <time>2023-12-23T01:19:08Z</time>
        <extensions><gpxtpx:TrackPointExtension>
          <gpxtpx:hr>182</gpxtpx:hr>
        </gpxtpx:TrackPointExtension></extensions>
      </trkpt>
      <trkpt lat="30.399991" lon="103.831971">
        <ele>439.0</ele>
        <time>2023-12-23T01:19:09Z</time>
        <extensions><gpxtpx:TrackPointExtension>
          <gpxtpx:hr>182</gpxtpx:hr>
        </gpxtpx:TrackPointExtension></extensions>
      </trkpt>
      <trkpt lat="30.400025" lon="103.831958">
        <ele>439.0</ele>
        <time>2023-12-23T01:19:10Z</time>
        <extensions><gpxtpx:TrackPointExtension>
          <gpxtpx:hr>182</gpxtpx:hr>
        </gpxtpx:TrackPointExtension></extensions>
      </trkpt>
      <trkpt lat="30.40006" lon="103.831946">
        <ele>440.0</ele>
        <time>2023-12-23T01:19:11Z</time>
        <extensions><gpxtpx:TrackPointExtension>
          <gpxtpx:hr>182</gpxtpx:hr>
        </gpxtpx:TrackPointExtension></extensions>
      </trkpt>
      <trkpt lat="30.400094" lon="103.831934">
        <ele>440.0</ele>
        <time>2023-12-23T01:19:12Z</time>
        <extensions><gpxtpx:TrackPointExtension>
          <gpxtpx:hr>182</gpxtpx:hr>
        </gpxtpx:TrackPointExtension></extensions>
      </trkpt>
      <trkpt lat="30.400128" lon="103.831922">
        <ele>440.0</ele>
        <time>2023-12-23T01:19:13Z</time>
        <extensions><gpxtpx:TrackPointExtension>
          <gpxtpx:hr>182</gpxtpx:hr>
        </gpxtpx:TrackPointExtension></extensions>
      </trkpt>
      <trkpt lat="30.40016" lon="103.831911">
        <ele>440.0</ele>
        <time>2023-12-23T01:19:14Z</time>
        <extensions><gpxtpx:TrackPointExtension>
          <gpxtpx:hr>182</gpxtpx:hr>
        </gpxtpx:TrackPointExtension></extensions>
      </trkpt>
      <trkpt lat="30.400192" lon="103.831899">
        <ele>440.0</ele>
        <time>2023-12-23T01:19:15Z</time>
        <extensions><gpxtpx:TrackPointExtension>
          <gpxtpx:hr>182</gpxtpx:hr>
        </gpxtpx:TrackPointExtension></extensions>
      </trkpt>
      <trkpt lat="30.400223" lon="103.831887">
        <ele>441.0</ele>
        <time>2023-12-23T01:19:16Z</time>
        <extensions><gpxtpx:TrackPointExtension>
          <gpxtpx:hr>182</gpxtpx:hr>
        </gpxtpx:TrackPointExtension></extensions>
      </trkpt>
      <trkpt lat="30.400254" lon="103.831875">
        <ele>440.0</ele>
        <time>2023-12-23T01:19:17Z</time>
        <extensions><gpxtpx:TrackPointExtension>
          <gpxtpx:hr>182</gpxtpx:hr>
        </gpxtpx:TrackPointExtension></extensions>
      </trkpt>
      <trkpt lat="30.400285" lon="103.831864">
        <ele>440.0</ele>
        <time>2023-12-23T01:19:18Z</time>
        <extensions><gpxtpx:TrackPointExtension>
          <gpxtpx:hr>182</gpxtpx:hr>
        </gpxtpx:TrackPointExtension></extensions>
      </trkpt>
      <trkpt lat="30.400315" lon="103.831854">
        <ele>440.0</ele>
        <time>2023-12-23T01:19:19Z</time>
        <extensions><gpxtpx:TrackPointExtension>
          <gpxtpx:hr>182</gpxtpx:hr>
        </gpxtpx:TrackPointExtension></extensions>
      </trkpt>
      <trkpt lat="30.400346" lon="103.831843">
        <ele>440.0</ele>
        <time>2023-12-23T01:19:20Z</time>
        <extensions><gpxtpx:TrackPointExtension>
          <gpxtpx:hr>182</gpxtpx:hr>
        </gpxtpx:TrackPointExtension></extensions>
      </trkpt>
      <trkpt lat="30.400376" lon="103.831832">
        <ele>440.0</ele>
        <time>2023-12-23T01:19:21Z</time>
        <extensions><gpxtpx:TrackPointExtension>
          <gpxtpx:hr>182</gpxtpx:hr>
        </gpxtpx:TrackPointExtension></extensions>
      </trkpt>
      <trkpt lat="30.400406" lon="103.83182">
        <ele>440.0</ele>
        <time>2023-12-23T01:19:22Z</time>
        <extensions><gpxtpx:TrackPointExtension>
          <gpxtpx:hr>182</gpxtpx:hr>
        </gpxtpx:TrackPointExtension></extensions>
      </trkpt>
      <trkpt lat="30.400435" lon="103.831808">
        <ele>440.0</ele>
        <time>2023-12-23T01:19:23Z</time>
        <extensions><gpxtpx:TrackPointExtension>
          <gpxtpx:hr>182</gpxtpx:hr>
        </gpxtpx:TrackPointExtension></extensions>
      </trkpt>
      <trkpt lat="30.400465" lon="103.831796">
        <ele>440.0</ele>
        <time>2023-12-23T01:19:24Z</time>
        <extensions><gpxtpx:TrackPointExtension>
          <gpxtpx:hr>182</gpxtpx:hr>
        </gpxtpx:TrackPointExtension></extensions>
      </trkpt>
      <trkpt lat="30.400496" lon="103.831783">
        <ele>440.0</ele>
        <time>2023-12-23T01:19:25Z</time>
        <extensions><gpxtpx:TrackPointExtension>
          <gpxtpx:hr>182</gpxtpx:hr>
        </gpxtpx:TrackPointExtension></extensions>
      </trkpt>
      <trkpt lat="30.400526" lon="103.831772">
        <ele>440.0</ele>
        <time>2023-12-23T01:19:26Z</time>
        <extensions><gpxtpx:TrackPointExtension>
          <gpxtpx:hr>182</gpxtpx:hr>
        </gpxtpx:TrackPointExtension></extensions>
      </trkpt>
      <trkpt lat="30.400557" lon="103.83176">
        <ele>440.0</ele>
        <time>2023-12-23T01:19:27Z</time>
        <extensions><gpxtpx:TrackPointExtension>
          <gpxtpx:hr>182</gpxtpx:hr>
        </gpxtpx:TrackPointExtension></extensions>
      </trkpt>
      <trkpt lat="30.400587" lon="103.83175">
        <ele>440.0</ele>
        <time>2023-12-23T01:19:28Z</time>
        <extensions><gpxtpx:TrackPointExtension>
          <gpxtpx:hr>182</gpxtpx:hr>
        </gpxtpx:TrackPointExtension></extensions>
      </trkpt>
      <trkpt lat="30.400617" lon="103.831739">
        <ele>440.0</ele>
        <time>2023-12-23T01:19:29Z</time>
        <extensions><gpxtpx:TrackPointExtension>
          <gpxtpx:hr>182</gpxtpx:hr>
        </gpxtpx:TrackPointExtension></extensions>
      </trkpt>
      <trkpt lat="30.400647" lon="103.831728">
        <ele>440.0</ele>
        <time>2023-12-23T01:19:30Z</time>
        <extensions><gpxtpx:TrackPointExtension>
          <gpxtpx:hr>182</gpxtpx:hr>
        </gpxtpx:TrackPointExtension></extensions>
      </trkpt>
      <trkpt lat="30.400678" lon="103.831717">
        <ele>440.0</ele>
        <time>2023-12-23T01:19:31Z</time>
        <extensions><gpxtpx:TrackPointExtension>
          <gpxtpx:hr>182</gpxtpx:hr>
        </gpxtpx:TrackPointExtension></extensions>
      </trkpt>
      <trkpt lat="30.400709" lon="103.831706">
        <ele>440.0</ele>
        <time>2023-12-23T01:19:32Z</time>
        <extensions><gpxtpx:TrackPointExtension>
          <gpxtpx:hr>182</gpxtpx:hr>
        </gpxtpx:TrackPointExtension></extensions>
      </trkpt>
      <trkpt lat="30.400741" lon="103.831695">
        <ele>440.0</ele>
        <time>2023-12-23T01:19:33Z</time>
        <extensions><gpxtpx:TrackPointExtension>
          <gpxtpx:hr>182</gpxtpx:hr>
        </gpxtpx:TrackPointExtension></extensions>
      </trkpt>
      <trkpt lat="30.400773" lon="103.831684">
        <ele>440.0</ele>
        <time>2023-12-23T01:19:34Z</time>
        <extensions><gpxtpx:TrackPointExtension>
          <gpxtpx:hr>182</gpxtpx:hr>
        </gpxtpx:TrackPointExtension></extensions>
      </trkpt>
      <trkpt lat="30.400806" lon="103.831672">
        <ele>440.0</ele>
        <time>2023-12-23T01:19:35Z</time>
        <extensions><gpxtpx:TrackPointExtension>
          <gpxtpx:hr>182</gpxtpx:hr>
        </gpxtpx:TrackPointExtension></extensions>
      </trkpt>
      <trkpt lat="30.400839" lon="103.831659">
        <ele>440.0</ele>
        <time>2023-12-23T01:19:36Z</time>
        <extensions><gpxtpx:TrackPointExtension>
          <gpxtpx:hr>182</gpxtpx:hr>
        </gpxtpx:TrackPointExtension></extensions>
      </trkpt>
      <trkpt lat="30.400872" lon="103.831647">
        <ele>440.0</ele>
        <time>2023-12-23T01:19:37Z</time>
        <extensions><gpxtpx:TrackPointExtension>
          <gpxtpx:hr>182</gpxtpx:hr>
        </gpxtpx:TrackPointExtension></extensions>
      </trkpt>
      <trkpt lat="30.400905" lon="103.831633">
        <ele>440.0</ele>
        <time>2023-12-23T01:19:38Z</time>
        <extensions><gpxtpx:TrackPointExtension>
          <gpxtpx:hr>182</gpxtpx:hr>
        </gpxtpx:TrackPointExtension></extensions>
      </trkpt>
      <trkpt lat="30.400937" lon="103.831619">
        <ele>440.0</ele>
        <time>2023-12-23T01:19:39Z</time>
        <extensions><gpxtpx:TrackPointExtension>
          <gpxtpx:hr>182</gpxtpx:hr>
        </gpxtpx:TrackPointExtension></extensions>
      </trkpt>
      <trkpt lat="30.400969" lon="103.831602">
        <ele>440.0</ele>
        <time>2023-12-23T01:19:40Z</time>
        <extensions><gpxtpx:TrackPointExtension>
          <gpxtpx:hr>182</gpxtpx:hr>
        </gpxtpx:TrackPointExtension></extensions>
      </trkpt>
      <trkpt lat="30.401001" lon="103.831586">
        <ele>440.0</ele>
        <time>2023-12-23T01:19:41Z</time>
        <extensions><gpxtpx:TrackPointExtension>
          <gpxtpx:hr>182</gpxtpx:hr>
        </gpxtpx:TrackPointExtension></extensions>
      </trkpt>
      <trkpt lat="30.40103" lon="103.831568">
        <ele>439.0</ele>
        <time>2023-12-23T01:19:42Z</time>
        <extensions><gpxtpx:TrackPointExtension>
          <gpxtpx:hr>182</gpxtpx:hr>
        </gpxtpx:TrackPointExtension></extensions>
      </trkpt>
      <trkpt lat="30.40106" lon="103.83155">
        <ele>439.0</ele>
        <time>2023-12-23T01:19:43Z</time>
        <extensions><gpxtpx:TrackPointExtension>
          <gpxtpx:hr>182</gpxtpx:hr>
        </gpxtpx:TrackPointExtension></extensions>
      </trkpt>
      <trkpt lat="30.401088" lon="103.831531">
        <ele>439.0</ele>
        <time>2023-12-23T01:19:44Z</time>
        <extensions><gpxtpx:TrackPointExtension>
          <gpxtpx:hr>182</gpxtpx:hr>
        </gpxtpx:TrackPointExtension></extensions>
      </trkpt>
      <trkpt lat="30.401117" lon="103.831512">
        <ele>439.0</ele>
        <time>2023-12-23T01:19:45Z</time>
        <extensions><gpxtpx:TrackPointExtension>
          <gpxtpx:hr>182</gpxtpx:hr>
        </gpxtpx:TrackPointExtension></extensions>
      </trkpt>
      <trkpt lat="30.401146" lon="103.83149">
        <ele>439.0</ele>
        <time>2023-12-23T01:19:46Z</time>
        <extensions><gpxtpx:TrackPointExtension>
          <gpxtpx:hr>182</gpxtpx:hr>
        </gpxtpx:TrackPointExtension></extensions>
      </trkpt>
      <trkpt lat="30.401176" lon="103.831469">
        <ele>439.0</ele>
        <time>2023-12-23T01:19:47Z</time>
        <extensions><gpxtpx:TrackPointExtension>
          <gpxtpx:hr>182</gpxtpx:hr>
        </gpxtpx:TrackPointExtension></extensions>
      </trkpt>
      <trkpt lat="30.401204" lon="103.831444">
        <ele>439.0</ele>
        <time>2023-12-23T01:19:48Z</time>
        <extensions><gpxtpx:TrackPointExtension>
          <gpxtpx:hr>182</gpxtpx:hr>
        </gpxtpx:TrackPointExtension></extensions>
      </trkpt>
      <trkpt lat="30.401232" lon="103.831419">
        <ele>439.0</ele>
        <time>2023-12-23T01:19:49Z</time>
        <extensions><gpxtpx:TrackPointExtension>
          <gpxtpx:hr>182</gpxtpx:hr>
        </gpxtpx:TrackPointExtension></extensions>
      </trkpt>
      <trkpt lat="30.401258" lon="103.831391">
        <ele>439.0</ele>
        <time>2023-12-23T01:19:50Z</time>
        <extensions><gpxtpx:TrackPointExtension>
          <gpxtpx:hr>182</gpxtpx:hr>
        </gpxtpx:TrackPointExtension></extensions>
      </trkpt>
      <trkpt lat="30.401284" lon="103.831363">
        <ele>439.0</ele>
        <time>2023-12-23T01:19:51Z</time>
        <extensions><gpxtpx:TrackPointExtension>
          <gpxtpx:hr>182</gpxtpx:hr>
        </gpxtpx:TrackPointExtension></extensions>
      </trkpt>
      <trkpt lat="30.401308" lon="103.831333">
        <ele>439.0</ele>
        <time>2023-12-23T01:19:52Z</time>
        <extensions><gpxtpx:TrackPointExtension>
          <gpxtpx:hr>182</gpxtpx:hr>
        </gpxtpx:TrackPointExtension></extensions>
      </trkpt>
      <trkpt lat="30.401332" lon="103.831303">
        <ele>439.0</ele>
        <time>2023-12-23T01:19:53Z</time>
        <extensions><gpxtpx:TrackPointExtension>
          <gpxtpx:hr>182</gpxtpx:hr>
        </gpxtpx:TrackPointExtension></extensions>
      </trkpt>
      <trkpt lat="30.401353" lon="103.831271">
        <ele>439.0</ele>
        <time>2023-12-23T01:19:54Z</time>
        <extensions><gpxtpx:TrackPointExtension>
          <gpxtpx:hr>182</gpxtpx:hr>
        </gpxtpx:TrackPointExtension></extensions>
      </trkpt>
      <trkpt lat="30.401375" lon="103.83124">
        <ele>439.0</ele>
        <time>2023-12-23T01:19:55Z</time>
        <extensions><gpxtpx:TrackPointExtension>
          <gpxtpx:hr>181</gpxtpx:hr>
        </gpxtpx:TrackPointExtension></extensions>
      </trkpt>
      <trkpt lat="30.401394" lon="103.831208">
        <ele>439.0</ele>
        <time>2023-12-23T01:19:56Z</time>
        <extensions><gpxtpx:TrackPointExtension>
          <gpxtpx:hr>181</gpxtpx:hr>
        </gpxtpx:TrackPointExtension></extensions>
      </trkpt>
      <trkpt lat="30.401413" lon="103.831176">
        <ele>439.0</ele>
        <time>2023-12-23T01:19:57Z</time>
        <extensions><gpxtpx:TrackPointExtension>
          <gpxtpx:hr>181</gpxtpx:hr>
        </gpxtpx:TrackPointExtension></extensions>
      </trkpt>
      <trkpt lat="30.401429" lon="103.831142">
        <ele>439.0</ele>
        <time>2023-12-23T01:19:58Z</time>
        <extensions><gpxtpx:TrackPointExtension>
          <gpxtpx:hr>181</gpxtpx:hr>
        </gpxtpx:TrackPointExtension></extensions>
      </trkpt>
      <trkpt lat="30.401445" lon="103.831108">
        <ele>439.0</ele>
        <time>2023-12-23T01:19:59Z</time>
        <extensions><gpxtpx:TrackPointExtension>
          <gpxtpx:hr>181</gpxtpx:hr>
        </gpxtpx:TrackPointExtension></extensions>
      </trkpt>
      <trkpt lat="30.401458" lon="103.831073">
        <ele>439.0</ele>
        <time>2023-12-23T01:20:00Z</time>
        <extensions><gpxtpx:TrackPointExtension>
          <gpxtpx:hr>181</gpxtpx:hr>
        </gpxtpx:TrackPointExtension></extensions>
      </trkpt>
      <trkpt lat="30.40147" lon="103.831038">
        <ele>439.0</ele>
        <time>2023-12-23T01:20:01Z</time>
        <extensions><gpxtpx:TrackPointExtension>
          <gpxtpx:hr>181</gpxtpx:hr>
        </gpxtpx:TrackPointExtension></extensions>
      </trkpt>
      <trkpt lat="30.401478" lon="103.831001">
        <ele>439.0</ele>
        <time>2023-12-23T01:20:02Z</time>
        <extensions><gpxtpx:TrackPointExtension>
          <gpxtpx:hr>181</gpxtpx:hr>
        </gpxtpx:TrackPointExtension></extensions>
      </trkpt>
      <trkpt lat="30.401487" lon="103.830964">
        <ele>439.0</ele>
        <time>2023-12-23T01:20:03Z</time>
        <extensions><gpxtpx:TrackPointExtension>
          <gpxtpx:hr>181</gpxtpx:hr>
        </gpxtpx:TrackPointExtension></extensions>
      </trkpt>
      <trkpt lat="30.401491" lon="103.830926">
        <ele>439.0</ele>
        <time>2023-12-23T01:20:04Z</time>
        <extensions><gpxtpx:TrackPointExtension>
          <gpxtpx:hr>181</gpxtpx:hr>
        </gpxtpx:TrackPointExtension></extensions>
      </trkpt>
      <trkpt lat="30.401494" lon="103.830888">
        <ele>439.0</ele>
        <time>2023-12-23T01:20:05Z</time>
        <extensions><gpxtpx:TrackPointExtension>
          <gpxtpx:hr>181</gpxtpx:hr>
        </gpxtpx:TrackPointExtension></extensions>
      </trkpt>
      <trkpt lat="30.401494" lon="103.83085">
        <ele>439.0</ele>
        <time>2023-12-23T01:20:06Z</time>
        <extensions><gpxtpx:TrackPointExtension>
          <gpxtpx:hr>181</gpxtpx:hr>
        </gpxtpx:TrackPointExtension></extensions>
      </trkpt>
      <trkpt lat="30.401494" lon="103.830813">
        <ele>439.0</ele>
        <time>2023-12-23T01:20:07Z</time>
        <extensions><gpxtpx:TrackPointExtension>
          <gpxtpx:hr>181</gpxtpx:hr>
        </gpxtpx:TrackPointExtension></extensions>
      </trkpt>
      <trkpt lat="30.40149" lon="103.830774">
        <ele>439.0</ele>
        <time>2023-12-23T01:20:08Z</time>
        <extensions><gpxtpx:TrackPointExtension>
          <gpxtpx:hr>181</gpxtpx:hr>
        </gpxtpx:TrackPointExtension></extensions>
      </trkpt>
      <trkpt lat="30.401486" lon="103.830735">
        <ele>439.0</ele>
        <time>2023-12-23T01:20:09Z</time>
        <extensions><gpxtpx:TrackPointExtension>
          <gpxtpx:hr>181</gpxtpx:hr>
        </gpxtpx:TrackPointExtension></extensions>
      </trkpt>
      <trkpt lat="30.401479" lon="103.830696">
        <ele>439.0</ele>
        <time>2023-12-23T01:20:10Z</time>
        <extensions><gpxtpx:TrackPointExtension>
          <gpxtpx:hr>181</gpxtpx:hr>
        </gpxtpx:TrackPointExtension></extensions>
      </trkpt>
      <trkpt lat="30.401471" lon="103.830656">
        <ele>439.0</ele>
        <time>2023-12-23T01:20:11Z</time>
        <extensions><gpxtpx:TrackPointExtension>
          <gpxtpx:hr>181</gpxtpx:hr>
        </gpxtpx:TrackPointExtension></extensions>
      </trkpt>
      <trkpt lat="30.401461" lon="103.83062">
        <ele>439.0</ele>
        <time>2023-12-23T01:20:12Z</time>
        <extensions><gpxtpx:TrackPointExtension>
          <gpxtpx:hr>181</gpxtpx:hr>
        </gpxtpx:TrackPointExtension></extensions>
      </trkpt>
      <trkpt lat="30.401451" lon="103.830583">
        <ele>439.0</ele>
        <time>2023-12-23T01:20:13Z</time>
        <extensions><gpxtpx:TrackPointExtension>
          <gpxtpx:hr>181</gpxtpx:hr>
        </gpxtpx:TrackPointExtension></extensions>
      </trkpt>
      <trkpt lat="30.401441" lon="103.830549">
        <ele>439.0</ele>
        <time>2023-12-23T01:20:14Z</time>
        <extensions><gpxtpx:TrackPointExtension>
          <gpxtpx:hr>181</gpxtpx:hr>
        </gpxtpx:TrackPointExtension></extensions>
      </trkpt>
      <trkpt lat="30.40143" lon="103.830514">
        <ele>439.0</ele>
        <time>2023-12-23T01:20:15Z</time>
        <extensions><gpxtpx:TrackPointExtension>
          <gpxtpx:hr>181</gpxtpx:hr>
        </gpxtpx:TrackPointExtension></extensions>
      </trkpt>
      <trkpt lat="30.401418" lon="103.83048">
        <ele>439.0</ele>
        <time>2023-12-23T01:20:16Z</time>
        <extensions><gpxtpx:TrackPointExtension>
          <gpxtpx:hr>182</gpxtpx:hr>
        </gpxtpx:TrackPointExtension></extensions>
      </trkpt>
      <trkpt lat="30.401406" lon="103.830447">
        <ele>439.0</ele>
        <time>2023-12-23T01:20:17Z</time>
        <extensions><gpxtpx:TrackPointExtension>
          <gpxtpx:hr>182</gpxtpx:hr>
        </gpxtpx:TrackPointExtension></extensions>
      </trkpt>
      <trkpt lat="30.401394" lon="103.830416">
        <ele>439.0</ele>
        <time>2023-12-23T01:20:18Z</time>
        <extensions><gpxtpx:TrackPointExtension>
          <gpxtpx:hr>182</gpxtpx:hr>
        </gpxtpx:TrackPointExtension></extensions>
      </trkpt>
      <trkpt lat="30.401381" lon="103.830386">
        <ele>439.0</ele>
        <time>2023-12-23T01:20:19Z</time>
        <extensions><gpxtpx:TrackPointExtension>
          <gpxtpx:hr>182</gpxtpx:hr>
        </gpxtpx:TrackPointExtension></extensions>
      </trkpt>
      <trkpt lat="30.401364" lon="103.830358">
        <ele>439.0</ele>
        <time>2023-12-23T01:20:20Z</time>
        <extensions><gpxtpx:TrackPointExtension>
          <gpxtpx:hr>182</gpxtpx:hr>
        </gpxtpx:TrackPointExtension></extensions>
      </trkpt>
      <trkpt lat="30.401347" lon="103.83033">
        <ele>439.0</ele>
        <time>2023-12-23T01:20:21Z</time>
        <extensions><gpxtpx:TrackPointExtension>
          <gpxtpx:hr>182</gpxtpx:hr>
        </gpxtpx:TrackPointExtension></extensions>
      </trkpt>
      <trkpt lat="30.401325" lon="103.830302">
        <ele>439.0</ele>
        <time>2023-12-23T01:20:22Z</time>
        <extensions><gpxtpx:TrackPointExtension>
          <gpxtpx:hr>182</gpxtpx:hr>
        </gpxtpx:TrackPointExtension></extensions>
      </trkpt>
      <trkpt lat="30.401303" lon="103.830274">
        <ele>439.0</ele>
        <time>2023-12-23T01:20:23Z</time>
        <extensions><gpxtpx:TrackPointExtension>
          <gpxtpx:hr>182</gpxtpx:hr>
        </gpxtpx:TrackPointExtension></extensions>
      </trkpt>
      <trkpt lat="30.401278" lon="103.830246">
        <ele>439.0</ele>
        <time>2023-12-23T01:20:24Z</time>
        <extensions><gpxtpx:TrackPointExtension>
          <gpxtpx:hr>182</gpxtpx:hr>
        </gpxtpx:TrackPointExtension></extensions>
      </trkpt>
      <trkpt lat="30.401253" lon="103.830217">
        <ele>439.0</ele>
        <time>2023-12-23T01:20:25Z</time>
        <extensions><gpxtpx:TrackPointExtension>
          <gpxtpx:hr>182</gpxtpx:hr>
        </gpxtpx:TrackPointExtension></extensions>
      </trkpt>
      <trkpt lat="30.401227" lon="103.83019">
        <ele>439.0</ele>
        <time>2023-12-23T01:20:26Z</time>
        <extensions><gpxtpx:TrackPointExtension>
          <gpxtpx:hr>182</gpxtpx:hr>
        </gpxtpx:TrackPointExtension></extensions>
      </trkpt>
      <trkpt lat="30.4012" lon="103.830163">
        <ele>439.0</ele>
        <time>2023-12-23T01:20:27Z</time>
        <extensions><gpxtpx:TrackPointExtension>
          <gpxtpx:hr>182</gpxtpx:hr>
        </gpxtpx:TrackPointExtension></extensions>
      </trkpt>
      <trkpt lat="30.401173" lon="103.830138">
        <ele>439.0</ele>
        <time>2023-12-23T01:20:28Z</time>
        <extensions><gpxtpx:TrackPointExtension>
          <gpxtpx:hr>182</gpxtpx:hr>
        </gpxtpx:TrackPointExtension></extensions>
      </trkpt>
      <trkpt lat="30.401146" lon="103.830113">
        <ele>439.0</ele>
        <time>2023-12-23T01:20:29Z</time>
        <extensions><gpxtpx:TrackPointExtension>
          <gpxtpx:hr>182</gpxtpx:hr>
        </gpxtpx:TrackPointExtension></extensions>
      </trkpt>
      <trkpt lat="30.401118" lon="103.830092">
        <ele>439.0</ele>
        <time>2023-12-23T01:20:30Z</time>
        <extensions><gpxtpx:TrackPointExtension>
          <gpxtpx:hr>182</gpxtpx:hr>
        </gpxtpx:TrackPointExtension></extensions>
      </trkpt>
      <trkpt lat="30.401089" lon="103.83007">
        <ele>439.0</ele>
        <time>2023-12-23T01:20:31Z</time>
        <extensions><gpxtpx:TrackPointExtension>
          <gpxtpx:hr>182</gpxtpx:hr>
        </gpxtpx:TrackPointExtension></extensions>
      </trkpt>
      <trkpt lat="30.401062" lon="103.830052">
        <ele>439.0</ele>
        <time>2023-12-23T01:20:32Z</time>
        <extensions><gpxtpx:TrackPointExtension>
          <gpxtpx:hr>182</gpxtpx:hr>
        </gpxtpx:TrackPointExtension></extensions>
      </trkpt>
      <trkpt lat="30.401034" lon="103.830035">
        <ele>439.0</ele>
        <time>2023-12-23T01:20:33Z</time>
        <extensions><gpxtpx:TrackPointExtension>
          <gpxtpx:hr>182</gpxtpx:hr>
        </gpxtpx:TrackPointExtension></extensions>
      </trkpt>
      <trkpt lat="30.401007" lon="103.830021">
        <ele>439.0</ele>
        <time>2023-12-23T01:20:34Z</time>
        <extensions><gpxtpx:TrackPointExtension>
          <gpxtpx:hr>182</gpxtpx:hr>
        </gpxtpx:TrackPointExtension></extensions>
      </trkpt>
      <trkpt lat="30.40098" lon="103.830007">
        <ele>439.0</ele>
        <time>2023-12-23T01:20:35Z</time>
        <extensions><gpxtpx:TrackPointExtension>
          <gpxtpx:hr>182</gpxtpx:hr>
        </gpxtpx:TrackPointExtension></extensions>
      </trkpt>
      <trkpt lat="30.400951" lon="103.829995">
        <ele>439.0</ele>
        <time>2023-12-23T01:20:36Z</time>
        <extensions><gpxtpx:TrackPointExtension>
          <gpxtpx:hr>182</gpxtpx:hr>
        </gpxtpx:TrackPointExtension></extensions>
      </trkpt>
      <trkpt lat="30.400923" lon="103.829984">
        <ele>439.0</ele>
        <time>2023-12-23T01:20:37Z</time>
        <extensions><gpxtpx:TrackPointExtension>
          <gpxtpx:hr>182</gpxtpx:hr>
        </gpxtpx:TrackPointExtension></extensions>
      </trkpt>
      <trkpt lat="30.400894" lon="103.829974">
        <ele>439.0</ele>
        <time>2023-12-23T01:20:38Z</time>
        <extensions><gpxtpx:TrackPointExtension>
          <gpxtpx:hr>182</gpxtpx:hr>
        </gpxtpx:TrackPointExtension></extensions>
      </trkpt>
      <trkpt lat="30.400865" lon="103.829964">
        <ele>439.0</ele>
        <time>2023-12-23T01:20:39Z</time>
        <extensions><gpxtpx:TrackPointExtension>
          <gpxtpx:hr>182</gpxtpx:hr>
        </gpxtpx:TrackPointExtension></extensions>
      </trkpt>
      <trkpt lat="30.400836" lon="103.829957">
        <ele>439.0</ele>
        <time>2023-12-23T01:20:40Z</time>
        <extensions><gpxtpx:TrackPointExtension>
          <gpxtpx:hr>182</gpxtpx:hr>
        </gpxtpx:TrackPointExtension></extensions>
      </trkpt>
      <trkpt lat="30.400807" lon="103.82995">
        <ele>439.0</ele>
        <time>2023-12-23T01:20:41Z</time>
        <extensions><gpxtpx:TrackPointExtension>
          <gpxtpx:hr>182</gpxtpx:hr>
        </gpxtpx:TrackPointExtension></extensions>
      </trkpt>
      <trkpt lat="30.40078" lon="103.829948">
        <ele>439.0</ele>
        <time>2023-12-23T01:20:42Z</time>
        <extensions><gpxtpx:TrackPointExtension>
          <gpxtpx:hr>182</gpxtpx:hr>
        </gpxtpx:TrackPointExtension></extensions>
      </trkpt>
      <trkpt lat="30.400752" lon="103.829946">
        <ele>439.0</ele>
        <time>2023-12-23T01:20:43Z</time>
        <extensions><gpxtpx:TrackPointExtension>
          <gpxtpx:hr>182</gpxtpx:hr>
        </gpxtpx:TrackPointExtension></extensions>
      </trkpt>
      <trkpt lat="30.400724" lon="103.829947">
        <ele>439.0</ele>
        <time>2023-12-23T01:20:44Z</time>
        <extensions><gpxtpx:TrackPointExtension>
          <gpxtpx:hr>182</gpxtpx:hr>
        </gpxtpx:TrackPointExtension></extensions>
      </trkpt>
      <trkpt lat="30.400697" lon="103.829948">
        <ele>439.0</ele>
        <time>2023-12-23T01:20:45Z</time>
        <extensions><gpxtpx:TrackPointExtension>
          <gpxtpx:hr>182</gpxtpx:hr>
        </gpxtpx:TrackPointExtension></extensions>
      </trkpt>
      <trkpt lat="30.400667" lon="103.829951">
        <ele>439.0</ele>
        <time>2023-12-23T01:20:46Z</time>
        <extensions><gpxtpx:TrackPointExtension>
          <gpxtpx:hr>182</gpxtpx:hr>
        </gpxtpx:TrackPointExtension></extensions>
      </trkpt>
      <trkpt lat="30.400637" lon="103.829954">
        <ele>439.0</ele>
        <time>2023-12-23T01:20:47Z</time>
        <extensions><gpxtpx:TrackPointExtension>
          <gpxtpx:hr>182</gpxtpx:hr>
        </gpxtpx:TrackPointExtension></extensions>
      </trkpt>
      <trkpt lat="30.400604" lon="103.829961">
        <ele>439.0</ele>
        <time>2023-12-23T01:20:48Z</time>
        <extensions><gpxtpx:TrackPointExtension>
          <gpxtpx:hr>182</gpxtpx:hr>
        </gpxtpx:TrackPointExtension></extensions>
      </trkpt>
      <trkpt lat="30.400571" lon="103.829968">
        <ele>439.0</ele>
        <time>2023-12-23T01:20:49Z</time>
        <extensions><gpxtpx:TrackPointExtension>
          <gpxtpx:hr>182</gpxtpx:hr>
        </gpxtpx:TrackPointExtension></extensions>
      </trkpt>
      <trkpt lat="30.400537" lon="103.829978">
        <ele>439.0</ele>
        <time>2023-12-23T01:20:50Z</time>
        <extensions><gpxtpx:TrackPointExtension>
          <gpxtpx:hr>182</gpxtpx:hr>
        </gpxtpx:TrackPointExtension></extensions>
      </trkpt>
      <trkpt lat="30.400502" lon="103.829988">
        <ele>439.0</ele>
        <time>2023-12-23T01:20:51Z</time>
        <extensions><gpxtpx:TrackPointExtension>
          <gpxtpx:hr>182</gpxtpx:hr>
        </gpxtpx:TrackPointExtension></extensions>
      </trkpt>
      <trkpt lat="30.400467" lon="103.83">
        <ele>439.0</ele>
        <time>2023-12-23T01:20:52Z</time>
        <extensions><gpxtpx:TrackPointExtension>
          <gpxtpx:hr>182</gpxtpx:hr>
        </gpxtpx:TrackPointExtension></extensions>
      </trkpt>
      <trkpt lat="30.400432" lon="103.830012">
        <ele>439.0</ele>
        <time>2023-12-23T01:20:53Z</time>
        <extensions><gpxtpx:TrackPointExtension>
          <gpxtpx:hr>182</gpxtpx:hr>
        </gpxtpx:TrackPointExtension></extensions>
      </trkpt>
      <trkpt lat="30.400398" lon="103.830024">
        <ele>439.0</ele>
        <time>2023-12-23T01:20:54Z</time>
        <extensions><gpxtpx:TrackPointExtension>
          <gpxtpx:hr>182</gpxtpx:hr>
        </gpxtpx:TrackPointExtension></extensions>
      </trkpt>
      <trkpt lat="30.400364" lon="103.830037">
        <ele>439.0</ele>
        <time>2023-12-23T01:20:55Z</time>
        <extensions><gpxtpx:TrackPointExtension>
          <gpxtpx:hr>182</gpxtpx:hr>
        </gpxtpx:TrackPointExtension></extensions>
      </trkpt>
      <trkpt lat="30.400331" lon="103.830049">
        <ele>439.0</ele>
        <time>2023-12-23T01:20:56Z</time>
        <extensions><gpxtpx:TrackPointExtension>
          <gpxtpx:hr>182</gpxtpx:hr>
        </gpxtpx:TrackPointExtension></extensions>
      </trkpt>
      <trkpt lat="30.400298" lon="103.830061">
        <ele>439.0</ele>
        <time>2023-12-23T01:20:57Z</time>
        <extensions><gpxtpx:TrackPointExtension>
          <gpxtpx:hr>182</gpxtpx:hr>
        </gpxtpx:TrackPointExtension></extensions>
      </trkpt>
      <trkpt lat="30.400266" lon="103.830073">
        <ele>439.0</ele>
        <time>2023-12-23T01:20:58Z</time>
        <extensions><gpxtpx:TrackPointExtension>
          <gpxtpx:hr>182</gpxtpx:hr>
        </gpxtpx:TrackPointExtension></extensions>
      </trkpt>
      <trkpt lat="30.400233" lon="103.830085">
        <ele>439.0</ele>
        <time>2023-12-23T01:20:59Z</time>
        <extensions><gpxtpx:TrackPointExtension>
          <gpxtpx:hr>182</gpxtpx:hr>
        </gpxtpx:TrackPointExtension></extensions>
      </trkpt>
      <trkpt lat="30.400202" lon="103.830096">
        <ele>439.0</ele>
        <time>2023-12-23T01:21:00Z</time>
        <extensions><gpxtpx:TrackPointExtension>
          <gpxtpx:hr>182</gpxtpx:hr>
        </gpxtpx:TrackPointExtension></extensions>
      </trkpt>
      <trkpt lat="30.40017" lon="103.830106">
        <ele>439.0</ele>
        <time>2023-12-23T01:21:01Z</time>
        <extensions><gpxtpx:TrackPointExtension>
          <gpxtpx:hr>182</gpxtpx:hr>
        </gpxtpx:TrackPointExtension></extensions>
      </trkpt>
      <trkpt lat="30.400139" lon="103.830117">
        <ele>439.0</ele>
        <time>2023-12-23T01:21:02Z</time>
        <extensions><gpxtpx:TrackPointExtension>
          <gpxtpx:hr>182</gpxtpx:hr>
        </gpxtpx:TrackPointExtension></extensions>
      </trkpt>
      <trkpt lat="30.400107" lon="103.830128">
        <ele>439.0</ele>
        <time>2023-12-23T01:21:03Z</time>
        <extensions><gpxtpx:TrackPointExtension>
          <gpxtpx:hr>182</gpxtpx:hr>
        </gpxtpx:TrackPointExtension></extensions>
      </trkpt>
      <trkpt lat="30.400074" lon="103.830139">
        <ele>439.0</ele>
        <time>2023-12-23T01:21:04Z</time>
        <extensions><gpxtpx:TrackPointExtension>
          <gpxtpx:hr>182</gpxtpx:hr>
        </gpxtpx:TrackPointExtension></extensions>
      </trkpt>
      <trkpt lat="30.400041" lon="103.83015">
        <ele>439.0</ele>
        <time>2023-12-23T01:21:05Z</time>
        <extensions><gpxtpx:TrackPointExtension>
          <gpxtpx:hr>182</gpxtpx:hr>
        </gpxtpx:TrackPointExtension></extensions>
      </trkpt>
      <trkpt lat="30.400009" lon="103.830162">
        <ele>439.0</ele>
        <time>2023-12-23T01:21:06Z</time>
        <extensions><gpxtpx:TrackPointExtension>
          <gpxtpx:hr>182</gpxtpx:hr>
        </gpxtpx:TrackPointExtension></extensions>
      </trkpt>
      <trkpt lat="30.399977" lon="103.830174">
        <ele>439.0</ele>
        <time>2023-12-23T01:21:07Z</time>
        <extensions><gpxtpx:TrackPointExtension>
          <gpxtpx:hr>182</gpxtpx:hr>
        </gpxtpx:TrackPointExtension></extensions>
      </trkpt>
      <trkpt lat="30.399945" lon="103.830185">
        <ele>439.0</ele>
        <time>2023-12-23T01:21:08Z</time>
        <extensions><gpxtpx:TrackPointExtension>
          <gpxtpx:hr>182</gpxtpx:hr>
        </gpxtpx:TrackPointExtension></extensions>
      </trkpt>
      <trkpt lat="30.399914" lon="103.830197">
        <ele>439.0</ele>
        <time>2023-12-23T01:21:09Z</time>
        <extensions><gpxtpx:TrackPointExtension>
          <gpxtpx:hr>182</gpxtpx:hr>
        </gpxtpx:TrackPointExtension></extensions>
      </trkpt>
      <trkpt lat="30.399883" lon="103.830209">
        <ele>439.0</ele>
        <time>2023-12-23T01:21:10Z</time>
        <extensions><gpxtpx:TrackPointExtension>
          <gpxtpx:hr>181</gpxtpx:hr>
        </gpxtpx:TrackPointExtension></extensions>
      </trkpt>
      <trkpt lat="30.399853" lon="103.830221">
        <ele>439.0</ele>
        <time>2023-12-23T01:21:11Z</time>
        <extensions><gpxtpx:TrackPointExtension>
          <gpxtpx:hr>181</gpxtpx:hr>
        </gpxtpx:TrackPointExtension></extensions>
      </trkpt>
      <trkpt lat="30.399822" lon="103.830233">
        <ele>439.0</ele>
        <time>2023-12-23T01:21:12Z</time>
        <extensions><gpxtpx:TrackPointExtension>
          <gpxtpx:hr>181</gpxtpx:hr>
        </gpxtpx:TrackPointExtension></extensions>
      </trkpt>
      <trkpt lat="30.399791" lon="103.830245">
        <ele>439.0</ele>
        <time>2023-12-23T01:21:13Z</time>
        <extensions><gpxtpx:TrackPointExtension>
          <gpxtpx:hr>181</gpxtpx:hr>
        </gpxtpx:TrackPointExtension></extensions>
      </trkpt>
      <trkpt lat="30.39976" lon="103.830256">
        <ele>439.0</ele>
        <time>2023-12-23T01:21:14Z</time>
        <extensions><gpxtpx:TrackPointExtension>
          <gpxtpx:hr>181</gpxtpx:hr>
        </gpxtpx:TrackPointExtension></extensions>
      </trkpt>
      <trkpt lat="30.399729" lon="103.830267">
        <ele>439.0</ele>
        <time>2023-12-23T01:21:15Z</time>
        <extensions><gpxtpx:TrackPointExtension>
          <gpxtpx:hr>181</gpxtpx:hr>
        </gpxtpx:TrackPointExtension></extensions>
      </trkpt>
      <trkpt lat="30.399698" lon="103.830279">
        <ele>439.0</ele>
        <time>2023-12-23T01:21:16Z</time>
        <extensions><gpxtpx:TrackPointExtension>
          <gpxtpx:hr>181</gpxtpx:hr>
        </gpxtpx:TrackPointExtension></extensions>
      </trkpt>
      <trkpt lat="30.399666" lon="103.83029">
        <ele>439.0</ele>
        <time>2023-12-23T01:21:17Z</time>
        <extensions><gpxtpx:TrackPointExtension>
          <gpxtpx:hr>181</gpxtpx:hr>
        </gpxtpx:TrackPointExtension></extensions>
      </trkpt>
      <trkpt lat="30.399635" lon="103.830302">
        <ele>439.0</ele>
        <time>2023-12-23T01:21:18Z</time>
        <extensions><gpxtpx:TrackPointExtension>
          <gpxtpx:hr>180</gpxtpx:hr>
        </gpxtpx:TrackPointExtension></extensions>
      </trkpt>
      <trkpt lat="30.399603" lon="103.830314">
        <ele>439.0</ele>
        <time>2023-12-23T01:21:19Z</time>
        <extensions><gpxtpx:TrackPointExtension>
          <gpxtpx:hr>180</gpxtpx:hr>
        </gpxtpx:TrackPointExtension></extensions>
      </trkpt>
      <trkpt lat="30.399571" lon="103.830327">
        <ele>439.0</ele>
        <time>2023-12-23T01:21:20Z</time>
        <extensions><gpxtpx:TrackPointExtension>
          <gpxtpx:hr>180</gpxtpx:hr>
        </gpxtpx:TrackPointExtension></extensions>
      </trkpt>
      <trkpt lat="30.399538" lon="103.830339">
        <ele>439.0</ele>
        <time>2023-12-23T01:21:21Z</time>
        <extensions><gpxtpx:TrackPointExtension>
          <gpxtpx:hr>180</gpxtpx:hr>
        </gpxtpx:TrackPointExtension></extensions>
      </trkpt>
      <trkpt lat="30.399506" lon="103.830352">
        <ele>439.0</ele>
        <time>2023-12-23T01:21:22Z</time>
        <extensions><gpxtpx:TrackPointExtension>
          <gpxtpx:hr>180</gpxtpx:hr>
        </gpxtpx:TrackPointExtension></extensions>
      </trkpt>
      <trkpt lat="30.399475" lon="103.830365">
        <ele>439.0</ele>
        <time>2023-12-23T01:21:23Z</time>
        <extensions><gpxtpx:TrackPointExtension>
          <gpxtpx:hr>180</gpxtpx:hr>
        </gpxtpx:TrackPointExtension></extensions>
      </trkpt>
      <trkpt lat="30.399443" lon="103.830378">
        <ele>439.0</ele>
        <time>2023-12-23T01:21:24Z</time>
        <extensions><gpxtpx:TrackPointExtension>
          <gpxtpx:hr>180</gpxtpx:hr>
        </gpxtpx:TrackPointExtension></extensions>
      </trkpt>
      <trkpt lat="30.399411" lon="103.830391">
        <ele>439.0</ele>
        <time>2023-12-23T01:21:25Z</time>
        <extensions><gpxtpx:TrackPointExtension>
          <gpxtpx:hr>180</gpxtpx:hr>
        </gpxtpx:TrackPointExtension></extensions>
      </trkpt>
      <trkpt lat="30.39938" lon="103.830405">
        <ele>439.0</ele>
        <time>2023-12-23T01:21:26Z</time>
        <extensions><gpxtpx:TrackPointExtension>
          <gpxtpx:hr>180</gpxtpx:hr>
        </gpxtpx:TrackPointExtension></extensions>
      </trkpt>
      <trkpt lat="30.399349" lon="103.830418">
        <ele>439.0</ele>
        <time>2023-12-23T01:21:27Z</time>
        <extensions><gpxtpx:TrackPointExtension>
          <gpxtpx:hr>180</gpxtpx:hr>
        </gpxtpx:TrackPointExtension></extensions>
      </trkpt>
      <trkpt lat="30.399317" lon="103.830431">
        <ele>439.0</ele>
        <time>2023-12-23T01:21:28Z</time>
        <extensions><gpxtpx:TrackPointExtension>
          <gpxtpx:hr>180</gpxtpx:hr>
        </gpxtpx:TrackPointExtension></extensions>
      </trkpt>
      <trkpt lat="30.399286" lon="103.830444">
        <ele>439.0</ele>
        <time>2023-12-23T01:21:29Z</time>
        <extensions><gpxtpx:TrackPointExtension>
          <gpxtpx:hr>180</gpxtpx:hr>
        </gpxtpx:TrackPointExtension></extensions>
      </trkpt>
      <trkpt lat="30.399254" lon="103.830457">
        <ele>439.0</ele>
        <time>2023-12-23T01:21:30Z</time>
        <extensions><gpxtpx:TrackPointExtension>
          <gpxtpx:hr>179</gpxtpx:hr>
        </gpxtpx:TrackPointExtension></extensions>
      </trkpt>
      <trkpt lat="30.399222" lon="103.830471">
        <ele>439.0</ele>
        <time>2023-12-23T01:21:31Z</time>
        <extensions><gpxtpx:TrackPointExtension>
          <gpxtpx:hr>179</gpxtpx:hr>
        </gpxtpx:TrackPointExtension></extensions>
      </trkpt>
      <trkpt lat="30.399191" lon="103.830484">
        <ele>439.0</ele>
        <time>2023-12-23T01:21:32Z</time>
        <extensions><gpxtpx:TrackPointExtension>
          <gpxtpx:hr>179</gpxtpx:hr>
        </gpxtpx:TrackPointExtension></extensions>
      </trkpt>
      <trkpt lat="30.39916" lon="103.830497">
        <ele>439.0</ele>
        <time>2023-12-23T01:21:33Z</time>
        <extensions><gpxtpx:TrackPointExtension>
          <gpxtpx:hr>179</gpxtpx:hr>
        </gpxtpx:TrackPointExtension></extensions>
      </trkpt>
      <trkpt lat="30.399128" lon="103.830509">
        <ele>439.0</ele>
        <time>2023-12-23T01:21:34Z</time>
        <extensions><gpxtpx:TrackPointExtension>
          <gpxtpx:hr>179</gpxtpx:hr>
        </gpxtpx:TrackPointExtension></extensions>
      </trkpt>
      <trkpt lat="30.399096" lon="103.830521">
        <ele>439.0</ele>
        <time>2023-12-23T01:21:35Z</time>
        <extensions><gpxtpx:TrackPointExtension>
          <gpxtpx:hr>179</gpxtpx:hr>
        </gpxtpx:TrackPointExtension></extensions>
      </trkpt>
      <trkpt lat="30.399064" lon="103.830534">
        <ele>439.0</ele>
        <time>2023-12-23T01:21:36Z</time>
        <extensions><gpxtpx:TrackPointExtension>
          <gpxtpx:hr>179</gpxtpx:hr>
        </gpxtpx:TrackPointExtension></extensions>
      </trkpt>
      <trkpt lat="30.399031" lon="103.830546">
        <ele>439.0</ele>
        <time>2023-12-23T01:21:37Z</time>
        <extensions><gpxtpx:TrackPointExtension>
          <gpxtpx:hr>179</gpxtpx:hr>
        </gpxtpx:TrackPointExtension></extensions>
      </trkpt>
      <trkpt lat="30.398999" lon="103.830559">
        <ele>439.0</ele>
        <time>2023-12-23T01:21:38Z</time>
        <extensions><gpxtpx:TrackPointExtension>
          <gpxtpx:hr>179</gpxtpx:hr>
        </gpxtpx:TrackPointExtension></extensions>
      </trkpt>
      <trkpt lat="30.398966" lon="103.830572">
        <ele>439.0</ele>
        <time>2023-12-23T01:21:39Z</time>
        <extensions><gpxtpx:TrackPointExtension>
          <gpxtpx:hr>179</gpxtpx:hr>
        </gpxtpx:TrackPointExtension></extensions>
      </trkpt>
      <trkpt lat="30.398934" lon="103.830584">
        <ele>439.0</ele>
        <time>2023-12-23T01:21:40Z</time>
        <extensions><gpxtpx:TrackPointExtension>
          <gpxtpx:hr>179</gpxtpx:hr>
        </gpxtpx:TrackPointExtension></extensions>
      </trkpt>
      <trkpt lat="30.398903" lon="103.830596">
        <ele>439.0</ele>
        <time>2023-12-23T01:21:41Z</time>
        <extensions><gpxtpx:TrackPointExtension>
          <gpxtpx:hr>179</gpxtpx:hr>
        </gpxtpx:TrackPointExtension></extensions>
      </trkpt>
      <trkpt lat="30.398873" lon="103.830606">
        <ele>439.0</ele>
        <time>2023-12-23T01:21:42Z</time>
        <extensions><gpxtpx:TrackPointExtension>
          <gpxtpx:hr>179</gpxtpx:hr>
        </gpxtpx:TrackPointExtension></extensions>
      </trkpt>
      <trkpt lat="30.398844" lon="103.830616">
        <ele>439.0</ele>
        <time>2023-12-23T01:21:43Z</time>
        <extensions><gpxtpx:TrackPointExtension>
          <gpxtpx:hr>179</gpxtpx:hr>
        </gpxtpx:TrackPointExtension></extensions>
      </trkpt>
      <trkpt lat="30.398814" lon="103.830625">
        <ele>439.0</ele>
        <time>2023-12-23T01:21:44Z</time>
        <extensions><gpxtpx:TrackPointExtension>
          <gpxtpx:hr>179</gpxtpx:hr>
        </gpxtpx:TrackPointExtension></extensions>
      </trkpt>
      <trkpt lat="30.398785" lon="103.830634">
        <ele>439.0</ele>
        <time>2023-12-23T01:21:45Z</time>
        <extensions><gpxtpx:TrackPointExtension>
          <gpxtpx:hr>179</gpxtpx:hr>
        </gpxtpx:TrackPointExtension></extensions>
      </trkpt>
      <trkpt lat="30.398754" lon="103.830641">
        <ele>439.0</ele>
        <time>2023-12-23T01:21:46Z</time>
        <extensions><gpxtpx:TrackPointExtension>
          <gpxtpx:hr>179</gpxtpx:hr>
        </gpxtpx:TrackPointExtension></extensions>
      </trkpt>
      <trkpt lat="30.398724" lon="103.830649">
        <ele>439.0</ele>
        <time>2023-12-23T01:21:47Z</time>
        <extensions><gpxtpx:TrackPointExtension>
          <gpxtpx:hr>179</gpxtpx:hr>
        </gpxtpx:TrackPointExtension></extensions>
      </trkpt>
      <trkpt lat="30.39869" lon="103.830655">
        <ele>439.0</ele>
        <time>2023-12-23T01:21:48Z</time>
        <extensions><gpxtpx:TrackPointExtension>
          <gpxtpx:hr>179</gpxtpx:hr>
        </gpxtpx:TrackPointExtension></extensions>
      </trkpt>
      <trkpt lat="30.398656" lon="103.830662">
        <ele>439.0</ele>
        <time>2023-12-23T01:21:49Z</time>
        <extensions><gpxtpx:TrackPointExtension>
          <gpxtpx:hr>179</gpxtpx:hr>
        </gpxtpx:TrackPointExtension></extensions>
      </trkpt>
      <trkpt lat="30.398624" lon="103.830669">
        <ele>439.0</ele>
        <time>2023-12-23T01:21:50Z</time>
        <extensions><gpxtpx:TrackPointExtension>
          <gpxtpx:hr>178</gpxtpx:hr>
        </gpxtpx:TrackPointExtension></extensions>
      </trkpt>
      <trkpt lat="30.398592" lon="103.830678">
        <ele>439.0</ele>
        <time>2023-12-23T01:21:51Z</time>
        <extensions><gpxtpx:TrackPointExtension>
          <gpxtpx:hr>178</gpxtpx:hr>
        </gpxtpx:TrackPointExtension></extensions>
      </trkpt>
      <trkpt lat="30.398562" lon="103.830689">
        <ele>439.0</ele>
        <time>2023-12-23T01:21:52Z</time>
        <extensions><gpxtpx:TrackPointExtension>
          <gpxtpx:hr>178</gpxtpx:hr>
        </gpxtpx:TrackPointExtension></extensions>
      </trkpt>
      <trkpt lat="30.398532" lon="103.830701">
        <ele>439.0</ele>
        <time>2023-12-23T01:21:53Z</time>
        <extensions><gpxtpx:TrackPointExtension>
          <gpxtpx:hr>178</gpxtpx:hr>
        </gpxtpx:TrackPointExtension></extensions>
      </trkpt>
      <trkpt lat="30.398503" lon="103.830715">
        <ele>439.0</ele>
        <time>2023-12-23T01:21:54Z</time>
        <extensions><gpxtpx:TrackPointExtension>
          <gpxtpx:hr>178</gpxtpx:hr>
        </gpxtpx:TrackPointExtension></extensions>
      </trkpt>
      <trkpt lat="30.398475" lon="103.830729">
        <ele>439.0</ele>
        <time>2023-12-23T01:21:55Z</time>
        <extensions><gpxtpx:TrackPointExtension>
          <gpxtpx:hr>178</gpxtpx:hr>
        </gpxtpx:TrackPointExtension></extensions>
      </trkpt>
      <trkpt lat="30.398446" lon="103.830743">
        <ele>439.0</ele>
        <time>2023-12-23T01:21:56Z</time>
        <extensions><gpxtpx:TrackPointExtension>
          <gpxtpx:hr>178</gpxtpx:hr>
        </gpxtpx:TrackPointExtension></extensions>
      </trkpt>
      <trkpt lat="30.398418" lon="103.830758">
        <ele>439.0</ele>
        <time>2023-12-23T01:21:57Z</time>
        <extensions><gpxtpx:TrackPointExtension>
          <gpxtpx:hr>178</gpxtpx:hr>
        </gpxtpx:TrackPointExtension></extensions>
      </trkpt>
      <trkpt lat="30.398389" lon="103.830773">
        <ele>439.0</ele>
        <time>2023-12-23T01:21:58Z</time>
        <extensions><gpxtpx:TrackPointExtension>
          <gpxtpx:hr>178</gpxtpx:hr>
        </gpxtpx:TrackPointExtension></extensions>
      </trkpt>
      <trkpt lat="30.39836" lon="103.830789">
        <ele>439.0</ele>
        <time>2023-12-23T01:21:59Z</time>
        <extensions><gpxtpx:TrackPointExtension>
          <gpxtpx:hr>178</gpxtpx:hr>
        </gpxtpx:TrackPointExtension></extensions>
      </trkpt>
      <trkpt lat="30.398331" lon="103.830804">
        <ele>439.0</ele>
        <time>2023-12-23T01:22:00Z</time>
        <extensions><gpxtpx:TrackPointExtension>
          <gpxtpx:hr>178</gpxtpx:hr>
        </gpxtpx:TrackPointExtension></extensions>
      </trkpt>
      <trkpt lat="30.398302" lon="103.83082">
        <ele>439.0</ele>
        <time>2023-12-23T01:22:01Z</time>
        <extensions><gpxtpx:TrackPointExtension>
          <gpxtpx:hr>178</gpxtpx:hr>
        </gpxtpx:TrackPointExtension></extensions>
      </trkpt>
      <trkpt lat="30.398272" lon="103.830833">
        <ele>439.0</ele>
        <time>2023-12-23T01:22:02Z</time>
        <extensions><gpxtpx:TrackPointExtension>
          <gpxtpx:hr>178</gpxtpx:hr>
        </gpxtpx:TrackPointExtension></extensions>
      </trkpt>
      <trkpt lat="30.398242" lon="103.830847">
        <ele>439.0</ele>
        <time>2023-12-23T01:22:03Z</time>
        <extensions><gpxtpx:TrackPointExtension>
          <gpxtpx:hr>178</gpxtpx:hr>
        </gpxtpx:TrackPointExtension></extensions>
      </trkpt>
      <trkpt lat="30.398212" lon="103.83086">
        <ele>439.0</ele>
        <time>2023-12-23T01:22:04Z</time>
        <extensions><gpxtpx:TrackPointExtension>
          <gpxtpx:hr>178</gpxtpx:hr>
        </gpxtpx:TrackPointExtension></extensions>
      </trkpt>
      <trkpt lat="30.398181" lon="103.830873">
        <ele>439.0</ele>
        <time>2023-12-23T01:22:05Z</time>
        <extensions><gpxtpx:TrackPointExtension>
          <gpxtpx:hr>178</gpxtpx:hr>
        </gpxtpx:TrackPointExtension></extensions>
      </trkpt>
      <trkpt lat="30.398149" lon="103.830886">
        <ele>439.0</ele>
        <time>2023-12-23T01:22:06Z</time>
        <extensions><gpxtpx:TrackPointExtension>
          <gpxtpx:hr>178</gpxtpx:hr>
        </gpxtpx:TrackPointExtension></extensions>
      </trkpt>
      <trkpt lat="30.398118" lon="103.830899">
        <ele>439.0</ele>
        <time>2023-12-23T01:22:07Z</time>
        <extensions><gpxtpx:TrackPointExtension>
          <gpxtpx:hr>178</gpxtpx:hr>
        </gpxtpx:TrackPointExtension></extensions>
      </trkpt>
      <trkpt lat="30.398086" lon="103.830913">
        <ele>439.0</ele>
        <time>2023-12-23T01:22:08Z</time>
        <extensions><gpxtpx:TrackPointExtension>
          <gpxtpx:hr>178</gpxtpx:hr>
        </gpxtpx:TrackPointExtension></extensions>
      </trkpt>
      <trkpt lat="30.398055" lon="103.830926">
        <ele>439.0</ele>
        <time>2023-12-23T01:22:09Z</time>
        <extensions><gpxtpx:TrackPointExtension>
          <gpxtpx:hr>178</gpxtpx:hr>
        </gpxtpx:TrackPointExtension></extensions>
      </trkpt>
      <trkpt lat="30.398024" lon="103.830939">
        <ele>439.0</ele>
        <time>2023-12-23T01:22:10Z</time>
        <extensions><gpxtpx:TrackPointExtension>
          <gpxtpx:hr>178</gpxtpx:hr>
        </gpxtpx:TrackPointExtension></extensions>
      </trkpt>
      <trkpt lat="30.397993" lon="103.830952">
        <ele>439.0</ele>
        <time>2023-12-23T01:22:11Z</time>
        <extensions><gpxtpx:TrackPointExtension>
          <gpxtpx:hr>178</gpxtpx:hr>
        </gpxtpx:TrackPointExtension></extensions>
      </trkpt>
      <trkpt lat="30.397962" lon="103.830964">
        <ele>439.0</ele>
        <time>2023-12-23T01:22:12Z</time>
        <extensions><gpxtpx:TrackPointExtension>
          <gpxtpx:hr>178</gpxtpx:hr>
        </gpxtpx:TrackPointExtension></extensions>
      </trkpt>
      <trkpt lat="30.397932" lon="103.830975">
        <ele>439.0</ele>
        <time>2023-12-23T01:22:13Z</time>
        <extensions><gpxtpx:TrackPointExtension>
          <gpxtpx:hr>178</gpxtpx:hr>
        </gpxtpx:TrackPointExtension></extensions>
      </trkpt>
      <trkpt lat="30.397901" lon="103.830987">
        <ele>439.0</ele>
        <time>2023-12-23T01:22:14Z</time>
        <extensions><gpxtpx:TrackPointExtension>
          <gpxtpx:hr>178</gpxtpx:hr>
        </gpxtpx:TrackPointExtension></extensions>
      </trkpt>
      <trkpt lat="30.39787" lon="103.830998">
        <ele>439.0</ele>
        <time>2023-12-23T01:22:15Z</time>
        <extensions><gpxtpx:TrackPointExtension>
          <gpxtpx:hr>178</gpxtpx:hr>
        </gpxtpx:TrackPointExtension></extensions>
      </trkpt>
      <trkpt lat="30.397838" lon="103.83101">
        <ele>439.0</ele>
        <time>2023-12-23T01:22:16Z</time>
        <extensions><gpxtpx:TrackPointExtension>
          <gpxtpx:hr>178</gpxtpx:hr>
        </gpxtpx:TrackPointExtension></extensions>
      </trkpt>
      <trkpt lat="30.397806" lon="103.831023">
        <ele>439.0</ele>
        <time>2023-12-23T01:22:17Z</time>
        <extensions><gpxtpx:TrackPointExtension>
          <gpxtpx:hr>178</gpxtpx:hr>
        </gpxtpx:TrackPointExtension></extensions>
      </trkpt>
      <trkpt lat="30.397772" lon="103.831036">
        <ele>439.0</ele>
        <time>2023-12-23T01:22:18Z</time>
        <extensions><gpxtpx:TrackPointExtension>
          <gpxtpx:hr>178</gpxtpx:hr>
        </gpxtpx:TrackPointExtension></extensions>
      </trkpt>
      <trkpt lat="30.397739" lon="103.831048">
        <ele>439.0</ele>
        <time>2023-12-23T01:22:19Z</time>
        <extensions><gpxtpx:TrackPointExtension>
          <gpxtpx:hr>178</gpxtpx:hr>
        </gpxtpx:TrackPointExtension></extensions>
      </trkpt>
      <trkpt lat="30.397705" lon="103.831061">
        <ele>439.0</ele>
        <time>2023-12-23T01:22:20Z</time>
        <extensions><gpxtpx:TrackPointExtension>
          <gpxtpx:hr>178</gpxtpx:hr>
        </gpxtpx:TrackPointExtension></extensions>
      </trkpt>
      <trkpt lat="30.397671" lon="103.831074">
        <ele>439.0</ele>
        <time>2023-12-23T01:22:21Z</time>
        <extensions><gpxtpx:TrackPointExtension>
          <gpxtpx:hr>178</gpxtpx:hr>
        </gpxtpx:TrackPointExtension></extensions>
      </trkpt>
      <trkpt lat="30.397638" lon="103.831086">
        <ele>439.0</ele>
        <time>2023-12-23T01:22:22Z</time>
        <extensions><gpxtpx:TrackPointExtension>
          <gpxtpx:hr>178</gpxtpx:hr>
        </gpxtpx:TrackPointExtension></extensions>
      </trkpt>
      <trkpt lat="30.397605" lon="103.831099">
        <ele>439.0</ele>
        <time>2023-12-23T01:22:23Z</time>
        <extensions><gpxtpx:TrackPointExtension>
          <gpxtpx:hr>178</gpxtpx:hr>
        </gpxtpx:TrackPointExtension></extensions>
      </trkpt>
      <trkpt lat="30.397572" lon="103.831111">
        <ele>439.0</ele>
        <time>2023-12-23T01:22:24Z</time>
        <extensions><gpxtpx:TrackPointExtension>
          <gpxtpx:hr>177</gpxtpx:hr>
        </gpxtpx:TrackPointExtension></extensions>
      </trkpt>
      <trkpt lat="30.397539" lon="103.831124">
        <ele>439.0</ele>
        <time>2023-12-23T01:22:25Z</time>
        <extensions><gpxtpx:TrackPointExtension>
          <gpxtpx:hr>177</gpxtpx:hr>
        </gpxtpx:TrackPointExtension></extensions>
      </trkpt>
      <trkpt lat="30.397507" lon="103.831136">
        <ele>439.0</ele>
        <time>2023-12-23T01:22:26Z</time>
        <extensions><gpxtpx:TrackPointExtension>
          <gpxtpx:hr>177</gpxtpx:hr>
        </gpxtpx:TrackPointExtension></extensions>
      </trkpt>
      <trkpt lat="30.397474" lon="103.831148">
        <ele>439.0</ele>
        <time>2023-12-23T01:22:27Z</time>
        <extensions><gpxtpx:TrackPointExtension>
          <gpxtpx:hr>177</gpxtpx:hr>
        </gpxtpx:TrackPointExtension></extensions>
      </trkpt>
      <trkpt lat="30.397441" lon="103.831161">
        <ele>439.0</ele>
        <time>2023-12-23T01:22:28Z</time>
        <extensions><gpxtpx:TrackPointExtension>
          <gpxtpx:hr>177</gpxtpx:hr>
        </gpxtpx:TrackPointExtension></extensions>
      </trkpt>
      <trkpt lat="30.397409" lon="103.831174">
        <ele>439.0</ele>
        <time>2023-12-23T01:22:29Z</time>
        <extensions><gpxtpx:TrackPointExtension>
          <gpxtpx:hr>176</gpxtpx:hr>
        </gpxtpx:TrackPointExtension></extensions>
      </trkpt>
      <trkpt lat="30.397377" lon="103.831187">
        <ele>439.0</ele>
        <time>2023-12-23T01:22:30Z</time>
        <extensions><gpxtpx:TrackPointExtension>
          <gpxtpx:hr>177</gpxtpx:hr>
        </gpxtpx:TrackPointExtension></extensions>
      </trkpt>
      <trkpt lat="30.397345" lon="103.8312">
        <ele>439.0</ele>
        <time>2023-12-23T01:22:31Z</time>
        <extensions><gpxtpx:TrackPointExtension>
          <gpxtpx:hr>177</gpxtpx:hr>
        </gpxtpx:TrackPointExtension></extensions>
      </trkpt>
      <trkpt lat="30.397313" lon="103.831214">
        <ele>439.0</ele>
        <time>2023-12-23T01:22:32Z</time>
        <extensions><gpxtpx:TrackPointExtension>
          <gpxtpx:hr>176</gpxtpx:hr>
        </gpxtpx:TrackPointExtension></extensions>
      </trkpt>
      <trkpt lat="30.397282" lon="103.831227">
        <ele>439.0</ele>
        <time>2023-12-23T01:22:33Z</time>
        <extensions><gpxtpx:TrackPointExtension>
          <gpxtpx:hr>176</gpxtpx:hr>
        </gpxtpx:TrackPointExtension></extensions>
      </trkpt>
      <trkpt lat="30.39725" lon="103.83124">
        <ele>439.0</ele>
        <time>2023-12-23T01:22:34Z</time>
        <extensions><gpxtpx:TrackPointExtension>
          <gpxtpx:hr>176</gpxtpx:hr>
        </gpxtpx:TrackPointExtension></extensions>
      </trkpt>
      <trkpt lat="30.397218" lon="103.831253">
        <ele>439.0</ele>
        <time>2023-12-23T01:22:35Z</time>
        <extensions><gpxtpx:TrackPointExtension>
          <gpxtpx:hr>176</gpxtpx:hr>
        </gpxtpx:TrackPointExtension></extensions>
      </trkpt>
      <trkpt lat="30.397186" lon="103.831266">
        <ele>439.0</ele>
        <time>2023-12-23T01:22:36Z</time>
        <extensions><gpxtpx:TrackPointExtension>
          <gpxtpx:hr>176</gpxtpx:hr>
        </gpxtpx:TrackPointExtension></extensions>
      </trkpt>
      <trkpt lat="30.397153" lon="103.831279">
        <ele>439.0</ele>
        <time>2023-12-23T01:22:37Z</time>
        <extensions><gpxtpx:TrackPointExtension>
          <gpxtpx:hr>176</gpxtpx:hr>
        </gpxtpx:TrackPointExtension></extensions>
      </trkpt>
      <trkpt lat="30.397122" lon="103.831292">
        <ele>439.0</ele>
        <time>2023-12-23T01:22:38Z</time>
        <extensions><gpxtpx:TrackPointExtension>
          <gpxtpx:hr>176</gpxtpx:hr>
        </gpxtpx:TrackPointExtension></extensions>
      </trkpt>
      <trkpt lat="30.39709" lon="103.831304">
        <ele>439.0</ele>
        <time>2023-12-23T01:22:39Z</time>
        <extensions><gpxtpx:TrackPointExtension>
          <gpxtpx:hr>177</gpxtpx:hr>
        </gpxtpx:TrackPointExtension></extensions>
      </trkpt>
      <trkpt lat="30.397059" lon="103.831316">
        <ele>439.0</ele>
        <time>2023-12-23T01:22:40Z</time>
        <extensions><gpxtpx:TrackPointExtension>
          <gpxtpx:hr>177</gpxtpx:hr>
        </gpxtpx:TrackPointExtension></extensions>
      </trkpt>
      <trkpt lat="30.397028" lon="103.831328">
        <ele>439.0</ele>
        <time>2023-12-23T01:22:41Z</time>
        <extensions><gpxtpx:TrackPointExtension>
          <gpxtpx:hr>177</gpxtpx:hr>
        </gpxtpx:TrackPointExtension></extensions>
      </trkpt>
      <trkpt lat="30.396996" lon="103.831341">
        <ele>439.0</ele>
        <time>2023-12-23T01:22:42Z</time>
        <extensions><gpxtpx:TrackPointExtension>
          <gpxtpx:hr>177</gpxtpx:hr>
        </gpxtpx:TrackPointExtension></extensions>
      </trkpt>
      <trkpt lat="30.396964" lon="103.831354">
        <ele>439.0</ele>
        <time>2023-12-23T01:22:43Z</time>
        <extensions><gpxtpx:TrackPointExtension>
          <gpxtpx:hr>177</gpxtpx:hr>
        </gpxtpx:TrackPointExtension></extensions>
      </trkpt>
      <trkpt lat="30.396932" lon="103.831366">
        <ele>439.0</ele>
        <time>2023-12-23T01:22:44Z</time>
        <extensions><gpxtpx:TrackPointExtension>
          <gpxtpx:hr>177</gpxtpx:hr>
        </gpxtpx:TrackPointExtension></extensions>
      </trkpt>
      <trkpt lat="30.3969" lon="103.831378">
        <ele>439.0</ele>
        <time>2023-12-23T01:22:45Z</time>
        <extensions><gpxtpx:TrackPointExtension>
          <gpxtpx:hr>177</gpxtpx:hr>
        </gpxtpx:TrackPointExtension></extensions>
      </trkpt>
      <trkpt lat="30.396868" lon="103.831389">
        <ele>439.0</ele>
        <time>2023-12-23T01:22:46Z</time>
        <extensions><gpxtpx:TrackPointExtension>
          <gpxtpx:hr>177</gpxtpx:hr>
        </gpxtpx:TrackPointExtension></extensions>
      </trkpt>
      <trkpt lat="30.396836" lon="103.831401">
        <ele>439.0</ele>
        <time>2023-12-23T01:22:47Z</time>
        <extensions><gpxtpx:TrackPointExtension>
          <gpxtpx:hr>177</gpxtpx:hr>
        </gpxtpx:TrackPointExtension></extensions>
      </trkpt>
      <trkpt lat="30.396802" lon="103.831412">
        <ele>439.0</ele>
        <time>2023-12-23T01:22:48Z</time>
        <extensions><gpxtpx:TrackPointExtension>
          <gpxtpx:hr>177</gpxtpx:hr>
        </gpxtpx:TrackPointExtension></extensions>
      </trkpt>
      <trkpt lat="30.396768" lon="103.831423">
        <ele>439.0</ele>
        <time>2023-12-23T01:22:49Z</time>
        <extensions><gpxtpx:TrackPointExtension>
          <gpxtpx:hr>177</gpxtpx:hr>
        </gpxtpx:TrackPointExtension></extensions>
      </trkpt>
      <trkpt lat="30.396733" lon="103.831434">
        <ele>439.0</ele>
        <time>2023-12-23T01:22:50Z</time>
        <extensions><gpxtpx:TrackPointExtension>
          <gpxtpx:hr>177</gpxtpx:hr>
        </gpxtpx:TrackPointExtension></extensions>
      </trkpt>
      <trkpt lat="30.396699" lon="103.831444">
        <ele>439.0</ele>
        <time>2023-12-23T01:22:51Z</time>
        <extensions><gpxtpx:TrackPointExtension>
          <gpxtpx:hr>177</gpxtpx:hr>
        </gpxtpx:TrackPointExtension></extensions>
      </trkpt>
      <trkpt lat="30.396665" lon="103.831456">
        <ele>439.0</ele>
        <time>2023-12-23T01:22:52Z</time>
        <extensions><gpxtpx:TrackPointExtension>
          <gpxtpx:hr>177</gpxtpx:hr>
        </gpxtpx:TrackPointExtension></extensions>
      </trkpt>
      <trkpt lat="30.396631" lon="103.831467">
        <ele>439.0</ele>
        <time>2023-12-23T01:22:53Z</time>
        <extensions><gpxtpx:TrackPointExtension>
          <gpxtpx:hr>176</gpxtpx:hr>
        </gpxtpx:TrackPointExtension></extensions>
      </trkpt>
      <trkpt lat="30.396599" lon="103.831479">
        <ele>439.0</ele>
        <time>2023-12-23T01:22:54Z</time>
        <extensions><gpxtpx:TrackPointExtension>
          <gpxtpx:hr>176</gpxtpx:hr>
        </gpxtpx:TrackPointExtension></extensions>
      </trkpt>
      <trkpt lat="30.396567" lon="103.831491">
        <ele>439.0</ele>
        <time>2023-12-23T01:22:55Z</time>
        <extensions><gpxtpx:TrackPointExtension>
          <gpxtpx:hr>176</gpxtpx:hr>
        </gpxtpx:TrackPointExtension></extensions>
      </trkpt>
      <trkpt lat="30.396535" lon="103.831504">
        <ele>439.0</ele>
        <time>2023-12-23T01:22:56Z</time>
        <extensions><gpxtpx:TrackPointExtension>
          <gpxtpx:hr>176</gpxtpx:hr>
        </gpxtpx:TrackPointExtension></extensions>
      </trkpt>
      <trkpt lat="30.396504" lon="103.831517">
        <ele>439.0</ele>
        <time>2023-12-23T01:22:57Z</time>
        <extensions><gpxtpx:TrackPointExtension>
          <gpxtpx:hr>176</gpxtpx:hr>
        </gpxtpx:TrackPointExtension></extensions>
      </trkpt>
      <trkpt lat="30.396473" lon="103.831531">
        <ele>439.0</ele>
        <time>2023-12-23T01:22:58Z</time>
        <extensions><gpxtpx:TrackPointExtension>
          <gpxtpx:hr>176</gpxtpx:hr>
        </gpxtpx:TrackPointExtension></extensions>
      </trkpt>
      <trkpt lat="30.396442" lon="103.831544">
        <ele>439.0</ele>
        <time>2023-12-23T01:22:59Z</time>
        <extensions><gpxtpx:TrackPointExtension>
          <gpxtpx:hr>176</gpxtpx:hr>
        </gpxtpx:TrackPointExtension></extensions>
      </trkpt>
      <trkpt lat="30.39641" lon="103.831557">
        <ele>439.0</ele>
        <time>2023-12-23T01:23:00Z</time>
        <extensions><gpxtpx:TrackPointExtension>
          <gpxtpx:hr>176</gpxtpx:hr>
        </gpxtpx:TrackPointExtension></extensions>
      </trkpt>
      <trkpt lat="30.396378" lon="103.83157">
        <ele>439.0</ele>
        <time>2023-12-23T01:23:01Z</time>
        <extensions><gpxtpx:TrackPointExtension>
          <gpxtpx:hr>176</gpxtpx:hr>
        </gpxtpx:TrackPointExtension></extensions>
      </trkpt>
      <trkpt lat="30.396346" lon="103.831583">
        <ele>439.0</ele>
        <time>2023-12-23T01:23:02Z</time>
        <extensions><gpxtpx:TrackPointExtension>
          <gpxtpx:hr>176</gpxtpx:hr>
        </gpxtpx:TrackPointExtension></extensions>
      </trkpt>
      <trkpt lat="30.396314" lon="103.831597">
        <ele>439.0</ele>
        <time>2023-12-23T01:23:03Z</time>
        <extensions><gpxtpx:TrackPointExtension>
          <gpxtpx:hr>175</gpxtpx:hr>
        </gpxtpx:TrackPointExtension></extensions>
      </trkpt>
      <trkpt lat="30.396282" lon="103.831611">
        <ele>439.0</ele>
        <time>2023-12-23T01:23:04Z</time>
        <extensions><gpxtpx:TrackPointExtension>
          <gpxtpx:hr>175</gpxtpx:hr>
        </gpxtpx:TrackPointExtension></extensions>
      </trkpt>
      <trkpt lat="30.39625" lon="103.831625">
        <ele>439.0</ele>
        <time>2023-12-23T01:23:05Z</time>
        <extensions><gpxtpx:TrackPointExtension>
          <gpxtpx:hr>175</gpxtpx:hr>
        </gpxtpx:TrackPointExtension></extensions>
      </trkpt>
      <trkpt lat="30.396218" lon="103.83164">
        <ele>439.0</ele>
        <time>2023-12-23T01:23:06Z</time>
        <extensions><gpxtpx:TrackPointExtension>
          <gpxtpx:hr>175</gpxtpx:hr>
        </gpxtpx:TrackPointExtension></extensions>
      </trkpt>
      <trkpt lat="30.396186" lon="103.831654">
        <ele>439.0</ele>
        <time>2023-12-23T01:23:07Z</time>
        <extensions><gpxtpx:TrackPointExtension>
          <gpxtpx:hr>175</gpxtpx:hr>
        </gpxtpx:TrackPointExtension></extensions>
      </trkpt>
      <trkpt lat="30.396154" lon="103.831669">
        <ele>439.0</ele>
        <time>2023-12-23T01:23:08Z</time>
        <extensions><gpxtpx:TrackPointExtension>
          <gpxtpx:hr>176</gpxtpx:hr>
        </gpxtpx:TrackPointExtension></extensions>
      </trkpt>
      <trkpt lat="30.396122" lon="103.831683">
        <ele>439.0</ele>
        <time>2023-12-23T01:23:09Z</time>
        <extensions><gpxtpx:TrackPointExtension>
          <gpxtpx:hr>176</gpxtpx:hr>
        </gpxtpx:TrackPointExtension></extensions>
      </trkpt>
      <trkpt lat="30.39609" lon="103.831697">
        <ele>439.0</ele>
        <time>2023-12-23T01:23:10Z</time>
        <extensions><gpxtpx:TrackPointExtension>
          <gpxtpx:hr>176</gpxtpx:hr>
        </gpxtpx:TrackPointExtension></extensions>
      </trkpt>
      <trkpt lat="30.396058" lon="103.83171">
        <ele>439.0</ele>
        <time>2023-12-23T01:23:11Z</time>
        <extensions><gpxtpx:TrackPointExtension>
          <gpxtpx:hr>176</gpxtpx:hr>
        </gpxtpx:TrackPointExtension></extensions>
      </trkpt>
      <trkpt lat="30.396026" lon="103.831724">
        <ele>439.0</ele>
        <time>2023-12-23T01:23:12Z</time>
        <extensions><gpxtpx:TrackPointExtension>
          <gpxtpx:hr>176</gpxtpx:hr>
        </gpxtpx:TrackPointExtension></extensions>
      </trkpt>
      <trkpt lat="30.395994" lon="103.831738">
        <ele>439.0</ele>
        <time>2023-12-23T01:23:13Z</time>
        <extensions><gpxtpx:TrackPointExtension>
          <gpxtpx:hr>176</gpxtpx:hr>
        </gpxtpx:TrackPointExtension></extensions>
      </trkpt>
      <trkpt lat="30.395962" lon="103.831753">
        <ele>439.0</ele>
        <time>2023-12-23T01:23:14Z</time>
        <extensions><gpxtpx:TrackPointExtension>
          <gpxtpx:hr>176</gpxtpx:hr>
        </gpxtpx:TrackPointExtension></extensions>
      </trkpt>
      <trkpt lat="30.395931" lon="103.831768">
        <ele>439.0</ele>
        <time>2023-12-23T01:23:15Z</time>
        <extensions><gpxtpx:TrackPointExtension>
          <gpxtpx:hr>176</gpxtpx:hr>
        </gpxtpx:TrackPointExtension></extensions>
      </trkpt>
      <trkpt lat="30.395901" lon="103.831781">
        <ele>439.0</ele>
        <time>2023-12-23T01:23:16Z</time>
        <extensions><gpxtpx:TrackPointExtension>
          <gpxtpx:hr>176</gpxtpx:hr>
        </gpxtpx:TrackPointExtension></extensions>
      </trkpt>
      <trkpt lat="30.39587" lon="103.831794">
        <ele>439.0</ele>
        <time>2023-12-23T01:23:17Z</time>
        <extensions><gpxtpx:TrackPointExtension>
          <gpxtpx:hr>175</gpxtpx:hr>
        </gpxtpx:TrackPointExtension></extensions>
      </trkpt>
      <trkpt lat="30.39584" lon="103.831806">
        <ele>439.0</ele>
        <time>2023-12-23T01:23:18Z</time>
        <extensions><gpxtpx:TrackPointExtension>
          <gpxtpx:hr>175</gpxtpx:hr>
        </gpxtpx:TrackPointExtension></extensions>
      </trkpt>
      <trkpt lat="30.39581" lon="103.831817">
        <ele>439.0</ele>
        <time>2023-12-23T01:23:19Z</time>
        <extensions><gpxtpx:TrackPointExtension>
          <gpxtpx:hr>176</gpxtpx:hr>
        </gpxtpx:TrackPointExtension></extensions>
      </trkpt>
      <trkpt lat="30.39578" lon="103.831828">
        <ele>439.0</ele>
        <time>2023-12-23T01:23:20Z</time>
        <extensions><gpxtpx:TrackPointExtension>
          <gpxtpx:hr>176</gpxtpx:hr>
        </gpxtpx:TrackPointExtension></extensions>
      </trkpt>
      <trkpt lat="30.39575" lon="103.831838">
        <ele>439.0</ele>
        <time>2023-12-23T01:23:21Z</time>
        <extensions><gpxtpx:TrackPointExtension>
          <gpxtpx:hr>176</gpxtpx:hr>
        </gpxtpx:TrackPointExtension></extensions>
      </trkpt>
      <trkpt lat="30.39572" lon="103.831848">
        <ele>439.0</ele>
        <time>2023-12-23T01:23:22Z</time>
        <extensions><gpxtpx:TrackPointExtension>
          <gpxtpx:hr>176</gpxtpx:hr>
        </gpxtpx:TrackPointExtension></extensions>
      </trkpt>
      <trkpt lat="30.39569" lon="103.831859">
        <ele>439.0</ele>
        <time>2023-12-23T01:23:23Z</time>
        <extensions><gpxtpx:TrackPointExtension>
          <gpxtpx:hr>176</gpxtpx:hr>
        </gpxtpx:TrackPointExtension></extensions>
      </trkpt>
      <trkpt lat="30.395661" lon="103.83187">
        <ele>439.0</ele>
        <time>2023-12-23T01:23:24Z</time>
        <extensions><gpxtpx:TrackPointExtension>
          <gpxtpx:hr>176</gpxtpx:hr>
        </gpxtpx:TrackPointExtension></extensions>
      </trkpt>
      <trkpt lat="30.395632" lon="103.831882">
        <ele>439.0</ele>
        <time>2023-12-23T01:23:25Z</time>
        <extensions><gpxtpx:TrackPointExtension>
          <gpxtpx:hr>176</gpxtpx:hr>
        </gpxtpx:TrackPointExtension></extensions>
      </trkpt>
      <trkpt lat="30.395602" lon="103.831895">
        <ele>439.0</ele>
        <time>2023-12-23T01:23:26Z</time>
        <extensions><gpxtpx:TrackPointExtension>
          <gpxtpx:hr>176</gpxtpx:hr>
        </gpxtpx:TrackPointExtension></extensions>
      </trkpt>
      <trkpt lat="30.395573" lon="103.831908">
        <ele>439.0</ele>
        <time>2023-12-23T01:23:27Z</time>
        <extensions><gpxtpx:TrackPointExtension>
          <gpxtpx:hr>177</gpxtpx:hr>
        </gpxtpx:TrackPointExtension></extensions>
      </trkpt>
      <trkpt lat="30.395543" lon="103.831921">
        <ele>439.0</ele>
        <time>2023-12-23T01:23:28Z</time>
        <extensions><gpxtpx:TrackPointExtension>
          <gpxtpx:hr>177</gpxtpx:hr>
        </gpxtpx:TrackPointExtension></extensions>
      </trkpt>
      <trkpt lat="30.395512" lon="103.831933">
        <ele>439.0</ele>
        <time>2023-12-23T01:23:29Z</time>
        <extensions><gpxtpx:TrackPointExtension>
          <gpxtpx:hr>178</gpxtpx:hr>
        </gpxtpx:TrackPointExtension></extensions>
      </trkpt>
      <trkpt lat="30.395481" lon="103.831945">
        <ele>439.0</ele>
        <time>2023-12-23T01:23:30Z</time>
        <extensions><gpxtpx:TrackPointExtension>
          <gpxtpx:hr>178</gpxtpx:hr>
        </gpxtpx:TrackPointExtension></extensions>
      </trkpt>
      <trkpt lat="30.395449" lon="103.831957">
        <ele>439.0</ele>
        <time>2023-12-23T01:23:31Z</time>
        <extensions><gpxtpx:TrackPointExtension>
          <gpxtpx:hr>178</gpxtpx:hr>
        </gpxtpx:TrackPointExtension></extensions>
      </trkpt>
      <trkpt lat="30.395418" lon="103.831968">
        <ele>439.0</ele>
        <time>2023-12-23T01:23:32Z</time>
        <extensions><gpxtpx:TrackPointExtension>
          <gpxtpx:hr>178</gpxtpx:hr>
        </gpxtpx:TrackPointExtension></extensions>
      </trkpt>
      <trkpt lat="30.395386" lon="103.831979">
        <ele>439.0</ele>
        <time>2023-12-23T01:23:33Z</time>
        <extensions><gpxtpx:TrackPointExtension>
          <gpxtpx:hr>178</gpxtpx:hr>
        </gpxtpx:TrackPointExtension></extensions>
      </trkpt>
      <trkpt lat="30.395355" lon="103.83199">
        <ele>439.0</ele>
        <time>2023-12-23T01:23:34Z</time>
        <extensions><gpxtpx:TrackPointExtension>
          <gpxtpx:hr>178</gpxtpx:hr>
        </gpxtpx:TrackPointExtension></extensions>
      </trkpt>
      <trkpt lat="30.395323" lon="103.832002">
        <ele>439.0</ele>
        <time>2023-12-23T01:23:35Z</time>
        <extensions><gpxtpx:TrackPointExtension>
          <gpxtpx:hr>178</gpxtpx:hr>
        </gpxtpx:TrackPointExtension></extensions>
      </trkpt>
      <trkpt lat="30.395292" lon="103.832013">
        <ele>439.0</ele>
        <time>2023-12-23T01:23:36Z</time>
        <extensions><gpxtpx:TrackPointExtension>
          <gpxtpx:hr>178</gpxtpx:hr>
        </gpxtpx:TrackPointExtension></extensions>
      </trkpt>
      <trkpt lat="30.39526" lon="103.832024">
        <ele>439.0</ele>
        <time>2023-12-23T01:23:37Z</time>
        <extensions><gpxtpx:TrackPointExtension>
          <gpxtpx:hr>178</gpxtpx:hr>
        </gpxtpx:TrackPointExtension></extensions>
      </trkpt>
      <trkpt lat="30.395229" lon="103.832036">
        <ele>439.0</ele>
        <time>2023-12-23T01:23:38Z</time>
        <extensions><gpxtpx:TrackPointExtension>
          <gpxtpx:hr>178</gpxtpx:hr>
        </gpxtpx:TrackPointExtension></extensions>
      </trkpt>
      <trkpt lat="30.395197" lon="103.832047">
        <ele>439.0</ele>
        <time>2023-12-23T01:23:39Z</time>
        <extensions><gpxtpx:TrackPointExtension>
          <gpxtpx:hr>178</gpxtpx:hr>
        </gpxtpx:TrackPointExtension></extensions>
      </trkpt>
      <trkpt lat="30.395166" lon="103.832059">
        <ele>439.0</ele>
        <time>2023-12-23T01:23:40Z</time>
        <extensions><gpxtpx:TrackPointExtension>
          <gpxtpx:hr>178</gpxtpx:hr>
        </gpxtpx:TrackPointExtension></extensions>
      </trkpt>
      <trkpt lat="30.395135" lon="103.832072">
        <ele>439.0</ele>
        <time>2023-12-23T01:23:41Z</time>
        <extensions><gpxtpx:TrackPointExtension>
          <gpxtpx:hr>178</gpxtpx:hr>
        </gpxtpx:TrackPointExtension></extensions>
      </trkpt>
      <trkpt lat="30.395103" lon="103.832083">
        <ele>439.0</ele>
        <time>2023-12-23T01:23:42Z</time>
        <extensions><gpxtpx:TrackPointExtension>
          <gpxtpx:hr>178</gpxtpx:hr>
        </gpxtpx:TrackPointExtension></extensions>
      </trkpt>
      <trkpt lat="30.395072" lon="103.832095">
        <ele>439.0</ele>
        <time>2023-12-23T01:23:43Z</time>
        <extensions><gpxtpx:TrackPointExtension>
          <gpxtpx:hr>178</gpxtpx:hr>
        </gpxtpx:TrackPointExtension></extensions>
      </trkpt>
      <trkpt lat="30.39504" lon="103.832107">
        <ele>439.0</ele>
        <time>2023-12-23T01:23:44Z</time>
        <extensions><gpxtpx:TrackPointExtension>
          <gpxtpx:hr>177</gpxtpx:hr>
        </gpxtpx:TrackPointExtension></extensions>
      </trkpt>
      <trkpt lat="30.395008" lon="103.832118">
        <ele>439.0</ele>
        <time>2023-12-23T01:23:45Z</time>
        <extensions><gpxtpx:TrackPointExtension>
          <gpxtpx:hr>177</gpxtpx:hr>
        </gpxtpx:TrackPointExtension></extensions>
      </trkpt>
      <trkpt lat="30.394976" lon="103.83213">
        <ele>439.0</ele>
        <time>2023-12-23T01:23:46Z</time>
        <extensions><gpxtpx:TrackPointExtension>
          <gpxtpx:hr>176</gpxtpx:hr>
        </gpxtpx:TrackPointExtension></extensions>
      </trkpt>
      <trkpt lat="30.394945" lon="103.832142">
        <ele>439.0</ele>
        <time>2023-12-23T01:23:47Z</time>
        <extensions><gpxtpx:TrackPointExtension>
          <gpxtpx:hr>176</gpxtpx:hr>
        </gpxtpx:TrackPointExtension></extensions>
      </trkpt>
      <trkpt lat="30.394913" lon="103.832155">
        <ele>439.0</ele>
        <time>2023-12-23T01:23:48Z</time>
        <extensions><gpxtpx:TrackPointExtension>
          <gpxtpx:hr>177</gpxtpx:hr>
        </gpxtpx:TrackPointExtension></extensions>
      </trkpt>
      <trkpt lat="30.394882" lon="103.832168">
        <ele>439.0</ele>
        <time>2023-12-23T01:23:49Z</time>
        <extensions><gpxtpx:TrackPointExtension>
          <gpxtpx:hr>177</gpxtpx:hr>
        </gpxtpx:TrackPointExtension></extensions>
      </trkpt>
      <trkpt lat="30.394851" lon="103.832181">
        <ele>439.0</ele>
        <time>2023-12-23T01:23:50Z</time>
        <extensions><gpxtpx:TrackPointExtension>
          <gpxtpx:hr>177</gpxtpx:hr>
        </gpxtpx:TrackPointExtension></extensions>
      </trkpt>
      <trkpt lat="30.39482" lon="103.832195">
        <ele>439.0</ele>
        <time>2023-12-23T01:23:51Z</time>
        <extensions><gpxtpx:TrackPointExtension>
          <gpxtpx:hr>177</gpxtpx:hr>
        </gpxtpx:TrackPointExtension></extensions>
      </trkpt>
      <trkpt lat="30.394789" lon="103.832207">
        <ele>439.0</ele>
        <time>2023-12-23T01:23:52Z</time>
        <extensions><gpxtpx:TrackPointExtension>
          <gpxtpx:hr>177</gpxtpx:hr>
        </gpxtpx:TrackPointExtension></extensions>
      </trkpt>
      <trkpt lat="30.394759" lon="103.83222">
        <ele>439.0</ele>
        <time>2023-12-23T01:23:53Z</time>
        <extensions><gpxtpx:TrackPointExtension>
          <gpxtpx:hr>177</gpxtpx:hr>
        </gpxtpx:TrackPointExtension></extensions>
      </trkpt>
      <trkpt lat="30.394729" lon="103.832233">
        <ele>439.0</ele>
        <time>2023-12-23T01:23:54Z</time>
        <extensions><gpxtpx:TrackPointExtension>
          <gpxtpx:hr>177</gpxtpx:hr>
        </gpxtpx:TrackPointExtension></extensions>
      </trkpt>
      <trkpt lat="30.394698" lon="103.832245">
        <ele>439.0</ele>
        <time>2023-12-23T01:23:55Z</time>
        <extensions><gpxtpx:TrackPointExtension>
          <gpxtpx:hr>177</gpxtpx:hr>
        </gpxtpx:TrackPointExtension></extensions>
      </trkpt>
      <trkpt lat="30.394668" lon="103.832257">
        <ele>439.0</ele>
        <time>2023-12-23T01:23:56Z</time>
        <extensions><gpxtpx:TrackPointExtension>
          <gpxtpx:hr>177</gpxtpx:hr>
        </gpxtpx:TrackPointExtension></extensions>
      </trkpt>
      <trkpt lat="30.394637" lon="103.832269">
        <ele>439.0</ele>
        <time>2023-12-23T01:23:57Z</time>
        <extensions><gpxtpx:TrackPointExtension>
          <gpxtpx:hr>177</gpxtpx:hr>
        </gpxtpx:TrackPointExtension></extensions>
      </trkpt>
      <trkpt lat="30.394607" lon="103.83228">
        <ele>439.0</ele>
        <time>2023-12-23T01:23:58Z</time>
        <extensions><gpxtpx:TrackPointExtension>
          <gpxtpx:hr>177</gpxtpx:hr>
        </gpxtpx:TrackPointExtension></extensions>
      </trkpt>
      <trkpt lat="30.394577" lon="103.832291">
        <ele>439.0</ele>
        <time>2023-12-23T01:23:59Z</time>
        <extensions><gpxtpx:TrackPointExtension>
          <gpxtpx:hr>176</gpxtpx:hr>
        </gpxtpx:TrackPointExtension></extensions>
      </trkpt>
      <trkpt lat="30.394546" lon="103.832303">
        <ele>439.0</ele>
        <time>2023-12-23T01:24:00Z</time>
        <extensions><gpxtpx:TrackPointExtension>
          <gpxtpx:hr>176</gpxtpx:hr>
        </gpxtpx:TrackPointExtension></extensions>
      </trkpt>
      <trkpt lat="30.394516" lon="103.832315">
        <ele>439.0</ele>
        <time>2023-12-23T01:24:01Z</time>
        <extensions><gpxtpx:TrackPointExtension>
          <gpxtpx:hr>176</gpxtpx:hr>
        </gpxtpx:TrackPointExtension></extensions>
      </trkpt>
      <trkpt lat="30.394485" lon="103.832328">
        <ele>439.0</ele>
        <time>2023-12-23T01:24:02Z</time>
        <extensions><gpxtpx:TrackPointExtension>
          <gpxtpx:hr>176</gpxtpx:hr>
        </gpxtpx:TrackPointExtension></extensions>
      </trkpt>
      <trkpt lat="30.394455" lon="103.832341">
        <ele>439.0</ele>
        <time>2023-12-23T01:24:03Z</time>
        <extensions><gpxtpx:TrackPointExtension>
          <gpxtpx:hr>177</gpxtpx:hr>
        </gpxtpx:TrackPointExtension></extensions>
      </trkpt>
      <trkpt lat="30.394425" lon="103.832354">
        <ele>439.0</ele>
        <time>2023-12-23T01:24:04Z</time>
        <extensions><gpxtpx:TrackPointExtension>
          <gpxtpx:hr>177</gpxtpx:hr>
        </gpxtpx:TrackPointExtension></extensions>
      </trkpt>
      <trkpt lat="30.394395" lon="103.832368">
        <ele>439.0</ele>
        <time>2023-12-23T01:24:05Z</time>
        <extensions><gpxtpx:TrackPointExtension>
          <gpxtpx:hr>177</gpxtpx:hr>
        </gpxtpx:TrackPointExtension></extensions>
      </trkpt>
      <trkpt lat="30.394365" lon="103.832381">
        <ele>439.0</ele>
        <time>2023-12-23T01:24:06Z</time>
        <extensions><gpxtpx:TrackPointExtension>
          <gpxtpx:hr>176</gpxtpx:hr>
        </gpxtpx:TrackPointExtension></extensions>
      </trkpt>
      <trkpt lat="30.394335" lon="103.832394">
        <ele>439.0</ele>
        <time>2023-12-23T01:24:07Z</time>
        <extensions><gpxtpx:TrackPointExtension>
          <gpxtpx:hr>177</gpxtpx:hr>
        </gpxtpx:TrackPointExtension></extensions>
      </trkpt>
      <trkpt lat="30.394306" lon="103.832407">
        <ele>439.0</ele>
        <time>2023-12-23T01:24:08Z</time>
        <extensions><gpxtpx:TrackPointExtension>
          <gpxtpx:hr>177</gpxtpx:hr>
        </gpxtpx:TrackPointExtension></extensions>
      </trkpt>
      <trkpt lat="30.394276" lon="103.83242">
        <ele>439.0</ele>
        <time>2023-12-23T01:24:09Z</time>
        <extensions><gpxtpx:TrackPointExtension>
          <gpxtpx:hr>176</gpxtpx:hr>
        </gpxtpx:TrackPointExtension></extensions>
      </trkpt>
      <trkpt lat="30.394246" lon="103.832432">
        <ele>439.0</ele>
        <time>2023-12-23T01:24:10Z</time>
        <extensions><gpxtpx:TrackPointExtension>
          <gpxtpx:hr>176</gpxtpx:hr>
        </gpxtpx:TrackPointExtension></extensions>
      </trkpt>
      <trkpt lat="30.394216" lon="103.832443">
        <ele>439.0</ele>
        <time>2023-12-23T01:24:11Z</time>
        <extensions><gpxtpx:TrackPointExtension>
          <gpxtpx:hr>175</gpxtpx:hr>
        </gpxtpx:TrackPointExtension></extensions>
      </trkpt>
      <trkpt lat="30.394186" lon="103.832454">
        <ele>439.0</ele>
        <time>2023-12-23T01:24:12Z</time>
        <extensions><gpxtpx:TrackPointExtension>
          <gpxtpx:hr>174</gpxtpx:hr>
        </gpxtpx:TrackPointExtension></extensions>
      </trkpt>
      <trkpt lat="30.394155" lon="103.832464">
        <ele>439.0</ele>
        <time>2023-12-23T01:24:13Z</time>
        <extensions><gpxtpx:TrackPointExtension>
          <gpxtpx:hr>174</gpxtpx:hr>
        </gpxtpx:TrackPointExtension></extensions>
      </trkpt>
      <trkpt lat="30.394125" lon="103.832475">
        <ele>439.0</ele>
        <time>2023-12-23T01:24:14Z</time>
        <extensions><gpxtpx:TrackPointExtension>
          <gpxtpx:hr>174</gpxtpx:hr>
        </gpxtpx:TrackPointExtension></extensions>
      </trkpt>
      <trkpt lat="30.394095" lon="103.832487">
        <ele>439.0</ele>
        <time>2023-12-23T01:24:15Z</time>
        <extensions><gpxtpx:TrackPointExtension>
          <gpxtpx:hr>174</gpxtpx:hr>
        </gpxtpx:TrackPointExtension></extensions>
      </trkpt>
      <trkpt lat="30.394064" lon="103.832499">
        <ele>439.0</ele>
        <time>2023-12-23T01:24:16Z</time>
        <extensions><gpxtpx:TrackPointExtension>
          <gpxtpx:hr>174</gpxtpx:hr>
        </gpxtpx:TrackPointExtension></extensions>
      </trkpt>
      <trkpt lat="30.394034" lon="103.832511">
        <ele>439.0</ele>
        <time>2023-12-23T01:24:17Z</time>
        <extensions><gpxtpx:TrackPointExtension>
          <gpxtpx:hr>174</gpxtpx:hr>
        </gpxtpx:TrackPointExtension></extensions>
      </trkpt>
      <trkpt lat="30.394002" lon="103.832524">
        <ele>439.0</ele>
        <time>2023-12-23T01:24:18Z</time>
        <extensions><gpxtpx:TrackPointExtension>
          <gpxtpx:hr>174</gpxtpx:hr>
        </gpxtpx:TrackPointExtension></extensions>
      </trkpt>
      <trkpt lat="30.393971" lon="103.832537">
        <ele>439.0</ele>
        <time>2023-12-23T01:24:19Z</time>
        <extensions><gpxtpx:TrackPointExtension>
          <gpxtpx:hr>174</gpxtpx:hr>
        </gpxtpx:TrackPointExtension></extensions>
      </trkpt>
      <trkpt lat="30.393939" lon="103.83255">
        <ele>439.0</ele>
        <time>2023-12-23T01:24:20Z</time>
        <extensions><gpxtpx:TrackPointExtension>
          <gpxtpx:hr>174</gpxtpx:hr>
        </gpxtpx:TrackPointExtension></extensions>
      </trkpt>
      <trkpt lat="30.393908" lon="103.832562">
        <ele>439.0</ele>
        <time>2023-12-23T01:24:21Z</time>
        <extensions><gpxtpx:TrackPointExtension>
          <gpxtpx:hr>174</gpxtpx:hr>
        </gpxtpx:TrackPointExtension></extensions>
      </trkpt>
      <trkpt lat="30.393877" lon="103.832575">
        <ele>439.0</ele>
        <time>2023-12-23T01:24:22Z</time>
        <extensions><gpxtpx:TrackPointExtension>
          <gpxtpx:hr>174</gpxtpx:hr>
        </gpxtpx:TrackPointExtension></extensions>
      </trkpt>
      <trkpt lat="30.393846" lon="103.832587">
        <ele>439.0</ele>
        <time>2023-12-23T01:24:23Z</time>
        <extensions><gpxtpx:TrackPointExtension>
          <gpxtpx:hr>174</gpxtpx:hr>
        </gpxtpx:TrackPointExtension></extensions>
      </trkpt>
      <trkpt lat="30.393816" lon="103.8326">
        <ele>439.0</ele>
        <time>2023-12-23T01:24:24Z</time>
        <extensions><gpxtpx:TrackPointExtension>
          <gpxtpx:hr>174</gpxtpx:hr>
        </gpxtpx:TrackPointExtension></extensions>
      </trkpt>
      <trkpt lat="30.393785" lon="103.832613">
        <ele>439.0</ele>
        <time>2023-12-23T01:24:25Z</time>
        <extensions><gpxtpx:TrackPointExtension>
          <gpxtpx:hr>174</gpxtpx:hr>
        </gpxtpx:TrackPointExtension></extensions>
      </trkpt>
      <trkpt lat="30.393755" lon="103.832626">
        <ele>439.0</ele>
        <time>2023-12-23T01:24:26Z</time>
        <extensions><gpxtpx:TrackPointExtension>
          <gpxtpx:hr>174</gpxtpx:hr>
        </gpxtpx:TrackPointExtension></extensions>
      </trkpt>
      <trkpt lat="30.393726" lon="103.832639">
        <ele>439.0</ele>
        <time>2023-12-23T01:24:27Z</time>
        <extensions><gpxtpx:TrackPointExtension>
          <gpxtpx:hr>174</gpxtpx:hr>
        </gpxtpx:TrackPointExtension></extensions>
      </trkpt>
      <trkpt lat="30.393696" lon="103.832651">
        <ele>439.0</ele>
        <time>2023-12-23T01:24:28Z</time>
        <extensions><gpxtpx:TrackPointExtension>
          <gpxtpx:hr>175</gpxtpx:hr>
        </gpxtpx:TrackPointExtension></extensions>
      </trkpt>
      <trkpt lat="30.393667" lon="103.832664">
        <ele>439.0</ele>
        <time>2023-12-23T01:24:29Z</time>
        <extensions><gpxtpx:TrackPointExtension>
          <gpxtpx:hr>175</gpxtpx:hr>
        </gpxtpx:TrackPointExtension></extensions>
      </trkpt>
      <trkpt lat="30.393636" lon="103.832677">
        <ele>439.0</ele>
        <time>2023-12-23T01:24:30Z</time>
        <extensions><gpxtpx:TrackPointExtension>
          <gpxtpx:hr>174</gpxtpx:hr>
        </gpxtpx:TrackPointExtension></extensions>
      </trkpt>
      <trkpt lat="30.393606" lon="103.83269">
        <ele>439.0</ele>
        <time>2023-12-23T01:24:31Z</time>
        <extensions><gpxtpx:TrackPointExtension>
          <gpxtpx:hr>175</gpxtpx:hr>
        </gpxtpx:TrackPointExtension></extensions>
      </trkpt>
      <trkpt lat="30.393574" lon="103.832703">
        <ele>439.0</ele>
        <time>2023-12-23T01:24:32Z</time>
        <extensions><gpxtpx:TrackPointExtension>
          <gpxtpx:hr>175</gpxtpx:hr>
        </gpxtpx:TrackPointExtension></extensions>
      </trkpt>
      <trkpt lat="30.393543" lon="103.832716">
        <ele>439.0</ele>
        <time>2023-12-23T01:24:33Z</time>
        <extensions><gpxtpx:TrackPointExtension>
          <gpxtpx:hr>175</gpxtpx:hr>
        </gpxtpx:TrackPointExtension></extensions>
      </trkpt>
      <trkpt lat="30.393512" lon="103.83273">
        <ele>439.0</ele>
        <time>2023-12-23T01:24:34Z</time>
        <extensions><gpxtpx:TrackPointExtension>
          <gpxtpx:hr>175</gpxtpx:hr>
        </gpxtpx:TrackPointExtension></extensions>
      </trkpt>
      <trkpt lat="30.393481" lon="103.832743">
        <ele>439.0</ele>
        <time>2023-12-23T01:24:35Z</time>
        <extensions><gpxtpx:TrackPointExtension>
          <gpxtpx:hr>175</gpxtpx:hr>
        </gpxtpx:TrackPointExtension></extensions>
      </trkpt>
      <trkpt lat="30.393449" lon="103.832756">
        <ele>439.0</ele>
        <time>2023-12-23T01:24:36Z</time>
        <extensions><gpxtpx:TrackPointExtension>
          <gpxtpx:hr>175</gpxtpx:hr>
        </gpxtpx:TrackPointExtension></extensions>
      </trkpt>
      <trkpt lat="30.393418" lon="103.83277">
        <ele>439.0</ele>
        <time>2023-12-23T01:24:37Z</time>
        <extensions><gpxtpx:TrackPointExtension>
          <gpxtpx:hr>175</gpxtpx:hr>
        </gpxtpx:TrackPointExtension></extensions>
      </trkpt>
      <trkpt lat="30.393386" lon="103.832782">
        <ele>439.0</ele>
        <time>2023-12-23T01:24:38Z</time>
        <extensions><gpxtpx:TrackPointExtension>
          <gpxtpx:hr>175</gpxtpx:hr>
        </gpxtpx:TrackPointExtension></extensions>
      </trkpt>
      <trkpt lat="30.393355" lon="103.832794">
        <ele>439.0</ele>
        <time>2023-12-23T01:24:39Z</time>
        <extensions><gpxtpx:TrackPointExtension>
          <gpxtpx:hr>174</gpxtpx:hr>
        </gpxtpx:TrackPointExtension></extensions>
      </trkpt>
      <trkpt lat="30.393324" lon="103.832805">
        <ele>439.0</ele>
        <time>2023-12-23T01:24:40Z</time>
        <extensions><gpxtpx:TrackPointExtension>
          <gpxtpx:hr>174</gpxtpx:hr>
        </gpxtpx:TrackPointExtension></extensions>
      </trkpt>
      <trkpt lat="30.393293" lon="103.832815">
        <ele>439.0</ele>
        <time>2023-12-23T01:24:41Z</time>
        <extensions><gpxtpx:TrackPointExtension>
          <gpxtpx:hr>174</gpxtpx:hr>
        </gpxtpx:TrackPointExtension></extensions>
      </trkpt>
      <trkpt lat="30.393263" lon="103.832826">
        <ele>439.0</ele>
        <time>2023-12-23T01:24:42Z</time>
        <extensions><gpxtpx:TrackPointExtension>
          <gpxtpx:hr>174</gpxtpx:hr>
        </gpxtpx:TrackPointExtension></extensions>
      </trkpt>
      <trkpt lat="30.393232" lon="103.832836">
        <ele>439.0</ele>
        <time>2023-12-23T01:24:43Z</time>
        <extensions><gpxtpx:TrackPointExtension>
          <gpxtpx:hr>174</gpxtpx:hr>
        </gpxtpx:TrackPointExtension></extensions>
      </trkpt>
      <trkpt lat="30.393201" lon="103.832848">
        <ele>439.0</ele>
        <time>2023-12-23T01:24:44Z</time>
        <extensions><gpxtpx:TrackPointExtension>
          <gpxtpx:hr>174</gpxtpx:hr>
        </gpxtpx:TrackPointExtension></extensions>
      </trkpt>
      <trkpt lat="30.393171" lon="103.832859">
        <ele>439.0</ele>
        <time>2023-12-23T01:24:45Z</time>
        <extensions><gpxtpx:TrackPointExtension>
          <gpxtpx:hr>173</gpxtpx:hr>
        </gpxtpx:TrackPointExtension></extensions>
      </trkpt>
      <trkpt lat="30.393141" lon="103.83287">
        <ele>439.0</ele>
        <time>2023-12-23T01:24:46Z</time>
        <extensions><gpxtpx:TrackPointExtension>
          <gpxtpx:hr>173</gpxtpx:hr>
        </gpxtpx:TrackPointExtension></extensions>
      </trkpt>
      <trkpt lat="30.393111" lon="103.832881">
        <ele>439.0</ele>
        <time>2023-12-23T01:24:47Z</time>
        <extensions><gpxtpx:TrackPointExtension>
          <gpxtpx:hr>173</gpxtpx:hr>
        </gpxtpx:TrackPointExtension></extensions>
      </trkpt>
      <trkpt lat="30.393082" lon="103.832892">
        <ele>439.0</ele>
        <time>2023-12-23T01:24:48Z</time>
        <extensions><gpxtpx:TrackPointExtension>
          <gpxtpx:hr>173</gpxtpx:hr>
        </gpxtpx:TrackPointExtension></extensions>
      </trkpt>
      <trkpt lat="30.393053" lon="103.832902">
        <ele>439.0</ele>
        <time>2023-12-23T01:24:49Z</time>
        <extensions><gpxtpx:TrackPointExtension>
          <gpxtpx:hr>173</gpxtpx:hr>
        </gpxtpx:TrackPointExtension></extensions>
      </trkpt>
      <trkpt lat="30.393024" lon="103.832912">
        <ele>439.0</ele>
        <time>2023-12-23T01:24:50Z</time>
        <extensions><gpxtpx:TrackPointExtension>
          <gpxtpx:hr>172</gpxtpx:hr>
        </gpxtpx:TrackPointExtension></extensions>
      </trkpt>
      <trkpt lat="30.392995" lon="103.832923">
        <ele>439.0</ele>
        <time>2023-12-23T01:24:51Z</time>
        <extensions><gpxtpx:TrackPointExtension>
          <gpxtpx:hr>173</gpxtpx:hr>
        </gpxtpx:TrackPointExtension></extensions>
      </trkpt>
      <trkpt lat="30.392965" lon="103.832935">
        <ele>439.0</ele>
        <time>2023-12-23T01:24:52Z</time>
        <extensions><gpxtpx:TrackPointExtension>
          <gpxtpx:hr>173</gpxtpx:hr>
        </gpxtpx:TrackPointExtension></extensions>
      </trkpt>
      <trkpt lat="30.392935" lon="103.832946">
        <ele>439.0</ele>
        <time>2023-12-23T01:24:53Z</time>
        <extensions><gpxtpx:TrackPointExtension>
          <gpxtpx:hr>173</gpxtpx:hr>
        </gpxtpx:TrackPointExtension></extensions>
      </trkpt>
      <trkpt lat="30.392905" lon="103.832959">
        <ele>439.0</ele>
        <time>2023-12-23T01:24:54Z</time>
        <extensions><gpxtpx:TrackPointExtension>
          <gpxtpx:hr>173</gpxtpx:hr>
        </gpxtpx:TrackPointExtension></extensions>
      </trkpt>
      <trkpt lat="30.392875" lon="103.832971">
        <ele>439.0</ele>
        <time>2023-12-23T01:24:55Z</time>
        <extensions><gpxtpx:TrackPointExtension>
          <gpxtpx:hr>173</gpxtpx:hr>
        </gpxtpx:TrackPointExtension></extensions>
      </trkpt>
      <trkpt lat="30.392845" lon="103.832985">
        <ele>439.0</ele>
        <time>2023-12-23T01:24:56Z</time>
        <extensions><gpxtpx:TrackPointExtension>
          <gpxtpx:hr>173</gpxtpx:hr>
        </gpxtpx:TrackPointExtension></extensions>
      </trkpt>
      <trkpt lat="30.392814" lon="103.832999">
        <ele>439.0</ele>
        <time>2023-12-23T01:24:57Z</time>
        <extensions><gpxtpx:TrackPointExtension>
          <gpxtpx:hr>173</gpxtpx:hr>
        </gpxtpx:TrackPointExtension></extensions>
      </trkpt>
      <trkpt lat="30.392783" lon="103.833014">
        <ele>439.0</ele>
        <time>2023-12-23T01:24:58Z</time>
        <extensions><gpxtpx:TrackPointExtension>
          <gpxtpx:hr>173</gpxtpx:hr>
        </gpxtpx:TrackPointExtension></extensions>
      </trkpt>
      <trkpt lat="30.392752" lon="103.833029">
        <ele>439.0</ele>
        <time>2023-12-23T01:24:59Z</time>
        <extensions><gpxtpx:TrackPointExtension>
          <gpxtpx:hr>173</gpxtpx:hr>
        </gpxtpx:TrackPointExtension></extensions>
      </trkpt>
      <trkpt lat="30.392721" lon="103.833042">
        <ele>439.0</ele>
        <time>2023-12-23T01:25:00Z</time>
        <extensions><gpxtpx:TrackPointExtension>
          <gpxtpx:hr>173</gpxtpx:hr>
        </gpxtpx:TrackPointExtension></extensions>
      </trkpt>
      <trkpt lat="30.39269" lon="103.833055">
        <ele>439.0</ele>
        <time>2023-12-23T01:25:01Z</time>
        <extensions><gpxtpx:TrackPointExtension>
          <gpxtpx:hr>173</gpxtpx:hr>
        </gpxtpx:TrackPointExtension></extensions>
      </trkpt>
      <trkpt lat="30.392658" lon="103.833066">
        <ele>439.0</ele>
        <time>2023-12-23T01:25:02Z</time>
        <extensions><gpxtpx:TrackPointExtension>
          <gpxtpx:hr>173</gpxtpx:hr>
        </gpxtpx:TrackPointExtension></extensions>
      </trkpt>
      <trkpt lat="30.392627" lon="103.833078">
        <ele>439.0</ele>
        <time>2023-12-23T01:25:03Z</time>
        <extensions><gpxtpx:TrackPointExtension>
          <gpxtpx:hr>173</gpxtpx:hr>
        </gpxtpx:TrackPointExtension></extensions>
      </trkpt>
      <trkpt lat="30.392594" lon="103.83309">
        <ele>439.0</ele>
        <time>2023-12-23T01:25:04Z</time>
        <extensions><gpxtpx:TrackPointExtension>
          <gpxtpx:hr>173</gpxtpx:hr>
        </gpxtpx:TrackPointExtension></extensions>
      </trkpt>
      <trkpt lat="30.392563" lon="103.833102">
        <ele>439.0</ele>
        <time>2023-12-23T01:25:05Z</time>
        <extensions><gpxtpx:TrackPointExtension>
          <gpxtpx:hr>173</gpxtpx:hr>
        </gpxtpx:TrackPointExtension></extensions>
      </trkpt>
      <trkpt lat="30.392531" lon="103.833114">
        <ele>439.0</ele>
        <time>2023-12-23T01:25:06Z</time>
        <extensions><gpxtpx:TrackPointExtension>
          <gpxtpx:hr>173</gpxtpx:hr>
        </gpxtpx:TrackPointExtension></extensions>
      </trkpt>
      <trkpt lat="30.392499" lon="103.833126">
        <ele>439.0</ele>
        <time>2023-12-23T01:25:07Z</time>
        <extensions><gpxtpx:TrackPointExtension>
          <gpxtpx:hr>173</gpxtpx:hr>
        </gpxtpx:TrackPointExtension></extensions>
      </trkpt>
      <trkpt lat="30.392468" lon="103.833137">
        <ele>439.0</ele>
        <time>2023-12-23T01:25:08Z</time>
        <extensions><gpxtpx:TrackPointExtension>
          <gpxtpx:hr>173</gpxtpx:hr>
        </gpxtpx:TrackPointExtension></extensions>
      </trkpt>
      <trkpt lat="30.392437" lon="103.833148">
        <ele>439.0</ele>
        <time>2023-12-23T01:25:09Z</time>
        <extensions><gpxtpx:TrackPointExtension>
          <gpxtpx:hr>173</gpxtpx:hr>
        </gpxtpx:TrackPointExtension></extensions>
      </trkpt>
      <trkpt lat="30.392406" lon="103.833159">
        <ele>439.0</ele>
        <time>2023-12-23T01:25:10Z</time>
        <extensions><gpxtpx:TrackPointExtension>
          <gpxtpx:hr>173</gpxtpx:hr>
        </gpxtpx:TrackPointExtension></extensions>
      </trkpt>
      <trkpt lat="30.392375" lon="103.833169">
        <ele>439.0</ele>
        <time>2023-12-23T01:25:11Z</time>
        <extensions><gpxtpx:TrackPointExtension>
          <gpxtpx:hr>173</gpxtpx:hr>
        </gpxtpx:TrackPointExtension></extensions>
      </trkpt>
      <trkpt lat="30.392345" lon="103.833182">
        <ele>439.0</ele>
        <time>2023-12-23T01:25:12Z</time>
        <extensions><gpxtpx:TrackPointExtension>
          <gpxtpx:hr>173</gpxtpx:hr>
        </gpxtpx:TrackPointExtension></extensions>
      </trkpt>
      <trkpt lat="30.392315" lon="103.833194">
        <ele>439.0</ele>
        <time>2023-12-23T01:25:13Z</time>
        <extensions><gpxtpx:TrackPointExtension>
          <gpxtpx:hr>173</gpxtpx:hr>
        </gpxtpx:TrackPointExtension></extensions>
      </trkpt>
      <trkpt lat="30.392285" lon="103.833207">
        <ele>439.0</ele>
        <time>2023-12-23T01:25:14Z</time>
        <extensions><gpxtpx:TrackPointExtension>
          <gpxtpx:hr>174</gpxtpx:hr>
        </gpxtpx:TrackPointExtension></extensions>
      </trkpt>
      <trkpt lat="30.392255" lon="103.833221">
        <ele>439.0</ele>
        <time>2023-12-23T01:25:15Z</time>
        <extensions><gpxtpx:TrackPointExtension>
          <gpxtpx:hr>174</gpxtpx:hr>
        </gpxtpx:TrackPointExtension></extensions>
      </trkpt>
      <trkpt lat="30.392225" lon="103.833234">
        <ele>439.0</ele>
        <time>2023-12-23T01:25:16Z</time>
        <extensions><gpxtpx:TrackPointExtension>
          <gpxtpx:hr>174</gpxtpx:hr>
        </gpxtpx:TrackPointExtension></extensions>
      </trkpt>
      <trkpt lat="30.392194" lon="103.833247">
        <ele>439.0</ele>
        <time>2023-12-23T01:25:17Z</time>
        <extensions><gpxtpx:TrackPointExtension>
          <gpxtpx:hr>174</gpxtpx:hr>
        </gpxtpx:TrackPointExtension></extensions>
      </trkpt>
      <trkpt lat="30.392163" lon="103.83326">
        <ele>439.0</ele>
        <time>2023-12-23T01:25:18Z</time>
        <extensions><gpxtpx:TrackPointExtension>
          <gpxtpx:hr>174</gpxtpx:hr>
        </gpxtpx:TrackPointExtension></extensions>
      </trkpt>
      <trkpt lat="30.392131" lon="103.833273">
        <ele>439.0</ele>
        <time>2023-12-23T01:25:19Z</time>
        <extensions><gpxtpx:TrackPointExtension>
          <gpxtpx:hr>174</gpxtpx:hr>
        </gpxtpx:TrackPointExtension></extensions>
      </trkpt>
      <trkpt lat="30.392098" lon="103.833286">
        <ele>439.0</ele>
        <time>2023-12-23T01:25:20Z</time>
        <extensions><gpxtpx:TrackPointExtension>
          <gpxtpx:hr>174</gpxtpx:hr>
        </gpxtpx:TrackPointExtension></extensions>
      </trkpt>
      <trkpt lat="30.392064" lon="103.8333">
        <ele>439.0</ele>
        <time>2023-12-23T01:25:21Z</time>
        <extensions><gpxtpx:TrackPointExtension>
          <gpxtpx:hr>174</gpxtpx:hr>
        </gpxtpx:TrackPointExtension></extensions>
      </trkpt>
      <trkpt lat="30.392029" lon="103.833314">
        <ele>439.0</ele>
        <time>2023-12-23T01:25:22Z</time>
        <extensions><gpxtpx:TrackPointExtension>
          <gpxtpx:hr>173</gpxtpx:hr>
        </gpxtpx:TrackPointExtension></extensions>
      </trkpt>
      <trkpt lat="30.391995" lon="103.833329">
        <ele>439.0</ele>
        <time>2023-12-23T01:25:23Z</time>
        <extensions><gpxtpx:TrackPointExtension>
          <gpxtpx:hr>173</gpxtpx:hr>
        </gpxtpx:TrackPointExtension></extensions>
      </trkpt>
      <trkpt lat="30.391961" lon="103.833343">
        <ele>439.0</ele>
        <time>2023-12-23T01:25:24Z</time>
        <extensions><gpxtpx:TrackPointExtension>
          <gpxtpx:hr>173</gpxtpx:hr>
        </gpxtpx:TrackPointExtension></extensions>
      </trkpt>
      <trkpt lat="30.391927" lon="103.833358">
        <ele>439.0</ele>
        <time>2023-12-23T01:25:25Z</time>
        <extensions><gpxtpx:TrackPointExtension>
          <gpxtpx:hr>173</gpxtpx:hr>
        </gpxtpx:TrackPointExtension></extensions>
      </trkpt>
      <trkpt lat="30.391894" lon="103.833372">
        <ele>439.0</ele>
        <time>2023-12-23T01:25:26Z</time>
        <extensions><gpxtpx:TrackPointExtension>
          <gpxtpx:hr>173</gpxtpx:hr>
        </gpxtpx:TrackPointExtension></extensions>
      </trkpt>
      <trkpt lat="30.391861" lon="103.833386">
        <ele>439.0</ele>
        <time>2023-12-23T01:25:27Z</time>
        <extensions><gpxtpx:TrackPointExtension>
          <gpxtpx:hr>173</gpxtpx:hr>
        </gpxtpx:TrackPointExtension></extensions>
      </trkpt>
      <trkpt lat="30.391828" lon="103.833399">
        <ele>439.0</ele>
        <time>2023-12-23T01:25:28Z</time>
        <extensions><gpxtpx:TrackPointExtension>
          <gpxtpx:hr>173</gpxtpx:hr>
        </gpxtpx:TrackPointExtension></extensions>
      </trkpt>
      <trkpt lat="30.391795" lon="103.833411">
        <ele>439.0</ele>
        <time>2023-12-23T01:25:29Z</time>
        <extensions><gpxtpx:TrackPointExtension>
          <gpxtpx:hr>173</gpxtpx:hr>
        </gpxtpx:TrackPointExtension></extensions>
      </trkpt>
      <trkpt lat="30.391764" lon="103.833423">
        <ele>439.0</ele>
        <time>2023-12-23T01:25:30Z</time>
        <extensions><gpxtpx:TrackPointExtension>
          <gpxtpx:hr>173</gpxtpx:hr>
        </gpxtpx:TrackPointExtension></extensions>
      </trkpt>
      <trkpt lat="30.391732" lon="103.833435">
        <ele>439.0</ele>
        <time>2023-12-23T01:25:31Z</time>
        <extensions><gpxtpx:TrackPointExtension>
          <gpxtpx:hr>173</gpxtpx:hr>
        </gpxtpx:TrackPointExtension></extensions>
      </trkpt>
      <trkpt lat="30.391701" lon="103.833447">
        <ele>439.0</ele>
        <time>2023-12-23T01:25:32Z</time>
        <extensions><gpxtpx:TrackPointExtension>
          <gpxtpx:hr>173</gpxtpx:hr>
        </gpxtpx:TrackPointExtension></extensions>
      </trkpt>
      <trkpt lat="30.39167" lon="103.833458">
        <ele>439.0</ele>
        <time>2023-12-23T01:25:33Z</time>
        <extensions><gpxtpx:TrackPointExtension>
          <gpxtpx:hr>173</gpxtpx:hr>
        </gpxtpx:TrackPointExtension></extensions>
      </trkpt>
      <trkpt lat="30.391639" lon="103.83347">
        <ele>439.0</ele>
        <time>2023-12-23T01:25:34Z</time>
        <extensions><gpxtpx:TrackPointExtension>
          <gpxtpx:hr>173</gpxtpx:hr>
        </gpxtpx:TrackPointExtension></extensions>
      </trkpt>
      <trkpt lat="30.391608" lon="103.833481">
        <ele>439.0</ele>
        <time>2023-12-23T01:25:35Z</time>
        <extensions><gpxtpx:TrackPointExtension>
          <gpxtpx:hr>173</gpxtpx:hr>
        </gpxtpx:TrackPointExtension></extensions>
      </trkpt>
      <trkpt lat="30.391576" lon="103.833492">
        <ele>439.0</ele>
        <time>2023-12-23T01:25:36Z</time>
        <extensions><gpxtpx:TrackPointExtension>
          <gpxtpx:hr>173</gpxtpx:hr>
        </gpxtpx:TrackPointExtension></extensions>
      </trkpt>
      <trkpt lat="30.391545" lon="103.833504">
        <ele>439.0</ele>
        <time>2023-12-23T01:25:37Z</time>
        <extensions><gpxtpx:TrackPointExtension>
          <gpxtpx:hr>173</gpxtpx:hr>
        </gpxtpx:TrackPointExtension></extensions>
      </trkpt>
      <trkpt lat="30.391514" lon="103.833516">
        <ele>439.0</ele>
        <time>2023-12-23T01:25:38Z</time>
        <extensions><gpxtpx:TrackPointExtension>
          <gpxtpx:hr>173</gpxtpx:hr>
        </gpxtpx:TrackPointExtension></extensions>
      </trkpt>
      <trkpt lat="30.391482" lon="103.833528">
        <ele>439.0</ele>
        <time>2023-12-23T01:25:39Z</time>
        <extensions><gpxtpx:TrackPointExtension>
          <gpxtpx:hr>173</gpxtpx:hr>
        </gpxtpx:TrackPointExtension></extensions>
      </trkpt>
      <trkpt lat="30.391451" lon="103.83354">
        <ele>439.0</ele>
        <time>2023-12-23T01:25:40Z</time>
        <extensions><gpxtpx:TrackPointExtension>
          <gpxtpx:hr>173</gpxtpx:hr>
        </gpxtpx:TrackPointExtension></extensions>
      </trkpt>
      <trkpt lat="30.391421" lon="103.833552">
        <ele>439.0</ele>
        <time>2023-12-23T01:25:41Z</time>
        <extensions><gpxtpx:TrackPointExtension>
          <gpxtpx:hr>173</gpxtpx:hr>
        </gpxtpx:TrackPointExtension></extensions>
      </trkpt>
      <trkpt lat="30.391391" lon="103.833563">
        <ele>439.0</ele>
        <time>2023-12-23T01:25:42Z</time>
        <extensions><gpxtpx:TrackPointExtension>
          <gpxtpx:hr>173</gpxtpx:hr>
        </gpxtpx:TrackPointExtension></extensions>
      </trkpt>
      <trkpt lat="30.391361" lon="103.833574">
        <ele>439.0</ele>
        <time>2023-12-23T01:25:43Z</time>
        <extensions><gpxtpx:TrackPointExtension>
          <gpxtpx:hr>173</gpxtpx:hr>
        </gpxtpx:TrackPointExtension></extensions>
      </trkpt>
      <trkpt lat="30.39133" lon="103.833585">
        <ele>439.0</ele>
        <time>2023-12-23T01:25:44Z</time>
        <extensions><gpxtpx:TrackPointExtension>
          <gpxtpx:hr>173</gpxtpx:hr>
        </gpxtpx:TrackPointExtension></extensions>
      </trkpt>
      <trkpt lat="30.391301" lon="103.833597">
        <ele>439.0</ele>
        <time>2023-12-23T01:25:45Z</time>
        <extensions><gpxtpx:TrackPointExtension>
          <gpxtpx:hr>173</gpxtpx:hr>
        </gpxtpx:TrackPointExtension></extensions>
      </trkpt>
      <trkpt lat="30.39127" lon="103.833609">
        <ele>439.0</ele>
        <time>2023-12-23T01:25:46Z</time>
        <extensions><gpxtpx:TrackPointExtension>
          <gpxtpx:hr>173</gpxtpx:hr>
        </gpxtpx:TrackPointExtension></extensions>
      </trkpt>
      <trkpt lat="30.39124" lon="103.833621">
        <ele>439.0</ele>
        <time>2023-12-23T01:25:47Z</time>
        <extensions><gpxtpx:TrackPointExtension>
          <gpxtpx:hr>174</gpxtpx:hr>
        </gpxtpx:TrackPointExtension></extensions>
      </trkpt>
      <trkpt lat="30.391209" lon="103.833632">
        <ele>439.0</ele>
        <time>2023-12-23T01:25:48Z</time>
        <extensions><gpxtpx:TrackPointExtension>
          <gpxtpx:hr>174</gpxtpx:hr>
        </gpxtpx:TrackPointExtension></extensions>
      </trkpt>
      <trkpt lat="30.391179" lon="103.833644">
        <ele>439.0</ele>
        <time>2023-12-23T01:25:49Z</time>
        <extensions><gpxtpx:TrackPointExtension>
          <gpxtpx:hr>174</gpxtpx:hr>
        </gpxtpx:TrackPointExtension></extensions>
      </trkpt>
      <trkpt lat="30.391149" lon="103.833654">
        <ele>439.0</ele>
        <time>2023-12-23T01:25:50Z</time>
        <extensions><gpxtpx:TrackPointExtension>
          <gpxtpx:hr>174</gpxtpx:hr>
        </gpxtpx:TrackPointExtension></extensions>
      </trkpt>
      <trkpt lat="30.391119" lon="103.833664">
        <ele>439.0</ele>
        <time>2023-12-23T01:25:51Z</time>
        <extensions><gpxtpx:TrackPointExtension>
          <gpxtpx:hr>174</gpxtpx:hr>
        </gpxtpx:TrackPointExtension></extensions>
      </trkpt>
      <trkpt lat="30.391089" lon="103.833674">
        <ele>439.0</ele>
        <time>2023-12-23T01:25:52Z</time>
        <extensions><gpxtpx:TrackPointExtension>
          <gpxtpx:hr>173</gpxtpx:hr>
        </gpxtpx:TrackPointExtension></extensions>
      </trkpt>
      <trkpt lat="30.391059" lon="103.833685">
        <ele>439.0</ele>
        <time>2023-12-23T01:25:53Z</time>
        <extensions><gpxtpx:TrackPointExtension>
          <gpxtpx:hr>172</gpxtpx:hr>
        </gpxtpx:TrackPointExtension></extensions>
      </trkpt>
      <trkpt lat="30.391029" lon="103.833696">
        <ele>439.0</ele>
        <time>2023-12-23T01:25:54Z</time>
        <extensions><gpxtpx:TrackPointExtension>
          <gpxtpx:hr>172</gpxtpx:hr>
        </gpxtpx:TrackPointExtension></extensions>
      </trkpt>
      <trkpt lat="30.390998" lon="103.833706">
        <ele>439.0</ele>
        <time>2023-12-23T01:25:55Z</time>
        <extensions><gpxtpx:TrackPointExtension>
          <gpxtpx:hr>172</gpxtpx:hr>
        </gpxtpx:TrackPointExtension></extensions>
      </trkpt>
      <trkpt lat="30.390967" lon="103.833719">
        <ele>439.0</ele>
        <time>2023-12-23T01:25:56Z</time>
        <extensions><gpxtpx:TrackPointExtension>
          <gpxtpx:hr>172</gpxtpx:hr>
        </gpxtpx:TrackPointExtension></extensions>
      </trkpt>
      <trkpt lat="30.390936" lon="103.833731">
        <ele>439.0</ele>
        <time>2023-12-23T01:25:57Z</time>
        <extensions><gpxtpx:TrackPointExtension>
          <gpxtpx:hr>172</gpxtpx:hr>
        </gpxtpx:TrackPointExtension></extensions>
      </trkpt>
      <trkpt lat="30.390904" lon="103.833745">
        <ele>439.0</ele>
        <time>2023-12-23T01:25:58Z</time>
        <extensions><gpxtpx:TrackPointExtension>
          <gpxtpx:hr>172</gpxtpx:hr>
        </gpxtpx:TrackPointExtension></extensions>
      </trkpt>
      <trkpt lat="30.390873" lon="103.833759">
        <ele>439.0</ele>
        <time>2023-12-23T01:25:59Z</time>
        <extensions><gpxtpx:TrackPointExtension>
          <gpxtpx:hr>172</gpxtpx:hr>
        </gpxtpx:TrackPointExtension></extensions>
      </trkpt>
      <trkpt lat="30.390841" lon="103.833774">
        <ele>439.0</ele>
        <time>2023-12-23T01:26:00Z</time>
        <extensions><gpxtpx:TrackPointExtension>
          <gpxtpx:hr>172</gpxtpx:hr>
        </gpxtpx:TrackPointExtension></extensions>
      </trkpt>
      <trkpt lat="30.39081" lon="103.833789">
        <ele>439.0</ele>
        <time>2023-12-23T01:26:01Z</time>
        <extensions><gpxtpx:TrackPointExtension>
          <gpxtpx:hr>172</gpxtpx:hr>
        </gpxtpx:TrackPointExtension></extensions>
      </trkpt>
      <trkpt lat="30.390778" lon="103.833803">
        <ele>439.0</ele>
        <time>2023-12-23T01:26:02Z</time>
        <extensions><gpxtpx:TrackPointExtension>
          <gpxtpx:hr>172</gpxtpx:hr>
        </gpxtpx:TrackPointExtension></extensions>
      </trkpt>
      <trkpt lat="30.390747" lon="103.833816">
        <ele>439.0</ele>
        <time>2023-12-23T01:26:03Z</time>
        <extensions><gpxtpx:TrackPointExtension>
          <gpxtpx:hr>172</gpxtpx:hr>
        </gpxtpx:TrackPointExtension></extensions>
      </trkpt>
      <trkpt lat="30.390716" lon="103.833829">
        <ele>439.0</ele>
        <time>2023-12-23T01:26:04Z</time>
        <extensions><gpxtpx:TrackPointExtension>
          <gpxtpx:hr>172</gpxtpx:hr>
        </gpxtpx:TrackPointExtension></extensions>
      </trkpt>
      <trkpt lat="30.390684" lon="103.833842">
        <ele>439.0</ele>
        <time>2023-12-23T01:26:05Z</time>
        <extensions><gpxtpx:TrackPointExtension>
          <gpxtpx:hr>172</gpxtpx:hr>
        </gpxtpx:TrackPointExtension></extensions>
      </trkpt>
      <trkpt lat="30.390652" lon="103.833854">
        <ele>439.0</ele>
        <time>2023-12-23T01:26:06Z</time>
        <extensions><gpxtpx:TrackPointExtension>
          <gpxtpx:hr>172</gpxtpx:hr>
        </gpxtpx:TrackPointExtension></extensions>
      </trkpt>
      <trkpt lat="30.39062" lon="103.833867">
        <ele>439.0</ele>
        <time>2023-12-23T01:26:07Z</time>
        <extensions><gpxtpx:TrackPointExtension>
          <gpxtpx:hr>172</gpxtpx:hr>
        </gpxtpx:TrackPointExtension></extensions>
      </trkpt>
      <trkpt lat="30.390588" lon="103.833879">
        <ele>439.0</ele>
        <time>2023-12-23T01:26:08Z</time>
        <extensions><gpxtpx:TrackPointExtension>
          <gpxtpx:hr>172</gpxtpx:hr>
        </gpxtpx:TrackPointExtension></extensions>
      </trkpt>
      <trkpt lat="30.390557" lon="103.833892">
        <ele>439.0</ele>
        <time>2023-12-23T01:26:09Z</time>
        <extensions><gpxtpx:TrackPointExtension>
          <gpxtpx:hr>172</gpxtpx:hr>
        </gpxtpx:TrackPointExtension></extensions>
      </trkpt>
      <trkpt lat="30.390526" lon="103.833904">
        <ele>439.0</ele>
        <time>2023-12-23T01:26:10Z</time>
        <extensions><gpxtpx:TrackPointExtension>
          <gpxtpx:hr>171</gpxtpx:hr>
        </gpxtpx:TrackPointExtension></extensions>
      </trkpt>
      <trkpt lat="30.390495" lon="103.833916">
        <ele>439.0</ele>
        <time>2023-12-23T01:26:11Z</time>
        <extensions><gpxtpx:TrackPointExtension>
          <gpxtpx:hr>171</gpxtpx:hr>
        </gpxtpx:TrackPointExtension></extensions>
      </trkpt>
      <trkpt lat="30.390463" lon="103.833928">
        <ele>439.0</ele>
        <time>2023-12-23T01:26:12Z</time>
        <extensions><gpxtpx:TrackPointExtension>
          <gpxtpx:hr>171</gpxtpx:hr>
        </gpxtpx:TrackPointExtension></extensions>
      </trkpt>
      <trkpt lat="30.390432" lon="103.83394">
        <ele>439.0</ele>
        <time>2023-12-23T01:26:13Z</time>
        <extensions><gpxtpx:TrackPointExtension>
          <gpxtpx:hr>171</gpxtpx:hr>
        </gpxtpx:TrackPointExtension></extensions>
      </trkpt>
      <trkpt lat="30.390401" lon="103.833952">
        <ele>439.0</ele>
        <time>2023-12-23T01:26:14Z</time>
        <extensions><gpxtpx:TrackPointExtension>
          <gpxtpx:hr>171</gpxtpx:hr>
        </gpxtpx:TrackPointExtension></extensions>
      </trkpt>
      <trkpt lat="30.39037" lon="103.833963">
        <ele>439.0</ele>
        <time>2023-12-23T01:26:15Z</time>
        <extensions><gpxtpx:TrackPointExtension>
          <gpxtpx:hr>171</gpxtpx:hr>
        </gpxtpx:TrackPointExtension></extensions>
      </trkpt>
      <trkpt lat="30.390339" lon="103.833976">
        <ele>439.0</ele>
        <time>2023-12-23T01:26:16Z</time>
        <extensions><gpxtpx:TrackPointExtension>
          <gpxtpx:hr>171</gpxtpx:hr>
        </gpxtpx:TrackPointExtension></extensions>
      </trkpt>
      <trkpt lat="30.390308" lon="103.833988">
        <ele>439.0</ele>
        <time>2023-12-23T01:26:17Z</time>
        <extensions><gpxtpx:TrackPointExtension>
          <gpxtpx:hr>171</gpxtpx:hr>
        </gpxtpx:TrackPointExtension></extensions>
      </trkpt>
      <trkpt lat="30.390277" lon="103.834">
        <ele>439.0</ele>
        <time>2023-12-23T01:26:18Z</time>
        <extensions><gpxtpx:TrackPointExtension>
          <gpxtpx:hr>171</gpxtpx:hr>
        </gpxtpx:TrackPointExtension></extensions>
      </trkpt>
      <trkpt lat="30.390245" lon="103.834012">
        <ele>439.0</ele>
        <time>2023-12-23T01:26:19Z</time>
        <extensions><gpxtpx:TrackPointExtension>
          <gpxtpx:hr>171</gpxtpx:hr>
        </gpxtpx:TrackPointExtension></extensions>
      </trkpt>
      <trkpt lat="30.390214" lon="103.834023">
        <ele>439.0</ele>
        <time>2023-12-23T01:26:20Z</time>
        <extensions><gpxtpx:TrackPointExtension>
          <gpxtpx:hr>171</gpxtpx:hr>
        </gpxtpx:TrackPointExtension></extensions>
      </trkpt>
      <trkpt lat="30.390183" lon="103.834035">
        <ele>439.0</ele>
        <time>2023-12-23T01:26:21Z</time>
        <extensions><gpxtpx:TrackPointExtension>
          <gpxtpx:hr>171</gpxtpx:hr>
        </gpxtpx:TrackPointExtension></extensions>
      </trkpt>
      <trkpt lat="30.390153" lon="103.834045">
        <ele>439.0</ele>
        <time>2023-12-23T01:26:22Z</time>
        <extensions><gpxtpx:TrackPointExtension>
          <gpxtpx:hr>171</gpxtpx:hr>
        </gpxtpx:TrackPointExtension></extensions>
      </trkpt>
      <trkpt lat="30.390122" lon="103.834056">
        <ele>439.0</ele>
        <time>2023-12-23T01:26:23Z</time>
        <extensions><gpxtpx:TrackPointExtension>
          <gpxtpx:hr>171</gpxtpx:hr>
        </gpxtpx:TrackPointExtension></extensions>
      </trkpt>
      <trkpt lat="30.390092" lon="103.834067">
        <ele>439.0</ele>
        <time>2023-12-23T01:26:24Z</time>
        <extensions><gpxtpx:TrackPointExtension>
          <gpxtpx:hr>171</gpxtpx:hr>
        </gpxtpx:TrackPointExtension></extensions>
      </trkpt>
      <trkpt lat="30.390061" lon="103.834078">
        <ele>439.0</ele>
        <time>2023-12-23T01:26:25Z</time>
        <extensions><gpxtpx:TrackPointExtension>
          <gpxtpx:hr>171</gpxtpx:hr>
        </gpxtpx:TrackPointExtension></extensions>
      </trkpt>
      <trkpt lat="30.390031" lon="103.834089">
        <ele>439.0</ele>
        <time>2023-12-23T01:26:26Z</time>
        <extensions><gpxtpx:TrackPointExtension>
          <gpxtpx:hr>171</gpxtpx:hr>
        </gpxtpx:TrackPointExtension></extensions>
      </trkpt>
      <trkpt lat="30.390001" lon="103.8341">
        <ele>439.0</ele>
        <time>2023-12-23T01:26:27Z</time>
        <extensions><gpxtpx:TrackPointExtension>
          <gpxtpx:hr>171</gpxtpx:hr>
        </gpxtpx:TrackPointExtension></extensions>
      </trkpt>
      <trkpt lat="30.389971" lon="103.834111">
        <ele>439.0</ele>
        <time>2023-12-23T01:26:28Z</time>
        <extensions><gpxtpx:TrackPointExtension>
          <gpxtpx:hr>171</gpxtpx:hr>
        </gpxtpx:TrackPointExtension></extensions>
      </trkpt>
      <trkpt lat="30.389941" lon="103.834122">
        <ele>439.0</ele>
        <time>2023-12-23T01:26:29Z</time>
        <extensions><gpxtpx:TrackPointExtension>
          <gpxtpx:hr>171</gpxtpx:hr>
        </gpxtpx:TrackPointExtension></extensions>
      </trkpt>
      <trkpt lat="30.389911" lon="103.834134">
        <ele>439.0</ele>
        <time>2023-12-23T01:26:30Z</time>
        <extensions><gpxtpx:TrackPointExtension>
          <gpxtpx:hr>171</gpxtpx:hr>
        </gpxtpx:TrackPointExtension></extensions>
      </trkpt>
      <trkpt lat="30.38988" lon="103.834146">
        <ele>439.0</ele>
        <time>2023-12-23T01:26:31Z</time>
        <extensions><gpxtpx:TrackPointExtension>
          <gpxtpx:hr>171</gpxtpx:hr>
        </gpxtpx:TrackPointExtension></extensions>
      </trkpt>
      <trkpt lat="30.389849" lon="103.834159">
        <ele>439.0</ele>
        <time>2023-12-23T01:26:32Z</time>
        <extensions><gpxtpx:TrackPointExtension>
          <gpxtpx:hr>171</gpxtpx:hr>
        </gpxtpx:TrackPointExtension></extensions>
      </trkpt>
      <trkpt lat="30.389818" lon="103.834172">
        <ele>439.0</ele>
        <time>2023-12-23T01:26:33Z</time>
        <extensions><gpxtpx:TrackPointExtension>
          <gpxtpx:hr>171</gpxtpx:hr>
        </gpxtpx:TrackPointExtension></extensions>
      </trkpt>
      <trkpt lat="30.389786" lon="103.834185">
        <ele>439.0</ele>
        <time>2023-12-23T01:26:34Z</time>
        <extensions><gpxtpx:TrackPointExtension>
          <gpxtpx:hr>171</gpxtpx:hr>
        </gpxtpx:TrackPointExtension></extensions>
      </trkpt>
      <trkpt lat="30.389755" lon="103.834197">
        <ele>439.0</ele>
        <time>2023-12-23T01:26:35Z</time>
        <extensions><gpxtpx:TrackPointExtension>
          <gpxtpx:hr>171</gpxtpx:hr>
        </gpxtpx:TrackPointExtension></extensions>
      </trkpt>
      <trkpt lat="30.389723" lon="103.83421">
        <ele>439.0</ele>
        <time>2023-12-23T01:26:36Z</time>
        <extensions><gpxtpx:TrackPointExtension>
          <gpxtpx:hr>171</gpxtpx:hr>
        </gpxtpx:TrackPointExtension></extensions>
      </trkpt>
      <trkpt lat="30.389691" lon="103.834222">
        <ele>439.0</ele>
        <time>2023-12-23T01:26:37Z</time>
        <extensions><gpxtpx:TrackPointExtension>
          <gpxtpx:hr>171</gpxtpx:hr>
        </gpxtpx:TrackPointExtension></extensions>
      </trkpt>
      <trkpt lat="30.389659" lon="103.834234">
        <ele>439.0</ele>
        <time>2023-12-23T01:26:38Z</time>
        <extensions><gpxtpx:TrackPointExtension>
          <gpxtpx:hr>171</gpxtpx:hr>
        </gpxtpx:TrackPointExtension></extensions>
      </trkpt>
      <trkpt lat="30.389627" lon="103.834246">
        <ele>439.0</ele>
        <time>2023-12-23T01:26:39Z</time>
        <extensions><gpxtpx:TrackPointExtension>
          <gpxtpx:hr>171</gpxtpx:hr>
        </gpxtpx:TrackPointExtension></extensions>
      </trkpt>
      <trkpt lat="30.389595" lon="103.834257">
        <ele>439.0</ele>
        <time>2023-12-23T01:26:40Z</time>
        <extensions><gpxtpx:TrackPointExtension>
          <gpxtpx:hr>172</gpxtpx:hr>
        </gpxtpx:TrackPointExtension></extensions>
      </trkpt>
      <trkpt lat="30.389563" lon="103.834269">
        <ele>439.0</ele>
        <time>2023-12-23T01:26:41Z</time>
        <extensions><gpxtpx:TrackPointExtension>
          <gpxtpx:hr>172</gpxtpx:hr>
        </gpxtpx:TrackPointExtension></extensions>
      </trkpt>
      <trkpt lat="30.389532" lon="103.83428">
        <ele>439.0</ele>
        <time>2023-12-23T01:26:42Z</time>
        <extensions><gpxtpx:TrackPointExtension>
          <gpxtpx:hr>172</gpxtpx:hr>
        </gpxtpx:TrackPointExtension></extensions>
      </trkpt>
      <trkpt lat="30.3895" lon="103.834291">
        <ele>439.0</ele>
        <time>2023-12-23T01:26:43Z</time>
        <extensions><gpxtpx:TrackPointExtension>
          <gpxtpx:hr>172</gpxtpx:hr>
        </gpxtpx:TrackPointExtension></extensions>
      </trkpt>
      <trkpt lat="30.38947" lon="103.834303">
        <ele>439.0</ele>
        <time>2023-12-23T01:26:44Z</time>
        <extensions><gpxtpx:TrackPointExtension>
          <gpxtpx:hr>172</gpxtpx:hr>
        </gpxtpx:TrackPointExtension></extensions>
      </trkpt>
      <trkpt lat="30.389439" lon="103.834314">
        <ele>439.0</ele>
        <time>2023-12-23T01:26:45Z</time>
        <extensions><gpxtpx:TrackPointExtension>
          <gpxtpx:hr>172</gpxtpx:hr>
        </gpxtpx:TrackPointExtension></extensions>
      </trkpt>
      <trkpt lat="30.389409" lon="103.834326">
        <ele>439.0</ele>
        <time>2023-12-23T01:26:46Z</time>
        <extensions><gpxtpx:TrackPointExtension>
          <gpxtpx:hr>172</gpxtpx:hr>
        </gpxtpx:TrackPointExtension></extensions>
      </trkpt>
      <trkpt lat="30.389379" lon="103.834338">
        <ele>439.0</ele>
        <time>2023-12-23T01:26:47Z</time>
        <extensions><gpxtpx:TrackPointExtension>
          <gpxtpx:hr>173</gpxtpx:hr>
        </gpxtpx:TrackPointExtension></extensions>
      </trkpt>
      <trkpt lat="30.389349" lon="103.83435">
        <ele>439.0</ele>
        <time>2023-12-23T01:26:48Z</time>
        <extensions><gpxtpx:TrackPointExtension>
          <gpxtpx:hr>173</gpxtpx:hr>
        </gpxtpx:TrackPointExtension></extensions>
      </trkpt>
      <trkpt lat="30.389319" lon="103.834363">
        <ele>439.0</ele>
        <time>2023-12-23T01:26:49Z</time>
        <extensions><gpxtpx:TrackPointExtension>
          <gpxtpx:hr>173</gpxtpx:hr>
        </gpxtpx:TrackPointExtension></extensions>
      </trkpt>
      <trkpt lat="30.389288" lon="103.834376">
        <ele>439.0</ele>
        <time>2023-12-23T01:26:50Z</time>
        <extensions><gpxtpx:TrackPointExtension>
          <gpxtpx:hr>173</gpxtpx:hr>
        </gpxtpx:TrackPointExtension></extensions>
      </trkpt>
      <trkpt lat="30.389258" lon="103.834388">
        <ele>439.0</ele>
        <time>2023-12-23T01:26:51Z</time>
        <extensions><gpxtpx:TrackPointExtension>
          <gpxtpx:hr>173</gpxtpx:hr>
        </gpxtpx:TrackPointExtension></extensions>
      </trkpt>
      <trkpt lat="30.389227" lon="103.834399">
        <ele>439.0</ele>
        <time>2023-12-23T01:26:52Z</time>
        <extensions><gpxtpx:TrackPointExtension>
          <gpxtpx:hr>172</gpxtpx:hr>
        </gpxtpx:TrackPointExtension></extensions>
      </trkpt>
      <trkpt lat="30.389196" lon="103.834411">
        <ele>439.0</ele>
        <time>2023-12-23T01:26:53Z</time>
        <extensions><gpxtpx:TrackPointExtension>
          <gpxtpx:hr>172</gpxtpx:hr>
        </gpxtpx:TrackPointExtension></extensions>
      </trkpt>
      <trkpt lat="30.389165" lon="103.834421">
        <ele>439.0</ele>
        <time>2023-12-23T01:26:54Z</time>
        <extensions><gpxtpx:TrackPointExtension>
          <gpxtpx:hr>172</gpxtpx:hr>
        </gpxtpx:TrackPointExtension></extensions>
      </trkpt>
      <trkpt lat="30.389135" lon="103.834432">
        <ele>439.0</ele>
        <time>2023-12-23T01:26:55Z</time>
        <extensions><gpxtpx:TrackPointExtension>
          <gpxtpx:hr>172</gpxtpx:hr>
        </gpxtpx:TrackPointExtension></extensions>
      </trkpt>
      <trkpt lat="30.389103" lon="103.834442">
        <ele>439.0</ele>
        <time>2023-12-23T01:26:56Z</time>
        <extensions><gpxtpx:TrackPointExtension>
          <gpxtpx:hr>172</gpxtpx:hr>
        </gpxtpx:TrackPointExtension></extensions>
      </trkpt>
      <trkpt lat="30.389072" lon="103.834453">
        <ele>439.0</ele>
        <time>2023-12-23T01:26:57Z</time>
        <extensions><gpxtpx:TrackPointExtension>
          <gpxtpx:hr>172</gpxtpx:hr>
        </gpxtpx:TrackPointExtension></extensions>
      </trkpt>
      <trkpt lat="30.389041" lon="103.834464">
        <ele>439.0</ele>
        <time>2023-12-23T01:26:58Z</time>
        <extensions><gpxtpx:TrackPointExtension>
          <gpxtpx:hr>172</gpxtpx:hr>
        </gpxtpx:TrackPointExtension></extensions>
      </trkpt>
      <trkpt lat="30.38901" lon="103.834475">
        <ele>439.0</ele>
        <time>2023-12-23T01:26:59Z</time>
        <extensions><gpxtpx:TrackPointExtension>
          <gpxtpx:hr>173</gpxtpx:hr>
        </gpxtpx:TrackPointExtension></extensions>
      </trkpt>
      <trkpt lat="30.388979" lon="103.834488">
        <ele>439.0</ele>
        <time>2023-12-23T01:27:00Z</time>
        <extensions><gpxtpx:TrackPointExtension>
          <gpxtpx:hr>173</gpxtpx:hr>
        </gpxtpx:TrackPointExtension></extensions>
      </trkpt>
      <trkpt lat="30.388948" lon="103.8345">
        <ele>439.0</ele>
        <time>2023-12-23T01:27:01Z</time>
        <extensions><gpxtpx:TrackPointExtension>
          <gpxtpx:hr>173</gpxtpx:hr>
        </gpxtpx:TrackPointExtension></extensions>
      </trkpt>
      <trkpt lat="30.388917" lon="103.834513">
        <ele>439.0</ele>
        <time>2023-12-23T01:27:02Z</time>
        <extensions><gpxtpx:TrackPointExtension>
          <gpxtpx:hr>173</gpxtpx:hr>
        </gpxtpx:TrackPointExtension></extensions>
      </trkpt>
      <trkpt lat="30.388886" lon="103.834526">
        <ele>439.0</ele>
        <time>2023-12-23T01:27:03Z</time>
        <extensions><gpxtpx:TrackPointExtension>
          <gpxtpx:hr>172</gpxtpx:hr>
        </gpxtpx:TrackPointExtension></extensions>
      </trkpt>
      <trkpt lat="30.388854" lon="103.834539">
        <ele>439.0</ele>
        <time>2023-12-23T01:27:04Z</time>
        <extensions><gpxtpx:TrackPointExtension>
          <gpxtpx:hr>172</gpxtpx:hr>
        </gpxtpx:TrackPointExtension></extensions>
      </trkpt>
      <trkpt lat="30.388823" lon="103.834552">
        <ele>439.0</ele>
        <time>2023-12-23T01:27:05Z</time>
        <extensions><gpxtpx:TrackPointExtension>
          <gpxtpx:hr>172</gpxtpx:hr>
        </gpxtpx:TrackPointExtension></extensions>
      </trkpt>
      <trkpt lat="30.388792" lon="103.834566">
        <ele>439.0</ele>
        <time>2023-12-23T01:27:06Z</time>
        <extensions><gpxtpx:TrackPointExtension>
          <gpxtpx:hr>172</gpxtpx:hr>
        </gpxtpx:TrackPointExtension></extensions>
      </trkpt>
      <trkpt lat="30.38876" lon="103.834579">
        <ele>439.0</ele>
        <time>2023-12-23T01:27:07Z</time>
        <extensions><gpxtpx:TrackPointExtension>
          <gpxtpx:hr>172</gpxtpx:hr>
        </gpxtpx:TrackPointExtension></extensions>
      </trkpt>
      <trkpt lat="30.388728" lon="103.834593">
        <ele>439.0</ele>
        <time>2023-12-23T01:27:08Z</time>
        <extensions><gpxtpx:TrackPointExtension>
          <gpxtpx:hr>172</gpxtpx:hr>
        </gpxtpx:TrackPointExtension></extensions>
      </trkpt>
      <trkpt lat="30.388696" lon="103.834606">
        <ele>439.0</ele>
        <time>2023-12-23T01:27:09Z</time>
        <extensions><gpxtpx:TrackPointExtension>
          <gpxtpx:hr>172</gpxtpx:hr>
        </gpxtpx:TrackPointExtension></extensions>
      </trkpt>
      <trkpt lat="30.388665" lon="103.834619">
        <ele>439.0</ele>
        <time>2023-12-23T01:27:10Z</time>
        <extensions><gpxtpx:TrackPointExtension>
          <gpxtpx:hr>172</gpxtpx:hr>
        </gpxtpx:TrackPointExtension></extensions>
      </trkpt>
      <trkpt lat="30.388633" lon="103.834632">
        <ele>439.0</ele>
        <time>2023-12-23T01:27:11Z</time>
        <extensions><gpxtpx:TrackPointExtension>
          <gpxtpx:hr>172</gpxtpx:hr>
        </gpxtpx:TrackPointExtension></extensions>
      </trkpt>
      <trkpt lat="30.388602" lon="103.834644">
        <ele>439.0</ele>
        <time>2023-12-23T01:27:12Z</time>
        <extensions><gpxtpx:TrackPointExtension>
          <gpxtpx:hr>172</gpxtpx:hr>
        </gpxtpx:TrackPointExtension></extensions>
      </trkpt>
      <trkpt lat="30.388571" lon="103.834656">
        <ele>439.0</ele>
        <time>2023-12-23T01:27:13Z</time>
        <extensions><gpxtpx:TrackPointExtension>
          <gpxtpx:hr>172</gpxtpx:hr>
        </gpxtpx:TrackPointExtension></extensions>
      </trkpt>
      <trkpt lat="30.38854" lon="103.834669">
        <ele>439.0</ele>
        <time>2023-12-23T01:27:14Z</time>
        <extensions><gpxtpx:TrackPointExtension>
          <gpxtpx:hr>172</gpxtpx:hr>
        </gpxtpx:TrackPointExtension></extensions>
      </trkpt>
      <trkpt lat="30.38851" lon="103.834681">
        <ele>439.0</ele>
        <time>2023-12-23T01:27:15Z</time>
        <extensions><gpxtpx:TrackPointExtension>
          <gpxtpx:hr>172</gpxtpx:hr>
        </gpxtpx:TrackPointExtension></extensions>
      </trkpt>
      <trkpt lat="30.388479" lon="103.834694">
        <ele>439.0</ele>
        <time>2023-12-23T01:27:16Z</time>
        <extensions><gpxtpx:TrackPointExtension>
          <gpxtpx:hr>174</gpxtpx:hr>
        </gpxtpx:TrackPointExtension></extensions>
      </trkpt>
      <trkpt lat="30.388449" lon="103.834707">
        <ele>439.0</ele>
        <time>2023-12-23T01:27:17Z</time>
        <extensions><gpxtpx:TrackPointExtension>
          <gpxtpx:hr>175</gpxtpx:hr>
        </gpxtpx:TrackPointExtension></extensions>
      </trkpt>
      <trkpt lat="30.388419" lon="103.834721">
        <ele>439.0</ele>
        <time>2023-12-23T01:27:18Z</time>
        <extensions><gpxtpx:TrackPointExtension>
          <gpxtpx:hr>174</gpxtpx:hr>
        </gpxtpx:TrackPointExtension></extensions>
      </trkpt>
      <trkpt lat="30.388389" lon="103.834734">
        <ele>439.0</ele>
        <time>2023-12-23T01:27:19Z</time>
        <extensions><gpxtpx:TrackPointExtension>
          <gpxtpx:hr>174</gpxtpx:hr>
        </gpxtpx:TrackPointExtension></extensions>
      </trkpt>
      <trkpt lat="30.388359" lon="103.834747">
        <ele>439.0</ele>
        <time>2023-12-23T01:27:20Z</time>
        <extensions><gpxtpx:TrackPointExtension>
          <gpxtpx:hr>174</gpxtpx:hr>
        </gpxtpx:TrackPointExtension></extensions>
      </trkpt>
      <trkpt lat="30.388329" lon="103.834761">
        <ele>439.0</ele>
        <time>2023-12-23T01:27:21Z</time>
        <extensions><gpxtpx:TrackPointExtension>
          <gpxtpx:hr>173</gpxtpx:hr>
        </gpxtpx:TrackPointExtension></extensions>
      </trkpt>
      <trkpt lat="30.388299" lon="103.834774">
        <ele>439.0</ele>
        <time>2023-12-23T01:27:22Z</time>
        <extensions><gpxtpx:TrackPointExtension>
          <gpxtpx:hr>173</gpxtpx:hr>
        </gpxtpx:TrackPointExtension></extensions>
      </trkpt>
      <trkpt lat="30.388268" lon="103.834787">
        <ele>439.0</ele>
        <time>2023-12-23T01:27:23Z</time>
        <extensions><gpxtpx:TrackPointExtension>
          <gpxtpx:hr>172</gpxtpx:hr>
        </gpxtpx:TrackPointExtension></extensions>
      </trkpt>
      <trkpt lat="30.388236" lon="103.8348">
        <ele>439.0</ele>
        <time>2023-12-23T01:27:24Z</time>
        <extensions><gpxtpx:TrackPointExtension>
          <gpxtpx:hr>173</gpxtpx:hr>
        </gpxtpx:TrackPointExtension></extensions>
      </trkpt>
      <trkpt lat="30.388205" lon="103.834814">
        <ele>439.0</ele>
        <time>2023-12-23T01:27:25Z</time>
        <extensions><gpxtpx:TrackPointExtension>
          <gpxtpx:hr>173</gpxtpx:hr>
        </gpxtpx:TrackPointExtension></extensions>
      </trkpt>
      <trkpt lat="30.388173" lon="103.834827">
        <ele>439.0</ele>
        <time>2023-12-23T01:27:26Z</time>
        <extensions><gpxtpx:TrackPointExtension>
          <gpxtpx:hr>173</gpxtpx:hr>
        </gpxtpx:TrackPointExtension></extensions>
      </trkpt>
      <trkpt lat="30.38814" lon="103.834841">
        <ele>439.0</ele>
        <time>2023-12-23T01:27:27Z</time>
        <extensions><gpxtpx:TrackPointExtension>
          <gpxtpx:hr>173</gpxtpx:hr>
        </gpxtpx:TrackPointExtension></extensions>
      </trkpt>
      <trkpt lat="30.388108" lon="103.834854">
        <ele>439.0</ele>
        <time>2023-12-23T01:27:28Z</time>
        <extensions><gpxtpx:TrackPointExtension>
          <gpxtpx:hr>173</gpxtpx:hr>
        </gpxtpx:TrackPointExtension></extensions>
      </trkpt>
      <trkpt lat="30.388076" lon="103.834867">
        <ele>439.0</ele>
        <time>2023-12-23T01:27:29Z</time>
        <extensions><gpxtpx:TrackPointExtension>
          <gpxtpx:hr>172</gpxtpx:hr>
        </gpxtpx:TrackPointExtension></extensions>
      </trkpt>
      <trkpt lat="30.388044" lon="103.834879">
        <ele>439.0</ele>
        <time>2023-12-23T01:27:30Z</time>
        <extensions><gpxtpx:TrackPointExtension>
          <gpxtpx:hr>172</gpxtpx:hr>
        </gpxtpx:TrackPointExtension></extensions>
      </trkpt>
      <trkpt lat="30.388013" lon="103.834891">
        <ele>439.0</ele>
        <time>2023-12-23T01:27:31Z</time>
        <extensions><gpxtpx:TrackPointExtension>
          <gpxtpx:hr>172</gpxtpx:hr>
        </gpxtpx:TrackPointExtension></extensions>
      </trkpt>
      <trkpt lat="30.387982" lon="103.834903">
        <ele>439.0</ele>
        <time>2023-12-23T01:27:32Z</time>
        <extensions><gpxtpx:TrackPointExtension>
          <gpxtpx:hr>172</gpxtpx:hr>
        </gpxtpx:TrackPointExtension></extensions>
      </trkpt>
      <trkpt lat="30.387951" lon="103.834915">
        <ele>439.0</ele>
        <time>2023-12-23T01:27:33Z</time>
        <extensions><gpxtpx:TrackPointExtension>
          <gpxtpx:hr>172</gpxtpx:hr>
        </gpxtpx:TrackPointExtension></extensions>
      </trkpt>
      <trkpt lat="30.38792" lon="103.834927">
        <ele>439.0</ele>
        <time>2023-12-23T01:27:34Z</time>
        <extensions><gpxtpx:TrackPointExtension>
          <gpxtpx:hr>172</gpxtpx:hr>
        </gpxtpx:TrackPointExtension></extensions>
      </trkpt>
      <trkpt lat="30.38789" lon="103.83494">
        <ele>439.0</ele>
        <time>2023-12-23T01:27:35Z</time>
        <extensions><gpxtpx:TrackPointExtension>
          <gpxtpx:hr>172</gpxtpx:hr>
        </gpxtpx:TrackPointExtension></extensions>
      </trkpt>
      <trkpt lat="30.38786" lon="103.834952">
        <ele>439.0</ele>
        <time>2023-12-23T01:27:36Z</time>
        <extensions><gpxtpx:TrackPointExtension>
          <gpxtpx:hr>172</gpxtpx:hr>
        </gpxtpx:TrackPointExtension></extensions>
      </trkpt>
      <trkpt lat="30.38783" lon="103.834965">
        <ele>439.0</ele>
        <time>2023-12-23T01:27:37Z</time>
        <extensions><gpxtpx:TrackPointExtension>
          <gpxtpx:hr>172</gpxtpx:hr>
        </gpxtpx:TrackPointExtension></extensions>
      </trkpt>
      <trkpt lat="30.387801" lon="103.834977">
        <ele>439.0</ele>
        <time>2023-12-23T01:27:38Z</time>
        <extensions><gpxtpx:TrackPointExtension>
          <gpxtpx:hr>173</gpxtpx:hr>
        </gpxtpx:TrackPointExtension></extensions>
      </trkpt>
      <trkpt lat="30.387772" lon="103.834988">
        <ele>439.0</ele>
        <time>2023-12-23T01:27:39Z</time>
        <extensions><gpxtpx:TrackPointExtension>
          <gpxtpx:hr>174</gpxtpx:hr>
        </gpxtpx:TrackPointExtension></extensions>
      </trkpt>
      <trkpt lat="30.387743" lon="103.835">
        <ele>439.0</ele>
        <time>2023-12-23T01:27:40Z</time>
        <extensions><gpxtpx:TrackPointExtension>
          <gpxtpx:hr>174</gpxtpx:hr>
        </gpxtpx:TrackPointExtension></extensions>
      </trkpt>
      <trkpt lat="30.387714" lon="103.835011">
        <ele>439.0</ele>
        <time>2023-12-23T01:27:41Z</time>
        <extensions><gpxtpx:TrackPointExtension>
          <gpxtpx:hr>174</gpxtpx:hr>
        </gpxtpx:TrackPointExtension></extensions>
      </trkpt>
      <trkpt lat="30.387685" lon="103.835024">
        <ele>439.0</ele>
        <time>2023-12-23T01:27:42Z</time>
        <extensions><gpxtpx:TrackPointExtension>
          <gpxtpx:hr>174</gpxtpx:hr>
        </gpxtpx:TrackPointExtension></extensions>
      </trkpt>
      <trkpt lat="30.387656" lon="103.835036">
        <ele>439.0</ele>
        <time>2023-12-23T01:27:43Z</time>
        <extensions><gpxtpx:TrackPointExtension>
          <gpxtpx:hr>174</gpxtpx:hr>
        </gpxtpx:TrackPointExtension></extensions>
      </trkpt>
      <trkpt lat="30.387627" lon="103.835049">
        <ele>439.0</ele>
        <time>2023-12-23T01:27:44Z</time>
        <extensions><gpxtpx:TrackPointExtension>
          <gpxtpx:hr>174</gpxtpx:hr>
        </gpxtpx:TrackPointExtension></extensions>
      </trkpt>
      <trkpt lat="30.387597" lon="103.835061">
        <ele>439.0</ele>
        <time>2023-12-23T01:27:45Z</time>
        <extensions><gpxtpx:TrackPointExtension>
          <gpxtpx:hr>174</gpxtpx:hr>
        </gpxtpx:TrackPointExtension></extensions>
      </trkpt>
      <trkpt lat="30.387568" lon="103.835072">
        <ele>439.0</ele>
        <time>2023-12-23T01:27:46Z</time>
        <extensions><gpxtpx:TrackPointExtension>
          <gpxtpx:hr>174</gpxtpx:hr>
        </gpxtpx:TrackPointExtension></extensions>
      </trkpt>
      <trkpt lat="30.387538" lon="103.835083">
        <ele>439.0</ele>
        <time>2023-12-23T01:27:47Z</time>
        <extensions><gpxtpx:TrackPointExtension>
          <gpxtpx:hr>174</gpxtpx:hr>
        </gpxtpx:TrackPointExtension></extensions>
      </trkpt>
      <trkpt lat="30.387508" lon="103.835094">
        <ele>439.0</ele>
        <time>2023-12-23T01:27:48Z</time>
        <extensions><gpxtpx:TrackPointExtension>
          <gpxtpx:hr>174</gpxtpx:hr>
        </gpxtpx:TrackPointExtension></extensions>
      </trkpt>
      <trkpt lat="30.387478" lon="103.835105">
        <ele>439.0</ele>
        <time>2023-12-23T01:27:49Z</time>
        <extensions><gpxtpx:TrackPointExtension>
          <gpxtpx:hr>174</gpxtpx:hr>
        </gpxtpx:TrackPointExtension></extensions>
      </trkpt>
      <trkpt lat="30.387448" lon="103.835117">
        <ele>439.0</ele>
        <time>2023-12-23T01:27:50Z</time>
        <extensions><gpxtpx:TrackPointExtension>
          <gpxtpx:hr>174</gpxtpx:hr>
        </gpxtpx:TrackPointExtension></extensions>
      </trkpt>
      <trkpt lat="30.387417" lon="103.835128">
        <ele>439.0</ele>
        <time>2023-12-23T01:27:51Z</time>
        <extensions><gpxtpx:TrackPointExtension>
          <gpxtpx:hr>174</gpxtpx:hr>
        </gpxtpx:TrackPointExtension></extensions>
      </trkpt>
      <trkpt lat="30.387386" lon="103.835139">
        <ele>439.0</ele>
        <time>2023-12-23T01:27:52Z</time>
        <extensions><gpxtpx:TrackPointExtension>
          <gpxtpx:hr>173</gpxtpx:hr>
        </gpxtpx:TrackPointExtension></extensions>
      </trkpt>
      <trkpt lat="30.387356" lon="103.83515">
        <ele>439.0</ele>
        <time>2023-12-23T01:27:53Z</time>
        <extensions><gpxtpx:TrackPointExtension>
          <gpxtpx:hr>173</gpxtpx:hr>
        </gpxtpx:TrackPointExtension></extensions>
      </trkpt>
      <trkpt lat="30.387325" lon="103.835162">
        <ele>439.0</ele>
        <time>2023-12-23T01:27:54Z</time>
        <extensions><gpxtpx:TrackPointExtension>
          <gpxtpx:hr>173</gpxtpx:hr>
        </gpxtpx:TrackPointExtension></extensions>
      </trkpt>
      <trkpt lat="30.387294" lon="103.835173">
        <ele>439.0</ele>
        <time>2023-12-23T01:27:55Z</time>
        <extensions><gpxtpx:TrackPointExtension>
          <gpxtpx:hr>173</gpxtpx:hr>
        </gpxtpx:TrackPointExtension></extensions>
      </trkpt>
      <trkpt lat="30.387264" lon="103.835186">
        <ele>439.0</ele>
        <time>2023-12-23T01:27:56Z</time>
        <extensions><gpxtpx:TrackPointExtension>
          <gpxtpx:hr>172</gpxtpx:hr>
        </gpxtpx:TrackPointExtension></extensions>
      </trkpt>
      <trkpt lat="30.387233" lon="103.835198">
        <ele>439.0</ele>
        <time>2023-12-23T01:27:57Z</time>
        <extensions><gpxtpx:TrackPointExtension>
          <gpxtpx:hr>172</gpxtpx:hr>
        </gpxtpx:TrackPointExtension></extensions>
      </trkpt>
      <trkpt lat="30.387202" lon="103.835211">
        <ele>439.0</ele>
        <time>2023-12-23T01:27:58Z</time>
        <extensions><gpxtpx:TrackPointExtension>
          <gpxtpx:hr>173</gpxtpx:hr>
        </gpxtpx:TrackPointExtension></extensions>
      </trkpt>
      <trkpt lat="30.387171" lon="103.835224">
        <ele>439.0</ele>
        <time>2023-12-23T01:27:59Z</time>
        <extensions><gpxtpx:TrackPointExtension>
          <gpxtpx:hr>173</gpxtpx:hr>
        </gpxtpx:TrackPointExtension></extensions>
      </trkpt>
      <trkpt lat="30.387141" lon="103.835237">
        <ele>439.0</ele>
        <time>2023-12-23T01:28:00Z</time>
        <extensions><gpxtpx:TrackPointExtension>
          <gpxtpx:hr>173</gpxtpx:hr>
        </gpxtpx:TrackPointExtension></extensions>
      </trkpt>
      <trkpt lat="30.38711" lon="103.83525">
        <ele>439.0</ele>
        <time>2023-12-23T01:28:01Z</time>
        <extensions><gpxtpx:TrackPointExtension>
          <gpxtpx:hr>173</gpxtpx:hr>
        </gpxtpx:TrackPointExtension></extensions>
      </trkpt>
      <trkpt lat="30.387081" lon="103.835263">
        <ele>439.0</ele>
        <time>2023-12-23T01:28:02Z</time>
        <extensions><gpxtpx:TrackPointExtension>
          <gpxtpx:hr>173</gpxtpx:hr>
        </gpxtpx:TrackPointExtension></extensions>
      </trkpt>
      <trkpt lat="30.387051" lon="103.835276">
        <ele>439.0</ele>
        <time>2023-12-23T01:28:03Z</time>
        <extensions><gpxtpx:TrackPointExtension>
          <gpxtpx:hr>173</gpxtpx:hr>
        </gpxtpx:TrackPointExtension></extensions>
      </trkpt>
      <trkpt lat="30.387022" lon="103.835288">
        <ele>439.0</ele>
        <time>2023-12-23T01:28:04Z</time>
        <extensions><gpxtpx:TrackPointExtension>
          <gpxtpx:hr>173</gpxtpx:hr>
        </gpxtpx:TrackPointExtension></extensions>
      </trkpt>
      <trkpt lat="30.386993" lon="103.8353">
        <ele>439.0</ele>
        <time>2023-12-23T01:28:05Z</time>
        <extensions><gpxtpx:TrackPointExtension>
          <gpxtpx:hr>173</gpxtpx:hr>
        </gpxtpx:TrackPointExtension></extensions>
      </trkpt>
      <trkpt lat="30.386965" lon="103.835312">
        <ele>439.0</ele>
        <time>2023-12-23T01:28:06Z</time>
        <extensions><gpxtpx:TrackPointExtension>
          <gpxtpx:hr>172</gpxtpx:hr>
        </gpxtpx:TrackPointExtension></extensions>
      </trkpt>
      <trkpt lat="30.386937" lon="103.835323">
        <ele>439.0</ele>
        <time>2023-12-23T01:28:07Z</time>
        <extensions><gpxtpx:TrackPointExtension>
          <gpxtpx:hr>172</gpxtpx:hr>
        </gpxtpx:TrackPointExtension></extensions>
      </trkpt>
      <trkpt lat="30.386908" lon="103.835334">
        <ele>439.0</ele>
        <time>2023-12-23T01:28:08Z</time>
        <extensions><gpxtpx:TrackPointExtension>
          <gpxtpx:hr>173</gpxtpx:hr>
        </gpxtpx:TrackPointExtension></extensions>
      </trkpt>
      <trkpt lat="30.386879" lon="103.835344">
        <ele>439.0</ele>
        <time>2023-12-23T01:28:09Z</time>
        <extensions><gpxtpx:TrackPointExtension>
          <gpxtpx:hr>172</gpxtpx:hr>
        </gpxtpx:TrackPointExtension></extensions>
      </trkpt>
      <trkpt lat="30.386849" lon="103.835354">
        <ele>439.0</ele>
        <time>2023-12-23T01:28:10Z</time>
        <extensions><gpxtpx:TrackPointExtension>
          <gpxtpx:hr>172</gpxtpx:hr>
        </gpxtpx:TrackPointExtension></extensions>
      </trkpt>
      <trkpt lat="30.386819" lon="103.835364">
        <ele>439.0</ele>
        <time>2023-12-23T01:28:11Z</time>
        <extensions><gpxtpx:TrackPointExtension>
          <gpxtpx:hr>172</gpxtpx:hr>
        </gpxtpx:TrackPointExtension></extensions>
      </trkpt>
      <trkpt lat="30.386787" lon="103.835374">
        <ele>439.0</ele>
        <time>2023-12-23T01:28:12Z</time>
        <extensions><gpxtpx:TrackPointExtension>
          <gpxtpx:hr>173</gpxtpx:hr>
        </gpxtpx:TrackPointExtension></extensions>
      </trkpt>
      <trkpt lat="30.386756" lon="103.835385">
        <ele>439.0</ele>
        <time>2023-12-23T01:28:13Z</time>
        <extensions><gpxtpx:TrackPointExtension>
          <gpxtpx:hr>173</gpxtpx:hr>
        </gpxtpx:TrackPointExtension></extensions>
      </trkpt>
      <trkpt lat="30.386724" lon="103.835396">
        <ele>439.0</ele>
        <time>2023-12-23T01:28:14Z</time>
        <extensions><gpxtpx:TrackPointExtension>
          <gpxtpx:hr>172</gpxtpx:hr>
        </gpxtpx:TrackPointExtension></extensions>
      </trkpt>
      <trkpt lat="30.386693" lon="103.835408">
        <ele>439.0</ele>
        <time>2023-12-23T01:28:15Z</time>
        <extensions><gpxtpx:TrackPointExtension>
          <gpxtpx:hr>172</gpxtpx:hr>
        </gpxtpx:TrackPointExtension></extensions>
      </trkpt>
      <trkpt lat="30.386662" lon="103.835419">
        <ele>439.0</ele>
        <time>2023-12-23T01:28:16Z</time>
        <extensions><gpxtpx:TrackPointExtension>
          <gpxtpx:hr>172</gpxtpx:hr>
        </gpxtpx:TrackPointExtension></extensions>
      </trkpt>
      <trkpt lat="30.386632" lon="103.835431">
        <ele>439.0</ele>
        <time>2023-12-23T01:28:17Z</time>
        <extensions><gpxtpx:TrackPointExtension>
          <gpxtpx:hr>172</gpxtpx:hr>
        </gpxtpx:TrackPointExtension></extensions>
      </trkpt>
      <trkpt lat="30.386602" lon="103.835442">
        <ele>439.0</ele>
        <time>2023-12-23T01:28:18Z</time>
        <extensions><gpxtpx:TrackPointExtension>
          <gpxtpx:hr>172</gpxtpx:hr>
        </gpxtpx:TrackPointExtension></extensions>
      </trkpt>
      <trkpt lat="30.386573" lon="103.835453">
        <ele>439.0</ele>
        <time>2023-12-23T01:28:19Z</time>
        <extensions><gpxtpx:TrackPointExtension>
          <gpxtpx:hr>172</gpxtpx:hr>
        </gpxtpx:TrackPointExtension></extensions>
      </trkpt>
      <trkpt lat="30.386544" lon="103.835463">
        <ele>439.0</ele>
        <time>2023-12-23T01:28:20Z</time>
        <extensions><gpxtpx:TrackPointExtension>
          <gpxtpx:hr>172</gpxtpx:hr>
        </gpxtpx:TrackPointExtension></extensions>
      </trkpt>
      <trkpt lat="30.386516" lon="103.835474">
        <ele>439.0</ele>
        <time>2023-12-23T01:28:21Z</time>
        <extensions><gpxtpx:TrackPointExtension>
          <gpxtpx:hr>172</gpxtpx:hr>
        </gpxtpx:TrackPointExtension></extensions>
      </trkpt>
      <trkpt lat="30.386488" lon="103.835485">
        <ele>439.0</ele>
        <time>2023-12-23T01:28:22Z</time>
        <extensions><gpxtpx:TrackPointExtension>
          <gpxtpx:hr>173</gpxtpx:hr>
        </gpxtpx:TrackPointExtension></extensions>
      </trkpt>
      <trkpt lat="30.38646" lon="103.835496">
        <ele>439.0</ele>
        <time>2023-12-23T01:28:23Z</time>
        <extensions><gpxtpx:TrackPointExtension>
          <gpxtpx:hr>173</gpxtpx:hr>
        </gpxtpx:TrackPointExtension></extensions>
      </trkpt>
      <trkpt lat="30.386432" lon="103.835508">
        <ele>439.0</ele>
        <time>2023-12-23T01:28:24Z</time>
        <extensions><gpxtpx:TrackPointExtension>
          <gpxtpx:hr>173</gpxtpx:hr>
        </gpxtpx:TrackPointExtension></extensions>
      </trkpt>
      <trkpt lat="30.386405" lon="103.83552">
        <ele>439.0</ele>
        <time>2023-12-23T01:28:25Z</time>
        <extensions><gpxtpx:TrackPointExtension>
          <gpxtpx:hr>173</gpxtpx:hr>
        </gpxtpx:TrackPointExtension></extensions>
      </trkpt>
      <trkpt lat="30.386378" lon="103.835532">
        <ele>439.0</ele>
        <time>2023-12-23T01:28:26Z</time>
        <extensions><gpxtpx:TrackPointExtension>
          <gpxtpx:hr>173</gpxtpx:hr>
        </gpxtpx:TrackPointExtension></extensions>
      </trkpt>
      <trkpt lat="30.386351" lon="103.835544">
        <ele>439.0</ele>
        <time>2023-12-23T01:28:27Z</time>
        <extensions><gpxtpx:TrackPointExtension>
          <gpxtpx:hr>173</gpxtpx:hr>
        </gpxtpx:TrackPointExtension></extensions>
      </trkpt>
      <trkpt lat="30.386323" lon="103.835556">
        <ele>439.0</ele>
        <time>2023-12-23T01:28:28Z</time>
        <extensions><gpxtpx:TrackPointExtension>
          <gpxtpx:hr>173</gpxtpx:hr>
        </gpxtpx:TrackPointExtension></extensions>
      </trkpt>
      <trkpt lat="30.386295" lon="103.835568">
        <ele>439.0</ele>
        <time>2023-12-23T01:28:29Z</time>
        <extensions><gpxtpx:TrackPointExtension>
          <gpxtpx:hr>173</gpxtpx:hr>
        </gpxtpx:TrackPointExtension></extensions>
      </trkpt>
      <trkpt lat="30.386266" lon="103.835578">
        <ele>439.0</ele>
        <time>2023-12-23T01:28:30Z</time>
        <extensions><gpxtpx:TrackPointExtension>
          <gpxtpx:hr>173</gpxtpx:hr>
        </gpxtpx:TrackPointExtension></extensions>
      </trkpt>
      <trkpt lat="30.386237" lon="103.835589">
        <ele>439.0</ele>
        <time>2023-12-23T01:28:31Z</time>
        <extensions><gpxtpx:TrackPointExtension>
          <gpxtpx:hr>173</gpxtpx:hr>
        </gpxtpx:TrackPointExtension></extensions>
      </trkpt>
      <trkpt lat="30.386208" lon="103.8356">
        <ele>439.0</ele>
        <time>2023-12-23T01:28:32Z</time>
        <extensions><gpxtpx:TrackPointExtension>
          <gpxtpx:hr>172</gpxtpx:hr>
        </gpxtpx:TrackPointExtension></extensions>
      </trkpt>
      <trkpt lat="30.386178" lon="103.835611">
        <ele>439.0</ele>
        <time>2023-12-23T01:28:33Z</time>
        <extensions><gpxtpx:TrackPointExtension>
          <gpxtpx:hr>171</gpxtpx:hr>
        </gpxtpx:TrackPointExtension></extensions>
      </trkpt>
      <trkpt lat="30.386149" lon="103.835621">
        <ele>439.0</ele>
        <time>2023-12-23T01:28:34Z</time>
        <extensions><gpxtpx:TrackPointExtension>
          <gpxtpx:hr>170</gpxtpx:hr>
        </gpxtpx:TrackPointExtension></extensions>
      </trkpt>
      <trkpt lat="30.386119" lon="103.835632">
        <ele>439.0</ele>
        <time>2023-12-23T01:28:35Z</time>
        <extensions><gpxtpx:TrackPointExtension>
          <gpxtpx:hr>169</gpxtpx:hr>
        </gpxtpx:TrackPointExtension></extensions>
      </trkpt>
      <trkpt lat="30.386089" lon="103.835643">
        <ele>439.0</ele>
        <time>2023-12-23T01:28:36Z</time>
        <extensions><gpxtpx:TrackPointExtension>
          <gpxtpx:hr>169</gpxtpx:hr>
        </gpxtpx:TrackPointExtension></extensions>
      </trkpt>
      <trkpt lat="30.38606" lon="103.835654">
        <ele>439.0</ele>
        <time>2023-12-23T01:28:37Z</time>
        <extensions><gpxtpx:TrackPointExtension>
          <gpxtpx:hr>169</gpxtpx:hr>
        </gpxtpx:TrackPointExtension></extensions>
      </trkpt>
      <trkpt lat="30.386031" lon="103.835665">
        <ele>439.0</ele>
        <time>2023-12-23T01:28:38Z</time>
        <extensions><gpxtpx:TrackPointExtension>
          <gpxtpx:hr>169</gpxtpx:hr>
        </gpxtpx:TrackPointExtension></extensions>
      </trkpt>
      <trkpt lat="30.386003" lon="103.835677">
        <ele>439.0</ele>
        <time>2023-12-23T01:28:39Z</time>
        <extensions><gpxtpx:TrackPointExtension>
          <gpxtpx:hr>169</gpxtpx:hr>
        </gpxtpx:TrackPointExtension></extensions>
      </trkpt>
      <trkpt lat="30.385975" lon="103.835689">
        <ele>439.0</ele>
        <time>2023-12-23T01:28:40Z</time>
        <extensions><gpxtpx:TrackPointExtension>
          <gpxtpx:hr>168</gpxtpx:hr>
        </gpxtpx:TrackPointExtension></extensions>
      </trkpt>
      <trkpt lat="30.385947" lon="103.8357">
        <ele>439.0</ele>
        <time>2023-12-23T01:28:41Z</time>
        <extensions><gpxtpx:TrackPointExtension>
          <gpxtpx:hr>166</gpxtpx:hr>
        </gpxtpx:TrackPointExtension></extensions>
      </trkpt>
      <trkpt lat="30.385919" lon="103.835712">
        <ele>439.0</ele>
        <time>2023-12-23T01:28:42Z</time>
        <extensions><gpxtpx:TrackPointExtension>
          <gpxtpx:hr>166</gpxtpx:hr>
        </gpxtpx:TrackPointExtension></extensions>
      </trkpt>
      <trkpt lat="30.385891" lon="103.835723">
        <ele>439.0</ele>
        <time>2023-12-23T01:28:43Z</time>
        <extensions><gpxtpx:TrackPointExtension>
          <gpxtpx:hr>166</gpxtpx:hr>
        </gpxtpx:TrackPointExtension></extensions>
      </trkpt>
      <trkpt lat="30.385863" lon="103.835734">
        <ele>439.0</ele>
        <time>2023-12-23T01:28:44Z</time>
        <extensions><gpxtpx:TrackPointExtension>
          <gpxtpx:hr>166</gpxtpx:hr>
        </gpxtpx:TrackPointExtension></extensions>
      </trkpt>
      <trkpt lat="30.385836" lon="103.835746">
        <ele>439.0</ele>
        <time>2023-12-23T01:28:45Z</time>
        <extensions><gpxtpx:TrackPointExtension>
          <gpxtpx:hr>166</gpxtpx:hr>
        </gpxtpx:TrackPointExtension></extensions>
      </trkpt>
      <trkpt lat="30.385807" lon="103.835757">
        <ele>439.0</ele>
        <time>2023-12-23T01:28:46Z</time>
        <extensions><gpxtpx:TrackPointExtension>
          <gpxtpx:hr>166</gpxtpx:hr>
        </gpxtpx:TrackPointExtension></extensions>
      </trkpt>
      <trkpt lat="30.385778" lon="103.835769">
        <ele>439.0</ele>
        <time>2023-12-23T01:28:47Z</time>
        <extensions><gpxtpx:TrackPointExtension>
          <gpxtpx:hr>166</gpxtpx:hr>
        </gpxtpx:TrackPointExtension></extensions>
      </trkpt>
      <trkpt lat="30.385749" lon="103.83578">
        <ele>439.0</ele>
        <time>2023-12-23T01:28:48Z</time>
        <extensions><gpxtpx:TrackPointExtension>
          <gpxtpx:hr>166</gpxtpx:hr>
        </gpxtpx:TrackPointExtension></extensions>
      </trkpt>
      <trkpt lat="30.385721" lon="103.835791">
        <ele>439.0</ele>
        <time>2023-12-23T01:28:49Z</time>
        <extensions><gpxtpx:TrackPointExtension>
          <gpxtpx:hr>166</gpxtpx:hr>
        </gpxtpx:TrackPointExtension></extensions>
      </trkpt>
      <trkpt lat="30.385692" lon="103.835802">
        <ele>439.0</ele>
        <time>2023-12-23T01:28:50Z</time>
        <extensions><gpxtpx:TrackPointExtension>
          <gpxtpx:hr>166</gpxtpx:hr>
        </gpxtpx:TrackPointExtension></extensions>
      </trkpt>
      <trkpt lat="30.385663" lon="103.835813">
        <ele>439.0</ele>
        <time>2023-12-23T01:28:51Z</time>
        <extensions><gpxtpx:TrackPointExtension>
          <gpxtpx:hr>166</gpxtpx:hr>
        </gpxtpx:TrackPointExtension></extensions>
      </trkpt>
      <trkpt lat="30.385634" lon="103.835825">
        <ele>439.0</ele>
        <time>2023-12-23T01:28:52Z</time>
        <extensions><gpxtpx:TrackPointExtension>
          <gpxtpx:hr>166</gpxtpx:hr>
        </gpxtpx:TrackPointExtension></extensions>
      </trkpt>
      <trkpt lat="30.385606" lon="103.835836">
        <ele>439.0</ele>
        <time>2023-12-23T01:28:53Z</time>
        <extensions><gpxtpx:TrackPointExtension>
          <gpxtpx:hr>166</gpxtpx:hr>
        </gpxtpx:TrackPointExtension></extensions>
      </trkpt>
      <trkpt lat="30.385577" lon="103.835848">
        <ele>439.0</ele>
        <time>2023-12-23T01:28:54Z</time>
        <extensions><gpxtpx:TrackPointExtension>
          <gpxtpx:hr>166</gpxtpx:hr>
        </gpxtpx:TrackPointExtension></extensions>
      </trkpt>
      <trkpt lat="30.385549" lon="103.835859">
        <ele>439.0</ele>
        <time>2023-12-23T01:28:55Z</time>
        <extensions><gpxtpx:TrackPointExtension>
          <gpxtpx:hr>166</gpxtpx:hr>
        </gpxtpx:TrackPointExtension></extensions>
      </trkpt>
      <trkpt lat="30.385521" lon="103.83587">
        <ele>439.0</ele>
        <time>2023-12-23T01:28:56Z</time>
        <extensions><gpxtpx:TrackPointExtension>
          <gpxtpx:hr>166</gpxtpx:hr>
        </gpxtpx:TrackPointExtension></extensions>
      </trkpt>
      <trkpt lat="30.385493" lon="103.835881">
        <ele>439.0</ele>
        <time>2023-12-23T01:28:57Z</time>
        <extensions><gpxtpx:TrackPointExtension>
          <gpxtpx:hr>166</gpxtpx:hr>
        </gpxtpx:TrackPointExtension></extensions>
      </trkpt>
      <trkpt lat="30.385465" lon="103.835892">
        <ele>439.0</ele>
        <time>2023-12-23T01:28:58Z</time>
        <extensions><gpxtpx:TrackPointExtension>
          <gpxtpx:hr>166</gpxtpx:hr>
        </gpxtpx:TrackPointExtension></extensions>
      </trkpt>
      <trkpt lat="30.385437" lon="103.835902">
        <ele>439.0</ele>
        <time>2023-12-23T01:28:59Z</time>
        <extensions><gpxtpx:TrackPointExtension>
          <gpxtpx:hr>166</gpxtpx:hr>
        </gpxtpx:TrackPointExtension></extensions>
      </trkpt>
      <trkpt lat="30.385409" lon="103.835914">
        <ele>439.0</ele>
        <time>2023-12-23T01:29:00Z</time>
        <extensions><gpxtpx:TrackPointExtension>
          <gpxtpx:hr>166</gpxtpx:hr>
        </gpxtpx:TrackPointExtension></extensions>
      </trkpt>
      <trkpt lat="30.385381" lon="103.835925">
        <ele>439.0</ele>
        <time>2023-12-23T01:29:01Z</time>
        <extensions><gpxtpx:TrackPointExtension>
          <gpxtpx:hr>166</gpxtpx:hr>
        </gpxtpx:TrackPointExtension></extensions>
      </trkpt>
      <trkpt lat="30.385353" lon="103.835937">
        <ele>439.0</ele>
        <time>2023-12-23T01:29:02Z</time>
        <extensions><gpxtpx:TrackPointExtension>
          <gpxtpx:hr>166</gpxtpx:hr>
        </gpxtpx:TrackPointExtension></extensions>
      </trkpt>
      <trkpt lat="30.385325" lon="103.835948">
        <ele>439.0</ele>
        <time>2023-12-23T01:29:03Z</time>
        <extensions><gpxtpx:TrackPointExtension>
          <gpxtpx:hr>166</gpxtpx:hr>
        </gpxtpx:TrackPointExtension></extensions>
      </trkpt>
      <trkpt lat="30.385297" lon="103.83596">
        <ele>439.0</ele>
        <time>2023-12-23T01:29:04Z</time>
        <extensions><gpxtpx:TrackPointExtension>
          <gpxtpx:hr>166</gpxtpx:hr>
        </gpxtpx:TrackPointExtension></extensions>
      </trkpt>
      <trkpt lat="30.385269" lon="103.835971">
        <ele>439.0</ele>
        <time>2023-12-23T01:29:05Z</time>
        <extensions><gpxtpx:TrackPointExtension>
          <gpxtpx:hr>167</gpxtpx:hr>
        </gpxtpx:TrackPointExtension></extensions>
      </trkpt>
      <trkpt lat="30.385241" lon="103.835983">
        <ele>439.0</ele>
        <time>2023-12-23T01:29:06Z</time>
        <extensions><gpxtpx:TrackPointExtension>
          <gpxtpx:hr>167</gpxtpx:hr>
        </gpxtpx:TrackPointExtension></extensions>
      </trkpt>
      <trkpt lat="30.385212" lon="103.835994">
        <ele>439.0</ele>
        <time>2023-12-23T01:29:07Z</time>
        <extensions><gpxtpx:TrackPointExtension>
          <gpxtpx:hr>167</gpxtpx:hr>
        </gpxtpx:TrackPointExtension></extensions>
      </trkpt>
      <trkpt lat="30.385183" lon="103.836005">
        <ele>439.0</ele>
        <time>2023-12-23T01:29:08Z</time>
        <extensions><gpxtpx:TrackPointExtension>
          <gpxtpx:hr>167</gpxtpx:hr>
        </gpxtpx:TrackPointExtension></extensions>
      </trkpt>
      <trkpt lat="30.385154" lon="103.836016">
        <ele>439.0</ele>
        <time>2023-12-23T01:29:09Z</time>
        <extensions><gpxtpx:TrackPointExtension>
          <gpxtpx:hr>166</gpxtpx:hr>
        </gpxtpx:TrackPointExtension></extensions>
      </trkpt>
      <trkpt lat="30.385125" lon="103.836027">
        <ele>439.0</ele>
        <time>2023-12-23T01:29:10Z</time>
        <extensions><gpxtpx:TrackPointExtension>
          <gpxtpx:hr>166</gpxtpx:hr>
        </gpxtpx:TrackPointExtension></extensions>
      </trkpt>
      <trkpt lat="30.385096" lon="103.836038">
        <ele>439.0</ele>
        <time>2023-12-23T01:29:11Z</time>
        <extensions><gpxtpx:TrackPointExtension>
          <gpxtpx:hr>166</gpxtpx:hr>
        </gpxtpx:TrackPointExtension></extensions>
      </trkpt>
      <trkpt lat="30.385067" lon="103.836049">
        <ele>439.0</ele>
        <time>2023-12-23T01:29:12Z</time>
        <extensions><gpxtpx:TrackPointExtension>
          <gpxtpx:hr>166</gpxtpx:hr>
        </gpxtpx:TrackPointExtension></extensions>
      </trkpt>
      <trkpt lat="30.385039" lon="103.83606">
        <ele>439.0</ele>
        <time>2023-12-23T01:29:13Z</time>
        <extensions><gpxtpx:TrackPointExtension>
          <gpxtpx:hr>166</gpxtpx:hr>
        </gpxtpx:TrackPointExtension></extensions>
      </trkpt>
      <trkpt lat="30.38501" lon="103.836072">
        <ele>439.0</ele>
        <time>2023-12-23T01:29:14Z</time>
        <extensions><gpxtpx:TrackPointExtension>
          <gpxtpx:hr>166</gpxtpx:hr>
        </gpxtpx:TrackPointExtension></extensions>
      </trkpt>
      <trkpt lat="30.384981" lon="103.836085">
        <ele>439.0</ele>
        <time>2023-12-23T01:29:15Z</time>
        <extensions><gpxtpx:TrackPointExtension>
          <gpxtpx:hr>166</gpxtpx:hr>
        </gpxtpx:TrackPointExtension></extensions>
      </trkpt>
      <trkpt lat="30.384951" lon="103.836097">
        <ele>439.0</ele>
        <time>2023-12-23T01:29:16Z</time>
        <extensions><gpxtpx:TrackPointExtension>
          <gpxtpx:hr>165</gpxtpx:hr>
        </gpxtpx:TrackPointExtension></extensions>
      </trkpt>
      <trkpt lat="30.38492" lon="103.836109">
        <ele>439.0</ele>
        <time>2023-12-23T01:29:17Z</time>
        <extensions><gpxtpx:TrackPointExtension>
          <gpxtpx:hr>165</gpxtpx:hr>
        </gpxtpx:TrackPointExtension></extensions>
      </trkpt>
      <trkpt lat="30.38489" lon="103.83612">
        <ele>439.0</ele>
        <time>2023-12-23T01:29:18Z</time>
        <extensions><gpxtpx:TrackPointExtension>
          <gpxtpx:hr>165</gpxtpx:hr>
        </gpxtpx:TrackPointExtension></extensions>
      </trkpt>
      <trkpt lat="30.384859" lon="103.836132">
        <ele>439.0</ele>
        <time>2023-12-23T01:29:19Z</time>
        <extensions><gpxtpx:TrackPointExtension>
          <gpxtpx:hr>165</gpxtpx:hr>
        </gpxtpx:TrackPointExtension></extensions>
      </trkpt>
      <trkpt lat="30.38483" lon="103.836143">
        <ele>439.0</ele>
        <time>2023-12-23T01:29:20Z</time>
        <extensions><gpxtpx:TrackPointExtension>
          <gpxtpx:hr>166</gpxtpx:hr>
        </gpxtpx:TrackPointExtension></extensions>
      </trkpt>
      <trkpt lat="30.384801" lon="103.836154">
        <ele>439.0</ele>
        <time>2023-12-23T01:29:21Z</time>
        <extensions><gpxtpx:TrackPointExtension>
          <gpxtpx:hr>166</gpxtpx:hr>
        </gpxtpx:TrackPointExtension></extensions>
      </trkpt>
      <trkpt lat="30.384771" lon="103.836165">
        <ele>439.0</ele>
        <time>2023-12-23T01:29:22Z</time>
        <extensions><gpxtpx:TrackPointExtension>
          <gpxtpx:hr>166</gpxtpx:hr>
        </gpxtpx:TrackPointExtension></extensions>
      </trkpt>
      <trkpt lat="30.384742" lon="103.836175">
        <ele>439.0</ele>
        <time>2023-12-23T01:29:23Z</time>
        <extensions><gpxtpx:TrackPointExtension>
          <gpxtpx:hr>166</gpxtpx:hr>
        </gpxtpx:TrackPointExtension></extensions>
      </trkpt>
      <trkpt lat="30.384712" lon="103.836185">
        <ele>439.0</ele>
        <time>2023-12-23T01:29:24Z</time>
        <extensions><gpxtpx:TrackPointExtension>
          <gpxtpx:hr>166</gpxtpx:hr>
        </gpxtpx:TrackPointExtension></extensions>
      </trkpt>
      <trkpt lat="30.384682" lon="103.836195">
        <ele>439.0</ele>
        <time>2023-12-23T01:29:25Z</time>
        <extensions><gpxtpx:TrackPointExtension>
          <gpxtpx:hr>166</gpxtpx:hr>
        </gpxtpx:TrackPointExtension></extensions>
      </trkpt>
      <trkpt lat="30.384651" lon="103.836204">
        <ele>439.0</ele>
        <time>2023-12-23T01:29:26Z</time>
        <extensions><gpxtpx:TrackPointExtension>
          <gpxtpx:hr>167</gpxtpx:hr>
        </gpxtpx:TrackPointExtension></extensions>
      </trkpt>
      <trkpt lat="30.38462" lon="103.836213">
        <ele>439.0</ele>
        <time>2023-12-23T01:29:27Z</time>
        <extensions><gpxtpx:TrackPointExtension>
          <gpxtpx:hr>167</gpxtpx:hr>
        </gpxtpx:TrackPointExtension></extensions>
      </trkpt>
      <trkpt lat="30.384589" lon="103.836221">
        <ele>439.0</ele>
        <time>2023-12-23T01:29:28Z</time>
        <extensions><gpxtpx:TrackPointExtension>
          <gpxtpx:hr>167</gpxtpx:hr>
        </gpxtpx:TrackPointExtension></extensions>
      </trkpt>
      <trkpt lat="30.384557" lon="103.83623">
        <ele>439.0</ele>
        <time>2023-12-23T01:29:29Z</time>
        <extensions><gpxtpx:TrackPointExtension>
          <gpxtpx:hr>167</gpxtpx:hr>
        </gpxtpx:TrackPointExtension></extensions>
      </trkpt>
      <trkpt lat="30.384525" lon="103.836238">
        <ele>439.0</ele>
        <time>2023-12-23T01:29:30Z</time>
        <extensions><gpxtpx:TrackPointExtension>
          <gpxtpx:hr>167</gpxtpx:hr>
        </gpxtpx:TrackPointExtension></extensions>
      </trkpt>
      <trkpt lat="30.384493" lon="103.836247">
        <ele>439.0</ele>
        <time>2023-12-23T01:29:31Z</time>
        <extensions><gpxtpx:TrackPointExtension>
          <gpxtpx:hr>167</gpxtpx:hr>
        </gpxtpx:TrackPointExtension></extensions>
      </trkpt>
      <trkpt lat="30.38446" lon="103.836256">
        <ele>439.0</ele>
        <time>2023-12-23T01:29:32Z</time>
        <extensions><gpxtpx:TrackPointExtension>
          <gpxtpx:hr>167</gpxtpx:hr>
        </gpxtpx:TrackPointExtension></extensions>
      </trkpt>
      <trkpt lat="30.384428" lon="103.836265">
        <ele>439.0</ele>
        <time>2023-12-23T01:29:33Z</time>
        <extensions><gpxtpx:TrackPointExtension>
          <gpxtpx:hr>167</gpxtpx:hr>
        </gpxtpx:TrackPointExtension></extensions>
      </trkpt>
      <trkpt lat="30.384396" lon="103.836274">
        <ele>439.0</ele>
        <time>2023-12-23T01:29:34Z</time>
        <extensions><gpxtpx:TrackPointExtension>
          <gpxtpx:hr>167</gpxtpx:hr>
        </gpxtpx:TrackPointExtension></extensions>
      </trkpt>
      <trkpt lat="30.384364" lon="103.836284">
        <ele>439.0</ele>
        <time>2023-12-23T01:29:35Z</time>
        <extensions><gpxtpx:TrackPointExtension>
          <gpxtpx:hr>167</gpxtpx:hr>
        </gpxtpx:TrackPointExtension></extensions>
      </trkpt>
      <trkpt lat="30.384353" lon="103.836287">
        <ele>439.0</ele>
        <time>2023-12-23T01:29:36Z</time>
        <extensions><gpxtpx:TrackPointExtension>
          <gpxtpx:hr>167</gpxtpx:hr>
        </gpxtpx:TrackPointExtension></extensions>
      </trkpt>
      <trkpt lat="30.384342" lon="103.83629">
        <ele>439.0</ele>
        <time>2023-12-23T01:29:37Z</time>
        <extensions><gpxtpx:TrackPointExtension>
          <gpxtpx:hr>167</gpxtpx:hr>
        </gpxtpx:TrackPointExtension></extensions>
      </trkpt>
      <trkpt lat="30.384332" lon="103.836293">
        <ele>439.0</ele>
        <time>2023-12-23T01:29:38Z</time>
        <extensions><gpxtpx:TrackPointExtension>
          <gpxtpx:hr>167</gpxtpx:hr>
        </gpxtpx:TrackPointExtension></extensions>
      </trkpt>
      <trkpt lat="30.384321" lon="103.836296">
        <ele>439.0</ele>
        <time>2023-12-23T01:29:39Z</time>
        <extensions><gpxtpx:TrackPointExtension>
          <gpxtpx:hr>167</gpxtpx:hr>
        </gpxtpx:TrackPointExtension></extensions>
      </trkpt>
      <trkpt lat="30.384314" lon="103.8363">
        <ele>439.0</ele>
        <time>2023-12-23T01:29:40Z</time>
        <extensions><gpxtpx:TrackPointExtension>
          <gpxtpx:hr>167</gpxtpx:hr>
        </gpxtpx:TrackPointExtension></extensions>
      </trkpt>
      <trkpt lat="30.384307" lon="103.836303">
        <ele>439.0</ele>
        <time>2023-12-23T01:29:41Z</time>
        <extensions><gpxtpx:TrackPointExtension>
          <gpxtpx:hr>167</gpxtpx:hr>
        </gpxtpx:TrackPointExtension></extensions>
      </trkpt>
      <trkpt lat="30.384298" lon="103.83631">
        <ele>439.0</ele>
        <time>2023-12-23T01:29:42Z</time>
        <extensions><gpxtpx:TrackPointExtension>
          <gpxtpx:hr>167</gpxtpx:hr>
        </gpxtpx:TrackPointExtension></extensions>
      </trkpt>
      <trkpt lat="30.384289" lon="103.836316">
        <ele>439.0</ele>
        <time>2023-12-23T01:29:43Z</time>
        <extensions><gpxtpx:TrackPointExtension>
          <gpxtpx:hr>167</gpxtpx:hr>
        </gpxtpx:TrackPointExtension></extensions>
      </trkpt>
      <trkpt lat="30.384268" lon="103.836331">
        <ele>439.0</ele>
        <time>2023-12-23T01:29:44Z</time>
        <extensions><gpxtpx:TrackPointExtension>
          <gpxtpx:hr>166</gpxtpx:hr>
        </gpxtpx:TrackPointExtension></extensions>
      </trkpt>
      <trkpt lat="30.384247" lon="103.836346">
        <ele>439.0</ele>
        <time>2023-12-23T01:29:45Z</time>
        <extensions><gpxtpx:TrackPointExtension>
          <gpxtpx:hr>166</gpxtpx:hr>
        </gpxtpx:TrackPointExtension></extensions>
      </trkpt>
      <trkpt lat="30.384217" lon="103.836366">
        <ele>439.0</ele>
        <time>2023-12-23T01:29:46Z</time>
        <extensions><gpxtpx:TrackPointExtension>
          <gpxtpx:hr>167</gpxtpx:hr>
        </gpxtpx:TrackPointExtension></extensions>
      </trkpt>
      <trkpt lat="30.384188" lon="103.836386">
        <ele>439.0</ele>
        <time>2023-12-23T01:29:47Z</time>
        <extensions><gpxtpx:TrackPointExtension>
          <gpxtpx:hr>167</gpxtpx:hr>
        </gpxtpx:TrackPointExtension></extensions>
      </trkpt>
      <trkpt lat="30.384154" lon="103.836404">
        <ele>439.0</ele>
        <time>2023-12-23T01:29:48Z</time>
        <extensions><gpxtpx:TrackPointExtension>
          <gpxtpx:hr>167</gpxtpx:hr>
        </gpxtpx:TrackPointExtension></extensions>
      </trkpt>
      <trkpt lat="30.38412" lon="103.836423">
        <ele>439.0</ele>
        <time>2023-12-23T01:29:49Z</time>
        <extensions><gpxtpx:TrackPointExtension>
          <gpxtpx:hr>167</gpxtpx:hr>
        </gpxtpx:TrackPointExtension></extensions>
      </trkpt>
      <trkpt lat="30.384085" lon="103.836438">
        <ele>439.0</ele>
        <time>2023-12-23T01:29:50Z</time>
        <extensions><gpxtpx:TrackPointExtension>
          <gpxtpx:hr>167</gpxtpx:hr>
        </gpxtpx:TrackPointExtension></extensions>
      </trkpt>
      <trkpt lat="30.38405" lon="103.836454">
        <ele>439.0</ele>
        <time>2023-12-23T01:29:51Z</time>
        <extensions><gpxtpx:TrackPointExtension>
          <gpxtpx:hr>167</gpxtpx:hr>
        </gpxtpx:TrackPointExtension></extensions>
      </trkpt>
      <trkpt lat="30.384014" lon="103.836468">
        <ele>439.0</ele>
        <time>2023-12-23T01:29:52Z</time>
        <extensions><gpxtpx:TrackPointExtension>
          <gpxtpx:hr>167</gpxtpx:hr>
        </gpxtpx:TrackPointExtension></extensions>
      </trkpt>
      <trkpt lat="30.383979" lon="103.836481">
        <ele>439.0</ele>
        <time>2023-12-23T01:29:53Z</time>
        <extensions><gpxtpx:TrackPointExtension>
          <gpxtpx:hr>167</gpxtpx:hr>
        </gpxtpx:TrackPointExtension></extensions>
      </trkpt>
      <trkpt lat="30.383944" lon="103.836494">
        <ele>439.0</ele>
        <time>2023-12-23T01:29:54Z</time>
        <extensions><gpxtpx:TrackPointExtension>
          <gpxtpx:hr>167</gpxtpx:hr>
        </gpxtpx:TrackPointExtension></extensions>
      </trkpt>
      <trkpt lat="30.383909" lon="103.836508">
        <ele>439.0</ele>
        <time>2023-12-23T01:29:55Z</time>
        <extensions><gpxtpx:TrackPointExtension>
          <gpxtpx:hr>167</gpxtpx:hr>
        </gpxtpx:TrackPointExtension></extensions>
      </trkpt>
      <trkpt lat="30.383875" lon="103.836521">
        <ele>439.0</ele>
        <time>2023-12-23T01:29:56Z</time>
        <extensions><gpxtpx:TrackPointExtension>
          <gpxtpx:hr>167</gpxtpx:hr>
        </gpxtpx:TrackPointExtension></extensions>
      </trkpt>
      <trkpt lat="30.383841" lon="103.836535">
        <ele>439.0</ele>
        <time>2023-12-23T01:29:57Z</time>
        <extensions><gpxtpx:TrackPointExtension>
          <gpxtpx:hr>167</gpxtpx:hr>
        </gpxtpx:TrackPointExtension></extensions>
      </trkpt>
      <trkpt lat="30.383809" lon="103.836548">
        <ele>439.0</ele>
        <time>2023-12-23T01:29:58Z</time>
        <extensions><gpxtpx:TrackPointExtension>
          <gpxtpx:hr>167</gpxtpx:hr>
        </gpxtpx:TrackPointExtension></extensions>
      </trkpt>
      <trkpt lat="30.383776" lon="103.836562">
        <ele>439.0</ele>
        <time>2023-12-23T01:29:59Z</time>
        <extensions><gpxtpx:TrackPointExtension>
          <gpxtpx:hr>167</gpxtpx:hr>
        </gpxtpx:TrackPointExtension></extensions>
      </trkpt>
      <trkpt lat="30.383745" lon="103.836575">
        <ele>439.0</ele>
        <time>2023-12-23T01:30:00Z</time>
        <extensions><gpxtpx:TrackPointExtension>
          <gpxtpx:hr>167</gpxtpx:hr>
        </gpxtpx:TrackPointExtension></extensions>
      </trkpt>
      <trkpt lat="30.383714" lon="103.836588">
        <ele>439.0</ele>
        <time>2023-12-23T01:30:01Z</time>
        <extensions><gpxtpx:TrackPointExtension>
          <gpxtpx:hr>167</gpxtpx:hr>
        </gpxtpx:TrackPointExtension></extensions>
      </trkpt>
      <trkpt lat="30.383683" lon="103.836601">
        <ele>439.0</ele>
        <time>2023-12-23T01:30:02Z</time>
        <extensions><gpxtpx:TrackPointExtension>
          <gpxtpx:hr>167</gpxtpx:hr>
        </gpxtpx:TrackPointExtension></extensions>
      </trkpt>
      <trkpt lat="30.383652" lon="103.836613">
        <ele>439.0</ele>
        <time>2023-12-23T01:30:03Z</time>
        <extensions><gpxtpx:TrackPointExtension>
          <gpxtpx:hr>167</gpxtpx:hr>
        </gpxtpx:TrackPointExtension></extensions>
      </trkpt>
      <trkpt lat="30.383621" lon="103.836626">
        <ele>439.0</ele>
        <time>2023-12-23T01:30:04Z</time>
        <extensions><gpxtpx:TrackPointExtension>
          <gpxtpx:hr>167</gpxtpx:hr>
        </gpxtpx:TrackPointExtension></extensions>
      </trkpt>
      <trkpt lat="30.383589" lon="103.836638">
        <ele>439.0</ele>
        <time>2023-12-23T01:30:05Z</time>
        <extensions><gpxtpx:TrackPointExtension>
          <gpxtpx:hr>166</gpxtpx:hr>
        </gpxtpx:TrackPointExtension></extensions>
      </trkpt>
      <trkpt lat="30.383557" lon="103.836651">
        <ele>439.0</ele>
        <time>2023-12-23T01:30:06Z</time>
        <extensions><gpxtpx:TrackPointExtension>
          <gpxtpx:hr>166</gpxtpx:hr>
        </gpxtpx:TrackPointExtension></extensions>
      </trkpt>
      <trkpt lat="30.383525" lon="103.836664">
        <ele>439.0</ele>
        <time>2023-12-23T01:30:07Z</time>
        <extensions><gpxtpx:TrackPointExtension>
          <gpxtpx:hr>166</gpxtpx:hr>
        </gpxtpx:TrackPointExtension></extensions>
      </trkpt>
      <trkpt lat="30.383492" lon="103.836677">
        <ele>439.0</ele>
        <time>2023-12-23T01:30:08Z</time>
        <extensions><gpxtpx:TrackPointExtension>
          <gpxtpx:hr>167</gpxtpx:hr>
        </gpxtpx:TrackPointExtension></extensions>
      </trkpt>
      <trkpt lat="30.38346" lon="103.836689">
        <ele>439.0</ele>
        <time>2023-12-23T01:30:09Z</time>
        <extensions><gpxtpx:TrackPointExtension>
          <gpxtpx:hr>167</gpxtpx:hr>
        </gpxtpx:TrackPointExtension></extensions>
      </trkpt>
      <trkpt lat="30.383428" lon="103.836703">
        <ele>439.0</ele>
        <time>2023-12-23T01:30:10Z</time>
        <extensions><gpxtpx:TrackPointExtension>
          <gpxtpx:hr>167</gpxtpx:hr>
        </gpxtpx:TrackPointExtension></extensions>
      </trkpt>
      <trkpt lat="30.383395" lon="103.836716">
        <ele>439.0</ele>
        <time>2023-12-23T01:30:11Z</time>
        <extensions><gpxtpx:TrackPointExtension>
          <gpxtpx:hr>167</gpxtpx:hr>
        </gpxtpx:TrackPointExtension></extensions>
      </trkpt>
      <trkpt lat="30.383362" lon="103.836729">
        <ele>439.0</ele>
        <time>2023-12-23T01:30:12Z</time>
        <extensions><gpxtpx:TrackPointExtension>
          <gpxtpx:hr>167</gpxtpx:hr>
        </gpxtpx:TrackPointExtension></extensions>
      </trkpt>
      <trkpt lat="30.38333" lon="103.836743">
        <ele>439.0</ele>
        <time>2023-12-23T01:30:13Z</time>
        <extensions><gpxtpx:TrackPointExtension>
          <gpxtpx:hr>167</gpxtpx:hr>
        </gpxtpx:TrackPointExtension></extensions>
      </trkpt>
      <trkpt lat="30.383297" lon="103.836755">
        <ele>439.0</ele>
        <time>2023-12-23T01:30:14Z</time>
        <extensions><gpxtpx:TrackPointExtension>
          <gpxtpx:hr>167</gpxtpx:hr>
        </gpxtpx:TrackPointExtension></extensions>
      </trkpt>
      <trkpt lat="30.383265" lon="103.836767">
        <ele>439.0</ele>
        <time>2023-12-23T01:30:15Z</time>
        <extensions><gpxtpx:TrackPointExtension>
          <gpxtpx:hr>167</gpxtpx:hr>
        </gpxtpx:TrackPointExtension></extensions>
      </trkpt>
      <trkpt lat="30.383233" lon="103.836778">
        <ele>439.0</ele>
        <time>2023-12-23T01:30:16Z</time>
        <extensions><gpxtpx:TrackPointExtension>
          <gpxtpx:hr>167</gpxtpx:hr>
        </gpxtpx:TrackPointExtension></extensions>
      </trkpt>
      <trkpt lat="30.383201" lon="103.836789">
        <ele>439.0</ele>
        <time>2023-12-23T01:30:17Z</time>
        <extensions><gpxtpx:TrackPointExtension>
          <gpxtpx:hr>167</gpxtpx:hr>
        </gpxtpx:TrackPointExtension></extensions>
      </trkpt>
      <trkpt lat="30.38317" lon="103.836801">
        <ele>439.0</ele>
        <time>2023-12-23T01:30:18Z</time>
        <extensions><gpxtpx:TrackPointExtension>
          <gpxtpx:hr>167</gpxtpx:hr>
        </gpxtpx:TrackPointExtension></extensions>
      </trkpt>
      <trkpt lat="30.383139" lon="103.836813">
        <ele>439.0</ele>
        <time>2023-12-23T01:30:19Z</time>
        <extensions><gpxtpx:TrackPointExtension>
          <gpxtpx:hr>167</gpxtpx:hr>
        </gpxtpx:TrackPointExtension></extensions>
      </trkpt>
      <trkpt lat="30.383109" lon="103.836825">
        <ele>439.0</ele>
        <time>2023-12-23T01:30:20Z</time>
        <extensions><gpxtpx:TrackPointExtension>
          <gpxtpx:hr>167</gpxtpx:hr>
        </gpxtpx:TrackPointExtension></extensions>
      </trkpt>
      <trkpt lat="30.383078" lon="103.836838">
        <ele>439.0</ele>
        <time>2023-12-23T01:30:21Z</time>
        <extensions><gpxtpx:TrackPointExtension>
          <gpxtpx:hr>168</gpxtpx:hr>
        </gpxtpx:TrackPointExtension></extensions>
      </trkpt>
      <trkpt lat="30.383047" lon="103.836849">
        <ele>439.0</ele>
        <time>2023-12-23T01:30:22Z</time>
        <extensions><gpxtpx:TrackPointExtension>
          <gpxtpx:hr>168</gpxtpx:hr>
        </gpxtpx:TrackPointExtension></extensions>
      </trkpt>
      <trkpt lat="30.383016" lon="103.836862">
        <ele>439.0</ele>
        <time>2023-12-23T01:30:23Z</time>
        <extensions><gpxtpx:TrackPointExtension>
          <gpxtpx:hr>168</gpxtpx:hr>
        </gpxtpx:TrackPointExtension></extensions>
      </trkpt>
      <trkpt lat="30.382983" lon="103.836874">
        <ele>439.0</ele>
        <time>2023-12-23T01:30:24Z</time>
        <extensions><gpxtpx:TrackPointExtension>
          <gpxtpx:hr>168</gpxtpx:hr>
        </gpxtpx:TrackPointExtension></extensions>
      </trkpt>
      <trkpt lat="30.382951" lon="103.836886">
        <ele>439.0</ele>
        <time>2023-12-23T01:30:25Z</time>
        <extensions><gpxtpx:TrackPointExtension>
          <gpxtpx:hr>169</gpxtpx:hr>
        </gpxtpx:TrackPointExtension></extensions>
      </trkpt>
      <trkpt lat="30.382919" lon="103.836899">
        <ele>439.0</ele>
        <time>2023-12-23T01:30:26Z</time>
        <extensions><gpxtpx:TrackPointExtension>
          <gpxtpx:hr>169</gpxtpx:hr>
        </gpxtpx:TrackPointExtension></extensions>
      </trkpt>
      <trkpt lat="30.382886" lon="103.836911">
        <ele>439.0</ele>
        <time>2023-12-23T01:30:27Z</time>
        <extensions><gpxtpx:TrackPointExtension>
          <gpxtpx:hr>169</gpxtpx:hr>
        </gpxtpx:TrackPointExtension></extensions>
      </trkpt>
      <trkpt lat="30.382854" lon="103.836924">
        <ele>439.0</ele>
        <time>2023-12-23T01:30:28Z</time>
        <extensions><gpxtpx:TrackPointExtension>
          <gpxtpx:hr>169</gpxtpx:hr>
        </gpxtpx:TrackPointExtension></extensions>
      </trkpt>
      <trkpt lat="30.382822" lon="103.836936">
        <ele>439.0</ele>
        <time>2023-12-23T01:30:29Z</time>
        <extensions><gpxtpx:TrackPointExtension>
          <gpxtpx:hr>169</gpxtpx:hr>
        </gpxtpx:TrackPointExtension></extensions>
      </trkpt>
      <trkpt lat="30.38279" lon="103.836949">
        <ele>439.0</ele>
        <time>2023-12-23T01:30:30Z</time>
        <extensions><gpxtpx:TrackPointExtension>
          <gpxtpx:hr>169</gpxtpx:hr>
        </gpxtpx:TrackPointExtension></extensions>
      </trkpt>
      <trkpt lat="30.382758" lon="103.836961">
        <ele>439.0</ele>
        <time>2023-12-23T01:30:31Z</time>
        <extensions><gpxtpx:TrackPointExtension>
          <gpxtpx:hr>169</gpxtpx:hr>
        </gpxtpx:TrackPointExtension></extensions>
      </trkpt>
      <trkpt lat="30.382726" lon="103.836973">
        <ele>439.0</ele>
        <time>2023-12-23T01:30:32Z</time>
        <extensions><gpxtpx:TrackPointExtension>
          <gpxtpx:hr>169</gpxtpx:hr>
        </gpxtpx:TrackPointExtension></extensions>
      </trkpt>
      <trkpt lat="30.382694" lon="103.836986">
        <ele>439.0</ele>
        <time>2023-12-23T01:30:33Z</time>
        <extensions><gpxtpx:TrackPointExtension>
          <gpxtpx:hr>169</gpxtpx:hr>
        </gpxtpx:TrackPointExtension></extensions>
      </trkpt>
      <trkpt lat="30.38266" lon="103.836998">
        <ele>439.0</ele>
        <time>2023-12-23T01:30:34Z</time>
        <extensions><gpxtpx:TrackPointExtension>
          <gpxtpx:hr>169</gpxtpx:hr>
        </gpxtpx:TrackPointExtension></extensions>
      </trkpt>
      <trkpt lat="30.382627" lon="103.83701">
        <ele>439.0</ele>
        <time>2023-12-23T01:30:35Z</time>
        <extensions><gpxtpx:TrackPointExtension>
          <gpxtpx:hr>170</gpxtpx:hr>
        </gpxtpx:TrackPointExtension></extensions>
      </trkpt>
      <trkpt lat="30.382595" lon="103.837023">
        <ele>439.0</ele>
        <time>2023-12-23T01:30:36Z</time>
        <extensions><gpxtpx:TrackPointExtension>
          <gpxtpx:hr>171</gpxtpx:hr>
        </gpxtpx:TrackPointExtension></extensions>
      </trkpt>
      <trkpt lat="30.382562" lon="103.837036">
        <ele>439.0</ele>
        <time>2023-12-23T01:30:37Z</time>
        <extensions><gpxtpx:TrackPointExtension>
          <gpxtpx:hr>171</gpxtpx:hr>
        </gpxtpx:TrackPointExtension></extensions>
      </trkpt>
      <trkpt lat="30.38253" lon="103.83705">
        <ele>439.0</ele>
        <time>2023-12-23T01:30:38Z</time>
        <extensions><gpxtpx:TrackPointExtension>
          <gpxtpx:hr>170</gpxtpx:hr>
        </gpxtpx:TrackPointExtension></extensions>
      </trkpt>
      <trkpt lat="30.382497" lon="103.837063">
        <ele>439.0</ele>
        <time>2023-12-23T01:30:39Z</time>
        <extensions><gpxtpx:TrackPointExtension>
          <gpxtpx:hr>171</gpxtpx:hr>
        </gpxtpx:TrackPointExtension></extensions>
      </trkpt>
      <trkpt lat="30.382466" lon="103.837077">
        <ele>439.0</ele>
        <time>2023-12-23T01:30:40Z</time>
        <extensions><gpxtpx:TrackPointExtension>
          <gpxtpx:hr>170</gpxtpx:hr>
        </gpxtpx:TrackPointExtension></extensions>
      </trkpt>
      <trkpt lat="30.382434" lon="103.837091">
        <ele>439.0</ele>
        <time>2023-12-23T01:30:41Z</time>
        <extensions><gpxtpx:TrackPointExtension>
          <gpxtpx:hr>170</gpxtpx:hr>
        </gpxtpx:TrackPointExtension></extensions>
      </trkpt>
      <trkpt lat="30.382402" lon="103.837105">
        <ele>439.0</ele>
        <time>2023-12-23T01:30:42Z</time>
        <extensions><gpxtpx:TrackPointExtension>
          <gpxtpx:hr>170</gpxtpx:hr>
        </gpxtpx:TrackPointExtension></extensions>
      </trkpt>
      <trkpt lat="30.382371" lon="103.837118">
        <ele>439.0</ele>
        <time>2023-12-23T01:30:43Z</time>
        <extensions><gpxtpx:TrackPointExtension>
          <gpxtpx:hr>170</gpxtpx:hr>
        </gpxtpx:TrackPointExtension></extensions>
      </trkpt>
      <trkpt lat="30.382339" lon="103.837131">
        <ele>439.0</ele>
        <time>2023-12-23T01:30:44Z</time>
        <extensions><gpxtpx:TrackPointExtension>
          <gpxtpx:hr>171</gpxtpx:hr>
        </gpxtpx:TrackPointExtension></extensions>
      </trkpt>
      <trkpt lat="30.382307" lon="103.837145">
        <ele>439.0</ele>
        <time>2023-12-23T01:30:45Z</time>
        <extensions><gpxtpx:TrackPointExtension>
          <gpxtpx:hr>171</gpxtpx:hr>
        </gpxtpx:TrackPointExtension></extensions>
      </trkpt>
      <trkpt lat="30.382276" lon="103.837158">
        <ele>439.0</ele>
        <time>2023-12-23T01:30:46Z</time>
        <extensions><gpxtpx:TrackPointExtension>
          <gpxtpx:hr>171</gpxtpx:hr>
        </gpxtpx:TrackPointExtension></extensions>
      </trkpt>
      <trkpt lat="30.382244" lon="103.837171">
        <ele>439.0</ele>
        <time>2023-12-23T01:30:47Z</time>
        <extensions><gpxtpx:TrackPointExtension>
          <gpxtpx:hr>171</gpxtpx:hr>
        </gpxtpx:TrackPointExtension></extensions>
      </trkpt>
      <trkpt lat="30.382214" lon="103.837185">
        <ele>439.0</ele>
        <time>2023-12-23T01:30:48Z</time>
        <extensions><gpxtpx:TrackPointExtension>
          <gpxtpx:hr>171</gpxtpx:hr>
        </gpxtpx:TrackPointExtension></extensions>
      </trkpt>
      <trkpt lat="30.382183" lon="103.837199">
        <ele>439.0</ele>
        <time>2023-12-23T01:30:49Z</time>
        <extensions><gpxtpx:TrackPointExtension>
          <gpxtpx:hr>171</gpxtpx:hr>
        </gpxtpx:TrackPointExtension></extensions>
      </trkpt>
      <trkpt lat="30.382152" lon="103.837212">
        <ele>439.0</ele>
        <time>2023-12-23T01:30:50Z</time>
        <extensions><gpxtpx:TrackPointExtension>
          <gpxtpx:hr>171</gpxtpx:hr>
        </gpxtpx:TrackPointExtension></extensions>
      </trkpt>
      <trkpt lat="30.382122" lon="103.837225">
        <ele>439.0</ele>
        <time>2023-12-23T01:30:51Z</time>
        <extensions><gpxtpx:TrackPointExtension>
          <gpxtpx:hr>171</gpxtpx:hr>
        </gpxtpx:TrackPointExtension></extensions>
      </trkpt>
      <trkpt lat="30.382091" lon="103.837237">
        <ele>439.0</ele>
        <time>2023-12-23T01:30:52Z</time>
        <extensions><gpxtpx:TrackPointExtension>
          <gpxtpx:hr>171</gpxtpx:hr>
        </gpxtpx:TrackPointExtension></extensions>
      </trkpt>
      <trkpt lat="30.38206" lon="103.83725">
        <ele>439.0</ele>
        <time>2023-12-23T01:30:53Z</time>
        <extensions><gpxtpx:TrackPointExtension>
          <gpxtpx:hr>171</gpxtpx:hr>
        </gpxtpx:TrackPointExtension></extensions>
      </trkpt>
      <trkpt lat="30.382029" lon="103.837262">
        <ele>439.0</ele>
        <time>2023-12-23T01:30:54Z</time>
        <extensions><gpxtpx:TrackPointExtension>
          <gpxtpx:hr>171</gpxtpx:hr>
        </gpxtpx:TrackPointExtension></extensions>
      </trkpt>
      <trkpt lat="30.381997" lon="103.837274">
        <ele>439.0</ele>
        <time>2023-12-23T01:30:55Z</time>
        <extensions><gpxtpx:TrackPointExtension>
          <gpxtpx:hr>171</gpxtpx:hr>
        </gpxtpx:TrackPointExtension></extensions>
      </trkpt>
      <trkpt lat="30.381966" lon="103.837286">
        <ele>439.0</ele>
        <time>2023-12-23T01:30:56Z</time>
        <extensions><gpxtpx:TrackPointExtension>
          <gpxtpx:hr>171</gpxtpx:hr>
        </gpxtpx:TrackPointExtension></extensions>
      </trkpt>
      <trkpt lat="30.381935" lon="103.837297">
        <ele>439.0</ele>
        <time>2023-12-23T01:30:57Z</time>
        <extensions><gpxtpx:TrackPointExtension>
          <gpxtpx:hr>171</gpxtpx:hr>
        </gpxtpx:TrackPointExtension></extensions>
      </trkpt>
      <trkpt lat="30.381904" lon="103.837309">
        <ele>439.0</ele>
        <time>2023-12-23T01:30:58Z</time>
        <extensions><gpxtpx:TrackPointExtension>
          <gpxtpx:hr>171</gpxtpx:hr>
        </gpxtpx:TrackPointExtension></extensions>
      </trkpt>
      <trkpt lat="30.381873" lon="103.837321">
        <ele>439.0</ele>
        <time>2023-12-23T01:30:59Z</time>
        <extensions><gpxtpx:TrackPointExtension>
          <gpxtpx:hr>171</gpxtpx:hr>
        </gpxtpx:TrackPointExtension></extensions>
      </trkpt>
      <trkpt lat="30.381842" lon="103.837333">
        <ele>439.0</ele>
        <time>2023-12-23T01:31:00Z</time>
        <extensions><gpxtpx:TrackPointExtension>
          <gpxtpx:hr>171</gpxtpx:hr>
        </gpxtpx:TrackPointExtension></extensions>
      </trkpt>
      <trkpt lat="30.381812" lon="103.837344">
        <ele>439.0</ele>
        <time>2023-12-23T01:31:01Z</time>
        <extensions><gpxtpx:TrackPointExtension>
          <gpxtpx:hr>171</gpxtpx:hr>
        </gpxtpx:TrackPointExtension></extensions>
      </trkpt>
      <trkpt lat="30.381781" lon="103.837356">
        <ele>439.0</ele>
        <time>2023-12-23T01:31:02Z</time>
        <extensions><gpxtpx:TrackPointExtension>
          <gpxtpx:hr>171</gpxtpx:hr>
        </gpxtpx:TrackPointExtension></extensions>
      </trkpt>
      <trkpt lat="30.381751" lon="103.837368">
        <ele>439.0</ele>
        <time>2023-12-23T01:31:03Z</time>
        <extensions><gpxtpx:TrackPointExtension>
          <gpxtpx:hr>171</gpxtpx:hr>
        </gpxtpx:TrackPointExtension></extensions>
      </trkpt>
      <trkpt lat="30.381721" lon="103.837381">
        <ele>439.0</ele>
        <time>2023-12-23T01:31:04Z</time>
        <extensions><gpxtpx:TrackPointExtension>
          <gpxtpx:hr>171</gpxtpx:hr>
        </gpxtpx:TrackPointExtension></extensions>
      </trkpt>
      <trkpt lat="30.381691" lon="103.837395">
        <ele>439.0</ele>
        <time>2023-12-23T01:31:05Z</time>
        <extensions><gpxtpx:TrackPointExtension>
          <gpxtpx:hr>171</gpxtpx:hr>
        </gpxtpx:TrackPointExtension></extensions>
      </trkpt>
      <trkpt lat="30.381661" lon="103.837408">
        <ele>439.0</ele>
        <time>2023-12-23T01:31:06Z</time>
        <extensions><gpxtpx:TrackPointExtension>
          <gpxtpx:hr>171</gpxtpx:hr>
        </gpxtpx:TrackPointExtension></extensions>
      </trkpt>
      <trkpt lat="30.381631" lon="103.837422">
        <ele>439.0</ele>
        <time>2023-12-23T01:31:07Z</time>
        <extensions><gpxtpx:TrackPointExtension>
          <gpxtpx:hr>171</gpxtpx:hr>
        </gpxtpx:TrackPointExtension></extensions>
      </trkpt>
      <trkpt lat="30.381601" lon="103.837433">
        <ele>439.0</ele>
        <time>2023-12-23T01:31:08Z</time>
        <extensions><gpxtpx:TrackPointExtension>
          <gpxtpx:hr>171</gpxtpx:hr>
        </gpxtpx:TrackPointExtension></extensions>
      </trkpt>
      <trkpt lat="30.381571" lon="103.837445">
        <ele>439.0</ele>
        <time>2023-12-23T01:31:09Z</time>
        <extensions><gpxtpx:TrackPointExtension>
          <gpxtpx:hr>171</gpxtpx:hr>
        </gpxtpx:TrackPointExtension></extensions>
      </trkpt>
      <trkpt lat="30.38154" lon="103.837456">
        <ele>439.0</ele>
        <time>2023-12-23T01:31:10Z</time>
        <extensions><gpxtpx:TrackPointExtension>
          <gpxtpx:hr>171</gpxtpx:hr>
        </gpxtpx:TrackPointExtension></extensions>
      </trkpt>
      <trkpt lat="30.38151" lon="103.837468">
        <ele>439.0</ele>
        <time>2023-12-23T01:31:11Z</time>
        <extensions><gpxtpx:TrackPointExtension>
          <gpxtpx:hr>171</gpxtpx:hr>
        </gpxtpx:TrackPointExtension></extensions>
      </trkpt>
      <trkpt lat="30.381479" lon="103.83748">
        <ele>439.0</ele>
        <time>2023-12-23T01:31:12Z</time>
        <extensions><gpxtpx:TrackPointExtension>
          <gpxtpx:hr>171</gpxtpx:hr>
        </gpxtpx:TrackPointExtension></extensions>
      </trkpt>
      <trkpt lat="30.381448" lon="103.837492">
        <ele>439.0</ele>
        <time>2023-12-23T01:31:13Z</time>
        <extensions><gpxtpx:TrackPointExtension>
          <gpxtpx:hr>171</gpxtpx:hr>
        </gpxtpx:TrackPointExtension></extensions>
      </trkpt>
      <trkpt lat="30.381416" lon="103.837505">
        <ele>439.0</ele>
        <time>2023-12-23T01:31:14Z</time>
        <extensions><gpxtpx:TrackPointExtension>
          <gpxtpx:hr>171</gpxtpx:hr>
        </gpxtpx:TrackPointExtension></extensions>
      </trkpt>
      <trkpt lat="30.381385" lon="103.837518">
        <ele>439.0</ele>
        <time>2023-12-23T01:31:15Z</time>
        <extensions><gpxtpx:TrackPointExtension>
          <gpxtpx:hr>172</gpxtpx:hr>
        </gpxtpx:TrackPointExtension></extensions>
      </trkpt>
      <trkpt lat="30.381353" lon="103.837532">
        <ele>439.0</ele>
        <time>2023-12-23T01:31:16Z</time>
        <extensions><gpxtpx:TrackPointExtension>
          <gpxtpx:hr>174</gpxtpx:hr>
        </gpxtpx:TrackPointExtension></extensions>
      </trkpt>
      <trkpt lat="30.381321" lon="103.837545">
        <ele>439.0</ele>
        <time>2023-12-23T01:31:17Z</time>
        <extensions><gpxtpx:TrackPointExtension>
          <gpxtpx:hr>174</gpxtpx:hr>
        </gpxtpx:TrackPointExtension></extensions>
      </trkpt>
      <trkpt lat="30.381288" lon="103.837561">
        <ele>439.0</ele>
        <time>2023-12-23T01:31:18Z</time>
        <extensions><gpxtpx:TrackPointExtension>
          <gpxtpx:hr>174</gpxtpx:hr>
        </gpxtpx:TrackPointExtension></extensions>
      </trkpt>
      <trkpt lat="30.381256" lon="103.837577">
        <ele>439.0</ele>
        <time>2023-12-23T01:31:19Z</time>
        <extensions><gpxtpx:TrackPointExtension>
          <gpxtpx:hr>174</gpxtpx:hr>
        </gpxtpx:TrackPointExtension></extensions>
      </trkpt>
      <trkpt lat="30.381227" lon="103.837597">
        <ele>439.0</ele>
        <time>2023-12-23T01:31:20Z</time>
        <extensions><gpxtpx:TrackPointExtension>
          <gpxtpx:hr>173</gpxtpx:hr>
        </gpxtpx:TrackPointExtension></extensions>
      </trkpt>
      <trkpt lat="30.381198" lon="103.837618">
        <ele>439.0</ele>
        <time>2023-12-23T01:31:21Z</time>
        <extensions><gpxtpx:TrackPointExtension>
          <gpxtpx:hr>173</gpxtpx:hr>
        </gpxtpx:TrackPointExtension></extensions>
      </trkpt>
      <trkpt lat="30.381172" lon="103.837643">
        <ele>439.0</ele>
        <time>2023-12-23T01:31:22Z</time>
        <extensions><gpxtpx:TrackPointExtension>
          <gpxtpx:hr>172</gpxtpx:hr>
        </gpxtpx:TrackPointExtension></extensions>
      </trkpt>
      <trkpt lat="30.381147" lon="103.837669">
        <ele>439.0</ele>
        <time>2023-12-23T01:31:23Z</time>
        <extensions><gpxtpx:TrackPointExtension>
          <gpxtpx:hr>172</gpxtpx:hr>
        </gpxtpx:TrackPointExtension></extensions>
      </trkpt>
      <trkpt lat="30.381127" lon="103.837699">
        <ele>439.0</ele>
        <time>2023-12-23T01:31:24Z</time>
        <extensions><gpxtpx:TrackPointExtension>
          <gpxtpx:hr>172</gpxtpx:hr>
        </gpxtpx:TrackPointExtension></extensions>
      </trkpt>
      <trkpt lat="30.381106" lon="103.837729">
        <ele>439.0</ele>
        <time>2023-12-23T01:31:25Z</time>
        <extensions><gpxtpx:TrackPointExtension>
          <gpxtpx:hr>171</gpxtpx:hr>
        </gpxtpx:TrackPointExtension></extensions>
      </trkpt>
      <trkpt lat="30.38109" lon="103.837761">
        <ele>439.0</ele>
        <time>2023-12-23T01:31:26Z</time>
        <extensions><gpxtpx:TrackPointExtension>
          <gpxtpx:hr>171</gpxtpx:hr>
        </gpxtpx:TrackPointExtension></extensions>
      </trkpt>
      <trkpt lat="30.381075" lon="103.837793">
        <ele>439.0</ele>
        <time>2023-12-23T01:31:27Z</time>
        <extensions><gpxtpx:TrackPointExtension>
          <gpxtpx:hr>171</gpxtpx:hr>
        </gpxtpx:TrackPointExtension></extensions>
      </trkpt>
      <trkpt lat="30.381062" lon="103.837827">
        <ele>439.0</ele>
        <time>2023-12-23T01:31:28Z</time>
        <extensions><gpxtpx:TrackPointExtension>
          <gpxtpx:hr>171</gpxtpx:hr>
        </gpxtpx:TrackPointExtension></extensions>
      </trkpt>
      <trkpt lat="30.38105" lon="103.837861">
        <ele>439.0</ele>
        <time>2023-12-23T01:31:29Z</time>
        <extensions><gpxtpx:TrackPointExtension>
          <gpxtpx:hr>171</gpxtpx:hr>
        </gpxtpx:TrackPointExtension></extensions>
      </trkpt>
      <trkpt lat="30.381039" lon="103.837897">
        <ele>439.0</ele>
        <time>2023-12-23T01:31:30Z</time>
        <extensions><gpxtpx:TrackPointExtension>
          <gpxtpx:hr>171</gpxtpx:hr>
        </gpxtpx:TrackPointExtension></extensions>
      </trkpt>
      <trkpt lat="30.381029" lon="103.837932">
        <ele>439.0</ele>
        <time>2023-12-23T01:31:31Z</time>
        <extensions><gpxtpx:TrackPointExtension>
          <gpxtpx:hr>172</gpxtpx:hr>
        </gpxtpx:TrackPointExtension></extensions>
      </trkpt>
      <trkpt lat="30.381021" lon="103.83797">
        <ele>439.0</ele>
        <time>2023-12-23T01:31:32Z</time>
        <extensions><gpxtpx:TrackPointExtension>
          <gpxtpx:hr>172</gpxtpx:hr>
        </gpxtpx:TrackPointExtension></extensions>
      </trkpt>
      <trkpt lat="30.381013" lon="103.838007">
        <ele>439.0</ele>
        <time>2023-12-23T01:31:33Z</time>
        <extensions><gpxtpx:TrackPointExtension>
          <gpxtpx:hr>172</gpxtpx:hr>
        </gpxtpx:TrackPointExtension></extensions>
      </trkpt>
      <trkpt lat="30.381007" lon="103.838046">
        <ele>439.0</ele>
        <time>2023-12-23T01:31:34Z</time>
        <extensions><gpxtpx:TrackPointExtension>
          <gpxtpx:hr>173</gpxtpx:hr>
        </gpxtpx:TrackPointExtension></extensions>
      </trkpt>
      <trkpt lat="30.381002" lon="103.838085">
        <ele>439.0</ele>
        <time>2023-12-23T01:31:35Z</time>
        <extensions><gpxtpx:TrackPointExtension>
          <gpxtpx:hr>174</gpxtpx:hr>
        </gpxtpx:TrackPointExtension></extensions>
      </trkpt>
      <trkpt lat="30.380999" lon="103.838124">
        <ele>439.0</ele>
        <time>2023-12-23T01:31:36Z</time>
        <extensions><gpxtpx:TrackPointExtension>
          <gpxtpx:hr>174</gpxtpx:hr>
        </gpxtpx:TrackPointExtension></extensions>
      </trkpt>
      <trkpt lat="30.380996" lon="103.838163">
        <ele>439.0</ele>
        <time>2023-12-23T01:31:37Z</time>
        <extensions><gpxtpx:TrackPointExtension>
          <gpxtpx:hr>174</gpxtpx:hr>
        </gpxtpx:TrackPointExtension></extensions>
      </trkpt>
      <trkpt lat="30.380995" lon="103.838203">
        <ele>439.0</ele>
        <time>2023-12-23T01:31:38Z</time>
        <extensions><gpxtpx:TrackPointExtension>
          <gpxtpx:hr>174</gpxtpx:hr>
        </gpxtpx:TrackPointExtension></extensions>
      </trkpt>
      <trkpt lat="30.380994" lon="103.838242">
        <ele>439.0</ele>
        <time>2023-12-23T01:31:39Z</time>
        <extensions><gpxtpx:TrackPointExtension>
          <gpxtpx:hr>174</gpxtpx:hr>
        </gpxtpx:TrackPointExtension></extensions>
      </trkpt>
      <trkpt lat="30.380996" lon="103.838281">
        <ele>439.0</ele>
        <time>2023-12-23T01:31:40Z</time>
        <extensions><gpxtpx:TrackPointExtension>
          <gpxtpx:hr>174</gpxtpx:hr>
        </gpxtpx:TrackPointExtension></extensions>
      </trkpt>
      <trkpt lat="30.380998" lon="103.838321">
        <ele>439.0</ele>
        <time>2023-12-23T01:31:41Z</time>
        <extensions><gpxtpx:TrackPointExtension>
          <gpxtpx:hr>174</gpxtpx:hr>
        </gpxtpx:TrackPointExtension></extensions>
      </trkpt>
      <trkpt lat="30.381003" lon="103.83836">
        <ele>439.0</ele>
        <time>2023-12-23T01:31:42Z</time>
        <extensions><gpxtpx:TrackPointExtension>
          <gpxtpx:hr>174</gpxtpx:hr>
        </gpxtpx:TrackPointExtension></extensions>
      </trkpt>
      <trkpt lat="30.381008" lon="103.8384">
        <ele>439.0</ele>
        <time>2023-12-23T01:31:43Z</time>
        <extensions><gpxtpx:TrackPointExtension>
          <gpxtpx:hr>174</gpxtpx:hr>
        </gpxtpx:TrackPointExtension></extensions>
      </trkpt>
      <trkpt lat="30.381016" lon="103.838438">
        <ele>439.0</ele>
        <time>2023-12-23T01:31:44Z</time>
        <extensions><gpxtpx:TrackPointExtension>
          <gpxtpx:hr>174</gpxtpx:hr>
        </gpxtpx:TrackPointExtension></extensions>
      </trkpt>
      <trkpt lat="30.381024" lon="103.838476">
        <ele>439.0</ele>
        <time>2023-12-23T01:31:45Z</time>
        <extensions><gpxtpx:TrackPointExtension>
          <gpxtpx:hr>174</gpxtpx:hr>
        </gpxtpx:TrackPointExtension></extensions>
      </trkpt>
      <trkpt lat="30.381034" lon="103.838513">
        <ele>439.0</ele>
        <time>2023-12-23T01:31:46Z</time>
        <extensions><gpxtpx:TrackPointExtension>
          <gpxtpx:hr>174</gpxtpx:hr>
        </gpxtpx:TrackPointExtension></extensions>
      </trkpt>
      <trkpt lat="30.381044" lon="103.83855">
        <ele>439.0</ele>
        <time>2023-12-23T01:31:47Z</time>
        <extensions><gpxtpx:TrackPointExtension>
          <gpxtpx:hr>174</gpxtpx:hr>
        </gpxtpx:TrackPointExtension></extensions>
      </trkpt>
      <trkpt lat="30.381057" lon="103.838587">
        <ele>439.0</ele>
        <time>2023-12-23T01:31:48Z</time>
        <extensions><gpxtpx:TrackPointExtension>
          <gpxtpx:hr>174</gpxtpx:hr>
        </gpxtpx:TrackPointExtension></extensions>
      </trkpt>
      <trkpt lat="30.381069" lon="103.838623">
        <ele>439.0</ele>
        <time>2023-12-23T01:31:49Z</time>
        <extensions><gpxtpx:TrackPointExtension>
          <gpxtpx:hr>174</gpxtpx:hr>
        </gpxtpx:TrackPointExtension></extensions>
      </trkpt>
      <trkpt lat="30.381084" lon="103.838659">
        <ele>439.0</ele>
        <time>2023-12-23T01:31:50Z</time>
        <extensions><gpxtpx:TrackPointExtension>
          <gpxtpx:hr>174</gpxtpx:hr>
        </gpxtpx:TrackPointExtension></extensions>
      </trkpt>
      <trkpt lat="30.381098" lon="103.838694">
        <ele>439.0</ele>
        <time>2023-12-23T01:31:51Z</time>
        <extensions><gpxtpx:TrackPointExtension>
          <gpxtpx:hr>173</gpxtpx:hr>
        </gpxtpx:TrackPointExtension></extensions>
      </trkpt>
      <trkpt lat="30.381115" lon="103.838728">
        <ele>439.0</ele>
        <time>2023-12-23T01:31:52Z</time>
        <extensions><gpxtpx:TrackPointExtension>
          <gpxtpx:hr>173</gpxtpx:hr>
        </gpxtpx:TrackPointExtension></extensions>
      </trkpt>
      <trkpt lat="30.381132" lon="103.838762">
        <ele>439.0</ele>
        <time>2023-12-23T01:31:53Z</time>
        <extensions><gpxtpx:TrackPointExtension>
          <gpxtpx:hr>173</gpxtpx:hr>
        </gpxtpx:TrackPointExtension></extensions>
      </trkpt>
      <trkpt lat="30.381151" lon="103.838792">
        <ele>439.0</ele>
        <time>2023-12-23T01:31:54Z</time>
        <extensions><gpxtpx:TrackPointExtension>
          <gpxtpx:hr>173</gpxtpx:hr>
        </gpxtpx:TrackPointExtension></extensions>
      </trkpt>
      <trkpt lat="30.381169" lon="103.838823">
        <ele>439.0</ele>
        <time>2023-12-23T01:31:55Z</time>
        <extensions><gpxtpx:TrackPointExtension>
          <gpxtpx:hr>173</gpxtpx:hr>
        </gpxtpx:TrackPointExtension></extensions>
      </trkpt>
      <trkpt lat="30.381189" lon="103.838851">
        <ele>439.0</ele>
        <time>2023-12-23T01:31:56Z</time>
        <extensions><gpxtpx:TrackPointExtension>
          <gpxtpx:hr>173</gpxtpx:hr>
        </gpxtpx:TrackPointExtension></extensions>
      </trkpt>
      <trkpt lat="30.38121" lon="103.838879">
        <ele>439.0</ele>
        <time>2023-12-23T01:31:57Z</time>
        <extensions><gpxtpx:TrackPointExtension>
          <gpxtpx:hr>173</gpxtpx:hr>
        </gpxtpx:TrackPointExtension></extensions>
      </trkpt>
      <trkpt lat="30.381231" lon="103.838905">
        <ele>439.0</ele>
        <time>2023-12-23T01:31:58Z</time>
        <extensions><gpxtpx:TrackPointExtension>
          <gpxtpx:hr>173</gpxtpx:hr>
        </gpxtpx:TrackPointExtension></extensions>
      </trkpt>
      <trkpt lat="30.381252" lon="103.838932">
        <ele>439.0</ele>
        <time>2023-12-23T01:31:59Z</time>
        <extensions><gpxtpx:TrackPointExtension>
          <gpxtpx:hr>173</gpxtpx:hr>
        </gpxtpx:TrackPointExtension></extensions>
      </trkpt>
      <trkpt lat="30.381275" lon="103.838957">
        <ele>439.0</ele>
        <time>2023-12-23T01:32:00Z</time>
        <extensions><gpxtpx:TrackPointExtension>
          <gpxtpx:hr>173</gpxtpx:hr>
        </gpxtpx:TrackPointExtension></extensions>
      </trkpt>
      <trkpt lat="30.381298" lon="103.838982">
        <ele>439.0</ele>
        <time>2023-12-23T01:32:01Z</time>
        <extensions><gpxtpx:TrackPointExtension>
          <gpxtpx:hr>173</gpxtpx:hr>
        </gpxtpx:TrackPointExtension></extensions>
      </trkpt>
      <trkpt lat="30.381323" lon="103.839007">
        <ele>439.0</ele>
        <time>2023-12-23T01:32:02Z</time>
        <extensions><gpxtpx:TrackPointExtension>
          <gpxtpx:hr>173</gpxtpx:hr>
        </gpxtpx:TrackPointExtension></extensions>
      </trkpt>
      <trkpt lat="30.381348" lon="103.839031">
        <ele>439.0</ele>
        <time>2023-12-23T01:32:03Z</time>
        <extensions><gpxtpx:TrackPointExtension>
          <gpxtpx:hr>173</gpxtpx:hr>
        </gpxtpx:TrackPointExtension></extensions>
      </trkpt>
      <trkpt lat="30.381374" lon="103.839054">
        <ele>439.0</ele>
        <time>2023-12-23T01:32:04Z</time>
        <extensions><gpxtpx:TrackPointExtension>
          <gpxtpx:hr>173</gpxtpx:hr>
        </gpxtpx:TrackPointExtension></extensions>
      </trkpt>
      <trkpt lat="30.381399" lon="103.839077">
        <ele>439.0</ele>
        <time>2023-12-23T01:32:05Z</time>
        <extensions><gpxtpx:TrackPointExtension>
          <gpxtpx:hr>173</gpxtpx:hr>
        </gpxtpx:TrackPointExtension></extensions>
      </trkpt>
      <trkpt lat="30.381426" lon="103.839096">
        <ele>439.0</ele>
        <time>2023-12-23T01:32:06Z</time>
        <extensions><gpxtpx:TrackPointExtension>
          <gpxtpx:hr>173</gpxtpx:hr>
        </gpxtpx:TrackPointExtension></extensions>
      </trkpt>
      <trkpt lat="30.381453" lon="103.839116">
        <ele>439.0</ele>
        <time>2023-12-23T01:32:07Z</time>
        <extensions><gpxtpx:TrackPointExtension>
          <gpxtpx:hr>173</gpxtpx:hr>
        </gpxtpx:TrackPointExtension></extensions>
      </trkpt>
      <trkpt lat="30.381481" lon="103.839132">
        <ele>439.0</ele>
        <time>2023-12-23T01:32:08Z</time>
        <extensions><gpxtpx:TrackPointExtension>
          <gpxtpx:hr>173</gpxtpx:hr>
        </gpxtpx:TrackPointExtension></extensions>
      </trkpt>
      <trkpt lat="30.38151" lon="103.839148">
        <ele>439.0</ele>
        <time>2023-12-23T01:32:09Z</time>
        <extensions><gpxtpx:TrackPointExtension>
          <gpxtpx:hr>173</gpxtpx:hr>
        </gpxtpx:TrackPointExtension></extensions>
      </trkpt>
      <trkpt lat="30.38154" lon="103.839159">
        <ele>439.0</ele>
        <time>2023-12-23T01:32:10Z</time>
        <extensions><gpxtpx:TrackPointExtension>
          <gpxtpx:hr>173</gpxtpx:hr>
        </gpxtpx:TrackPointExtension></extensions>
      </trkpt>
      <trkpt lat="30.381571" lon="103.839171">
        <ele>439.0</ele>
        <time>2023-12-23T01:32:11Z</time>
        <extensions><gpxtpx:TrackPointExtension>
          <gpxtpx:hr>173</gpxtpx:hr>
        </gpxtpx:TrackPointExtension></extensions>
      </trkpt>
      <trkpt lat="30.381603" lon="103.839178">
        <ele>439.0</ele>
        <time>2023-12-23T01:32:12Z</time>
        <extensions><gpxtpx:TrackPointExtension>
          <gpxtpx:hr>173</gpxtpx:hr>
        </gpxtpx:TrackPointExtension></extensions>
      </trkpt>
      <trkpt lat="30.381636" lon="103.839184">
        <ele>439.0</ele>
        <time>2023-12-23T01:32:13Z</time>
        <extensions><gpxtpx:TrackPointExtension>
          <gpxtpx:hr>173</gpxtpx:hr>
        </gpxtpx:TrackPointExtension></extensions>
      </trkpt>
      <trkpt lat="30.381669" lon="103.839185">
        <ele>439.0</ele>
        <time>2023-12-23T01:32:14Z</time>
        <extensions><gpxtpx:TrackPointExtension>
          <gpxtpx:hr>173</gpxtpx:hr>
        </gpxtpx:TrackPointExtension></extensions>
      </trkpt>
      <trkpt lat="30.381702" lon="103.839186">
        <ele>439.0</ele>
        <time>2023-12-23T01:32:15Z</time>
        <extensions><gpxtpx:TrackPointExtension>
          <gpxtpx:hr>173</gpxtpx:hr>
        </gpxtpx:TrackPointExtension></extensions>
      </trkpt>
      <trkpt lat="30.381735" lon="103.83918">
        <ele>439.0</ele>
        <time>2023-12-23T01:32:16Z</time>
        <extensions><gpxtpx:TrackPointExtension>
          <gpxtpx:hr>173</gpxtpx:hr>
        </gpxtpx:TrackPointExtension></extensions>
      </trkpt>
      <trkpt lat="30.381767" lon="103.839175">
        <ele>439.0</ele>
        <time>2023-12-23T01:32:17Z</time>
        <extensions><gpxtpx:TrackPointExtension>
          <gpxtpx:hr>173</gpxtpx:hr>
        </gpxtpx:TrackPointExtension></extensions>
      </trkpt>
      <trkpt lat="30.381798" lon="103.839165">
        <ele>439.0</ele>
        <time>2023-12-23T01:32:18Z</time>
        <extensions><gpxtpx:TrackPointExtension>
          <gpxtpx:hr>174</gpxtpx:hr>
        </gpxtpx:TrackPointExtension></extensions>
      </trkpt>
      <trkpt lat="30.38183" lon="103.839154">
        <ele>439.0</ele>
        <time>2023-12-23T01:32:19Z</time>
        <extensions><gpxtpx:TrackPointExtension>
          <gpxtpx:hr>174</gpxtpx:hr>
        </gpxtpx:TrackPointExtension></extensions>
      </trkpt>
      <trkpt lat="30.38186" lon="103.839141">
        <ele>439.0</ele>
        <time>2023-12-23T01:32:20Z</time>
        <extensions><gpxtpx:TrackPointExtension>
          <gpxtpx:hr>174</gpxtpx:hr>
        </gpxtpx:TrackPointExtension></extensions>
      </trkpt>
      <trkpt lat="30.381891" lon="103.839128">
        <ele>439.0</ele>
        <time>2023-12-23T01:32:21Z</time>
        <extensions><gpxtpx:TrackPointExtension>
          <gpxtpx:hr>174</gpxtpx:hr>
        </gpxtpx:TrackPointExtension></extensions>
      </trkpt>
      <trkpt lat="30.381922" lon="103.839113">
        <ele>439.0</ele>
        <time>2023-12-23T01:32:22Z</time>
        <extensions><gpxtpx:TrackPointExtension>
          <gpxtpx:hr>174</gpxtpx:hr>
        </gpxtpx:TrackPointExtension></extensions>
      </trkpt>
      <trkpt lat="30.381952" lon="103.839098">
        <ele>439.0</ele>
        <time>2023-12-23T01:32:23Z</time>
        <extensions><gpxtpx:TrackPointExtension>
          <gpxtpx:hr>174</gpxtpx:hr>
        </gpxtpx:TrackPointExtension></extensions>
      </trkpt>
      <trkpt lat="30.381984" lon="103.839083">
        <ele>439.0</ele>
        <time>2023-12-23T01:32:24Z</time>
        <extensions><gpxtpx:TrackPointExtension>
          <gpxtpx:hr>173</gpxtpx:hr>
        </gpxtpx:TrackPointExtension></extensions>
      </trkpt>
      <trkpt lat="30.382015" lon="103.839068">
        <ele>439.0</ele>
        <time>2023-12-23T01:32:25Z</time>
        <extensions><gpxtpx:TrackPointExtension>
          <gpxtpx:hr>173</gpxtpx:hr>
        </gpxtpx:TrackPointExtension></extensions>
      </trkpt>
      <trkpt lat="30.382047" lon="103.839053">
        <ele>439.0</ele>
        <time>2023-12-23T01:32:26Z</time>
        <extensions><gpxtpx:TrackPointExtension>
          <gpxtpx:hr>173</gpxtpx:hr>
        </gpxtpx:TrackPointExtension></extensions>
      </trkpt>
      <trkpt lat="30.382078" lon="103.839039">
        <ele>439.0</ele>
        <time>2023-12-23T01:32:27Z</time>
        <extensions><gpxtpx:TrackPointExtension>
          <gpxtpx:hr>174</gpxtpx:hr>
        </gpxtpx:TrackPointExtension></extensions>
      </trkpt>
      <trkpt lat="30.38211" lon="103.839024">
        <ele>439.0</ele>
        <time>2023-12-23T01:32:28Z</time>
        <extensions><gpxtpx:TrackPointExtension>
          <gpxtpx:hr>174</gpxtpx:hr>
        </gpxtpx:TrackPointExtension></extensions>
      </trkpt>
      <trkpt lat="30.382141" lon="103.83901">
        <ele>439.0</ele>
        <time>2023-12-23T01:32:29Z</time>
        <extensions><gpxtpx:TrackPointExtension>
          <gpxtpx:hr>174</gpxtpx:hr>
        </gpxtpx:TrackPointExtension></extensions>
      </trkpt>
      <trkpt lat="30.382173" lon="103.838995">
        <ele>439.0</ele>
        <time>2023-12-23T01:32:30Z</time>
        <extensions><gpxtpx:TrackPointExtension>
          <gpxtpx:hr>174</gpxtpx:hr>
        </gpxtpx:TrackPointExtension></extensions>
      </trkpt>
      <trkpt lat="30.382204" lon="103.83898">
        <ele>439.0</ele>
        <time>2023-12-23T01:32:31Z</time>
        <extensions><gpxtpx:TrackPointExtension>
          <gpxtpx:hr>174</gpxtpx:hr>
        </gpxtpx:TrackPointExtension></extensions>
      </trkpt>
      <trkpt lat="30.382235" lon="103.838965">
        <ele>439.0</ele>
        <time>2023-12-23T01:32:32Z</time>
        <extensions><gpxtpx:TrackPointExtension>
          <gpxtpx:hr>174</gpxtpx:hr>
        </gpxtpx:TrackPointExtension></extensions>
      </trkpt>
      <trkpt lat="30.382267" lon="103.838951">
        <ele>439.0</ele>
        <time>2023-12-23T01:32:33Z</time>
        <extensions><gpxtpx:TrackPointExtension>
          <gpxtpx:hr>174</gpxtpx:hr>
        </gpxtpx:TrackPointExtension></extensions>
      </trkpt>
      <trkpt lat="30.382297" lon="103.838937">
        <ele>439.0</ele>
        <time>2023-12-23T01:32:34Z</time>
        <extensions><gpxtpx:TrackPointExtension>
          <gpxtpx:hr>174</gpxtpx:hr>
        </gpxtpx:TrackPointExtension></extensions>
      </trkpt>
      <trkpt lat="30.382328" lon="103.838924">
        <ele>439.0</ele>
        <time>2023-12-23T01:32:35Z</time>
        <extensions><gpxtpx:TrackPointExtension>
          <gpxtpx:hr>174</gpxtpx:hr>
        </gpxtpx:TrackPointExtension></extensions>
      </trkpt>
      <trkpt lat="30.382358" lon="103.83891">
        <ele>439.0</ele>
        <time>2023-12-23T01:32:36Z</time>
        <extensions><gpxtpx:TrackPointExtension>
          <gpxtpx:hr>174</gpxtpx:hr>
        </gpxtpx:TrackPointExtension></extensions>
      </trkpt>
      <trkpt lat="30.382389" lon="103.838897">
        <ele>439.0</ele>
        <time>2023-12-23T01:32:37Z</time>
        <extensions><gpxtpx:TrackPointExtension>
          <gpxtpx:hr>174</gpxtpx:hr>
        </gpxtpx:TrackPointExtension></extensions>
      </trkpt>
      <trkpt lat="30.382418" lon="103.838883">
        <ele>439.0</ele>
        <time>2023-12-23T01:32:38Z</time>
        <extensions><gpxtpx:TrackPointExtension>
          <gpxtpx:hr>174</gpxtpx:hr>
        </gpxtpx:TrackPointExtension></extensions>
      </trkpt>
      <trkpt lat="30.382448" lon="103.83887">
        <ele>439.0</ele>
        <time>2023-12-23T01:32:39Z</time>
        <extensions><gpxtpx:TrackPointExtension>
          <gpxtpx:hr>174</gpxtpx:hr>
        </gpxtpx:TrackPointExtension></extensions>
      </trkpt>
      <trkpt lat="30.382478" lon="103.838858">
        <ele>439.0</ele>
        <time>2023-12-23T01:32:40Z</time>
        <extensions><gpxtpx:TrackPointExtension>
          <gpxtpx:hr>174</gpxtpx:hr>
        </gpxtpx:TrackPointExtension></extensions>
      </trkpt>
      <trkpt lat="30.382507" lon="103.838845">
        <ele>440.0</ele>
        <time>2023-12-23T01:32:41Z</time>
        <extensions><gpxtpx:TrackPointExtension>
          <gpxtpx:hr>174</gpxtpx:hr>
        </gpxtpx:TrackPointExtension></extensions>
      </trkpt>
      <trkpt lat="30.382537" lon="103.838832">
        <ele>440.0</ele>
        <time>2023-12-23T01:32:42Z</time>
        <extensions><gpxtpx:TrackPointExtension>
          <gpxtpx:hr>174</gpxtpx:hr>
        </gpxtpx:TrackPointExtension></extensions>
      </trkpt>
      <trkpt lat="30.382567" lon="103.83882">
        <ele>440.0</ele>
        <time>2023-12-23T01:32:43Z</time>
        <extensions><gpxtpx:TrackPointExtension>
          <gpxtpx:hr>174</gpxtpx:hr>
        </gpxtpx:TrackPointExtension></extensions>
      </trkpt>
      <trkpt lat="30.382597" lon="103.838808">
        <ele>440.0</ele>
        <time>2023-12-23T01:32:44Z</time>
        <extensions><gpxtpx:TrackPointExtension>
          <gpxtpx:hr>174</gpxtpx:hr>
        </gpxtpx:TrackPointExtension></extensions>
      </trkpt>
      <trkpt lat="30.382627" lon="103.838796">
        <ele>440.0</ele>
        <time>2023-12-23T01:32:45Z</time>
        <extensions><gpxtpx:TrackPointExtension>
          <gpxtpx:hr>174</gpxtpx:hr>
        </gpxtpx:TrackPointExtension></extensions>
      </trkpt>
      <trkpt lat="30.382657" lon="103.838784">
        <ele>440.0</ele>
        <time>2023-12-23T01:32:46Z</time>
        <extensions><gpxtpx:TrackPointExtension>
          <gpxtpx:hr>174</gpxtpx:hr>
        </gpxtpx:TrackPointExtension></extensions>
      </trkpt>
      <trkpt lat="30.382686" lon="103.838773">
        <ele>439.0</ele>
        <time>2023-12-23T01:32:47Z</time>
        <extensions><gpxtpx:TrackPointExtension>
          <gpxtpx:hr>174</gpxtpx:hr>
        </gpxtpx:TrackPointExtension></extensions>
      </trkpt>
      <trkpt lat="30.382717" lon="103.838762">
        <ele>439.0</ele>
        <time>2023-12-23T01:32:48Z</time>
        <extensions><gpxtpx:TrackPointExtension>
          <gpxtpx:hr>174</gpxtpx:hr>
        </gpxtpx:TrackPointExtension></extensions>
      </trkpt>
      <trkpt lat="30.382747" lon="103.838751">
        <ele>439.0</ele>
        <time>2023-12-23T01:32:49Z</time>
        <extensions><gpxtpx:TrackPointExtension>
          <gpxtpx:hr>174</gpxtpx:hr>
        </gpxtpx:TrackPointExtension></extensions>
      </trkpt>
      <trkpt lat="30.382778" lon="103.838739">
        <ele>439.0</ele>
        <time>2023-12-23T01:32:50Z</time>
        <extensions><gpxtpx:TrackPointExtension>
          <gpxtpx:hr>174</gpxtpx:hr>
        </gpxtpx:TrackPointExtension></extensions>
      </trkpt>
      <trkpt lat="30.382809" lon="103.838727">
        <ele>439.0</ele>
        <time>2023-12-23T01:32:51Z</time>
        <extensions><gpxtpx:TrackPointExtension>
          <gpxtpx:hr>174</gpxtpx:hr>
        </gpxtpx:TrackPointExtension></extensions>
      </trkpt>
      <trkpt lat="30.382841" lon="103.838714">
        <ele>439.0</ele>
        <time>2023-12-23T01:32:52Z</time>
        <extensions><gpxtpx:TrackPointExtension>
          <gpxtpx:hr>174</gpxtpx:hr>
        </gpxtpx:TrackPointExtension></extensions>
      </trkpt>
      <trkpt lat="30.382873" lon="103.838702">
        <ele>439.0</ele>
        <time>2023-12-23T01:32:53Z</time>
        <extensions><gpxtpx:TrackPointExtension>
          <gpxtpx:hr>174</gpxtpx:hr>
        </gpxtpx:TrackPointExtension></extensions>
      </trkpt>
      <trkpt lat="30.382904" lon="103.838689">
        <ele>439.0</ele>
        <time>2023-12-23T01:32:54Z</time>
        <extensions><gpxtpx:TrackPointExtension>
          <gpxtpx:hr>173</gpxtpx:hr>
        </gpxtpx:TrackPointExtension></extensions>
      </trkpt>
      <trkpt lat="30.382935" lon="103.838677">
        <ele>439.0</ele>
        <time>2023-12-23T01:32:55Z</time>
        <extensions><gpxtpx:TrackPointExtension>
          <gpxtpx:hr>175</gpxtpx:hr>
        </gpxtpx:TrackPointExtension></extensions>
      </trkpt>
      <trkpt lat="30.382965" lon="103.838665">
        <ele>439.0</ele>
        <time>2023-12-23T01:32:56Z</time>
        <extensions><gpxtpx:TrackPointExtension>
          <gpxtpx:hr>175</gpxtpx:hr>
        </gpxtpx:TrackPointExtension></extensions>
      </trkpt>
      <trkpt lat="30.382996" lon="103.838654">
        <ele>439.0</ele>
        <time>2023-12-23T01:32:57Z</time>
        <extensions><gpxtpx:TrackPointExtension>
          <gpxtpx:hr>175</gpxtpx:hr>
        </gpxtpx:TrackPointExtension></extensions>
      </trkpt>
      <trkpt lat="30.383025" lon="103.838642">
        <ele>439.0</ele>
        <time>2023-12-23T01:32:58Z</time>
        <extensions><gpxtpx:TrackPointExtension>
          <gpxtpx:hr>175</gpxtpx:hr>
        </gpxtpx:TrackPointExtension></extensions>
      </trkpt>
      <trkpt lat="30.383055" lon="103.83863">
        <ele>439.0</ele>
        <time>2023-12-23T01:32:59Z</time>
        <extensions><gpxtpx:TrackPointExtension>
          <gpxtpx:hr>176</gpxtpx:hr>
        </gpxtpx:TrackPointExtension></extensions>
      </trkpt>
      <trkpt lat="30.383084" lon="103.838619">
        <ele>439.0</ele>
        <time>2023-12-23T01:33:00Z</time>
        <extensions><gpxtpx:TrackPointExtension>
          <gpxtpx:hr>176</gpxtpx:hr>
        </gpxtpx:TrackPointExtension></extensions>
      </trkpt>
      <trkpt lat="30.383114" lon="103.838608">
        <ele>439.0</ele>
        <time>2023-12-23T01:33:01Z</time>
        <extensions><gpxtpx:TrackPointExtension>
          <gpxtpx:hr>176</gpxtpx:hr>
        </gpxtpx:TrackPointExtension></extensions>
      </trkpt>
      <trkpt lat="30.383143" lon="103.838597">
        <ele>439.0</ele>
        <time>2023-12-23T01:33:02Z</time>
        <extensions><gpxtpx:TrackPointExtension>
          <gpxtpx:hr>175</gpxtpx:hr>
        </gpxtpx:TrackPointExtension></extensions>
      </trkpt>
      <trkpt lat="30.383173" lon="103.838587">
        <ele>439.0</ele>
        <time>2023-12-23T01:33:03Z</time>
        <extensions><gpxtpx:TrackPointExtension>
          <gpxtpx:hr>175</gpxtpx:hr>
        </gpxtpx:TrackPointExtension></extensions>
      </trkpt>
      <trkpt lat="30.383202" lon="103.838576">
        <ele>439.0</ele>
        <time>2023-12-23T01:33:04Z</time>
        <extensions><gpxtpx:TrackPointExtension>
          <gpxtpx:hr>175</gpxtpx:hr>
        </gpxtpx:TrackPointExtension></extensions>
      </trkpt>
      <trkpt lat="30.383231" lon="103.838566">
        <ele>439.0</ele>
        <time>2023-12-23T01:33:05Z</time>
        <extensions><gpxtpx:TrackPointExtension>
          <gpxtpx:hr>175</gpxtpx:hr>
        </gpxtpx:TrackPointExtension></extensions>
      </trkpt>
      <trkpt lat="30.38326" lon="103.838555">
        <ele>439.0</ele>
        <time>2023-12-23T01:33:06Z</time>
        <extensions><gpxtpx:TrackPointExtension>
          <gpxtpx:hr>174</gpxtpx:hr>
        </gpxtpx:TrackPointExtension></extensions>
      </trkpt>
      <trkpt lat="30.383289" lon="103.838544">
        <ele>439.0</ele>
        <time>2023-12-23T01:33:07Z</time>
        <extensions><gpxtpx:TrackPointExtension>
          <gpxtpx:hr>174</gpxtpx:hr>
        </gpxtpx:TrackPointExtension></extensions>
      </trkpt>
      <trkpt lat="30.383319" lon="103.838532">
        <ele>439.0</ele>
        <time>2023-12-23T01:33:08Z</time>
        <extensions><gpxtpx:TrackPointExtension>
          <gpxtpx:hr>174</gpxtpx:hr>
        </gpxtpx:TrackPointExtension></extensions>
      </trkpt>
      <trkpt lat="30.383349" lon="103.838521">
        <ele>439.0</ele>
        <time>2023-12-23T01:33:09Z</time>
        <extensions><gpxtpx:TrackPointExtension>
          <gpxtpx:hr>175</gpxtpx:hr>
        </gpxtpx:TrackPointExtension></extensions>
      </trkpt>
      <trkpt lat="30.38338" lon="103.838509">
        <ele>439.0</ele>
        <time>2023-12-23T01:33:10Z</time>
        <extensions><gpxtpx:TrackPointExtension>
          <gpxtpx:hr>175</gpxtpx:hr>
        </gpxtpx:TrackPointExtension></extensions>
      </trkpt>
      <trkpt lat="30.383411" lon="103.838498">
        <ele>439.0</ele>
        <time>2023-12-23T01:33:11Z</time>
        <extensions><gpxtpx:TrackPointExtension>
          <gpxtpx:hr>175</gpxtpx:hr>
        </gpxtpx:TrackPointExtension></extensions>
      </trkpt>
      <trkpt lat="30.383442" lon="103.838486">
        <ele>439.0</ele>
        <time>2023-12-23T01:33:12Z</time>
        <extensions><gpxtpx:TrackPointExtension>
          <gpxtpx:hr>175</gpxtpx:hr>
        </gpxtpx:TrackPointExtension></extensions>
      </trkpt>
      <trkpt lat="30.383473" lon="103.838474">
        <ele>439.0</ele>
        <time>2023-12-23T01:33:13Z</time>
        <extensions><gpxtpx:TrackPointExtension>
          <gpxtpx:hr>175</gpxtpx:hr>
        </gpxtpx:TrackPointExtension></extensions>
      </trkpt>
      <trkpt lat="30.383503" lon="103.838461">
        <ele>439.0</ele>
        <time>2023-12-23T01:33:14Z</time>
        <extensions><gpxtpx:TrackPointExtension>
          <gpxtpx:hr>175</gpxtpx:hr>
        </gpxtpx:TrackPointExtension></extensions>
      </trkpt>
      <trkpt lat="30.383534" lon="103.838449">
        <ele>439.0</ele>
        <time>2023-12-23T01:33:15Z</time>
        <extensions><gpxtpx:TrackPointExtension>
          <gpxtpx:hr>175</gpxtpx:hr>
        </gpxtpx:TrackPointExtension></extensions>
      </trkpt>
      <trkpt lat="30.383564" lon="103.838437">
        <ele>439.0</ele>
        <time>2023-12-23T01:33:16Z</time>
        <extensions><gpxtpx:TrackPointExtension>
          <gpxtpx:hr>175</gpxtpx:hr>
        </gpxtpx:TrackPointExtension></extensions>
      </trkpt>
      <trkpt lat="30.383595" lon="103.838425">
        <ele>439.0</ele>
        <time>2023-12-23T01:33:17Z</time>
        <extensions><gpxtpx:TrackPointExtension>
          <gpxtpx:hr>175</gpxtpx:hr>
        </gpxtpx:TrackPointExtension></extensions>
      </trkpt>
      <trkpt lat="30.383625" lon="103.838414">
        <ele>439.0</ele>
        <time>2023-12-23T01:33:18Z</time>
        <extensions><gpxtpx:TrackPointExtension>
          <gpxtpx:hr>175</gpxtpx:hr>
        </gpxtpx:TrackPointExtension></extensions>
      </trkpt>
      <trkpt lat="30.383655" lon="103.838403">
        <ele>439.0</ele>
        <time>2023-12-23T01:33:19Z</time>
        <extensions><gpxtpx:TrackPointExtension>
          <gpxtpx:hr>175</gpxtpx:hr>
        </gpxtpx:TrackPointExtension></extensions>
      </trkpt>
      <trkpt lat="30.383685" lon="103.838392">
        <ele>439.0</ele>
        <time>2023-12-23T01:33:20Z</time>
        <extensions><gpxtpx:TrackPointExtension>
          <gpxtpx:hr>175</gpxtpx:hr>
        </gpxtpx:TrackPointExtension></extensions>
      </trkpt>
      <trkpt lat="30.383716" lon="103.838381">
        <ele>439.0</ele>
        <time>2023-12-23T01:33:21Z</time>
        <extensions><gpxtpx:TrackPointExtension>
          <gpxtpx:hr>175</gpxtpx:hr>
        </gpxtpx:TrackPointExtension></extensions>
      </trkpt>
      <trkpt lat="30.383746" lon="103.838369">
        <ele>439.0</ele>
        <time>2023-12-23T01:33:22Z</time>
        <extensions><gpxtpx:TrackPointExtension>
          <gpxtpx:hr>175</gpxtpx:hr>
        </gpxtpx:TrackPointExtension></extensions>
      </trkpt>
      <trkpt lat="30.383776" lon="103.838357">
        <ele>439.0</ele>
        <time>2023-12-23T01:33:23Z</time>
        <extensions><gpxtpx:TrackPointExtension>
          <gpxtpx:hr>175</gpxtpx:hr>
        </gpxtpx:TrackPointExtension></extensions>
      </trkpt>
      <trkpt lat="30.383807" lon="103.838344">
        <ele>439.0</ele>
        <time>2023-12-23T01:33:24Z</time>
        <extensions><gpxtpx:TrackPointExtension>
          <gpxtpx:hr>175</gpxtpx:hr>
        </gpxtpx:TrackPointExtension></extensions>
      </trkpt>
      <trkpt lat="30.383837" lon="103.838331">
        <ele>439.0</ele>
        <time>2023-12-23T01:33:25Z</time>
        <extensions><gpxtpx:TrackPointExtension>
          <gpxtpx:hr>175</gpxtpx:hr>
        </gpxtpx:TrackPointExtension></extensions>
      </trkpt>
      <trkpt lat="30.383869" lon="103.838318">
        <ele>439.0</ele>
        <time>2023-12-23T01:33:26Z</time>
        <extensions><gpxtpx:TrackPointExtension>
          <gpxtpx:hr>175</gpxtpx:hr>
        </gpxtpx:TrackPointExtension></extensions>
      </trkpt>
      <trkpt lat="30.3839" lon="103.838306">
        <ele>439.0</ele>
        <time>2023-12-23T01:33:27Z</time>
        <extensions><gpxtpx:TrackPointExtension>
          <gpxtpx:hr>175</gpxtpx:hr>
        </gpxtpx:TrackPointExtension></extensions>
      </trkpt>
      <trkpt lat="30.383932" lon="103.838293">
        <ele>439.0</ele>
        <time>2023-12-23T01:33:28Z</time>
        <extensions><gpxtpx:TrackPointExtension>
          <gpxtpx:hr>175</gpxtpx:hr>
        </gpxtpx:TrackPointExtension></extensions>
      </trkpt>
      <trkpt lat="30.383964" lon="103.83828">
        <ele>439.0</ele>
        <time>2023-12-23T01:33:29Z</time>
        <extensions><gpxtpx:TrackPointExtension>
          <gpxtpx:hr>175</gpxtpx:hr>
        </gpxtpx:TrackPointExtension></extensions>
      </trkpt>
      <trkpt lat="30.383995" lon="103.838267">
        <ele>439.0</ele>
        <time>2023-12-23T01:33:30Z</time>
        <extensions><gpxtpx:TrackPointExtension>
          <gpxtpx:hr>176</gpxtpx:hr>
        </gpxtpx:TrackPointExtension></extensions>
      </trkpt>
      <trkpt lat="30.384027" lon="103.838254">
        <ele>439.0</ele>
        <time>2023-12-23T01:33:31Z</time>
        <extensions><gpxtpx:TrackPointExtension>
          <gpxtpx:hr>176</gpxtpx:hr>
        </gpxtpx:TrackPointExtension></extensions>
      </trkpt>
      <trkpt lat="30.38406" lon="103.838242">
        <ele>439.0</ele>
        <time>2023-12-23T01:33:32Z</time>
        <extensions><gpxtpx:TrackPointExtension>
          <gpxtpx:hr>176</gpxtpx:hr>
        </gpxtpx:TrackPointExtension></extensions>
      </trkpt>
      <trkpt lat="30.384092" lon="103.838229">
        <ele>439.0</ele>
        <time>2023-12-23T01:33:33Z</time>
        <extensions><gpxtpx:TrackPointExtension>
          <gpxtpx:hr>176</gpxtpx:hr>
        </gpxtpx:TrackPointExtension></extensions>
      </trkpt>
      <trkpt lat="30.384125" lon="103.838216">
        <ele>439.0</ele>
        <time>2023-12-23T01:33:34Z</time>
        <extensions><gpxtpx:TrackPointExtension>
          <gpxtpx:hr>176</gpxtpx:hr>
        </gpxtpx:TrackPointExtension></extensions>
      </trkpt>
      <trkpt lat="30.384158" lon="103.838204">
        <ele>439.0</ele>
        <time>2023-12-23T01:33:35Z</time>
        <extensions><gpxtpx:TrackPointExtension>
          <gpxtpx:hr>177</gpxtpx:hr>
        </gpxtpx:TrackPointExtension></extensions>
      </trkpt>
      <trkpt lat="30.38419" lon="103.838191">
        <ele>439.0</ele>
        <time>2023-12-23T01:33:36Z</time>
        <extensions><gpxtpx:TrackPointExtension>
          <gpxtpx:hr>177</gpxtpx:hr>
        </gpxtpx:TrackPointExtension></extensions>
      </trkpt>
      <trkpt lat="30.384222" lon="103.838179">
        <ele>439.0</ele>
        <time>2023-12-23T01:33:37Z</time>
        <extensions><gpxtpx:TrackPointExtension>
          <gpxtpx:hr>177</gpxtpx:hr>
        </gpxtpx:TrackPointExtension></extensions>
      </trkpt>
      <trkpt lat="30.384253" lon="103.838168">
        <ele>439.0</ele>
        <time>2023-12-23T01:33:38Z</time>
        <extensions><gpxtpx:TrackPointExtension>
          <gpxtpx:hr>177</gpxtpx:hr>
        </gpxtpx:TrackPointExtension></extensions>
      </trkpt>
      <trkpt lat="30.384284" lon="103.838157">
        <ele>439.0</ele>
        <time>2023-12-23T01:33:39Z</time>
        <extensions><gpxtpx:TrackPointExtension>
          <gpxtpx:hr>177</gpxtpx:hr>
        </gpxtpx:TrackPointExtension></extensions>
      </trkpt>
      <trkpt lat="30.384314" lon="103.838146">
        <ele>439.0</ele>
        <time>2023-12-23T01:33:40Z</time>
        <extensions><gpxtpx:TrackPointExtension>
          <gpxtpx:hr>177</gpxtpx:hr>
        </gpxtpx:TrackPointExtension></extensions>
      </trkpt>
      <trkpt lat="30.384344" lon="103.838134">
        <ele>439.0</ele>
        <time>2023-12-23T01:33:41Z</time>
        <extensions><gpxtpx:TrackPointExtension>
          <gpxtpx:hr>177</gpxtpx:hr>
        </gpxtpx:TrackPointExtension></extensions>
      </trkpt>
      <trkpt lat="30.384373" lon="103.838122">
        <ele>439.0</ele>
        <time>2023-12-23T01:33:42Z</time>
        <extensions><gpxtpx:TrackPointExtension>
          <gpxtpx:hr>177</gpxtpx:hr>
        </gpxtpx:TrackPointExtension></extensions>
      </trkpt>
      <trkpt lat="30.384403" lon="103.83811">
        <ele>439.0</ele>
        <time>2023-12-23T01:33:43Z</time>
        <extensions><gpxtpx:TrackPointExtension>
          <gpxtpx:hr>178</gpxtpx:hr>
        </gpxtpx:TrackPointExtension></extensions>
      </trkpt>
      <trkpt lat="30.384433" lon="103.838097">
        <ele>439.0</ele>
        <time>2023-12-23T01:33:44Z</time>
        <extensions><gpxtpx:TrackPointExtension>
          <gpxtpx:hr>178</gpxtpx:hr>
        </gpxtpx:TrackPointExtension></extensions>
      </trkpt>
      <trkpt lat="30.384463" lon="103.838084">
        <ele>439.0</ele>
        <time>2023-12-23T01:33:45Z</time>
        <extensions><gpxtpx:TrackPointExtension>
          <gpxtpx:hr>178</gpxtpx:hr>
        </gpxtpx:TrackPointExtension></extensions>
      </trkpt>
      <trkpt lat="30.384494" lon="103.838071">
        <ele>439.0</ele>
        <time>2023-12-23T01:33:46Z</time>
        <extensions><gpxtpx:TrackPointExtension>
          <gpxtpx:hr>178</gpxtpx:hr>
        </gpxtpx:TrackPointExtension></extensions>
      </trkpt>
      <trkpt lat="30.384525" lon="103.838058">
        <ele>439.0</ele>
        <time>2023-12-23T01:33:47Z</time>
        <extensions><gpxtpx:TrackPointExtension>
          <gpxtpx:hr>178</gpxtpx:hr>
        </gpxtpx:TrackPointExtension></extensions>
      </trkpt>
      <trkpt lat="30.384558" lon="103.838045">
        <ele>439.0</ele>
        <time>2023-12-23T01:33:48Z</time>
        <extensions><gpxtpx:TrackPointExtension>
          <gpxtpx:hr>178</gpxtpx:hr>
        </gpxtpx:TrackPointExtension></extensions>
      </trkpt>
      <trkpt lat="30.38459" lon="103.838032">
        <ele>439.0</ele>
        <time>2023-12-23T01:33:49Z</time>
        <extensions><gpxtpx:TrackPointExtension>
          <gpxtpx:hr>178</gpxtpx:hr>
        </gpxtpx:TrackPointExtension></extensions>
      </trkpt>
      <trkpt lat="30.384622" lon="103.83802">
        <ele>439.0</ele>
        <time>2023-12-23T01:33:50Z</time>
        <extensions><gpxtpx:TrackPointExtension>
          <gpxtpx:hr>178</gpxtpx:hr>
        </gpxtpx:TrackPointExtension></extensions>
      </trkpt>
      <trkpt lat="30.384655" lon="103.838007">
        <ele>439.0</ele>
        <time>2023-12-23T01:33:51Z</time>
        <extensions><gpxtpx:TrackPointExtension>
          <gpxtpx:hr>178</gpxtpx:hr>
        </gpxtpx:TrackPointExtension></extensions>
      </trkpt>
      <trkpt lat="30.384687" lon="103.837994">
        <ele>439.0</ele>
        <time>2023-12-23T01:33:52Z</time>
        <extensions><gpxtpx:TrackPointExtension>
          <gpxtpx:hr>178</gpxtpx:hr>
        </gpxtpx:TrackPointExtension></extensions>
      </trkpt>
      <trkpt lat="30.384719" lon="103.837982">
        <ele>439.0</ele>
        <time>2023-12-23T01:33:53Z</time>
        <extensions><gpxtpx:TrackPointExtension>
          <gpxtpx:hr>178</gpxtpx:hr>
        </gpxtpx:TrackPointExtension></extensions>
      </trkpt>
      <trkpt lat="30.384752" lon="103.83797">
        <ele>439.0</ele>
        <time>2023-12-23T01:33:54Z</time>
        <extensions><gpxtpx:TrackPointExtension>
          <gpxtpx:hr>178</gpxtpx:hr>
        </gpxtpx:TrackPointExtension></extensions>
      </trkpt>
      <trkpt lat="30.384784" lon="103.837957">
        <ele>439.0</ele>
        <time>2023-12-23T01:33:55Z</time>
        <extensions><gpxtpx:TrackPointExtension>
          <gpxtpx:hr>178</gpxtpx:hr>
        </gpxtpx:TrackPointExtension></extensions>
      </trkpt>
      <trkpt lat="30.384817" lon="103.837945">
        <ele>439.0</ele>
        <time>2023-12-23T01:33:56Z</time>
        <extensions><gpxtpx:TrackPointExtension>
          <gpxtpx:hr>178</gpxtpx:hr>
        </gpxtpx:TrackPointExtension></extensions>
      </trkpt>
      <trkpt lat="30.384849" lon="103.837932">
        <ele>439.0</ele>
        <time>2023-12-23T01:33:57Z</time>
        <extensions><gpxtpx:TrackPointExtension>
          <gpxtpx:hr>178</gpxtpx:hr>
        </gpxtpx:TrackPointExtension></extensions>
      </trkpt>
      <trkpt lat="30.384882" lon="103.837919">
        <ele>439.0</ele>
        <time>2023-12-23T01:33:58Z</time>
        <extensions><gpxtpx:TrackPointExtension>
          <gpxtpx:hr>178</gpxtpx:hr>
        </gpxtpx:TrackPointExtension></extensions>
      </trkpt>
      <trkpt lat="30.384914" lon="103.837907">
        <ele>439.0</ele>
        <time>2023-12-23T01:33:59Z</time>
        <extensions><gpxtpx:TrackPointExtension>
          <gpxtpx:hr>178</gpxtpx:hr>
        </gpxtpx:TrackPointExtension></extensions>
      </trkpt>
      <trkpt lat="30.384946" lon="103.837894">
        <ele>439.0</ele>
        <time>2023-12-23T01:34:00Z</time>
        <extensions><gpxtpx:TrackPointExtension>
          <gpxtpx:hr>178</gpxtpx:hr>
        </gpxtpx:TrackPointExtension></extensions>
      </trkpt>
      <trkpt lat="30.384977" lon="103.837882">
        <ele>439.0</ele>
        <time>2023-12-23T01:34:01Z</time>
        <extensions><gpxtpx:TrackPointExtension>
          <gpxtpx:hr>178</gpxtpx:hr>
        </gpxtpx:TrackPointExtension></extensions>
      </trkpt>
      <trkpt lat="30.385008" lon="103.837869">
        <ele>439.0</ele>
        <time>2023-12-23T01:34:02Z</time>
        <extensions><gpxtpx:TrackPointExtension>
          <gpxtpx:hr>178</gpxtpx:hr>
        </gpxtpx:TrackPointExtension></extensions>
      </trkpt>
      <trkpt lat="30.385039" lon="103.837857">
        <ele>439.0</ele>
        <time>2023-12-23T01:34:03Z</time>
        <extensions><gpxtpx:TrackPointExtension>
          <gpxtpx:hr>178</gpxtpx:hr>
        </gpxtpx:TrackPointExtension></extensions>
      </trkpt>
      <trkpt lat="30.385069" lon="103.837844">
        <ele>439.0</ele>
        <time>2023-12-23T01:34:04Z</time>
        <extensions><gpxtpx:TrackPointExtension>
          <gpxtpx:hr>178</gpxtpx:hr>
        </gpxtpx:TrackPointExtension></extensions>
      </trkpt>
      <trkpt lat="30.3851" lon="103.837831">
        <ele>439.0</ele>
        <time>2023-12-23T01:34:05Z</time>
        <extensions><gpxtpx:TrackPointExtension>
          <gpxtpx:hr>178</gpxtpx:hr>
        </gpxtpx:TrackPointExtension></extensions>
      </trkpt>
      <trkpt lat="30.38513" lon="103.837819">
        <ele>439.0</ele>
        <time>2023-12-23T01:34:06Z</time>
        <extensions><gpxtpx:TrackPointExtension>
          <gpxtpx:hr>178</gpxtpx:hr>
        </gpxtpx:TrackPointExtension></extensions>
      </trkpt>
      <trkpt lat="30.38516" lon="103.837806">
        <ele>439.0</ele>
        <time>2023-12-23T01:34:07Z</time>
        <extensions><gpxtpx:TrackPointExtension>
          <gpxtpx:hr>178</gpxtpx:hr>
        </gpxtpx:TrackPointExtension></extensions>
      </trkpt>
      <trkpt lat="30.38519" lon="103.837793">
        <ele>439.0</ele>
        <time>2023-12-23T01:34:08Z</time>
        <extensions><gpxtpx:TrackPointExtension>
          <gpxtpx:hr>178</gpxtpx:hr>
        </gpxtpx:TrackPointExtension></extensions>
      </trkpt>
      <trkpt lat="30.38522" lon="103.83778">
        <ele>439.0</ele>
        <time>2023-12-23T01:34:09Z</time>
        <extensions><gpxtpx:TrackPointExtension>
          <gpxtpx:hr>178</gpxtpx:hr>
        </gpxtpx:TrackPointExtension></extensions>
      </trkpt>
      <trkpt lat="30.385251" lon="103.837768">
        <ele>439.0</ele>
        <time>2023-12-23T01:34:10Z</time>
        <extensions><gpxtpx:TrackPointExtension>
          <gpxtpx:hr>178</gpxtpx:hr>
        </gpxtpx:TrackPointExtension></extensions>
      </trkpt>
      <trkpt lat="30.385281" lon="103.837756">
        <ele>439.0</ele>
        <time>2023-12-23T01:34:11Z</time>
        <extensions><gpxtpx:TrackPointExtension>
          <gpxtpx:hr>178</gpxtpx:hr>
        </gpxtpx:TrackPointExtension></extensions>
      </trkpt>
      <trkpt lat="30.385312" lon="103.837744">
        <ele>439.0</ele>
        <time>2023-12-23T01:34:12Z</time>
        <extensions><gpxtpx:TrackPointExtension>
          <gpxtpx:hr>178</gpxtpx:hr>
        </gpxtpx:TrackPointExtension></extensions>
      </trkpt>
      <trkpt lat="30.385342" lon="103.837732">
        <ele>439.0</ele>
        <time>2023-12-23T01:34:13Z</time>
        <extensions><gpxtpx:TrackPointExtension>
          <gpxtpx:hr>178</gpxtpx:hr>
        </gpxtpx:TrackPointExtension></extensions>
      </trkpt>
      <trkpt lat="30.385373" lon="103.837721">
        <ele>439.0</ele>
        <time>2023-12-23T01:34:14Z</time>
        <extensions><gpxtpx:TrackPointExtension>
          <gpxtpx:hr>178</gpxtpx:hr>
        </gpxtpx:TrackPointExtension></extensions>
      </trkpt>
      <trkpt lat="30.385404" lon="103.837711">
        <ele>439.0</ele>
        <time>2023-12-23T01:34:15Z</time>
        <extensions><gpxtpx:TrackPointExtension>
          <gpxtpx:hr>178</gpxtpx:hr>
        </gpxtpx:TrackPointExtension></extensions>
      </trkpt>
      <trkpt lat="30.385435" lon="103.837701">
        <ele>439.0</ele>
        <time>2023-12-23T01:34:16Z</time>
        <extensions><gpxtpx:TrackPointExtension>
          <gpxtpx:hr>178</gpxtpx:hr>
        </gpxtpx:TrackPointExtension></extensions>
      </trkpt>
      <trkpt lat="30.385467" lon="103.837692">
        <ele>439.0</ele>
        <time>2023-12-23T01:34:17Z</time>
        <extensions><gpxtpx:TrackPointExtension>
          <gpxtpx:hr>178</gpxtpx:hr>
        </gpxtpx:TrackPointExtension></extensions>
      </trkpt>
      <trkpt lat="30.385498" lon="103.837681">
        <ele>439.0</ele>
        <time>2023-12-23T01:34:18Z</time>
        <extensions><gpxtpx:TrackPointExtension>
          <gpxtpx:hr>178</gpxtpx:hr>
        </gpxtpx:TrackPointExtension></extensions>
      </trkpt>
      <trkpt lat="30.385528" lon="103.837669">
        <ele>439.0</ele>
        <time>2023-12-23T01:34:19Z</time>
        <extensions><gpxtpx:TrackPointExtension>
          <gpxtpx:hr>178</gpxtpx:hr>
        </gpxtpx:TrackPointExtension></extensions>
      </trkpt>
      <trkpt lat="30.385559" lon="103.837657">
        <ele>439.0</ele>
        <time>2023-12-23T01:34:20Z</time>
        <extensions><gpxtpx:TrackPointExtension>
          <gpxtpx:hr>178</gpxtpx:hr>
        </gpxtpx:TrackPointExtension></extensions>
      </trkpt>
      <trkpt lat="30.38559" lon="103.837645">
        <ele>439.0</ele>
        <time>2023-12-23T01:34:21Z</time>
        <extensions><gpxtpx:TrackPointExtension>
          <gpxtpx:hr>178</gpxtpx:hr>
        </gpxtpx:TrackPointExtension></extensions>
      </trkpt>
      <trkpt lat="30.385621" lon="103.837631">
        <ele>439.0</ele>
        <time>2023-12-23T01:34:22Z</time>
        <extensions><gpxtpx:TrackPointExtension>
          <gpxtpx:hr>178</gpxtpx:hr>
        </gpxtpx:TrackPointExtension></extensions>
      </trkpt>
      <trkpt lat="30.385652" lon="103.837618">
        <ele>439.0</ele>
        <time>2023-12-23T01:34:23Z</time>
        <extensions><gpxtpx:TrackPointExtension>
          <gpxtpx:hr>178</gpxtpx:hr>
        </gpxtpx:TrackPointExtension></extensions>
      </trkpt>
      <trkpt lat="30.385683" lon="103.837604">
        <ele>439.0</ele>
        <time>2023-12-23T01:34:24Z</time>
        <extensions><gpxtpx:TrackPointExtension>
          <gpxtpx:hr>178</gpxtpx:hr>
        </gpxtpx:TrackPointExtension></extensions>
      </trkpt>
      <trkpt lat="30.385714" lon="103.837591">
        <ele>439.0</ele>
        <time>2023-12-23T01:34:25Z</time>
        <extensions><gpxtpx:TrackPointExtension>
          <gpxtpx:hr>178</gpxtpx:hr>
        </gpxtpx:TrackPointExtension></extensions>
      </trkpt>
      <trkpt lat="30.385746" lon="103.837577">
        <ele>439.0</ele>
        <time>2023-12-23T01:34:26Z</time>
        <extensions><gpxtpx:TrackPointExtension>
          <gpxtpx:hr>178</gpxtpx:hr>
        </gpxtpx:TrackPointExtension></extensions>
      </trkpt>
      <trkpt lat="30.385777" lon="103.837564">
        <ele>439.0</ele>
        <time>2023-12-23T01:34:27Z</time>
        <extensions><gpxtpx:TrackPointExtension>
          <gpxtpx:hr>178</gpxtpx:hr>
        </gpxtpx:TrackPointExtension></extensions>
      </trkpt>
      <trkpt lat="30.385809" lon="103.837551">
        <ele>439.0</ele>
        <time>2023-12-23T01:34:28Z</time>
        <extensions><gpxtpx:TrackPointExtension>
          <gpxtpx:hr>178</gpxtpx:hr>
        </gpxtpx:TrackPointExtension></extensions>
      </trkpt>
      <trkpt lat="30.38584" lon="103.837538">
        <ele>439.0</ele>
        <time>2023-12-23T01:34:29Z</time>
        <extensions><gpxtpx:TrackPointExtension>
          <gpxtpx:hr>178</gpxtpx:hr>
        </gpxtpx:TrackPointExtension></extensions>
      </trkpt>
      <trkpt lat="30.385872" lon="103.837526">
        <ele>439.0</ele>
        <time>2023-12-23T01:34:30Z</time>
        <extensions><gpxtpx:TrackPointExtension>
          <gpxtpx:hr>178</gpxtpx:hr>
        </gpxtpx:TrackPointExtension></extensions>
      </trkpt>
      <trkpt lat="30.385903" lon="103.837514">
        <ele>439.0</ele>
        <time>2023-12-23T01:34:31Z</time>
        <extensions><gpxtpx:TrackPointExtension>
          <gpxtpx:hr>178</gpxtpx:hr>
        </gpxtpx:TrackPointExtension></extensions>
      </trkpt>
      <trkpt lat="30.385934" lon="103.837502">
        <ele>439.0</ele>
        <time>2023-12-23T01:34:32Z</time>
        <extensions><gpxtpx:TrackPointExtension>
          <gpxtpx:hr>178</gpxtpx:hr>
        </gpxtpx:TrackPointExtension></extensions>
      </trkpt>
      <trkpt lat="30.385964" lon="103.83749">
        <ele>439.0</ele>
        <time>2023-12-23T01:34:33Z</time>
        <extensions><gpxtpx:TrackPointExtension>
          <gpxtpx:hr>178</gpxtpx:hr>
        </gpxtpx:TrackPointExtension></extensions>
      </trkpt>
      <trkpt lat="30.385995" lon="103.837478">
        <ele>439.0</ele>
        <time>2023-12-23T01:34:34Z</time>
        <extensions><gpxtpx:TrackPointExtension>
          <gpxtpx:hr>178</gpxtpx:hr>
        </gpxtpx:TrackPointExtension></extensions>
      </trkpt>
      <trkpt lat="30.386026" lon="103.837466">
        <ele>439.0</ele>
        <time>2023-12-23T01:34:35Z</time>
        <extensions><gpxtpx:TrackPointExtension>
          <gpxtpx:hr>178</gpxtpx:hr>
        </gpxtpx:TrackPointExtension></extensions>
      </trkpt>
      <trkpt lat="30.386057" lon="103.837454">
        <ele>439.0</ele>
        <time>2023-12-23T01:34:36Z</time>
        <extensions><gpxtpx:TrackPointExtension>
          <gpxtpx:hr>178</gpxtpx:hr>
        </gpxtpx:TrackPointExtension></extensions>
      </trkpt>
      <trkpt lat="30.386088" lon="103.837442">
        <ele>439.0</ele>
        <time>2023-12-23T01:34:37Z</time>
        <extensions><gpxtpx:TrackPointExtension>
          <gpxtpx:hr>178</gpxtpx:hr>
        </gpxtpx:TrackPointExtension></extensions>
      </trkpt>
      <trkpt lat="30.386118" lon="103.837429">
        <ele>439.0</ele>
        <time>2023-12-23T01:34:38Z</time>
        <extensions><gpxtpx:TrackPointExtension>
          <gpxtpx:hr>178</gpxtpx:hr>
        </gpxtpx:TrackPointExtension></extensions>
      </trkpt>
      <trkpt lat="30.386148" lon="103.837416">
        <ele>439.0</ele>
        <time>2023-12-23T01:34:39Z</time>
        <extensions><gpxtpx:TrackPointExtension>
          <gpxtpx:hr>178</gpxtpx:hr>
        </gpxtpx:TrackPointExtension></extensions>
      </trkpt>
      <trkpt lat="30.386178" lon="103.837403">
        <ele>439.0</ele>
        <time>2023-12-23T01:34:40Z</time>
        <extensions><gpxtpx:TrackPointExtension>
          <gpxtpx:hr>178</gpxtpx:hr>
        </gpxtpx:TrackPointExtension></extensions>
      </trkpt>
      <trkpt lat="30.386208" lon="103.837391">
        <ele>439.0</ele>
        <time>2023-12-23T01:34:41Z</time>
        <extensions><gpxtpx:TrackPointExtension>
          <gpxtpx:hr>178</gpxtpx:hr>
        </gpxtpx:TrackPointExtension></extensions>
      </trkpt>
      <trkpt lat="30.386238" lon="103.837378">
        <ele>439.0</ele>
        <time>2023-12-23T01:34:42Z</time>
        <extensions><gpxtpx:TrackPointExtension>
          <gpxtpx:hr>178</gpxtpx:hr>
        </gpxtpx:TrackPointExtension></extensions>
      </trkpt>
      <trkpt lat="30.386268" lon="103.837366">
        <ele>439.0</ele>
        <time>2023-12-23T01:34:43Z</time>
        <extensions><gpxtpx:TrackPointExtension>
          <gpxtpx:hr>178</gpxtpx:hr>
        </gpxtpx:TrackPointExtension></extensions>
      </trkpt>
      <trkpt lat="30.386298" lon="103.837354">
        <ele>439.0</ele>
        <time>2023-12-23T01:34:44Z</time>
        <extensions><gpxtpx:TrackPointExtension>
          <gpxtpx:hr>178</gpxtpx:hr>
        </gpxtpx:TrackPointExtension></extensions>
      </trkpt>
      <trkpt lat="30.386328" lon="103.837341">
        <ele>439.0</ele>
        <time>2023-12-23T01:34:45Z</time>
        <extensions><gpxtpx:TrackPointExtension>
          <gpxtpx:hr>178</gpxtpx:hr>
        </gpxtpx:TrackPointExtension></extensions>
      </trkpt>
      <trkpt lat="30.386357" lon="103.837329">
        <ele>439.0</ele>
        <time>2023-12-23T01:34:46Z</time>
        <extensions><gpxtpx:TrackPointExtension>
          <gpxtpx:hr>178</gpxtpx:hr>
        </gpxtpx:TrackPointExtension></extensions>
      </trkpt>
      <trkpt lat="30.386387" lon="103.837318">
        <ele>439.0</ele>
        <time>2023-12-23T01:34:47Z</time>
        <extensions><gpxtpx:TrackPointExtension>
          <gpxtpx:hr>178</gpxtpx:hr>
        </gpxtpx:TrackPointExtension></extensions>
      </trkpt>
      <trkpt lat="30.386417" lon="103.837306">
        <ele>439.0</ele>
        <time>2023-12-23T01:34:48Z</time>
        <extensions><gpxtpx:TrackPointExtension>
          <gpxtpx:hr>178</gpxtpx:hr>
        </gpxtpx:TrackPointExtension></extensions>
      </trkpt>
      <trkpt lat="30.386447" lon="103.837294">
        <ele>439.0</ele>
        <time>2023-12-23T01:34:49Z</time>
        <extensions><gpxtpx:TrackPointExtension>
          <gpxtpx:hr>178</gpxtpx:hr>
        </gpxtpx:TrackPointExtension></extensions>
      </trkpt>
      <trkpt lat="30.386477" lon="103.837283">
        <ele>439.0</ele>
        <time>2023-12-23T01:34:50Z</time>
        <extensions><gpxtpx:TrackPointExtension>
          <gpxtpx:hr>178</gpxtpx:hr>
        </gpxtpx:TrackPointExtension></extensions>
      </trkpt>
      <trkpt lat="30.386508" lon="103.837271">
        <ele>439.0</ele>
        <time>2023-12-23T01:34:51Z</time>
        <extensions><gpxtpx:TrackPointExtension>
          <gpxtpx:hr>178</gpxtpx:hr>
        </gpxtpx:TrackPointExtension></extensions>
      </trkpt>
      <trkpt lat="30.38654" lon="103.83726">
        <ele>439.0</ele>
        <time>2023-12-23T01:34:52Z</time>
        <extensions><gpxtpx:TrackPointExtension>
          <gpxtpx:hr>178</gpxtpx:hr>
        </gpxtpx:TrackPointExtension></extensions>
      </trkpt>
      <trkpt lat="30.386571" lon="103.837249">
        <ele>439.0</ele>
        <time>2023-12-23T01:34:53Z</time>
        <extensions><gpxtpx:TrackPointExtension>
          <gpxtpx:hr>178</gpxtpx:hr>
        </gpxtpx:TrackPointExtension></extensions>
      </trkpt>
      <trkpt lat="30.386603" lon="103.837238">
        <ele>439.0</ele>
        <time>2023-12-23T01:34:54Z</time>
        <extensions><gpxtpx:TrackPointExtension>
          <gpxtpx:hr>178</gpxtpx:hr>
        </gpxtpx:TrackPointExtension></extensions>
      </trkpt>
      <trkpt lat="30.386634" lon="103.837227">
        <ele>439.0</ele>
        <time>2023-12-23T01:34:55Z</time>
        <extensions><gpxtpx:TrackPointExtension>
          <gpxtpx:hr>178</gpxtpx:hr>
        </gpxtpx:TrackPointExtension></extensions>
      </trkpt>
      <trkpt lat="30.386666" lon="103.837216">
        <ele>439.0</ele>
        <time>2023-12-23T01:34:56Z</time>
        <extensions><gpxtpx:TrackPointExtension>
          <gpxtpx:hr>178</gpxtpx:hr>
        </gpxtpx:TrackPointExtension></extensions>
      </trkpt>
      <trkpt lat="30.386697" lon="103.837205">
        <ele>439.0</ele>
        <time>2023-12-23T01:34:57Z</time>
        <extensions><gpxtpx:TrackPointExtension>
          <gpxtpx:hr>178</gpxtpx:hr>
        </gpxtpx:TrackPointExtension></extensions>
      </trkpt>
      <trkpt lat="30.386728" lon="103.837193">
        <ele>439.0</ele>
        <time>2023-12-23T01:34:58Z</time>
        <extensions><gpxtpx:TrackPointExtension>
          <gpxtpx:hr>178</gpxtpx:hr>
        </gpxtpx:TrackPointExtension></extensions>
      </trkpt>
      <trkpt lat="30.38676" lon="103.837181">
        <ele>439.0</ele>
        <time>2023-12-23T01:34:59Z</time>
        <extensions><gpxtpx:TrackPointExtension>
          <gpxtpx:hr>178</gpxtpx:hr>
        </gpxtpx:TrackPointExtension></extensions>
      </trkpt>
      <trkpt lat="30.386791" lon="103.837169">
        <ele>439.0</ele>
        <time>2023-12-23T01:35:00Z</time>
        <extensions><gpxtpx:TrackPointExtension>
          <gpxtpx:hr>178</gpxtpx:hr>
        </gpxtpx:TrackPointExtension></extensions>
      </trkpt>
      <trkpt lat="30.386822" lon="103.837157">
        <ele>439.0</ele>
        <time>2023-12-23T01:35:01Z</time>
        <extensions><gpxtpx:TrackPointExtension>
          <gpxtpx:hr>178</gpxtpx:hr>
        </gpxtpx:TrackPointExtension></extensions>
      </trkpt>
      <trkpt lat="30.386853" lon="103.837145">
        <ele>439.0</ele>
        <time>2023-12-23T01:35:02Z</time>
        <extensions><gpxtpx:TrackPointExtension>
          <gpxtpx:hr>178</gpxtpx:hr>
        </gpxtpx:TrackPointExtension></extensions>
      </trkpt>
      <trkpt lat="30.386884" lon="103.837133">
        <ele>439.0</ele>
        <time>2023-12-23T01:35:03Z</time>
        <extensions><gpxtpx:TrackPointExtension>
          <gpxtpx:hr>178</gpxtpx:hr>
        </gpxtpx:TrackPointExtension></extensions>
      </trkpt>
      <trkpt lat="30.386914" lon="103.837122">
        <ele>439.0</ele>
        <time>2023-12-23T01:35:04Z</time>
        <extensions><gpxtpx:TrackPointExtension>
          <gpxtpx:hr>178</gpxtpx:hr>
        </gpxtpx:TrackPointExtension></extensions>
      </trkpt>
      <trkpt lat="30.386944" lon="103.83711">
        <ele>439.0</ele>
        <time>2023-12-23T01:35:05Z</time>
        <extensions><gpxtpx:TrackPointExtension>
          <gpxtpx:hr>178</gpxtpx:hr>
        </gpxtpx:TrackPointExtension></extensions>
      </trkpt>
      <trkpt lat="30.386973" lon="103.837099">
        <ele>439.0</ele>
        <time>2023-12-23T01:35:06Z</time>
        <extensions><gpxtpx:TrackPointExtension>
          <gpxtpx:hr>178</gpxtpx:hr>
        </gpxtpx:TrackPointExtension></extensions>
      </trkpt>
      <trkpt lat="30.387003" lon="103.837088">
        <ele>439.0</ele>
        <time>2023-12-23T01:35:07Z</time>
        <extensions><gpxtpx:TrackPointExtension>
          <gpxtpx:hr>178</gpxtpx:hr>
        </gpxtpx:TrackPointExtension></extensions>
      </trkpt>
      <trkpt lat="30.387032" lon="103.837076">
        <ele>439.0</ele>
        <time>2023-12-23T01:35:08Z</time>
        <extensions><gpxtpx:TrackPointExtension>
          <gpxtpx:hr>178</gpxtpx:hr>
        </gpxtpx:TrackPointExtension></extensions>
      </trkpt>
      <trkpt lat="30.387061" lon="103.837065">
        <ele>439.0</ele>
        <time>2023-12-23T01:35:09Z</time>
        <extensions><gpxtpx:TrackPointExtension>
          <gpxtpx:hr>178</gpxtpx:hr>
        </gpxtpx:TrackPointExtension></extensions>
      </trkpt>
      <trkpt lat="30.387091" lon="103.837053">
        <ele>439.0</ele>
        <time>2023-12-23T01:35:10Z</time>
        <extensions><gpxtpx:TrackPointExtension>
          <gpxtpx:hr>178</gpxtpx:hr>
        </gpxtpx:TrackPointExtension></extensions>
      </trkpt>
      <trkpt lat="30.387121" lon="103.837041">
        <ele>439.0</ele>
        <time>2023-12-23T01:35:11Z</time>
        <extensions><gpxtpx:TrackPointExtension>
          <gpxtpx:hr>178</gpxtpx:hr>
        </gpxtpx:TrackPointExtension></extensions>
      </trkpt>
      <trkpt lat="30.387152" lon="103.837029">
        <ele>439.0</ele>
        <time>2023-12-23T01:35:12Z</time>
        <extensions><gpxtpx:TrackPointExtension>
          <gpxtpx:hr>178</gpxtpx:hr>
        </gpxtpx:TrackPointExtension></extensions>
      </trkpt>
      <trkpt lat="30.387183" lon="103.837016">
        <ele>439.0</ele>
        <time>2023-12-23T01:35:13Z</time>
        <extensions><gpxtpx:TrackPointExtension>
          <gpxtpx:hr>178</gpxtpx:hr>
        </gpxtpx:TrackPointExtension></extensions>
      </trkpt>
      <trkpt lat="30.387215" lon="103.837005">
        <ele>439.0</ele>
        <time>2023-12-23T01:35:14Z</time>
        <extensions><gpxtpx:TrackPointExtension>
          <gpxtpx:hr>178</gpxtpx:hr>
        </gpxtpx:TrackPointExtension></extensions>
      </trkpt>
      <trkpt lat="30.387247" lon="103.836993">
        <ele>439.0</ele>
        <time>2023-12-23T01:35:15Z</time>
        <extensions><gpxtpx:TrackPointExtension>
          <gpxtpx:hr>178</gpxtpx:hr>
        </gpxtpx:TrackPointExtension></extensions>
      </trkpt>
      <trkpt lat="30.387278" lon="103.836982">
        <ele>439.0</ele>
        <time>2023-12-23T01:35:16Z</time>
        <extensions><gpxtpx:TrackPointExtension>
          <gpxtpx:hr>178</gpxtpx:hr>
        </gpxtpx:TrackPointExtension></extensions>
      </trkpt>
      <trkpt lat="30.387309" lon="103.83697">
        <ele>439.0</ele>
        <time>2023-12-23T01:35:17Z</time>
        <extensions><gpxtpx:TrackPointExtension>
          <gpxtpx:hr>178</gpxtpx:hr>
        </gpxtpx:TrackPointExtension></extensions>
      </trkpt>
      <trkpt lat="30.38734" lon="103.836958">
        <ele>439.0</ele>
        <time>2023-12-23T01:35:18Z</time>
        <extensions><gpxtpx:TrackPointExtension>
          <gpxtpx:hr>178</gpxtpx:hr>
        </gpxtpx:TrackPointExtension></extensions>
      </trkpt>
      <trkpt lat="30.387371" lon="103.836946">
        <ele>439.0</ele>
        <time>2023-12-23T01:35:19Z</time>
        <extensions><gpxtpx:TrackPointExtension>
          <gpxtpx:hr>178</gpxtpx:hr>
        </gpxtpx:TrackPointExtension></extensions>
      </trkpt>
      <trkpt lat="30.387401" lon="103.836933">
        <ele>439.0</ele>
        <time>2023-12-23T01:35:20Z</time>
        <extensions><gpxtpx:TrackPointExtension>
          <gpxtpx:hr>178</gpxtpx:hr>
        </gpxtpx:TrackPointExtension></extensions>
      </trkpt>
      <trkpt lat="30.387432" lon="103.836921">
        <ele>439.0</ele>
        <time>2023-12-23T01:35:21Z</time>
        <extensions><gpxtpx:TrackPointExtension>
          <gpxtpx:hr>178</gpxtpx:hr>
        </gpxtpx:TrackPointExtension></extensions>
      </trkpt>
      <trkpt lat="30.387463" lon="103.836908">
        <ele>439.0</ele>
        <time>2023-12-23T01:35:22Z</time>
        <extensions><gpxtpx:TrackPointExtension>
          <gpxtpx:hr>178</gpxtpx:hr>
        </gpxtpx:TrackPointExtension></extensions>
      </trkpt>
      <trkpt lat="30.387494" lon="103.836895">
        <ele>439.0</ele>
        <time>2023-12-23T01:35:23Z</time>
        <extensions><gpxtpx:TrackPointExtension>
          <gpxtpx:hr>178</gpxtpx:hr>
        </gpxtpx:TrackPointExtension></extensions>
      </trkpt>
      <trkpt lat="30.387525" lon="103.836884">
        <ele>439.0</ele>
        <time>2023-12-23T01:35:24Z</time>
        <extensions><gpxtpx:TrackPointExtension>
          <gpxtpx:hr>178</gpxtpx:hr>
        </gpxtpx:TrackPointExtension></extensions>
      </trkpt>
      <trkpt lat="30.387557" lon="103.836873">
        <ele>439.0</ele>
        <time>2023-12-23T01:35:25Z</time>
        <extensions><gpxtpx:TrackPointExtension>
          <gpxtpx:hr>178</gpxtpx:hr>
        </gpxtpx:TrackPointExtension></extensions>
      </trkpt>
      <trkpt lat="30.387587" lon="103.836861">
        <ele>439.0</ele>
        <time>2023-12-23T01:35:26Z</time>
        <extensions><gpxtpx:TrackPointExtension>
          <gpxtpx:hr>178</gpxtpx:hr>
        </gpxtpx:TrackPointExtension></extensions>
      </trkpt>
      <trkpt lat="30.387618" lon="103.83685">
        <ele>439.0</ele>
        <time>2023-12-23T01:35:27Z</time>
        <extensions><gpxtpx:TrackPointExtension>
          <gpxtpx:hr>178</gpxtpx:hr>
        </gpxtpx:TrackPointExtension></extensions>
      </trkpt>
      <trkpt lat="30.387649" lon="103.836836">
        <ele>439.0</ele>
        <time>2023-12-23T01:35:28Z</time>
        <extensions><gpxtpx:TrackPointExtension>
          <gpxtpx:hr>178</gpxtpx:hr>
        </gpxtpx:TrackPointExtension></extensions>
      </trkpt>
      <trkpt lat="30.38768" lon="103.836823">
        <ele>439.0</ele>
        <time>2023-12-23T01:35:29Z</time>
        <extensions><gpxtpx:TrackPointExtension>
          <gpxtpx:hr>178</gpxtpx:hr>
        </gpxtpx:TrackPointExtension></extensions>
      </trkpt>
      <trkpt lat="30.387711" lon="103.836809">
        <ele>439.0</ele>
        <time>2023-12-23T01:35:30Z</time>
        <extensions><gpxtpx:TrackPointExtension>
          <gpxtpx:hr>178</gpxtpx:hr>
        </gpxtpx:TrackPointExtension></extensions>
      </trkpt>
      <trkpt lat="30.387741" lon="103.836795">
        <ele>439.0</ele>
        <time>2023-12-23T01:35:31Z</time>
        <extensions><gpxtpx:TrackPointExtension>
          <gpxtpx:hr>178</gpxtpx:hr>
        </gpxtpx:TrackPointExtension></extensions>
      </trkpt>
      <trkpt lat="30.387772" lon="103.836781">
        <ele>439.0</ele>
        <time>2023-12-23T01:35:32Z</time>
        <extensions><gpxtpx:TrackPointExtension>
          <gpxtpx:hr>178</gpxtpx:hr>
        </gpxtpx:TrackPointExtension></extensions>
      </trkpt>
      <trkpt lat="30.387802" lon="103.836768">
        <ele>439.0</ele>
        <time>2023-12-23T01:35:33Z</time>
        <extensions><gpxtpx:TrackPointExtension>
          <gpxtpx:hr>178</gpxtpx:hr>
        </gpxtpx:TrackPointExtension></extensions>
      </trkpt>
      <trkpt lat="30.387833" lon="103.836755">
        <ele>439.0</ele>
        <time>2023-12-23T01:35:34Z</time>
        <extensions><gpxtpx:TrackPointExtension>
          <gpxtpx:hr>178</gpxtpx:hr>
        </gpxtpx:TrackPointExtension></extensions>
      </trkpt>
      <trkpt lat="30.387864" lon="103.836742">
        <ele>439.0</ele>
        <time>2023-12-23T01:35:35Z</time>
        <extensions><gpxtpx:TrackPointExtension>
          <gpxtpx:hr>178</gpxtpx:hr>
        </gpxtpx:TrackPointExtension></extensions>
      </trkpt>
      <trkpt lat="30.387893" lon="103.83673">
        <ele>439.0</ele>
        <time>2023-12-23T01:35:36Z</time>
        <extensions><gpxtpx:TrackPointExtension>
          <gpxtpx:hr>178</gpxtpx:hr>
        </gpxtpx:TrackPointExtension></extensions>
      </trkpt>
      <trkpt lat="30.387923" lon="103.836717">
        <ele>439.0</ele>
        <time>2023-12-23T01:35:37Z</time>
        <extensions><gpxtpx:TrackPointExtension>
          <gpxtpx:hr>178</gpxtpx:hr>
        </gpxtpx:TrackPointExtension></extensions>
      </trkpt>
      <trkpt lat="30.387953" lon="103.836705">
        <ele>439.0</ele>
        <time>2023-12-23T01:35:38Z</time>
        <extensions><gpxtpx:TrackPointExtension>
          <gpxtpx:hr>178</gpxtpx:hr>
        </gpxtpx:TrackPointExtension></extensions>
      </trkpt>
      <trkpt lat="30.387982" lon="103.836693">
        <ele>439.0</ele>
        <time>2023-12-23T01:35:39Z</time>
        <extensions><gpxtpx:TrackPointExtension>
          <gpxtpx:hr>178</gpxtpx:hr>
        </gpxtpx:TrackPointExtension></extensions>
      </trkpt>
      <trkpt lat="30.388012" lon="103.836681">
        <ele>439.0</ele>
        <time>2023-12-23T01:35:40Z</time>
        <extensions><gpxtpx:TrackPointExtension>
          <gpxtpx:hr>178</gpxtpx:hr>
        </gpxtpx:TrackPointExtension></extensions>
      </trkpt>
      <trkpt lat="30.388041" lon="103.836669">
        <ele>440.0</ele>
        <time>2023-12-23T01:35:41Z</time>
        <extensions><gpxtpx:TrackPointExtension>
          <gpxtpx:hr>178</gpxtpx:hr>
        </gpxtpx:TrackPointExtension></extensions>
      </trkpt>
      <trkpt lat="30.388071" lon="103.836657">
        <ele>440.0</ele>
        <time>2023-12-23T01:35:42Z</time>
        <extensions><gpxtpx:TrackPointExtension>
          <gpxtpx:hr>178</gpxtpx:hr>
        </gpxtpx:TrackPointExtension></extensions>
      </trkpt>
      <trkpt lat="30.388101" lon="103.836645">
        <ele>440.0</ele>
        <time>2023-12-23T01:35:43Z</time>
        <extensions><gpxtpx:TrackPointExtension>
          <gpxtpx:hr>178</gpxtpx:hr>
        </gpxtpx:TrackPointExtension></extensions>
      </trkpt>
      <trkpt lat="30.38813" lon="103.836633">
        <ele>440.0</ele>
        <time>2023-12-23T01:35:44Z</time>
        <extensions><gpxtpx:TrackPointExtension>
          <gpxtpx:hr>178</gpxtpx:hr>
        </gpxtpx:TrackPointExtension></extensions>
      </trkpt>
      <trkpt lat="30.388159" lon="103.83662">
        <ele>440.0</ele>
        <time>2023-12-23T01:35:45Z</time>
        <extensions><gpxtpx:TrackPointExtension>
          <gpxtpx:hr>178</gpxtpx:hr>
        </gpxtpx:TrackPointExtension></extensions>
      </trkpt>
      <trkpt lat="30.388188" lon="103.836609">
        <ele>440.0</ele>
        <time>2023-12-23T01:35:46Z</time>
        <extensions><gpxtpx:TrackPointExtension>
          <gpxtpx:hr>178</gpxtpx:hr>
        </gpxtpx:TrackPointExtension></extensions>
      </trkpt>
      <trkpt lat="30.388218" lon="103.836598">
        <ele>440.0</ele>
        <time>2023-12-23T01:35:47Z</time>
        <extensions><gpxtpx:TrackPointExtension>
          <gpxtpx:hr>178</gpxtpx:hr>
        </gpxtpx:TrackPointExtension></extensions>
      </trkpt>
      <trkpt lat="30.388248" lon="103.836589">
        <ele>440.0</ele>
        <time>2023-12-23T01:35:48Z</time>
        <extensions><gpxtpx:TrackPointExtension>
          <gpxtpx:hr>178</gpxtpx:hr>
        </gpxtpx:TrackPointExtension></extensions>
      </trkpt>
      <trkpt lat="30.388277" lon="103.83658">
        <ele>440.0</ele>
        <time>2023-12-23T01:35:49Z</time>
        <extensions><gpxtpx:TrackPointExtension>
          <gpxtpx:hr>178</gpxtpx:hr>
        </gpxtpx:TrackPointExtension></extensions>
      </trkpt>
      <trkpt lat="30.388307" lon="103.83657">
        <ele>440.0</ele>
        <time>2023-12-23T01:35:50Z</time>
        <extensions><gpxtpx:TrackPointExtension>
          <gpxtpx:hr>178</gpxtpx:hr>
        </gpxtpx:TrackPointExtension></extensions>
      </trkpt>
      <trkpt lat="30.388337" lon="103.836561">
        <ele>440.0</ele>
        <time>2023-12-23T01:35:51Z</time>
        <extensions><gpxtpx:TrackPointExtension>
          <gpxtpx:hr>178</gpxtpx:hr>
        </gpxtpx:TrackPointExtension></extensions>
      </trkpt>
      <trkpt lat="30.388367" lon="103.836552">
        <ele>440.0</ele>
        <time>2023-12-23T01:35:52Z</time>
        <extensions><gpxtpx:TrackPointExtension>
          <gpxtpx:hr>178</gpxtpx:hr>
        </gpxtpx:TrackPointExtension></extensions>
      </trkpt>
      <trkpt lat="30.388397" lon="103.836542">
        <ele>440.0</ele>
        <time>2023-12-23T01:35:53Z</time>
        <extensions><gpxtpx:TrackPointExtension>
          <gpxtpx:hr>178</gpxtpx:hr>
        </gpxtpx:TrackPointExtension></extensions>
      </trkpt>
      <trkpt lat="30.388427" lon="103.836531">
        <ele>440.0</ele>
        <time>2023-12-23T01:35:54Z</time>
        <extensions><gpxtpx:TrackPointExtension>
          <gpxtpx:hr>178</gpxtpx:hr>
        </gpxtpx:TrackPointExtension></extensions>
      </trkpt>
      <trkpt lat="30.388458" lon="103.83652">
        <ele>440.0</ele>
        <time>2023-12-23T01:35:55Z</time>
        <extensions><gpxtpx:TrackPointExtension>
          <gpxtpx:hr>178</gpxtpx:hr>
        </gpxtpx:TrackPointExtension></extensions>
      </trkpt>
      <trkpt lat="30.388488" lon="103.836508">
        <ele>440.0</ele>
        <time>2023-12-23T01:35:56Z</time>
        <extensions><gpxtpx:TrackPointExtension>
          <gpxtpx:hr>178</gpxtpx:hr>
        </gpxtpx:TrackPointExtension></extensions>
      </trkpt>
      <trkpt lat="30.388518" lon="103.836497">
        <ele>440.0</ele>
        <time>2023-12-23T01:35:57Z</time>
        <extensions><gpxtpx:TrackPointExtension>
          <gpxtpx:hr>178</gpxtpx:hr>
        </gpxtpx:TrackPointExtension></extensions>
      </trkpt>
      <trkpt lat="30.388548" lon="103.836486">
        <ele>440.0</ele>
        <time>2023-12-23T01:35:58Z</time>
        <extensions><gpxtpx:TrackPointExtension>
          <gpxtpx:hr>178</gpxtpx:hr>
        </gpxtpx:TrackPointExtension></extensions>
      </trkpt>
      <trkpt lat="30.388578" lon="103.836474">
        <ele>440.0</ele>
        <time>2023-12-23T01:35:59Z</time>
        <extensions><gpxtpx:TrackPointExtension>
          <gpxtpx:hr>178</gpxtpx:hr>
        </gpxtpx:TrackPointExtension></extensions>
      </trkpt>
      <trkpt lat="30.388609" lon="103.836463">
        <ele>440.0</ele>
        <time>2023-12-23T01:36:00Z</time>
        <extensions><gpxtpx:TrackPointExtension>
          <gpxtpx:hr>178</gpxtpx:hr>
        </gpxtpx:TrackPointExtension></extensions>
      </trkpt>
      <trkpt lat="30.38864" lon="103.836451">
        <ele>440.0</ele>
        <time>2023-12-23T01:36:01Z</time>
        <extensions><gpxtpx:TrackPointExtension>
          <gpxtpx:hr>178</gpxtpx:hr>
        </gpxtpx:TrackPointExtension></extensions>
      </trkpt>
      <trkpt lat="30.38867" lon="103.836439">
        <ele>440.0</ele>
        <time>2023-12-23T01:36:02Z</time>
        <extensions><gpxtpx:TrackPointExtension>
          <gpxtpx:hr>178</gpxtpx:hr>
        </gpxtpx:TrackPointExtension></extensions>
      </trkpt>
      <trkpt lat="30.388701" lon="103.836428">
        <ele>440.0</ele>
        <time>2023-12-23T01:36:03Z</time>
        <extensions><gpxtpx:TrackPointExtension>
          <gpxtpx:hr>178</gpxtpx:hr>
        </gpxtpx:TrackPointExtension></extensions>
      </trkpt>
      <trkpt lat="30.388731" lon="103.836417">
        <ele>440.0</ele>
        <time>2023-12-23T01:36:04Z</time>
        <extensions><gpxtpx:TrackPointExtension>
          <gpxtpx:hr>178</gpxtpx:hr>
        </gpxtpx:TrackPointExtension></extensions>
      </trkpt>
      <trkpt lat="30.388762" lon="103.836406">
        <ele>440.0</ele>
        <time>2023-12-23T01:36:05Z</time>
        <extensions><gpxtpx:TrackPointExtension>
          <gpxtpx:hr>178</gpxtpx:hr>
        </gpxtpx:TrackPointExtension></extensions>
      </trkpt>
      <trkpt lat="30.388792" lon="103.836394">
        <ele>440.0</ele>
        <time>2023-12-23T01:36:06Z</time>
        <extensions><gpxtpx:TrackPointExtension>
          <gpxtpx:hr>178</gpxtpx:hr>
        </gpxtpx:TrackPointExtension></extensions>
      </trkpt>
      <trkpt lat="30.388822" lon="103.836383">
        <ele>440.0</ele>
        <time>2023-12-23T01:36:07Z</time>
        <extensions><gpxtpx:TrackPointExtension>
          <gpxtpx:hr>178</gpxtpx:hr>
        </gpxtpx:TrackPointExtension></extensions>
      </trkpt>
      <trkpt lat="30.388853" lon="103.836371">
        <ele>440.0</ele>
        <time>2023-12-23T01:36:08Z</time>
        <extensions><gpxtpx:TrackPointExtension>
          <gpxtpx:hr>178</gpxtpx:hr>
        </gpxtpx:TrackPointExtension></extensions>
      </trkpt>
      <trkpt lat="30.388883" lon="103.836358">
        <ele>440.0</ele>
        <time>2023-12-23T01:36:09Z</time>
        <extensions><gpxtpx:TrackPointExtension>
          <gpxtpx:hr>178</gpxtpx:hr>
        </gpxtpx:TrackPointExtension></extensions>
      </trkpt>
      <trkpt lat="30.388913" lon="103.836346">
        <ele>440.0</ele>
        <time>2023-12-23T01:36:10Z</time>
        <extensions><gpxtpx:TrackPointExtension>
          <gpxtpx:hr>178</gpxtpx:hr>
        </gpxtpx:TrackPointExtension></extensions>
      </trkpt>
      <trkpt lat="30.388943" lon="103.836333">
        <ele>440.0</ele>
        <time>2023-12-23T01:36:11Z</time>
        <extensions><gpxtpx:TrackPointExtension>
          <gpxtpx:hr>178</gpxtpx:hr>
        </gpxtpx:TrackPointExtension></extensions>
      </trkpt>
      <trkpt lat="30.388973" lon="103.83632">
        <ele>440.0</ele>
        <time>2023-12-23T01:36:12Z</time>
        <extensions><gpxtpx:TrackPointExtension>
          <gpxtpx:hr>178</gpxtpx:hr>
        </gpxtpx:TrackPointExtension></extensions>
      </trkpt>
      <trkpt lat="30.389003" lon="103.836306">
        <ele>440.0</ele>
        <time>2023-12-23T01:36:13Z</time>
        <extensions><gpxtpx:TrackPointExtension>
          <gpxtpx:hr>178</gpxtpx:hr>
        </gpxtpx:TrackPointExtension></extensions>
      </trkpt>
      <trkpt lat="30.389034" lon="103.836293">
        <ele>440.0</ele>
        <time>2023-12-23T01:36:14Z</time>
        <extensions><gpxtpx:TrackPointExtension>
          <gpxtpx:hr>178</gpxtpx:hr>
        </gpxtpx:TrackPointExtension></extensions>
      </trkpt>
      <trkpt lat="30.389064" lon="103.83628">
        <ele>440.0</ele>
        <time>2023-12-23T01:36:15Z</time>
        <extensions><gpxtpx:TrackPointExtension>
          <gpxtpx:hr>178</gpxtpx:hr>
        </gpxtpx:TrackPointExtension></extensions>
      </trkpt>
      <trkpt lat="30.389095" lon="103.836267">
        <ele>440.0</ele>
        <time>2023-12-23T01:36:16Z</time>
        <extensions><gpxtpx:TrackPointExtension>
          <gpxtpx:hr>178</gpxtpx:hr>
        </gpxtpx:TrackPointExtension></extensions>
      </trkpt>
      <trkpt lat="30.389126" lon="103.836255">
        <ele>440.0</ele>
        <time>2023-12-23T01:36:17Z</time>
        <extensions><gpxtpx:TrackPointExtension>
          <gpxtpx:hr>178</gpxtpx:hr>
        </gpxtpx:TrackPointExtension></extensions>
      </trkpt>
      <trkpt lat="30.389156" lon="103.836242">
        <ele>440.0</ele>
        <time>2023-12-23T01:36:18Z</time>
        <extensions><gpxtpx:TrackPointExtension>
          <gpxtpx:hr>178</gpxtpx:hr>
        </gpxtpx:TrackPointExtension></extensions>
      </trkpt>
      <trkpt lat="30.389187" lon="103.83623">
        <ele>440.0</ele>
        <time>2023-12-23T01:36:19Z</time>
        <extensions><gpxtpx:TrackPointExtension>
          <gpxtpx:hr>178</gpxtpx:hr>
        </gpxtpx:TrackPointExtension></extensions>
      </trkpt>
      <trkpt lat="30.389217" lon="103.836218">
        <ele>440.0</ele>
        <time>2023-12-23T01:36:20Z</time>
        <extensions><gpxtpx:TrackPointExtension>
          <gpxtpx:hr>178</gpxtpx:hr>
        </gpxtpx:TrackPointExtension></extensions>
      </trkpt>
      <trkpt lat="30.389247" lon="103.836206">
        <ele>440.0</ele>
        <time>2023-12-23T01:36:21Z</time>
        <extensions><gpxtpx:TrackPointExtension>
          <gpxtpx:hr>178</gpxtpx:hr>
        </gpxtpx:TrackPointExtension></extensions>
      </trkpt>
      <trkpt lat="30.389277" lon="103.836194">
        <ele>440.0</ele>
        <time>2023-12-23T01:36:22Z</time>
        <extensions><gpxtpx:TrackPointExtension>
          <gpxtpx:hr>178</gpxtpx:hr>
        </gpxtpx:TrackPointExtension></extensions>
      </trkpt>
      <trkpt lat="30.389308" lon="103.836182">
        <ele>440.0</ele>
        <time>2023-12-23T01:36:23Z</time>
        <extensions><gpxtpx:TrackPointExtension>
          <gpxtpx:hr>178</gpxtpx:hr>
        </gpxtpx:TrackPointExtension></extensions>
      </trkpt>
      <trkpt lat="30.389339" lon="103.83617">
        <ele>440.0</ele>
        <time>2023-12-23T01:36:24Z</time>
        <extensions><gpxtpx:TrackPointExtension>
          <gpxtpx:hr>178</gpxtpx:hr>
        </gpxtpx:TrackPointExtension></extensions>
      </trkpt>
      <trkpt lat="30.389369" lon="103.836158">
        <ele>440.0</ele>
        <time>2023-12-23T01:36:25Z</time>
        <extensions><gpxtpx:TrackPointExtension>
          <gpxtpx:hr>178</gpxtpx:hr>
        </gpxtpx:TrackPointExtension></extensions>
      </trkpt>
      <trkpt lat="30.3894" lon="103.836147">
        <ele>440.0</ele>
        <time>2023-12-23T01:36:26Z</time>
        <extensions><gpxtpx:TrackPointExtension>
          <gpxtpx:hr>178</gpxtpx:hr>
        </gpxtpx:TrackPointExtension></extensions>
      </trkpt>
      <trkpt lat="30.389431" lon="103.836135">
        <ele>440.0</ele>
        <time>2023-12-23T01:36:27Z</time>
        <extensions><gpxtpx:TrackPointExtension>
          <gpxtpx:hr>178</gpxtpx:hr>
        </gpxtpx:TrackPointExtension></extensions>
      </trkpt>
      <trkpt lat="30.389462" lon="103.836122">
        <ele>440.0</ele>
        <time>2023-12-23T01:36:28Z</time>
        <extensions><gpxtpx:TrackPointExtension>
          <gpxtpx:hr>178</gpxtpx:hr>
        </gpxtpx:TrackPointExtension></extensions>
      </trkpt>
      <trkpt lat="30.389494" lon="103.836109">
        <ele>440.0</ele>
        <time>2023-12-23T01:36:29Z</time>
        <extensions><gpxtpx:TrackPointExtension>
          <gpxtpx:hr>178</gpxtpx:hr>
        </gpxtpx:TrackPointExtension></extensions>
      </trkpt>
      <trkpt lat="30.389525" lon="103.836097">
        <ele>440.0</ele>
        <time>2023-12-23T01:36:30Z</time>
        <extensions><gpxtpx:TrackPointExtension>
          <gpxtpx:hr>178</gpxtpx:hr>
        </gpxtpx:TrackPointExtension></extensions>
      </trkpt>
      <trkpt lat="30.389556" lon="103.836084">
        <ele>440.0</ele>
        <time>2023-12-23T01:36:31Z</time>
        <extensions><gpxtpx:TrackPointExtension>
          <gpxtpx:hr>178</gpxtpx:hr>
        </gpxtpx:TrackPointExtension></extensions>
      </trkpt>
      <trkpt lat="30.389588" lon="103.836072">
        <ele>440.0</ele>
        <time>2023-12-23T01:36:32Z</time>
        <extensions><gpxtpx:TrackPointExtension>
          <gpxtpx:hr>178</gpxtpx:hr>
        </gpxtpx:TrackPointExtension></extensions>
      </trkpt>
      <trkpt lat="30.389619" lon="103.836059">
        <ele>440.0</ele>
        <time>2023-12-23T01:36:33Z</time>
        <extensions><gpxtpx:TrackPointExtension>
          <gpxtpx:hr>178</gpxtpx:hr>
        </gpxtpx:TrackPointExtension></extensions>
      </trkpt>
      <trkpt lat="30.38965" lon="103.836046">
        <ele>440.0</ele>
        <time>2023-12-23T01:36:34Z</time>
        <extensions><gpxtpx:TrackPointExtension>
          <gpxtpx:hr>178</gpxtpx:hr>
        </gpxtpx:TrackPointExtension></extensions>
      </trkpt>
      <trkpt lat="30.389682" lon="103.836033">
        <ele>440.0</ele>
        <time>2023-12-23T01:36:35Z</time>
        <extensions><gpxtpx:TrackPointExtension>
          <gpxtpx:hr>178</gpxtpx:hr>
        </gpxtpx:TrackPointExtension></extensions>
      </trkpt>
      <trkpt lat="30.389713" lon="103.836021">
        <ele>440.0</ele>
        <time>2023-12-23T01:36:36Z</time>
        <extensions><gpxtpx:TrackPointExtension>
          <gpxtpx:hr>178</gpxtpx:hr>
        </gpxtpx:TrackPointExtension></extensions>
      </trkpt>
      <trkpt lat="30.389744" lon="103.836008">
        <ele>440.0</ele>
        <time>2023-12-23T01:36:37Z</time>
        <extensions><gpxtpx:TrackPointExtension>
          <gpxtpx:hr>178</gpxtpx:hr>
        </gpxtpx:TrackPointExtension></extensions>
      </trkpt>
      <trkpt lat="30.389775" lon="103.835995">
        <ele>440.0</ele>
        <time>2023-12-23T01:36:38Z</time>
        <extensions><gpxtpx:TrackPointExtension>
          <gpxtpx:hr>178</gpxtpx:hr>
        </gpxtpx:TrackPointExtension></extensions>
      </trkpt>
      <trkpt lat="30.389807" lon="103.835982">
        <ele>440.0</ele>
        <time>2023-12-23T01:36:39Z</time>
        <extensions><gpxtpx:TrackPointExtension>
          <gpxtpx:hr>177</gpxtpx:hr>
        </gpxtpx:TrackPointExtension></extensions>
      </trkpt>
      <trkpt lat="30.389839" lon="103.835968">
        <ele>440.0</ele>
        <time>2023-12-23T01:36:40Z</time>
        <extensions><gpxtpx:TrackPointExtension>
          <gpxtpx:hr>177</gpxtpx:hr>
        </gpxtpx:TrackPointExtension></extensions>
      </trkpt>
      <trkpt lat="30.389871" lon="103.835955">
        <ele>440.0</ele>
        <time>2023-12-23T01:36:41Z</time>
        <extensions><gpxtpx:TrackPointExtension>
          <gpxtpx:hr>176</gpxtpx:hr>
        </gpxtpx:TrackPointExtension></extensions>
      </trkpt>
      <trkpt lat="30.389903" lon="103.835943">
        <ele>440.0</ele>
        <time>2023-12-23T01:36:42Z</time>
        <extensions><gpxtpx:TrackPointExtension>
          <gpxtpx:hr>175</gpxtpx:hr>
        </gpxtpx:TrackPointExtension></extensions>
      </trkpt>
      <trkpt lat="30.389935" lon="103.835931">
        <ele>440.0</ele>
        <time>2023-12-23T01:36:43Z</time>
        <extensions><gpxtpx:TrackPointExtension>
          <gpxtpx:hr>174</gpxtpx:hr>
        </gpxtpx:TrackPointExtension></extensions>
      </trkpt>
      <trkpt lat="30.389966" lon="103.835918">
        <ele>440.0</ele>
        <time>2023-12-23T01:36:44Z</time>
        <extensions><gpxtpx:TrackPointExtension>
          <gpxtpx:hr>174</gpxtpx:hr>
        </gpxtpx:TrackPointExtension></extensions>
      </trkpt>
      <trkpt lat="30.389998" lon="103.835906">
        <ele>440.0</ele>
        <time>2023-12-23T01:36:45Z</time>
        <extensions><gpxtpx:TrackPointExtension>
          <gpxtpx:hr>173</gpxtpx:hr>
        </gpxtpx:TrackPointExtension></extensions>
      </trkpt>
      <trkpt lat="30.390029" lon="103.835895">
        <ele>440.0</ele>
        <time>2023-12-23T01:36:46Z</time>
        <extensions><gpxtpx:TrackPointExtension>
          <gpxtpx:hr>173</gpxtpx:hr>
        </gpxtpx:TrackPointExtension></extensions>
      </trkpt>
      <trkpt lat="30.390061" lon="103.835884">
        <ele>440.0</ele>
        <time>2023-12-23T01:36:47Z</time>
        <extensions><gpxtpx:TrackPointExtension>
          <gpxtpx:hr>173</gpxtpx:hr>
        </gpxtpx:TrackPointExtension></extensions>
      </trkpt>
      <trkpt lat="30.390092" lon="103.835874">
        <ele>440.0</ele>
        <time>2023-12-23T01:36:48Z</time>
        <extensions><gpxtpx:TrackPointExtension>
          <gpxtpx:hr>173</gpxtpx:hr>
        </gpxtpx:TrackPointExtension></extensions>
      </trkpt>
      <trkpt lat="30.390123" lon="103.835863">
        <ele>440.0</ele>
        <time>2023-12-23T01:36:49Z</time>
        <extensions><gpxtpx:TrackPointExtension>
          <gpxtpx:hr>172</gpxtpx:hr>
        </gpxtpx:TrackPointExtension></extensions>
      </trkpt>
      <trkpt lat="30.390153" lon="103.835853">
        <ele>440.0</ele>
        <time>2023-12-23T01:36:50Z</time>
        <extensions><gpxtpx:TrackPointExtension>
          <gpxtpx:hr>172</gpxtpx:hr>
        </gpxtpx:TrackPointExtension></extensions>
      </trkpt>
      <trkpt lat="30.390183" lon="103.835842">
        <ele>440.0</ele>
        <time>2023-12-23T01:36:51Z</time>
        <extensions><gpxtpx:TrackPointExtension>
          <gpxtpx:hr>172</gpxtpx:hr>
        </gpxtpx:TrackPointExtension></extensions>
      </trkpt>
      <trkpt lat="30.390212" lon="103.835832">
        <ele>440.0</ele>
        <time>2023-12-23T01:36:52Z</time>
        <extensions><gpxtpx:TrackPointExtension>
          <gpxtpx:hr>172</gpxtpx:hr>
        </gpxtpx:TrackPointExtension></extensions>
      </trkpt>
      <trkpt lat="30.390241" lon="103.835821">
        <ele>440.0</ele>
        <time>2023-12-23T01:36:53Z</time>
        <extensions><gpxtpx:TrackPointExtension>
          <gpxtpx:hr>172</gpxtpx:hr>
        </gpxtpx:TrackPointExtension></extensions>
      </trkpt>
      <trkpt lat="30.39027" lon="103.83581">
        <ele>440.0</ele>
        <time>2023-12-23T01:36:54Z</time>
        <extensions><gpxtpx:TrackPointExtension>
          <gpxtpx:hr>172</gpxtpx:hr>
        </gpxtpx:TrackPointExtension></extensions>
      </trkpt>
      <trkpt lat="30.390299" lon="103.835799">
        <ele>440.0</ele>
        <time>2023-12-23T01:36:55Z</time>
        <extensions><gpxtpx:TrackPointExtension>
          <gpxtpx:hr>173</gpxtpx:hr>
        </gpxtpx:TrackPointExtension></extensions>
      </trkpt>
      <trkpt lat="30.390328" lon="103.835787">
        <ele>440.0</ele>
        <time>2023-12-23T01:36:56Z</time>
        <extensions><gpxtpx:TrackPointExtension>
          <gpxtpx:hr>172</gpxtpx:hr>
        </gpxtpx:TrackPointExtension></extensions>
      </trkpt>
      <trkpt lat="30.390357" lon="103.835775">
        <ele>440.0</ele>
        <time>2023-12-23T01:36:57Z</time>
        <extensions><gpxtpx:TrackPointExtension>
          <gpxtpx:hr>172</gpxtpx:hr>
        </gpxtpx:TrackPointExtension></extensions>
      </trkpt>
      <trkpt lat="30.390387" lon="103.835764">
        <ele>440.0</ele>
        <time>2023-12-23T01:36:58Z</time>
        <extensions><gpxtpx:TrackPointExtension>
          <gpxtpx:hr>173</gpxtpx:hr>
        </gpxtpx:TrackPointExtension></extensions>
      </trkpt>
      <trkpt lat="30.390417" lon="103.835752">
        <ele>440.0</ele>
        <time>2023-12-23T01:36:59Z</time>
        <extensions><gpxtpx:TrackPointExtension>
          <gpxtpx:hr>173</gpxtpx:hr>
        </gpxtpx:TrackPointExtension></extensions>
      </trkpt>
      <trkpt lat="30.390447" lon="103.835741">
        <ele>440.0</ele>
        <time>2023-12-23T01:37:00Z</time>
        <extensions><gpxtpx:TrackPointExtension>
          <gpxtpx:hr>172</gpxtpx:hr>
        </gpxtpx:TrackPointExtension></extensions>
      </trkpt>
      <trkpt lat="30.390477" lon="103.835729">
        <ele>440.0</ele>
        <time>2023-12-23T01:37:01Z</time>
        <extensions><gpxtpx:TrackPointExtension>
          <gpxtpx:hr>172</gpxtpx:hr>
        </gpxtpx:TrackPointExtension></extensions>
      </trkpt>
      <trkpt lat="30.390507" lon="103.835717">
        <ele>440.0</ele>
        <time>2023-12-23T01:37:02Z</time>
        <extensions><gpxtpx:TrackPointExtension>
          <gpxtpx:hr>172</gpxtpx:hr>
        </gpxtpx:TrackPointExtension></extensions>
      </trkpt>
      <trkpt lat="30.390537" lon="103.835706">
        <ele>440.0</ele>
        <time>2023-12-23T01:37:03Z</time>
        <extensions><gpxtpx:TrackPointExtension>
          <gpxtpx:hr>172</gpxtpx:hr>
        </gpxtpx:TrackPointExtension></extensions>
      </trkpt>
      <trkpt lat="30.390567" lon="103.835695">
        <ele>440.0</ele>
        <time>2023-12-23T01:37:04Z</time>
        <extensions><gpxtpx:TrackPointExtension>
          <gpxtpx:hr>172</gpxtpx:hr>
        </gpxtpx:TrackPointExtension></extensions>
      </trkpt>
      <trkpt lat="30.390597" lon="103.835684">
        <ele>440.0</ele>
        <time>2023-12-23T01:37:05Z</time>
        <extensions><gpxtpx:TrackPointExtension>
          <gpxtpx:hr>172</gpxtpx:hr>
        </gpxtpx:TrackPointExtension></extensions>
      </trkpt>
      <trkpt lat="30.390627" lon="103.835672">
        <ele>440.0</ele>
        <time>2023-12-23T01:37:06Z</time>
        <extensions><gpxtpx:TrackPointExtension>
          <gpxtpx:hr>172</gpxtpx:hr>
        </gpxtpx:TrackPointExtension></extensions>
      </trkpt>
      <trkpt lat="30.390657" lon="103.835661">
        <ele>440.0</ele>
        <time>2023-12-23T01:37:07Z</time>
        <extensions><gpxtpx:TrackPointExtension>
          <gpxtpx:hr>172</gpxtpx:hr>
        </gpxtpx:TrackPointExtension></extensions>
      </trkpt>
      <trkpt lat="30.390687" lon="103.835649">
        <ele>440.0</ele>
        <time>2023-12-23T01:37:08Z</time>
        <extensions><gpxtpx:TrackPointExtension>
          <gpxtpx:hr>172</gpxtpx:hr>
        </gpxtpx:TrackPointExtension></extensions>
      </trkpt>
      <trkpt lat="30.390717" lon="103.835637">
        <ele>440.0</ele>
        <time>2023-12-23T01:37:09Z</time>
        <extensions><gpxtpx:TrackPointExtension>
          <gpxtpx:hr>172</gpxtpx:hr>
        </gpxtpx:TrackPointExtension></extensions>
      </trkpt>
      <trkpt lat="30.390747" lon="103.835624">
        <ele>440.0</ele>
        <time>2023-12-23T01:37:10Z</time>
        <extensions><gpxtpx:TrackPointExtension>
          <gpxtpx:hr>172</gpxtpx:hr>
        </gpxtpx:TrackPointExtension></extensions>
      </trkpt>
      <trkpt lat="30.390777" lon="103.835612">
        <ele>440.0</ele>
        <time>2023-12-23T01:37:11Z</time>
        <extensions><gpxtpx:TrackPointExtension>
          <gpxtpx:hr>172</gpxtpx:hr>
        </gpxtpx:TrackPointExtension></extensions>
      </trkpt>
      <trkpt lat="30.390807" lon="103.835599">
        <ele>440.0</ele>
        <time>2023-12-23T01:37:12Z</time>
        <extensions><gpxtpx:TrackPointExtension>
          <gpxtpx:hr>172</gpxtpx:hr>
        </gpxtpx:TrackPointExtension></extensions>
      </trkpt>
      <trkpt lat="30.390838" lon="103.835586">
        <ele>440.0</ele>
        <time>2023-12-23T01:37:13Z</time>
        <extensions><gpxtpx:TrackPointExtension>
          <gpxtpx:hr>172</gpxtpx:hr>
        </gpxtpx:TrackPointExtension></extensions>
      </trkpt>
      <trkpt lat="30.390869" lon="103.835574">
        <ele>440.0</ele>
        <time>2023-12-23T01:37:14Z</time>
        <extensions><gpxtpx:TrackPointExtension>
          <gpxtpx:hr>172</gpxtpx:hr>
        </gpxtpx:TrackPointExtension></extensions>
      </trkpt>
      <trkpt lat="30.390901" lon="103.835561">
        <ele>440.0</ele>
        <time>2023-12-23T01:37:15Z</time>
        <extensions><gpxtpx:TrackPointExtension>
          <gpxtpx:hr>172</gpxtpx:hr>
        </gpxtpx:TrackPointExtension></extensions>
      </trkpt>
      <trkpt lat="30.390932" lon="103.835549">
        <ele>440.0</ele>
        <time>2023-12-23T01:37:16Z</time>
        <extensions><gpxtpx:TrackPointExtension>
          <gpxtpx:hr>172</gpxtpx:hr>
        </gpxtpx:TrackPointExtension></extensions>
      </trkpt>
      <trkpt lat="30.390963" lon="103.835537">
        <ele>440.0</ele>
        <time>2023-12-23T01:37:17Z</time>
        <extensions><gpxtpx:TrackPointExtension>
          <gpxtpx:hr>172</gpxtpx:hr>
        </gpxtpx:TrackPointExtension></extensions>
      </trkpt>
      <trkpt lat="30.390992" lon="103.835526">
        <ele>440.0</ele>
        <time>2023-12-23T01:37:18Z</time>
        <extensions><gpxtpx:TrackPointExtension>
          <gpxtpx:hr>172</gpxtpx:hr>
        </gpxtpx:TrackPointExtension></extensions>
      </trkpt>
      <trkpt lat="30.391023" lon="103.835515">
        <ele>440.0</ele>
        <time>2023-12-23T01:37:19Z</time>
        <extensions><gpxtpx:TrackPointExtension>
          <gpxtpx:hr>172</gpxtpx:hr>
        </gpxtpx:TrackPointExtension></extensions>
      </trkpt>
      <trkpt lat="30.391052" lon="103.835504">
        <ele>440.0</ele>
        <time>2023-12-23T01:37:20Z</time>
        <extensions><gpxtpx:TrackPointExtension>
          <gpxtpx:hr>172</gpxtpx:hr>
        </gpxtpx:TrackPointExtension></extensions>
      </trkpt>
      <trkpt lat="30.391082" lon="103.835493">
        <ele>440.0</ele>
        <time>2023-12-23T01:37:21Z</time>
        <extensions><gpxtpx:TrackPointExtension>
          <gpxtpx:hr>172</gpxtpx:hr>
        </gpxtpx:TrackPointExtension></extensions>
      </trkpt>
      <trkpt lat="30.391112" lon="103.835482">
        <ele>440.0</ele>
        <time>2023-12-23T01:37:22Z</time>
        <extensions><gpxtpx:TrackPointExtension>
          <gpxtpx:hr>172</gpxtpx:hr>
        </gpxtpx:TrackPointExtension></extensions>
      </trkpt>
      <trkpt lat="30.391142" lon="103.835472">
        <ele>440.0</ele>
        <time>2023-12-23T01:37:23Z</time>
        <extensions><gpxtpx:TrackPointExtension>
          <gpxtpx:hr>172</gpxtpx:hr>
        </gpxtpx:TrackPointExtension></extensions>
      </trkpt>
      <trkpt lat="30.391172" lon="103.835461">
        <ele>440.0</ele>
        <time>2023-12-23T01:37:24Z</time>
        <extensions><gpxtpx:TrackPointExtension>
          <gpxtpx:hr>172</gpxtpx:hr>
        </gpxtpx:TrackPointExtension></extensions>
      </trkpt>
      <trkpt lat="30.391202" lon="103.83545">
        <ele>440.0</ele>
        <time>2023-12-23T01:37:25Z</time>
        <extensions><gpxtpx:TrackPointExtension>
          <gpxtpx:hr>172</gpxtpx:hr>
        </gpxtpx:TrackPointExtension></extensions>
      </trkpt>
      <trkpt lat="30.391231" lon="103.835439">
        <ele>440.0</ele>
        <time>2023-12-23T01:37:26Z</time>
        <extensions><gpxtpx:TrackPointExtension>
          <gpxtpx:hr>172</gpxtpx:hr>
        </gpxtpx:TrackPointExtension></extensions>
      </trkpt>
      <trkpt lat="30.391261" lon="103.835428">
        <ele>440.0</ele>
        <time>2023-12-23T01:37:27Z</time>
        <extensions><gpxtpx:TrackPointExtension>
          <gpxtpx:hr>172</gpxtpx:hr>
        </gpxtpx:TrackPointExtension></extensions>
      </trkpt>
      <trkpt lat="30.39129" lon="103.835415">
        <ele>440.0</ele>
        <time>2023-12-23T01:37:28Z</time>
        <extensions><gpxtpx:TrackPointExtension>
          <gpxtpx:hr>172</gpxtpx:hr>
        </gpxtpx:TrackPointExtension></extensions>
      </trkpt>
      <trkpt lat="30.39132" lon="103.835403">
        <ele>440.0</ele>
        <time>2023-12-23T01:37:29Z</time>
        <extensions><gpxtpx:TrackPointExtension>
          <gpxtpx:hr>171</gpxtpx:hr>
        </gpxtpx:TrackPointExtension></extensions>
      </trkpt>
      <trkpt lat="30.391349" lon="103.83539">
        <ele>440.0</ele>
        <time>2023-12-23T01:37:30Z</time>
        <extensions><gpxtpx:TrackPointExtension>
          <gpxtpx:hr>171</gpxtpx:hr>
        </gpxtpx:TrackPointExtension></extensions>
      </trkpt>
      <trkpt lat="30.391379" lon="103.835377">
        <ele>440.0</ele>
        <time>2023-12-23T01:37:31Z</time>
        <extensions><gpxtpx:TrackPointExtension>
          <gpxtpx:hr>172</gpxtpx:hr>
        </gpxtpx:TrackPointExtension></extensions>
      </trkpt>
      <trkpt lat="30.39141" lon="103.835364">
        <ele>440.0</ele>
        <time>2023-12-23T01:37:32Z</time>
        <extensions><gpxtpx:TrackPointExtension>
          <gpxtpx:hr>172</gpxtpx:hr>
        </gpxtpx:TrackPointExtension></extensions>
      </trkpt>
      <trkpt lat="30.391441" lon="103.83535">
        <ele>440.0</ele>
        <time>2023-12-23T01:37:33Z</time>
        <extensions><gpxtpx:TrackPointExtension>
          <gpxtpx:hr>172</gpxtpx:hr>
        </gpxtpx:TrackPointExtension></extensions>
      </trkpt>
      <trkpt lat="30.391472" lon="103.835337">
        <ele>440.0</ele>
        <time>2023-12-23T01:37:34Z</time>
        <extensions><gpxtpx:TrackPointExtension>
          <gpxtpx:hr>172</gpxtpx:hr>
        </gpxtpx:TrackPointExtension></extensions>
      </trkpt>
      <trkpt lat="30.391504" lon="103.835325">
        <ele>440.0</ele>
        <time>2023-12-23T01:37:35Z</time>
        <extensions><gpxtpx:TrackPointExtension>
          <gpxtpx:hr>172</gpxtpx:hr>
        </gpxtpx:TrackPointExtension></extensions>
      </trkpt>
      <trkpt lat="30.391536" lon="103.835312">
        <ele>440.0</ele>
        <time>2023-12-23T01:37:36Z</time>
        <extensions><gpxtpx:TrackPointExtension>
          <gpxtpx:hr>172</gpxtpx:hr>
        </gpxtpx:TrackPointExtension></extensions>
      </trkpt>
      <trkpt lat="30.391568" lon="103.8353">
        <ele>440.0</ele>
        <time>2023-12-23T01:37:37Z</time>
        <extensions><gpxtpx:TrackPointExtension>
          <gpxtpx:hr>172</gpxtpx:hr>
        </gpxtpx:TrackPointExtension></extensions>
      </trkpt>
      <trkpt lat="30.3916" lon="103.835288">
        <ele>440.0</ele>
        <time>2023-12-23T01:37:38Z</time>
        <extensions><gpxtpx:TrackPointExtension>
          <gpxtpx:hr>172</gpxtpx:hr>
        </gpxtpx:TrackPointExtension></extensions>
      </trkpt>
      <trkpt lat="30.391632" lon="103.835276">
        <ele>440.0</ele>
        <time>2023-12-23T01:37:39Z</time>
        <extensions><gpxtpx:TrackPointExtension>
          <gpxtpx:hr>172</gpxtpx:hr>
        </gpxtpx:TrackPointExtension></extensions>
      </trkpt>
      <trkpt lat="30.391664" lon="103.835263">
        <ele>440.0</ele>
        <time>2023-12-23T01:37:40Z</time>
        <extensions><gpxtpx:TrackPointExtension>
          <gpxtpx:hr>172</gpxtpx:hr>
        </gpxtpx:TrackPointExtension></extensions>
      </trkpt>
      <trkpt lat="30.391696" lon="103.83525">
        <ele>440.0</ele>
        <time>2023-12-23T01:37:41Z</time>
        <extensions><gpxtpx:TrackPointExtension>
          <gpxtpx:hr>171</gpxtpx:hr>
        </gpxtpx:TrackPointExtension></extensions>
      </trkpt>
      <trkpt lat="30.391728" lon="103.835238">
        <ele>440.0</ele>
        <time>2023-12-23T01:37:42Z</time>
        <extensions><gpxtpx:TrackPointExtension>
          <gpxtpx:hr>172</gpxtpx:hr>
        </gpxtpx:TrackPointExtension></extensions>
      </trkpt>
      <trkpt lat="30.391761" lon="103.835226">
        <ele>440.0</ele>
        <time>2023-12-23T01:37:43Z</time>
        <extensions><gpxtpx:TrackPointExtension>
          <gpxtpx:hr>172</gpxtpx:hr>
        </gpxtpx:TrackPointExtension></extensions>
      </trkpt>
      <trkpt lat="30.391792" lon="103.835213">
        <ele>440.0</ele>
        <time>2023-12-23T01:37:44Z</time>
        <extensions><gpxtpx:TrackPointExtension>
          <gpxtpx:hr>172</gpxtpx:hr>
        </gpxtpx:TrackPointExtension></extensions>
      </trkpt>
      <trkpt lat="30.391824" lon="103.835201">
        <ele>440.0</ele>
        <time>2023-12-23T01:37:45Z</time>
        <extensions><gpxtpx:TrackPointExtension>
          <gpxtpx:hr>172</gpxtpx:hr>
        </gpxtpx:TrackPointExtension></extensions>
      </trkpt>
      <trkpt lat="30.391856" lon="103.835189">
        <ele>440.0</ele>
        <time>2023-12-23T01:37:46Z</time>
        <extensions><gpxtpx:TrackPointExtension>
          <gpxtpx:hr>172</gpxtpx:hr>
        </gpxtpx:TrackPointExtension></extensions>
      </trkpt>
      <trkpt lat="30.391887" lon="103.835178">
        <ele>440.0</ele>
        <time>2023-12-23T01:37:47Z</time>
        <extensions><gpxtpx:TrackPointExtension>
          <gpxtpx:hr>172</gpxtpx:hr>
        </gpxtpx:TrackPointExtension></extensions>
      </trkpt>
      <trkpt lat="30.391919" lon="103.835165">
        <ele>440.0</ele>
        <time>2023-12-23T01:37:48Z</time>
        <extensions><gpxtpx:TrackPointExtension>
          <gpxtpx:hr>172</gpxtpx:hr>
        </gpxtpx:TrackPointExtension></extensions>
      </trkpt>
      <trkpt lat="30.391951" lon="103.835153">
        <ele>440.0</ele>
        <time>2023-12-23T01:37:49Z</time>
        <extensions><gpxtpx:TrackPointExtension>
          <gpxtpx:hr>172</gpxtpx:hr>
        </gpxtpx:TrackPointExtension></extensions>
      </trkpt>
      <trkpt lat="30.391983" lon="103.835141">
        <ele>440.0</ele>
        <time>2023-12-23T01:37:50Z</time>
        <extensions><gpxtpx:TrackPointExtension>
          <gpxtpx:hr>172</gpxtpx:hr>
        </gpxtpx:TrackPointExtension></extensions>
      </trkpt>
      <trkpt lat="30.392015" lon="103.835128">
        <ele>440.0</ele>
        <time>2023-12-23T01:37:51Z</time>
        <extensions><gpxtpx:TrackPointExtension>
          <gpxtpx:hr>172</gpxtpx:hr>
        </gpxtpx:TrackPointExtension></extensions>
      </trkpt>
      <trkpt lat="30.392046" lon="103.835116">
        <ele>440.0</ele>
        <time>2023-12-23T01:37:52Z</time>
        <extensions><gpxtpx:TrackPointExtension>
          <gpxtpx:hr>172</gpxtpx:hr>
        </gpxtpx:TrackPointExtension></extensions>
      </trkpt>
      <trkpt lat="30.392077" lon="103.835104">
        <ele>440.0</ele>
        <time>2023-12-23T01:37:53Z</time>
        <extensions><gpxtpx:TrackPointExtension>
          <gpxtpx:hr>172</gpxtpx:hr>
        </gpxtpx:TrackPointExtension></extensions>
      </trkpt>
      <trkpt lat="30.392107" lon="103.835093">
        <ele>440.0</ele>
        <time>2023-12-23T01:37:54Z</time>
        <extensions><gpxtpx:TrackPointExtension>
          <gpxtpx:hr>172</gpxtpx:hr>
        </gpxtpx:TrackPointExtension></extensions>
      </trkpt>
      <trkpt lat="30.392138" lon="103.835081">
        <ele>440.0</ele>
        <time>2023-12-23T01:37:55Z</time>
        <extensions><gpxtpx:TrackPointExtension>
          <gpxtpx:hr>172</gpxtpx:hr>
        </gpxtpx:TrackPointExtension></extensions>
      </trkpt>
      <trkpt lat="30.392167" lon="103.835069">
        <ele>440.0</ele>
        <time>2023-12-23T01:37:56Z</time>
        <extensions><gpxtpx:TrackPointExtension>
          <gpxtpx:hr>172</gpxtpx:hr>
        </gpxtpx:TrackPointExtension></extensions>
      </trkpt>
      <trkpt lat="30.392197" lon="103.835057">
        <ele>439.0</ele>
        <time>2023-12-23T01:37:57Z</time>
        <extensions><gpxtpx:TrackPointExtension>
          <gpxtpx:hr>172</gpxtpx:hr>
        </gpxtpx:TrackPointExtension></extensions>
      </trkpt>
      <trkpt lat="30.392227" lon="103.835045">
        <ele>439.0</ele>
        <time>2023-12-23T01:37:58Z</time>
        <extensions><gpxtpx:TrackPointExtension>
          <gpxtpx:hr>172</gpxtpx:hr>
        </gpxtpx:TrackPointExtension></extensions>
      </trkpt>
      <trkpt lat="30.392256" lon="103.835032">
        <ele>439.0</ele>
        <time>2023-12-23T01:37:59Z</time>
        <extensions><gpxtpx:TrackPointExtension>
          <gpxtpx:hr>172</gpxtpx:hr>
        </gpxtpx:TrackPointExtension></extensions>
      </trkpt>
      <trkpt lat="30.392287" lon="103.835021">
        <ele>439.0</ele>
        <time>2023-12-23T01:38:00Z</time>
        <extensions><gpxtpx:TrackPointExtension>
          <gpxtpx:hr>172</gpxtpx:hr>
        </gpxtpx:TrackPointExtension></extensions>
      </trkpt>
      <trkpt lat="30.392317" lon="103.835009">
        <ele>439.0</ele>
        <time>2023-12-23T01:38:01Z</time>
        <extensions><gpxtpx:TrackPointExtension>
          <gpxtpx:hr>173</gpxtpx:hr>
        </gpxtpx:TrackPointExtension></extensions>
      </trkpt>
      <trkpt lat="30.392347" lon="103.834997">
        <ele>439.0</ele>
        <time>2023-12-23T01:38:02Z</time>
        <extensions><gpxtpx:TrackPointExtension>
          <gpxtpx:hr>173</gpxtpx:hr>
        </gpxtpx:TrackPointExtension></extensions>
      </trkpt>
      <trkpt lat="30.392378" lon="103.834985">
        <ele>439.0</ele>
        <time>2023-12-23T01:38:03Z</time>
        <extensions><gpxtpx:TrackPointExtension>
          <gpxtpx:hr>172</gpxtpx:hr>
        </gpxtpx:TrackPointExtension></extensions>
      </trkpt>
      <trkpt lat="30.392409" lon="103.834972">
        <ele>439.0</ele>
        <time>2023-12-23T01:38:04Z</time>
        <extensions><gpxtpx:TrackPointExtension>
          <gpxtpx:hr>172</gpxtpx:hr>
        </gpxtpx:TrackPointExtension></extensions>
      </trkpt>
      <trkpt lat="30.39244" lon="103.83496">
        <ele>439.0</ele>
        <time>2023-12-23T01:38:05Z</time>
        <extensions><gpxtpx:TrackPointExtension>
          <gpxtpx:hr>173</gpxtpx:hr>
        </gpxtpx:TrackPointExtension></extensions>
      </trkpt>
      <trkpt lat="30.392471" lon="103.834948">
        <ele>439.0</ele>
        <time>2023-12-23T01:38:06Z</time>
        <extensions><gpxtpx:TrackPointExtension>
          <gpxtpx:hr>173</gpxtpx:hr>
        </gpxtpx:TrackPointExtension></extensions>
      </trkpt>
      <trkpt lat="30.392502" lon="103.834936">
        <ele>439.0</ele>
        <time>2023-12-23T01:38:07Z</time>
        <extensions><gpxtpx:TrackPointExtension>
          <gpxtpx:hr>172</gpxtpx:hr>
        </gpxtpx:TrackPointExtension></extensions>
      </trkpt>
      <trkpt lat="30.392533" lon="103.834925">
        <ele>439.0</ele>
        <time>2023-12-23T01:38:08Z</time>
        <extensions><gpxtpx:TrackPointExtension>
          <gpxtpx:hr>172</gpxtpx:hr>
        </gpxtpx:TrackPointExtension></extensions>
      </trkpt>
      <trkpt lat="30.392564" lon="103.834914">
        <ele>439.0</ele>
        <time>2023-12-23T01:38:09Z</time>
        <extensions><gpxtpx:TrackPointExtension>
          <gpxtpx:hr>172</gpxtpx:hr>
        </gpxtpx:TrackPointExtension></extensions>
      </trkpt>
      <trkpt lat="30.392595" lon="103.834903">
        <ele>439.0</ele>
        <time>2023-12-23T01:38:10Z</time>
        <extensions><gpxtpx:TrackPointExtension>
          <gpxtpx:hr>172</gpxtpx:hr>
        </gpxtpx:TrackPointExtension></extensions>
      </trkpt>
      <trkpt lat="30.392626" lon="103.834892">
        <ele>440.0</ele>
        <time>2023-12-23T01:38:11Z</time>
        <extensions><gpxtpx:TrackPointExtension>
          <gpxtpx:hr>172</gpxtpx:hr>
        </gpxtpx:TrackPointExtension></extensions>
      </trkpt>
      <trkpt lat="30.392658" lon="103.83488">
        <ele>439.0</ele>
        <time>2023-12-23T01:38:12Z</time>
        <extensions><gpxtpx:TrackPointExtension>
          <gpxtpx:hr>172</gpxtpx:hr>
        </gpxtpx:TrackPointExtension></extensions>
      </trkpt>
      <trkpt lat="30.392689" lon="103.834868">
        <ele>439.0</ele>
        <time>2023-12-23T01:38:13Z</time>
        <extensions><gpxtpx:TrackPointExtension>
          <gpxtpx:hr>172</gpxtpx:hr>
        </gpxtpx:TrackPointExtension></extensions>
      </trkpt>
      <trkpt lat="30.39272" lon="103.834856">
        <ele>439.0</ele>
        <time>2023-12-23T01:38:14Z</time>
        <extensions><gpxtpx:TrackPointExtension>
          <gpxtpx:hr>172</gpxtpx:hr>
        </gpxtpx:TrackPointExtension></extensions>
      </trkpt>
      <trkpt lat="30.392751" lon="103.834843">
        <ele>439.0</ele>
        <time>2023-12-23T01:38:15Z</time>
        <extensions><gpxtpx:TrackPointExtension>
          <gpxtpx:hr>172</gpxtpx:hr>
        </gpxtpx:TrackPointExtension></extensions>
      </trkpt>
      <trkpt lat="30.392782" lon="103.83483">
        <ele>439.0</ele>
        <time>2023-12-23T01:38:16Z</time>
        <extensions><gpxtpx:TrackPointExtension>
          <gpxtpx:hr>172</gpxtpx:hr>
        </gpxtpx:TrackPointExtension></extensions>
      </trkpt>
      <trkpt lat="30.392813" lon="103.834817">
        <ele>439.0</ele>
        <time>2023-12-23T01:38:17Z</time>
        <extensions><gpxtpx:TrackPointExtension>
          <gpxtpx:hr>172</gpxtpx:hr>
        </gpxtpx:TrackPointExtension></extensions>
      </trkpt>
      <trkpt lat="30.392843" lon="103.834805">
        <ele>439.0</ele>
        <time>2023-12-23T01:38:18Z</time>
        <extensions><gpxtpx:TrackPointExtension>
          <gpxtpx:hr>172</gpxtpx:hr>
        </gpxtpx:TrackPointExtension></extensions>
      </trkpt>
      <trkpt lat="30.392874" lon="103.834792">
        <ele>439.0</ele>
        <time>2023-12-23T01:38:19Z</time>
        <extensions><gpxtpx:TrackPointExtension>
          <gpxtpx:hr>172</gpxtpx:hr>
        </gpxtpx:TrackPointExtension></extensions>
      </trkpt>
      <trkpt lat="30.392904" lon="103.83478">
        <ele>439.0</ele>
        <time>2023-12-23T01:38:20Z</time>
        <extensions><gpxtpx:TrackPointExtension>
          <gpxtpx:hr>173</gpxtpx:hr>
        </gpxtpx:TrackPointExtension></extensions>
      </trkpt>
      <trkpt lat="30.392934" lon="103.834768">
        <ele>439.0</ele>
        <time>2023-12-23T01:38:21Z</time>
        <extensions><gpxtpx:TrackPointExtension>
          <gpxtpx:hr>173</gpxtpx:hr>
        </gpxtpx:TrackPointExtension></extensions>
      </trkpt>
      <trkpt lat="30.392963" lon="103.834757">
        <ele>439.0</ele>
        <time>2023-12-23T01:38:22Z</time>
        <extensions><gpxtpx:TrackPointExtension>
          <gpxtpx:hr>172</gpxtpx:hr>
        </gpxtpx:TrackPointExtension></extensions>
      </trkpt>
      <trkpt lat="30.392993" lon="103.834745">
        <ele>439.0</ele>
        <time>2023-12-23T01:38:23Z</time>
        <extensions><gpxtpx:TrackPointExtension>
          <gpxtpx:hr>172</gpxtpx:hr>
        </gpxtpx:TrackPointExtension></extensions>
      </trkpt>
      <trkpt lat="30.393023" lon="103.834734">
        <ele>439.0</ele>
        <time>2023-12-23T01:38:24Z</time>
        <extensions><gpxtpx:TrackPointExtension>
          <gpxtpx:hr>172</gpxtpx:hr>
        </gpxtpx:TrackPointExtension></extensions>
      </trkpt>
      <trkpt lat="30.393053" lon="103.834722">
        <ele>439.0</ele>
        <time>2023-12-23T01:38:25Z</time>
        <extensions><gpxtpx:TrackPointExtension>
          <gpxtpx:hr>172</gpxtpx:hr>
        </gpxtpx:TrackPointExtension></extensions>
      </trkpt>
      <trkpt lat="30.393083" lon="103.834711">
        <ele>440.0</ele>
        <time>2023-12-23T01:38:26Z</time>
        <extensions><gpxtpx:TrackPointExtension>
          <gpxtpx:hr>172</gpxtpx:hr>
        </gpxtpx:TrackPointExtension></extensions>
      </trkpt>
      <trkpt lat="30.393113" lon="103.8347">
        <ele>439.0</ele>
        <time>2023-12-23T01:38:27Z</time>
        <extensions><gpxtpx:TrackPointExtension>
          <gpxtpx:hr>172</gpxtpx:hr>
        </gpxtpx:TrackPointExtension></extensions>
      </trkpt>
      <trkpt lat="30.393143" lon="103.834688">
        <ele>439.0</ele>
        <time>2023-12-23T01:38:28Z</time>
        <extensions><gpxtpx:TrackPointExtension>
          <gpxtpx:hr>172</gpxtpx:hr>
        </gpxtpx:TrackPointExtension></extensions>
      </trkpt>
      <trkpt lat="30.393173" lon="103.834676">
        <ele>439.0</ele>
        <time>2023-12-23T01:38:29Z</time>
        <extensions><gpxtpx:TrackPointExtension>
          <gpxtpx:hr>173</gpxtpx:hr>
        </gpxtpx:TrackPointExtension></extensions>
      </trkpt>
      <trkpt lat="30.393202" lon="103.834664">
        <ele>439.0</ele>
        <time>2023-12-23T01:38:30Z</time>
        <extensions><gpxtpx:TrackPointExtension>
          <gpxtpx:hr>173</gpxtpx:hr>
        </gpxtpx:TrackPointExtension></extensions>
      </trkpt>
      <trkpt lat="30.393231" lon="103.834652">
        <ele>439.0</ele>
        <time>2023-12-23T01:38:31Z</time>
        <extensions><gpxtpx:TrackPointExtension>
          <gpxtpx:hr>173</gpxtpx:hr>
        </gpxtpx:TrackPointExtension></extensions>
      </trkpt>
      <trkpt lat="30.39326" lon="103.83464">
        <ele>439.0</ele>
        <time>2023-12-23T01:38:32Z</time>
        <extensions><gpxtpx:TrackPointExtension>
          <gpxtpx:hr>173</gpxtpx:hr>
        </gpxtpx:TrackPointExtension></extensions>
      </trkpt>
      <trkpt lat="30.393289" lon="103.834628">
        <ele>439.0</ele>
        <time>2023-12-23T01:38:33Z</time>
        <extensions><gpxtpx:TrackPointExtension>
          <gpxtpx:hr>173</gpxtpx:hr>
        </gpxtpx:TrackPointExtension></extensions>
      </trkpt>
      <trkpt lat="30.393319" lon="103.834615">
        <ele>439.0</ele>
        <time>2023-12-23T01:38:34Z</time>
        <extensions><gpxtpx:TrackPointExtension>
          <gpxtpx:hr>173</gpxtpx:hr>
        </gpxtpx:TrackPointExtension></extensions>
      </trkpt>
      <trkpt lat="30.393348" lon="103.834602">
        <ele>439.0</ele>
        <time>2023-12-23T01:38:35Z</time>
        <extensions><gpxtpx:TrackPointExtension>
          <gpxtpx:hr>173</gpxtpx:hr>
        </gpxtpx:TrackPointExtension></extensions>
      </trkpt>
      <trkpt lat="30.393377" lon="103.834589">
        <ele>439.0</ele>
        <time>2023-12-23T01:38:36Z</time>
        <extensions><gpxtpx:TrackPointExtension>
          <gpxtpx:hr>173</gpxtpx:hr>
        </gpxtpx:TrackPointExtension></extensions>
      </trkpt>
      <trkpt lat="30.393406" lon="103.834576">
        <ele>439.0</ele>
        <time>2023-12-23T01:38:37Z</time>
        <extensions><gpxtpx:TrackPointExtension>
          <gpxtpx:hr>173</gpxtpx:hr>
        </gpxtpx:TrackPointExtension></extensions>
      </trkpt>
      <trkpt lat="30.393435" lon="103.834563">
        <ele>439.0</ele>
        <time>2023-12-23T01:38:38Z</time>
        <extensions><gpxtpx:TrackPointExtension>
          <gpxtpx:hr>172</gpxtpx:hr>
        </gpxtpx:TrackPointExtension></extensions>
      </trkpt>
      <trkpt lat="30.393464" lon="103.834551">
        <ele>439.0</ele>
        <time>2023-12-23T01:38:39Z</time>
        <extensions><gpxtpx:TrackPointExtension>
          <gpxtpx:hr>173</gpxtpx:hr>
        </gpxtpx:TrackPointExtension></extensions>
      </trkpt>
      <trkpt lat="30.393494" lon="103.834538">
        <ele>439.0</ele>
        <time>2023-12-23T01:38:40Z</time>
        <extensions><gpxtpx:TrackPointExtension>
          <gpxtpx:hr>173</gpxtpx:hr>
        </gpxtpx:TrackPointExtension></extensions>
      </trkpt>
      <trkpt lat="30.393523" lon="103.834525">
        <ele>439.0</ele>
        <time>2023-12-23T01:38:41Z</time>
        <extensions><gpxtpx:TrackPointExtension>
          <gpxtpx:hr>173</gpxtpx:hr>
        </gpxtpx:TrackPointExtension></extensions>
      </trkpt>
      <trkpt lat="30.393553" lon="103.834512">
        <ele>439.0</ele>
        <time>2023-12-23T01:38:42Z</time>
        <extensions><gpxtpx:TrackPointExtension>
          <gpxtpx:hr>174</gpxtpx:hr>
        </gpxtpx:TrackPointExtension></extensions>
      </trkpt>
      <trkpt lat="30.393582" lon="103.8345">
        <ele>439.0</ele>
        <time>2023-12-23T01:38:43Z</time>
        <extensions><gpxtpx:TrackPointExtension>
          <gpxtpx:hr>174</gpxtpx:hr>
        </gpxtpx:TrackPointExtension></extensions>
      </trkpt>
      <trkpt lat="30.393611" lon="103.834487">
        <ele>439.0</ele>
        <time>2023-12-23T01:38:44Z</time>
        <extensions><gpxtpx:TrackPointExtension>
          <gpxtpx:hr>174</gpxtpx:hr>
        </gpxtpx:TrackPointExtension></extensions>
      </trkpt>
      <trkpt lat="30.393641" lon="103.834475">
        <ele>439.0</ele>
        <time>2023-12-23T01:38:45Z</time>
        <extensions><gpxtpx:TrackPointExtension>
          <gpxtpx:hr>174</gpxtpx:hr>
        </gpxtpx:TrackPointExtension></extensions>
      </trkpt>
      <trkpt lat="30.393669" lon="103.834464">
        <ele>439.0</ele>
        <time>2023-12-23T01:38:46Z</time>
        <extensions><gpxtpx:TrackPointExtension>
          <gpxtpx:hr>174</gpxtpx:hr>
        </gpxtpx:TrackPointExtension></extensions>
      </trkpt>
      <trkpt lat="30.393698" lon="103.834453">
        <ele>439.0</ele>
        <time>2023-12-23T01:38:47Z</time>
        <extensions><gpxtpx:TrackPointExtension>
          <gpxtpx:hr>174</gpxtpx:hr>
        </gpxtpx:TrackPointExtension></extensions>
      </trkpt>
      <trkpt lat="30.393727" lon="103.834443">
        <ele>439.0</ele>
        <time>2023-12-23T01:38:48Z</time>
        <extensions><gpxtpx:TrackPointExtension>
          <gpxtpx:hr>174</gpxtpx:hr>
        </gpxtpx:TrackPointExtension></extensions>
      </trkpt>
      <trkpt lat="30.393755" lon="103.834432">
        <ele>439.0</ele>
        <time>2023-12-23T01:38:49Z</time>
        <extensions><gpxtpx:TrackPointExtension>
          <gpxtpx:hr>173</gpxtpx:hr>
        </gpxtpx:TrackPointExtension></extensions>
      </trkpt>
      <trkpt lat="30.393783" lon="103.834422">
        <ele>439.0</ele>
        <time>2023-12-23T01:38:50Z</time>
        <extensions><gpxtpx:TrackPointExtension>
          <gpxtpx:hr>173</gpxtpx:hr>
        </gpxtpx:TrackPointExtension></extensions>
      </trkpt>
      <trkpt lat="30.393812" lon="103.834412">
        <ele>439.0</ele>
        <time>2023-12-23T01:38:51Z</time>
        <extensions><gpxtpx:TrackPointExtension>
          <gpxtpx:hr>173</gpxtpx:hr>
        </gpxtpx:TrackPointExtension></extensions>
      </trkpt>
      <trkpt lat="30.393841" lon="103.834402">
        <ele>439.0</ele>
        <time>2023-12-23T01:38:52Z</time>
        <extensions><gpxtpx:TrackPointExtension>
          <gpxtpx:hr>173</gpxtpx:hr>
        </gpxtpx:TrackPointExtension></extensions>
      </trkpt>
      <trkpt lat="30.39387" lon="103.834392">
        <ele>439.0</ele>
        <time>2023-12-23T01:38:53Z</time>
        <extensions><gpxtpx:TrackPointExtension>
          <gpxtpx:hr>174</gpxtpx:hr>
        </gpxtpx:TrackPointExtension></extensions>
      </trkpt>
      <trkpt lat="30.3939" lon="103.834382">
        <ele>439.0</ele>
        <time>2023-12-23T01:38:54Z</time>
        <extensions><gpxtpx:TrackPointExtension>
          <gpxtpx:hr>174</gpxtpx:hr>
        </gpxtpx:TrackPointExtension></extensions>
      </trkpt>
      <trkpt lat="30.39393" lon="103.834372">
        <ele>439.0</ele>
        <time>2023-12-23T01:38:55Z</time>
        <extensions><gpxtpx:TrackPointExtension>
          <gpxtpx:hr>174</gpxtpx:hr>
        </gpxtpx:TrackPointExtension></extensions>
      </trkpt>
      <trkpt lat="30.393959" lon="103.83436">
        <ele>439.0</ele>
        <time>2023-12-23T01:38:56Z</time>
        <extensions><gpxtpx:TrackPointExtension>
          <gpxtpx:hr>174</gpxtpx:hr>
        </gpxtpx:TrackPointExtension></extensions>
      </trkpt>
      <trkpt lat="30.393989" lon="103.834348">
        <ele>439.0</ele>
        <time>2023-12-23T01:38:57Z</time>
        <extensions><gpxtpx:TrackPointExtension>
          <gpxtpx:hr>174</gpxtpx:hr>
        </gpxtpx:TrackPointExtension></extensions>
      </trkpt>
      <trkpt lat="30.394018" lon="103.834334">
        <ele>439.0</ele>
        <time>2023-12-23T01:38:58Z</time>
        <extensions><gpxtpx:TrackPointExtension>
          <gpxtpx:hr>174</gpxtpx:hr>
        </gpxtpx:TrackPointExtension></extensions>
      </trkpt>
      <trkpt lat="30.394048" lon="103.834321">
        <ele>439.0</ele>
        <time>2023-12-23T01:38:59Z</time>
        <extensions><gpxtpx:TrackPointExtension>
          <gpxtpx:hr>174</gpxtpx:hr>
        </gpxtpx:TrackPointExtension></extensions>
      </trkpt>
      <trkpt lat="30.394077" lon="103.834307">
        <ele>439.0</ele>
        <time>2023-12-23T01:39:00Z</time>
        <extensions><gpxtpx:TrackPointExtension>
          <gpxtpx:hr>175</gpxtpx:hr>
        </gpxtpx:TrackPointExtension></extensions>
      </trkpt>
      <trkpt lat="30.394107" lon="103.834294">
        <ele>439.0</ele>
        <time>2023-12-23T01:39:01Z</time>
        <extensions><gpxtpx:TrackPointExtension>
          <gpxtpx:hr>175</gpxtpx:hr>
        </gpxtpx:TrackPointExtension></extensions>
      </trkpt>
      <trkpt lat="30.394137" lon="103.834281">
        <ele>439.0</ele>
        <time>2023-12-23T01:39:02Z</time>
        <extensions><gpxtpx:TrackPointExtension>
          <gpxtpx:hr>174</gpxtpx:hr>
        </gpxtpx:TrackPointExtension></extensions>
      </trkpt>
      <trkpt lat="30.394166" lon="103.834268">
        <ele>439.0</ele>
        <time>2023-12-23T01:39:03Z</time>
        <extensions><gpxtpx:TrackPointExtension>
          <gpxtpx:hr>174</gpxtpx:hr>
        </gpxtpx:TrackPointExtension></extensions>
      </trkpt>
      <trkpt lat="30.394196" lon="103.834255">
        <ele>439.0</ele>
        <time>2023-12-23T01:39:04Z</time>
        <extensions><gpxtpx:TrackPointExtension>
          <gpxtpx:hr>174</gpxtpx:hr>
        </gpxtpx:TrackPointExtension></extensions>
      </trkpt>
      <trkpt lat="30.394225" lon="103.834242">
        <ele>439.0</ele>
        <time>2023-12-23T01:39:05Z</time>
        <extensions><gpxtpx:TrackPointExtension>
          <gpxtpx:hr>174</gpxtpx:hr>
        </gpxtpx:TrackPointExtension></extensions>
      </trkpt>
      <trkpt lat="30.394255" lon="103.834229">
        <ele>439.0</ele>
        <time>2023-12-23T01:39:06Z</time>
        <extensions><gpxtpx:TrackPointExtension>
          <gpxtpx:hr>173</gpxtpx:hr>
        </gpxtpx:TrackPointExtension></extensions>
      </trkpt>
      <trkpt lat="30.394285" lon="103.834216">
        <ele>439.0</ele>
        <time>2023-12-23T01:39:07Z</time>
        <extensions><gpxtpx:TrackPointExtension>
          <gpxtpx:hr>173</gpxtpx:hr>
        </gpxtpx:TrackPointExtension></extensions>
      </trkpt>
      <trkpt lat="30.394315" lon="103.834204">
        <ele>439.0</ele>
        <time>2023-12-23T01:39:08Z</time>
        <extensions><gpxtpx:TrackPointExtension>
          <gpxtpx:hr>172</gpxtpx:hr>
        </gpxtpx:TrackPointExtension></extensions>
      </trkpt>
      <trkpt lat="30.394345" lon="103.834192">
        <ele>439.0</ele>
        <time>2023-12-23T01:39:09Z</time>
        <extensions><gpxtpx:TrackPointExtension>
          <gpxtpx:hr>172</gpxtpx:hr>
        </gpxtpx:TrackPointExtension></extensions>
      </trkpt>
      <trkpt lat="30.394375" lon="103.834181">
        <ele>439.0</ele>
        <time>2023-12-23T01:39:10Z</time>
        <extensions><gpxtpx:TrackPointExtension>
          <gpxtpx:hr>172</gpxtpx:hr>
        </gpxtpx:TrackPointExtension></extensions>
      </trkpt>
      <trkpt lat="30.394404" lon="103.83417">
        <ele>440.0</ele>
        <time>2023-12-23T01:39:11Z</time>
        <extensions><gpxtpx:TrackPointExtension>
          <gpxtpx:hr>172</gpxtpx:hr>
        </gpxtpx:TrackPointExtension></extensions>
      </trkpt>
      <trkpt lat="30.394433" lon="103.834159">
        <ele>440.0</ele>
        <time>2023-12-23T01:39:12Z</time>
        <extensions><gpxtpx:TrackPointExtension>
          <gpxtpx:hr>172</gpxtpx:hr>
        </gpxtpx:TrackPointExtension></extensions>
      </trkpt>
      <trkpt lat="30.394462" lon="103.834148">
        <ele>440.0</ele>
        <time>2023-12-23T01:39:13Z</time>
        <extensions><gpxtpx:TrackPointExtension>
          <gpxtpx:hr>172</gpxtpx:hr>
        </gpxtpx:TrackPointExtension></extensions>
      </trkpt>
      <trkpt lat="30.394492" lon="103.834136">
        <ele>440.0</ele>
        <time>2023-12-23T01:39:14Z</time>
        <extensions><gpxtpx:TrackPointExtension>
          <gpxtpx:hr>171</gpxtpx:hr>
        </gpxtpx:TrackPointExtension></extensions>
      </trkpt>
      <trkpt lat="30.394521" lon="103.834124">
        <ele>440.0</ele>
        <time>2023-12-23T01:39:15Z</time>
        <extensions><gpxtpx:TrackPointExtension>
          <gpxtpx:hr>171</gpxtpx:hr>
        </gpxtpx:TrackPointExtension></extensions>
      </trkpt>
      <trkpt lat="30.394551" lon="103.834111">
        <ele>440.0</ele>
        <time>2023-12-23T01:39:16Z</time>
        <extensions><gpxtpx:TrackPointExtension>
          <gpxtpx:hr>171</gpxtpx:hr>
        </gpxtpx:TrackPointExtension></extensions>
      </trkpt>
      <trkpt lat="30.39458" lon="103.834099">
        <ele>440.0</ele>
        <time>2023-12-23T01:39:17Z</time>
        <extensions><gpxtpx:TrackPointExtension>
          <gpxtpx:hr>171</gpxtpx:hr>
        </gpxtpx:TrackPointExtension></extensions>
      </trkpt>
      <trkpt lat="30.394609" lon="103.834087">
        <ele>440.0</ele>
        <time>2023-12-23T01:39:18Z</time>
        <extensions><gpxtpx:TrackPointExtension>
          <gpxtpx:hr>171</gpxtpx:hr>
        </gpxtpx:TrackPointExtension></extensions>
      </trkpt>
      <trkpt lat="30.394639" lon="103.834075">
        <ele>440.0</ele>
        <time>2023-12-23T01:39:19Z</time>
        <extensions><gpxtpx:TrackPointExtension>
          <gpxtpx:hr>171</gpxtpx:hr>
        </gpxtpx:TrackPointExtension></extensions>
      </trkpt>
      <trkpt lat="30.394667" lon="103.834063">
        <ele>440.0</ele>
        <time>2023-12-23T01:39:20Z</time>
        <extensions><gpxtpx:TrackPointExtension>
          <gpxtpx:hr>171</gpxtpx:hr>
        </gpxtpx:TrackPointExtension></extensions>
      </trkpt>
      <trkpt lat="30.394696" lon="103.834051">
        <ele>440.0</ele>
        <time>2023-12-23T01:39:21Z</time>
        <extensions><gpxtpx:TrackPointExtension>
          <gpxtpx:hr>171</gpxtpx:hr>
        </gpxtpx:TrackPointExtension></extensions>
      </trkpt>
      <trkpt lat="30.394725" lon="103.834039">
        <ele>440.0</ele>
        <time>2023-12-23T01:39:22Z</time>
        <extensions><gpxtpx:TrackPointExtension>
          <gpxtpx:hr>171</gpxtpx:hr>
        </gpxtpx:TrackPointExtension></extensions>
      </trkpt>
      <trkpt lat="30.394753" lon="103.834027">
        <ele>440.0</ele>
        <time>2023-12-23T01:39:23Z</time>
        <extensions><gpxtpx:TrackPointExtension>
          <gpxtpx:hr>171</gpxtpx:hr>
        </gpxtpx:TrackPointExtension></extensions>
      </trkpt>
      <trkpt lat="30.394782" lon="103.834016">
        <ele>440.0</ele>
        <time>2023-12-23T01:39:24Z</time>
        <extensions><gpxtpx:TrackPointExtension>
          <gpxtpx:hr>171</gpxtpx:hr>
        </gpxtpx:TrackPointExtension></extensions>
      </trkpt>
      <trkpt lat="30.394811" lon="103.834004">
        <ele>440.0</ele>
        <time>2023-12-23T01:39:25Z</time>
        <extensions><gpxtpx:TrackPointExtension>
          <gpxtpx:hr>171</gpxtpx:hr>
        </gpxtpx:TrackPointExtension></extensions>
      </trkpt>
      <trkpt lat="30.394841" lon="103.833993">
        <ele>440.0</ele>
        <time>2023-12-23T01:39:26Z</time>
        <extensions><gpxtpx:TrackPointExtension>
          <gpxtpx:hr>171</gpxtpx:hr>
        </gpxtpx:TrackPointExtension></extensions>
      </trkpt>
      <trkpt lat="30.394871" lon="103.833982">
        <ele>440.0</ele>
        <time>2023-12-23T01:39:27Z</time>
        <extensions><gpxtpx:TrackPointExtension>
          <gpxtpx:hr>171</gpxtpx:hr>
        </gpxtpx:TrackPointExtension></extensions>
      </trkpt>
      <trkpt lat="30.394903" lon="103.83397">
        <ele>440.0</ele>
        <time>2023-12-23T01:39:28Z</time>
        <extensions><gpxtpx:TrackPointExtension>
          <gpxtpx:hr>171</gpxtpx:hr>
        </gpxtpx:TrackPointExtension></extensions>
      </trkpt>
      <trkpt lat="30.394935" lon="103.833959">
        <ele>440.0</ele>
        <time>2023-12-23T01:39:29Z</time>
        <extensions><gpxtpx:TrackPointExtension>
          <gpxtpx:hr>171</gpxtpx:hr>
        </gpxtpx:TrackPointExtension></extensions>
      </trkpt>
      <trkpt lat="30.394966" lon="103.833946">
        <ele>440.0</ele>
        <time>2023-12-23T01:39:30Z</time>
        <extensions><gpxtpx:TrackPointExtension>
          <gpxtpx:hr>171</gpxtpx:hr>
        </gpxtpx:TrackPointExtension></extensions>
      </trkpt>
      <trkpt lat="30.394998" lon="103.833934">
        <ele>440.0</ele>
        <time>2023-12-23T01:39:31Z</time>
        <extensions><gpxtpx:TrackPointExtension>
          <gpxtpx:hr>171</gpxtpx:hr>
        </gpxtpx:TrackPointExtension></extensions>
      </trkpt>
      <trkpt lat="30.39503" lon="103.833921">
        <ele>439.0</ele>
        <time>2023-12-23T01:39:32Z</time>
        <extensions><gpxtpx:TrackPointExtension>
          <gpxtpx:hr>171</gpxtpx:hr>
        </gpxtpx:TrackPointExtension></extensions>
      </trkpt>
      <trkpt lat="30.395061" lon="103.833909">
        <ele>439.0</ele>
        <time>2023-12-23T01:39:33Z</time>
        <extensions><gpxtpx:TrackPointExtension>
          <gpxtpx:hr>171</gpxtpx:hr>
        </gpxtpx:TrackPointExtension></extensions>
      </trkpt>
      <trkpt lat="30.395093" lon="103.833896">
        <ele>439.0</ele>
        <time>2023-12-23T01:39:34Z</time>
        <extensions><gpxtpx:TrackPointExtension>
          <gpxtpx:hr>171</gpxtpx:hr>
        </gpxtpx:TrackPointExtension></extensions>
      </trkpt>
      <trkpt lat="30.395124" lon="103.833883">
        <ele>439.0</ele>
        <time>2023-12-23T01:39:35Z</time>
        <extensions><gpxtpx:TrackPointExtension>
          <gpxtpx:hr>171</gpxtpx:hr>
        </gpxtpx:TrackPointExtension></extensions>
      </trkpt>
      <trkpt lat="30.395155" lon="103.83387">
        <ele>439.0</ele>
        <time>2023-12-23T01:39:36Z</time>
        <extensions><gpxtpx:TrackPointExtension>
          <gpxtpx:hr>171</gpxtpx:hr>
        </gpxtpx:TrackPointExtension></extensions>
      </trkpt>
      <trkpt lat="30.395187" lon="103.833857">
        <ele>439.0</ele>
        <time>2023-12-23T01:39:37Z</time>
        <extensions><gpxtpx:TrackPointExtension>
          <gpxtpx:hr>171</gpxtpx:hr>
        </gpxtpx:TrackPointExtension></extensions>
      </trkpt>
      <trkpt lat="30.395218" lon="103.833844">
        <ele>439.0</ele>
        <time>2023-12-23T01:39:38Z</time>
        <extensions><gpxtpx:TrackPointExtension>
          <gpxtpx:hr>171</gpxtpx:hr>
        </gpxtpx:TrackPointExtension></extensions>
      </trkpt>
      <trkpt lat="30.395249" lon="103.833831">
        <ele>439.0</ele>
        <time>2023-12-23T01:39:39Z</time>
        <extensions><gpxtpx:TrackPointExtension>
          <gpxtpx:hr>170</gpxtpx:hr>
        </gpxtpx:TrackPointExtension></extensions>
      </trkpt>
      <trkpt lat="30.395279" lon="103.833818">
        <ele>439.0</ele>
        <time>2023-12-23T01:39:40Z</time>
        <extensions><gpxtpx:TrackPointExtension>
          <gpxtpx:hr>170</gpxtpx:hr>
        </gpxtpx:TrackPointExtension></extensions>
      </trkpt>
      <trkpt lat="30.39531" lon="103.833806">
        <ele>440.0</ele>
        <time>2023-12-23T01:39:41Z</time>
        <extensions><gpxtpx:TrackPointExtension>
          <gpxtpx:hr>170</gpxtpx:hr>
        </gpxtpx:TrackPointExtension></extensions>
      </trkpt>
      <trkpt lat="30.39534" lon="103.833794">
        <ele>440.0</ele>
        <time>2023-12-23T01:39:42Z</time>
        <extensions><gpxtpx:TrackPointExtension>
          <gpxtpx:hr>170</gpxtpx:hr>
        </gpxtpx:TrackPointExtension></extensions>
      </trkpt>
      <trkpt lat="30.395371" lon="103.833781">
        <ele>440.0</ele>
        <time>2023-12-23T01:39:43Z</time>
        <extensions><gpxtpx:TrackPointExtension>
          <gpxtpx:hr>170</gpxtpx:hr>
        </gpxtpx:TrackPointExtension></extensions>
      </trkpt>
      <trkpt lat="30.395402" lon="103.833769">
        <ele>440.0</ele>
        <time>2023-12-23T01:39:44Z</time>
        <extensions><gpxtpx:TrackPointExtension>
          <gpxtpx:hr>170</gpxtpx:hr>
        </gpxtpx:TrackPointExtension></extensions>
      </trkpt>
      <trkpt lat="30.395433" lon="103.833757">
        <ele>440.0</ele>
        <time>2023-12-23T01:39:45Z</time>
        <extensions><gpxtpx:TrackPointExtension>
          <gpxtpx:hr>170</gpxtpx:hr>
        </gpxtpx:TrackPointExtension></extensions>
      </trkpt>
      <trkpt lat="30.395463" lon="103.833745">
        <ele>440.0</ele>
        <time>2023-12-23T01:39:46Z</time>
        <extensions><gpxtpx:TrackPointExtension>
          <gpxtpx:hr>170</gpxtpx:hr>
        </gpxtpx:TrackPointExtension></extensions>
      </trkpt>
      <trkpt lat="30.395493" lon="103.833734">
        <ele>439.0</ele>
        <time>2023-12-23T01:39:47Z</time>
        <extensions><gpxtpx:TrackPointExtension>
          <gpxtpx:hr>170</gpxtpx:hr>
        </gpxtpx:TrackPointExtension></extensions>
      </trkpt>
      <trkpt lat="30.395523" lon="103.833723">
        <ele>439.0</ele>
        <time>2023-12-23T01:39:48Z</time>
        <extensions><gpxtpx:TrackPointExtension>
          <gpxtpx:hr>170</gpxtpx:hr>
        </gpxtpx:TrackPointExtension></extensions>
      </trkpt>
      <trkpt lat="30.395552" lon="103.833712">
        <ele>439.0</ele>
        <time>2023-12-23T01:39:49Z</time>
        <extensions><gpxtpx:TrackPointExtension>
          <gpxtpx:hr>170</gpxtpx:hr>
        </gpxtpx:TrackPointExtension></extensions>
      </trkpt>
      <trkpt lat="30.395582" lon="103.833702">
        <ele>439.0</ele>
        <time>2023-12-23T01:39:50Z</time>
        <extensions><gpxtpx:TrackPointExtension>
          <gpxtpx:hr>170</gpxtpx:hr>
        </gpxtpx:TrackPointExtension></extensions>
      </trkpt>
      <trkpt lat="30.395612" lon="103.833693">
        <ele>439.0</ele>
        <time>2023-12-23T01:39:51Z</time>
        <extensions><gpxtpx:TrackPointExtension>
          <gpxtpx:hr>171</gpxtpx:hr>
        </gpxtpx:TrackPointExtension></extensions>
      </trkpt>
      <trkpt lat="30.395643" lon="103.833683">
        <ele>439.0</ele>
        <time>2023-12-23T01:39:52Z</time>
        <extensions><gpxtpx:TrackPointExtension>
          <gpxtpx:hr>171</gpxtpx:hr>
        </gpxtpx:TrackPointExtension></extensions>
      </trkpt>
      <trkpt lat="30.395675" lon="103.833672">
        <ele>439.0</ele>
        <time>2023-12-23T01:39:53Z</time>
        <extensions><gpxtpx:TrackPointExtension>
          <gpxtpx:hr>171</gpxtpx:hr>
        </gpxtpx:TrackPointExtension></extensions>
      </trkpt>
      <trkpt lat="30.395706" lon="103.833662">
        <ele>439.0</ele>
        <time>2023-12-23T01:39:54Z</time>
        <extensions><gpxtpx:TrackPointExtension>
          <gpxtpx:hr>171</gpxtpx:hr>
        </gpxtpx:TrackPointExtension></extensions>
      </trkpt>
      <trkpt lat="30.395737" lon="103.833651">
        <ele>439.0</ele>
        <time>2023-12-23T01:39:55Z</time>
        <extensions><gpxtpx:TrackPointExtension>
          <gpxtpx:hr>172</gpxtpx:hr>
        </gpxtpx:TrackPointExtension></extensions>
      </trkpt>
      <trkpt lat="30.395767" lon="103.83364">
        <ele>439.0</ele>
        <time>2023-12-23T01:39:56Z</time>
        <extensions><gpxtpx:TrackPointExtension>
          <gpxtpx:hr>172</gpxtpx:hr>
        </gpxtpx:TrackPointExtension></extensions>
      </trkpt>
      <trkpt lat="30.395797" lon="103.83363">
        <ele>439.0</ele>
        <time>2023-12-23T01:39:57Z</time>
        <extensions><gpxtpx:TrackPointExtension>
          <gpxtpx:hr>173</gpxtpx:hr>
        </gpxtpx:TrackPointExtension></extensions>
      </trkpt>
      <trkpt lat="30.395827" lon="103.833618">
        <ele>439.0</ele>
        <time>2023-12-23T01:39:58Z</time>
        <extensions><gpxtpx:TrackPointExtension>
          <gpxtpx:hr>173</gpxtpx:hr>
        </gpxtpx:TrackPointExtension></extensions>
      </trkpt>
      <trkpt lat="30.395857" lon="103.833607">
        <ele>439.0</ele>
        <time>2023-12-23T01:39:59Z</time>
        <extensions><gpxtpx:TrackPointExtension>
          <gpxtpx:hr>174</gpxtpx:hr>
        </gpxtpx:TrackPointExtension></extensions>
      </trkpt>
      <trkpt lat="30.395886" lon="103.833595">
        <ele>439.0</ele>
        <time>2023-12-23T01:40:00Z</time>
        <extensions><gpxtpx:TrackPointExtension>
          <gpxtpx:hr>175</gpxtpx:hr>
        </gpxtpx:TrackPointExtension></extensions>
      </trkpt>
      <trkpt lat="30.395915" lon="103.833584">
        <ele>439.0</ele>
        <time>2023-12-23T01:40:01Z</time>
        <extensions><gpxtpx:TrackPointExtension>
          <gpxtpx:hr>175</gpxtpx:hr>
        </gpxtpx:TrackPointExtension></extensions>
      </trkpt>
      <trkpt lat="30.395946" lon="103.833573">
        <ele>439.0</ele>
        <time>2023-12-23T01:40:02Z</time>
        <extensions><gpxtpx:TrackPointExtension>
          <gpxtpx:hr>175</gpxtpx:hr>
        </gpxtpx:TrackPointExtension></extensions>
      </trkpt>
      <trkpt lat="30.395976" lon="103.833562">
        <ele>439.0</ele>
        <time>2023-12-23T01:40:03Z</time>
        <extensions><gpxtpx:TrackPointExtension>
          <gpxtpx:hr>175</gpxtpx:hr>
        </gpxtpx:TrackPointExtension></extensions>
      </trkpt>
      <trkpt lat="30.396007" lon="103.833551">
        <ele>439.0</ele>
        <time>2023-12-23T01:40:04Z</time>
        <extensions><gpxtpx:TrackPointExtension>
          <gpxtpx:hr>175</gpxtpx:hr>
        </gpxtpx:TrackPointExtension></extensions>
      </trkpt>
      <trkpt lat="30.396039" lon="103.83354">
        <ele>439.0</ele>
        <time>2023-12-23T01:40:05Z</time>
        <extensions><gpxtpx:TrackPointExtension>
          <gpxtpx:hr>175</gpxtpx:hr>
        </gpxtpx:TrackPointExtension></extensions>
      </trkpt>
      <trkpt lat="30.39607" lon="103.833529">
        <ele>439.0</ele>
        <time>2023-12-23T01:40:06Z</time>
        <extensions><gpxtpx:TrackPointExtension>
          <gpxtpx:hr>174</gpxtpx:hr>
        </gpxtpx:TrackPointExtension></extensions>
      </trkpt>
      <trkpt lat="30.396102" lon="103.833518">
        <ele>439.0</ele>
        <time>2023-12-23T01:40:07Z</time>
        <extensions><gpxtpx:TrackPointExtension>
          <gpxtpx:hr>174</gpxtpx:hr>
        </gpxtpx:TrackPointExtension></extensions>
      </trkpt>
      <trkpt lat="30.396133" lon="103.833507">
        <ele>439.0</ele>
        <time>2023-12-23T01:40:08Z</time>
        <extensions><gpxtpx:TrackPointExtension>
          <gpxtpx:hr>174</gpxtpx:hr>
        </gpxtpx:TrackPointExtension></extensions>
      </trkpt>
      <trkpt lat="30.396164" lon="103.833496">
        <ele>439.0</ele>
        <time>2023-12-23T01:40:09Z</time>
        <extensions><gpxtpx:TrackPointExtension>
          <gpxtpx:hr>174</gpxtpx:hr>
        </gpxtpx:TrackPointExtension></extensions>
      </trkpt>
      <trkpt lat="30.396195" lon="103.833485">
        <ele>439.0</ele>
        <time>2023-12-23T01:40:10Z</time>
        <extensions><gpxtpx:TrackPointExtension>
          <gpxtpx:hr>174</gpxtpx:hr>
        </gpxtpx:TrackPointExtension></extensions>
      </trkpt>
      <trkpt lat="30.396225" lon="103.833473">
        <ele>439.0</ele>
        <time>2023-12-23T01:40:11Z</time>
        <extensions><gpxtpx:TrackPointExtension>
          <gpxtpx:hr>174</gpxtpx:hr>
        </gpxtpx:TrackPointExtension></extensions>
      </trkpt>
      <trkpt lat="30.396255" lon="103.833461">
        <ele>439.0</ele>
        <time>2023-12-23T01:40:12Z</time>
        <extensions><gpxtpx:TrackPointExtension>
          <gpxtpx:hr>174</gpxtpx:hr>
        </gpxtpx:TrackPointExtension></extensions>
      </trkpt>
      <trkpt lat="30.396285" lon="103.833448">
        <ele>439.0</ele>
        <time>2023-12-23T01:40:13Z</time>
        <extensions><gpxtpx:TrackPointExtension>
          <gpxtpx:hr>174</gpxtpx:hr>
        </gpxtpx:TrackPointExtension></extensions>
      </trkpt>
      <trkpt lat="30.396315" lon="103.833435">
        <ele>439.0</ele>
        <time>2023-12-23T01:40:14Z</time>
        <extensions><gpxtpx:TrackPointExtension>
          <gpxtpx:hr>174</gpxtpx:hr>
        </gpxtpx:TrackPointExtension></extensions>
      </trkpt>
      <trkpt lat="30.396345" lon="103.833422">
        <ele>439.0</ele>
        <time>2023-12-23T01:40:15Z</time>
        <extensions><gpxtpx:TrackPointExtension>
          <gpxtpx:hr>174</gpxtpx:hr>
        </gpxtpx:TrackPointExtension></extensions>
      </trkpt>
      <trkpt lat="30.396376" lon="103.833409">
        <ele>439.0</ele>
        <time>2023-12-23T01:40:16Z</time>
        <extensions><gpxtpx:TrackPointExtension>
          <gpxtpx:hr>174</gpxtpx:hr>
        </gpxtpx:TrackPointExtension></extensions>
      </trkpt>
      <trkpt lat="30.396406" lon="103.833396">
        <ele>439.0</ele>
        <time>2023-12-23T01:40:17Z</time>
        <extensions><gpxtpx:TrackPointExtension>
          <gpxtpx:hr>174</gpxtpx:hr>
        </gpxtpx:TrackPointExtension></extensions>
      </trkpt>
      <trkpt lat="30.396437" lon="103.833384">
        <ele>439.0</ele>
        <time>2023-12-23T01:40:18Z</time>
        <extensions><gpxtpx:TrackPointExtension>
          <gpxtpx:hr>174</gpxtpx:hr>
        </gpxtpx:TrackPointExtension></extensions>
      </trkpt>
      <trkpt lat="30.396468" lon="103.833372">
        <ele>439.0</ele>
        <time>2023-12-23T01:40:19Z</time>
        <extensions><gpxtpx:TrackPointExtension>
          <gpxtpx:hr>174</gpxtpx:hr>
        </gpxtpx:TrackPointExtension></extensions>
      </trkpt>
      <trkpt lat="30.396498" lon="103.833359">
        <ele>439.0</ele>
        <time>2023-12-23T01:40:20Z</time>
        <extensions><gpxtpx:TrackPointExtension>
          <gpxtpx:hr>174</gpxtpx:hr>
        </gpxtpx:TrackPointExtension></extensions>
      </trkpt>
      <trkpt lat="30.396528" lon="103.833347">
        <ele>439.0</ele>
        <time>2023-12-23T01:40:21Z</time>
        <extensions><gpxtpx:TrackPointExtension>
          <gpxtpx:hr>174</gpxtpx:hr>
        </gpxtpx:TrackPointExtension></extensions>
      </trkpt>
      <trkpt lat="30.396557" lon="103.833334">
        <ele>439.0</ele>
        <time>2023-12-23T01:40:22Z</time>
        <extensions><gpxtpx:TrackPointExtension>
          <gpxtpx:hr>174</gpxtpx:hr>
        </gpxtpx:TrackPointExtension></extensions>
      </trkpt>
      <trkpt lat="30.396587" lon="103.833322">
        <ele>439.0</ele>
        <time>2023-12-23T01:40:23Z</time>
        <extensions><gpxtpx:TrackPointExtension>
          <gpxtpx:hr>174</gpxtpx:hr>
        </gpxtpx:TrackPointExtension></extensions>
      </trkpt>
      <trkpt lat="30.396616" lon="103.83331">
        <ele>439.0</ele>
        <time>2023-12-23T01:40:24Z</time>
        <extensions><gpxtpx:TrackPointExtension>
          <gpxtpx:hr>174</gpxtpx:hr>
        </gpxtpx:TrackPointExtension></extensions>
      </trkpt>
      <trkpt lat="30.396646" lon="103.833298">
        <ele>439.0</ele>
        <time>2023-12-23T01:40:25Z</time>
        <extensions><gpxtpx:TrackPointExtension>
          <gpxtpx:hr>174</gpxtpx:hr>
        </gpxtpx:TrackPointExtension></extensions>
      </trkpt>
      <trkpt lat="30.396675" lon="103.833287">
        <ele>439.0</ele>
        <time>2023-12-23T01:40:26Z</time>
        <extensions><gpxtpx:TrackPointExtension>
          <gpxtpx:hr>175</gpxtpx:hr>
        </gpxtpx:TrackPointExtension></extensions>
      </trkpt>
      <trkpt lat="30.396705" lon="103.833275">
        <ele>439.0</ele>
        <time>2023-12-23T01:40:27Z</time>
        <extensions><gpxtpx:TrackPointExtension>
          <gpxtpx:hr>176</gpxtpx:hr>
        </gpxtpx:TrackPointExtension></extensions>
      </trkpt>
      <trkpt lat="30.396735" lon="103.833263">
        <ele>439.0</ele>
        <time>2023-12-23T01:40:28Z</time>
        <extensions><gpxtpx:TrackPointExtension>
          <gpxtpx:hr>176</gpxtpx:hr>
        </gpxtpx:TrackPointExtension></extensions>
      </trkpt>
      <trkpt lat="30.396765" lon="103.833252">
        <ele>439.0</ele>
        <time>2023-12-23T01:40:29Z</time>
        <extensions><gpxtpx:TrackPointExtension>
          <gpxtpx:hr>176</gpxtpx:hr>
        </gpxtpx:TrackPointExtension></extensions>
      </trkpt>
      <trkpt lat="30.396797" lon="103.83324">
        <ele>439.0</ele>
        <time>2023-12-23T01:40:30Z</time>
        <extensions><gpxtpx:TrackPointExtension>
          <gpxtpx:hr>175</gpxtpx:hr>
        </gpxtpx:TrackPointExtension></extensions>
      </trkpt>
      <trkpt lat="30.396828" lon="103.833228">
        <ele>439.0</ele>
        <time>2023-12-23T01:40:31Z</time>
        <extensions><gpxtpx:TrackPointExtension>
          <gpxtpx:hr>175</gpxtpx:hr>
        </gpxtpx:TrackPointExtension></extensions>
      </trkpt>
      <trkpt lat="30.396859" lon="103.833216">
        <ele>439.0</ele>
        <time>2023-12-23T01:40:32Z</time>
        <extensions><gpxtpx:TrackPointExtension>
          <gpxtpx:hr>175</gpxtpx:hr>
        </gpxtpx:TrackPointExtension></extensions>
      </trkpt>
      <trkpt lat="30.396891" lon="103.833204">
        <ele>439.0</ele>
        <time>2023-12-23T01:40:33Z</time>
        <extensions><gpxtpx:TrackPointExtension>
          <gpxtpx:hr>175</gpxtpx:hr>
        </gpxtpx:TrackPointExtension></extensions>
      </trkpt>
      <trkpt lat="30.396922" lon="103.833192">
        <ele>439.0</ele>
        <time>2023-12-23T01:40:34Z</time>
        <extensions><gpxtpx:TrackPointExtension>
          <gpxtpx:hr>174</gpxtpx:hr>
        </gpxtpx:TrackPointExtension></extensions>
      </trkpt>
      <trkpt lat="30.396953" lon="103.83318">
        <ele>439.0</ele>
        <time>2023-12-23T01:40:35Z</time>
        <extensions><gpxtpx:TrackPointExtension>
          <gpxtpx:hr>174</gpxtpx:hr>
        </gpxtpx:TrackPointExtension></extensions>
      </trkpt>
      <trkpt lat="30.396984" lon="103.833168">
        <ele>439.0</ele>
        <time>2023-12-23T01:40:36Z</time>
        <extensions><gpxtpx:TrackPointExtension>
          <gpxtpx:hr>174</gpxtpx:hr>
        </gpxtpx:TrackPointExtension></extensions>
      </trkpt>
      <trkpt lat="30.397015" lon="103.833156">
        <ele>439.0</ele>
        <time>2023-12-23T01:40:37Z</time>
        <extensions><gpxtpx:TrackPointExtension>
          <gpxtpx:hr>174</gpxtpx:hr>
        </gpxtpx:TrackPointExtension></extensions>
      </trkpt>
      <trkpt lat="30.397046" lon="103.833144">
        <ele>439.0</ele>
        <time>2023-12-23T01:40:38Z</time>
        <extensions><gpxtpx:TrackPointExtension>
          <gpxtpx:hr>173</gpxtpx:hr>
        </gpxtpx:TrackPointExtension></extensions>
      </trkpt>
      <trkpt lat="30.397076" lon="103.833131">
        <ele>439.0</ele>
        <time>2023-12-23T01:40:39Z</time>
        <extensions><gpxtpx:TrackPointExtension>
          <gpxtpx:hr>173</gpxtpx:hr>
        </gpxtpx:TrackPointExtension></extensions>
      </trkpt>
      <trkpt lat="30.397107" lon="103.833118">
        <ele>439.0</ele>
        <time>2023-12-23T01:40:40Z</time>
        <extensions><gpxtpx:TrackPointExtension>
          <gpxtpx:hr>173</gpxtpx:hr>
        </gpxtpx:TrackPointExtension></extensions>
      </trkpt>
      <trkpt lat="30.397138" lon="103.833104">
        <ele>439.0</ele>
        <time>2023-12-23T01:40:41Z</time>
        <extensions><gpxtpx:TrackPointExtension>
          <gpxtpx:hr>173</gpxtpx:hr>
        </gpxtpx:TrackPointExtension></extensions>
      </trkpt>
      <trkpt lat="30.397168" lon="103.833091">
        <ele>439.0</ele>
        <time>2023-12-23T01:40:42Z</time>
        <extensions><gpxtpx:TrackPointExtension>
          <gpxtpx:hr>173</gpxtpx:hr>
        </gpxtpx:TrackPointExtension></extensions>
      </trkpt>
      <trkpt lat="30.397199" lon="103.833077">
        <ele>439.0</ele>
        <time>2023-12-23T01:40:43Z</time>
        <extensions><gpxtpx:TrackPointExtension>
          <gpxtpx:hr>173</gpxtpx:hr>
        </gpxtpx:TrackPointExtension></extensions>
      </trkpt>
      <trkpt lat="30.397229" lon="103.833064">
        <ele>439.0</ele>
        <time>2023-12-23T01:40:44Z</time>
        <extensions><gpxtpx:TrackPointExtension>
          <gpxtpx:hr>173</gpxtpx:hr>
        </gpxtpx:TrackPointExtension></extensions>
      </trkpt>
      <trkpt lat="30.39726" lon="103.833051">
        <ele>439.0</ele>
        <time>2023-12-23T01:40:45Z</time>
        <extensions><gpxtpx:TrackPointExtension>
          <gpxtpx:hr>173</gpxtpx:hr>
        </gpxtpx:TrackPointExtension></extensions>
      </trkpt>
      <trkpt lat="30.39729" lon="103.833039">
        <ele>439.0</ele>
        <time>2023-12-23T01:40:46Z</time>
        <extensions><gpxtpx:TrackPointExtension>
          <gpxtpx:hr>173</gpxtpx:hr>
        </gpxtpx:TrackPointExtension></extensions>
      </trkpt>
      <trkpt lat="30.397321" lon="103.833027">
        <ele>439.0</ele>
        <time>2023-12-23T01:40:47Z</time>
        <extensions><gpxtpx:TrackPointExtension>
          <gpxtpx:hr>173</gpxtpx:hr>
        </gpxtpx:TrackPointExtension></extensions>
      </trkpt>
      <trkpt lat="30.397352" lon="103.833015">
        <ele>439.0</ele>
        <time>2023-12-23T01:40:48Z</time>
        <extensions><gpxtpx:TrackPointExtension>
          <gpxtpx:hr>172</gpxtpx:hr>
        </gpxtpx:TrackPointExtension></extensions>
      </trkpt>
      <trkpt lat="30.397382" lon="103.833003">
        <ele>439.0</ele>
        <time>2023-12-23T01:40:49Z</time>
        <extensions><gpxtpx:TrackPointExtension>
          <gpxtpx:hr>172</gpxtpx:hr>
        </gpxtpx:TrackPointExtension></extensions>
      </trkpt>
      <trkpt lat="30.397414" lon="103.832991">
        <ele>439.0</ele>
        <time>2023-12-23T01:40:50Z</time>
        <extensions><gpxtpx:TrackPointExtension>
          <gpxtpx:hr>172</gpxtpx:hr>
        </gpxtpx:TrackPointExtension></extensions>
      </trkpt>
      <trkpt lat="30.397446" lon="103.832978">
        <ele>439.0</ele>
        <time>2023-12-23T01:40:51Z</time>
        <extensions><gpxtpx:TrackPointExtension>
          <gpxtpx:hr>172</gpxtpx:hr>
        </gpxtpx:TrackPointExtension></extensions>
      </trkpt>
      <trkpt lat="30.397478" lon="103.832965">
        <ele>439.0</ele>
        <time>2023-12-23T01:40:52Z</time>
        <extensions><gpxtpx:TrackPointExtension>
          <gpxtpx:hr>172</gpxtpx:hr>
        </gpxtpx:TrackPointExtension></extensions>
      </trkpt>
      <trkpt lat="30.39751" lon="103.832951">
        <ele>439.0</ele>
        <time>2023-12-23T01:40:53Z</time>
        <extensions><gpxtpx:TrackPointExtension>
          <gpxtpx:hr>172</gpxtpx:hr>
        </gpxtpx:TrackPointExtension></extensions>
      </trkpt>
      <trkpt lat="30.39754" lon="103.832938">
        <ele>439.0</ele>
        <time>2023-12-23T01:40:54Z</time>
        <extensions><gpxtpx:TrackPointExtension>
          <gpxtpx:hr>172</gpxtpx:hr>
        </gpxtpx:TrackPointExtension></extensions>
      </trkpt>
      <trkpt lat="30.397571" lon="103.832925">
        <ele>439.0</ele>
        <time>2023-12-23T01:40:55Z</time>
        <extensions><gpxtpx:TrackPointExtension>
          <gpxtpx:hr>172</gpxtpx:hr>
        </gpxtpx:TrackPointExtension></extensions>
      </trkpt>
      <trkpt lat="30.3976" lon="103.832912">
        <ele>439.0</ele>
        <time>2023-12-23T01:40:56Z</time>
        <extensions><gpxtpx:TrackPointExtension>
          <gpxtpx:hr>172</gpxtpx:hr>
        </gpxtpx:TrackPointExtension></extensions>
      </trkpt>
      <trkpt lat="30.397629" lon="103.8329">
        <ele>439.0</ele>
        <time>2023-12-23T01:40:57Z</time>
        <extensions><gpxtpx:TrackPointExtension>
          <gpxtpx:hr>172</gpxtpx:hr>
        </gpxtpx:TrackPointExtension></extensions>
      </trkpt>
      <trkpt lat="30.397658" lon="103.832887">
        <ele>439.0</ele>
        <time>2023-12-23T01:40:58Z</time>
        <extensions><gpxtpx:TrackPointExtension>
          <gpxtpx:hr>172</gpxtpx:hr>
        </gpxtpx:TrackPointExtension></extensions>
      </trkpt>
      <trkpt lat="30.397687" lon="103.832875">
        <ele>439.0</ele>
        <time>2023-12-23T01:40:59Z</time>
        <extensions><gpxtpx:TrackPointExtension>
          <gpxtpx:hr>172</gpxtpx:hr>
        </gpxtpx:TrackPointExtension></extensions>
      </trkpt>
      <trkpt lat="30.397717" lon="103.832863">
        <ele>439.0</ele>
        <time>2023-12-23T01:41:00Z</time>
        <extensions><gpxtpx:TrackPointExtension>
          <gpxtpx:hr>172</gpxtpx:hr>
        </gpxtpx:TrackPointExtension></extensions>
      </trkpt>
      <trkpt lat="30.397747" lon="103.832851">
        <ele>439.0</ele>
        <time>2023-12-23T01:41:01Z</time>
        <extensions><gpxtpx:TrackPointExtension>
          <gpxtpx:hr>171</gpxtpx:hr>
        </gpxtpx:TrackPointExtension></extensions>
      </trkpt>
      <trkpt lat="30.397778" lon="103.832839">
        <ele>439.0</ele>
        <time>2023-12-23T01:41:02Z</time>
        <extensions><gpxtpx:TrackPointExtension>
          <gpxtpx:hr>171</gpxtpx:hr>
        </gpxtpx:TrackPointExtension></extensions>
      </trkpt>
      <trkpt lat="30.397809" lon="103.832828">
        <ele>439.0</ele>
        <time>2023-12-23T01:41:03Z</time>
        <extensions><gpxtpx:TrackPointExtension>
          <gpxtpx:hr>172</gpxtpx:hr>
        </gpxtpx:TrackPointExtension></extensions>
      </trkpt>
      <trkpt lat="30.397841" lon="103.832817">
        <ele>439.0</ele>
        <time>2023-12-23T01:41:04Z</time>
        <extensions><gpxtpx:TrackPointExtension>
          <gpxtpx:hr>171</gpxtpx:hr>
        </gpxtpx:TrackPointExtension></extensions>
      </trkpt>
      <trkpt lat="30.397873" lon="103.832806">
        <ele>439.0</ele>
        <time>2023-12-23T01:41:05Z</time>
        <extensions><gpxtpx:TrackPointExtension>
          <gpxtpx:hr>171</gpxtpx:hr>
        </gpxtpx:TrackPointExtension></extensions>
      </trkpt>
      <trkpt lat="30.397905" lon="103.832796">
        <ele>439.0</ele>
        <time>2023-12-23T01:41:06Z</time>
        <extensions><gpxtpx:TrackPointExtension>
          <gpxtpx:hr>171</gpxtpx:hr>
        </gpxtpx:TrackPointExtension></extensions>
      </trkpt>
      <trkpt lat="30.397937" lon="103.832786">
        <ele>439.0</ele>
        <time>2023-12-23T01:41:07Z</time>
        <extensions><gpxtpx:TrackPointExtension>
          <gpxtpx:hr>171</gpxtpx:hr>
        </gpxtpx:TrackPointExtension></extensions>
      </trkpt>
      <trkpt lat="30.397968" lon="103.832774">
        <ele>439.0</ele>
        <time>2023-12-23T01:41:08Z</time>
        <extensions><gpxtpx:TrackPointExtension>
          <gpxtpx:hr>171</gpxtpx:hr>
        </gpxtpx:TrackPointExtension></extensions>
      </trkpt>
      <trkpt lat="30.397999" lon="103.832762">
        <ele>439.0</ele>
        <time>2023-12-23T01:41:09Z</time>
        <extensions><gpxtpx:TrackPointExtension>
          <gpxtpx:hr>171</gpxtpx:hr>
        </gpxtpx:TrackPointExtension></extensions>
      </trkpt>
      <trkpt lat="30.398029" lon="103.832749">
        <ele>439.0</ele>
        <time>2023-12-23T01:41:10Z</time>
        <extensions><gpxtpx:TrackPointExtension>
          <gpxtpx:hr>171</gpxtpx:hr>
        </gpxtpx:TrackPointExtension></extensions>
      </trkpt>
      <trkpt lat="30.39806" lon="103.832736">
        <ele>439.0</ele>
        <time>2023-12-23T01:41:11Z</time>
        <extensions><gpxtpx:TrackPointExtension>
          <gpxtpx:hr>172</gpxtpx:hr>
        </gpxtpx:TrackPointExtension></extensions>
      </trkpt>
      <trkpt lat="30.398091" lon="103.832723">
        <ele>439.0</ele>
        <time>2023-12-23T01:41:12Z</time>
        <extensions><gpxtpx:TrackPointExtension>
          <gpxtpx:hr>172</gpxtpx:hr>
        </gpxtpx:TrackPointExtension></extensions>
      </trkpt>
      <trkpt lat="30.398122" lon="103.83271">
        <ele>439.0</ele>
        <time>2023-12-23T01:41:13Z</time>
        <extensions><gpxtpx:TrackPointExtension>
          <gpxtpx:hr>172</gpxtpx:hr>
        </gpxtpx:TrackPointExtension></extensions>
      </trkpt>
      <trkpt lat="30.398153" lon="103.832698">
        <ele>439.0</ele>
        <time>2023-12-23T01:41:14Z</time>
        <extensions><gpxtpx:TrackPointExtension>
          <gpxtpx:hr>172</gpxtpx:hr>
        </gpxtpx:TrackPointExtension></extensions>
      </trkpt>
      <trkpt lat="30.398183" lon="103.832686">
        <ele>439.0</ele>
        <time>2023-12-23T01:41:15Z</time>
        <extensions><gpxtpx:TrackPointExtension>
          <gpxtpx:hr>172</gpxtpx:hr>
        </gpxtpx:TrackPointExtension></extensions>
      </trkpt>
      <trkpt lat="30.398213" lon="103.832673">
        <ele>439.0</ele>
        <time>2023-12-23T01:41:16Z</time>
        <extensions><gpxtpx:TrackPointExtension>
          <gpxtpx:hr>172</gpxtpx:hr>
        </gpxtpx:TrackPointExtension></extensions>
      </trkpt>
      <trkpt lat="30.398243" lon="103.832661">
        <ele>439.0</ele>
        <time>2023-12-23T01:41:17Z</time>
        <extensions><gpxtpx:TrackPointExtension>
          <gpxtpx:hr>172</gpxtpx:hr>
        </gpxtpx:TrackPointExtension></extensions>
      </trkpt>
      <trkpt lat="30.398272" lon="103.832648">
        <ele>439.0</ele>
        <time>2023-12-23T01:41:18Z</time>
        <extensions><gpxtpx:TrackPointExtension>
          <gpxtpx:hr>172</gpxtpx:hr>
        </gpxtpx:TrackPointExtension></extensions>
      </trkpt>
      <trkpt lat="30.398301" lon="103.832635">
        <ele>439.0</ele>
        <time>2023-12-23T01:41:19Z</time>
        <extensions><gpxtpx:TrackPointExtension>
          <gpxtpx:hr>172</gpxtpx:hr>
        </gpxtpx:TrackPointExtension></extensions>
      </trkpt>
      <trkpt lat="30.398331" lon="103.832623">
        <ele>439.0</ele>
        <time>2023-12-23T01:41:20Z</time>
        <extensions><gpxtpx:TrackPointExtension>
          <gpxtpx:hr>172</gpxtpx:hr>
        </gpxtpx:TrackPointExtension></extensions>
      </trkpt>
      <trkpt lat="30.398361" lon="103.832611">
        <ele>439.0</ele>
        <time>2023-12-23T01:41:21Z</time>
        <extensions><gpxtpx:TrackPointExtension>
          <gpxtpx:hr>172</gpxtpx:hr>
        </gpxtpx:TrackPointExtension></extensions>
      </trkpt>
      <trkpt lat="30.398392" lon="103.832599">
        <ele>439.0</ele>
        <time>2023-12-23T01:41:22Z</time>
        <extensions><gpxtpx:TrackPointExtension>
          <gpxtpx:hr>172</gpxtpx:hr>
        </gpxtpx:TrackPointExtension></extensions>
      </trkpt>
      <trkpt lat="30.398423" lon="103.832588">
        <ele>439.0</ele>
        <time>2023-12-23T01:41:23Z</time>
        <extensions><gpxtpx:TrackPointExtension>
          <gpxtpx:hr>172</gpxtpx:hr>
        </gpxtpx:TrackPointExtension></extensions>
      </trkpt>
      <trkpt lat="30.398454" lon="103.832576">
        <ele>439.0</ele>
        <time>2023-12-23T01:41:24Z</time>
        <extensions><gpxtpx:TrackPointExtension>
          <gpxtpx:hr>172</gpxtpx:hr>
        </gpxtpx:TrackPointExtension></extensions>
      </trkpt>
      <trkpt lat="30.398486" lon="103.832564">
        <ele>439.0</ele>
        <time>2023-12-23T01:41:25Z</time>
        <extensions><gpxtpx:TrackPointExtension>
          <gpxtpx:hr>173</gpxtpx:hr>
        </gpxtpx:TrackPointExtension></extensions>
      </trkpt>
      <trkpt lat="30.398517" lon="103.832552">
        <ele>439.0</ele>
        <time>2023-12-23T01:41:26Z</time>
        <extensions><gpxtpx:TrackPointExtension>
          <gpxtpx:hr>173</gpxtpx:hr>
        </gpxtpx:TrackPointExtension></extensions>
      </trkpt>
      <trkpt lat="30.398548" lon="103.83254">
        <ele>439.0</ele>
        <time>2023-12-23T01:41:27Z</time>
        <extensions><gpxtpx:TrackPointExtension>
          <gpxtpx:hr>173</gpxtpx:hr>
        </gpxtpx:TrackPointExtension></extensions>
      </trkpt>
      <trkpt lat="30.39858" lon="103.832528">
        <ele>439.0</ele>
        <time>2023-12-23T01:41:28Z</time>
        <extensions><gpxtpx:TrackPointExtension>
          <gpxtpx:hr>173</gpxtpx:hr>
        </gpxtpx:TrackPointExtension></extensions>
      </trkpt>
      <trkpt lat="30.398611" lon="103.832516">
        <ele>439.0</ele>
        <time>2023-12-23T01:41:29Z</time>
        <extensions><gpxtpx:TrackPointExtension>
          <gpxtpx:hr>173</gpxtpx:hr>
        </gpxtpx:TrackPointExtension></extensions>
      </trkpt>
      <trkpt lat="30.398642" lon="103.832504">
        <ele>439.0</ele>
        <time>2023-12-23T01:41:30Z</time>
        <extensions><gpxtpx:TrackPointExtension>
          <gpxtpx:hr>173</gpxtpx:hr>
        </gpxtpx:TrackPointExtension></extensions>
      </trkpt>
      <trkpt lat="30.398673" lon="103.832492">
        <ele>439.0</ele>
        <time>2023-12-23T01:41:31Z</time>
        <extensions><gpxtpx:TrackPointExtension>
          <gpxtpx:hr>173</gpxtpx:hr>
        </gpxtpx:TrackPointExtension></extensions>
      </trkpt>
      <trkpt lat="30.398706" lon="103.83248">
        <ele>439.0</ele>
        <time>2023-12-23T01:41:32Z</time>
        <extensions><gpxtpx:TrackPointExtension>
          <gpxtpx:hr>173</gpxtpx:hr>
        </gpxtpx:TrackPointExtension></extensions>
      </trkpt>
      <trkpt lat="30.398738" lon="103.832468">
        <ele>439.0</ele>
        <time>2023-12-23T01:41:33Z</time>
        <extensions><gpxtpx:TrackPointExtension>
          <gpxtpx:hr>173</gpxtpx:hr>
        </gpxtpx:TrackPointExtension></extensions>
      </trkpt>
      <trkpt lat="30.398772" lon="103.832455">
        <ele>439.0</ele>
        <time>2023-12-23T01:41:34Z</time>
        <extensions><gpxtpx:TrackPointExtension>
          <gpxtpx:hr>173</gpxtpx:hr>
        </gpxtpx:TrackPointExtension></extensions>
      </trkpt>
      <trkpt lat="30.398806" lon="103.832443">
        <ele>439.0</ele>
        <time>2023-12-23T01:41:35Z</time>
        <extensions><gpxtpx:TrackPointExtension>
          <gpxtpx:hr>173</gpxtpx:hr>
        </gpxtpx:TrackPointExtension></extensions>
      </trkpt>
      <trkpt lat="30.39884" lon="103.832431">
        <ele>439.0</ele>
        <time>2023-12-23T01:41:36Z</time>
        <extensions><gpxtpx:TrackPointExtension>
          <gpxtpx:hr>173</gpxtpx:hr>
        </gpxtpx:TrackPointExtension></extensions>
      </trkpt>
      <trkpt lat="30.398874" lon="103.832418">
        <ele>439.0</ele>
        <time>2023-12-23T01:41:37Z</time>
        <extensions><gpxtpx:TrackPointExtension>
          <gpxtpx:hr>173</gpxtpx:hr>
        </gpxtpx:TrackPointExtension></extensions>
      </trkpt>
      <trkpt lat="30.398907" lon="103.832405">
        <ele>439.0</ele>
        <time>2023-12-23T01:41:38Z</time>
        <extensions><gpxtpx:TrackPointExtension>
          <gpxtpx:hr>172</gpxtpx:hr>
        </gpxtpx:TrackPointExtension></extensions>
      </trkpt>
      <trkpt lat="30.398941" lon="103.832392">
        <ele>439.0</ele>
        <time>2023-12-23T01:41:39Z</time>
        <extensions><gpxtpx:TrackPointExtension>
          <gpxtpx:hr>174</gpxtpx:hr>
        </gpxtpx:TrackPointExtension></extensions>
      </trkpt>
      <trkpt lat="30.398974" lon="103.832379">
        <ele>439.0</ele>
        <time>2023-12-23T01:41:40Z</time>
        <extensions><gpxtpx:TrackPointExtension>
          <gpxtpx:hr>174</gpxtpx:hr>
        </gpxtpx:TrackPointExtension></extensions>
      </trkpt>
      <trkpt lat="30.399008" lon="103.832366">
        <ele>439.0</ele>
        <time>2023-12-23T01:41:41Z</time>
        <extensions><gpxtpx:TrackPointExtension>
          <gpxtpx:hr>174</gpxtpx:hr>
        </gpxtpx:TrackPointExtension></extensions>
      </trkpt>
      <trkpt lat="30.399041" lon="103.832353">
        <ele>439.0</ele>
        <time>2023-12-23T01:41:42Z</time>
        <extensions><gpxtpx:TrackPointExtension>
          <gpxtpx:hr>174</gpxtpx:hr>
        </gpxtpx:TrackPointExtension></extensions>
      </trkpt>
      <trkpt lat="30.399074" lon="103.832339">
        <ele>439.0</ele>
        <time>2023-12-23T01:41:43Z</time>
        <extensions><gpxtpx:TrackPointExtension>
          <gpxtpx:hr>175</gpxtpx:hr>
        </gpxtpx:TrackPointExtension></extensions>
      </trkpt>
      <trkpt lat="30.399105" lon="103.832326">
        <ele>439.0</ele>
        <time>2023-12-23T01:41:44Z</time>
        <extensions><gpxtpx:TrackPointExtension>
          <gpxtpx:hr>175</gpxtpx:hr>
        </gpxtpx:TrackPointExtension></extensions>
      </trkpt>
      <trkpt lat="30.399136" lon="103.832312">
        <ele>439.0</ele>
        <time>2023-12-23T01:41:45Z</time>
        <extensions><gpxtpx:TrackPointExtension>
          <gpxtpx:hr>174</gpxtpx:hr>
        </gpxtpx:TrackPointExtension></extensions>
      </trkpt>
      <trkpt lat="30.399166" lon="103.832301">
        <ele>439.0</ele>
        <time>2023-12-23T01:41:46Z</time>
        <extensions><gpxtpx:TrackPointExtension>
          <gpxtpx:hr>176</gpxtpx:hr>
        </gpxtpx:TrackPointExtension></extensions>
      </trkpt>
      <trkpt lat="30.399195" lon="103.83229">
        <ele>439.0</ele>
        <time>2023-12-23T01:41:47Z</time>
        <extensions><gpxtpx:TrackPointExtension>
          <gpxtpx:hr>175</gpxtpx:hr>
        </gpxtpx:TrackPointExtension></extensions>
      </trkpt>
      <trkpt lat="30.399225" lon="103.83228">
        <ele>439.0</ele>
        <time>2023-12-23T01:41:48Z</time>
        <extensions><gpxtpx:TrackPointExtension>
          <gpxtpx:hr>176</gpxtpx:hr>
        </gpxtpx:TrackPointExtension></extensions>
      </trkpt>
      <trkpt lat="30.399254" lon="103.83227">
        <ele>439.0</ele>
        <time>2023-12-23T01:41:49Z</time>
        <extensions><gpxtpx:TrackPointExtension>
          <gpxtpx:hr>176</gpxtpx:hr>
        </gpxtpx:TrackPointExtension></extensions>
      </trkpt>
      <trkpt lat="30.399285" lon="103.832259">
        <ele>439.0</ele>
        <time>2023-12-23T01:41:50Z</time>
        <extensions><gpxtpx:TrackPointExtension>
          <gpxtpx:hr>176</gpxtpx:hr>
        </gpxtpx:TrackPointExtension></extensions>
      </trkpt>
      <trkpt lat="30.399315" lon="103.832249">
        <ele>439.0</ele>
        <time>2023-12-23T01:41:51Z</time>
        <extensions><gpxtpx:TrackPointExtension>
          <gpxtpx:hr>176</gpxtpx:hr>
        </gpxtpx:TrackPointExtension></extensions>
      </trkpt>
      <trkpt lat="30.399346" lon="103.832239">
        <ele>439.0</ele>
        <time>2023-12-23T01:41:52Z</time>
        <extensions><gpxtpx:TrackPointExtension>
          <gpxtpx:hr>176</gpxtpx:hr>
        </gpxtpx:TrackPointExtension></extensions>
      </trkpt>
      <trkpt lat="30.399377" lon="103.832229">
        <ele>439.0</ele>
        <time>2023-12-23T01:41:53Z</time>
        <extensions><gpxtpx:TrackPointExtension>
          <gpxtpx:hr>176</gpxtpx:hr>
        </gpxtpx:TrackPointExtension></extensions>
      </trkpt>
      <trkpt lat="30.399408" lon="103.832217">
        <ele>439.0</ele>
        <time>2023-12-23T01:41:54Z</time>
        <extensions><gpxtpx:TrackPointExtension>
          <gpxtpx:hr>176</gpxtpx:hr>
        </gpxtpx:TrackPointExtension></extensions>
      </trkpt>
      <trkpt lat="30.399439" lon="103.832206">
        <ele>439.0</ele>
        <time>2023-12-23T01:41:55Z</time>
        <extensions><gpxtpx:TrackPointExtension>
          <gpxtpx:hr>176</gpxtpx:hr>
        </gpxtpx:TrackPointExtension></extensions>
      </trkpt>
      <trkpt lat="30.39947" lon="103.832193">
        <ele>439.0</ele>
        <time>2023-12-23T01:41:56Z</time>
        <extensions><gpxtpx:TrackPointExtension>
          <gpxtpx:hr>179</gpxtpx:hr>
        </gpxtpx:TrackPointExtension></extensions>
      </trkpt>
      <trkpt lat="30.399501" lon="103.832181">
        <ele>439.0</ele>
        <time>2023-12-23T01:41:57Z</time>
        <extensions><gpxtpx:TrackPointExtension>
          <gpxtpx:hr>179</gpxtpx:hr>
        </gpxtpx:TrackPointExtension></extensions>
      </trkpt>
      <trkpt lat="30.399532" lon="103.832167">
        <ele>439.0</ele>
        <time>2023-12-23T01:41:58Z</time>
        <extensions><gpxtpx:TrackPointExtension>
          <gpxtpx:hr>179</gpxtpx:hr>
        </gpxtpx:TrackPointExtension></extensions>
      </trkpt>
      <trkpt lat="30.399562" lon="103.832153">
        <ele>439.0</ele>
        <time>2023-12-23T01:41:59Z</time>
        <extensions><gpxtpx:TrackPointExtension>
          <gpxtpx:hr>179</gpxtpx:hr>
        </gpxtpx:TrackPointExtension></extensions>
      </trkpt>
      <trkpt lat="30.399592" lon="103.832139">
        <ele>439.0</ele>
        <time>2023-12-23T01:42:00Z</time>
        <extensions><gpxtpx:TrackPointExtension>
          <gpxtpx:hr>181</gpxtpx:hr>
        </gpxtpx:TrackPointExtension></extensions>
      </trkpt>
      <trkpt lat="30.399623" lon="103.832125">
        <ele>439.0</ele>
        <time>2023-12-23T01:42:01Z</time>
        <extensions><gpxtpx:TrackPointExtension>
          <gpxtpx:hr>181</gpxtpx:hr>
        </gpxtpx:TrackPointExtension></extensions>
      </trkpt>
      <trkpt lat="30.399654" lon="103.83211">
        <ele>439.0</ele>
        <time>2023-12-23T01:42:02Z</time>
        <extensions><gpxtpx:TrackPointExtension>
          <gpxtpx:hr>181</gpxtpx:hr>
        </gpxtpx:TrackPointExtension></extensions>
      </trkpt>
      <trkpt lat="30.399685" lon="103.832096">
        <ele>439.0</ele>
        <time>2023-12-23T01:42:03Z</time>
        <extensions><gpxtpx:TrackPointExtension>
          <gpxtpx:hr>181</gpxtpx:hr>
        </gpxtpx:TrackPointExtension></extensions>
      </trkpt>
      <trkpt lat="30.399717" lon="103.832081">
        <ele>439.0</ele>
        <time>2023-12-23T01:42:04Z</time>
        <extensions><gpxtpx:TrackPointExtension>
          <gpxtpx:hr>181</gpxtpx:hr>
        </gpxtpx:TrackPointExtension></extensions>
      </trkpt>
      <trkpt lat="30.39975" lon="103.832066">
        <ele>439.0</ele>
        <time>2023-12-23T01:42:05Z</time>
        <extensions><gpxtpx:TrackPointExtension>
          <gpxtpx:hr>181</gpxtpx:hr>
        </gpxtpx:TrackPointExtension></extensions>
      </trkpt>
      <trkpt lat="30.399782" lon="103.832052">
        <ele>439.0</ele>
        <time>2023-12-23T01:42:06Z</time>
        <extensions><gpxtpx:TrackPointExtension>
          <gpxtpx:hr>181</gpxtpx:hr>
        </gpxtpx:TrackPointExtension></extensions>
      </trkpt>
      <trkpt lat="30.399815" lon="103.832039">
        <ele>439.0</ele>
        <time>2023-12-23T01:42:07Z</time>
        <extensions><gpxtpx:TrackPointExtension>
          <gpxtpx:hr>181</gpxtpx:hr>
        </gpxtpx:TrackPointExtension></extensions>
      </trkpt>
      <trkpt lat="30.399847" lon="103.832027">
        <ele>439.0</ele>
        <time>2023-12-23T01:42:08Z</time>
        <extensions><gpxtpx:TrackPointExtension>
          <gpxtpx:hr>181</gpxtpx:hr>
        </gpxtpx:TrackPointExtension></extensions>
      </trkpt>
      <trkpt lat="30.399878" lon="103.832015">
        <ele>439.0</ele>
        <time>2023-12-23T01:42:09Z</time>
        <extensions><gpxtpx:TrackPointExtension>
          <gpxtpx:hr>181</gpxtpx:hr>
        </gpxtpx:TrackPointExtension></extensions>
      </trkpt>
      <trkpt lat="30.399909" lon="103.832004">
        <ele>439.0</ele>
        <time>2023-12-23T01:42:10Z</time>
        <extensions><gpxtpx:TrackPointExtension>
          <gpxtpx:hr>181</gpxtpx:hr>
        </gpxtpx:TrackPointExtension></extensions>
      </trkpt>
      <trkpt lat="30.39994" lon="103.831994">
        <ele>439.0</ele>
        <time>2023-12-23T01:42:11Z</time>
        <extensions><gpxtpx:TrackPointExtension>
          <gpxtpx:hr>181</gpxtpx:hr>
        </gpxtpx:TrackPointExtension></extensions>
      </trkpt>
      <trkpt lat="30.399969" lon="103.831983">
        <ele>439.0</ele>
        <time>2023-12-23T01:42:12Z</time>
        <extensions><gpxtpx:TrackPointExtension>
          <gpxtpx:hr>181</gpxtpx:hr>
        </gpxtpx:TrackPointExtension></extensions>
      </trkpt>
      <trkpt lat="30.399999" lon="103.831972">
        <ele>439.0</ele>
        <time>2023-12-23T01:42:13Z</time>
        <extensions><gpxtpx:TrackPointExtension>
          <gpxtpx:hr>181</gpxtpx:hr>
        </gpxtpx:TrackPointExtension></extensions>
      </trkpt>
      <trkpt lat="30.400029" lon="103.83196">
        <ele>439.0</ele>
        <time>2023-12-23T01:42:14Z</time>
        <extensions><gpxtpx:TrackPointExtension>
          <gpxtpx:hr>181</gpxtpx:hr>
        </gpxtpx:TrackPointExtension></extensions>
      </trkpt>
      <trkpt lat="30.400059" lon="103.831948">
        <ele>439.0</ele>
        <time>2023-12-23T01:42:15Z</time>
        <extensions><gpxtpx:TrackPointExtension>
          <gpxtpx:hr>181</gpxtpx:hr>
        </gpxtpx:TrackPointExtension></extensions>
      </trkpt>
      <trkpt lat="30.400088" lon="103.831936">
        <ele>440.0</ele>
        <time>2023-12-23T01:42:16Z</time>
        <extensions><gpxtpx:TrackPointExtension>
          <gpxtpx:hr>181</gpxtpx:hr>
        </gpxtpx:TrackPointExtension></extensions>
      </trkpt>
      <trkpt lat="30.400117" lon="103.831923">
        <ele>440.0</ele>
        <time>2023-12-23T01:42:17Z</time>
        <extensions><gpxtpx:TrackPointExtension>
          <gpxtpx:hr>181</gpxtpx:hr>
        </gpxtpx:TrackPointExtension></extensions>
      </trkpt>
      <trkpt lat="30.400147" lon="103.831911">
        <ele>440.0</ele>
        <time>2023-12-23T01:42:18Z</time>
        <extensions><gpxtpx:TrackPointExtension>
          <gpxtpx:hr>181</gpxtpx:hr>
        </gpxtpx:TrackPointExtension></extensions>
      </trkpt>
      <trkpt lat="30.400176" lon="103.831898">
        <ele>440.0</ele>
        <time>2023-12-23T01:42:19Z</time>
        <extensions><gpxtpx:TrackPointExtension>
          <gpxtpx:hr>181</gpxtpx:hr>
        </gpxtpx:TrackPointExtension></extensions>
      </trkpt>
      <trkpt lat="30.400206" lon="103.831886">
        <ele>440.0</ele>
        <time>2023-12-23T01:42:20Z</time>
        <extensions><gpxtpx:TrackPointExtension>
          <gpxtpx:hr>181</gpxtpx:hr>
        </gpxtpx:TrackPointExtension></extensions>
      </trkpt>
      <trkpt lat="30.400237" lon="103.831875">
        <ele>440.0</ele>
        <time>2023-12-23T01:42:21Z</time>
        <extensions><gpxtpx:TrackPointExtension>
          <gpxtpx:hr>181</gpxtpx:hr>
        </gpxtpx:TrackPointExtension></extensions>
      </trkpt>
      <trkpt lat="30.400268" lon="103.831863">
        <ele>440.0</ele>
        <time>2023-12-23T01:42:22Z</time>
        <extensions><gpxtpx:TrackPointExtension>
          <gpxtpx:hr>181</gpxtpx:hr>
        </gpxtpx:TrackPointExtension></extensions>
      </trkpt>
      <trkpt lat="30.400298" lon="103.831852">
        <ele>440.0</ele>
        <time>2023-12-23T01:42:23Z</time>
        <extensions><gpxtpx:TrackPointExtension>
          <gpxtpx:hr>181</gpxtpx:hr>
        </gpxtpx:TrackPointExtension></extensions>
      </trkpt>
      <trkpt lat="30.400329" lon="103.83184">
        <ele>440.0</ele>
        <time>2023-12-23T01:42:24Z</time>
        <extensions><gpxtpx:TrackPointExtension>
          <gpxtpx:hr>181</gpxtpx:hr>
        </gpxtpx:TrackPointExtension></extensions>
      </trkpt>
      <trkpt lat="30.40036" lon="103.831829">
        <ele>440.0</ele>
        <time>2023-12-23T01:42:25Z</time>
        <extensions><gpxtpx:TrackPointExtension>
          <gpxtpx:hr>181</gpxtpx:hr>
        </gpxtpx:TrackPointExtension></extensions>
      </trkpt>
      <trkpt lat="30.400391" lon="103.831818">
        <ele>440.0</ele>
        <time>2023-12-23T01:42:26Z</time>
        <extensions><gpxtpx:TrackPointExtension>
          <gpxtpx:hr>181</gpxtpx:hr>
        </gpxtpx:TrackPointExtension></extensions>
      </trkpt>
      <trkpt lat="30.400421" lon="103.831807">
        <ele>439.0</ele>
        <time>2023-12-23T01:42:27Z</time>
        <extensions><gpxtpx:TrackPointExtension>
          <gpxtpx:hr>181</gpxtpx:hr>
        </gpxtpx:TrackPointExtension></extensions>
      </trkpt>
      <trkpt lat="30.40045" lon="103.831796">
        <ele>439.0</ele>
        <time>2023-12-23T01:42:28Z</time>
        <extensions><gpxtpx:TrackPointExtension>
          <gpxtpx:hr>181</gpxtpx:hr>
        </gpxtpx:TrackPointExtension></extensions>
      </trkpt>
      <trkpt lat="30.40048" lon="103.831784">
        <ele>439.0</ele>
        <time>2023-12-23T01:42:29Z</time>
        <extensions><gpxtpx:TrackPointExtension>
          <gpxtpx:hr>181</gpxtpx:hr>
        </gpxtpx:TrackPointExtension></extensions>
      </trkpt>
      <trkpt lat="30.400508" lon="103.83177">
        <ele>439.0</ele>
        <time>2023-12-23T01:42:30Z</time>
        <extensions><gpxtpx:TrackPointExtension>
          <gpxtpx:hr>181</gpxtpx:hr>
        </gpxtpx:TrackPointExtension></extensions>
      </trkpt>
      <trkpt lat="30.400536" lon="103.831756">
        <ele>439.0</ele>
        <time>2023-12-23T01:42:31Z</time>
        <extensions><gpxtpx:TrackPointExtension>
          <gpxtpx:hr>181</gpxtpx:hr>
        </gpxtpx:TrackPointExtension></extensions>
      </trkpt>
      <trkpt lat="30.400564" lon="103.831743">
        <ele>439.0</ele>
        <time>2023-12-23T01:42:32Z</time>
        <extensions><gpxtpx:TrackPointExtension>
          <gpxtpx:hr>181</gpxtpx:hr>
        </gpxtpx:TrackPointExtension></extensions>
      </trkpt>
      <trkpt lat="30.400592" lon="103.831729">
        <ele>439.0</ele>
        <time>2023-12-23T01:42:33Z</time>
        <extensions><gpxtpx:TrackPointExtension>
          <gpxtpx:hr>181</gpxtpx:hr>
        </gpxtpx:TrackPointExtension></extensions>
      </trkpt>
      <trkpt lat="30.400622" lon="103.831717">
        <ele>439.0</ele>
        <time>2023-12-23T01:42:34Z</time>
        <extensions><gpxtpx:TrackPointExtension>
          <gpxtpx:hr>181</gpxtpx:hr>
        </gpxtpx:TrackPointExtension></extensions>
      </trkpt>
      <trkpt lat="30.400651" lon="103.831706">
        <ele>439.0</ele>
        <time>2023-12-23T01:42:35Z</time>
        <extensions><gpxtpx:TrackPointExtension>
          <gpxtpx:hr>181</gpxtpx:hr>
        </gpxtpx:TrackPointExtension></extensions>
      </trkpt>
      <trkpt lat="30.400683" lon="103.831695">
        <ele>439.0</ele>
        <time>2023-12-23T01:42:36Z</time>
        <extensions><gpxtpx:TrackPointExtension>
          <gpxtpx:hr>181</gpxtpx:hr>
        </gpxtpx:TrackPointExtension></extensions>
      </trkpt>
      <trkpt lat="30.400714" lon="103.831685">
        <ele>439.0</ele>
        <time>2023-12-23T01:42:37Z</time>
        <extensions><gpxtpx:TrackPointExtension>
          <gpxtpx:hr>181</gpxtpx:hr>
        </gpxtpx:TrackPointExtension></extensions>
      </trkpt>
      <trkpt lat="30.400746" lon="103.831675">
        <ele>439.0</ele>
        <time>2023-12-23T01:42:38Z</time>
        <extensions><gpxtpx:TrackPointExtension>
          <gpxtpx:hr>181</gpxtpx:hr>
        </gpxtpx:TrackPointExtension></extensions>
      </trkpt>
      <trkpt lat="30.400778" lon="103.831665">
        <ele>439.0</ele>
        <time>2023-12-23T01:42:39Z</time>
        <extensions><gpxtpx:TrackPointExtension>
          <gpxtpx:hr>181</gpxtpx:hr>
        </gpxtpx:TrackPointExtension></extensions>
      </trkpt>
      <trkpt lat="30.400809" lon="103.831654">
        <ele>439.0</ele>
        <time>2023-12-23T01:42:40Z</time>
        <extensions><gpxtpx:TrackPointExtension>
          <gpxtpx:hr>181</gpxtpx:hr>
        </gpxtpx:TrackPointExtension></extensions>
      </trkpt>
      <trkpt lat="30.400841" lon="103.831643">
        <ele>439.0</ele>
        <time>2023-12-23T01:42:41Z</time>
        <extensions><gpxtpx:TrackPointExtension>
          <gpxtpx:hr>181</gpxtpx:hr>
        </gpxtpx:TrackPointExtension></extensions>
      </trkpt>
      <trkpt lat="30.400872" lon="103.831631">
        <ele>439.0</ele>
        <time>2023-12-23T01:42:42Z</time>
        <extensions><gpxtpx:TrackPointExtension>
          <gpxtpx:hr>181</gpxtpx:hr>
        </gpxtpx:TrackPointExtension></extensions>
      </trkpt>
      <trkpt lat="30.400903" lon="103.831619">
        <ele>439.0</ele>
        <time>2023-12-23T01:42:43Z</time>
        <extensions><gpxtpx:TrackPointExtension>
          <gpxtpx:hr>181</gpxtpx:hr>
        </gpxtpx:TrackPointExtension></extensions>
      </trkpt>
      <trkpt lat="30.400934" lon="103.831605">
        <ele>439.0</ele>
        <time>2023-12-23T01:42:44Z</time>
        <extensions><gpxtpx:TrackPointExtension>
          <gpxtpx:hr>181</gpxtpx:hr>
        </gpxtpx:TrackPointExtension></extensions>
      </trkpt>
      <trkpt lat="30.400965" lon="103.831592">
        <ele>439.0</ele>
        <time>2023-12-23T01:42:45Z</time>
        <extensions><gpxtpx:TrackPointExtension>
          <gpxtpx:hr>181</gpxtpx:hr>
        </gpxtpx:TrackPointExtension></extensions>
      </trkpt>
      <trkpt lat="30.400996" lon="103.831576">
        <ele>439.0</ele>
        <time>2023-12-23T01:42:46Z</time>
        <extensions><gpxtpx:TrackPointExtension>
          <gpxtpx:hr>181</gpxtpx:hr>
        </gpxtpx:TrackPointExtension></extensions>
      </trkpt>
      <trkpt lat="30.401026" lon="103.831561">
        <ele>439.0</ele>
        <time>2023-12-23T01:42:47Z</time>
        <extensions><gpxtpx:TrackPointExtension>
          <gpxtpx:hr>181</gpxtpx:hr>
        </gpxtpx:TrackPointExtension></extensions>
      </trkpt>
      <trkpt lat="30.401056" lon="103.831545">
        <ele>439.0</ele>
        <time>2023-12-23T01:42:48Z</time>
        <extensions><gpxtpx:TrackPointExtension>
          <gpxtpx:hr>181</gpxtpx:hr>
        </gpxtpx:TrackPointExtension></extensions>
      </trkpt>
      <trkpt lat="30.401086" lon="103.831529">
        <ele>439.0</ele>
        <time>2023-12-23T01:42:49Z</time>
        <extensions><gpxtpx:TrackPointExtension>
          <gpxtpx:hr>181</gpxtpx:hr>
        </gpxtpx:TrackPointExtension></extensions>
      </trkpt>
      <trkpt lat="30.401116" lon="103.83151">
        <ele>439.0</ele>
        <time>2023-12-23T01:42:50Z</time>
        <extensions><gpxtpx:TrackPointExtension>
          <gpxtpx:hr>181</gpxtpx:hr>
        </gpxtpx:TrackPointExtension></extensions>
      </trkpt>
      <trkpt lat="30.401145" lon="103.831492">
        <ele>439.0</ele>
        <time>2023-12-23T01:42:51Z</time>
        <extensions><gpxtpx:TrackPointExtension>
          <gpxtpx:hr>181</gpxtpx:hr>
        </gpxtpx:TrackPointExtension></extensions>
      </trkpt>
      <trkpt lat="30.401174" lon="103.831471">
        <ele>439.0</ele>
        <time>2023-12-23T01:42:52Z</time>
        <extensions><gpxtpx:TrackPointExtension>
          <gpxtpx:hr>181</gpxtpx:hr>
        </gpxtpx:TrackPointExtension></extensions>
      </trkpt>
      <trkpt lat="30.401203" lon="103.83145">
        <ele>439.0</ele>
        <time>2023-12-23T01:42:53Z</time>
        <extensions><gpxtpx:TrackPointExtension>
          <gpxtpx:hr>181</gpxtpx:hr>
        </gpxtpx:TrackPointExtension></extensions>
      </trkpt>
      <trkpt lat="30.401231" lon="103.831426">
        <ele>439.0</ele>
        <time>2023-12-23T01:42:54Z</time>
        <extensions><gpxtpx:TrackPointExtension>
          <gpxtpx:hr>181</gpxtpx:hr>
        </gpxtpx:TrackPointExtension></extensions>
      </trkpt>
      <trkpt lat="30.401259" lon="103.831403">
        <ele>439.0</ele>
        <time>2023-12-23T01:42:55Z</time>
        <extensions><gpxtpx:TrackPointExtension>
          <gpxtpx:hr>181</gpxtpx:hr>
        </gpxtpx:TrackPointExtension></extensions>
      </trkpt>
      <trkpt lat="30.401285" lon="103.831375">
        <ele>439.0</ele>
        <time>2023-12-23T01:42:56Z</time>
        <extensions><gpxtpx:TrackPointExtension>
          <gpxtpx:hr>181</gpxtpx:hr>
        </gpxtpx:TrackPointExtension></extensions>
      </trkpt>
      <trkpt lat="30.401311" lon="103.831347">
        <ele>439.0</ele>
        <time>2023-12-23T01:42:57Z</time>
        <extensions><gpxtpx:TrackPointExtension>
          <gpxtpx:hr>181</gpxtpx:hr>
        </gpxtpx:TrackPointExtension></extensions>
      </trkpt>
      <trkpt lat="30.401333" lon="103.831315">
        <ele>439.0</ele>
        <time>2023-12-23T01:42:58Z</time>
        <extensions><gpxtpx:TrackPointExtension>
          <gpxtpx:hr>181</gpxtpx:hr>
        </gpxtpx:TrackPointExtension></extensions>
      </trkpt>
      <trkpt lat="30.401356" lon="103.831284">
        <ele>439.0</ele>
        <time>2023-12-23T01:42:59Z</time>
        <extensions><gpxtpx:TrackPointExtension>
          <gpxtpx:hr>181</gpxtpx:hr>
        </gpxtpx:TrackPointExtension></extensions>
      </trkpt>
      <trkpt lat="30.401376" lon="103.831248">
        <ele>439.0</ele>
        <time>2023-12-23T01:43:00Z</time>
        <extensions><gpxtpx:TrackPointExtension>
          <gpxtpx:hr>181</gpxtpx:hr>
        </gpxtpx:TrackPointExtension></extensions>
      </trkpt>
      <trkpt lat="30.401396" lon="103.831213">
        <ele>439.0</ele>
        <time>2023-12-23T01:43:01Z</time>
        <extensions><gpxtpx:TrackPointExtension>
          <gpxtpx:hr>181</gpxtpx:hr>
        </gpxtpx:TrackPointExtension></extensions>
      </trkpt>
      <trkpt lat="30.401415" lon="103.831176">
        <ele>439.0</ele>
        <time>2023-12-23T01:43:02Z</time>
        <extensions><gpxtpx:TrackPointExtension>
          <gpxtpx:hr>181</gpxtpx:hr>
        </gpxtpx:TrackPointExtension></extensions>
      </trkpt>
      <trkpt lat="30.401434" lon="103.83114">
        <ele>439.0</ele>
        <time>2023-12-23T01:43:03Z</time>
        <extensions><gpxtpx:TrackPointExtension>
          <gpxtpx:hr>181</gpxtpx:hr>
        </gpxtpx:TrackPointExtension></extensions>
      </trkpt>
      <trkpt lat="30.40145" lon="103.831102">
        <ele>439.0</ele>
        <time>2023-12-23T01:43:04Z</time>
        <extensions><gpxtpx:TrackPointExtension>
          <gpxtpx:hr>181</gpxtpx:hr>
        </gpxtpx:TrackPointExtension></extensions>
      </trkpt>
      <trkpt lat="30.401466" lon="103.831065">
        <ele>439.0</ele>
        <time>2023-12-23T01:43:05Z</time>
        <extensions><gpxtpx:TrackPointExtension>
          <gpxtpx:hr>181</gpxtpx:hr>
        </gpxtpx:TrackPointExtension></extensions>
      </trkpt>
      <trkpt lat="30.401479" lon="103.831027">
        <ele>439.0</ele>
        <time>2023-12-23T01:43:06Z</time>
        <extensions><gpxtpx:TrackPointExtension>
          <gpxtpx:hr>181</gpxtpx:hr>
        </gpxtpx:TrackPointExtension></extensions>
      </trkpt>
      <trkpt lat="30.401491" lon="103.830989">
        <ele>439.0</ele>
        <time>2023-12-23T01:43:07Z</time>
        <extensions><gpxtpx:TrackPointExtension>
          <gpxtpx:hr>181</gpxtpx:hr>
        </gpxtpx:TrackPointExtension></extensions>
      </trkpt>
      <trkpt lat="30.401498" lon="103.830952">
        <ele>439.0</ele>
        <time>2023-12-23T01:43:08Z</time>
        <extensions><gpxtpx:TrackPointExtension>
          <gpxtpx:hr>181</gpxtpx:hr>
        </gpxtpx:TrackPointExtension></extensions>
      </trkpt>
      <trkpt lat="30.401505" lon="103.830914">
        <ele>439.0</ele>
        <time>2023-12-23T01:43:09Z</time>
        <extensions><gpxtpx:TrackPointExtension>
          <gpxtpx:hr>181</gpxtpx:hr>
        </gpxtpx:TrackPointExtension></extensions>
      </trkpt>
      <trkpt lat="30.401508" lon="103.830878">
        <ele>439.0</ele>
        <time>2023-12-23T01:43:10Z</time>
        <extensions><gpxtpx:TrackPointExtension>
          <gpxtpx:hr>181</gpxtpx:hr>
        </gpxtpx:TrackPointExtension></extensions>
      </trkpt>
      <trkpt lat="30.40151" lon="103.830842">
        <ele>439.0</ele>
        <time>2023-12-23T01:43:11Z</time>
        <extensions><gpxtpx:TrackPointExtension>
          <gpxtpx:hr>181</gpxtpx:hr>
        </gpxtpx:TrackPointExtension></extensions>
      </trkpt>
      <trkpt lat="30.401508" lon="103.830807">
        <ele>439.0</ele>
        <time>2023-12-23T01:43:12Z</time>
        <extensions><gpxtpx:TrackPointExtension>
          <gpxtpx:hr>181</gpxtpx:hr>
        </gpxtpx:TrackPointExtension></extensions>
      </trkpt>
      <trkpt lat="30.401507" lon="103.830773">
        <ele>439.0</ele>
        <time>2023-12-23T01:43:13Z</time>
        <extensions><gpxtpx:TrackPointExtension>
          <gpxtpx:hr>181</gpxtpx:hr>
        </gpxtpx:TrackPointExtension></extensions>
      </trkpt>
      <trkpt lat="30.401503" lon="103.830739">
        <ele>439.0</ele>
        <time>2023-12-23T01:43:14Z</time>
        <extensions><gpxtpx:TrackPointExtension>
          <gpxtpx:hr>181</gpxtpx:hr>
        </gpxtpx:TrackPointExtension></extensions>
      </trkpt>
      <trkpt lat="30.4015" lon="103.830706">
        <ele>439.0</ele>
        <time>2023-12-23T01:43:15Z</time>
        <extensions><gpxtpx:TrackPointExtension>
          <gpxtpx:hr>181</gpxtpx:hr>
        </gpxtpx:TrackPointExtension></extensions>
      </trkpt>
      <trkpt lat="30.401488" lon="103.830671">
        <ele>439.0</ele>
        <time>2023-12-23T01:43:16Z</time>
        <extensions><gpxtpx:TrackPointExtension>
          <gpxtpx:hr>181</gpxtpx:hr>
        </gpxtpx:TrackPointExtension></extensions>
      </trkpt>
      <trkpt lat="30.401477" lon="103.830635">
        <ele>439.0</ele>
        <time>2023-12-23T01:43:17Z</time>
        <extensions><gpxtpx:TrackPointExtension>
          <gpxtpx:hr>181</gpxtpx:hr>
        </gpxtpx:TrackPointExtension></extensions>
      </trkpt>
      <trkpt lat="30.401458" lon="103.830598">
        <ele>439.0</ele>
        <time>2023-12-23T01:43:18Z</time>
        <extensions><gpxtpx:TrackPointExtension>
          <gpxtpx:hr>181</gpxtpx:hr>
        </gpxtpx:TrackPointExtension></extensions>
      </trkpt>
      <trkpt lat="30.40144" lon="103.830561">
        <ele>439.0</ele>
        <time>2023-12-23T01:43:19Z</time>
        <extensions><gpxtpx:TrackPointExtension>
          <gpxtpx:hr>181</gpxtpx:hr>
        </gpxtpx:TrackPointExtension></extensions>
      </trkpt>
      <trkpt lat="30.401415" lon="103.830524">
        <ele>439.0</ele>
        <time>2023-12-23T01:43:20Z</time>
        <extensions><gpxtpx:TrackPointExtension>
          <gpxtpx:hr>181</gpxtpx:hr>
        </gpxtpx:TrackPointExtension></extensions>
      </trkpt>
      <trkpt lat="30.40139" lon="103.830488">
        <ele>439.0</ele>
        <time>2023-12-23T01:43:21Z</time>
        <extensions><gpxtpx:TrackPointExtension>
          <gpxtpx:hr>181</gpxtpx:hr>
        </gpxtpx:TrackPointExtension></extensions>
      </trkpt>
      <trkpt lat="30.401364" lon="103.830453">
        <ele>439.0</ele>
        <time>2023-12-23T01:43:22Z</time>
        <extensions><gpxtpx:TrackPointExtension>
          <gpxtpx:hr>181</gpxtpx:hr>
        </gpxtpx:TrackPointExtension></extensions>
      </trkpt>
      <trkpt lat="30.401338" lon="103.830418">
        <ele>439.0</ele>
        <time>2023-12-23T01:43:23Z</time>
        <extensions><gpxtpx:TrackPointExtension>
          <gpxtpx:hr>181</gpxtpx:hr>
        </gpxtpx:TrackPointExtension></extensions>
      </trkpt>
      <trkpt lat="30.401313" lon="103.830385">
        <ele>439.0</ele>
        <time>2023-12-23T01:43:24Z</time>
        <extensions><gpxtpx:TrackPointExtension>
          <gpxtpx:hr>181</gpxtpx:hr>
        </gpxtpx:TrackPointExtension></extensions>
      </trkpt>
      <trkpt lat="30.401288" lon="103.830352">
        <ele>439.0</ele>
        <time>2023-12-23T01:43:25Z</time>
        <extensions><gpxtpx:TrackPointExtension>
          <gpxtpx:hr>181</gpxtpx:hr>
        </gpxtpx:TrackPointExtension></extensions>
      </trkpt>
      <trkpt lat="30.401264" lon="103.83032">
        <ele>439.0</ele>
        <time>2023-12-23T01:43:26Z</time>
        <extensions><gpxtpx:TrackPointExtension>
          <gpxtpx:hr>181</gpxtpx:hr>
        </gpxtpx:TrackPointExtension></extensions>
      </trkpt>
      <trkpt lat="30.40124" lon="103.830289">
        <ele>439.0</ele>
        <time>2023-12-23T01:43:27Z</time>
        <extensions><gpxtpx:TrackPointExtension>
          <gpxtpx:hr>181</gpxtpx:hr>
        </gpxtpx:TrackPointExtension></extensions>
      </trkpt>
      <trkpt lat="30.401217" lon="103.830259">
        <ele>439.0</ele>
        <time>2023-12-23T01:43:28Z</time>
        <extensions><gpxtpx:TrackPointExtension>
          <gpxtpx:hr>181</gpxtpx:hr>
        </gpxtpx:TrackPointExtension></extensions>
      </trkpt>
      <trkpt lat="30.401195" lon="103.830229">
        <ele>439.0</ele>
        <time>2023-12-23T01:43:29Z</time>
        <extensions><gpxtpx:TrackPointExtension>
          <gpxtpx:hr>181</gpxtpx:hr>
        </gpxtpx:TrackPointExtension></extensions>
      </trkpt>
      <trkpt lat="30.401172" lon="103.830202">
        <ele>439.0</ele>
        <time>2023-12-23T01:43:30Z</time>
        <extensions><gpxtpx:TrackPointExtension>
          <gpxtpx:hr>181</gpxtpx:hr>
        </gpxtpx:TrackPointExtension></extensions>
      </trkpt>
      <trkpt lat="30.401149" lon="103.830175">
        <ele>439.0</ele>
        <time>2023-12-23T01:43:31Z</time>
        <extensions><gpxtpx:TrackPointExtension>
          <gpxtpx:hr>181</gpxtpx:hr>
        </gpxtpx:TrackPointExtension></extensions>
      </trkpt>
      <trkpt lat="30.401125" lon="103.830152">
        <ele>439.0</ele>
        <time>2023-12-23T01:43:32Z</time>
        <extensions><gpxtpx:TrackPointExtension>
          <gpxtpx:hr>181</gpxtpx:hr>
        </gpxtpx:TrackPointExtension></extensions>
      </trkpt>
      <trkpt lat="30.401101" lon="103.83013">
        <ele>439.0</ele>
        <time>2023-12-23T01:43:33Z</time>
        <extensions><gpxtpx:TrackPointExtension>
          <gpxtpx:hr>181</gpxtpx:hr>
        </gpxtpx:TrackPointExtension></extensions>
      </trkpt>
      <trkpt lat="30.401076" lon="103.830109">
        <ele>439.0</ele>
        <time>2023-12-23T01:43:34Z</time>
        <extensions><gpxtpx:TrackPointExtension>
          <gpxtpx:hr>181</gpxtpx:hr>
        </gpxtpx:TrackPointExtension></extensions>
      </trkpt>
      <trkpt lat="30.401052" lon="103.83009">
        <ele>439.0</ele>
        <time>2023-12-23T01:43:35Z</time>
        <extensions><gpxtpx:TrackPointExtension>
          <gpxtpx:hr>181</gpxtpx:hr>
        </gpxtpx:TrackPointExtension></extensions>
      </trkpt>
      <trkpt lat="30.401027" lon="103.830071">
        <ele>439.0</ele>
        <time>2023-12-23T01:43:36Z</time>
        <extensions><gpxtpx:TrackPointExtension>
          <gpxtpx:hr>180</gpxtpx:hr>
        </gpxtpx:TrackPointExtension></extensions>
      </trkpt>
      <trkpt lat="30.401003" lon="103.830052">
        <ele>439.0</ele>
        <time>2023-12-23T01:43:37Z</time>
        <extensions><gpxtpx:TrackPointExtension>
          <gpxtpx:hr>180</gpxtpx:hr>
        </gpxtpx:TrackPointExtension></extensions>
      </trkpt>
      <trkpt lat="30.400976" lon="103.830034">
        <ele>439.0</ele>
        <time>2023-12-23T01:43:38Z</time>
        <extensions><gpxtpx:TrackPointExtension>
          <gpxtpx:hr>180</gpxtpx:hr>
        </gpxtpx:TrackPointExtension></extensions>
      </trkpt>
      <trkpt lat="30.40095" lon="103.830017">
        <ele>439.0</ele>
        <time>2023-12-23T01:43:39Z</time>
        <extensions><gpxtpx:TrackPointExtension>
          <gpxtpx:hr>180</gpxtpx:hr>
        </gpxtpx:TrackPointExtension></extensions>
      </trkpt>
      <trkpt lat="30.400926" lon="103.829999">
        <ele>439.0</ele>
        <time>2023-12-23T01:43:40Z</time>
        <extensions><gpxtpx:TrackPointExtension>
          <gpxtpx:hr>180</gpxtpx:hr>
        </gpxtpx:TrackPointExtension></extensions>
      </trkpt>
      <trkpt lat="30.400901" lon="103.829982">
        <ele>439.0</ele>
        <time>2023-12-23T01:43:41Z</time>
        <extensions><gpxtpx:TrackPointExtension>
          <gpxtpx:hr>180</gpxtpx:hr>
        </gpxtpx:TrackPointExtension></extensions>
      </trkpt>
      <trkpt lat="30.400878" lon="103.829967">
        <ele>439.0</ele>
        <time>2023-12-23T01:43:42Z</time>
        <extensions><gpxtpx:TrackPointExtension>
          <gpxtpx:hr>180</gpxtpx:hr>
        </gpxtpx:TrackPointExtension></extensions>
      </trkpt>
      <trkpt lat="30.400855" lon="103.829952">
        <ele>439.0</ele>
        <time>2023-12-23T01:43:43Z</time>
        <extensions><gpxtpx:TrackPointExtension>
          <gpxtpx:hr>180</gpxtpx:hr>
        </gpxtpx:TrackPointExtension></extensions>
      </trkpt>
      <trkpt lat="30.400832" lon="103.829941">
        <ele>439.0</ele>
        <time>2023-12-23T01:43:44Z</time>
        <extensions><gpxtpx:TrackPointExtension>
          <gpxtpx:hr>180</gpxtpx:hr>
        </gpxtpx:TrackPointExtension></extensions>
      </trkpt>
      <trkpt lat="30.400809" lon="103.829929">
        <ele>439.0</ele>
        <time>2023-12-23T01:43:45Z</time>
        <extensions><gpxtpx:TrackPointExtension>
          <gpxtpx:hr>180</gpxtpx:hr>
        </gpxtpx:TrackPointExtension></extensions>
      </trkpt>
      <trkpt lat="30.400784" lon="103.829922">
        <ele>439.0</ele>
        <time>2023-12-23T01:43:46Z</time>
        <extensions><gpxtpx:TrackPointExtension>
          <gpxtpx:hr>180</gpxtpx:hr>
        </gpxtpx:TrackPointExtension></extensions>
      </trkpt>
      <trkpt lat="30.400758" lon="103.829915">
        <ele>439.0</ele>
        <time>2023-12-23T01:43:47Z</time>
        <extensions><gpxtpx:TrackPointExtension>
          <gpxtpx:hr>180</gpxtpx:hr>
        </gpxtpx:TrackPointExtension></extensions>
      </trkpt>
      <trkpt lat="30.40073" lon="103.829912">
        <ele>439.0</ele>
        <time>2023-12-23T01:43:48Z</time>
        <extensions><gpxtpx:TrackPointExtension>
          <gpxtpx:hr>179</gpxtpx:hr>
        </gpxtpx:TrackPointExtension></extensions>
      </trkpt>
      <trkpt lat="30.400703" lon="103.829909">
        <ele>439.0</ele>
        <time>2023-12-23T01:43:49Z</time>
        <extensions><gpxtpx:TrackPointExtension>
          <gpxtpx:hr>179</gpxtpx:hr>
        </gpxtpx:TrackPointExtension></extensions>
      </trkpt>
      <trkpt lat="30.400673" lon="103.829909">
        <ele>439.0</ele>
        <time>2023-12-23T01:43:50Z</time>
        <extensions><gpxtpx:TrackPointExtension>
          <gpxtpx:hr>179</gpxtpx:hr>
        </gpxtpx:TrackPointExtension></extensions>
      </trkpt>
      <trkpt lat="30.400643" lon="103.829909">
        <ele>439.0</ele>
        <time>2023-12-23T01:43:51Z</time>
        <extensions><gpxtpx:TrackPointExtension>
          <gpxtpx:hr>179</gpxtpx:hr>
        </gpxtpx:TrackPointExtension></extensions>
      </trkpt>
      <trkpt lat="30.400612" lon="103.829914">
        <ele>439.0</ele>
        <time>2023-12-23T01:43:52Z</time>
        <extensions><gpxtpx:TrackPointExtension>
          <gpxtpx:hr>179</gpxtpx:hr>
        </gpxtpx:TrackPointExtension></extensions>
      </trkpt>
      <trkpt lat="30.400581" lon="103.829918">
        <ele>439.0</ele>
        <time>2023-12-23T01:43:53Z</time>
        <extensions><gpxtpx:TrackPointExtension>
          <gpxtpx:hr>179</gpxtpx:hr>
        </gpxtpx:TrackPointExtension></extensions>
      </trkpt>
      <trkpt lat="30.400549" lon="103.829927">
        <ele>439.0</ele>
        <time>2023-12-23T01:43:54Z</time>
        <extensions><gpxtpx:TrackPointExtension>
          <gpxtpx:hr>179</gpxtpx:hr>
        </gpxtpx:TrackPointExtension></extensions>
      </trkpt>
      <trkpt lat="30.400518" lon="103.829936">
        <ele>439.0</ele>
        <time>2023-12-23T01:43:55Z</time>
        <extensions><gpxtpx:TrackPointExtension>
          <gpxtpx:hr>179</gpxtpx:hr>
        </gpxtpx:TrackPointExtension></extensions>
      </trkpt>
      <trkpt lat="30.400487" lon="103.829948">
        <ele>440.0</ele>
        <time>2023-12-23T01:43:56Z</time>
        <extensions><gpxtpx:TrackPointExtension>
          <gpxtpx:hr>179</gpxtpx:hr>
        </gpxtpx:TrackPointExtension></extensions>
      </trkpt>
      <trkpt lat="30.400456" lon="103.829961">
        <ele>439.0</ele>
        <time>2023-12-23T01:43:57Z</time>
        <extensions><gpxtpx:TrackPointExtension>
          <gpxtpx:hr>179</gpxtpx:hr>
        </gpxtpx:TrackPointExtension></extensions>
      </trkpt>
      <trkpt lat="30.400425" lon="103.829974">
        <ele>439.0</ele>
        <time>2023-12-23T01:43:58Z</time>
        <extensions><gpxtpx:TrackPointExtension>
          <gpxtpx:hr>179</gpxtpx:hr>
        </gpxtpx:TrackPointExtension></extensions>
      </trkpt>
      <trkpt lat="30.400395" lon="103.829988">
        <ele>439.0</ele>
        <time>2023-12-23T01:43:59Z</time>
        <extensions><gpxtpx:TrackPointExtension>
          <gpxtpx:hr>179</gpxtpx:hr>
        </gpxtpx:TrackPointExtension></extensions>
      </trkpt>
      <trkpt lat="30.400364" lon="103.830002">
        <ele>439.0</ele>
        <time>2023-12-23T01:44:00Z</time>
        <extensions><gpxtpx:TrackPointExtension>
          <gpxtpx:hr>179</gpxtpx:hr>
        </gpxtpx:TrackPointExtension></extensions>
      </trkpt>
      <trkpt lat="30.400333" lon="103.830016">
        <ele>439.0</ele>
        <time>2023-12-23T01:44:01Z</time>
        <extensions><gpxtpx:TrackPointExtension>
          <gpxtpx:hr>179</gpxtpx:hr>
        </gpxtpx:TrackPointExtension></extensions>
      </trkpt>
      <trkpt lat="30.400302" lon="103.830029">
        <ele>439.0</ele>
        <time>2023-12-23T01:44:02Z</time>
        <extensions><gpxtpx:TrackPointExtension>
          <gpxtpx:hr>179</gpxtpx:hr>
        </gpxtpx:TrackPointExtension></extensions>
      </trkpt>
      <trkpt lat="30.40027" lon="103.830042">
        <ele>439.0</ele>
        <time>2023-12-23T01:44:03Z</time>
        <extensions><gpxtpx:TrackPointExtension>
          <gpxtpx:hr>179</gpxtpx:hr>
        </gpxtpx:TrackPointExtension></extensions>
      </trkpt>
      <trkpt lat="30.400238" lon="103.830054">
        <ele>439.0</ele>
        <time>2023-12-23T01:44:04Z</time>
        <extensions><gpxtpx:TrackPointExtension>
          <gpxtpx:hr>179</gpxtpx:hr>
        </gpxtpx:TrackPointExtension></extensions>
      </trkpt>
      <trkpt lat="30.400206" lon="103.830067">
        <ele>439.0</ele>
        <time>2023-12-23T01:44:05Z</time>
        <extensions><gpxtpx:TrackPointExtension>
          <gpxtpx:hr>179</gpxtpx:hr>
        </gpxtpx:TrackPointExtension></extensions>
      </trkpt>
      <trkpt lat="30.400174" lon="103.830078">
        <ele>439.0</ele>
        <time>2023-12-23T01:44:06Z</time>
        <extensions><gpxtpx:TrackPointExtension>
          <gpxtpx:hr>179</gpxtpx:hr>
        </gpxtpx:TrackPointExtension></extensions>
      </trkpt>
      <trkpt lat="30.400142" lon="103.830089">
        <ele>439.0</ele>
        <time>2023-12-23T01:44:07Z</time>
        <extensions><gpxtpx:TrackPointExtension>
          <gpxtpx:hr>179</gpxtpx:hr>
        </gpxtpx:TrackPointExtension></extensions>
      </trkpt>
      <trkpt lat="30.400112" lon="103.830101">
        <ele>439.0</ele>
        <time>2023-12-23T01:44:08Z</time>
        <extensions><gpxtpx:TrackPointExtension>
          <gpxtpx:hr>179</gpxtpx:hr>
        </gpxtpx:TrackPointExtension></extensions>
      </trkpt>
      <trkpt lat="30.400081" lon="103.830112">
        <ele>439.0</ele>
        <time>2023-12-23T01:44:09Z</time>
        <extensions><gpxtpx:TrackPointExtension>
          <gpxtpx:hr>179</gpxtpx:hr>
        </gpxtpx:TrackPointExtension></extensions>
      </trkpt>
      <trkpt lat="30.400051" lon="103.830125">
        <ele>439.0</ele>
        <time>2023-12-23T01:44:10Z</time>
        <extensions><gpxtpx:TrackPointExtension>
          <gpxtpx:hr>179</gpxtpx:hr>
        </gpxtpx:TrackPointExtension></extensions>
      </trkpt>
      <trkpt lat="30.40002" lon="103.830138">
        <ele>439.0</ele>
        <time>2023-12-23T01:44:11Z</time>
        <extensions><gpxtpx:TrackPointExtension>
          <gpxtpx:hr>180</gpxtpx:hr>
        </gpxtpx:TrackPointExtension></extensions>
      </trkpt>
      <trkpt lat="30.39999" lon="103.83015">
        <ele>439.0</ele>
        <time>2023-12-23T01:44:12Z</time>
        <extensions><gpxtpx:TrackPointExtension>
          <gpxtpx:hr>180</gpxtpx:hr>
        </gpxtpx:TrackPointExtension></extensions>
      </trkpt>
      <trkpt lat="30.399959" lon="103.830163">
        <ele>439.0</ele>
        <time>2023-12-23T01:44:13Z</time>
        <extensions><gpxtpx:TrackPointExtension>
          <gpxtpx:hr>180</gpxtpx:hr>
        </gpxtpx:TrackPointExtension></extensions>
      </trkpt>
      <trkpt lat="30.399929" lon="103.830176">
        <ele>439.0</ele>
        <time>2023-12-23T01:44:14Z</time>
        <extensions><gpxtpx:TrackPointExtension>
          <gpxtpx:hr>180</gpxtpx:hr>
        </gpxtpx:TrackPointExtension></extensions>
      </trkpt>
      <trkpt lat="30.399899" lon="103.830189">
        <ele>439.0</ele>
        <time>2023-12-23T01:44:15Z</time>
        <extensions><gpxtpx:TrackPointExtension>
          <gpxtpx:hr>180</gpxtpx:hr>
        </gpxtpx:TrackPointExtension></extensions>
      </trkpt>
      <trkpt lat="30.399869" lon="103.830203">
        <ele>440.0</ele>
        <time>2023-12-23T01:44:16Z</time>
        <extensions><gpxtpx:TrackPointExtension>
          <gpxtpx:hr>180</gpxtpx:hr>
        </gpxtpx:TrackPointExtension></extensions>
      </trkpt>
      <trkpt lat="30.399839" lon="103.830217">
        <ele>440.0</ele>
        <time>2023-12-23T01:44:17Z</time>
        <extensions><gpxtpx:TrackPointExtension>
          <gpxtpx:hr>180</gpxtpx:hr>
        </gpxtpx:TrackPointExtension></extensions>
      </trkpt>
      <trkpt lat="30.399809" lon="103.83023">
        <ele>440.0</ele>
        <time>2023-12-23T01:44:18Z</time>
        <extensions><gpxtpx:TrackPointExtension>
          <gpxtpx:hr>180</gpxtpx:hr>
        </gpxtpx:TrackPointExtension></extensions>
      </trkpt>
      <trkpt lat="30.399779" lon="103.830243">
        <ele>440.0</ele>
        <time>2023-12-23T01:44:19Z</time>
        <extensions><gpxtpx:TrackPointExtension>
          <gpxtpx:hr>180</gpxtpx:hr>
        </gpxtpx:TrackPointExtension></extensions>
      </trkpt>
      <trkpt lat="30.399749" lon="103.830256">
        <ele>440.0</ele>
        <time>2023-12-23T01:44:20Z</time>
        <extensions><gpxtpx:TrackPointExtension>
          <gpxtpx:hr>180</gpxtpx:hr>
        </gpxtpx:TrackPointExtension></extensions>
      </trkpt>
      <trkpt lat="30.399719" lon="103.830268">
        <ele>440.0</ele>
        <time>2023-12-23T01:44:21Z</time>
        <extensions><gpxtpx:TrackPointExtension>
          <gpxtpx:hr>180</gpxtpx:hr>
        </gpxtpx:TrackPointExtension></extensions>
      </trkpt>
      <trkpt lat="30.399689" lon="103.830279">
        <ele>439.0</ele>
        <time>2023-12-23T01:44:22Z</time>
        <extensions><gpxtpx:TrackPointExtension>
          <gpxtpx:hr>180</gpxtpx:hr>
        </gpxtpx:TrackPointExtension></extensions>
      </trkpt>
      <trkpt lat="30.399658" lon="103.830291">
        <ele>439.0</ele>
        <time>2023-12-23T01:44:23Z</time>
        <extensions><gpxtpx:TrackPointExtension>
          <gpxtpx:hr>180</gpxtpx:hr>
        </gpxtpx:TrackPointExtension></extensions>
      </trkpt>
      <trkpt lat="30.399627" lon="103.830302">
        <ele>439.0</ele>
        <time>2023-12-23T01:44:24Z</time>
        <extensions><gpxtpx:TrackPointExtension>
          <gpxtpx:hr>180</gpxtpx:hr>
        </gpxtpx:TrackPointExtension></extensions>
      </trkpt>
      <trkpt lat="30.399595" lon="103.830312">
        <ele>439.0</ele>
        <time>2023-12-23T01:44:25Z</time>
        <extensions><gpxtpx:TrackPointExtension>
          <gpxtpx:hr>180</gpxtpx:hr>
        </gpxtpx:TrackPointExtension></extensions>
      </trkpt>
      <trkpt lat="30.399564" lon="103.830323">
        <ele>439.0</ele>
        <time>2023-12-23T01:44:26Z</time>
        <extensions><gpxtpx:TrackPointExtension>
          <gpxtpx:hr>180</gpxtpx:hr>
        </gpxtpx:TrackPointExtension></extensions>
      </trkpt>
      <trkpt lat="30.399533" lon="103.830334">
        <ele>439.0</ele>
        <time>2023-12-23T01:44:27Z</time>
        <extensions><gpxtpx:TrackPointExtension>
          <gpxtpx:hr>180</gpxtpx:hr>
        </gpxtpx:TrackPointExtension></extensions>
      </trkpt>
      <trkpt lat="30.399502" lon="103.830346">
        <ele>439.0</ele>
        <time>2023-12-23T01:44:28Z</time>
        <extensions><gpxtpx:TrackPointExtension>
          <gpxtpx:hr>180</gpxtpx:hr>
        </gpxtpx:TrackPointExtension></extensions>
      </trkpt>
      <trkpt lat="30.39947" lon="103.830358">
        <ele>439.0</ele>
        <time>2023-12-23T01:44:29Z</time>
        <extensions><gpxtpx:TrackPointExtension>
          <gpxtpx:hr>180</gpxtpx:hr>
        </gpxtpx:TrackPointExtension></extensions>
      </trkpt>
      <trkpt lat="30.399438" lon="103.830371">
        <ele>439.0</ele>
        <time>2023-12-23T01:44:30Z</time>
        <extensions><gpxtpx:TrackPointExtension>
          <gpxtpx:hr>180</gpxtpx:hr>
        </gpxtpx:TrackPointExtension></extensions>
      </trkpt>
      <trkpt lat="30.399406" lon="103.830383">
        <ele>439.0</ele>
        <time>2023-12-23T01:44:31Z</time>
        <extensions><gpxtpx:TrackPointExtension>
          <gpxtpx:hr>180</gpxtpx:hr>
        </gpxtpx:TrackPointExtension></extensions>
      </trkpt>
      <trkpt lat="30.399375" lon="103.830396">
        <ele>439.0</ele>
        <time>2023-12-23T01:44:32Z</time>
        <extensions><gpxtpx:TrackPointExtension>
          <gpxtpx:hr>180</gpxtpx:hr>
        </gpxtpx:TrackPointExtension></extensions>
      </trkpt>
      <trkpt lat="30.399344" lon="103.830409">
        <ele>439.0</ele>
        <time>2023-12-23T01:44:33Z</time>
        <extensions><gpxtpx:TrackPointExtension>
          <gpxtpx:hr>180</gpxtpx:hr>
        </gpxtpx:TrackPointExtension></extensions>
      </trkpt>
      <trkpt lat="30.399313" lon="103.830422">
        <ele>439.0</ele>
        <time>2023-12-23T01:44:34Z</time>
        <extensions><gpxtpx:TrackPointExtension>
          <gpxtpx:hr>180</gpxtpx:hr>
        </gpxtpx:TrackPointExtension></extensions>
      </trkpt>
      <trkpt lat="30.399282" lon="103.830435">
        <ele>439.0</ele>
        <time>2023-12-23T01:44:35Z</time>
        <extensions><gpxtpx:TrackPointExtension>
          <gpxtpx:hr>180</gpxtpx:hr>
        </gpxtpx:TrackPointExtension></extensions>
      </trkpt>
      <trkpt lat="30.399252" lon="103.830447">
        <ele>439.0</ele>
        <time>2023-12-23T01:44:36Z</time>
        <extensions><gpxtpx:TrackPointExtension>
          <gpxtpx:hr>180</gpxtpx:hr>
        </gpxtpx:TrackPointExtension></extensions>
      </trkpt>
      <trkpt lat="30.399221" lon="103.83046">
        <ele>439.0</ele>
        <time>2023-12-23T01:44:37Z</time>
        <extensions><gpxtpx:TrackPointExtension>
          <gpxtpx:hr>180</gpxtpx:hr>
        </gpxtpx:TrackPointExtension></extensions>
      </trkpt>
      <trkpt lat="30.39919" lon="103.830472">
        <ele>439.0</ele>
        <time>2023-12-23T01:44:38Z</time>
        <extensions><gpxtpx:TrackPointExtension>
          <gpxtpx:hr>180</gpxtpx:hr>
        </gpxtpx:TrackPointExtension></extensions>
      </trkpt>
      <trkpt lat="30.399159" lon="103.830484">
        <ele>439.0</ele>
        <time>2023-12-23T01:44:39Z</time>
        <extensions><gpxtpx:TrackPointExtension>
          <gpxtpx:hr>180</gpxtpx:hr>
        </gpxtpx:TrackPointExtension></extensions>
      </trkpt>
      <trkpt lat="30.399128" lon="103.830497">
        <ele>439.0</ele>
        <time>2023-12-23T01:44:40Z</time>
        <extensions><gpxtpx:TrackPointExtension>
          <gpxtpx:hr>180</gpxtpx:hr>
        </gpxtpx:TrackPointExtension></extensions>
      </trkpt>
      <trkpt lat="30.399096" lon="103.83051">
        <ele>439.0</ele>
        <time>2023-12-23T01:44:41Z</time>
        <extensions><gpxtpx:TrackPointExtension>
          <gpxtpx:hr>180</gpxtpx:hr>
        </gpxtpx:TrackPointExtension></extensions>
      </trkpt>
      <trkpt lat="30.399065" lon="103.830523">
        <ele>439.0</ele>
        <time>2023-12-23T01:44:42Z</time>
        <extensions><gpxtpx:TrackPointExtension>
          <gpxtpx:hr>180</gpxtpx:hr>
        </gpxtpx:TrackPointExtension></extensions>
      </trkpt>
      <trkpt lat="30.399035" lon="103.830535">
        <ele>439.0</ele>
        <time>2023-12-23T01:44:43Z</time>
        <extensions><gpxtpx:TrackPointExtension>
          <gpxtpx:hr>180</gpxtpx:hr>
        </gpxtpx:TrackPointExtension></extensions>
      </trkpt>
      <trkpt lat="30.399006" lon="103.830548">
        <ele>439.0</ele>
        <time>2023-12-23T01:44:44Z</time>
        <extensions><gpxtpx:TrackPointExtension>
          <gpxtpx:hr>180</gpxtpx:hr>
        </gpxtpx:TrackPointExtension></extensions>
      </trkpt>
      <trkpt lat="30.398977" lon="103.83056">
        <ele>439.0</ele>
        <time>2023-12-23T01:44:45Z</time>
        <extensions><gpxtpx:TrackPointExtension>
          <gpxtpx:hr>180</gpxtpx:hr>
        </gpxtpx:TrackPointExtension></extensions>
      </trkpt>
      <trkpt lat="30.398948" lon="103.830572">
        <ele>439.0</ele>
        <time>2023-12-23T01:44:46Z</time>
        <extensions><gpxtpx:TrackPointExtension>
          <gpxtpx:hr>180</gpxtpx:hr>
        </gpxtpx:TrackPointExtension></extensions>
      </trkpt>
      <trkpt lat="30.39892" lon="103.830584">
        <ele>439.0</ele>
        <time>2023-12-23T01:44:47Z</time>
        <extensions><gpxtpx:TrackPointExtension>
          <gpxtpx:hr>180</gpxtpx:hr>
        </gpxtpx:TrackPointExtension></extensions>
      </trkpt>
      <trkpt lat="30.398891" lon="103.830596">
        <ele>439.0</ele>
        <time>2023-12-23T01:44:48Z</time>
        <extensions><gpxtpx:TrackPointExtension>
          <gpxtpx:hr>180</gpxtpx:hr>
        </gpxtpx:TrackPointExtension></extensions>
      </trkpt>
      <trkpt lat="30.398863" lon="103.830607">
        <ele>439.0</ele>
        <time>2023-12-23T01:44:49Z</time>
        <extensions><gpxtpx:TrackPointExtension>
          <gpxtpx:hr>180</gpxtpx:hr>
        </gpxtpx:TrackPointExtension></extensions>
      </trkpt>
      <trkpt lat="30.398834" lon="103.830617">
        <ele>439.0</ele>
        <time>2023-12-23T01:44:50Z</time>
        <extensions><gpxtpx:TrackPointExtension>
          <gpxtpx:hr>180</gpxtpx:hr>
        </gpxtpx:TrackPointExtension></extensions>
      </trkpt>
      <trkpt lat="30.398806" lon="103.830627">
        <ele>439.0</ele>
        <time>2023-12-23T01:44:51Z</time>
        <extensions><gpxtpx:TrackPointExtension>
          <gpxtpx:hr>180</gpxtpx:hr>
        </gpxtpx:TrackPointExtension></extensions>
      </trkpt>
      <trkpt lat="30.398777" lon="103.830633">
        <ele>439.0</ele>
        <time>2023-12-23T01:44:52Z</time>
        <extensions><gpxtpx:TrackPointExtension>
          <gpxtpx:hr>180</gpxtpx:hr>
        </gpxtpx:TrackPointExtension></extensions>
      </trkpt>
      <trkpt lat="30.398748" lon="103.83064">
        <ele>439.0</ele>
        <time>2023-12-23T01:44:53Z</time>
        <extensions><gpxtpx:TrackPointExtension>
          <gpxtpx:hr>180</gpxtpx:hr>
        </gpxtpx:TrackPointExtension></extensions>
      </trkpt>
      <trkpt lat="30.398719" lon="103.830644">
        <ele>439.0</ele>
        <time>2023-12-23T01:44:54Z</time>
        <extensions><gpxtpx:TrackPointExtension>
          <gpxtpx:hr>180</gpxtpx:hr>
        </gpxtpx:TrackPointExtension></extensions>
      </trkpt>
      <trkpt lat="30.398691" lon="103.830648">
        <ele>439.0</ele>
        <time>2023-12-23T01:44:55Z</time>
        <extensions><gpxtpx:TrackPointExtension>
          <gpxtpx:hr>180</gpxtpx:hr>
        </gpxtpx:TrackPointExtension></extensions>
      </trkpt>
      <trkpt lat="30.39866" lon="103.830652">
        <ele>440.0</ele>
        <time>2023-12-23T01:44:56Z</time>
        <extensions><gpxtpx:TrackPointExtension>
          <gpxtpx:hr>180</gpxtpx:hr>
        </gpxtpx:TrackPointExtension></extensions>
      </trkpt>
      <trkpt lat="30.398629" lon="103.830657">
        <ele>440.0</ele>
        <time>2023-12-23T01:44:57Z</time>
        <extensions><gpxtpx:TrackPointExtension>
          <gpxtpx:hr>180</gpxtpx:hr>
        </gpxtpx:TrackPointExtension></extensions>
      </trkpt>
      <trkpt lat="30.398597" lon="103.830663">
        <ele>440.0</ele>
        <time>2023-12-23T01:44:58Z</time>
        <extensions><gpxtpx:TrackPointExtension>
          <gpxtpx:hr>180</gpxtpx:hr>
        </gpxtpx:TrackPointExtension></extensions>
      </trkpt>
      <trkpt lat="30.398564" lon="103.83067">
        <ele>440.0</ele>
        <time>2023-12-23T01:44:59Z</time>
        <extensions><gpxtpx:TrackPointExtension>
          <gpxtpx:hr>180</gpxtpx:hr>
        </gpxtpx:TrackPointExtension></extensions>
      </trkpt>
      <trkpt lat="30.398533" lon="103.830679">
        <ele>440.0</ele>
        <time>2023-12-23T01:45:00Z</time>
        <extensions><gpxtpx:TrackPointExtension>
          <gpxtpx:hr>180</gpxtpx:hr>
        </gpxtpx:TrackPointExtension></extensions>
      </trkpt>
      <trkpt lat="30.398502" lon="103.830689">
        <ele>440.0</ele>
        <time>2023-12-23T01:45:01Z</time>
        <extensions><gpxtpx:TrackPointExtension>
          <gpxtpx:hr>180</gpxtpx:hr>
        </gpxtpx:TrackPointExtension></extensions>
      </trkpt>
      <trkpt lat="30.398471" lon="103.830701">
        <ele>439.0</ele>
        <time>2023-12-23T01:45:02Z</time>
        <extensions><gpxtpx:TrackPointExtension>
          <gpxtpx:hr>180</gpxtpx:hr>
        </gpxtpx:TrackPointExtension></extensions>
      </trkpt>
      <trkpt lat="30.39844" lon="103.830712">
        <ele>439.0</ele>
        <time>2023-12-23T01:45:03Z</time>
        <extensions><gpxtpx:TrackPointExtension>
          <gpxtpx:hr>180</gpxtpx:hr>
        </gpxtpx:TrackPointExtension></extensions>
      </trkpt>
      <trkpt lat="30.398409" lon="103.830726">
        <ele>439.0</ele>
        <time>2023-12-23T01:45:04Z</time>
        <extensions><gpxtpx:TrackPointExtension>
          <gpxtpx:hr>180</gpxtpx:hr>
        </gpxtpx:TrackPointExtension></extensions>
      </trkpt>
      <trkpt lat="30.398378" lon="103.830739">
        <ele>439.0</ele>
        <time>2023-12-23T01:45:05Z</time>
        <extensions><gpxtpx:TrackPointExtension>
          <gpxtpx:hr>180</gpxtpx:hr>
        </gpxtpx:TrackPointExtension></extensions>
      </trkpt>
      <trkpt lat="30.398347" lon="103.830754">
        <ele>439.0</ele>
        <time>2023-12-23T01:45:06Z</time>
        <extensions><gpxtpx:TrackPointExtension>
          <gpxtpx:hr>180</gpxtpx:hr>
        </gpxtpx:TrackPointExtension></extensions>
      </trkpt>
      <trkpt lat="30.398316" lon="103.830769">
        <ele>439.0</ele>
        <time>2023-12-23T01:45:07Z</time>
        <extensions><gpxtpx:TrackPointExtension>
          <gpxtpx:hr>180</gpxtpx:hr>
        </gpxtpx:TrackPointExtension></extensions>
      </trkpt>
      <trkpt lat="30.398283" lon="103.830783">
        <ele>439.0</ele>
        <time>2023-12-23T01:45:08Z</time>
        <extensions><gpxtpx:TrackPointExtension>
          <gpxtpx:hr>180</gpxtpx:hr>
        </gpxtpx:TrackPointExtension></extensions>
      </trkpt>
      <trkpt lat="30.398251" lon="103.830798">
        <ele>439.0</ele>
        <time>2023-12-23T01:45:09Z</time>
        <extensions><gpxtpx:TrackPointExtension>
          <gpxtpx:hr>180</gpxtpx:hr>
        </gpxtpx:TrackPointExtension></extensions>
      </trkpt>
      <trkpt lat="30.398219" lon="103.830811">
        <ele>439.0</ele>
        <time>2023-12-23T01:45:10Z</time>
        <extensions><gpxtpx:TrackPointExtension>
          <gpxtpx:hr>180</gpxtpx:hr>
        </gpxtpx:TrackPointExtension></extensions>
      </trkpt>
      <trkpt lat="30.398186" lon="103.830825">
        <ele>439.0</ele>
        <time>2023-12-23T01:45:11Z</time>
        <extensions><gpxtpx:TrackPointExtension>
          <gpxtpx:hr>180</gpxtpx:hr>
        </gpxtpx:TrackPointExtension></extensions>
      </trkpt>
      <trkpt lat="30.398154" lon="103.830838">
        <ele>439.0</ele>
        <time>2023-12-23T01:45:12Z</time>
        <extensions><gpxtpx:TrackPointExtension>
          <gpxtpx:hr>180</gpxtpx:hr>
        </gpxtpx:TrackPointExtension></extensions>
      </trkpt>
      <trkpt lat="30.398122" lon="103.830851">
        <ele>439.0</ele>
        <time>2023-12-23T01:45:13Z</time>
        <extensions><gpxtpx:TrackPointExtension>
          <gpxtpx:hr>180</gpxtpx:hr>
        </gpxtpx:TrackPointExtension></extensions>
      </trkpt>
      <trkpt lat="30.398091" lon="103.830865">
        <ele>439.0</ele>
        <time>2023-12-23T01:45:14Z</time>
        <extensions><gpxtpx:TrackPointExtension>
          <gpxtpx:hr>180</gpxtpx:hr>
        </gpxtpx:TrackPointExtension></extensions>
      </trkpt>
      <trkpt lat="30.398059" lon="103.830878">
        <ele>439.0</ele>
        <time>2023-12-23T01:45:15Z</time>
        <extensions><gpxtpx:TrackPointExtension>
          <gpxtpx:hr>180</gpxtpx:hr>
        </gpxtpx:TrackPointExtension></extensions>
      </trkpt>
      <trkpt lat="30.398029" lon="103.83089">
        <ele>439.0</ele>
        <time>2023-12-23T01:45:16Z</time>
        <extensions><gpxtpx:TrackPointExtension>
          <gpxtpx:hr>180</gpxtpx:hr>
        </gpxtpx:TrackPointExtension></extensions>
      </trkpt>
      <trkpt lat="30.397999" lon="103.830902">
        <ele>439.0</ele>
        <time>2023-12-23T01:45:17Z</time>
        <extensions><gpxtpx:TrackPointExtension>
          <gpxtpx:hr>180</gpxtpx:hr>
        </gpxtpx:TrackPointExtension></extensions>
      </trkpt>
      <trkpt lat="30.397969" lon="103.830915">
        <ele>439.0</ele>
        <time>2023-12-23T01:45:18Z</time>
        <extensions><gpxtpx:TrackPointExtension>
          <gpxtpx:hr>180</gpxtpx:hr>
        </gpxtpx:TrackPointExtension></extensions>
      </trkpt>
      <trkpt lat="30.397939" lon="103.830927">
        <ele>439.0</ele>
        <time>2023-12-23T01:45:19Z</time>
        <extensions><gpxtpx:TrackPointExtension>
          <gpxtpx:hr>180</gpxtpx:hr>
        </gpxtpx:TrackPointExtension></extensions>
      </trkpt>
      <trkpt lat="30.397909" lon="103.830938">
        <ele>439.0</ele>
        <time>2023-12-23T01:45:20Z</time>
        <extensions><gpxtpx:TrackPointExtension>
          <gpxtpx:hr>180</gpxtpx:hr>
        </gpxtpx:TrackPointExtension></extensions>
      </trkpt>
      <trkpt lat="30.397878" lon="103.830949">
        <ele>439.0</ele>
        <time>2023-12-23T01:45:21Z</time>
        <extensions><gpxtpx:TrackPointExtension>
          <gpxtpx:hr>180</gpxtpx:hr>
        </gpxtpx:TrackPointExtension></extensions>
      </trkpt>
      <trkpt lat="30.397847" lon="103.83096">
        <ele>439.0</ele>
        <time>2023-12-23T01:45:22Z</time>
        <extensions><gpxtpx:TrackPointExtension>
          <gpxtpx:hr>180</gpxtpx:hr>
        </gpxtpx:TrackPointExtension></extensions>
      </trkpt>
      <trkpt lat="30.397816" lon="103.830971">
        <ele>439.0</ele>
        <time>2023-12-23T01:45:23Z</time>
        <extensions><gpxtpx:TrackPointExtension>
          <gpxtpx:hr>180</gpxtpx:hr>
        </gpxtpx:TrackPointExtension></extensions>
      </trkpt>
      <trkpt lat="30.397784" lon="103.830983">
        <ele>439.0</ele>
        <time>2023-12-23T01:45:24Z</time>
        <extensions><gpxtpx:TrackPointExtension>
          <gpxtpx:hr>180</gpxtpx:hr>
        </gpxtpx:TrackPointExtension></extensions>
      </trkpt>
      <trkpt lat="30.397752" lon="103.830995">
        <ele>439.0</ele>
        <time>2023-12-23T01:45:25Z</time>
        <extensions><gpxtpx:TrackPointExtension>
          <gpxtpx:hr>180</gpxtpx:hr>
        </gpxtpx:TrackPointExtension></extensions>
      </trkpt>
      <trkpt lat="30.39772" lon="103.831009">
        <ele>439.0</ele>
        <time>2023-12-23T01:45:26Z</time>
        <extensions><gpxtpx:TrackPointExtension>
          <gpxtpx:hr>180</gpxtpx:hr>
        </gpxtpx:TrackPointExtension></extensions>
      </trkpt>
      <trkpt lat="30.397688" lon="103.831022">
        <ele>439.0</ele>
        <time>2023-12-23T01:45:27Z</time>
        <extensions><gpxtpx:TrackPointExtension>
          <gpxtpx:hr>180</gpxtpx:hr>
        </gpxtpx:TrackPointExtension></extensions>
      </trkpt>
      <trkpt lat="30.397655" lon="103.831034">
        <ele>439.0</ele>
        <time>2023-12-23T01:45:28Z</time>
        <extensions><gpxtpx:TrackPointExtension>
          <gpxtpx:hr>180</gpxtpx:hr>
        </gpxtpx:TrackPointExtension></extensions>
      </trkpt>
      <trkpt lat="30.397622" lon="103.831047">
        <ele>439.0</ele>
        <time>2023-12-23T01:45:29Z</time>
        <extensions><gpxtpx:TrackPointExtension>
          <gpxtpx:hr>180</gpxtpx:hr>
        </gpxtpx:TrackPointExtension></extensions>
      </trkpt>
      <trkpt lat="30.397589" lon="103.831059">
        <ele>439.0</ele>
        <time>2023-12-23T01:45:30Z</time>
        <extensions><gpxtpx:TrackPointExtension>
          <gpxtpx:hr>180</gpxtpx:hr>
        </gpxtpx:TrackPointExtension></extensions>
      </trkpt>
      <trkpt lat="30.397556" lon="103.831071">
        <ele>439.0</ele>
        <time>2023-12-23T01:45:31Z</time>
        <extensions><gpxtpx:TrackPointExtension>
          <gpxtpx:hr>180</gpxtpx:hr>
        </gpxtpx:TrackPointExtension></extensions>
      </trkpt>
      <trkpt lat="30.397523" lon="103.831084">
        <ele>439.0</ele>
        <time>2023-12-23T01:45:32Z</time>
        <extensions><gpxtpx:TrackPointExtension>
          <gpxtpx:hr>180</gpxtpx:hr>
        </gpxtpx:TrackPointExtension></extensions>
      </trkpt>
      <trkpt lat="30.39749" lon="103.831096">
        <ele>439.0</ele>
        <time>2023-12-23T01:45:33Z</time>
        <extensions><gpxtpx:TrackPointExtension>
          <gpxtpx:hr>180</gpxtpx:hr>
        </gpxtpx:TrackPointExtension></extensions>
      </trkpt>
      <trkpt lat="30.397458" lon="103.831109">
        <ele>439.0</ele>
        <time>2023-12-23T01:45:34Z</time>
        <extensions><gpxtpx:TrackPointExtension>
          <gpxtpx:hr>180</gpxtpx:hr>
        </gpxtpx:TrackPointExtension></extensions>
      </trkpt>
      <trkpt lat="30.397425" lon="103.831121">
        <ele>439.0</ele>
        <time>2023-12-23T01:45:35Z</time>
        <extensions><gpxtpx:TrackPointExtension>
          <gpxtpx:hr>180</gpxtpx:hr>
        </gpxtpx:TrackPointExtension></extensions>
      </trkpt>
      <trkpt lat="30.397394" lon="103.831134">
        <ele>439.0</ele>
        <time>2023-12-23T01:45:36Z</time>
        <extensions><gpxtpx:TrackPointExtension>
          <gpxtpx:hr>180</gpxtpx:hr>
        </gpxtpx:TrackPointExtension></extensions>
      </trkpt>
      <trkpt lat="30.397362" lon="103.831146">
        <ele>439.0</ele>
        <time>2023-12-23T01:45:37Z</time>
        <extensions><gpxtpx:TrackPointExtension>
          <gpxtpx:hr>180</gpxtpx:hr>
        </gpxtpx:TrackPointExtension></extensions>
      </trkpt>
      <trkpt lat="30.397332" lon="103.831158">
        <ele>439.0</ele>
        <time>2023-12-23T01:45:38Z</time>
        <extensions><gpxtpx:TrackPointExtension>
          <gpxtpx:hr>180</gpxtpx:hr>
        </gpxtpx:TrackPointExtension></extensions>
      </trkpt>
      <trkpt lat="30.397301" lon="103.831171">
        <ele>439.0</ele>
        <time>2023-12-23T01:45:39Z</time>
        <extensions><gpxtpx:TrackPointExtension>
          <gpxtpx:hr>180</gpxtpx:hr>
        </gpxtpx:TrackPointExtension></extensions>
      </trkpt>
      <trkpt lat="30.39727" lon="103.831183">
        <ele>439.0</ele>
        <time>2023-12-23T01:45:40Z</time>
        <extensions><gpxtpx:TrackPointExtension>
          <gpxtpx:hr>180</gpxtpx:hr>
        </gpxtpx:TrackPointExtension></extensions>
      </trkpt>
      <trkpt lat="30.39724" lon="103.831196">
        <ele>440.0</ele>
        <time>2023-12-23T01:45:41Z</time>
        <extensions><gpxtpx:TrackPointExtension>
          <gpxtpx:hr>180</gpxtpx:hr>
        </gpxtpx:TrackPointExtension></extensions>
      </trkpt>
      <trkpt lat="30.397209" lon="103.831207">
        <ele>440.0</ele>
        <time>2023-12-23T01:45:42Z</time>
        <extensions><gpxtpx:TrackPointExtension>
          <gpxtpx:hr>180</gpxtpx:hr>
        </gpxtpx:TrackPointExtension></extensions>
      </trkpt>
      <trkpt lat="30.397177" lon="103.831219">
        <ele>440.0</ele>
        <time>2023-12-23T01:45:43Z</time>
        <extensions><gpxtpx:TrackPointExtension>
          <gpxtpx:hr>180</gpxtpx:hr>
        </gpxtpx:TrackPointExtension></extensions>
      </trkpt>
      <trkpt lat="30.397145" lon="103.831231">
        <ele>440.0</ele>
        <time>2023-12-23T01:45:44Z</time>
        <extensions><gpxtpx:TrackPointExtension>
          <gpxtpx:hr>180</gpxtpx:hr>
        </gpxtpx:TrackPointExtension></extensions>
      </trkpt>
      <trkpt lat="30.397112" lon="103.831242">
        <ele>440.0</ele>
        <time>2023-12-23T01:45:45Z</time>
        <extensions><gpxtpx:TrackPointExtension>
          <gpxtpx:hr>180</gpxtpx:hr>
        </gpxtpx:TrackPointExtension></extensions>
      </trkpt>
      <trkpt lat="30.397078" lon="103.831255">
        <ele>440.0</ele>
        <time>2023-12-23T01:45:46Z</time>
        <extensions><gpxtpx:TrackPointExtension>
          <gpxtpx:hr>180</gpxtpx:hr>
        </gpxtpx:TrackPointExtension></extensions>
      </trkpt>
      <trkpt lat="30.397044" lon="103.831267">
        <ele>439.0</ele>
        <time>2023-12-23T01:45:47Z</time>
        <extensions><gpxtpx:TrackPointExtension>
          <gpxtpx:hr>180</gpxtpx:hr>
        </gpxtpx:TrackPointExtension></extensions>
      </trkpt>
      <trkpt lat="30.39701" lon="103.831281">
        <ele>439.0</ele>
        <time>2023-12-23T01:45:48Z</time>
        <extensions><gpxtpx:TrackPointExtension>
          <gpxtpx:hr>180</gpxtpx:hr>
        </gpxtpx:TrackPointExtension></extensions>
      </trkpt>
      <trkpt lat="30.396976" lon="103.831295">
        <ele>439.0</ele>
        <time>2023-12-23T01:45:49Z</time>
        <extensions><gpxtpx:TrackPointExtension>
          <gpxtpx:hr>180</gpxtpx:hr>
        </gpxtpx:TrackPointExtension></extensions>
      </trkpt>
      <trkpt lat="30.396942" lon="103.831309">
        <ele>439.0</ele>
        <time>2023-12-23T01:45:50Z</time>
        <extensions><gpxtpx:TrackPointExtension>
          <gpxtpx:hr>180</gpxtpx:hr>
        </gpxtpx:TrackPointExtension></extensions>
      </trkpt>
      <trkpt lat="30.396908" lon="103.831322">
        <ele>439.0</ele>
        <time>2023-12-23T01:45:51Z</time>
        <extensions><gpxtpx:TrackPointExtension>
          <gpxtpx:hr>180</gpxtpx:hr>
        </gpxtpx:TrackPointExtension></extensions>
      </trkpt>
      <trkpt lat="30.396874" lon="103.831336">
        <ele>439.0</ele>
        <time>2023-12-23T01:45:52Z</time>
        <extensions><gpxtpx:TrackPointExtension>
          <gpxtpx:hr>180</gpxtpx:hr>
        </gpxtpx:TrackPointExtension></extensions>
      </trkpt>
      <trkpt lat="30.396841" lon="103.831349">
        <ele>439.0</ele>
        <time>2023-12-23T01:45:53Z</time>
        <extensions><gpxtpx:TrackPointExtension>
          <gpxtpx:hr>180</gpxtpx:hr>
        </gpxtpx:TrackPointExtension></extensions>
      </trkpt>
      <trkpt lat="30.396807" lon="103.831362">
        <ele>439.0</ele>
        <time>2023-12-23T01:45:54Z</time>
        <extensions><gpxtpx:TrackPointExtension>
          <gpxtpx:hr>180</gpxtpx:hr>
        </gpxtpx:TrackPointExtension></extensions>
      </trkpt>
      <trkpt lat="30.396773" lon="103.831375">
        <ele>439.0</ele>
        <time>2023-12-23T01:45:55Z</time>
        <extensions><gpxtpx:TrackPointExtension>
          <gpxtpx:hr>181</gpxtpx:hr>
        </gpxtpx:TrackPointExtension></extensions>
      </trkpt>
      <trkpt lat="30.396739" lon="103.831387">
        <ele>439.0</ele>
        <time>2023-12-23T01:45:56Z</time>
        <extensions><gpxtpx:TrackPointExtension>
          <gpxtpx:hr>181</gpxtpx:hr>
        </gpxtpx:TrackPointExtension></extensions>
      </trkpt>
      <trkpt lat="30.396706" lon="103.831399">
        <ele>439.0</ele>
        <time>2023-12-23T01:45:57Z</time>
        <extensions><gpxtpx:TrackPointExtension>
          <gpxtpx:hr>181</gpxtpx:hr>
        </gpxtpx:TrackPointExtension></extensions>
      </trkpt>
      <trkpt lat="30.396674" lon="103.831411">
        <ele>439.0</ele>
        <time>2023-12-23T01:45:58Z</time>
        <extensions><gpxtpx:TrackPointExtension>
          <gpxtpx:hr>181</gpxtpx:hr>
        </gpxtpx:TrackPointExtension></extensions>
      </trkpt>
      <trkpt lat="30.396643" lon="103.831424">
        <ele>439.0</ele>
        <time>2023-12-23T01:45:59Z</time>
        <extensions><gpxtpx:TrackPointExtension>
          <gpxtpx:hr>181</gpxtpx:hr>
        </gpxtpx:TrackPointExtension></extensions>
      </trkpt>
      <trkpt lat="30.396613" lon="103.831435">
        <ele>439.0</ele>
        <time>2023-12-23T01:46:00Z</time>
        <extensions><gpxtpx:TrackPointExtension>
          <gpxtpx:hr>181</gpxtpx:hr>
        </gpxtpx:TrackPointExtension></extensions>
      </trkpt>
      <trkpt lat="30.396583" lon="103.831446">
        <ele>439.0</ele>
        <time>2023-12-23T01:46:01Z</time>
        <extensions><gpxtpx:TrackPointExtension>
          <gpxtpx:hr>181</gpxtpx:hr>
        </gpxtpx:TrackPointExtension></extensions>
      </trkpt>
      <trkpt lat="30.396559" lon="103.831454">
        <ele>439.0</ele>
        <time>2023-12-23T01:46:02Z</time>
        <extensions><gpxtpx:TrackPointExtension>
          <gpxtpx:hr>181</gpxtpx:hr>
        </gpxtpx:TrackPointExtension></extensions>
      </trkpt>
      <trkpt lat="30.396535" lon="103.831463">
        <ele>439.0</ele>
        <time>2023-12-23T01:46:03Z</time>
        <extensions><gpxtpx:TrackPointExtension>
          <gpxtpx:hr>181</gpxtpx:hr>
        </gpxtpx:TrackPointExtension></extensions>
      </trkpt>
      <trkpt lat="30.396519" lon="103.831465">
        <ele>439.0</ele>
        <time>2023-12-23T01:46:04Z</time>
        <extensions><gpxtpx:TrackPointExtension>
          <gpxtpx:hr>181</gpxtpx:hr>
        </gpxtpx:TrackPointExtension></extensions>
      </trkpt>
      <trkpt lat="30.396502" lon="103.831467">
        <ele>439.0</ele>
        <time>2023-12-23T01:46:05Z</time>
        <extensions><gpxtpx:TrackPointExtension>
          <gpxtpx:hr>181</gpxtpx:hr>
        </gpxtpx:TrackPointExtension></extensions>
      </trkpt>
      <trkpt lat="30.396493" lon="103.831462">
        <ele>440.0</ele>
        <time>2023-12-23T01:46:06Z</time>
        <extensions><gpxtpx:TrackPointExtension>
          <gpxtpx:hr>181</gpxtpx:hr>
        </gpxtpx:TrackPointExtension></extensions>
      </trkpt>
      <trkpt lat="30.396484" lon="103.831457">
        <ele>439.0</ele>
        <time>2023-12-23T01:46:07Z</time>
        <extensions><gpxtpx:TrackPointExtension>
          <gpxtpx:hr>181</gpxtpx:hr>
        </gpxtpx:TrackPointExtension></extensions>
      </trkpt>
      <trkpt lat="30.396483" lon="103.83145">
        <ele>439.0</ele>
        <time>2023-12-23T01:46:08Z</time>
        <extensions><gpxtpx:TrackPointExtension>
          <gpxtpx:hr>181</gpxtpx:hr>
        </gpxtpx:TrackPointExtension></extensions>
      </trkpt>
      <trkpt lat="30.396482" lon="103.831442">
        <ele>439.0</ele>
        <time>2023-12-23T01:46:09Z</time>
        <extensions><gpxtpx:TrackPointExtension>
          <gpxtpx:hr>181</gpxtpx:hr>
        </gpxtpx:TrackPointExtension></extensions>
      </trkpt>
      <trkpt lat="30.396487" lon="103.831434">
        <ele>439.0</ele>
        <time>2023-12-23T01:46:10Z</time>
        <extensions><gpxtpx:TrackPointExtension>
          <gpxtpx:hr>180</gpxtpx:hr>
        </gpxtpx:TrackPointExtension></extensions>
      </trkpt>
      <trkpt lat="30.396492" lon="103.831425">
        <ele>439.0</ele>
        <time>2023-12-23T01:46:11Z</time>
        <extensions><gpxtpx:TrackPointExtension>
          <gpxtpx:hr>179</gpxtpx:hr>
        </gpxtpx:TrackPointExtension></extensions>
      </trkpt>
      <trkpt lat="30.396517" lon="103.831416">
        <ele>439.0</ele>
        <time>2023-12-23T01:46:12Z</time>
        <extensions><gpxtpx:TrackPointExtension>
          <gpxtpx:hr>179</gpxtpx:hr>
        </gpxtpx:TrackPointExtension></extensions>
      </trkpt>
      <trkpt lat="30.396541" lon="103.831406">
        <ele>439.0</ele>
        <time>2023-12-23T01:46:13Z</time>
        <extensions><gpxtpx:TrackPointExtension>
          <gpxtpx:hr>177</gpxtpx:hr>
        </gpxtpx:TrackPointExtension></extensions>
      </trkpt>
    </trkseg>
  </trk>
</gpx>