<?xml version="1.0" encoding="UTF-8"?>
<gpx creator="StravaGPX" version="1.1" xmlns="http://www.topografix.com/GPX/1/1" xmlns:xsi="http://www.w3.org/2001/XMLSchema-instance" xsi:schemaLocation="http://www.topografix.com/GPX/1/1 http://www.topografix.com/GPX/1/1/gpx.xsd http://www.garmin.com/xmlschemas/GpxExtensions/v3 http://www.garmin.com/xmlschemas/GpxExtensionsv3.xsd http://www.garmin.com/xmlschemas/TrackPointExtension/v1 http://www.garmin.com/xmlschemas/TrackPointExtensionv1.xsd" xmlns:gpxtpx="http://www.garmin.com/xmlschemas/TrackPointExtension/v1" xmlns:gpxx="http://www.garmin.com/xmlschemas/GpxExtensions/v3">
 <metadata>
  <time>2025-09-07T00:00:05Z</time>
 </metadata>
 <trk>
  <name>2025中国田径协会10公里精英赛（佳木斯站）</name>
  <type>running</type>
  <trkseg>
   <trkpt lat="46.7951050" lon="130.3128990">
    <ele>79.4</ele>
    <time>2025-09-07T00:00:05Z</time>
    <extensions>
     <power>0</power>
     <gpxtpx:TrackPointExtension>
      <gpxtpx:atemp>31</gpxtpx:atemp>
      <gpxtpx:hr>89</gpxtpx:hr>
      <gpxtpx:cad>0</gpxtpx:cad>
     </gpxtpx:TrackPointExtension>
    </extensions>
   </trkpt>
   <trkpt lat="46.7951110" lon="130.3130060">
    <ele>79.6</ele>
    <time>2025-09-07T00:00:06Z</time>
    <extensions>
     <power>0</power>
     <gpxtpx:TrackPointExtension>
      <gpxtpx:atemp>31</gpxtpx:atemp>
      <gpxtpx:hr>89</gpxtpx:hr>
      <gpxtpx:cad>0</gpxtpx:cad>
     </gpxtpx:TrackPointExtension>
    </extensions>
   </trkpt>
   <trkpt lat="46.7951110" lon="130.3130970">
    <ele>79.2</ele>
    <time>2025-09-07T00:00:11Z</time>
    <extensions>
     <gpxtpx:TrackPointExtension>
      <gpxtpx:atemp>31</gpxtpx:atemp>
      <gpxtpx:hr>90</gpxtpx:hr>
      <gpxtpx:cad>87</gpxtpx:cad>
     </gpxtpx:TrackPointExtension>
    </extensions>
   </trkpt>
   <trkpt lat="46.7951120" lon="130.3131880">
    <ele>79.2</ele>
    <time>2025-09-07T00:00:12Z</time>
    <extensions>
     <power>348</power>
     <gpxtpx:TrackPointExtension>
      <gpxtpx:atemp>31</gpxtpx:atemp>
      <gpxtpx:hr>91</gpxtpx:hr>
      <gpxtpx:cad>87</gpxtpx:cad>
     </gpxtpx:TrackPointExtension>
    </extensions>
   </trkpt>
   <trkpt lat="46.7951170" lon="130.3132480">
    <ele>79.2</ele>
    <time>2025-09-07T00:00:13Z</time>
    <extensions>
     <power>361</power>
     <gpxtpx:TrackPointExtension>
      <gpxtpx:atemp>31</gpxtpx:atemp>
      <gpxtpx:hr>92</gpxtpx:hr>
      <gpxtpx:cad>88</gpxtpx:cad>
     </gpxtpx:TrackPointExtension>
    </extensions>
   </trkpt>
   <trkpt lat="46.7951160" lon="130.3132950">
    <ele>79.2</ele>
    <time>2025-09-07T00:00:14Z</time>
    <extensions>
     <power>368</power>
     <gpxtpx:TrackPointExtension>
      <gpxtpx:atemp>31</gpxtpx:atemp>
      <gpxtpx:hr>94</gpxtpx:hr>
      <gpxtpx:cad>89</gpxtpx:cad>
     </gpxtpx:TrackPointExtension>
    </extensions>
   </trkpt>
   <trkpt lat="46.7951170" lon="130.3133470">
    <ele>79.2</ele>
    <time>2025-09-07T00:00:15Z</time>
    <extensions>
     <power>404</power>
     <gpxtpx:TrackPointExtension>
      <gpxtpx:atemp>31</gpxtpx:atemp>
      <gpxtpx:hr>95</gpxtpx:hr>
      <gpxtpx:cad>89</gpxtpx:cad>
     </gpxtpx:TrackPointExtension>
    </extensions>
   </trkpt>
   <trkpt lat="46.7951160" lon="130.3133940">
    <ele>79.2</ele>
    <time>2025-09-07T00:00:16Z</time>
    <extensions>
     <power>405</power>
     <gpxtpx:TrackPointExtension>
      <gpxtpx:atemp>31</gpxtpx:atemp>
      <gpxtpx:hr>96</gpxtpx:hr>
      <gpxtpx:cad>89</gpxtpx:cad>
     </gpxtpx:TrackPointExtension>
    </extensions>
   </trkpt>
   <trkpt lat="46.7951190" lon="130.3134480">
    <ele>79.2</ele>
    <time>2025-09-07T00:00:17Z</time>
    <extensions>
     <power>385</power>
     <gpxtpx:TrackPointExtension>
      <gpxtpx:atemp>31</gpxtpx:atemp>
      <gpxtpx:hr>96</gpxtpx:hr>
      <gpxtpx:cad>90</gpxtpx:cad>
     </gpxtpx:TrackPointExtension>
    </extensions>
   </trkpt>
   <trkpt lat="46.7951220" lon="130.3134990">
    <ele>79.2</ele>
    <time>2025-09-07T00:00:18Z</time>
    <extensions>
     <power>383</power>
     <gpxtpx:TrackPointExtension>
      <gpxtpx:atemp>31</gpxtpx:atemp>
      <gpxtpx:hr>97</gpxtpx:hr>
      <gpxtpx:cad>90</gpxtpx:cad>
     </gpxtpx:TrackPointExtension>
    </extensions>
   </trkpt>
   <trkpt lat="46.7951230" lon="130.3135550">
    <ele>79.2</ele>
    <time>2025-09-07T00:00:19Z</time>
    <extensions>
     <power>375</power>
     <gpxtpx:TrackPointExtension>
      <gpxtpx:atemp>31</gpxtpx:atemp>
      <gpxtpx:hr>98</gpxtpx:hr>
      <gpxtpx:cad>89</gpxtpx:cad>
     </gpxtpx:TrackPointExtension>
    </extensions>
   </trkpt>
   <trkpt lat="46.7951180" lon="130.3136020">
    <ele>79.2</ele>
    <time>2025-09-07T00:00:20Z</time>
    <extensions>
     <power>393</power>
     <gpxtpx:TrackPointExtension>
      <gpxtpx:atemp>31</gpxtpx:atemp>
      <gpxtpx:hr>100</gpxtpx:hr>
      <gpxtpx:cad>89</gpxtpx:cad>
     </gpxtpx:TrackPointExtension>
    </extensions>
   </trkpt>
   <trkpt lat="46.7951220" lon="130.3136530">
    <ele>79.2</ele>
    <time>2025-09-07T00:00:21Z</time>
    <extensions>
     <power>400</power>
     <gpxtpx:TrackPointExtension>
      <gpxtpx:atemp>31</gpxtpx:atemp>
      <gpxtpx:hr>102</gpxtpx:hr>
      <gpxtpx:cad>89</gpxtpx:cad>
     </gpxtpx:TrackPointExtension>
    </extensions>
   </trkpt>
   <trkpt lat="46.7951190" lon="130.3137020">
    <ele>79.2</ele>
    <time>2025-09-07T00:00:22Z</time>
    <extensions>
     <power>390</power>
     <gpxtpx:TrackPointExtension>
      <gpxtpx:atemp>31</gpxtpx:atemp>
      <gpxtpx:hr>104</gpxtpx:hr>
      <gpxtpx:cad>89</gpxtpx:cad>
     </gpxtpx:TrackPointExtension>
    </extensions>
   </trkpt>
   <trkpt lat="46.7951210" lon="130.3137540">
    <ele>79.2</ele>
    <time>2025-09-07T00:00:23Z</time>
    <extensions>
     <power>375</power>
     <gpxtpx:TrackPointExtension>
      <gpxtpx:atemp>31</gpxtpx:atemp>
      <gpxtpx:hr>106</gpxtpx:hr>
      <gpxtpx:cad>90</gpxtpx:cad>
     </gpxtpx:TrackPointExtension>
    </extensions>
   </trkpt>
   <trkpt lat="46.7951190" lon="130.3137980">
    <ele>79.2</ele>
    <time>2025-09-07T00:00:24Z</time>
    <extensions>
     <power>374</power>
     <gpxtpx:TrackPointExtension>
      <gpxtpx:atemp>31</gpxtpx:atemp>
      <gpxtpx:hr>109</gpxtpx:hr>
      <gpxtpx:cad>90</gpxtpx:cad>
     </gpxtpx:TrackPointExtension>
    </extensions>
   </trkpt>
   <trkpt lat="46.7951230" lon="130.3138490">
    <ele>79.2</ele>
    <time>2025-09-07T00:00:25Z</time>
    <extensions>
     <power>372</power>
     <gpxtpx:TrackPointExtension>
      <gpxtpx:atemp>31</gpxtpx:atemp>
      <gpxtpx:hr>112</gpxtpx:hr>
      <gpxtpx:cad>90</gpxtpx:cad>
     </gpxtpx:TrackPointExtension>
    </extensions>
   </trkpt>
   <trkpt lat="46.7951260" lon="130.3138900">
    <ele>79.2</ele>
    <time>2025-09-07T00:00:26Z</time>
    <extensions>
     <power>366</power>
     <gpxtpx:TrackPointExtension>
      <gpxtpx:atemp>31</gpxtpx:atemp>
      <gpxtpx:hr>113</gpxtpx:hr>
      <gpxtpx:cad>90</gpxtpx:cad>
     </gpxtpx:TrackPointExtension>
    </extensions>
   </trkpt>
   <trkpt lat="46.7951300" lon="130.3139440">
    <ele>79.2</ele>
    <time>2025-09-07T00:00:27Z</time>
    <extensions>
     <power>367</power>
     <gpxtpx:TrackPointExtension>
      <gpxtpx:atemp>31</gpxtpx:atemp>
      <gpxtpx:hr>115</gpxtpx:hr>
      <gpxtpx:cad>90</gpxtpx:cad>
     </gpxtpx:TrackPointExtension>
    </extensions>
   </trkpt>
   <trkpt lat="46.7951280" lon="130.3139870">
    <ele>79.4</ele>
    <time>2025-09-07T00:00:28Z</time>
    <extensions>
     <power>368</power>
     <gpxtpx:TrackPointExtension>
      <gpxtpx:atemp>31</gpxtpx:atemp>
      <gpxtpx:hr>117</gpxtpx:hr>
      <gpxtpx:cad>90</gpxtpx:cad>
     </gpxtpx:TrackPointExtension>
    </extensions>
   </trkpt>
   <trkpt lat="46.7951340" lon="130.3140330">
    <ele>79.4</ele>
    <time>2025-09-07T00:00:29Z</time>
    <extensions>
     <power>366</power>
     <gpxtpx:TrackPointExtension>
      <gpxtpx:atemp>31</gpxtpx:atemp>
      <gpxtpx:hr>119</gpxtpx:hr>
      <gpxtpx:cad>90</gpxtpx:cad>
     </gpxtpx:TrackPointExtension>
    </extensions>
   </trkpt>
   <trkpt lat="46.7951360" lon="130.3140760">
    <ele>79.4</ele>
    <time>2025-09-07T00:00:30Z</time>
    <extensions>
     <power>364</power>
     <gpxtpx:TrackPointExtension>
      <gpxtpx:atemp>31</gpxtpx:atemp>
      <gpxtpx:hr>121</gpxtpx:hr>
      <gpxtpx:cad>90</gpxtpx:cad>
     </gpxtpx:TrackPointExtension>
    </extensions>
   </trkpt>
   <trkpt lat="46.7951400" lon="130.3141250">
    <ele>79.4</ele>
    <time>2025-09-07T00:00:31Z</time>
    <extensions>
     <power>362</power>
     <gpxtpx:TrackPointExtension>
      <gpxtpx:atemp>31</gpxtpx:atemp>
      <gpxtpx:hr>122</gpxtpx:hr>
      <gpxtpx:cad>90</gpxtpx:cad>
     </gpxtpx:TrackPointExtension>
    </extensions>
   </trkpt>
   <trkpt lat="46.7951360" lon="130.3141620">
    <ele>79.6</ele>
    <time>2025-09-07T00:00:32Z</time>
    <extensions>
     <power>362</power>
     <gpxtpx:TrackPointExtension>
      <gpxtpx:atemp>31</gpxtpx:atemp>
      <gpxtpx:hr>123</gpxtpx:hr>
      <gpxtpx:cad>90</gpxtpx:cad>
     </gpxtpx:TrackPointExtension>
    </extensions>
   </trkpt>
   <trkpt lat="46.7951390" lon="130.3142080">
    <ele>79.4</ele>
    <time>2025-09-07T00:00:33Z</time>
    <extensions>
     <power>360</power>
     <gpxtpx:TrackPointExtension>
      <gpxtpx:atemp>31</gpxtpx:atemp>
      <gpxtpx:hr>125</gpxtpx:hr>
      <gpxtpx:cad>90</gpxtpx:cad>
     </gpxtpx:TrackPointExtension>
    </extensions>
   </trkpt>
   <trkpt lat="46.7951390" lon="130.3142430">
    <ele>79.4</ele>
    <time>2025-09-07T00:00:34Z</time>
    <extensions>
     <power>357</power>
     <gpxtpx:TrackPointExtension>
      <gpxtpx:atemp>31</gpxtpx:atemp>
      <gpxtpx:hr>128</gpxtpx:hr>
      <gpxtpx:cad>89</gpxtpx:cad>
     </gpxtpx:TrackPointExtension>
    </extensions>
   </trkpt>
   <trkpt lat="46.7951420" lon="130.3142940">
    <ele>79.6</ele>
    <time>2025-09-07T00:00:35Z</time>
    <extensions>
     <power>354</power>
     <gpxtpx:TrackPointExtension>
      <gpxtpx:atemp>31</gpxtpx:atemp>
      <gpxtpx:hr>129</gpxtpx:hr>
      <gpxtpx:cad>89</gpxtpx:cad>
     </gpxtpx:TrackPointExtension>
    </extensions>
   </trkpt>
   <trkpt lat="46.7951440" lon="130.3143300">
    <ele>79.6</ele>
    <time>2025-09-07T00:00:36Z</time>
    <extensions>
     <power>353</power>
     <gpxtpx:TrackPointExtension>
      <gpxtpx:atemp>31</gpxtpx:atemp>
      <gpxtpx:hr>130</gpxtpx:hr>
      <gpxtpx:cad>90</gpxtpx:cad>
     </gpxtpx:TrackPointExtension>
    </extensions>
   </trkpt>
   <trkpt lat="46.7951470" lon="130.3143830">
    <ele>79.4</ele>
    <time>2025-09-07T00:00:37Z</time>
    <extensions>
     <power>350</power>
     <gpxtpx:TrackPointExtension>
      <gpxtpx:atemp>31</gpxtpx:atemp>
      <gpxtpx:hr>131</gpxtpx:hr>
      <gpxtpx:cad>90</gpxtpx:cad>
     </gpxtpx:TrackPointExtension>
    </extensions>
   </trkpt>
   <trkpt lat="46.7951500" lon="130.3144230">
    <ele>79.4</ele>
    <time>2025-09-07T00:00:38Z</time>
    <extensions>
     <power>349</power>
     <gpxtpx:TrackPointExtension>
      <gpxtpx:atemp>31</gpxtpx:atemp>
      <gpxtpx:hr>132</gpxtpx:hr>
      <gpxtpx:cad>90</gpxtpx:cad>
     </gpxtpx:TrackPointExtension>
    </extensions>
   </trkpt>
   <trkpt lat="46.7951580" lon="130.3144730">
    <ele>79.4</ele>
    <time>2025-09-07T00:00:39Z</time>
    <extensions>
     <power>350</power>
     <gpxtpx:TrackPointExtension>
      <gpxtpx:atemp>31</gpxtpx:atemp>
      <gpxtpx:hr>133</gpxtpx:hr>
      <gpxtpx:cad>90</gpxtpx:cad>
     </gpxtpx:TrackPointExtension>
    </extensions>
   </trkpt>
   <trkpt lat="46.7951560" lon="130.3145180">
    <ele>79.4</ele>
    <time>2025-09-07T00:00:40Z</time>
    <extensions>
     <power>350</power>
     <gpxtpx:TrackPointExtension>
      <gpxtpx:atemp>31</gpxtpx:atemp>
      <gpxtpx:hr>134</gpxtpx:hr>
      <gpxtpx:cad>90</gpxtpx:cad>
     </gpxtpx:TrackPointExtension>
    </extensions>
   </trkpt>
   <trkpt lat="46.7951590" lon="130.3145700">
    <ele>79.6</ele>
    <time>2025-09-07T00:00:41Z</time>
    <extensions>
     <power>355</power>
     <gpxtpx:TrackPointExtension>
      <gpxtpx:atemp>31</gpxtpx:atemp>
      <gpxtpx:hr>135</gpxtpx:hr>
      <gpxtpx:cad>90</gpxtpx:cad>
     </gpxtpx:TrackPointExtension>
    </extensions>
   </trkpt>
   <trkpt lat="46.7951580" lon="130.3146070">
    <ele>79.6</ele>
    <time>2025-09-07T00:00:42Z</time>
    <extensions>
     <power>359</power>
     <gpxtpx:TrackPointExtension>
      <gpxtpx:atemp>31</gpxtpx:atemp>
      <gpxtpx:hr>136</gpxtpx:hr>
      <gpxtpx:cad>89</gpxtpx:cad>
     </gpxtpx:TrackPointExtension>
    </extensions>
   </trkpt>
   <trkpt lat="46.7951590" lon="130.3146740">
    <ele>79.6</ele>
    <time>2025-09-07T00:00:43Z</time>
    <extensions>
     <power>357</power>
     <gpxtpx:TrackPointExtension>
      <gpxtpx:atemp>31</gpxtpx:atemp>
      <gpxtpx:hr>137</gpxtpx:hr>
      <gpxtpx:cad>89</gpxtpx:cad>
     </gpxtpx:TrackPointExtension>
    </extensions>
   </trkpt>
   <trkpt lat="46.7951570" lon="130.3147220">
    <ele>79.4</ele>
    <time>2025-09-07T00:00:44Z</time>
    <extensions>
     <power>359</power>
     <gpxtpx:TrackPointExtension>
      <gpxtpx:atemp>31</gpxtpx:atemp>
      <gpxtpx:hr>139</gpxtpx:hr>
      <gpxtpx:cad>89</gpxtpx:cad>
     </gpxtpx:TrackPointExtension>
    </extensions>
   </trkpt>
   <trkpt lat="46.7951610" lon="130.3147830">
    <ele>79.4</ele>
    <time>2025-09-07T00:00:45Z</time>
    <extensions>
     <power>363</power>
     <gpxtpx:TrackPointExtension>
      <gpxtpx:atemp>31</gpxtpx:atemp>
      <gpxtpx:hr>141</gpxtpx:hr>
      <gpxtpx:cad>89</gpxtpx:cad>
     </gpxtpx:TrackPointExtension>
    </extensions>
   </trkpt>
   <trkpt lat="46.7951570" lon="130.3148300">
    <ele>79.4</ele>
    <time>2025-09-07T00:00:46Z</time>
    <extensions>
     <power>369</power>
     <gpxtpx:TrackPointExtension>
      <gpxtpx:atemp>31</gpxtpx:atemp>
      <gpxtpx:hr>142</gpxtpx:hr>
      <gpxtpx:cad>89</gpxtpx:cad>
     </gpxtpx:TrackPointExtension>
    </extensions>
   </trkpt>
   <trkpt lat="46.7951630" lon="130.3148890">
    <ele>79.4</ele>
    <time>2025-09-07T00:00:47Z</time>
    <extensions>
     <power>376</power>
     <gpxtpx:TrackPointExtension>
      <gpxtpx:atemp>31</gpxtpx:atemp>
      <gpxtpx:hr>142</gpxtpx:hr>
      <gpxtpx:cad>90</gpxtpx:cad>
     </gpxtpx:TrackPointExtension>
    </extensions>
   </trkpt>
   <trkpt lat="46.7951620" lon="130.3149330">
    <ele>79.4</ele>
    <time>2025-09-07T00:00:48Z</time>
    <extensions>
     <power>376</power>
     <gpxtpx:TrackPointExtension>
      <gpxtpx:atemp>31</gpxtpx:atemp>
      <gpxtpx:hr>143</gpxtpx:hr>
      <gpxtpx:cad>90</gpxtpx:cad>
     </gpxtpx:TrackPointExtension>
    </extensions>
   </trkpt>
   <trkpt lat="46.7951680" lon="130.3149960">
    <ele>79.4</ele>
    <time>2025-09-07T00:00:49Z</time>
    <extensions>
     <power>379</power>
     <gpxtpx:TrackPointExtension>
      <gpxtpx:atemp>31</gpxtpx:atemp>
      <gpxtpx:hr>143</gpxtpx:hr>
      <gpxtpx:cad>90</gpxtpx:cad>
     </gpxtpx:TrackPointExtension>
    </extensions>
   </trkpt>
   <trkpt lat="46.7951690" lon="130.3150400">
    <ele>79.4</ele>
    <time>2025-09-07T00:00:50Z</time>
    <extensions>
     <power>377</power>
     <gpxtpx:TrackPointExtension>
      <gpxtpx:atemp>31</gpxtpx:atemp>
      <gpxtpx:hr>144</gpxtpx:hr>
      <gpxtpx:cad>90</gpxtpx:cad>
     </gpxtpx:TrackPointExtension>
    </extensions>
   </trkpt>
   <trkpt lat="46.7951760" lon="130.3151030">
    <ele>79.4</ele>
    <time>2025-09-07T00:00:51Z</time>
    <extensions>
     <power>377</power>
     <gpxtpx:TrackPointExtension>
      <gpxtpx:atemp>31</gpxtpx:atemp>
      <gpxtpx:hr>144</gpxtpx:hr>
      <gpxtpx:cad>90</gpxtpx:cad>
     </gpxtpx:TrackPointExtension>
    </extensions>
   </trkpt>
   <trkpt lat="46.7951740" lon="130.3151520">
    <ele>79.4</ele>
    <time>2025-09-07T00:00:52Z</time>
    <extensions>
     <power>377</power>
     <gpxtpx:TrackPointExtension>
      <gpxtpx:atemp>31</gpxtpx:atemp>
      <gpxtpx:hr>144</gpxtpx:hr>
      <gpxtpx:cad>90</gpxtpx:cad>
     </gpxtpx:TrackPointExtension>
    </extensions>
   </trkpt>
   <trkpt lat="46.7951760" lon="130.3152150">
    <ele>79.4</ele>
    <time>2025-09-07T00:00:53Z</time>
    <extensions>
     <power>377</power>
     <gpxtpx:TrackPointExtension>
      <gpxtpx:atemp>31</gpxtpx:atemp>
      <gpxtpx:hr>145</gpxtpx:hr>
      <gpxtpx:cad>90</gpxtpx:cad>
     </gpxtpx:TrackPointExtension>
    </extensions>
   </trkpt>
   <trkpt lat="46.7951710" lon="130.3152600">
    <ele>79.4</ele>
    <time>2025-09-07T00:00:54Z</time>
    <extensions>
     <power>378</power>
     <gpxtpx:TrackPointExtension>
      <gpxtpx:atemp>31</gpxtpx:atemp>
      <gpxtpx:hr>145</gpxtpx:hr>
      <gpxtpx:cad>89</gpxtpx:cad>
     </gpxtpx:TrackPointExtension>
    </extensions>
   </trkpt>
   <trkpt lat="46.7951720" lon="130.3153230">
    <ele>79.4</ele>
    <time>2025-09-07T00:00:55Z</time>
    <extensions>
     <power>380</power>
     <gpxtpx:TrackPointExtension>
      <gpxtpx:atemp>31</gpxtpx:atemp>
      <gpxtpx:hr>144</gpxtpx:hr>
      <gpxtpx:cad>89</gpxtpx:cad>
     </gpxtpx:TrackPointExtension>
    </extensions>
   </trkpt>
   <trkpt lat="46.7951640" lon="130.3153700">
    <ele>79.4</ele>
    <time>2025-09-07T00:00:56Z</time>
    <extensions>
     <power>381</power>
     <gpxtpx:TrackPointExtension>
      <gpxtpx:atemp>31</gpxtpx:atemp>
      <gpxtpx:hr>144</gpxtpx:hr>
      <gpxtpx:cad>89</gpxtpx:cad>
     </gpxtpx:TrackPointExtension>
    </extensions>
   </trkpt>
   <trkpt lat="46.7951670" lon="130.3154350">
    <ele>79.4</ele>
    <time>2025-09-07T00:00:57Z</time>
    <extensions>
     <power>383</power>
     <gpxtpx:TrackPointExtension>
      <gpxtpx:atemp>31</gpxtpx:atemp>
      <gpxtpx:hr>145</gpxtpx:hr>
      <gpxtpx:cad>89</gpxtpx:cad>
     </gpxtpx:TrackPointExtension>
    </extensions>
   </trkpt>
   <trkpt lat="46.7951710" lon="130.3154870">
    <ele>79.4</ele>
    <time>2025-09-07T00:00:58Z</time>
    <extensions>
     <power>386</power>
     <gpxtpx:TrackPointExtension>
      <gpxtpx:atemp>31</gpxtpx:atemp>
      <gpxtpx:hr>145</gpxtpx:hr>
      <gpxtpx:cad>89</gpxtpx:cad>
     </gpxtpx:TrackPointExtension>
    </extensions>
   </trkpt>
   <trkpt lat="46.7951760" lon="130.3155470">
    <ele>79.6</ele>
    <time>2025-09-07T00:00:59Z</time>
    <extensions>
     <power>389</power>
     <gpxtpx:TrackPointExtension>
      <gpxtpx:atemp>31</gpxtpx:atemp>
      <gpxtpx:hr>145</gpxtpx:hr>
      <gpxtpx:cad>90</gpxtpx:cad>
     </gpxtpx:TrackPointExtension>
    </extensions>
   </trkpt>
   <trkpt lat="46.7951750" lon="130.3155930">
    <ele>79.6</ele>
    <time>2025-09-07T00:01:00Z</time>
    <extensions>
     <power>391</power>
     <gpxtpx:TrackPointExtension>
      <gpxtpx:atemp>31</gpxtpx:atemp>
      <gpxtpx:hr>146</gpxtpx:hr>
      <gpxtpx:cad>90</gpxtpx:cad>
     </gpxtpx:TrackPointExtension>
    </extensions>
   </trkpt>
   <trkpt lat="46.7951800" lon="130.3156580">
    <ele>79.6</ele>
    <time>2025-09-07T00:01:01Z</time>
    <extensions>
     <power>392</power>
     <gpxtpx:TrackPointExtension>
      <gpxtpx:atemp>31</gpxtpx:atemp>
      <gpxtpx:hr>146</gpxtpx:hr>
      <gpxtpx:cad>90</gpxtpx:cad>
     </gpxtpx:TrackPointExtension>
    </extensions>
   </trkpt>
   <trkpt lat="46.7951780" lon="130.3157070">
    <ele>79.6</ele>
    <time>2025-09-07T00:01:02Z</time>
    <extensions>
     <power>393</power>
     <gpxtpx:TrackPointExtension>
      <gpxtpx:atemp>31</gpxtpx:atemp>
      <gpxtpx:hr>146</gpxtpx:hr>
      <gpxtpx:cad>90</gpxtpx:cad>
     </gpxtpx:TrackPointExtension>
    </extensions>
   </trkpt>
   <trkpt lat="46.7951810" lon="130.3157750">
    <ele>79.4</ele>
    <time>2025-09-07T00:01:03Z</time>
    <extensions>
     <power>392</power>
     <gpxtpx:TrackPointExtension>
      <gpxtpx:atemp>31</gpxtpx:atemp>
      <gpxtpx:hr>146</gpxtpx:hr>
      <gpxtpx:cad>90</gpxtpx:cad>
     </gpxtpx:TrackPointExtension>
    </extensions>
   </trkpt>
   <trkpt lat="46.7951770" lon="130.3158210">
    <ele>79.4</ele>
    <time>2025-09-07T00:01:04Z</time>
    <extensions>
     <power>391</power>
     <gpxtpx:TrackPointExtension>
      <gpxtpx:atemp>31</gpxtpx:atemp>
      <gpxtpx:hr>146</gpxtpx:hr>
      <gpxtpx:cad>90</gpxtpx:cad>
     </gpxtpx:TrackPointExtension>
    </extensions>
   </trkpt>
   <trkpt lat="46.7951800" lon="130.3158830">
    <ele>79.4</ele>
    <time>2025-09-07T00:01:05Z</time>
    <extensions>
     <power>393</power>
     <gpxtpx:TrackPointExtension>
      <gpxtpx:atemp>31</gpxtpx:atemp>
      <gpxtpx:hr>146</gpxtpx:hr>
      <gpxtpx:cad>90</gpxtpx:cad>
     </gpxtpx:TrackPointExtension>
    </extensions>
   </trkpt>
   <trkpt lat="46.7951780" lon="130.3159310">
    <ele>79.4</ele>
    <time>2025-09-07T00:01:06Z</time>
    <extensions>
     <power>394</power>
     <gpxtpx:TrackPointExtension>
      <gpxtpx:atemp>31</gpxtpx:atemp>
      <gpxtpx:hr>147</gpxtpx:hr>
      <gpxtpx:cad>90</gpxtpx:cad>
     </gpxtpx:TrackPointExtension>
    </extensions>
   </trkpt>
   <trkpt lat="46.7951830" lon="130.3159920">
    <ele>79.4</ele>
    <time>2025-09-07T00:01:07Z</time>
    <extensions>
     <power>396</power>
     <gpxtpx:TrackPointExtension>
      <gpxtpx:atemp>30</gpxtpx:atemp>
      <gpxtpx:hr>147</gpxtpx:hr>
      <gpxtpx:cad>90</gpxtpx:cad>
     </gpxtpx:TrackPointExtension>
    </extensions>
   </trkpt>
   <trkpt lat="46.7951780" lon="130.3160350">
    <ele>79.4</ele>
    <time>2025-09-07T00:01:08Z</time>
    <extensions>
     <power>396</power>
     <gpxtpx:TrackPointExtension>
      <gpxtpx:atemp>31</gpxtpx:atemp>
      <gpxtpx:hr>147</gpxtpx:hr>
      <gpxtpx:cad>90</gpxtpx:cad>
     </gpxtpx:TrackPointExtension>
    </extensions>
   </trkpt>
   <trkpt lat="46.7951810" lon="130.3160910">
    <ele>79.4</ele>
    <time>2025-09-07T00:01:09Z</time>
    <extensions>
     <power>396</power>
     <gpxtpx:TrackPointExtension>
      <gpxtpx:atemp>31</gpxtpx:atemp>
      <gpxtpx:hr>147</gpxtpx:hr>
      <gpxtpx:cad>90</gpxtpx:cad>
     </gpxtpx:TrackPointExtension>
    </extensions>
   </trkpt>
   <trkpt lat="46.7951790" lon="130.3161340">
    <ele>79.4</ele>
    <time>2025-09-07T00:01:10Z</time>
    <extensions>
     <power>395</power>
     <gpxtpx:TrackPointExtension>
      <gpxtpx:atemp>31</gpxtpx:atemp>
      <gpxtpx:hr>147</gpxtpx:hr>
      <gpxtpx:cad>90</gpxtpx:cad>
     </gpxtpx:TrackPointExtension>
    </extensions>
   </trkpt>
   <trkpt lat="46.7951850" lon="130.3161940">
    <ele>79.4</ele>
    <time>2025-09-07T00:01:11Z</time>
    <extensions>
     <power>393</power>
     <gpxtpx:TrackPointExtension>
      <gpxtpx:atemp>31</gpxtpx:atemp>
      <gpxtpx:hr>147</gpxtpx:hr>
      <gpxtpx:cad>89</gpxtpx:cad>
     </gpxtpx:TrackPointExtension>
    </extensions>
   </trkpt>
   <trkpt lat="46.7951830" lon="130.3162350">
    <ele>79.4</ele>
    <time>2025-09-07T00:01:12Z</time>
    <extensions>
     <power>396</power>
     <gpxtpx:TrackPointExtension>
      <gpxtpx:atemp>30</gpxtpx:atemp>
      <gpxtpx:hr>148</gpxtpx:hr>
      <gpxtpx:cad>89</gpxtpx:cad>
     </gpxtpx:TrackPointExtension>
    </extensions>
   </trkpt>
   <trkpt lat="46.7951870" lon="130.3162990">
    <ele>79.4</ele>
    <time>2025-09-07T00:01:13Z</time>
    <extensions>
     <power>396</power>
     <gpxtpx:TrackPointExtension>
      <gpxtpx:atemp>30</gpxtpx:atemp>
      <gpxtpx:hr>148</gpxtpx:hr>
      <gpxtpx:cad>89</gpxtpx:cad>
     </gpxtpx:TrackPointExtension>
    </extensions>
   </trkpt>
   <trkpt lat="46.7951850" lon="130.3163450">
    <ele>79.4</ele>
    <time>2025-09-07T00:01:14Z</time>
    <extensions>
     <power>399</power>
     <gpxtpx:TrackPointExtension>
      <gpxtpx:atemp>30</gpxtpx:atemp>
      <gpxtpx:hr>148</gpxtpx:hr>
      <gpxtpx:cad>89</gpxtpx:cad>
     </gpxtpx:TrackPointExtension>
    </extensions>
   </trkpt>
   <trkpt lat="46.7951880" lon="130.3164070">
    <ele>79.4</ele>
    <time>2025-09-07T00:01:15Z</time>
    <extensions>
     <power>398</power>
     <gpxtpx:TrackPointExtension>
      <gpxtpx:atemp>30</gpxtpx:atemp>
      <gpxtpx:hr>149</gpxtpx:hr>
      <gpxtpx:cad>89</gpxtpx:cad>
     </gpxtpx:TrackPointExtension>
    </extensions>
   </trkpt>
   <trkpt lat="46.7951840" lon="130.3164550">
    <ele>79.4</ele>
    <time>2025-09-07T00:01:16Z</time>
    <extensions>
     <power>398</power>
     <gpxtpx:TrackPointExtension>
      <gpxtpx:atemp>30</gpxtpx:atemp>
      <gpxtpx:hr>150</gpxtpx:hr>
      <gpxtpx:cad>90</gpxtpx:cad>
     </gpxtpx:TrackPointExtension>
    </extensions>
   </trkpt>
   <trkpt lat="46.7951870" lon="130.3165180">
    <ele>79.6</ele>
    <time>2025-09-07T00:01:17Z</time>
    <extensions>
     <power>399</power>
     <gpxtpx:TrackPointExtension>
      <gpxtpx:atemp>30</gpxtpx:atemp>
      <gpxtpx:hr>150</gpxtpx:hr>
      <gpxtpx:cad>90</gpxtpx:cad>
     </gpxtpx:TrackPointExtension>
    </extensions>
   </trkpt>
   <trkpt lat="46.7951870" lon="130.3165660">
    <ele>79.6</ele>
    <time>2025-09-07T00:01:18Z</time>
    <extensions>
     <power>399</power>
     <gpxtpx:TrackPointExtension>
      <gpxtpx:atemp>30</gpxtpx:atemp>
      <gpxtpx:hr>151</gpxtpx:hr>
      <gpxtpx:cad>89</gpxtpx:cad>
     </gpxtpx:TrackPointExtension>
    </extensions>
   </trkpt>
   <trkpt lat="46.7951920" lon="130.3166240">
    <ele>79.6</ele>
    <time>2025-09-07T00:01:19Z</time>
    <extensions>
     <power>403</power>
     <gpxtpx:TrackPointExtension>
      <gpxtpx:atemp>30</gpxtpx:atemp>
      <gpxtpx:hr>151</gpxtpx:hr>
      <gpxtpx:cad>89</gpxtpx:cad>
     </gpxtpx:TrackPointExtension>
    </extensions>
   </trkpt>
   <trkpt lat="46.7951860" lon="130.3166720">
    <ele>79.6</ele>
    <time>2025-09-07T00:01:20Z</time>
    <extensions>
     <power>404</power>
     <gpxtpx:TrackPointExtension>
      <gpxtpx:atemp>30</gpxtpx:atemp>
      <gpxtpx:hr>151</gpxtpx:hr>
      <gpxtpx:cad>89</gpxtpx:cad>
     </gpxtpx:TrackPointExtension>
    </extensions>
   </trkpt>
   <trkpt lat="46.7951890" lon="130.3167360">
    <ele>79.6</ele>
    <time>2025-09-07T00:01:21Z</time>
    <extensions>
     <power>403</power>
     <gpxtpx:TrackPointExtension>
      <gpxtpx:atemp>30</gpxtpx:atemp>
      <gpxtpx:hr>152</gpxtpx:hr>
      <gpxtpx:cad>89</gpxtpx:cad>
     </gpxtpx:TrackPointExtension>
    </extensions>
   </trkpt>
   <trkpt lat="46.7951890" lon="130.3167830">
    <ele>79.6</ele>
    <time>2025-09-07T00:01:22Z</time>
    <extensions>
     <power>403</power>
     <gpxtpx:TrackPointExtension>
      <gpxtpx:atemp>30</gpxtpx:atemp>
      <gpxtpx:hr>152</gpxtpx:hr>
      <gpxtpx:cad>89</gpxtpx:cad>
     </gpxtpx:TrackPointExtension>
    </extensions>
   </trkpt>
   <trkpt lat="46.7951940" lon="130.3168430">
    <ele>79.6</ele>
    <time>2025-09-07T00:01:23Z</time>
    <extensions>
     <power>406</power>
     <gpxtpx:TrackPointExtension>
      <gpxtpx:atemp>30</gpxtpx:atemp>
      <gpxtpx:hr>152</gpxtpx:hr>
      <gpxtpx:cad>89</gpxtpx:cad>
     </gpxtpx:TrackPointExtension>
    </extensions>
   </trkpt>
   <trkpt lat="46.7951940" lon="130.3168900">
    <ele>79.8</ele>
    <time>2025-09-07T00:01:24Z</time>
    <extensions>
     <power>407</power>
     <gpxtpx:TrackPointExtension>
      <gpxtpx:atemp>30</gpxtpx:atemp>
      <gpxtpx:hr>153</gpxtpx:hr>
      <gpxtpx:cad>89</gpxtpx:cad>
     </gpxtpx:TrackPointExtension>
    </extensions>
   </trkpt>
   <trkpt lat="46.7951970" lon="130.3169440">
    <ele>79.8</ele>
    <time>2025-09-07T00:01:25Z</time>
    <extensions>
     <power>409</power>
     <gpxtpx:TrackPointExtension>
      <gpxtpx:atemp>30</gpxtpx:atemp>
      <gpxtpx:hr>153</gpxtpx:hr>
      <gpxtpx:cad>89</gpxtpx:cad>
     </gpxtpx:TrackPointExtension>
    </extensions>
   </trkpt>
   <trkpt lat="46.7951950" lon="130.3169840">
    <ele>79.8</ele>
    <time>2025-09-07T00:01:26Z</time>
    <extensions>
     <power>409</power>
     <gpxtpx:TrackPointExtension>
      <gpxtpx:atemp>30</gpxtpx:atemp>
      <gpxtpx:hr>153</gpxtpx:hr>
      <gpxtpx:cad>89</gpxtpx:cad>
     </gpxtpx:TrackPointExtension>
    </extensions>
   </trkpt>
   <trkpt lat="46.7951950" lon="130.3170320">
    <ele>79.8</ele>
    <time>2025-09-07T00:01:27Z</time>
    <extensions>
     <power>406</power>
     <gpxtpx:TrackPointExtension>
      <gpxtpx:atemp>30</gpxtpx:atemp>
      <gpxtpx:hr>153</gpxtpx:hr>
      <gpxtpx:cad>89</gpxtpx:cad>
     </gpxtpx:TrackPointExtension>
    </extensions>
   </trkpt>
   <trkpt lat="46.7951960" lon="130.3170770">
    <ele>79.8</ele>
    <time>2025-09-07T00:01:28Z</time>
    <extensions>
     <power>405</power>
     <gpxtpx:TrackPointExtension>
      <gpxtpx:atemp>30</gpxtpx:atemp>
      <gpxtpx:hr>154</gpxtpx:hr>
      <gpxtpx:cad>90</gpxtpx:cad>
     </gpxtpx:TrackPointExtension>
    </extensions>
   </trkpt>
   <trkpt lat="46.7951940" lon="130.3171330">
    <ele>79.8</ele>
    <time>2025-09-07T00:01:29Z</time>
    <extensions>
     <power>403</power>
     <gpxtpx:TrackPointExtension>
      <gpxtpx:atemp>30</gpxtpx:atemp>
      <gpxtpx:hr>154</gpxtpx:hr>
      <gpxtpx:cad>90</gpxtpx:cad>
     </gpxtpx:TrackPointExtension>
    </extensions>
   </trkpt>
   <trkpt lat="46.7951900" lon="130.3171770">
    <ele>79.6</ele>
    <time>2025-09-07T00:01:30Z</time>
    <extensions>
     <power>401</power>
     <gpxtpx:TrackPointExtension>
      <gpxtpx:atemp>30</gpxtpx:atemp>
      <gpxtpx:hr>154</gpxtpx:hr>
      <gpxtpx:cad>90</gpxtpx:cad>
     </gpxtpx:TrackPointExtension>
    </extensions>
   </trkpt>
   <trkpt lat="46.7951920" lon="130.3172340">
    <ele>79.8</ele>
    <time>2025-09-07T00:01:31Z</time>
    <extensions>
     <power>401</power>
     <gpxtpx:TrackPointExtension>
      <gpxtpx:atemp>30</gpxtpx:atemp>
      <gpxtpx:hr>155</gpxtpx:hr>
      <gpxtpx:cad>90</gpxtpx:cad>
     </gpxtpx:TrackPointExtension>
    </extensions>
   </trkpt>
   <trkpt lat="46.7951880" lon="130.3172850">
    <ele>79.8</ele>
    <time>2025-09-07T00:01:32Z</time>
    <extensions>
     <power>400</power>
     <gpxtpx:TrackPointExtension>
      <gpxtpx:atemp>30</gpxtpx:atemp>
      <gpxtpx:hr>155</gpxtpx:hr>
      <gpxtpx:cad>90</gpxtpx:cad>
     </gpxtpx:TrackPointExtension>
    </extensions>
   </trkpt>
   <trkpt lat="46.7951830" lon="130.3173410">
    <ele>79.8</ele>
    <time>2025-09-07T00:01:33Z</time>
    <extensions>
     <power>399</power>
     <gpxtpx:TrackPointExtension>
      <gpxtpx:atemp>30</gpxtpx:atemp>
      <gpxtpx:hr>155</gpxtpx:hr>
      <gpxtpx:cad>89</gpxtpx:cad>
     </gpxtpx:TrackPointExtension>
    </extensions>
   </trkpt>
   <trkpt lat="46.7951820" lon="130.3173890">
    <ele>79.6</ele>
    <time>2025-09-07T00:01:34Z</time>
    <extensions>
     <power>400</power>
     <gpxtpx:TrackPointExtension>
      <gpxtpx:atemp>30</gpxtpx:atemp>
      <gpxtpx:hr>155</gpxtpx:hr>
      <gpxtpx:cad>89</gpxtpx:cad>
     </gpxtpx:TrackPointExtension>
    </extensions>
   </trkpt>
   <trkpt lat="46.7951840" lon="130.3174490">
    <ele>79.6</ele>
    <time>2025-09-07T00:01:35Z</time>
    <extensions>
     <power>399</power>
     <gpxtpx:TrackPointExtension>
      <gpxtpx:atemp>30</gpxtpx:atemp>
      <gpxtpx:hr>156</gpxtpx:hr>
      <gpxtpx:cad>89</gpxtpx:cad>
     </gpxtpx:TrackPointExtension>
    </extensions>
   </trkpt>
   <trkpt lat="46.7951840" lon="130.3174940">
    <ele>79.6</ele>
    <time>2025-09-07T00:01:36Z</time>
    <extensions>
     <power>398</power>
     <gpxtpx:TrackPointExtension>
      <gpxtpx:atemp>30</gpxtpx:atemp>
      <gpxtpx:hr>156</gpxtpx:hr>
      <gpxtpx:cad>90</gpxtpx:cad>
     </gpxtpx:TrackPointExtension>
    </extensions>
   </trkpt>
   <trkpt lat="46.7951940" lon="130.3175530">
    <ele>79.6</ele>
    <time>2025-09-07T00:01:37Z</time>
    <extensions>
     <power>398</power>
     <gpxtpx:TrackPointExtension>
      <gpxtpx:atemp>30</gpxtpx:atemp>
      <gpxtpx:hr>156</gpxtpx:hr>
      <gpxtpx:cad>90</gpxtpx:cad>
     </gpxtpx:TrackPointExtension>
    </extensions>
   </trkpt>
   <trkpt lat="46.7951940" lon="130.3175970">
    <ele>79.6</ele>
    <time>2025-09-07T00:01:38Z</time>
    <extensions>
     <power>398</power>
     <gpxtpx:TrackPointExtension>
      <gpxtpx:atemp>30</gpxtpx:atemp>
      <gpxtpx:hr>156</gpxtpx:hr>
      <gpxtpx:cad>90</gpxtpx:cad>
     </gpxtpx:TrackPointExtension>
    </extensions>
   </trkpt>
   <trkpt lat="46.7952000" lon="130.3176520">
    <ele>79.6</ele>
    <time>2025-09-07T00:01:39Z</time>
    <extensions>
     <power>399</power>
     <gpxtpx:TrackPointExtension>
      <gpxtpx:atemp>30</gpxtpx:atemp>
      <gpxtpx:hr>156</gpxtpx:hr>
      <gpxtpx:cad>90</gpxtpx:cad>
     </gpxtpx:TrackPointExtension>
    </extensions>
   </trkpt>
   <trkpt lat="46.7951980" lon="130.3176950">
    <ele>79.6</ele>
    <time>2025-09-07T00:01:40Z</time>
    <extensions>
     <power>399</power>
     <gpxtpx:TrackPointExtension>
      <gpxtpx:atemp>30</gpxtpx:atemp>
      <gpxtpx:hr>156</gpxtpx:hr>
      <gpxtpx:cad>90</gpxtpx:cad>
     </gpxtpx:TrackPointExtension>
    </extensions>
   </trkpt>
   <trkpt lat="46.7952030" lon="130.3177570">
    <ele>79.6</ele>
    <time>2025-09-07T00:01:41Z</time>
    <extensions>
     <power>399</power>
     <gpxtpx:TrackPointExtension>
      <gpxtpx:atemp>30</gpxtpx:atemp>
      <gpxtpx:hr>156</gpxtpx:hr>
      <gpxtpx:cad>90</gpxtpx:cad>
     </gpxtpx:TrackPointExtension>
    </extensions>
   </trkpt>
   <trkpt lat="46.7952000" lon="130.3178030">
    <ele>79.6</ele>
    <time>2025-09-07T00:01:42Z</time>
    <extensions>
     <power>399</power>
     <gpxtpx:TrackPointExtension>
      <gpxtpx:atemp>30</gpxtpx:atemp>
      <gpxtpx:hr>156</gpxtpx:hr>
      <gpxtpx:cad>89</gpxtpx:cad>
     </gpxtpx:TrackPointExtension>
    </extensions>
   </trkpt>
   <trkpt lat="46.7952030" lon="130.3178650">
    <ele>79.6</ele>
    <time>2025-09-07T00:01:43Z</time>
    <extensions>
     <power>401</power>
     <gpxtpx:TrackPointExtension>
      <gpxtpx:atemp>30</gpxtpx:atemp>
      <gpxtpx:hr>156</gpxtpx:hr>
      <gpxtpx:cad>89</gpxtpx:cad>
     </gpxtpx:TrackPointExtension>
    </extensions>
   </trkpt>
   <trkpt lat="46.7952020" lon="130.3179200">
    <ele>79.8</ele>
    <time>2025-09-07T00:01:44Z</time>
    <extensions>
     <power>401</power>
     <gpxtpx:TrackPointExtension>
      <gpxtpx:atemp>30</gpxtpx:atemp>
      <gpxtpx:hr>157</gpxtpx:hr>
      <gpxtpx:cad>89</gpxtpx:cad>
     </gpxtpx:TrackPointExtension>
    </extensions>
   </trkpt>
   <trkpt lat="46.7952100" lon="130.3179740">
    <ele>79.8</ele>
    <time>2025-09-07T00:01:45Z</time>
    <extensions>
     <power>400</power>
     <gpxtpx:TrackPointExtension>
      <gpxtpx:atemp>30</gpxtpx:atemp>
      <gpxtpx:hr>156</gpxtpx:hr>
      <gpxtpx:cad>89</gpxtpx:cad>
     </gpxtpx:TrackPointExtension>
    </extensions>
   </trkpt>
   <trkpt lat="46.7952130" lon="130.3180150">
    <ele>79.8</ele>
    <time>2025-09-07T00:01:46Z</time>
    <extensions>
     <power>401</power>
     <gpxtpx:TrackPointExtension>
      <gpxtpx:atemp>30</gpxtpx:atemp>
      <gpxtpx:hr>156</gpxtpx:hr>
      <gpxtpx:cad>89</gpxtpx:cad>
     </gpxtpx:TrackPointExtension>
    </extensions>
   </trkpt>
   <trkpt lat="46.7952190" lon="130.3180730">
    <ele>79.8</ele>
    <time>2025-09-07T00:01:47Z</time>
    <extensions>
     <power>400</power>
     <gpxtpx:TrackPointExtension>
      <gpxtpx:atemp>30</gpxtpx:atemp>
      <gpxtpx:hr>157</gpxtpx:hr>
      <gpxtpx:cad>89</gpxtpx:cad>
     </gpxtpx:TrackPointExtension>
    </extensions>
   </trkpt>
   <trkpt lat="46.7952190" lon="130.3181160">
    <ele>79.8</ele>
    <time>2025-09-07T00:01:48Z</time>
    <extensions>
     <power>400</power>
     <gpxtpx:TrackPointExtension>
      <gpxtpx:atemp>30</gpxtpx:atemp>
      <gpxtpx:hr>157</gpxtpx:hr>
      <gpxtpx:cad>89</gpxtpx:cad>
     </gpxtpx:TrackPointExtension>
    </extensions>
   </trkpt>
   <trkpt lat="46.7952260" lon="130.3181730">
    <ele>79.8</ele>
    <time>2025-09-07T00:01:49Z</time>
    <extensions>
     <power>400</power>
     <gpxtpx:TrackPointExtension>
      <gpxtpx:atemp>30</gpxtpx:atemp>
      <gpxtpx:hr>157</gpxtpx:hr>
      <gpxtpx:cad>89</gpxtpx:cad>
     </gpxtpx:TrackPointExtension>
    </extensions>
   </trkpt>
   <trkpt lat="46.7952270" lon="130.3182150">
    <ele>79.6</ele>
    <time>2025-09-07T00:01:50Z</time>
    <extensions>
     <power>399</power>
     <gpxtpx:TrackPointExtension>
      <gpxtpx:atemp>30</gpxtpx:atemp>
      <gpxtpx:hr>157</gpxtpx:hr>
      <gpxtpx:cad>90</gpxtpx:cad>
     </gpxtpx:TrackPointExtension>
    </extensions>
   </trkpt>
   <trkpt lat="46.7952320" lon="130.3182710">
    <ele>79.6</ele>
    <time>2025-09-07T00:01:51Z</time>
    <extensions>
     <power>397</power>
     <gpxtpx:TrackPointExtension>
      <gpxtpx:atemp>30</gpxtpx:atemp>
      <gpxtpx:hr>157</gpxtpx:hr>
      <gpxtpx:cad>90</gpxtpx:cad>
     </gpxtpx:TrackPointExtension>
    </extensions>
   </trkpt>
   <trkpt lat="46.7952290" lon="130.3183120">
    <ele>79.8</ele>
    <time>2025-09-07T00:01:52Z</time>
    <extensions>
     <power>397</power>
     <gpxtpx:TrackPointExtension>
      <gpxtpx:atemp>30</gpxtpx:atemp>
      <gpxtpx:hr>157</gpxtpx:hr>
      <gpxtpx:cad>89</gpxtpx:cad>
     </gpxtpx:TrackPointExtension>
    </extensions>
   </trkpt>
   <trkpt lat="46.7952320" lon="130.3183720">
    <ele>79.8</ele>
    <time>2025-09-07T00:01:53Z</time>
    <extensions>
     <power>397</power>
     <gpxtpx:TrackPointExtension>
      <gpxtpx:atemp>30</gpxtpx:atemp>
      <gpxtpx:hr>157</gpxtpx:hr>
      <gpxtpx:cad>89</gpxtpx:cad>
     </gpxtpx:TrackPointExtension>
    </extensions>
   </trkpt>
   <trkpt lat="46.7952290" lon="130.3184150">
    <ele>79.8</ele>
    <time>2025-09-07T00:01:54Z</time>
    <extensions>
     <power>396</power>
     <gpxtpx:TrackPointExtension>
      <gpxtpx:atemp>30</gpxtpx:atemp>
      <gpxtpx:hr>158</gpxtpx:hr>
      <gpxtpx:cad>89</gpxtpx:cad>
     </gpxtpx:TrackPointExtension>
    </extensions>
   </trkpt>
   <trkpt lat="46.7952330" lon="130.3184720">
    <ele>79.8</ele>
    <time>2025-09-07T00:01:55Z</time>
    <extensions>
     <power>396</power>
     <gpxtpx:TrackPointExtension>
      <gpxtpx:atemp>30</gpxtpx:atemp>
      <gpxtpx:hr>157</gpxtpx:hr>
      <gpxtpx:cad>89</gpxtpx:cad>
     </gpxtpx:TrackPointExtension>
    </extensions>
   </trkpt>
   <trkpt lat="46.7952320" lon="130.3185160">
    <ele>79.8</ele>
    <time>2025-09-07T00:01:56Z</time>
    <extensions>
     <power>396</power>
     <gpxtpx:TrackPointExtension>
      <gpxtpx:atemp>30</gpxtpx:atemp>
      <gpxtpx:hr>158</gpxtpx:hr>
      <gpxtpx:cad>89</gpxtpx:cad>
     </gpxtpx:TrackPointExtension>
    </extensions>
   </trkpt>
   <trkpt lat="46.7952380" lon="130.3185730">
    <ele>79.8</ele>
    <time>2025-09-07T00:01:57Z</time>
    <extensions>
     <power>396</power>
     <gpxtpx:TrackPointExtension>
      <gpxtpx:atemp>30</gpxtpx:atemp>
      <gpxtpx:hr>158</gpxtpx:hr>
      <gpxtpx:cad>89</gpxtpx:cad>
     </gpxtpx:TrackPointExtension>
    </extensions>
   </trkpt>
   <trkpt lat="46.7952370" lon="130.3186100">
    <ele>79.8</ele>
    <time>2025-09-07T00:01:58Z</time>
    <extensions>
     <power>396</power>
     <gpxtpx:TrackPointExtension>
      <gpxtpx:atemp>30</gpxtpx:atemp>
      <gpxtpx:hr>158</gpxtpx:hr>
      <gpxtpx:cad>89</gpxtpx:cad>
     </gpxtpx:TrackPointExtension>
    </extensions>
   </trkpt>
   <trkpt lat="46.7952430" lon="130.3186660">
    <ele>79.8</ele>
    <time>2025-09-07T00:01:59Z</time>
    <extensions>
     <power>395</power>
     <gpxtpx:TrackPointExtension>
      <gpxtpx:atemp>30</gpxtpx:atemp>
      <gpxtpx:hr>158</gpxtpx:hr>
      <gpxtpx:cad>89</gpxtpx:cad>
     </gpxtpx:TrackPointExtension>
    </extensions>
   </trkpt>
   <trkpt lat="46.7952440" lon="130.3187090">
    <ele>80.0</ele>
    <time>2025-09-07T00:02:00Z</time>
    <extensions>
     <power>395</power>
     <gpxtpx:TrackPointExtension>
      <gpxtpx:atemp>30</gpxtpx:atemp>
      <gpxtpx:hr>158</gpxtpx:hr>
      <gpxtpx:cad>89</gpxtpx:cad>
     </gpxtpx:TrackPointExtension>
    </extensions>
   </trkpt>
   <trkpt lat="46.7952480" lon="130.3187650">
    <ele>80.0</ele>
    <time>2025-09-07T00:02:01Z</time>
    <extensions>
     <power>395</power>
     <gpxtpx:TrackPointExtension>
      <gpxtpx:atemp>30</gpxtpx:atemp>
      <gpxtpx:hr>159</gpxtpx:hr>
      <gpxtpx:cad>89</gpxtpx:cad>
     </gpxtpx:TrackPointExtension>
    </extensions>
   </trkpt>
   <trkpt lat="46.7952450" lon="130.3188080">
    <ele>80.0</ele>
    <time>2025-09-07T00:02:02Z</time>
    <extensions>
     <power>395</power>
     <gpxtpx:TrackPointExtension>
      <gpxtpx:atemp>30</gpxtpx:atemp>
      <gpxtpx:hr>159</gpxtpx:hr>
      <gpxtpx:cad>89</gpxtpx:cad>
     </gpxtpx:TrackPointExtension>
    </extensions>
   </trkpt>
   <trkpt lat="46.7952500" lon="130.3188610">
    <ele>80.0</ele>
    <time>2025-09-07T00:02:03Z</time>
    <extensions>
     <power>395</power>
     <gpxtpx:TrackPointExtension>
      <gpxtpx:atemp>30</gpxtpx:atemp>
      <gpxtpx:hr>159</gpxtpx:hr>
      <gpxtpx:cad>89</gpxtpx:cad>
     </gpxtpx:TrackPointExtension>
    </extensions>
   </trkpt>
   <trkpt lat="46.7952510" lon="130.3189040">
    <ele>80.0</ele>
    <time>2025-09-07T00:02:04Z</time>
    <extensions>
     <power>395</power>
     <gpxtpx:TrackPointExtension>
      <gpxtpx:atemp>30</gpxtpx:atemp>
      <gpxtpx:hr>160</gpxtpx:hr>
      <gpxtpx:cad>89</gpxtpx:cad>
     </gpxtpx:TrackPointExtension>
    </extensions>
   </trkpt>
   <trkpt lat="46.7952550" lon="130.3189610">
    <ele>80.0</ele>
    <time>2025-09-07T00:02:05Z</time>
    <extensions>
     <power>395</power>
     <gpxtpx:TrackPointExtension>
      <gpxtpx:atemp>30</gpxtpx:atemp>
      <gpxtpx:hr>160</gpxtpx:hr>
      <gpxtpx:cad>90</gpxtpx:cad>
     </gpxtpx:TrackPointExtension>
    </extensions>
   </trkpt>
   <trkpt lat="46.7952550" lon="130.3190010">
    <ele>80.0</ele>
    <time>2025-09-07T00:02:06Z</time>
    <extensions>
     <power>393</power>
     <gpxtpx:TrackPointExtension>
      <gpxtpx:atemp>30</gpxtpx:atemp>
      <gpxtpx:hr>160</gpxtpx:hr>
      <gpxtpx:cad>90</gpxtpx:cad>
     </gpxtpx:TrackPointExtension>
    </extensions>
   </trkpt>
   <trkpt lat="46.7952590" lon="130.3190530">
    <ele>80.0</ele>
    <time>2025-09-07T00:02:07Z</time>
    <extensions>
     <power>391</power>
     <gpxtpx:TrackPointExtension>
      <gpxtpx:atemp>30</gpxtpx:atemp>
      <gpxtpx:hr>160</gpxtpx:hr>
      <gpxtpx:cad>90</gpxtpx:cad>
     </gpxtpx:TrackPointExtension>
    </extensions>
   </trkpt>
   <trkpt lat="46.7952560" lon="130.3190990">
    <ele>80.0</ele>
    <time>2025-09-07T00:02:08Z</time>
    <extensions>
     <power>390</power>
     <gpxtpx:TrackPointExtension>
      <gpxtpx:atemp>30</gpxtpx:atemp>
      <gpxtpx:hr>160</gpxtpx:hr>
      <gpxtpx:cad>90</gpxtpx:cad>
     </gpxtpx:TrackPointExtension>
    </extensions>
   </trkpt>
   <trkpt lat="46.7952620" lon="130.3191650">
    <ele>80.0</ele>
    <time>2025-09-07T00:02:09Z</time>
    <extensions>
     <power>391</power>
     <gpxtpx:TrackPointExtension>
      <gpxtpx:atemp>30</gpxtpx:atemp>
      <gpxtpx:hr>161</gpxtpx:hr>
      <gpxtpx:cad>90</gpxtpx:cad>
     </gpxtpx:TrackPointExtension>
    </extensions>
   </trkpt>
   <trkpt lat="46.7952590" lon="130.3192140">
    <ele>80.0</ele>
    <time>2025-09-07T00:02:10Z</time>
    <extensions>
     <power>391</power>
     <gpxtpx:TrackPointExtension>
      <gpxtpx:atemp>30</gpxtpx:atemp>
      <gpxtpx:hr>161</gpxtpx:hr>
      <gpxtpx:cad>90</gpxtpx:cad>
     </gpxtpx:TrackPointExtension>
    </extensions>
   </trkpt>
   <trkpt lat="46.7952610" lon="130.3192780">
    <ele>80.0</ele>
    <time>2025-09-07T00:02:11Z</time>
    <extensions>
     <power>391</power>
     <gpxtpx:TrackPointExtension>
      <gpxtpx:atemp>30</gpxtpx:atemp>
      <gpxtpx:hr>161</gpxtpx:hr>
      <gpxtpx:cad>90</gpxtpx:cad>
     </gpxtpx:TrackPointExtension>
    </extensions>
   </trkpt>
   <trkpt lat="46.7952570" lon="130.3193260">
    <ele>79.8</ele>
    <time>2025-09-07T00:02:12Z</time>
    <extensions>
     <power>391</power>
     <gpxtpx:TrackPointExtension>
      <gpxtpx:atemp>30</gpxtpx:atemp>
      <gpxtpx:hr>161</gpxtpx:hr>
      <gpxtpx:cad>90</gpxtpx:cad>
     </gpxtpx:TrackPointExtension>
    </extensions>
   </trkpt>
   <trkpt lat="46.7952620" lon="130.3193890">
    <ele>79.8</ele>
    <time>2025-09-07T00:02:13Z</time>
    <extensions>
     <power>392</power>
     <gpxtpx:TrackPointExtension>
      <gpxtpx:atemp>30</gpxtpx:atemp>
      <gpxtpx:hr>161</gpxtpx:hr>
      <gpxtpx:cad>90</gpxtpx:cad>
     </gpxtpx:TrackPointExtension>
    </extensions>
   </trkpt>
   <trkpt lat="46.7952600" lon="130.3194340">
    <ele>79.8</ele>
    <time>2025-09-07T00:02:14Z</time>
    <extensions>
     <power>394</power>
     <gpxtpx:TrackPointExtension>
      <gpxtpx:atemp>30</gpxtpx:atemp>
      <gpxtpx:hr>161</gpxtpx:hr>
      <gpxtpx:cad>90</gpxtpx:cad>
     </gpxtpx:TrackPointExtension>
    </extensions>
   </trkpt>
   <trkpt lat="46.7952740" lon="130.3194880">
    <ele>80.0</ele>
    <time>2025-09-07T00:02:15Z</time>
    <extensions>
     <power>394</power>
     <gpxtpx:TrackPointExtension>
      <gpxtpx:atemp>30</gpxtpx:atemp>
      <gpxtpx:hr>161</gpxtpx:hr>
      <gpxtpx:cad>89</gpxtpx:cad>
     </gpxtpx:TrackPointExtension>
    </extensions>
   </trkpt>
   <trkpt lat="46.7952740" lon="130.3195300">
    <ele>80.0</ele>
    <time>2025-09-07T00:02:16Z</time>
    <extensions>
     <power>398</power>
     <gpxtpx:TrackPointExtension>
      <gpxtpx:atemp>30</gpxtpx:atemp>
      <gpxtpx:hr>161</gpxtpx:hr>
      <gpxtpx:cad>89</gpxtpx:cad>
     </gpxtpx:TrackPointExtension>
    </extensions>
   </trkpt>
   <trkpt lat="46.7952770" lon="130.3195830">
    <ele>80.0</ele>
    <time>2025-09-07T00:02:17Z</time>
    <extensions>
     <power>397</power>
     <gpxtpx:TrackPointExtension>
      <gpxtpx:atemp>30</gpxtpx:atemp>
      <gpxtpx:hr>162</gpxtpx:hr>
      <gpxtpx:cad>89</gpxtpx:cad>
     </gpxtpx:TrackPointExtension>
    </extensions>
   </trkpt>
   <trkpt lat="46.7952770" lon="130.3196230">
    <ele>80.0</ele>
    <time>2025-09-07T00:02:18Z</time>
    <extensions>
     <power>395</power>
     <gpxtpx:TrackPointExtension>
      <gpxtpx:atemp>30</gpxtpx:atemp>
      <gpxtpx:hr>162</gpxtpx:hr>
      <gpxtpx:cad>89</gpxtpx:cad>
     </gpxtpx:TrackPointExtension>
    </extensions>
   </trkpt>
   <trkpt lat="46.7952870" lon="130.3196790">
    <ele>80.0</ele>
    <time>2025-09-07T00:02:19Z</time>
    <extensions>
     <power>394</power>
     <gpxtpx:TrackPointExtension>
      <gpxtpx:atemp>30</gpxtpx:atemp>
      <gpxtpx:hr>162</gpxtpx:hr>
      <gpxtpx:cad>89</gpxtpx:cad>
     </gpxtpx:TrackPointExtension>
    </extensions>
   </trkpt>
   <trkpt lat="46.7952880" lon="130.3197200">
    <ele>80.0</ele>
    <time>2025-09-07T00:02:20Z</time>
    <extensions>
     <power>392</power>
     <gpxtpx:TrackPointExtension>
      <gpxtpx:atemp>30</gpxtpx:atemp>
      <gpxtpx:hr>162</gpxtpx:hr>
      <gpxtpx:cad>90</gpxtpx:cad>
     </gpxtpx:TrackPointExtension>
    </extensions>
   </trkpt>
   <trkpt lat="46.7952840" lon="130.3197700">
    <ele>80.0</ele>
    <time>2025-09-07T00:02:21Z</time>
    <extensions>
     <power>390</power>
     <gpxtpx:TrackPointExtension>
      <gpxtpx:atemp>30</gpxtpx:atemp>
      <gpxtpx:hr>161</gpxtpx:hr>
      <gpxtpx:cad>90</gpxtpx:cad>
     </gpxtpx:TrackPointExtension>
    </extensions>
   </trkpt>
   <trkpt lat="46.7952780" lon="130.3198180">
    <ele>80.0</ele>
    <time>2025-09-07T00:02:22Z</time>
    <extensions>
     <power>390</power>
     <gpxtpx:TrackPointExtension>
      <gpxtpx:atemp>30</gpxtpx:atemp>
      <gpxtpx:hr>162</gpxtpx:hr>
      <gpxtpx:cad>89</gpxtpx:cad>
     </gpxtpx:TrackPointExtension>
    </extensions>
   </trkpt>
   <trkpt lat="46.7952810" lon="130.3198730">
    <ele>80.0</ele>
    <time>2025-09-07T00:02:23Z</time>
    <extensions>
     <power>390</power>
     <gpxtpx:TrackPointExtension>
      <gpxtpx:atemp>30</gpxtpx:atemp>
      <gpxtpx:hr>162</gpxtpx:hr>
      <gpxtpx:cad>89</gpxtpx:cad>
     </gpxtpx:TrackPointExtension>
    </extensions>
   </trkpt>
   <trkpt lat="46.7952760" lon="130.3199220">
    <ele>80.0</ele>
    <time>2025-09-07T00:02:24Z</time>
    <extensions>
     <power>389</power>
     <gpxtpx:TrackPointExtension>
      <gpxtpx:atemp>30</gpxtpx:atemp>
      <gpxtpx:hr>162</gpxtpx:hr>
      <gpxtpx:cad>89</gpxtpx:cad>
     </gpxtpx:TrackPointExtension>
    </extensions>
   </trkpt>
   <trkpt lat="46.7952790" lon="130.3199820">
    <ele>80.0</ele>
    <time>2025-09-07T00:02:25Z</time>
    <extensions>
     <power>389</power>
     <gpxtpx:TrackPointExtension>
      <gpxtpx:atemp>30</gpxtpx:atemp>
      <gpxtpx:hr>161</gpxtpx:hr>
      <gpxtpx:cad>89</gpxtpx:cad>
     </gpxtpx:TrackPointExtension>
    </extensions>
   </trkpt>
   <trkpt lat="46.7952730" lon="130.3200270">
    <ele>80.0</ele>
    <time>2025-09-07T00:02:26Z</time>
    <extensions>
     <power>389</power>
     <gpxtpx:TrackPointExtension>
      <gpxtpx:atemp>30</gpxtpx:atemp>
      <gpxtpx:hr>161</gpxtpx:hr>
      <gpxtpx:cad>89</gpxtpx:cad>
     </gpxtpx:TrackPointExtension>
    </extensions>
   </trkpt>
   <trkpt lat="46.7952700" lon="130.3200870">
    <ele>80.0</ele>
    <time>2025-09-07T00:02:27Z</time>
    <extensions>
     <power>389</power>
     <gpxtpx:TrackPointExtension>
      <gpxtpx:atemp>30</gpxtpx:atemp>
      <gpxtpx:hr>161</gpxtpx:hr>
      <gpxtpx:cad>90</gpxtpx:cad>
     </gpxtpx:TrackPointExtension>
    </extensions>
   </trkpt>
   <trkpt lat="46.7952700" lon="130.3201390">
    <ele>80.0</ele>
    <time>2025-09-07T00:02:28Z</time>
    <extensions>
     <power>389</power>
     <gpxtpx:TrackPointExtension>
      <gpxtpx:atemp>30</gpxtpx:atemp>
      <gpxtpx:hr>161</gpxtpx:hr>
      <gpxtpx:cad>90</gpxtpx:cad>
     </gpxtpx:TrackPointExtension>
    </extensions>
   </trkpt>
   <trkpt lat="46.7952740" lon="130.3201950">
    <ele>80.0</ele>
    <time>2025-09-07T00:02:29Z</time>
    <extensions>
     <power>391</power>
     <gpxtpx:TrackPointExtension>
      <gpxtpx:atemp>30</gpxtpx:atemp>
      <gpxtpx:hr>161</gpxtpx:hr>
      <gpxtpx:cad>90</gpxtpx:cad>
     </gpxtpx:TrackPointExtension>
    </extensions>
   </trkpt>
   <trkpt lat="46.7952720" lon="130.3202360">
    <ele>80.0</ele>
    <time>2025-09-07T00:02:30Z</time>
    <extensions>
     <power>392</power>
     <gpxtpx:TrackPointExtension>
      <gpxtpx:atemp>30</gpxtpx:atemp>
      <gpxtpx:hr>161</gpxtpx:hr>
      <gpxtpx:cad>90</gpxtpx:cad>
     </gpxtpx:TrackPointExtension>
    </extensions>
   </trkpt>
   <trkpt lat="46.7952800" lon="130.3202940">
    <ele>80.2</ele>
    <time>2025-09-07T00:02:31Z</time>
    <extensions>
     <power>391</power>
     <gpxtpx:TrackPointExtension>
      <gpxtpx:atemp>30</gpxtpx:atemp>
      <gpxtpx:hr>161</gpxtpx:hr>
      <gpxtpx:cad>90</gpxtpx:cad>
     </gpxtpx:TrackPointExtension>
    </extensions>
   </trkpt>
   <trkpt lat="46.7952830" lon="130.3203360">
    <ele>80.0</ele>
    <time>2025-09-07T00:02:32Z</time>
    <extensions>
     <power>391</power>
     <gpxtpx:TrackPointExtension>
      <gpxtpx:atemp>30</gpxtpx:atemp>
      <gpxtpx:hr>161</gpxtpx:hr>
      <gpxtpx:cad>90</gpxtpx:cad>
     </gpxtpx:TrackPointExtension>
    </extensions>
   </trkpt>
   <trkpt lat="46.7952880" lon="130.3203900">
    <ele>80.0</ele>
    <time>2025-09-07T00:02:33Z</time>
    <extensions>
     <power>390</power>
     <gpxtpx:TrackPointExtension>
      <gpxtpx:atemp>30</gpxtpx:atemp>
      <gpxtpx:hr>161</gpxtpx:hr>
      <gpxtpx:cad>90</gpxtpx:cad>
     </gpxtpx:TrackPointExtension>
    </extensions>
   </trkpt>
   <trkpt lat="46.7952900" lon="130.3204360">
    <ele>80.0</ele>
    <time>2025-09-07T00:02:34Z</time>
    <extensions>
     <power>390</power>
     <gpxtpx:TrackPointExtension>
      <gpxtpx:atemp>30</gpxtpx:atemp>
      <gpxtpx:hr>161</gpxtpx:hr>
      <gpxtpx:cad>90</gpxtpx:cad>
     </gpxtpx:TrackPointExtension>
    </extensions>
   </trkpt>
   <trkpt lat="46.7952940" lon="130.3204970">
    <ele>80.0</ele>
    <time>2025-09-07T00:02:35Z</time>
    <extensions>
     <power>390</power>
     <gpxtpx:TrackPointExtension>
      <gpxtpx:atemp>30</gpxtpx:atemp>
      <gpxtpx:hr>161</gpxtpx:hr>
      <gpxtpx:cad>89</gpxtpx:cad>
     </gpxtpx:TrackPointExtension>
    </extensions>
   </trkpt>
   <trkpt lat="46.7952880" lon="130.3205390">
    <ele>80.0</ele>
    <time>2025-09-07T00:02:36Z</time>
    <extensions>
     <power>391</power>
     <gpxtpx:TrackPointExtension>
      <gpxtpx:atemp>30</gpxtpx:atemp>
      <gpxtpx:hr>161</gpxtpx:hr>
      <gpxtpx:cad>89</gpxtpx:cad>
     </gpxtpx:TrackPointExtension>
    </extensions>
   </trkpt>
   <trkpt lat="46.7952860" lon="130.3205920">
    <ele>80.0</ele>
    <time>2025-09-07T00:02:37Z</time>
    <extensions>
     <power>391</power>
     <gpxtpx:TrackPointExtension>
      <gpxtpx:atemp>30</gpxtpx:atemp>
      <gpxtpx:hr>161</gpxtpx:hr>
      <gpxtpx:cad>89</gpxtpx:cad>
     </gpxtpx:TrackPointExtension>
    </extensions>
   </trkpt>
   <trkpt lat="46.7952820" lon="130.3206380">
    <ele>80.0</ele>
    <time>2025-09-07T00:02:38Z</time>
    <extensions>
     <power>391</power>
     <gpxtpx:TrackPointExtension>
      <gpxtpx:atemp>30</gpxtpx:atemp>
      <gpxtpx:hr>162</gpxtpx:hr>
      <gpxtpx:cad>89</gpxtpx:cad>
     </gpxtpx:TrackPointExtension>
    </extensions>
   </trkpt>
   <trkpt lat="46.7952890" lon="130.3206890">
    <ele>80.0</ele>
    <time>2025-09-07T00:02:39Z</time>
    <extensions>
     <power>391</power>
     <gpxtpx:TrackPointExtension>
      <gpxtpx:atemp>29</gpxtpx:atemp>
      <gpxtpx:hr>161</gpxtpx:hr>
      <gpxtpx:cad>89</gpxtpx:cad>
     </gpxtpx:TrackPointExtension>
    </extensions>
   </trkpt>
   <trkpt lat="46.7952890" lon="130.3207310">
    <ele>80.0</ele>
    <time>2025-09-07T00:02:40Z</time>
    <extensions>
     <power>391</power>
     <gpxtpx:TrackPointExtension>
      <gpxtpx:atemp>30</gpxtpx:atemp>
      <gpxtpx:hr>162</gpxtpx:hr>
      <gpxtpx:cad>89</gpxtpx:cad>
     </gpxtpx:TrackPointExtension>
    </extensions>
   </trkpt>
   <trkpt lat="46.7952940" lon="130.3207890">
    <ele>80.0</ele>
    <time>2025-09-07T00:02:41Z</time>
    <extensions>
     <power>391</power>
     <gpxtpx:TrackPointExtension>
      <gpxtpx:atemp>29</gpxtpx:atemp>
      <gpxtpx:hr>162</gpxtpx:hr>
      <gpxtpx:cad>89</gpxtpx:cad>
     </gpxtpx:TrackPointExtension>
    </extensions>
   </trkpt>
   <trkpt lat="46.7952930" lon="130.3208300">
    <ele>80.2</ele>
    <time>2025-09-07T00:02:42Z</time>
    <extensions>
     <power>390</power>
     <gpxtpx:TrackPointExtension>
      <gpxtpx:atemp>29</gpxtpx:atemp>
      <gpxtpx:hr>162</gpxtpx:hr>
      <gpxtpx:cad>89</gpxtpx:cad>
     </gpxtpx:TrackPointExtension>
    </extensions>
   </trkpt>
   <trkpt lat="46.7952990" lon="130.3208910">
    <ele>80.0</ele>
    <time>2025-09-07T00:02:43Z</time>
    <extensions>
     <power>390</power>
     <gpxtpx:TrackPointExtension>
      <gpxtpx:atemp>29</gpxtpx:atemp>
      <gpxtpx:hr>162</gpxtpx:hr>
      <gpxtpx:cad>89</gpxtpx:cad>
     </gpxtpx:TrackPointExtension>
    </extensions>
   </trkpt>
   <trkpt lat="46.7952960" lon="130.3209370">
    <ele>80.0</ele>
    <time>2025-09-07T00:02:44Z</time>
    <extensions>
     <power>390</power>
     <gpxtpx:TrackPointExtension>
      <gpxtpx:atemp>30</gpxtpx:atemp>
      <gpxtpx:hr>163</gpxtpx:hr>
      <gpxtpx:cad>89</gpxtpx:cad>
     </gpxtpx:TrackPointExtension>
    </extensions>
   </trkpt>
   <trkpt lat="46.7953050" lon="130.3209950">
    <ele>80.2</ele>
    <time>2025-09-07T00:02:45Z</time>
    <extensions>
     <power>391</power>
     <gpxtpx:TrackPointExtension>
      <gpxtpx:atemp>29</gpxtpx:atemp>
      <gpxtpx:hr>163</gpxtpx:hr>
      <gpxtpx:cad>89</gpxtpx:cad>
     </gpxtpx:TrackPointExtension>
    </extensions>
   </trkpt>
   <trkpt lat="46.7953040" lon="130.3210420">
    <ele>80.2</ele>
    <time>2025-09-07T00:02:46Z</time>
    <extensions>
     <power>390</power>
     <gpxtpx:TrackPointExtension>
      <gpxtpx:atemp>29</gpxtpx:atemp>
      <gpxtpx:hr>164</gpxtpx:hr>
      <gpxtpx:cad>89</gpxtpx:cad>
     </gpxtpx:TrackPointExtension>
    </extensions>
   </trkpt>
   <trkpt lat="46.7953070" lon="130.3211040">
    <ele>80.0</ele>
    <time>2025-09-07T00:02:47Z</time>
    <extensions>
     <power>390</power>
     <gpxtpx:TrackPointExtension>
      <gpxtpx:atemp>29</gpxtpx:atemp>
      <gpxtpx:hr>165</gpxtpx:hr>
      <gpxtpx:cad>89</gpxtpx:cad>
     </gpxtpx:TrackPointExtension>
    </extensions>
   </trkpt>
   <trkpt lat="46.7953010" lon="130.3211520">
    <ele>80.0</ele>
    <time>2025-09-07T00:02:48Z</time>
    <extensions>
     <power>390</power>
     <gpxtpx:TrackPointExtension>
      <gpxtpx:atemp>29</gpxtpx:atemp>
      <gpxtpx:hr>165</gpxtpx:hr>
      <gpxtpx:cad>89</gpxtpx:cad>
     </gpxtpx:TrackPointExtension>
    </extensions>
   </trkpt>
   <trkpt lat="46.7952990" lon="130.3212080">
    <ele>80.0</ele>
    <time>2025-09-07T00:02:49Z</time>
    <extensions>
     <power>392</power>
     <gpxtpx:TrackPointExtension>
      <gpxtpx:atemp>29</gpxtpx:atemp>
      <gpxtpx:hr>165</gpxtpx:hr>
      <gpxtpx:cad>89</gpxtpx:cad>
     </gpxtpx:TrackPointExtension>
    </extensions>
   </trkpt>
   <trkpt lat="46.7952940" lon="130.3212600">
    <ele>80.0</ele>
    <time>2025-09-07T00:02:50Z</time>
    <extensions>
     <power>392</power>
     <gpxtpx:TrackPointExtension>
      <gpxtpx:atemp>29</gpxtpx:atemp>
      <gpxtpx:hr>165</gpxtpx:hr>
      <gpxtpx:cad>89</gpxtpx:cad>
     </gpxtpx:TrackPointExtension>
    </extensions>
   </trkpt>
   <trkpt lat="46.7952950" lon="130.3213160">
    <ele>80.0</ele>
    <time>2025-09-07T00:02:51Z</time>
    <extensions>
     <power>394</power>
     <gpxtpx:TrackPointExtension>
      <gpxtpx:atemp>30</gpxtpx:atemp>
      <gpxtpx:hr>166</gpxtpx:hr>
      <gpxtpx:cad>89</gpxtpx:cad>
     </gpxtpx:TrackPointExtension>
    </extensions>
   </trkpt>
   <trkpt lat="46.7952940" lon="130.3213650">
    <ele>80.2</ele>
    <time>2025-09-07T00:02:52Z</time>
    <extensions>
     <power>394</power>
     <gpxtpx:TrackPointExtension>
      <gpxtpx:atemp>29</gpxtpx:atemp>
      <gpxtpx:hr>166</gpxtpx:hr>
      <gpxtpx:cad>89</gpxtpx:cad>
     </gpxtpx:TrackPointExtension>
    </extensions>
   </trkpt>
   <trkpt lat="46.7953000" lon="130.3214230">
    <ele>80.2</ele>
    <time>2025-09-07T00:02:53Z</time>
    <extensions>
     <power>395</power>
     <gpxtpx:TrackPointExtension>
      <gpxtpx:atemp>29</gpxtpx:atemp>
      <gpxtpx:hr>166</gpxtpx:hr>
      <gpxtpx:cad>89</gpxtpx:cad>
     </gpxtpx:TrackPointExtension>
    </extensions>
   </trkpt>
   <trkpt lat="46.7953050" lon="130.3214640">
    <ele>80.2</ele>
    <time>2025-09-07T00:02:54Z</time>
    <extensions>
     <power>395</power>
     <gpxtpx:TrackPointExtension>
      <gpxtpx:atemp>29</gpxtpx:atemp>
      <gpxtpx:hr>165</gpxtpx:hr>
      <gpxtpx:cad>89</gpxtpx:cad>
     </gpxtpx:TrackPointExtension>
    </extensions>
   </trkpt>
   <trkpt lat="46.7953060" lon="130.3215240">
    <ele>80.2</ele>
    <time>2025-09-07T00:02:55Z</time>
    <extensions>
     <power>395</power>
     <gpxtpx:TrackPointExtension>
      <gpxtpx:atemp>29</gpxtpx:atemp>
      <gpxtpx:hr>166</gpxtpx:hr>
      <gpxtpx:cad>89</gpxtpx:cad>
     </gpxtpx:TrackPointExtension>
    </extensions>
   </trkpt>
   <trkpt lat="46.7953130" lon="130.3215700">
    <ele>80.2</ele>
    <time>2025-09-07T00:02:56Z</time>
    <extensions>
     <power>395</power>
     <gpxtpx:TrackPointExtension>
      <gpxtpx:atemp>29</gpxtpx:atemp>
      <gpxtpx:hr>166</gpxtpx:hr>
      <gpxtpx:cad>89</gpxtpx:cad>
     </gpxtpx:TrackPointExtension>
    </extensions>
   </trkpt>
   <trkpt lat="46.7953180" lon="130.3216240">
    <ele>80.4</ele>
    <time>2025-09-07T00:02:57Z</time>
    <extensions>
     <power>394</power>
     <gpxtpx:TrackPointExtension>
      <gpxtpx:atemp>29</gpxtpx:atemp>
      <gpxtpx:hr>166</gpxtpx:hr>
      <gpxtpx:cad>89</gpxtpx:cad>
     </gpxtpx:TrackPointExtension>
    </extensions>
   </trkpt>
   <trkpt lat="46.7953140" lon="130.3216650">
    <ele>80.4</ele>
    <time>2025-09-07T00:02:58Z</time>
    <extensions>
     <power>394</power>
     <gpxtpx:TrackPointExtension>
      <gpxtpx:atemp>29</gpxtpx:atemp>
      <gpxtpx:hr>165</gpxtpx:hr>
      <gpxtpx:cad>89</gpxtpx:cad>
     </gpxtpx:TrackPointExtension>
    </extensions>
   </trkpt>
   <trkpt lat="46.7953160" lon="130.3217220">
    <ele>80.4</ele>
    <time>2025-09-07T00:02:59Z</time>
    <extensions>
     <power>394</power>
     <gpxtpx:TrackPointExtension>
      <gpxtpx:atemp>29</gpxtpx:atemp>
      <gpxtpx:hr>166</gpxtpx:hr>
      <gpxtpx:cad>89</gpxtpx:cad>
     </gpxtpx:TrackPointExtension>
    </extensions>
   </trkpt>
   <trkpt lat="46.7953110" lon="130.3217650">
    <ele>80.4</ele>
    <time>2025-09-07T00:03:00Z</time>
    <extensions>
     <power>394</power>
     <gpxtpx:TrackPointExtension>
      <gpxtpx:atemp>29</gpxtpx:atemp>
      <gpxtpx:hr>166</gpxtpx:hr>
      <gpxtpx:cad>90</gpxtpx:cad>
     </gpxtpx:TrackPointExtension>
    </extensions>
   </trkpt>
   <trkpt lat="46.7953190" lon="130.3218240">
    <ele>80.4</ele>
    <time>2025-09-07T00:03:01Z</time>
    <extensions>
     <power>392</power>
     <gpxtpx:TrackPointExtension>
      <gpxtpx:atemp>29</gpxtpx:atemp>
      <gpxtpx:hr>166</gpxtpx:hr>
      <gpxtpx:cad>90</gpxtpx:cad>
     </gpxtpx:TrackPointExtension>
    </extensions>
   </trkpt>
   <trkpt lat="46.7953210" lon="130.3218650">
    <ele>80.2</ele>
    <time>2025-09-07T00:03:02Z</time>
    <extensions>
     <power>393</power>
     <gpxtpx:TrackPointExtension>
      <gpxtpx:atemp>29</gpxtpx:atemp>
      <gpxtpx:hr>166</gpxtpx:hr>
      <gpxtpx:cad>90</gpxtpx:cad>
     </gpxtpx:TrackPointExtension>
    </extensions>
   </trkpt>
   <trkpt lat="46.7953300" lon="130.3219240">
    <ele>80.4</ele>
    <time>2025-09-07T00:03:03Z</time>
    <extensions>
     <power>393</power>
     <gpxtpx:TrackPointExtension>
      <gpxtpx:atemp>29</gpxtpx:atemp>
      <gpxtpx:hr>166</gpxtpx:hr>
      <gpxtpx:cad>90</gpxtpx:cad>
     </gpxtpx:TrackPointExtension>
    </extensions>
   </trkpt>
   <trkpt lat="46.7953300" lon="130.3219700">
    <ele>80.4</ele>
    <time>2025-09-07T00:03:04Z</time>
    <extensions>
     <power>393</power>
     <gpxtpx:TrackPointExtension>
      <gpxtpx:atemp>29</gpxtpx:atemp>
      <gpxtpx:hr>166</gpxtpx:hr>
      <gpxtpx:cad>90</gpxtpx:cad>
     </gpxtpx:TrackPointExtension>
    </extensions>
   </trkpt>
   <trkpt lat="46.7953280" lon="130.3220230">
    <ele>80.4</ele>
    <time>2025-09-07T00:03:05Z</time>
    <extensions>
     <power>393</power>
     <gpxtpx:TrackPointExtension>
      <gpxtpx:atemp>29</gpxtpx:atemp>
      <gpxtpx:hr>166</gpxtpx:hr>
      <gpxtpx:cad>89</gpxtpx:cad>
     </gpxtpx:TrackPointExtension>
    </extensions>
   </trkpt>
   <trkpt lat="46.7953280" lon="130.3220700">
    <ele>80.4</ele>
    <time>2025-09-07T00:03:06Z</time>
    <extensions>
     <power>393</power>
     <gpxtpx:TrackPointExtension>
      <gpxtpx:atemp>29</gpxtpx:atemp>
      <gpxtpx:hr>166</gpxtpx:hr>
      <gpxtpx:cad>89</gpxtpx:cad>
     </gpxtpx:TrackPointExtension>
    </extensions>
   </trkpt>
   <trkpt lat="46.7953180" lon="130.3221180">
    <ele>80.4</ele>
    <time>2025-09-07T00:03:07Z</time>
    <extensions>
     <power>392</power>
     <gpxtpx:TrackPointExtension>
      <gpxtpx:atemp>29</gpxtpx:atemp>
      <gpxtpx:hr>165</gpxtpx:hr>
      <gpxtpx:cad>89</gpxtpx:cad>
     </gpxtpx:TrackPointExtension>
    </extensions>
   </trkpt>
   <trkpt lat="46.7953110" lon="130.3221550">
    <ele>80.4</ele>
    <time>2025-09-07T00:03:08Z</time>
    <extensions>
     <power>392</power>
     <gpxtpx:TrackPointExtension>
      <gpxtpx:atemp>29</gpxtpx:atemp>
      <gpxtpx:hr>166</gpxtpx:hr>
      <gpxtpx:cad>89</gpxtpx:cad>
     </gpxtpx:TrackPointExtension>
    </extensions>
   </trkpt>
   <trkpt lat="46.7952840" lon="130.3221880">
    <ele>80.4</ele>
    <time>2025-09-07T00:03:09Z</time>
    <extensions>
     <power>391</power>
     <gpxtpx:TrackPointExtension>
      <gpxtpx:atemp>29</gpxtpx:atemp>
      <gpxtpx:hr>166</gpxtpx:hr>
      <gpxtpx:cad>89</gpxtpx:cad>
     </gpxtpx:TrackPointExtension>
    </extensions>
   </trkpt>
   <trkpt lat="46.7952580" lon="130.3222150">
    <ele>80.4</ele>
    <time>2025-09-07T00:03:10Z</time>
    <extensions>
     <power>390</power>
     <gpxtpx:TrackPointExtension>
      <gpxtpx:atemp>29</gpxtpx:atemp>
      <gpxtpx:hr>166</gpxtpx:hr>
      <gpxtpx:cad>88</gpxtpx:cad>
     </gpxtpx:TrackPointExtension>
    </extensions>
   </trkpt>
   <trkpt lat="46.7952240" lon="130.3222280">
    <ele>80.4</ele>
    <time>2025-09-07T00:03:11Z</time>
    <extensions>
     <power>389</power>
     <gpxtpx:TrackPointExtension>
      <gpxtpx:atemp>29</gpxtpx:atemp>
      <gpxtpx:hr>166</gpxtpx:hr>
      <gpxtpx:cad>88</gpxtpx:cad>
     </gpxtpx:TrackPointExtension>
    </extensions>
   </trkpt>
   <trkpt lat="46.7951940" lon="130.3222400">
    <ele>80.4</ele>
    <time>2025-09-07T00:03:12Z</time>
    <extensions>
     <power>388</power>
     <gpxtpx:TrackPointExtension>
      <gpxtpx:atemp>29</gpxtpx:atemp>
      <gpxtpx:hr>166</gpxtpx:hr>
      <gpxtpx:cad>89</gpxtpx:cad>
     </gpxtpx:TrackPointExtension>
    </extensions>
   </trkpt>
   <trkpt lat="46.7951590" lon="130.3222460">
    <ele>80.4</ele>
    <time>2025-09-07T00:03:13Z</time>
    <extensions>
     <power>387</power>
     <gpxtpx:TrackPointExtension>
      <gpxtpx:atemp>29</gpxtpx:atemp>
      <gpxtpx:hr>165</gpxtpx:hr>
      <gpxtpx:cad>89</gpxtpx:cad>
     </gpxtpx:TrackPointExtension>
    </extensions>
   </trkpt>
   <trkpt lat="46.7951240" lon="130.3222510">
    <ele>80.4</ele>
    <time>2025-09-07T00:03:14Z</time>
    <extensions>
     <power>386</power>
     <gpxtpx:TrackPointExtension>
      <gpxtpx:atemp>29</gpxtpx:atemp>
      <gpxtpx:hr>166</gpxtpx:hr>
      <gpxtpx:cad>90</gpxtpx:cad>
     </gpxtpx:TrackPointExtension>
    </extensions>
   </trkpt>
   <trkpt lat="46.7950880" lon="130.3222560">
    <ele>80.6</ele>
    <time>2025-09-07T00:03:15Z</time>
    <extensions>
     <power>384</power>
     <gpxtpx:TrackPointExtension>
      <gpxtpx:atemp>29</gpxtpx:atemp>
      <gpxtpx:hr>166</gpxtpx:hr>
      <gpxtpx:cad>90</gpxtpx:cad>
     </gpxtpx:TrackPointExtension>
    </extensions>
   </trkpt>
   <trkpt lat="46.7950570" lon="130.3222640">
    <ele>80.6</ele>
    <time>2025-09-07T00:03:16Z</time>
    <extensions>
     <power>383</power>
     <gpxtpx:TrackPointExtension>
      <gpxtpx:atemp>29</gpxtpx:atemp>
      <gpxtpx:hr>166</gpxtpx:hr>
      <gpxtpx:cad>90</gpxtpx:cad>
     </gpxtpx:TrackPointExtension>
    </extensions>
   </trkpt>
   <trkpt lat="46.7950180" lon="130.3222730">
    <ele>80.6</ele>
    <time>2025-09-07T00:03:17Z</time>
    <extensions>
     <power>383</power>
     <gpxtpx:TrackPointExtension>
      <gpxtpx:atemp>29</gpxtpx:atemp>
      <gpxtpx:hr>166</gpxtpx:hr>
      <gpxtpx:cad>90</gpxtpx:cad>
     </gpxtpx:TrackPointExtension>
    </extensions>
   </trkpt>
   <trkpt lat="46.7949820" lon="130.3222820">
    <ele>80.4</ele>
    <time>2025-09-07T00:03:18Z</time>
    <extensions>
     <power>382</power>
     <gpxtpx:TrackPointExtension>
      <gpxtpx:atemp>29</gpxtpx:atemp>
      <gpxtpx:hr>166</gpxtpx:hr>
      <gpxtpx:cad>90</gpxtpx:cad>
     </gpxtpx:TrackPointExtension>
    </extensions>
   </trkpt>
   <trkpt lat="46.7949470" lon="130.3222890">
    <ele>80.2</ele>
    <time>2025-09-07T00:03:19Z</time>
    <extensions>
     <power>381</power>
     <gpxtpx:TrackPointExtension>
      <gpxtpx:atemp>29</gpxtpx:atemp>
      <gpxtpx:hr>166</gpxtpx:hr>
      <gpxtpx:cad>90</gpxtpx:cad>
     </gpxtpx:TrackPointExtension>
    </extensions>
   </trkpt>
   <trkpt lat="46.7949150" lon="130.3222930">
    <ele>80.2</ele>
    <time>2025-09-07T00:03:20Z</time>
    <extensions>
     <power>380</power>
     <gpxtpx:TrackPointExtension>
      <gpxtpx:atemp>29</gpxtpx:atemp>
      <gpxtpx:hr>166</gpxtpx:hr>
      <gpxtpx:cad>90</gpxtpx:cad>
     </gpxtpx:TrackPointExtension>
    </extensions>
   </trkpt>
   <trkpt lat="46.7948780" lon="130.3222950">
    <ele>80.2</ele>
    <time>2025-09-07T00:03:21Z</time>
    <extensions>
     <power>379</power>
     <gpxtpx:TrackPointExtension>
      <gpxtpx:atemp>29</gpxtpx:atemp>
      <gpxtpx:hr>166</gpxtpx:hr>
      <gpxtpx:cad>90</gpxtpx:cad>
     </gpxtpx:TrackPointExtension>
    </extensions>
   </trkpt>
   <trkpt lat="46.7948470" lon="130.3222980">
    <ele>80.2</ele>
    <time>2025-09-07T00:03:22Z</time>
    <extensions>
     <power>381</power>
     <gpxtpx:TrackPointExtension>
      <gpxtpx:atemp>29</gpxtpx:atemp>
      <gpxtpx:hr>166</gpxtpx:hr>
      <gpxtpx:cad>90</gpxtpx:cad>
     </gpxtpx:TrackPointExtension>
    </extensions>
   </trkpt>
   <trkpt lat="46.7948100" lon="130.3223000">
    <ele>80.2</ele>
    <time>2025-09-07T00:03:23Z</time>
    <extensions>
     <power>383</power>
     <gpxtpx:TrackPointExtension>
      <gpxtpx:atemp>29</gpxtpx:atemp>
      <gpxtpx:hr>166</gpxtpx:hr>
      <gpxtpx:cad>90</gpxtpx:cad>
     </gpxtpx:TrackPointExtension>
    </extensions>
   </trkpt>
   <trkpt lat="46.7947790" lon="130.3222920">
    <ele>80.4</ele>
    <time>2025-09-07T00:03:24Z</time>
    <extensions>
     <power>384</power>
     <gpxtpx:TrackPointExtension>
      <gpxtpx:atemp>29</gpxtpx:atemp>
      <gpxtpx:hr>167</gpxtpx:hr>
      <gpxtpx:cad>90</gpxtpx:cad>
     </gpxtpx:TrackPointExtension>
    </extensions>
   </trkpt>
   <trkpt lat="46.7947420" lon="130.3222910">
    <ele>80.4</ele>
    <time>2025-09-07T00:03:25Z</time>
    <extensions>
     <power>385</power>
     <gpxtpx:TrackPointExtension>
      <gpxtpx:atemp>29</gpxtpx:atemp>
      <gpxtpx:hr>167</gpxtpx:hr>
      <gpxtpx:cad>90</gpxtpx:cad>
     </gpxtpx:TrackPointExtension>
    </extensions>
   </trkpt>
   <trkpt lat="46.7947090" lon="130.3222950">
    <ele>80.4</ele>
    <time>2025-09-07T00:03:26Z</time>
    <extensions>
     <power>384</power>
     <gpxtpx:TrackPointExtension>
      <gpxtpx:atemp>29</gpxtpx:atemp>
      <gpxtpx:hr>167</gpxtpx:hr>
      <gpxtpx:cad>90</gpxtpx:cad>
     </gpxtpx:TrackPointExtension>
    </extensions>
   </trkpt>
   <trkpt lat="46.7946710" lon="130.3222900">
    <ele>80.6</ele>
    <time>2025-09-07T00:03:27Z</time>
    <extensions>
     <power>384</power>
     <gpxtpx:TrackPointExtension>
      <gpxtpx:atemp>29</gpxtpx:atemp>
      <gpxtpx:hr>167</gpxtpx:hr>
      <gpxtpx:cad>90</gpxtpx:cad>
     </gpxtpx:TrackPointExtension>
    </extensions>
   </trkpt>
   <trkpt lat="46.7946370" lon="130.3222860">
    <ele>80.6</ele>
    <time>2025-09-07T00:03:28Z</time>
    <extensions>
     <power>384</power>
     <gpxtpx:TrackPointExtension>
      <gpxtpx:atemp>29</gpxtpx:atemp>
      <gpxtpx:hr>167</gpxtpx:hr>
      <gpxtpx:cad>89</gpxtpx:cad>
     </gpxtpx:TrackPointExtension>
    </extensions>
   </trkpt>
   <trkpt lat="46.7945970" lon="130.3222900">
    <ele>80.6</ele>
    <time>2025-09-07T00:03:29Z</time>
    <extensions>
     <power>384</power>
     <gpxtpx:TrackPointExtension>
      <gpxtpx:atemp>29</gpxtpx:atemp>
      <gpxtpx:hr>167</gpxtpx:hr>
      <gpxtpx:cad>89</gpxtpx:cad>
     </gpxtpx:TrackPointExtension>
    </extensions>
   </trkpt>
   <trkpt lat="46.7945640" lon="130.3222930">
    <ele>80.6</ele>
    <time>2025-09-07T00:03:30Z</time>
    <extensions>
     <power>384</power>
     <gpxtpx:TrackPointExtension>
      <gpxtpx:atemp>29</gpxtpx:atemp>
      <gpxtpx:hr>167</gpxtpx:hr>
      <gpxtpx:cad>89</gpxtpx:cad>
     </gpxtpx:TrackPointExtension>
    </extensions>
   </trkpt>
   <trkpt lat="46.7945220" lon="130.3222910">
    <ele>80.6</ele>
    <time>2025-09-07T00:03:31Z</time>
    <extensions>
     <power>387</power>
     <gpxtpx:TrackPointExtension>
      <gpxtpx:atemp>29</gpxtpx:atemp>
      <gpxtpx:hr>167</gpxtpx:hr>
      <gpxtpx:cad>89</gpxtpx:cad>
     </gpxtpx:TrackPointExtension>
    </extensions>
   </trkpt>
   <trkpt lat="46.7944900" lon="130.3222940">
    <ele>80.8</ele>
    <time>2025-09-07T00:03:32Z</time>
    <extensions>
     <power>390</power>
     <gpxtpx:TrackPointExtension>
      <gpxtpx:atemp>29</gpxtpx:atemp>
      <gpxtpx:hr>167</gpxtpx:hr>
      <gpxtpx:cad>89</gpxtpx:cad>
     </gpxtpx:TrackPointExtension>
    </extensions>
   </trkpt>
   <trkpt lat="46.7944440" lon="130.3223000">
    <ele>80.8</ele>
    <time>2025-09-07T00:03:33Z</time>
    <extensions>
     <power>393</power>
     <gpxtpx:TrackPointExtension>
      <gpxtpx:atemp>29</gpxtpx:atemp>
      <gpxtpx:hr>167</gpxtpx:hr>
      <gpxtpx:cad>89</gpxtpx:cad>
     </gpxtpx:TrackPointExtension>
    </extensions>
   </trkpt>
   <trkpt lat="46.7944060" lon="130.3222990">
    <ele>80.8</ele>
    <time>2025-09-07T00:03:34Z</time>
    <extensions>
     <power>394</power>
     <gpxtpx:TrackPointExtension>
      <gpxtpx:atemp>29</gpxtpx:atemp>
      <gpxtpx:hr>167</gpxtpx:hr>
      <gpxtpx:cad>89</gpxtpx:cad>
     </gpxtpx:TrackPointExtension>
    </extensions>
   </trkpt>
   <trkpt lat="46.7943650" lon="130.3223140">
    <ele>80.8</ele>
    <time>2025-09-07T00:03:35Z</time>
    <extensions>
     <power>397</power>
     <gpxtpx:TrackPointExtension>
      <gpxtpx:atemp>29</gpxtpx:atemp>
      <gpxtpx:hr>167</gpxtpx:hr>
      <gpxtpx:cad>89</gpxtpx:cad>
     </gpxtpx:TrackPointExtension>
    </extensions>
   </trkpt>
   <trkpt lat="46.7943320" lon="130.3223170">
    <ele>80.8</ele>
    <time>2025-09-07T00:03:36Z</time>
    <extensions>
     <power>398</power>
     <gpxtpx:TrackPointExtension>
      <gpxtpx:atemp>29</gpxtpx:atemp>
      <gpxtpx:hr>167</gpxtpx:hr>
      <gpxtpx:cad>89</gpxtpx:cad>
     </gpxtpx:TrackPointExtension>
    </extensions>
   </trkpt>
   <trkpt lat="46.7942890" lon="130.3223270">
    <ele>80.8</ele>
    <time>2025-09-07T00:03:37Z</time>
    <extensions>
     <power>401</power>
     <gpxtpx:TrackPointExtension>
      <gpxtpx:atemp>29</gpxtpx:atemp>
      <gpxtpx:hr>167</gpxtpx:hr>
      <gpxtpx:cad>89</gpxtpx:cad>
     </gpxtpx:TrackPointExtension>
    </extensions>
   </trkpt>
   <trkpt lat="46.7942550" lon="130.3223330">
    <ele>80.8</ele>
    <time>2025-09-07T00:03:38Z</time>
    <extensions>
     <power>400</power>
     <gpxtpx:TrackPointExtension>
      <gpxtpx:atemp>29</gpxtpx:atemp>
      <gpxtpx:hr>167</gpxtpx:hr>
      <gpxtpx:cad>89</gpxtpx:cad>
     </gpxtpx:TrackPointExtension>
    </extensions>
   </trkpt>
   <trkpt lat="46.7942120" lon="130.3223350">
    <ele>80.8</ele>
    <time>2025-09-07T00:03:39Z</time>
    <extensions>
     <power>402</power>
     <gpxtpx:TrackPointExtension>
      <gpxtpx:atemp>29</gpxtpx:atemp>
      <gpxtpx:hr>168</gpxtpx:hr>
      <gpxtpx:cad>89</gpxtpx:cad>
     </gpxtpx:TrackPointExtension>
    </extensions>
   </trkpt>
   <trkpt lat="46.7941780" lon="130.3223370">
    <ele>80.8</ele>
    <time>2025-09-07T00:03:40Z</time>
    <extensions>
     <power>401</power>
     <gpxtpx:TrackPointExtension>
      <gpxtpx:atemp>29</gpxtpx:atemp>
      <gpxtpx:hr>168</gpxtpx:hr>
      <gpxtpx:cad>89</gpxtpx:cad>
     </gpxtpx:TrackPointExtension>
    </extensions>
   </trkpt>
   <trkpt lat="46.7941320" lon="130.3223370">
    <ele>80.8</ele>
    <time>2025-09-07T00:03:41Z</time>
    <extensions>
     <power>412</power>
     <gpxtpx:TrackPointExtension>
      <gpxtpx:atemp>29</gpxtpx:atemp>
      <gpxtpx:hr>168</gpxtpx:hr>
      <gpxtpx:cad>89</gpxtpx:cad>
     </gpxtpx:TrackPointExtension>
    </extensions>
   </trkpt>
   <trkpt lat="46.7940980" lon="130.3223380">
    <ele>80.6</ele>
    <time>2025-09-07T00:03:42Z</time>
    <extensions>
     <power>412</power>
     <gpxtpx:TrackPointExtension>
      <gpxtpx:atemp>29</gpxtpx:atemp>
      <gpxtpx:hr>168</gpxtpx:hr>
      <gpxtpx:cad>89</gpxtpx:cad>
     </gpxtpx:TrackPointExtension>
    </extensions>
   </trkpt>
   <trkpt lat="46.7940560" lon="130.3223450">
    <ele>80.8</ele>
    <time>2025-09-07T00:03:43Z</time>
    <extensions>
     <power>422</power>
     <gpxtpx:TrackPointExtension>
      <gpxtpx:atemp>29</gpxtpx:atemp>
      <gpxtpx:hr>168</gpxtpx:hr>
      <gpxtpx:cad>89</gpxtpx:cad>
     </gpxtpx:TrackPointExtension>
    </extensions>
   </trkpt>
   <trkpt lat="46.7940190" lon="130.3223490">
    <ele>80.8</ele>
    <time>2025-09-07T00:03:44Z</time>
    <extensions>
     <power>426</power>
     <gpxtpx:TrackPointExtension>
      <gpxtpx:atemp>29</gpxtpx:atemp>
      <gpxtpx:hr>168</gpxtpx:hr>
      <gpxtpx:cad>90</gpxtpx:cad>
     </gpxtpx:TrackPointExtension>
    </extensions>
   </trkpt>
   <trkpt lat="46.7939830" lon="130.3223660">
    <ele>80.6</ele>
    <time>2025-09-07T00:03:45Z</time>
    <extensions>
     <power>430</power>
     <gpxtpx:TrackPointExtension>
      <gpxtpx:atemp>29</gpxtpx:atemp>
      <gpxtpx:hr>168</gpxtpx:hr>
      <gpxtpx:cad>90</gpxtpx:cad>
     </gpxtpx:TrackPointExtension>
    </extensions>
   </trkpt>
   <trkpt lat="46.7939530" lon="130.3223680">
    <ele>80.6</ele>
    <time>2025-09-07T00:03:46Z</time>
    <extensions>
     <power>435</power>
     <gpxtpx:TrackPointExtension>
      <gpxtpx:atemp>29</gpxtpx:atemp>
      <gpxtpx:hr>168</gpxtpx:hr>
      <gpxtpx:cad>90</gpxtpx:cad>
     </gpxtpx:TrackPointExtension>
    </extensions>
   </trkpt>
   <trkpt lat="46.7939140" lon="130.3223740">
    <ele>80.6</ele>
    <time>2025-09-07T00:03:47Z</time>
    <extensions>
     <power>429</power>
     <gpxtpx:TrackPointExtension>
      <gpxtpx:atemp>29</gpxtpx:atemp>
      <gpxtpx:hr>168</gpxtpx:hr>
      <gpxtpx:cad>90</gpxtpx:cad>
     </gpxtpx:TrackPointExtension>
    </extensions>
   </trkpt>
   <trkpt lat="46.7938850" lon="130.3223770">
    <ele>80.6</ele>
    <time>2025-09-07T00:03:48Z</time>
    <extensions>
     <power>416</power>
     <gpxtpx:TrackPointExtension>
      <gpxtpx:atemp>29</gpxtpx:atemp>
      <gpxtpx:hr>169</gpxtpx:hr>
      <gpxtpx:cad>90</gpxtpx:cad>
     </gpxtpx:TrackPointExtension>
    </extensions>
   </trkpt>
   <trkpt lat="46.7938460" lon="130.3223790">
    <ele>80.6</ele>
    <time>2025-09-07T00:03:49Z</time>
    <extensions>
     <power>407</power>
     <gpxtpx:TrackPointExtension>
      <gpxtpx:atemp>29</gpxtpx:atemp>
      <gpxtpx:hr>169</gpxtpx:hr>
      <gpxtpx:cad>90</gpxtpx:cad>
     </gpxtpx:TrackPointExtension>
    </extensions>
   </trkpt>
   <trkpt lat="46.7938170" lon="130.3223900">
    <ele>80.6</ele>
    <time>2025-09-07T00:03:50Z</time>
    <extensions>
     <power>400</power>
     <gpxtpx:TrackPointExtension>
      <gpxtpx:atemp>29</gpxtpx:atemp>
      <gpxtpx:hr>169</gpxtpx:hr>
      <gpxtpx:cad>89</gpxtpx:cad>
     </gpxtpx:TrackPointExtension>
    </extensions>
   </trkpt>
   <trkpt lat="46.7937770" lon="130.3223980">
    <ele>80.6</ele>
    <time>2025-09-07T00:03:51Z</time>
    <extensions>
     <power>400</power>
     <gpxtpx:TrackPointExtension>
      <gpxtpx:atemp>29</gpxtpx:atemp>
      <gpxtpx:hr>169</gpxtpx:hr>
      <gpxtpx:cad>89</gpxtpx:cad>
     </gpxtpx:TrackPointExtension>
    </extensions>
   </trkpt>
   <trkpt lat="46.7937430" lon="130.3224000">
    <ele>80.8</ele>
    <time>2025-09-07T00:03:52Z</time>
    <extensions>
     <power>397</power>
     <gpxtpx:TrackPointExtension>
      <gpxtpx:atemp>29</gpxtpx:atemp>
      <gpxtpx:hr>169</gpxtpx:hr>
      <gpxtpx:cad>89</gpxtpx:cad>
     </gpxtpx:TrackPointExtension>
    </extensions>
   </trkpt>
   <trkpt lat="46.7937030" lon="130.3224080">
    <ele>80.8</ele>
    <time>2025-09-07T00:03:53Z</time>
    <extensions>
     <power>397</power>
     <gpxtpx:TrackPointExtension>
      <gpxtpx:atemp>29</gpxtpx:atemp>
      <gpxtpx:hr>169</gpxtpx:hr>
      <gpxtpx:cad>88</gpxtpx:cad>
     </gpxtpx:TrackPointExtension>
    </extensions>
   </trkpt>
   <trkpt lat="46.7936700" lon="130.3224150">
    <ele>80.8</ele>
    <time>2025-09-07T00:03:54Z</time>
    <extensions>
     <power>399</power>
     <gpxtpx:TrackPointExtension>
      <gpxtpx:atemp>29</gpxtpx:atemp>
      <gpxtpx:hr>169</gpxtpx:hr>
      <gpxtpx:cad>88</gpxtpx:cad>
     </gpxtpx:TrackPointExtension>
    </extensions>
   </trkpt>
   <trkpt lat="46.7936280" lon="130.3224210">
    <ele>80.8</ele>
    <time>2025-09-07T00:03:55Z</time>
    <extensions>
     <power>398</power>
     <gpxtpx:TrackPointExtension>
      <gpxtpx:atemp>29</gpxtpx:atemp>
      <gpxtpx:hr>169</gpxtpx:hr>
      <gpxtpx:cad>89</gpxtpx:cad>
     </gpxtpx:TrackPointExtension>
    </extensions>
   </trkpt>
   <trkpt lat="46.7935950" lon="130.3224300">
    <ele>80.8</ele>
    <time>2025-09-07T00:03:56Z</time>
    <extensions>
     <power>400</power>
     <gpxtpx:TrackPointExtension>
      <gpxtpx:atemp>29</gpxtpx:atemp>
      <gpxtpx:hr>169</gpxtpx:hr>
      <gpxtpx:cad>89</gpxtpx:cad>
     </gpxtpx:TrackPointExtension>
    </extensions>
   </trkpt>
   <trkpt lat="46.7935530" lon="130.3224380">
    <ele>80.6</ele>
    <time>2025-09-07T00:03:57Z</time>
    <extensions>
     <power>406</power>
     <gpxtpx:TrackPointExtension>
      <gpxtpx:atemp>29</gpxtpx:atemp>
      <gpxtpx:hr>168</gpxtpx:hr>
      <gpxtpx:cad>89</gpxtpx:cad>
     </gpxtpx:TrackPointExtension>
    </extensions>
   </trkpt>
   <trkpt lat="46.7935200" lon="130.3224460">
    <ele>80.6</ele>
    <time>2025-09-07T00:03:58Z</time>
    <extensions>
     <power>408</power>
     <gpxtpx:TrackPointExtension>
      <gpxtpx:atemp>29</gpxtpx:atemp>
      <gpxtpx:hr>169</gpxtpx:hr>
      <gpxtpx:cad>90</gpxtpx:cad>
     </gpxtpx:TrackPointExtension>
    </extensions>
   </trkpt>
   <trkpt lat="46.7934810" lon="130.3224520">
    <ele>80.8</ele>
    <time>2025-09-07T00:03:59Z</time>
    <extensions>
     <power>412</power>
     <gpxtpx:TrackPointExtension>
      <gpxtpx:atemp>29</gpxtpx:atemp>
      <gpxtpx:hr>169</gpxtpx:hr>
      <gpxtpx:cad>90</gpxtpx:cad>
     </gpxtpx:TrackPointExtension>
    </extensions>
   </trkpt>
   <trkpt lat="46.7934470" lon="130.3224560">
    <ele>80.8</ele>
    <time>2025-09-07T00:04:00Z</time>
    <extensions>
     <power>414</power>
     <gpxtpx:TrackPointExtension>
      <gpxtpx:atemp>29</gpxtpx:atemp>
      <gpxtpx:hr>169</gpxtpx:hr>
      <gpxtpx:cad>90</gpxtpx:cad>
     </gpxtpx:TrackPointExtension>
    </extensions>
   </trkpt>
   <trkpt lat="46.7934070" lon="130.3224530">
    <ele>80.8</ele>
    <time>2025-09-07T00:04:01Z</time>
    <extensions>
     <power>414</power>
     <gpxtpx:TrackPointExtension>
      <gpxtpx:atemp>29</gpxtpx:atemp>
      <gpxtpx:hr>168</gpxtpx:hr>
      <gpxtpx:cad>90</gpxtpx:cad>
     </gpxtpx:TrackPointExtension>
    </extensions>
   </trkpt>
   <trkpt lat="46.7933710" lon="130.3224570">
    <ele>80.8</ele>
    <time>2025-09-07T00:04:02Z</time>
    <extensions>
     <power>420</power>
     <gpxtpx:TrackPointExtension>
      <gpxtpx:atemp>29</gpxtpx:atemp>
      <gpxtpx:hr>169</gpxtpx:hr>
      <gpxtpx:cad>90</gpxtpx:cad>
     </gpxtpx:TrackPointExtension>
    </extensions>
   </trkpt>
   <trkpt lat="46.7933330" lon="130.3224570">
    <ele>81.0</ele>
    <time>2025-09-07T00:04:03Z</time>
    <extensions>
     <power>418</power>
     <gpxtpx:TrackPointExtension>
      <gpxtpx:atemp>29</gpxtpx:atemp>
      <gpxtpx:hr>169</gpxtpx:hr>
      <gpxtpx:cad>90</gpxtpx:cad>
     </gpxtpx:TrackPointExtension>
    </extensions>
   </trkpt>
   <trkpt lat="46.7933010" lon="130.3224580">
    <ele>81.0</ele>
    <time>2025-09-07T00:04:04Z</time>
    <extensions>
     <power>423</power>
     <gpxtpx:TrackPointExtension>
      <gpxtpx:atemp>29</gpxtpx:atemp>
      <gpxtpx:hr>168</gpxtpx:hr>
      <gpxtpx:cad>89</gpxtpx:cad>
     </gpxtpx:TrackPointExtension>
    </extensions>
   </trkpt>
   <trkpt lat="46.7932570" lon="130.3224610">
    <ele>81.0</ele>
    <time>2025-09-07T00:04:05Z</time>
    <extensions>
     <power>424</power>
     <gpxtpx:TrackPointExtension>
      <gpxtpx:atemp>29</gpxtpx:atemp>
      <gpxtpx:hr>168</gpxtpx:hr>
      <gpxtpx:cad>89</gpxtpx:cad>
     </gpxtpx:TrackPointExtension>
    </extensions>
   </trkpt>
   <trkpt lat="46.7932280" lon="130.3224620">
    <ele>81.0</ele>
    <time>2025-09-07T00:04:06Z</time>
    <extensions>
     <power>425</power>
     <gpxtpx:TrackPointExtension>
      <gpxtpx:atemp>29</gpxtpx:atemp>
      <gpxtpx:hr>168</gpxtpx:hr>
      <gpxtpx:cad>89</gpxtpx:cad>
     </gpxtpx:TrackPointExtension>
    </extensions>
   </trkpt>
   <trkpt lat="46.7931860" lon="130.3224670">
    <ele>81.0</ele>
    <time>2025-09-07T00:04:07Z</time>
    <extensions>
     <power>422</power>
     <gpxtpx:TrackPointExtension>
      <gpxtpx:atemp>29</gpxtpx:atemp>
      <gpxtpx:hr>168</gpxtpx:hr>
      <gpxtpx:cad>89</gpxtpx:cad>
     </gpxtpx:TrackPointExtension>
    </extensions>
   </trkpt>
   <trkpt lat="46.7931540" lon="130.3224740">
    <ele>81.0</ele>
    <time>2025-09-07T00:04:08Z</time>
    <extensions>
     <power>417</power>
     <gpxtpx:TrackPointExtension>
      <gpxtpx:atemp>29</gpxtpx:atemp>
      <gpxtpx:hr>168</gpxtpx:hr>
      <gpxtpx:cad>89</gpxtpx:cad>
     </gpxtpx:TrackPointExtension>
    </extensions>
   </trkpt>
   <trkpt lat="46.7931140" lon="130.3224840">
    <ele>81.0</ele>
    <time>2025-09-07T00:04:09Z</time>
    <extensions>
     <power>416</power>
     <gpxtpx:TrackPointExtension>
      <gpxtpx:atemp>29</gpxtpx:atemp>
      <gpxtpx:hr>169</gpxtpx:hr>
      <gpxtpx:cad>89</gpxtpx:cad>
     </gpxtpx:TrackPointExtension>
    </extensions>
   </trkpt>
   <trkpt lat="46.7930790" lon="130.3224900">
    <ele>81.0</ele>
    <time>2025-09-07T00:04:10Z</time>
    <extensions>
     <power>416</power>
     <gpxtpx:TrackPointExtension>
      <gpxtpx:atemp>29</gpxtpx:atemp>
      <gpxtpx:hr>168</gpxtpx:hr>
      <gpxtpx:cad>89</gpxtpx:cad>
     </gpxtpx:TrackPointExtension>
    </extensions>
   </trkpt>
   <trkpt lat="46.7930360" lon="130.3224940">
    <ele>80.8</ele>
    <time>2025-09-07T00:04:11Z</time>
    <extensions>
     <power>415</power>
     <gpxtpx:TrackPointExtension>
      <gpxtpx:atemp>29</gpxtpx:atemp>
      <gpxtpx:hr>168</gpxtpx:hr>
      <gpxtpx:cad>89</gpxtpx:cad>
     </gpxtpx:TrackPointExtension>
    </extensions>
   </trkpt>
   <trkpt lat="46.7930040" lon="130.3225020">
    <ele>80.8</ele>
    <time>2025-09-07T00:04:12Z</time>
    <extensions>
     <power>415</power>
     <gpxtpx:TrackPointExtension>
      <gpxtpx:atemp>29</gpxtpx:atemp>
      <gpxtpx:hr>168</gpxtpx:hr>
      <gpxtpx:cad>89</gpxtpx:cad>
     </gpxtpx:TrackPointExtension>
    </extensions>
   </trkpt>
   <trkpt lat="46.7929600" lon="130.3225060">
    <ele>80.8</ele>
    <time>2025-09-07T00:04:13Z</time>
    <extensions>
     <power>416</power>
     <gpxtpx:TrackPointExtension>
      <gpxtpx:atemp>29</gpxtpx:atemp>
      <gpxtpx:hr>168</gpxtpx:hr>
      <gpxtpx:cad>89</gpxtpx:cad>
     </gpxtpx:TrackPointExtension>
    </extensions>
   </trkpt>
   <trkpt lat="46.7929290" lon="130.3225060">
    <ele>81.0</ele>
    <time>2025-09-07T00:04:14Z</time>
    <extensions>
     <power>415</power>
     <gpxtpx:TrackPointExtension>
      <gpxtpx:atemp>29</gpxtpx:atemp>
      <gpxtpx:hr>168</gpxtpx:hr>
      <gpxtpx:cad>89</gpxtpx:cad>
     </gpxtpx:TrackPointExtension>
    </extensions>
   </trkpt>
   <trkpt lat="46.7928870" lon="130.3225090">
    <ele>81.0</ele>
    <time>2025-09-07T00:04:15Z</time>
    <extensions>
     <power>415</power>
     <gpxtpx:TrackPointExtension>
      <gpxtpx:atemp>29</gpxtpx:atemp>
      <gpxtpx:hr>168</gpxtpx:hr>
      <gpxtpx:cad>89</gpxtpx:cad>
     </gpxtpx:TrackPointExtension>
    </extensions>
   </trkpt>
   <trkpt lat="46.7928530" lon="130.3225080">
    <ele>81.0</ele>
    <time>2025-09-07T00:04:16Z</time>
    <extensions>
     <power>416</power>
     <gpxtpx:TrackPointExtension>
      <gpxtpx:atemp>29</gpxtpx:atemp>
      <gpxtpx:hr>168</gpxtpx:hr>
      <gpxtpx:cad>89</gpxtpx:cad>
     </gpxtpx:TrackPointExtension>
    </extensions>
   </trkpt>
   <trkpt lat="46.7928070" lon="130.3225140">
    <ele>81.0</ele>
    <time>2025-09-07T00:04:17Z</time>
    <extensions>
     <power>416</power>
     <gpxtpx:TrackPointExtension>
      <gpxtpx:atemp>29</gpxtpx:atemp>
      <gpxtpx:hr>168</gpxtpx:hr>
      <gpxtpx:cad>89</gpxtpx:cad>
     </gpxtpx:TrackPointExtension>
    </extensions>
   </trkpt>
   <trkpt lat="46.7927700" lon="130.3225190">
    <ele>81.0</ele>
    <time>2025-09-07T00:04:18Z</time>
    <extensions>
     <power>417</power>
     <gpxtpx:TrackPointExtension>
      <gpxtpx:atemp>29</gpxtpx:atemp>
      <gpxtpx:hr>169</gpxtpx:hr>
      <gpxtpx:cad>89</gpxtpx:cad>
     </gpxtpx:TrackPointExtension>
    </extensions>
   </trkpt>
   <trkpt lat="46.7927240" lon="130.3225200">
    <ele>81.2</ele>
    <time>2025-09-07T00:04:19Z</time>
    <extensions>
     <power>421</power>
     <gpxtpx:TrackPointExtension>
      <gpxtpx:atemp>29</gpxtpx:atemp>
      <gpxtpx:hr>168</gpxtpx:hr>
      <gpxtpx:cad>89</gpxtpx:cad>
     </gpxtpx:TrackPointExtension>
    </extensions>
   </trkpt>
   <trkpt lat="46.7926920" lon="130.3225180">
    <ele>81.2</ele>
    <time>2025-09-07T00:04:20Z</time>
    <extensions>
     <power>424</power>
     <gpxtpx:TrackPointExtension>
      <gpxtpx:atemp>29</gpxtpx:atemp>
      <gpxtpx:hr>168</gpxtpx:hr>
      <gpxtpx:cad>90</gpxtpx:cad>
     </gpxtpx:TrackPointExtension>
    </extensions>
   </trkpt>
   <trkpt lat="46.7926450" lon="130.3225120">
    <ele>81.2</ele>
    <time>2025-09-07T00:04:21Z</time>
    <extensions>
     <power>426</power>
     <gpxtpx:TrackPointExtension>
      <gpxtpx:atemp>29</gpxtpx:atemp>
      <gpxtpx:hr>169</gpxtpx:hr>
      <gpxtpx:cad>90</gpxtpx:cad>
     </gpxtpx:TrackPointExtension>
    </extensions>
   </trkpt>
   <trkpt lat="46.7926110" lon="130.3225080">
    <ele>81.0</ele>
    <time>2025-09-07T00:04:22Z</time>
    <extensions>
     <power>427</power>
     <gpxtpx:TrackPointExtension>
      <gpxtpx:atemp>29</gpxtpx:atemp>
      <gpxtpx:hr>169</gpxtpx:hr>
      <gpxtpx:cad>90</gpxtpx:cad>
     </gpxtpx:TrackPointExtension>
    </extensions>
   </trkpt>
   <trkpt lat="46.7925630" lon="130.3225080">
    <ele>81.0</ele>
    <time>2025-09-07T00:04:23Z</time>
    <extensions>
     <power>428</power>
     <gpxtpx:TrackPointExtension>
      <gpxtpx:atemp>29</gpxtpx:atemp>
      <gpxtpx:hr>169</gpxtpx:hr>
      <gpxtpx:cad>90</gpxtpx:cad>
     </gpxtpx:TrackPointExtension>
    </extensions>
   </trkpt>
   <trkpt lat="46.7925330" lon="130.3225090">
    <ele>80.8</ele>
    <time>2025-09-07T00:04:24Z</time>
    <extensions>
     <power>425</power>
     <gpxtpx:TrackPointExtension>
      <gpxtpx:atemp>29</gpxtpx:atemp>
      <gpxtpx:hr>169</gpxtpx:hr>
      <gpxtpx:cad>90</gpxtpx:cad>
     </gpxtpx:TrackPointExtension>
    </extensions>
   </trkpt>
   <trkpt lat="46.7924880" lon="130.3225110">
    <ele>80.6</ele>
    <time>2025-09-07T00:04:25Z</time>
    <extensions>
     <power>426</power>
     <gpxtpx:TrackPointExtension>
      <gpxtpx:atemp>29</gpxtpx:atemp>
      <gpxtpx:hr>169</gpxtpx:hr>
      <gpxtpx:cad>90</gpxtpx:cad>
     </gpxtpx:TrackPointExtension>
    </extensions>
   </trkpt>
   <trkpt lat="46.7924560" lon="130.3225140">
    <ele>80.6</ele>
    <time>2025-09-07T00:04:26Z</time>
    <extensions>
     <power>424</power>
     <gpxtpx:TrackPointExtension>
      <gpxtpx:atemp>29</gpxtpx:atemp>
      <gpxtpx:hr>169</gpxtpx:hr>
      <gpxtpx:cad>90</gpxtpx:cad>
     </gpxtpx:TrackPointExtension>
    </extensions>
   </trkpt>
   <trkpt lat="46.7924150" lon="130.3225160">
    <ele>80.8</ele>
    <time>2025-09-07T00:04:27Z</time>
    <extensions>
     <power>421</power>
     <gpxtpx:TrackPointExtension>
      <gpxtpx:atemp>29</gpxtpx:atemp>
      <gpxtpx:hr>169</gpxtpx:hr>
      <gpxtpx:cad>90</gpxtpx:cad>
     </gpxtpx:TrackPointExtension>
    </extensions>
   </trkpt>
   <trkpt lat="46.7923820" lon="130.3225150">
    <ele>80.8</ele>
    <time>2025-09-07T00:04:28Z</time>
    <extensions>
     <power>420</power>
     <gpxtpx:TrackPointExtension>
      <gpxtpx:atemp>29</gpxtpx:atemp>
      <gpxtpx:hr>169</gpxtpx:hr>
      <gpxtpx:cad>90</gpxtpx:cad>
     </gpxtpx:TrackPointExtension>
    </extensions>
   </trkpt>
   <trkpt lat="46.7923400" lon="130.3225160">
    <ele>80.8</ele>
    <time>2025-09-07T00:04:29Z</time>
    <extensions>
     <power>419</power>
     <gpxtpx:TrackPointExtension>
      <gpxtpx:atemp>29</gpxtpx:atemp>
      <gpxtpx:hr>169</gpxtpx:hr>
      <gpxtpx:cad>90</gpxtpx:cad>
     </gpxtpx:TrackPointExtension>
    </extensions>
   </trkpt>
   <trkpt lat="46.7923070" lon="130.3225150">
    <ele>80.8</ele>
    <time>2025-09-07T00:04:30Z</time>
    <extensions>
     <power>419</power>
     <gpxtpx:TrackPointExtension>
      <gpxtpx:atemp>29</gpxtpx:atemp>
      <gpxtpx:hr>169</gpxtpx:hr>
      <gpxtpx:cad>90</gpxtpx:cad>
     </gpxtpx:TrackPointExtension>
    </extensions>
   </trkpt>
   <trkpt lat="46.7922670" lon="130.3225190">
    <ele>80.8</ele>
    <time>2025-09-07T00:04:31Z</time>
    <extensions>
     <power>419</power>
     <gpxtpx:TrackPointExtension>
      <gpxtpx:atemp>29</gpxtpx:atemp>
      <gpxtpx:hr>170</gpxtpx:hr>
      <gpxtpx:cad>90</gpxtpx:cad>
     </gpxtpx:TrackPointExtension>
    </extensions>
   </trkpt>
   <trkpt lat="46.7922350" lon="130.3225140">
    <ele>80.8</ele>
    <time>2025-09-07T00:04:32Z</time>
    <extensions>
     <power>419</power>
     <gpxtpx:TrackPointExtension>
      <gpxtpx:atemp>29</gpxtpx:atemp>
      <gpxtpx:hr>170</gpxtpx:hr>
      <gpxtpx:cad>89</gpxtpx:cad>
     </gpxtpx:TrackPointExtension>
    </extensions>
   </trkpt>
   <trkpt lat="46.7921950" lon="130.3225160">
    <ele>80.8</ele>
    <time>2025-09-07T00:04:33Z</time>
    <extensions>
     <power>419</power>
     <gpxtpx:TrackPointExtension>
      <gpxtpx:atemp>29</gpxtpx:atemp>
      <gpxtpx:hr>170</gpxtpx:hr>
      <gpxtpx:cad>89</gpxtpx:cad>
     </gpxtpx:TrackPointExtension>
    </extensions>
   </trkpt>
   <trkpt lat="46.7921660" lon="130.3225200">
    <ele>81.0</ele>
    <time>2025-09-07T00:04:34Z</time>
    <extensions>
     <power>419</power>
     <gpxtpx:TrackPointExtension>
      <gpxtpx:atemp>29</gpxtpx:atemp>
      <gpxtpx:hr>170</gpxtpx:hr>
      <gpxtpx:cad>89</gpxtpx:cad>
     </gpxtpx:TrackPointExtension>
    </extensions>
   </trkpt>
   <trkpt lat="46.7921260" lon="130.3225280">
    <ele>81.0</ele>
    <time>2025-09-07T00:04:35Z</time>
    <extensions>
     <power>417</power>
     <gpxtpx:TrackPointExtension>
      <gpxtpx:atemp>29</gpxtpx:atemp>
      <gpxtpx:hr>170</gpxtpx:hr>
      <gpxtpx:cad>89</gpxtpx:cad>
     </gpxtpx:TrackPointExtension>
    </extensions>
   </trkpt>
   <trkpt lat="46.7920910" lon="130.3225290">
    <ele>81.2</ele>
    <time>2025-09-07T00:04:36Z</time>
    <extensions>
     <power>417</power>
     <gpxtpx:TrackPointExtension>
      <gpxtpx:atemp>29</gpxtpx:atemp>
      <gpxtpx:hr>170</gpxtpx:hr>
      <gpxtpx:cad>89</gpxtpx:cad>
     </gpxtpx:TrackPointExtension>
    </extensions>
   </trkpt>
   <trkpt lat="46.7920470" lon="130.3225230">
    <ele>81.2</ele>
    <time>2025-09-07T00:04:37Z</time>
    <extensions>
     <power>417</power>
     <gpxtpx:TrackPointExtension>
      <gpxtpx:atemp>29</gpxtpx:atemp>
      <gpxtpx:hr>170</gpxtpx:hr>
      <gpxtpx:cad>90</gpxtpx:cad>
     </gpxtpx:TrackPointExtension>
    </extensions>
   </trkpt>
   <trkpt lat="46.7920140" lon="130.3225220">
    <ele>81.2</ele>
    <time>2025-09-07T00:04:38Z</time>
    <extensions>
     <power>417</power>
     <gpxtpx:TrackPointExtension>
      <gpxtpx:atemp>29</gpxtpx:atemp>
      <gpxtpx:hr>171</gpxtpx:hr>
      <gpxtpx:cad>90</gpxtpx:cad>
     </gpxtpx:TrackPointExtension>
    </extensions>
   </trkpt>
   <trkpt lat="46.7919680" lon="130.3225260">
    <ele>81.0</ele>
    <time>2025-09-07T00:04:39Z</time>
    <extensions>
     <power>416</power>
     <gpxtpx:TrackPointExtension>
      <gpxtpx:atemp>29</gpxtpx:atemp>
      <gpxtpx:hr>171</gpxtpx:hr>
      <gpxtpx:cad>90</gpxtpx:cad>
     </gpxtpx:TrackPointExtension>
    </extensions>
   </trkpt>
   <trkpt lat="46.7919340" lon="130.3225240">
    <ele>81.0</ele>
    <time>2025-09-07T00:04:40Z</time>
    <extensions>
     <power>417</power>
     <gpxtpx:TrackPointExtension>
      <gpxtpx:atemp>29</gpxtpx:atemp>
      <gpxtpx:hr>171</gpxtpx:hr>
      <gpxtpx:cad>90</gpxtpx:cad>
     </gpxtpx:TrackPointExtension>
    </extensions>
   </trkpt>
   <trkpt lat="46.7918930" lon="130.3225240">
    <ele>81.0</ele>
    <time>2025-09-07T00:04:41Z</time>
    <extensions>
     <power>418</power>
     <gpxtpx:TrackPointExtension>
      <gpxtpx:atemp>28</gpxtpx:atemp>
      <gpxtpx:hr>171</gpxtpx:hr>
      <gpxtpx:cad>90</gpxtpx:cad>
     </gpxtpx:TrackPointExtension>
    </extensions>
   </trkpt>
   <trkpt lat="46.7918610" lon="130.3225240">
    <ele>81.0</ele>
    <time>2025-09-07T00:04:42Z</time>
    <extensions>
     <power>419</power>
     <gpxtpx:TrackPointExtension>
      <gpxtpx:atemp>29</gpxtpx:atemp>
      <gpxtpx:hr>171</gpxtpx:hr>
      <gpxtpx:cad>90</gpxtpx:cad>
     </gpxtpx:TrackPointExtension>
    </extensions>
   </trkpt>
   <trkpt lat="46.7918200" lon="130.3225290">
    <ele>81.0</ele>
    <time>2025-09-07T00:04:43Z</time>
    <extensions>
     <power>420</power>
     <gpxtpx:TrackPointExtension>
      <gpxtpx:atemp>28</gpxtpx:atemp>
      <gpxtpx:hr>171</gpxtpx:hr>
      <gpxtpx:cad>89</gpxtpx:cad>
     </gpxtpx:TrackPointExtension>
    </extensions>
   </trkpt>
   <trkpt lat="46.7917830" lon="130.3225340">
    <ele>81.0</ele>
    <time>2025-09-07T00:04:44Z</time>
    <extensions>
     <power>419</power>
     <gpxtpx:TrackPointExtension>
      <gpxtpx:atemp>28</gpxtpx:atemp>
      <gpxtpx:hr>171</gpxtpx:hr>
      <gpxtpx:cad>89</gpxtpx:cad>
     </gpxtpx:TrackPointExtension>
    </extensions>
   </trkpt>
   <trkpt lat="46.7917430" lon="130.3225370">
    <ele>81.0</ele>
    <time>2025-09-07T00:04:45Z</time>
    <extensions>
     <power>419</power>
     <gpxtpx:TrackPointExtension>
      <gpxtpx:atemp>28</gpxtpx:atemp>
      <gpxtpx:hr>172</gpxtpx:hr>
      <gpxtpx:cad>89</gpxtpx:cad>
     </gpxtpx:TrackPointExtension>
    </extensions>
   </trkpt>
   <trkpt lat="46.7917160" lon="130.3225380">
    <ele>81.0</ele>
    <time>2025-09-07T00:04:46Z</time>
    <extensions>
     <power>420</power>
     <gpxtpx:TrackPointExtension>
      <gpxtpx:atemp>28</gpxtpx:atemp>
      <gpxtpx:hr>172</gpxtpx:hr>
      <gpxtpx:cad>89</gpxtpx:cad>
     </gpxtpx:TrackPointExtension>
    </extensions>
   </trkpt>
   <trkpt lat="46.7916770" lon="130.3225390">
    <ele>81.0</ele>
    <time>2025-09-07T00:04:47Z</time>
    <extensions>
     <power>420</power>
     <gpxtpx:TrackPointExtension>
      <gpxtpx:atemp>29</gpxtpx:atemp>
      <gpxtpx:hr>172</gpxtpx:hr>
      <gpxtpx:cad>89</gpxtpx:cad>
     </gpxtpx:TrackPointExtension>
    </extensions>
   </trkpt>
   <trkpt lat="46.7916470" lon="130.3225370">
    <ele>80.8</ele>
    <time>2025-09-07T00:04:48Z</time>
    <extensions>
     <power>419</power>
     <gpxtpx:TrackPointExtension>
      <gpxtpx:atemp>28</gpxtpx:atemp>
      <gpxtpx:hr>172</gpxtpx:hr>
      <gpxtpx:cad>89</gpxtpx:cad>
     </gpxtpx:TrackPointExtension>
    </extensions>
   </trkpt>
   <trkpt lat="46.7916080" lon="130.3225400">
    <ele>80.8</ele>
    <time>2025-09-07T00:04:49Z</time>
    <extensions>
     <power>420</power>
     <gpxtpx:TrackPointExtension>
      <gpxtpx:atemp>28</gpxtpx:atemp>
      <gpxtpx:hr>171</gpxtpx:hr>
      <gpxtpx:cad>89</gpxtpx:cad>
     </gpxtpx:TrackPointExtension>
    </extensions>
   </trkpt>
   <trkpt lat="46.7915780" lon="130.3225350">
    <ele>80.8</ele>
    <time>2025-09-07T00:04:50Z</time>
    <extensions>
     <power>419</power>
     <gpxtpx:TrackPointExtension>
      <gpxtpx:atemp>28</gpxtpx:atemp>
      <gpxtpx:hr>172</gpxtpx:hr>
      <gpxtpx:cad>89</gpxtpx:cad>
     </gpxtpx:TrackPointExtension>
    </extensions>
   </trkpt>
   <trkpt lat="46.7915360" lon="130.3225390">
    <ele>80.6</ele>
    <time>2025-09-07T00:04:51Z</time>
    <extensions>
     <power>416</power>
     <gpxtpx:TrackPointExtension>
      <gpxtpx:atemp>28</gpxtpx:atemp>
      <gpxtpx:hr>172</gpxtpx:hr>
      <gpxtpx:cad>89</gpxtpx:cad>
     </gpxtpx:TrackPointExtension>
    </extensions>
   </trkpt>
   <trkpt lat="46.7915070" lon="130.3225430">
    <ele>80.6</ele>
    <time>2025-09-07T00:04:52Z</time>
    <extensions>
     <power>414</power>
     <gpxtpx:TrackPointExtension>
      <gpxtpx:atemp>28</gpxtpx:atemp>
      <gpxtpx:hr>172</gpxtpx:hr>
      <gpxtpx:cad>89</gpxtpx:cad>
     </gpxtpx:TrackPointExtension>
    </extensions>
   </trkpt>
   <trkpt lat="46.7914680" lon="130.3225490">
    <ele>80.6</ele>
    <time>2025-09-07T00:04:53Z</time>
    <extensions>
     <power>412</power>
     <gpxtpx:TrackPointExtension>
      <gpxtpx:atemp>28</gpxtpx:atemp>
      <gpxtpx:hr>172</gpxtpx:hr>
      <gpxtpx:cad>89</gpxtpx:cad>
     </gpxtpx:TrackPointExtension>
    </extensions>
   </trkpt>
   <trkpt lat="46.7914360" lon="130.3225590">
    <ele>80.6</ele>
    <time>2025-09-07T00:04:54Z</time>
    <extensions>
     <power>410</power>
     <gpxtpx:TrackPointExtension>
      <gpxtpx:atemp>28</gpxtpx:atemp>
      <gpxtpx:hr>171</gpxtpx:hr>
      <gpxtpx:cad>89</gpxtpx:cad>
     </gpxtpx:TrackPointExtension>
    </extensions>
   </trkpt>
   <trkpt lat="46.7913970" lon="130.3225610">
    <ele>80.4</ele>
    <time>2025-09-07T00:04:55Z</time>
    <extensions>
     <power>409</power>
     <gpxtpx:TrackPointExtension>
      <gpxtpx:atemp>28</gpxtpx:atemp>
      <gpxtpx:hr>172</gpxtpx:hr>
      <gpxtpx:cad>89</gpxtpx:cad>
     </gpxtpx:TrackPointExtension>
    </extensions>
   </trkpt>
   <trkpt lat="46.7913670" lon="130.3225730">
    <ele>80.6</ele>
    <time>2025-09-07T00:04:56Z</time>
    <extensions>
     <power>407</power>
     <gpxtpx:TrackPointExtension>
      <gpxtpx:atemp>28</gpxtpx:atemp>
      <gpxtpx:hr>172</gpxtpx:hr>
      <gpxtpx:cad>89</gpxtpx:cad>
     </gpxtpx:TrackPointExtension>
    </extensions>
   </trkpt>
   <trkpt lat="46.7913280" lon="130.3225800">
    <ele>80.6</ele>
    <time>2025-09-07T00:04:57Z</time>
    <extensions>
     <power>408</power>
     <gpxtpx:TrackPointExtension>
      <gpxtpx:atemp>28</gpxtpx:atemp>
      <gpxtpx:hr>172</gpxtpx:hr>
      <gpxtpx:cad>89</gpxtpx:cad>
     </gpxtpx:TrackPointExtension>
    </extensions>
   </trkpt>
   <trkpt lat="46.7912920" lon="130.3225770">
    <ele>80.8</ele>
    <time>2025-09-07T00:04:58Z</time>
    <extensions>
     <power>408</power>
     <gpxtpx:TrackPointExtension>
      <gpxtpx:atemp>28</gpxtpx:atemp>
      <gpxtpx:hr>171</gpxtpx:hr>
      <gpxtpx:cad>89</gpxtpx:cad>
     </gpxtpx:TrackPointExtension>
    </extensions>
   </trkpt>
   <trkpt lat="46.7912520" lon="130.3225790">
    <ele>80.8</ele>
    <time>2025-09-07T00:04:59Z</time>
    <extensions>
     <power>409</power>
     <gpxtpx:TrackPointExtension>
      <gpxtpx:atemp>28</gpxtpx:atemp>
      <gpxtpx:hr>172</gpxtpx:hr>
      <gpxtpx:cad>90</gpxtpx:cad>
     </gpxtpx:TrackPointExtension>
    </extensions>
   </trkpt>
   <trkpt lat="46.7912210" lon="130.3225810">
    <ele>81.0</ele>
    <time>2025-09-07T00:05:00Z</time>
    <extensions>
     <power>408</power>
     <gpxtpx:TrackPointExtension>
      <gpxtpx:atemp>28</gpxtpx:atemp>
      <gpxtpx:hr>172</gpxtpx:hr>
      <gpxtpx:cad>90</gpxtpx:cad>
     </gpxtpx:TrackPointExtension>
    </extensions>
   </trkpt>
   <trkpt lat="46.7911800" lon="130.3225850">
    <ele>81.0</ele>
    <time>2025-09-07T00:05:01Z</time>
    <extensions>
     <power>408</power>
     <gpxtpx:TrackPointExtension>
      <gpxtpx:atemp>28</gpxtpx:atemp>
      <gpxtpx:hr>172</gpxtpx:hr>
      <gpxtpx:cad>90</gpxtpx:cad>
     </gpxtpx:TrackPointExtension>
    </extensions>
   </trkpt>
   <trkpt lat="46.7911460" lon="130.3225840">
    <ele>81.2</ele>
    <time>2025-09-07T00:05:02Z</time>
    <extensions>
     <power>409</power>
     <gpxtpx:TrackPointExtension>
      <gpxtpx:atemp>28</gpxtpx:atemp>
      <gpxtpx:hr>172</gpxtpx:hr>
      <gpxtpx:cad>90</gpxtpx:cad>
     </gpxtpx:TrackPointExtension>
    </extensions>
   </trkpt>
   <trkpt lat="46.7911090" lon="130.3225900">
    <ele>81.2</ele>
    <time>2025-09-07T00:05:03Z</time>
    <extensions>
     <power>408</power>
     <gpxtpx:TrackPointExtension>
      <gpxtpx:atemp>28</gpxtpx:atemp>
      <gpxtpx:hr>172</gpxtpx:hr>
      <gpxtpx:cad>90</gpxtpx:cad>
     </gpxtpx:TrackPointExtension>
    </extensions>
   </trkpt>
   <trkpt lat="46.7910760" lon="130.3225910">
    <ele>81.2</ele>
    <time>2025-09-07T00:05:04Z</time>
    <extensions>
     <power>408</power>
     <gpxtpx:TrackPointExtension>
      <gpxtpx:atemp>28</gpxtpx:atemp>
      <gpxtpx:hr>173</gpxtpx:hr>
      <gpxtpx:cad>90</gpxtpx:cad>
     </gpxtpx:TrackPointExtension>
    </extensions>
   </trkpt>
   <trkpt lat="46.7910410" lon="130.3225920">
    <ele>81.4</ele>
    <time>2025-09-07T00:05:05Z</time>
    <extensions>
     <power>410</power>
     <gpxtpx:TrackPointExtension>
      <gpxtpx:atemp>28</gpxtpx:atemp>
      <gpxtpx:hr>173</gpxtpx:hr>
      <gpxtpx:cad>90</gpxtpx:cad>
     </gpxtpx:TrackPointExtension>
    </extensions>
   </trkpt>
   <trkpt lat="46.7910060" lon="130.3225950">
    <ele>81.4</ele>
    <time>2025-09-07T00:05:06Z</time>
    <extensions>
     <power>411</power>
     <gpxtpx:TrackPointExtension>
      <gpxtpx:atemp>28</gpxtpx:atemp>
      <gpxtpx:hr>173</gpxtpx:hr>
      <gpxtpx:cad>89</gpxtpx:cad>
     </gpxtpx:TrackPointExtension>
    </extensions>
   </trkpt>
   <trkpt lat="46.7909690" lon="130.3226020">
    <ele>81.6</ele>
    <time>2025-09-07T00:05:07Z</time>
    <extensions>
     <power>412</power>
     <gpxtpx:TrackPointExtension>
      <gpxtpx:atemp>28</gpxtpx:atemp>
      <gpxtpx:hr>173</gpxtpx:hr>
      <gpxtpx:cad>89</gpxtpx:cad>
     </gpxtpx:TrackPointExtension>
    </extensions>
   </trkpt>
   <trkpt lat="46.7909380" lon="130.3226040">
    <ele>81.4</ele>
    <time>2025-09-07T00:05:08Z</time>
    <extensions>
     <power>412</power>
     <gpxtpx:TrackPointExtension>
      <gpxtpx:atemp>28</gpxtpx:atemp>
      <gpxtpx:hr>173</gpxtpx:hr>
      <gpxtpx:cad>89</gpxtpx:cad>
     </gpxtpx:TrackPointExtension>
    </extensions>
   </trkpt>
   <trkpt lat="46.7909050" lon="130.3226070">
    <ele>81.4</ele>
    <time>2025-09-07T00:05:09Z</time>
    <extensions>
     <power>412</power>
     <gpxtpx:TrackPointExtension>
      <gpxtpx:atemp>28</gpxtpx:atemp>
      <gpxtpx:hr>173</gpxtpx:hr>
      <gpxtpx:cad>89</gpxtpx:cad>
     </gpxtpx:TrackPointExtension>
    </extensions>
   </trkpt>
   <trkpt lat="46.7908760" lon="130.3226100">
    <ele>81.4</ele>
    <time>2025-09-07T00:05:10Z</time>
    <extensions>
     <power>412</power>
     <gpxtpx:TrackPointExtension>
      <gpxtpx:atemp>28</gpxtpx:atemp>
      <gpxtpx:hr>173</gpxtpx:hr>
      <gpxtpx:cad>90</gpxtpx:cad>
     </gpxtpx:TrackPointExtension>
    </extensions>
   </trkpt>
   <trkpt lat="46.7908340" lon="130.3226090">
    <ele>81.4</ele>
    <time>2025-09-07T00:05:11Z</time>
    <extensions>
     <power>409</power>
     <gpxtpx:TrackPointExtension>
      <gpxtpx:atemp>28</gpxtpx:atemp>
      <gpxtpx:hr>173</gpxtpx:hr>
      <gpxtpx:cad>90</gpxtpx:cad>
     </gpxtpx:TrackPointExtension>
    </extensions>
   </trkpt>
   <trkpt lat="46.7908030" lon="130.3226140">
    <ele>81.2</ele>
    <time>2025-09-07T00:05:12Z</time>
    <extensions>
     <power>409</power>
     <gpxtpx:TrackPointExtension>
      <gpxtpx:atemp>28</gpxtpx:atemp>
      <gpxtpx:hr>174</gpxtpx:hr>
      <gpxtpx:cad>89</gpxtpx:cad>
     </gpxtpx:TrackPointExtension>
    </extensions>
   </trkpt>
   <trkpt lat="46.7907600" lon="130.3226130">
    <ele>81.2</ele>
    <time>2025-09-07T00:05:13Z</time>
    <extensions>
     <power>411</power>
     <gpxtpx:TrackPointExtension>
      <gpxtpx:atemp>28</gpxtpx:atemp>
      <gpxtpx:hr>173</gpxtpx:hr>
      <gpxtpx:cad>89</gpxtpx:cad>
     </gpxtpx:TrackPointExtension>
    </extensions>
   </trkpt>
   <trkpt lat="46.7907270" lon="130.3226160">
    <ele>81.0</ele>
    <time>2025-09-07T00:05:14Z</time>
    <extensions>
     <power>411</power>
     <gpxtpx:TrackPointExtension>
      <gpxtpx:atemp>28</gpxtpx:atemp>
      <gpxtpx:hr>173</gpxtpx:hr>
      <gpxtpx:cad>89</gpxtpx:cad>
     </gpxtpx:TrackPointExtension>
    </extensions>
   </trkpt>
   <trkpt lat="46.7906900" lon="130.3226210">
    <ele>81.0</ele>
    <time>2025-09-07T00:05:15Z</time>
    <extensions>
     <power>411</power>
     <gpxtpx:TrackPointExtension>
      <gpxtpx:atemp>28</gpxtpx:atemp>
      <gpxtpx:hr>173</gpxtpx:hr>
      <gpxtpx:cad>89</gpxtpx:cad>
     </gpxtpx:TrackPointExtension>
    </extensions>
   </trkpt>
   <trkpt lat="46.7906570" lon="130.3226230">
    <ele>81.0</ele>
    <time>2025-09-07T00:05:16Z</time>
    <extensions>
     <power>411</power>
     <gpxtpx:TrackPointExtension>
      <gpxtpx:atemp>28</gpxtpx:atemp>
      <gpxtpx:hr>173</gpxtpx:hr>
      <gpxtpx:cad>89</gpxtpx:cad>
     </gpxtpx:TrackPointExtension>
    </extensions>
   </trkpt>
   <trkpt lat="46.7906170" lon="130.3226220">
    <ele>81.0</ele>
    <time>2025-09-07T00:05:17Z</time>
    <extensions>
     <power>410</power>
     <gpxtpx:TrackPointExtension>
      <gpxtpx:atemp>28</gpxtpx:atemp>
      <gpxtpx:hr>173</gpxtpx:hr>
      <gpxtpx:cad>89</gpxtpx:cad>
     </gpxtpx:TrackPointExtension>
    </extensions>
   </trkpt>
   <trkpt lat="46.7905840" lon="130.3226240">
    <ele>81.0</ele>
    <time>2025-09-07T00:05:18Z</time>
    <extensions>
     <power>410</power>
     <gpxtpx:TrackPointExtension>
      <gpxtpx:atemp>28</gpxtpx:atemp>
      <gpxtpx:hr>172</gpxtpx:hr>
      <gpxtpx:cad>89</gpxtpx:cad>
     </gpxtpx:TrackPointExtension>
    </extensions>
   </trkpt>
   <trkpt lat="46.7905440" lon="130.3226230">
    <ele>81.0</ele>
    <time>2025-09-07T00:05:19Z</time>
    <extensions>
     <power>409</power>
     <gpxtpx:TrackPointExtension>
      <gpxtpx:atemp>28</gpxtpx:atemp>
      <gpxtpx:hr>172</gpxtpx:hr>
      <gpxtpx:cad>89</gpxtpx:cad>
     </gpxtpx:TrackPointExtension>
    </extensions>
   </trkpt>
   <trkpt lat="46.7905120" lon="130.3226200">
    <ele>81.0</ele>
    <time>2025-09-07T00:05:20Z</time>
    <extensions>
     <power>407</power>
     <gpxtpx:TrackPointExtension>
      <gpxtpx:atemp>28</gpxtpx:atemp>
      <gpxtpx:hr>172</gpxtpx:hr>
      <gpxtpx:cad>89</gpxtpx:cad>
     </gpxtpx:TrackPointExtension>
    </extensions>
   </trkpt>
   <trkpt lat="46.7904730" lon="130.3226170">
    <ele>81.0</ele>
    <time>2025-09-07T00:05:21Z</time>
    <extensions>
     <power>405</power>
     <gpxtpx:TrackPointExtension>
      <gpxtpx:atemp>28</gpxtpx:atemp>
      <gpxtpx:hr>172</gpxtpx:hr>
      <gpxtpx:cad>89</gpxtpx:cad>
     </gpxtpx:TrackPointExtension>
    </extensions>
   </trkpt>
   <trkpt lat="46.7904400" lon="130.3226100">
    <ele>80.8</ele>
    <time>2025-09-07T00:05:22Z</time>
    <extensions>
     <power>404</power>
     <gpxtpx:TrackPointExtension>
      <gpxtpx:atemp>28</gpxtpx:atemp>
      <gpxtpx:hr>173</gpxtpx:hr>
      <gpxtpx:cad>89</gpxtpx:cad>
     </gpxtpx:TrackPointExtension>
    </extensions>
   </trkpt>
   <trkpt lat="46.7904020" lon="130.3226090">
    <ele>80.8</ele>
    <time>2025-09-07T00:05:23Z</time>
    <extensions>
     <power>404</power>
     <gpxtpx:TrackPointExtension>
      <gpxtpx:atemp>28</gpxtpx:atemp>
      <gpxtpx:hr>173</gpxtpx:hr>
      <gpxtpx:cad>90</gpxtpx:cad>
     </gpxtpx:TrackPointExtension>
    </extensions>
   </trkpt>
   <trkpt lat="46.7903710" lon="130.3226050">
    <ele>81.0</ele>
    <time>2025-09-07T00:05:24Z</time>
    <extensions>
     <power>402</power>
     <gpxtpx:TrackPointExtension>
      <gpxtpx:atemp>28</gpxtpx:atemp>
      <gpxtpx:hr>173</gpxtpx:hr>
      <gpxtpx:cad>90</gpxtpx:cad>
     </gpxtpx:TrackPointExtension>
    </extensions>
   </trkpt>
   <trkpt lat="46.7903320" lon="130.3226050">
    <ele>81.0</ele>
    <time>2025-09-07T00:05:25Z</time>
    <extensions>
     <power>402</power>
     <gpxtpx:TrackPointExtension>
      <gpxtpx:atemp>28</gpxtpx:atemp>
      <gpxtpx:hr>173</gpxtpx:hr>
      <gpxtpx:cad>90</gpxtpx:cad>
     </gpxtpx:TrackPointExtension>
    </extensions>
   </trkpt>
   <trkpt lat="46.7903000" lon="130.3225990">
    <ele>81.0</ele>
    <time>2025-09-07T00:05:26Z</time>
    <extensions>
     <power>400</power>
     <gpxtpx:TrackPointExtension>
      <gpxtpx:atemp>28</gpxtpx:atemp>
      <gpxtpx:hr>173</gpxtpx:hr>
      <gpxtpx:cad>90</gpxtpx:cad>
     </gpxtpx:TrackPointExtension>
    </extensions>
   </trkpt>
   <trkpt lat="46.7902620" lon="130.3226020">
    <ele>81.0</ele>
    <time>2025-09-07T00:05:27Z</time>
    <extensions>
     <power>399</power>
     <gpxtpx:TrackPointExtension>
      <gpxtpx:atemp>28</gpxtpx:atemp>
      <gpxtpx:hr>173</gpxtpx:hr>
      <gpxtpx:cad>90</gpxtpx:cad>
     </gpxtpx:TrackPointExtension>
    </extensions>
   </trkpt>
   <trkpt lat="46.7902300" lon="130.3226030">
    <ele>81.0</ele>
    <time>2025-09-07T00:05:28Z</time>
    <extensions>
     <power>398</power>
     <gpxtpx:TrackPointExtension>
      <gpxtpx:atemp>28</gpxtpx:atemp>
      <gpxtpx:hr>173</gpxtpx:hr>
      <gpxtpx:cad>90</gpxtpx:cad>
     </gpxtpx:TrackPointExtension>
    </extensions>
   </trkpt>
   <trkpt lat="46.7901930" lon="130.3226050">
    <ele>81.0</ele>
    <time>2025-09-07T00:05:29Z</time>
    <extensions>
     <power>397</power>
     <gpxtpx:TrackPointExtension>
      <gpxtpx:atemp>28</gpxtpx:atemp>
      <gpxtpx:hr>173</gpxtpx:hr>
      <gpxtpx:cad>90</gpxtpx:cad>
     </gpxtpx:TrackPointExtension>
    </extensions>
   </trkpt>
   <trkpt lat="46.7901650" lon="130.3226010">
    <ele>80.8</ele>
    <time>2025-09-07T00:05:30Z</time>
    <extensions>
     <power>396</power>
     <gpxtpx:TrackPointExtension>
      <gpxtpx:atemp>28</gpxtpx:atemp>
      <gpxtpx:hr>173</gpxtpx:hr>
      <gpxtpx:cad>90</gpxtpx:cad>
     </gpxtpx:TrackPointExtension>
    </extensions>
   </trkpt>
   <trkpt lat="46.7901250" lon="130.3225940">
    <ele>80.8</ele>
    <time>2025-09-07T00:05:31Z</time>
    <extensions>
     <power>394</power>
     <gpxtpx:TrackPointExtension>
      <gpxtpx:atemp>28</gpxtpx:atemp>
      <gpxtpx:hr>173</gpxtpx:hr>
      <gpxtpx:cad>91</gpxtpx:cad>
     </gpxtpx:TrackPointExtension>
    </extensions>
   </trkpt>
   <trkpt lat="46.7900950" lon="130.3225910">
    <ele>80.8</ele>
    <time>2025-09-07T00:05:32Z</time>
    <extensions>
     <power>391</power>
     <gpxtpx:TrackPointExtension>
      <gpxtpx:atemp>28</gpxtpx:atemp>
      <gpxtpx:hr>173</gpxtpx:hr>
      <gpxtpx:cad>91</gpxtpx:cad>
     </gpxtpx:TrackPointExtension>
    </extensions>
   </trkpt>
   <trkpt lat="46.7900520" lon="130.3226100">
    <ele>80.8</ele>
    <time>2025-09-07T00:05:33Z</time>
    <extensions>
     <power>391</power>
     <gpxtpx:TrackPointExtension>
      <gpxtpx:atemp>28</gpxtpx:atemp>
      <gpxtpx:hr>173</gpxtpx:hr>
      <gpxtpx:cad>91</gpxtpx:cad>
     </gpxtpx:TrackPointExtension>
    </extensions>
   </trkpt>
   <trkpt lat="46.7900220" lon="130.3226130">
    <ele>80.8</ele>
    <time>2025-09-07T00:05:34Z</time>
    <extensions>
     <power>391</power>
     <gpxtpx:TrackPointExtension>
      <gpxtpx:atemp>28</gpxtpx:atemp>
      <gpxtpx:hr>173</gpxtpx:hr>
      <gpxtpx:cad>92</gpxtpx:cad>
     </gpxtpx:TrackPointExtension>
    </extensions>
   </trkpt>
   <trkpt lat="46.7899820" lon="130.3226180">
    <ele>80.8</ele>
    <time>2025-09-07T00:05:35Z</time>
    <extensions>
     <power>392</power>
     <gpxtpx:TrackPointExtension>
      <gpxtpx:atemp>28</gpxtpx:atemp>
      <gpxtpx:hr>174</gpxtpx:hr>
      <gpxtpx:cad>92</gpxtpx:cad>
     </gpxtpx:TrackPointExtension>
    </extensions>
   </trkpt>
   <trkpt lat="46.7899470" lon="130.3226190">
    <ele>80.8</ele>
    <time>2025-09-07T00:05:36Z</time>
    <extensions>
     <power>391</power>
     <gpxtpx:TrackPointExtension>
      <gpxtpx:atemp>28</gpxtpx:atemp>
      <gpxtpx:hr>173</gpxtpx:hr>
      <gpxtpx:cad>90</gpxtpx:cad>
     </gpxtpx:TrackPointExtension>
    </extensions>
   </trkpt>
   <trkpt lat="46.7899090" lon="130.3226190">
    <ele>80.8</ele>
    <time>2025-09-07T00:05:37Z</time>
    <extensions>
     <power>392</power>
     <gpxtpx:TrackPointExtension>
      <gpxtpx:atemp>28</gpxtpx:atemp>
      <gpxtpx:hr>173</gpxtpx:hr>
      <gpxtpx:cad>90</gpxtpx:cad>
     </gpxtpx:TrackPointExtension>
    </extensions>
   </trkpt>
   <trkpt lat="46.7898770" lon="130.3226190">
    <ele>80.8</ele>
    <time>2025-09-07T00:05:38Z</time>
    <extensions>
     <power>392</power>
     <gpxtpx:TrackPointExtension>
      <gpxtpx:atemp>28</gpxtpx:atemp>
      <gpxtpx:hr>173</gpxtpx:hr>
      <gpxtpx:cad>90</gpxtpx:cad>
     </gpxtpx:TrackPointExtension>
    </extensions>
   </trkpt>
   <trkpt lat="46.7898370" lon="130.3226190">
    <ele>80.8</ele>
    <time>2025-09-07T00:05:39Z</time>
    <extensions>
     <power>392</power>
     <gpxtpx:TrackPointExtension>
      <gpxtpx:atemp>28</gpxtpx:atemp>
      <gpxtpx:hr>173</gpxtpx:hr>
      <gpxtpx:cad>90</gpxtpx:cad>
     </gpxtpx:TrackPointExtension>
    </extensions>
   </trkpt>
   <trkpt lat="46.7898080" lon="130.3226180">
    <ele>81.0</ele>
    <time>2025-09-07T00:05:40Z</time>
    <extensions>
     <power>392</power>
     <gpxtpx:TrackPointExtension>
      <gpxtpx:atemp>28</gpxtpx:atemp>
      <gpxtpx:hr>174</gpxtpx:hr>
      <gpxtpx:cad>89</gpxtpx:cad>
     </gpxtpx:TrackPointExtension>
    </extensions>
   </trkpt>
   <trkpt lat="46.7897660" lon="130.3226200">
    <ele>80.8</ele>
    <time>2025-09-07T00:05:41Z</time>
    <extensions>
     <power>393</power>
     <gpxtpx:TrackPointExtension>
      <gpxtpx:atemp>28</gpxtpx:atemp>
      <gpxtpx:hr>173</gpxtpx:hr>
      <gpxtpx:cad>89</gpxtpx:cad>
     </gpxtpx:TrackPointExtension>
    </extensions>
   </trkpt>
   <trkpt lat="46.7897360" lon="130.3226200">
    <ele>80.8</ele>
    <time>2025-09-07T00:05:42Z</time>
    <extensions>
     <power>393</power>
     <gpxtpx:TrackPointExtension>
      <gpxtpx:atemp>28</gpxtpx:atemp>
      <gpxtpx:hr>173</gpxtpx:hr>
      <gpxtpx:cad>88</gpxtpx:cad>
     </gpxtpx:TrackPointExtension>
    </extensions>
   </trkpt>
   <trkpt lat="46.7896950" lon="130.3226220">
    <ele>80.8</ele>
    <time>2025-09-07T00:05:43Z</time>
    <extensions>
     <power>395</power>
     <gpxtpx:TrackPointExtension>
      <gpxtpx:atemp>28</gpxtpx:atemp>
      <gpxtpx:hr>173</gpxtpx:hr>
      <gpxtpx:cad>88</gpxtpx:cad>
     </gpxtpx:TrackPointExtension>
    </extensions>
   </trkpt>
   <trkpt lat="46.7896680" lon="130.3226240">
    <ele>80.8</ele>
    <time>2025-09-07T00:05:44Z</time>
    <extensions>
     <power>395</power>
     <gpxtpx:TrackPointExtension>
      <gpxtpx:atemp>28</gpxtpx:atemp>
      <gpxtpx:hr>174</gpxtpx:hr>
      <gpxtpx:cad>89</gpxtpx:cad>
     </gpxtpx:TrackPointExtension>
    </extensions>
   </trkpt>
   <trkpt lat="46.7896260" lon="130.3226260">
    <ele>80.8</ele>
    <time>2025-09-07T00:05:45Z</time>
    <extensions>
     <power>394</power>
     <gpxtpx:TrackPointExtension>
      <gpxtpx:atemp>28</gpxtpx:atemp>
      <gpxtpx:hr>173</gpxtpx:hr>
      <gpxtpx:cad>89</gpxtpx:cad>
     </gpxtpx:TrackPointExtension>
    </extensions>
   </trkpt>
   <trkpt lat="46.7895970" lon="130.3226280">
    <ele>80.8</ele>
    <time>2025-09-07T00:05:46Z</time>
    <extensions>
     <power>391</power>
     <gpxtpx:TrackPointExtension>
      <gpxtpx:atemp>28</gpxtpx:atemp>
      <gpxtpx:hr>173</gpxtpx:hr>
      <gpxtpx:cad>89</gpxtpx:cad>
     </gpxtpx:TrackPointExtension>
    </extensions>
   </trkpt>
   <trkpt lat="46.7895550" lon="130.3226300">
    <ele>80.8</ele>
    <time>2025-09-07T00:05:47Z</time>
    <extensions>
     <power>392</power>
     <gpxtpx:TrackPointExtension>
      <gpxtpx:atemp>28</gpxtpx:atemp>
      <gpxtpx:hr>173</gpxtpx:hr>
      <gpxtpx:cad>89</gpxtpx:cad>
     </gpxtpx:TrackPointExtension>
    </extensions>
   </trkpt>
   <trkpt lat="46.7895270" lon="130.3226280">
    <ele>80.6</ele>
    <time>2025-09-07T00:05:48Z</time>
    <extensions>
     <power>392</power>
     <gpxtpx:TrackPointExtension>
      <gpxtpx:atemp>28</gpxtpx:atemp>
      <gpxtpx:hr>174</gpxtpx:hr>
      <gpxtpx:cad>89</gpxtpx:cad>
     </gpxtpx:TrackPointExtension>
    </extensions>
   </trkpt>
   <trkpt lat="46.7894880" lon="130.3226450">
    <ele>80.6</ele>
    <time>2025-09-07T00:05:49Z</time>
    <extensions>
     <power>392</power>
     <gpxtpx:TrackPointExtension>
      <gpxtpx:atemp>28</gpxtpx:atemp>
      <gpxtpx:hr>173</gpxtpx:hr>
      <gpxtpx:cad>89</gpxtpx:cad>
     </gpxtpx:TrackPointExtension>
    </extensions>
   </trkpt>
   <trkpt lat="46.7894580" lon="130.3226450">
    <ele>80.4</ele>
    <time>2025-09-07T00:05:50Z</time>
    <extensions>
     <power>390</power>
     <gpxtpx:TrackPointExtension>
      <gpxtpx:atemp>28</gpxtpx:atemp>
      <gpxtpx:hr>173</gpxtpx:hr>
      <gpxtpx:cad>89</gpxtpx:cad>
     </gpxtpx:TrackPointExtension>
    </extensions>
   </trkpt>
   <trkpt lat="46.7894150" lon="130.3226460">
    <ele>80.2</ele>
    <time>2025-09-07T00:05:51Z</time>
    <extensions>
     <power>389</power>
     <gpxtpx:TrackPointExtension>
      <gpxtpx:atemp>28</gpxtpx:atemp>
      <gpxtpx:hr>173</gpxtpx:hr>
      <gpxtpx:cad>89</gpxtpx:cad>
     </gpxtpx:TrackPointExtension>
    </extensions>
   </trkpt>
   <trkpt lat="46.7893810" lon="130.3226510">
    <ele>80.2</ele>
    <time>2025-09-07T00:05:52Z</time>
    <extensions>
     <power>388</power>
     <gpxtpx:TrackPointExtension>
      <gpxtpx:atemp>28</gpxtpx:atemp>
      <gpxtpx:hr>173</gpxtpx:hr>
      <gpxtpx:cad>89</gpxtpx:cad>
     </gpxtpx:TrackPointExtension>
    </extensions>
   </trkpt>
   <trkpt lat="46.7893380" lon="130.3226540">
    <ele>80.4</ele>
    <time>2025-09-07T00:05:53Z</time>
    <extensions>
     <power>388</power>
     <gpxtpx:TrackPointExtension>
      <gpxtpx:atemp>28</gpxtpx:atemp>
      <gpxtpx:hr>173</gpxtpx:hr>
      <gpxtpx:cad>89</gpxtpx:cad>
     </gpxtpx:TrackPointExtension>
    </extensions>
   </trkpt>
   <trkpt lat="46.7893040" lon="130.3226550">
    <ele>80.4</ele>
    <time>2025-09-07T00:05:54Z</time>
    <extensions>
     <power>389</power>
     <gpxtpx:TrackPointExtension>
      <gpxtpx:atemp>28</gpxtpx:atemp>
      <gpxtpx:hr>173</gpxtpx:hr>
      <gpxtpx:cad>89</gpxtpx:cad>
     </gpxtpx:TrackPointExtension>
    </extensions>
   </trkpt>
   <trkpt lat="46.7892610" lon="130.3226570">
    <ele>80.4</ele>
    <time>2025-09-07T00:05:55Z</time>
    <extensions>
     <power>390</power>
     <gpxtpx:TrackPointExtension>
      <gpxtpx:atemp>28</gpxtpx:atemp>
      <gpxtpx:hr>173</gpxtpx:hr>
      <gpxtpx:cad>89</gpxtpx:cad>
     </gpxtpx:TrackPointExtension>
    </extensions>
   </trkpt>
   <trkpt lat="46.7892300" lon="130.3226520">
    <ele>80.6</ele>
    <time>2025-09-07T00:05:56Z</time>
    <extensions>
     <power>392</power>
     <gpxtpx:TrackPointExtension>
      <gpxtpx:atemp>28</gpxtpx:atemp>
      <gpxtpx:hr>173</gpxtpx:hr>
      <gpxtpx:cad>89</gpxtpx:cad>
     </gpxtpx:TrackPointExtension>
    </extensions>
   </trkpt>
   <trkpt lat="46.7891890" lon="130.3226570">
    <ele>80.4</ele>
    <time>2025-09-07T00:05:57Z</time>
    <extensions>
     <power>392</power>
     <gpxtpx:TrackPointExtension>
      <gpxtpx:atemp>28</gpxtpx:atemp>
      <gpxtpx:hr>173</gpxtpx:hr>
      <gpxtpx:cad>90</gpxtpx:cad>
     </gpxtpx:TrackPointExtension>
    </extensions>
   </trkpt>
   <trkpt lat="46.7891590" lon="130.3226580">
    <ele>80.6</ele>
    <time>2025-09-07T00:05:58Z</time>
    <extensions>
     <power>392</power>
     <gpxtpx:TrackPointExtension>
      <gpxtpx:atemp>28</gpxtpx:atemp>
      <gpxtpx:hr>173</gpxtpx:hr>
      <gpxtpx:cad>90</gpxtpx:cad>
     </gpxtpx:TrackPointExtension>
    </extensions>
   </trkpt>
   <trkpt lat="46.7891190" lon="130.3226610">
    <ele>80.6</ele>
    <time>2025-09-07T00:05:59Z</time>
    <extensions>
     <power>389</power>
     <gpxtpx:TrackPointExtension>
      <gpxtpx:atemp>28</gpxtpx:atemp>
      <gpxtpx:hr>174</gpxtpx:hr>
      <gpxtpx:cad>90</gpxtpx:cad>
     </gpxtpx:TrackPointExtension>
    </extensions>
   </trkpt>
   <trkpt lat="46.7890900" lon="130.3226610">
    <ele>80.6</ele>
    <time>2025-09-07T00:06:00Z</time>
    <extensions>
     <power>390</power>
     <gpxtpx:TrackPointExtension>
      <gpxtpx:atemp>28</gpxtpx:atemp>
      <gpxtpx:hr>174</gpxtpx:hr>
      <gpxtpx:cad>90</gpxtpx:cad>
     </gpxtpx:TrackPointExtension>
    </extensions>
   </trkpt>
   <trkpt lat="46.7890480" lon="130.3226620">
    <ele>80.6</ele>
    <time>2025-09-07T00:06:01Z</time>
    <extensions>
     <power>389</power>
     <gpxtpx:TrackPointExtension>
      <gpxtpx:atemp>28</gpxtpx:atemp>
      <gpxtpx:hr>174</gpxtpx:hr>
      <gpxtpx:cad>90</gpxtpx:cad>
     </gpxtpx:TrackPointExtension>
    </extensions>
   </trkpt>
   <trkpt lat="46.7890210" lon="130.3226600">
    <ele>80.6</ele>
    <time>2025-09-07T00:06:02Z</time>
    <extensions>
     <power>388</power>
     <gpxtpx:TrackPointExtension>
      <gpxtpx:atemp>28</gpxtpx:atemp>
      <gpxtpx:hr>174</gpxtpx:hr>
      <gpxtpx:cad>89</gpxtpx:cad>
     </gpxtpx:TrackPointExtension>
    </extensions>
   </trkpt>
   <trkpt lat="46.7889790" lon="130.3226590">
    <ele>80.6</ele>
    <time>2025-09-07T00:06:03Z</time>
    <extensions>
     <power>389</power>
     <gpxtpx:TrackPointExtension>
      <gpxtpx:atemp>28</gpxtpx:atemp>
      <gpxtpx:hr>174</gpxtpx:hr>
      <gpxtpx:cad>89</gpxtpx:cad>
     </gpxtpx:TrackPointExtension>
    </extensions>
   </trkpt>
   <trkpt lat="46.7889490" lon="130.3226630">
    <ele>80.6</ele>
    <time>2025-09-07T00:06:04Z</time>
    <extensions>
     <power>389</power>
     <gpxtpx:TrackPointExtension>
      <gpxtpx:atemp>28</gpxtpx:atemp>
      <gpxtpx:hr>174</gpxtpx:hr>
      <gpxtpx:cad>89</gpxtpx:cad>
     </gpxtpx:TrackPointExtension>
    </extensions>
   </trkpt>
   <trkpt lat="46.7889040" lon="130.3226620">
    <ele>80.6</ele>
    <time>2025-09-07T00:06:05Z</time>
    <extensions>
     <power>390</power>
     <gpxtpx:TrackPointExtension>
      <gpxtpx:atemp>28</gpxtpx:atemp>
      <gpxtpx:hr>174</gpxtpx:hr>
      <gpxtpx:cad>89</gpxtpx:cad>
     </gpxtpx:TrackPointExtension>
    </extensions>
   </trkpt>
   <trkpt lat="46.7888730" lon="130.3226630">
    <ele>80.8</ele>
    <time>2025-09-07T00:06:06Z</time>
    <extensions>
     <power>391</power>
     <gpxtpx:TrackPointExtension>
      <gpxtpx:atemp>28</gpxtpx:atemp>
      <gpxtpx:hr>175</gpxtpx:hr>
      <gpxtpx:cad>90</gpxtpx:cad>
     </gpxtpx:TrackPointExtension>
    </extensions>
   </trkpt>
   <trkpt lat="46.7888310" lon="130.3226650">
    <ele>80.8</ele>
    <time>2025-09-07T00:06:07Z</time>
    <extensions>
     <power>390</power>
     <gpxtpx:TrackPointExtension>
      <gpxtpx:atemp>28</gpxtpx:atemp>
      <gpxtpx:hr>174</gpxtpx:hr>
      <gpxtpx:cad>90</gpxtpx:cad>
     </gpxtpx:TrackPointExtension>
    </extensions>
   </trkpt>
   <trkpt lat="46.7887980" lon="130.3226650">
    <ele>81.0</ele>
    <time>2025-09-07T00:06:08Z</time>
    <extensions>
     <power>390</power>
     <gpxtpx:TrackPointExtension>
      <gpxtpx:atemp>28</gpxtpx:atemp>
      <gpxtpx:hr>174</gpxtpx:hr>
      <gpxtpx:cad>90</gpxtpx:cad>
     </gpxtpx:TrackPointExtension>
    </extensions>
   </trkpt>
   <trkpt lat="46.7887530" lon="130.3226700">
    <ele>81.0</ele>
    <time>2025-09-07T00:06:09Z</time>
    <extensions>
     <power>392</power>
     <gpxtpx:TrackPointExtension>
      <gpxtpx:atemp>28</gpxtpx:atemp>
      <gpxtpx:hr>175</gpxtpx:hr>
      <gpxtpx:cad>90</gpxtpx:cad>
     </gpxtpx:TrackPointExtension>
    </extensions>
   </trkpt>
   <trkpt lat="46.7887200" lon="130.3226740">
    <ele>81.0</ele>
    <time>2025-09-07T00:06:10Z</time>
    <extensions>
     <power>392</power>
     <gpxtpx:TrackPointExtension>
      <gpxtpx:atemp>28</gpxtpx:atemp>
      <gpxtpx:hr>175</gpxtpx:hr>
      <gpxtpx:cad>90</gpxtpx:cad>
     </gpxtpx:TrackPointExtension>
    </extensions>
   </trkpt>
   <trkpt lat="46.7886750" lon="130.3226810">
    <ele>81.0</ele>
    <time>2025-09-07T00:06:11Z</time>
    <extensions>
     <power>394</power>
     <gpxtpx:TrackPointExtension>
      <gpxtpx:atemp>28</gpxtpx:atemp>
      <gpxtpx:hr>175</gpxtpx:hr>
      <gpxtpx:cad>90</gpxtpx:cad>
     </gpxtpx:TrackPointExtension>
    </extensions>
   </trkpt>
   <trkpt lat="46.7886440" lon="130.3226800">
    <ele>81.0</ele>
    <time>2025-09-07T00:06:12Z</time>
    <extensions>
     <power>395</power>
     <gpxtpx:TrackPointExtension>
      <gpxtpx:atemp>28</gpxtpx:atemp>
      <gpxtpx:hr>174</gpxtpx:hr>
      <gpxtpx:cad>89</gpxtpx:cad>
     </gpxtpx:TrackPointExtension>
    </extensions>
   </trkpt>
   <trkpt lat="46.7885980" lon="130.3226860">
    <ele>81.0</ele>
    <time>2025-09-07T00:06:13Z</time>
    <extensions>
     <power>397</power>
     <gpxtpx:TrackPointExtension>
      <gpxtpx:atemp>28</gpxtpx:atemp>
      <gpxtpx:hr>175</gpxtpx:hr>
      <gpxtpx:cad>89</gpxtpx:cad>
     </gpxtpx:TrackPointExtension>
    </extensions>
   </trkpt>
   <trkpt lat="46.7885670" lon="130.3226860">
    <ele>81.0</ele>
    <time>2025-09-07T00:06:14Z</time>
    <extensions>
     <power>398</power>
     <gpxtpx:TrackPointExtension>
      <gpxtpx:atemp>28</gpxtpx:atemp>
      <gpxtpx:hr>175</gpxtpx:hr>
      <gpxtpx:cad>89</gpxtpx:cad>
     </gpxtpx:TrackPointExtension>
    </extensions>
   </trkpt>
   <trkpt lat="46.7885210" lon="130.3226850">
    <ele>81.0</ele>
    <time>2025-09-07T00:06:15Z</time>
    <extensions>
     <power>397</power>
     <gpxtpx:TrackPointExtension>
      <gpxtpx:atemp>28</gpxtpx:atemp>
      <gpxtpx:hr>175</gpxtpx:hr>
      <gpxtpx:cad>89</gpxtpx:cad>
     </gpxtpx:TrackPointExtension>
    </extensions>
   </trkpt>
   <trkpt lat="46.7884890" lon="130.3226850">
    <ele>80.8</ele>
    <time>2025-09-07T00:06:16Z</time>
    <extensions>
     <power>397</power>
     <gpxtpx:TrackPointExtension>
      <gpxtpx:atemp>28</gpxtpx:atemp>
      <gpxtpx:hr>174</gpxtpx:hr>
      <gpxtpx:cad>89</gpxtpx:cad>
     </gpxtpx:TrackPointExtension>
    </extensions>
   </trkpt>
   <trkpt lat="46.7884440" lon="130.3226860">
    <ele>80.8</ele>
    <time>2025-09-07T00:06:17Z</time>
    <extensions>
     <power>399</power>
     <gpxtpx:TrackPointExtension>
      <gpxtpx:atemp>28</gpxtpx:atemp>
      <gpxtpx:hr>175</gpxtpx:hr>
      <gpxtpx:cad>89</gpxtpx:cad>
     </gpxtpx:TrackPointExtension>
    </extensions>
   </trkpt>
   <trkpt lat="46.7884130" lon="130.3226850">
    <ele>80.8</ele>
    <time>2025-09-07T00:06:18Z</time>
    <extensions>
     <power>399</power>
     <gpxtpx:TrackPointExtension>
      <gpxtpx:atemp>28</gpxtpx:atemp>
      <gpxtpx:hr>175</gpxtpx:hr>
      <gpxtpx:cad>89</gpxtpx:cad>
     </gpxtpx:TrackPointExtension>
    </extensions>
   </trkpt>
   <trkpt lat="46.7883710" lon="130.3226940">
    <ele>80.8</ele>
    <time>2025-09-07T00:06:19Z</time>
    <extensions>
     <power>401</power>
     <gpxtpx:TrackPointExtension>
      <gpxtpx:atemp>28</gpxtpx:atemp>
      <gpxtpx:hr>175</gpxtpx:hr>
      <gpxtpx:cad>88</gpxtpx:cad>
     </gpxtpx:TrackPointExtension>
    </extensions>
   </trkpt>
   <trkpt lat="46.7883440" lon="130.3226850">
    <ele>80.8</ele>
    <time>2025-09-07T00:06:20Z</time>
    <extensions>
     <power>403</power>
     <gpxtpx:TrackPointExtension>
      <gpxtpx:atemp>28</gpxtpx:atemp>
      <gpxtpx:hr>175</gpxtpx:hr>
      <gpxtpx:cad>88</gpxtpx:cad>
     </gpxtpx:TrackPointExtension>
    </extensions>
   </trkpt>
   <trkpt lat="46.7882990" lon="130.3226890">
    <ele>81.0</ele>
    <time>2025-09-07T00:06:21Z</time>
    <extensions>
     <power>403</power>
     <gpxtpx:TrackPointExtension>
      <gpxtpx:atemp>28</gpxtpx:atemp>
      <gpxtpx:hr>175</gpxtpx:hr>
      <gpxtpx:cad>88</gpxtpx:cad>
     </gpxtpx:TrackPointExtension>
    </extensions>
   </trkpt>
   <trkpt lat="46.7882700" lon="130.3226870">
    <ele>80.8</ele>
    <time>2025-09-07T00:06:22Z</time>
    <extensions>
     <power>404</power>
     <gpxtpx:TrackPointExtension>
      <gpxtpx:atemp>27</gpxtpx:atemp>
      <gpxtpx:hr>175</gpxtpx:hr>
      <gpxtpx:cad>89</gpxtpx:cad>
     </gpxtpx:TrackPointExtension>
    </extensions>
   </trkpt>
   <trkpt lat="46.7882280" lon="130.3226930">
    <ele>81.0</ele>
    <time>2025-09-07T00:06:23Z</time>
    <extensions>
     <power>402</power>
     <gpxtpx:TrackPointExtension>
      <gpxtpx:atemp>28</gpxtpx:atemp>
      <gpxtpx:hr>175</gpxtpx:hr>
      <gpxtpx:cad>89</gpxtpx:cad>
     </gpxtpx:TrackPointExtension>
    </extensions>
   </trkpt>
   <trkpt lat="46.7881930" lon="130.3226930">
    <ele>80.8</ele>
    <time>2025-09-07T00:06:24Z</time>
    <extensions>
     <power>404</power>
     <gpxtpx:TrackPointExtension>
      <gpxtpx:atemp>27</gpxtpx:atemp>
      <gpxtpx:hr>175</gpxtpx:hr>
      <gpxtpx:cad>89</gpxtpx:cad>
     </gpxtpx:TrackPointExtension>
    </extensions>
   </trkpt>
   <trkpt lat="46.7881480" lon="130.3227000">
    <ele>81.0</ele>
    <time>2025-09-07T00:06:25Z</time>
    <extensions>
     <power>405</power>
     <gpxtpx:TrackPointExtension>
      <gpxtpx:atemp>28</gpxtpx:atemp>
      <gpxtpx:hr>175</gpxtpx:hr>
      <gpxtpx:cad>90</gpxtpx:cad>
     </gpxtpx:TrackPointExtension>
    </extensions>
   </trkpt>
   <trkpt lat="46.7881170" lon="130.3226940">
    <ele>81.0</ele>
    <time>2025-09-07T00:06:26Z</time>
    <extensions>
     <power>405</power>
     <gpxtpx:TrackPointExtension>
      <gpxtpx:atemp>27</gpxtpx:atemp>
      <gpxtpx:hr>174</gpxtpx:hr>
      <gpxtpx:cad>90</gpxtpx:cad>
     </gpxtpx:TrackPointExtension>
    </extensions>
   </trkpt>
   <trkpt lat="46.7880710" lon="130.3227010">
    <ele>81.0</ele>
    <time>2025-09-07T00:06:27Z</time>
    <extensions>
     <power>409</power>
     <gpxtpx:TrackPointExtension>
      <gpxtpx:atemp>27</gpxtpx:atemp>
      <gpxtpx:hr>174</gpxtpx:hr>
      <gpxtpx:cad>90</gpxtpx:cad>
     </gpxtpx:TrackPointExtension>
    </extensions>
   </trkpt>
   <trkpt lat="46.7880400" lon="130.3227020">
    <ele>81.0</ele>
    <time>2025-09-07T00:06:28Z</time>
    <extensions>
     <power>409</power>
     <gpxtpx:TrackPointExtension>
      <gpxtpx:atemp>27</gpxtpx:atemp>
      <gpxtpx:hr>174</gpxtpx:hr>
      <gpxtpx:cad>90</gpxtpx:cad>
     </gpxtpx:TrackPointExtension>
    </extensions>
   </trkpt>
   <trkpt lat="46.7879970" lon="130.3227020">
    <ele>81.2</ele>
    <time>2025-09-07T00:06:29Z</time>
    <extensions>
     <power>412</power>
     <gpxtpx:TrackPointExtension>
      <gpxtpx:atemp>28</gpxtpx:atemp>
      <gpxtpx:hr>175</gpxtpx:hr>
      <gpxtpx:cad>90</gpxtpx:cad>
     </gpxtpx:TrackPointExtension>
    </extensions>
   </trkpt>
   <trkpt lat="46.7879650" lon="130.3227000">
    <ele>81.2</ele>
    <time>2025-09-07T00:06:30Z</time>
    <extensions>
     <power>413</power>
     <gpxtpx:TrackPointExtension>
      <gpxtpx:atemp>27</gpxtpx:atemp>
      <gpxtpx:hr>175</gpxtpx:hr>
      <gpxtpx:cad>90</gpxtpx:cad>
     </gpxtpx:TrackPointExtension>
    </extensions>
   </trkpt>
   <trkpt lat="46.7879240" lon="130.3227040">
    <ele>81.2</ele>
    <time>2025-09-07T00:06:31Z</time>
    <extensions>
     <power>414</power>
     <gpxtpx:TrackPointExtension>
      <gpxtpx:atemp>27</gpxtpx:atemp>
      <gpxtpx:hr>175</gpxtpx:hr>
      <gpxtpx:cad>90</gpxtpx:cad>
     </gpxtpx:TrackPointExtension>
    </extensions>
   </trkpt>
   <trkpt lat="46.7878940" lon="130.3227060">
    <ele>81.2</ele>
    <time>2025-09-07T00:06:32Z</time>
    <extensions>
     <power>415</power>
     <gpxtpx:TrackPointExtension>
      <gpxtpx:atemp>27</gpxtpx:atemp>
      <gpxtpx:hr>175</gpxtpx:hr>
      <gpxtpx:cad>89</gpxtpx:cad>
     </gpxtpx:TrackPointExtension>
    </extensions>
   </trkpt>
   <trkpt lat="46.7878530" lon="130.3227150">
    <ele>81.4</ele>
    <time>2025-09-07T00:06:33Z</time>
    <extensions>
     <power>416</power>
     <gpxtpx:TrackPointExtension>
      <gpxtpx:atemp>28</gpxtpx:atemp>
      <gpxtpx:hr>175</gpxtpx:hr>
      <gpxtpx:cad>89</gpxtpx:cad>
     </gpxtpx:TrackPointExtension>
    </extensions>
   </trkpt>
   <trkpt lat="46.7878230" lon="130.3227180">
    <ele>81.4</ele>
    <time>2025-09-07T00:06:34Z</time>
    <extensions>
     <power>417</power>
     <gpxtpx:TrackPointExtension>
      <gpxtpx:atemp>27</gpxtpx:atemp>
      <gpxtpx:hr>174</gpxtpx:hr>
      <gpxtpx:cad>90</gpxtpx:cad>
     </gpxtpx:TrackPointExtension>
    </extensions>
   </trkpt>
   <trkpt lat="46.7877840" lon="130.3227300">
    <ele>81.2</ele>
    <time>2025-09-07T00:06:35Z</time>
    <extensions>
     <power>414</power>
     <gpxtpx:TrackPointExtension>
      <gpxtpx:atemp>27</gpxtpx:atemp>
      <gpxtpx:hr>175</gpxtpx:hr>
      <gpxtpx:cad>90</gpxtpx:cad>
     </gpxtpx:TrackPointExtension>
    </extensions>
   </trkpt>
   <trkpt lat="46.7877540" lon="130.3227260">
    <ele>81.2</ele>
    <time>2025-09-07T00:06:36Z</time>
    <extensions>
     <power>414</power>
     <gpxtpx:TrackPointExtension>
      <gpxtpx:atemp>27</gpxtpx:atemp>
      <gpxtpx:hr>175</gpxtpx:hr>
      <gpxtpx:cad>90</gpxtpx:cad>
     </gpxtpx:TrackPointExtension>
    </extensions>
   </trkpt>
   <trkpt lat="46.7877120" lon="130.3227310">
    <ele>81.2</ele>
    <time>2025-09-07T00:06:37Z</time>
    <extensions>
     <power>412</power>
     <gpxtpx:TrackPointExtension>
      <gpxtpx:atemp>27</gpxtpx:atemp>
      <gpxtpx:hr>175</gpxtpx:hr>
      <gpxtpx:cad>90</gpxtpx:cad>
     </gpxtpx:TrackPointExtension>
    </extensions>
   </trkpt>
   <trkpt lat="46.7876820" lon="130.3227310">
    <ele>81.2</ele>
    <time>2025-09-07T00:06:38Z</time>
    <extensions>
     <power>411</power>
     <gpxtpx:TrackPointExtension>
      <gpxtpx:atemp>27</gpxtpx:atemp>
      <gpxtpx:hr>175</gpxtpx:hr>
      <gpxtpx:cad>90</gpxtpx:cad>
     </gpxtpx:TrackPointExtension>
    </extensions>
   </trkpt>
   <trkpt lat="46.7876410" lon="130.3227400">
    <ele>81.0</ele>
    <time>2025-09-07T00:06:39Z</time>
    <extensions>
     <power>408</power>
     <gpxtpx:TrackPointExtension>
      <gpxtpx:atemp>27</gpxtpx:atemp>
      <gpxtpx:hr>174</gpxtpx:hr>
      <gpxtpx:cad>90</gpxtpx:cad>
     </gpxtpx:TrackPointExtension>
    </extensions>
   </trkpt>
   <trkpt lat="46.7876130" lon="130.3227420">
    <ele>81.0</ele>
    <time>2025-09-07T00:06:40Z</time>
    <extensions>
     <power>404</power>
     <gpxtpx:TrackPointExtension>
      <gpxtpx:atemp>27</gpxtpx:atemp>
      <gpxtpx:hr>175</gpxtpx:hr>
      <gpxtpx:cad>90</gpxtpx:cad>
     </gpxtpx:TrackPointExtension>
    </extensions>
   </trkpt>
   <trkpt lat="46.7875700" lon="130.3227480">
    <ele>81.0</ele>
    <time>2025-09-07T00:06:41Z</time>
    <extensions>
     <power>399</power>
     <gpxtpx:TrackPointExtension>
      <gpxtpx:atemp>27</gpxtpx:atemp>
      <gpxtpx:hr>175</gpxtpx:hr>
      <gpxtpx:cad>90</gpxtpx:cad>
     </gpxtpx:TrackPointExtension>
    </extensions>
   </trkpt>
   <trkpt lat="46.7875410" lon="130.3227520">
    <ele>80.8</ele>
    <time>2025-09-07T00:06:42Z</time>
    <extensions>
     <power>398</power>
     <gpxtpx:TrackPointExtension>
      <gpxtpx:atemp>27</gpxtpx:atemp>
      <gpxtpx:hr>175</gpxtpx:hr>
      <gpxtpx:cad>89</gpxtpx:cad>
     </gpxtpx:TrackPointExtension>
    </extensions>
   </trkpt>
   <trkpt lat="46.7875000" lon="130.3227550">
    <ele>80.8</ele>
    <time>2025-09-07T00:06:43Z</time>
    <extensions>
     <power>398</power>
     <gpxtpx:TrackPointExtension>
      <gpxtpx:atemp>27</gpxtpx:atemp>
      <gpxtpx:hr>175</gpxtpx:hr>
      <gpxtpx:cad>89</gpxtpx:cad>
     </gpxtpx:TrackPointExtension>
    </extensions>
   </trkpt>
   <trkpt lat="46.7874750" lon="130.3227570">
    <ele>80.8</ele>
    <time>2025-09-07T00:06:44Z</time>
    <extensions>
     <power>398</power>
     <gpxtpx:TrackPointExtension>
      <gpxtpx:atemp>27</gpxtpx:atemp>
      <gpxtpx:hr>175</gpxtpx:hr>
      <gpxtpx:cad>89</gpxtpx:cad>
     </gpxtpx:TrackPointExtension>
    </extensions>
   </trkpt>
   <trkpt lat="46.7874340" lon="130.3227550">
    <ele>81.0</ele>
    <time>2025-09-07T00:06:45Z</time>
    <extensions>
     <power>399</power>
     <gpxtpx:TrackPointExtension>
      <gpxtpx:atemp>27</gpxtpx:atemp>
      <gpxtpx:hr>175</gpxtpx:hr>
      <gpxtpx:cad>89</gpxtpx:cad>
     </gpxtpx:TrackPointExtension>
    </extensions>
   </trkpt>
   <trkpt lat="46.7873960" lon="130.3227450">
    <ele>81.2</ele>
    <time>2025-09-07T00:06:46Z</time>
    <extensions>
     <power>399</power>
     <gpxtpx:TrackPointExtension>
      <gpxtpx:atemp>27</gpxtpx:atemp>
      <gpxtpx:hr>174</gpxtpx:hr>
      <gpxtpx:cad>89</gpxtpx:cad>
     </gpxtpx:TrackPointExtension>
    </extensions>
   </trkpt>
   <trkpt lat="46.7873580" lon="130.3227480">
    <ele>81.4</ele>
    <time>2025-09-07T00:06:47Z</time>
    <extensions>
     <power>400</power>
     <gpxtpx:TrackPointExtension>
      <gpxtpx:atemp>27</gpxtpx:atemp>
      <gpxtpx:hr>175</gpxtpx:hr>
      <gpxtpx:cad>89</gpxtpx:cad>
     </gpxtpx:TrackPointExtension>
    </extensions>
   </trkpt>
   <trkpt lat="46.7873220" lon="130.3227500">
    <ele>81.6</ele>
    <time>2025-09-07T00:06:48Z</time>
    <extensions>
     <power>401</power>
     <gpxtpx:TrackPointExtension>
      <gpxtpx:atemp>27</gpxtpx:atemp>
      <gpxtpx:hr>175</gpxtpx:hr>
      <gpxtpx:cad>89</gpxtpx:cad>
     </gpxtpx:TrackPointExtension>
    </extensions>
   </trkpt>
   <trkpt lat="46.7872820" lon="130.3227530">
    <ele>81.6</ele>
    <time>2025-09-07T00:06:49Z</time>
    <extensions>
     <power>403</power>
     <gpxtpx:TrackPointExtension>
      <gpxtpx:atemp>27</gpxtpx:atemp>
      <gpxtpx:hr>175</gpxtpx:hr>
      <gpxtpx:cad>89</gpxtpx:cad>
     </gpxtpx:TrackPointExtension>
    </extensions>
   </trkpt>
   <trkpt lat="46.7872460" lon="130.3227440">
    <ele>81.8</ele>
    <time>2025-09-07T00:06:50Z</time>
    <extensions>
     <power>405</power>
     <gpxtpx:TrackPointExtension>
      <gpxtpx:atemp>27</gpxtpx:atemp>
      <gpxtpx:hr>175</gpxtpx:hr>
      <gpxtpx:cad>89</gpxtpx:cad>
     </gpxtpx:TrackPointExtension>
    </extensions>
   </trkpt>
   <trkpt lat="46.7872060" lon="130.3227430">
    <ele>81.8</ele>
    <time>2025-09-07T00:06:51Z</time>
    <extensions>
     <power>407</power>
     <gpxtpx:TrackPointExtension>
      <gpxtpx:atemp>27</gpxtpx:atemp>
      <gpxtpx:hr>175</gpxtpx:hr>
      <gpxtpx:cad>89</gpxtpx:cad>
     </gpxtpx:TrackPointExtension>
    </extensions>
   </trkpt>
   <trkpt lat="46.7871790" lon="130.3227400">
    <ele>81.6</ele>
    <time>2025-09-07T00:06:52Z</time>
    <extensions>
     <power>409</power>
     <gpxtpx:TrackPointExtension>
      <gpxtpx:atemp>27</gpxtpx:atemp>
      <gpxtpx:hr>176</gpxtpx:hr>
      <gpxtpx:cad>89</gpxtpx:cad>
     </gpxtpx:TrackPointExtension>
    </extensions>
   </trkpt>
   <trkpt lat="46.7871380" lon="130.3227360">
    <ele>81.6</ele>
    <time>2025-09-07T00:06:53Z</time>
    <extensions>
     <power>408</power>
     <gpxtpx:TrackPointExtension>
      <gpxtpx:atemp>27</gpxtpx:atemp>
      <gpxtpx:hr>176</gpxtpx:hr>
      <gpxtpx:cad>89</gpxtpx:cad>
     </gpxtpx:TrackPointExtension>
    </extensions>
   </trkpt>
   <trkpt lat="46.7871080" lon="130.3227300">
    <ele>81.6</ele>
    <time>2025-09-07T00:06:54Z</time>
    <extensions>
     <power>409</power>
     <gpxtpx:TrackPointExtension>
      <gpxtpx:atemp>27</gpxtpx:atemp>
      <gpxtpx:hr>175</gpxtpx:hr>
      <gpxtpx:cad>89</gpxtpx:cad>
     </gpxtpx:TrackPointExtension>
    </extensions>
   </trkpt>
   <trkpt lat="46.7870630" lon="130.3227330">
    <ele>81.6</ele>
    <time>2025-09-07T00:06:55Z</time>
    <extensions>
     <power>410</power>
     <gpxtpx:TrackPointExtension>
      <gpxtpx:atemp>27</gpxtpx:atemp>
      <gpxtpx:hr>175</gpxtpx:hr>
      <gpxtpx:cad>89</gpxtpx:cad>
     </gpxtpx:TrackPointExtension>
    </extensions>
   </trkpt>
   <trkpt lat="46.7870300" lon="130.3227310">
    <ele>81.6</ele>
    <time>2025-09-07T00:06:56Z</time>
    <extensions>
     <power>410</power>
     <gpxtpx:TrackPointExtension>
      <gpxtpx:atemp>27</gpxtpx:atemp>
      <gpxtpx:hr>175</gpxtpx:hr>
      <gpxtpx:cad>89</gpxtpx:cad>
     </gpxtpx:TrackPointExtension>
    </extensions>
   </trkpt>
   <trkpt lat="46.7869860" lon="130.3227280">
    <ele>81.6</ele>
    <time>2025-09-07T00:06:57Z</time>
    <extensions>
     <power>408</power>
     <gpxtpx:TrackPointExtension>
      <gpxtpx:atemp>27</gpxtpx:atemp>
      <gpxtpx:hr>174</gpxtpx:hr>
      <gpxtpx:cad>90</gpxtpx:cad>
     </gpxtpx:TrackPointExtension>
    </extensions>
   </trkpt>
   <trkpt lat="46.7869530" lon="130.3227300">
    <ele>81.6</ele>
    <time>2025-09-07T00:06:58Z</time>
    <extensions>
     <power>408</power>
     <gpxtpx:TrackPointExtension>
      <gpxtpx:atemp>27</gpxtpx:atemp>
      <gpxtpx:hr>174</gpxtpx:hr>
      <gpxtpx:cad>90</gpxtpx:cad>
     </gpxtpx:TrackPointExtension>
    </extensions>
   </trkpt>
   <trkpt lat="46.7869110" lon="130.3227380">
    <ele>81.6</ele>
    <time>2025-09-07T00:06:59Z</time>
    <extensions>
     <power>409</power>
     <gpxtpx:TrackPointExtension>
      <gpxtpx:atemp>27</gpxtpx:atemp>
      <gpxtpx:hr>173</gpxtpx:hr>
      <gpxtpx:cad>90</gpxtpx:cad>
     </gpxtpx:TrackPointExtension>
    </extensions>
   </trkpt>
   <trkpt lat="46.7868820" lon="130.3227420">
    <ele>81.6</ele>
    <time>2025-09-07T00:07:00Z</time>
    <extensions>
     <power>409</power>
     <gpxtpx:TrackPointExtension>
      <gpxtpx:atemp>27</gpxtpx:atemp>
      <gpxtpx:hr>173</gpxtpx:hr>
      <gpxtpx:cad>90</gpxtpx:cad>
     </gpxtpx:TrackPointExtension>
    </extensions>
   </trkpt>
   <trkpt lat="46.7868410" lon="130.3227480">
    <ele>81.6</ele>
    <time>2025-09-07T00:07:01Z</time>
    <extensions>
     <power>409</power>
     <gpxtpx:TrackPointExtension>
      <gpxtpx:atemp>27</gpxtpx:atemp>
      <gpxtpx:hr>173</gpxtpx:hr>
      <gpxtpx:cad>90</gpxtpx:cad>
     </gpxtpx:TrackPointExtension>
    </extensions>
   </trkpt>
   <trkpt lat="46.7868110" lon="130.3227530">
    <ele>81.4</ele>
    <time>2025-09-07T00:07:02Z</time>
    <extensions>
     <power>410</power>
     <gpxtpx:TrackPointExtension>
      <gpxtpx:atemp>27</gpxtpx:atemp>
      <gpxtpx:hr>173</gpxtpx:hr>
      <gpxtpx:cad>90</gpxtpx:cad>
     </gpxtpx:TrackPointExtension>
    </extensions>
   </trkpt>
   <trkpt lat="46.7867700" lon="130.3227620">
    <ele>81.6</ele>
    <time>2025-09-07T00:07:03Z</time>
    <extensions>
     <power>407</power>
     <gpxtpx:TrackPointExtension>
      <gpxtpx:atemp>27</gpxtpx:atemp>
      <gpxtpx:hr>173</gpxtpx:hr>
      <gpxtpx:cad>90</gpxtpx:cad>
     </gpxtpx:TrackPointExtension>
    </extensions>
   </trkpt>
   <trkpt lat="46.7867370" lon="130.3227660">
    <ele>81.6</ele>
    <time>2025-09-07T00:07:04Z</time>
    <extensions>
     <power>406</power>
     <gpxtpx:TrackPointExtension>
      <gpxtpx:atemp>27</gpxtpx:atemp>
      <gpxtpx:hr>172</gpxtpx:hr>
      <gpxtpx:cad>90</gpxtpx:cad>
     </gpxtpx:TrackPointExtension>
    </extensions>
   </trkpt>
   <trkpt lat="46.7866940" lon="130.3227730">
    <ele>81.6</ele>
    <time>2025-09-07T00:07:05Z</time>
    <extensions>
     <power>405</power>
     <gpxtpx:TrackPointExtension>
      <gpxtpx:atemp>27</gpxtpx:atemp>
      <gpxtpx:hr>172</gpxtpx:hr>
      <gpxtpx:cad>90</gpxtpx:cad>
     </gpxtpx:TrackPointExtension>
    </extensions>
   </trkpt>
   <trkpt lat="46.7866650" lon="130.3227730">
    <ele>81.6</ele>
    <time>2025-09-07T00:07:06Z</time>
    <extensions>
     <power>404</power>
     <gpxtpx:TrackPointExtension>
      <gpxtpx:atemp>27</gpxtpx:atemp>
      <gpxtpx:hr>172</gpxtpx:hr>
      <gpxtpx:cad>90</gpxtpx:cad>
     </gpxtpx:TrackPointExtension>
    </extensions>
   </trkpt>
   <trkpt lat="46.7866230" lon="130.3227800">
    <ele>81.6</ele>
    <time>2025-09-07T00:07:07Z</time>
    <extensions>
     <power>402</power>
     <gpxtpx:TrackPointExtension>
      <gpxtpx:atemp>27</gpxtpx:atemp>
      <gpxtpx:hr>172</gpxtpx:hr>
      <gpxtpx:cad>90</gpxtpx:cad>
     </gpxtpx:TrackPointExtension>
    </extensions>
   </trkpt>
   <trkpt lat="46.7865930" lon="130.3227670">
    <ele>81.6</ele>
    <time>2025-09-07T00:07:08Z</time>
    <extensions>
     <power>400</power>
     <gpxtpx:TrackPointExtension>
      <gpxtpx:atemp>27</gpxtpx:atemp>
      <gpxtpx:hr>172</gpxtpx:hr>
      <gpxtpx:cad>90</gpxtpx:cad>
     </gpxtpx:TrackPointExtension>
    </extensions>
   </trkpt>
   <trkpt lat="46.7865570" lon="130.3227780">
    <ele>81.6</ele>
    <time>2025-09-07T00:07:09Z</time>
    <extensions>
     <power>400</power>
     <gpxtpx:TrackPointExtension>
      <gpxtpx:atemp>27</gpxtpx:atemp>
      <gpxtpx:hr>171</gpxtpx:hr>
      <gpxtpx:cad>90</gpxtpx:cad>
     </gpxtpx:TrackPointExtension>
    </extensions>
   </trkpt>
   <trkpt lat="46.7865220" lon="130.3227780">
    <ele>81.8</ele>
    <time>2025-09-07T00:07:10Z</time>
    <extensions>
     <power>399</power>
     <gpxtpx:TrackPointExtension>
      <gpxtpx:atemp>27</gpxtpx:atemp>
      <gpxtpx:hr>171</gpxtpx:hr>
      <gpxtpx:cad>90</gpxtpx:cad>
     </gpxtpx:TrackPointExtension>
    </extensions>
   </trkpt>
   <trkpt lat="46.7864810" lon="130.3227870">
    <ele>82.0</ele>
    <time>2025-09-07T00:07:11Z</time>
    <extensions>
     <power>399</power>
     <gpxtpx:TrackPointExtension>
      <gpxtpx:atemp>27</gpxtpx:atemp>
      <gpxtpx:hr>171</gpxtpx:hr>
      <gpxtpx:cad>90</gpxtpx:cad>
     </gpxtpx:TrackPointExtension>
    </extensions>
   </trkpt>
   <trkpt lat="46.7864520" lon="130.3227880">
    <ele>82.0</ele>
    <time>2025-09-07T00:07:12Z</time>
    <extensions>
     <power>401</power>
     <gpxtpx:TrackPointExtension>
      <gpxtpx:atemp>27</gpxtpx:atemp>
      <gpxtpx:hr>172</gpxtpx:hr>
      <gpxtpx:cad>89</gpxtpx:cad>
     </gpxtpx:TrackPointExtension>
    </extensions>
   </trkpt>
   <trkpt lat="46.7864110" lon="130.3227940">
    <ele>82.2</ele>
    <time>2025-09-07T00:07:13Z</time>
    <extensions>
     <power>404</power>
     <gpxtpx:TrackPointExtension>
      <gpxtpx:atemp>27</gpxtpx:atemp>
      <gpxtpx:hr>172</gpxtpx:hr>
      <gpxtpx:cad>89</gpxtpx:cad>
     </gpxtpx:TrackPointExtension>
    </extensions>
   </trkpt>
   <trkpt lat="46.7863770" lon="130.3227870">
    <ele>82.2</ele>
    <time>2025-09-07T00:07:14Z</time>
    <extensions>
     <power>406</power>
     <gpxtpx:TrackPointExtension>
      <gpxtpx:atemp>27</gpxtpx:atemp>
      <gpxtpx:hr>173</gpxtpx:hr>
      <gpxtpx:cad>89</gpxtpx:cad>
     </gpxtpx:TrackPointExtension>
    </extensions>
   </trkpt>
   <trkpt lat="46.7863360" lon="130.3227900">
    <ele>82.2</ele>
    <time>2025-09-07T00:07:15Z</time>
    <extensions>
     <power>407</power>
     <gpxtpx:TrackPointExtension>
      <gpxtpx:atemp>27</gpxtpx:atemp>
      <gpxtpx:hr>174</gpxtpx:hr>
      <gpxtpx:cad>89</gpxtpx:cad>
     </gpxtpx:TrackPointExtension>
    </extensions>
   </trkpt>
   <trkpt lat="46.7863070" lon="130.3227920">
    <ele>82.0</ele>
    <time>2025-09-07T00:07:16Z</time>
    <extensions>
     <power>408</power>
     <gpxtpx:TrackPointExtension>
      <gpxtpx:atemp>27</gpxtpx:atemp>
      <gpxtpx:hr>175</gpxtpx:hr>
      <gpxtpx:cad>88</gpxtpx:cad>
     </gpxtpx:TrackPointExtension>
    </extensions>
   </trkpt>
   <trkpt lat="46.7862650" lon="130.3227900">
    <ele>82.0</ele>
    <time>2025-09-07T00:07:17Z</time>
    <extensions>
     <power>409</power>
     <gpxtpx:TrackPointExtension>
      <gpxtpx:atemp>27</gpxtpx:atemp>
      <gpxtpx:hr>175</gpxtpx:hr>
      <gpxtpx:cad>88</gpxtpx:cad>
     </gpxtpx:TrackPointExtension>
    </extensions>
   </trkpt>
   <trkpt lat="46.7862330" lon="130.3227940">
    <ele>82.0</ele>
    <time>2025-09-07T00:07:18Z</time>
    <extensions>
     <power>410</power>
     <gpxtpx:TrackPointExtension>
      <gpxtpx:atemp>27</gpxtpx:atemp>
      <gpxtpx:hr>176</gpxtpx:hr>
      <gpxtpx:cad>89</gpxtpx:cad>
     </gpxtpx:TrackPointExtension>
    </extensions>
   </trkpt>
   <trkpt lat="46.7861870" lon="130.3228040">
    <ele>82.0</ele>
    <time>2025-09-07T00:07:19Z</time>
    <extensions>
     <power>409</power>
     <gpxtpx:TrackPointExtension>
      <gpxtpx:atemp>27</gpxtpx:atemp>
      <gpxtpx:hr>176</gpxtpx:hr>
      <gpxtpx:cad>89</gpxtpx:cad>
     </gpxtpx:TrackPointExtension>
    </extensions>
   </trkpt>
   <trkpt lat="46.7861570" lon="130.3228120">
    <ele>81.8</ele>
    <time>2025-09-07T00:07:20Z</time>
    <extensions>
     <power>409</power>
     <gpxtpx:TrackPointExtension>
      <gpxtpx:atemp>27</gpxtpx:atemp>
      <gpxtpx:hr>176</gpxtpx:hr>
      <gpxtpx:cad>90</gpxtpx:cad>
     </gpxtpx:TrackPointExtension>
    </extensions>
   </trkpt>
   <trkpt lat="46.7861140" lon="130.3228240">
    <ele>81.8</ele>
    <time>2025-09-07T00:07:21Z</time>
    <extensions>
     <power>407</power>
     <gpxtpx:TrackPointExtension>
      <gpxtpx:atemp>27</gpxtpx:atemp>
      <gpxtpx:hr>176</gpxtpx:hr>
      <gpxtpx:cad>90</gpxtpx:cad>
     </gpxtpx:TrackPointExtension>
    </extensions>
   </trkpt>
   <trkpt lat="46.7860830" lon="130.3228310">
    <ele>81.8</ele>
    <time>2025-09-07T00:07:22Z</time>
    <extensions>
     <power>407</power>
     <gpxtpx:TrackPointExtension>
      <gpxtpx:atemp>27</gpxtpx:atemp>
      <gpxtpx:hr>176</gpxtpx:hr>
      <gpxtpx:cad>90</gpxtpx:cad>
     </gpxtpx:TrackPointExtension>
    </extensions>
   </trkpt>
   <trkpt lat="46.7860400" lon="130.3228340">
    <ele>81.8</ele>
    <time>2025-09-07T00:07:23Z</time>
    <extensions>
     <power>407</power>
     <gpxtpx:TrackPointExtension>
      <gpxtpx:atemp>27</gpxtpx:atemp>
      <gpxtpx:hr>176</gpxtpx:hr>
      <gpxtpx:cad>90</gpxtpx:cad>
     </gpxtpx:TrackPointExtension>
    </extensions>
   </trkpt>
   <trkpt lat="46.7860060" lon="130.3228330">
    <ele>81.8</ele>
    <time>2025-09-07T00:07:24Z</time>
    <extensions>
     <power>407</power>
     <gpxtpx:TrackPointExtension>
      <gpxtpx:atemp>27</gpxtpx:atemp>
      <gpxtpx:hr>177</gpxtpx:hr>
      <gpxtpx:cad>90</gpxtpx:cad>
     </gpxtpx:TrackPointExtension>
    </extensions>
   </trkpt>
   <trkpt lat="46.7859620" lon="130.3228350">
    <ele>81.8</ele>
    <time>2025-09-07T00:07:25Z</time>
    <extensions>
     <power>407</power>
     <gpxtpx:TrackPointExtension>
      <gpxtpx:atemp>27</gpxtpx:atemp>
      <gpxtpx:hr>177</gpxtpx:hr>
      <gpxtpx:cad>89</gpxtpx:cad>
     </gpxtpx:TrackPointExtension>
    </extensions>
   </trkpt>
   <trkpt lat="46.7859320" lon="130.3228360">
    <ele>81.8</ele>
    <time>2025-09-07T00:07:26Z</time>
    <extensions>
     <power>407</power>
     <gpxtpx:TrackPointExtension>
      <gpxtpx:atemp>27</gpxtpx:atemp>
      <gpxtpx:hr>177</gpxtpx:hr>
      <gpxtpx:cad>89</gpxtpx:cad>
     </gpxtpx:TrackPointExtension>
    </extensions>
   </trkpt>
   <trkpt lat="46.7858900" lon="130.3228490">
    <ele>81.8</ele>
    <time>2025-09-07T00:07:27Z</time>
    <extensions>
     <power>406</power>
     <gpxtpx:TrackPointExtension>
      <gpxtpx:atemp>27</gpxtpx:atemp>
      <gpxtpx:hr>177</gpxtpx:hr>
      <gpxtpx:cad>89</gpxtpx:cad>
     </gpxtpx:TrackPointExtension>
    </extensions>
   </trkpt>
   <trkpt lat="46.7858580" lon="130.3228490">
    <ele>81.8</ele>
    <time>2025-09-07T00:07:28Z</time>
    <extensions>
     <power>405</power>
     <gpxtpx:TrackPointExtension>
      <gpxtpx:atemp>27</gpxtpx:atemp>
      <gpxtpx:hr>177</gpxtpx:hr>
      <gpxtpx:cad>89</gpxtpx:cad>
     </gpxtpx:TrackPointExtension>
    </extensions>
   </trkpt>
   <trkpt lat="46.7858170" lon="130.3228510">
    <ele>81.8</ele>
    <time>2025-09-07T00:07:29Z</time>
    <extensions>
     <power>405</power>
     <gpxtpx:TrackPointExtension>
      <gpxtpx:atemp>27</gpxtpx:atemp>
      <gpxtpx:hr>178</gpxtpx:hr>
      <gpxtpx:cad>90</gpxtpx:cad>
     </gpxtpx:TrackPointExtension>
    </extensions>
   </trkpt>
   <trkpt lat="46.7857870" lon="130.3228520">
    <ele>82.0</ele>
    <time>2025-09-07T00:07:30Z</time>
    <extensions>
     <power>405</power>
     <gpxtpx:TrackPointExtension>
      <gpxtpx:atemp>27</gpxtpx:atemp>
      <gpxtpx:hr>178</gpxtpx:hr>
      <gpxtpx:cad>90</gpxtpx:cad>
     </gpxtpx:TrackPointExtension>
    </extensions>
   </trkpt>
   <trkpt lat="46.7857470" lon="130.3228550">
    <ele>82.0</ele>
    <time>2025-09-07T00:07:31Z</time>
    <extensions>
     <power>405</power>
     <gpxtpx:TrackPointExtension>
      <gpxtpx:atemp>27</gpxtpx:atemp>
      <gpxtpx:hr>178</gpxtpx:hr>
      <gpxtpx:cad>90</gpxtpx:cad>
     </gpxtpx:TrackPointExtension>
    </extensions>
   </trkpt>
   <trkpt lat="46.7857160" lon="130.3228600">
    <ele>82.0</ele>
    <time>2025-09-07T00:07:32Z</time>
    <extensions>
     <power>403</power>
     <gpxtpx:TrackPointExtension>
      <gpxtpx:atemp>27</gpxtpx:atemp>
      <gpxtpx:hr>178</gpxtpx:hr>
      <gpxtpx:cad>90</gpxtpx:cad>
     </gpxtpx:TrackPointExtension>
    </extensions>
   </trkpt>
   <trkpt lat="46.7856760" lon="130.3228630">
    <ele>82.0</ele>
    <time>2025-09-07T00:07:33Z</time>
    <extensions>
     <power>403</power>
     <gpxtpx:TrackPointExtension>
      <gpxtpx:atemp>27</gpxtpx:atemp>
      <gpxtpx:hr>178</gpxtpx:hr>
      <gpxtpx:cad>89</gpxtpx:cad>
     </gpxtpx:TrackPointExtension>
    </extensions>
   </trkpt>
   <trkpt lat="46.7856430" lon="130.3228620">
    <ele>82.0</ele>
    <time>2025-09-07T00:07:34Z</time>
    <extensions>
     <power>404</power>
     <gpxtpx:TrackPointExtension>
      <gpxtpx:atemp>27</gpxtpx:atemp>
      <gpxtpx:hr>179</gpxtpx:hr>
      <gpxtpx:cad>89</gpxtpx:cad>
     </gpxtpx:TrackPointExtension>
    </extensions>
   </trkpt>
   <trkpt lat="46.7856050" lon="130.3228680">
    <ele>81.8</ele>
    <time>2025-09-07T00:07:35Z</time>
    <extensions>
     <power>403</power>
     <gpxtpx:TrackPointExtension>
      <gpxtpx:atemp>27</gpxtpx:atemp>
      <gpxtpx:hr>179</gpxtpx:hr>
      <gpxtpx:cad>89</gpxtpx:cad>
     </gpxtpx:TrackPointExtension>
    </extensions>
   </trkpt>
   <trkpt lat="46.7855760" lon="130.3228610">
    <ele>81.8</ele>
    <time>2025-09-07T00:07:36Z</time>
    <extensions>
     <power>402</power>
     <gpxtpx:TrackPointExtension>
      <gpxtpx:atemp>27</gpxtpx:atemp>
      <gpxtpx:hr>179</gpxtpx:hr>
      <gpxtpx:cad>89</gpxtpx:cad>
     </gpxtpx:TrackPointExtension>
    </extensions>
   </trkpt>
   <trkpt lat="46.7855370" lon="130.3228690">
    <ele>81.8</ele>
    <time>2025-09-07T00:07:37Z</time>
    <extensions>
     <power>401</power>
     <gpxtpx:TrackPointExtension>
      <gpxtpx:atemp>27</gpxtpx:atemp>
      <gpxtpx:hr>179</gpxtpx:hr>
      <gpxtpx:cad>90</gpxtpx:cad>
     </gpxtpx:TrackPointExtension>
    </extensions>
   </trkpt>
   <trkpt lat="46.7855080" lon="130.3228670">
    <ele>81.8</ele>
    <time>2025-09-07T00:07:38Z</time>
    <extensions>
     <power>399</power>
     <gpxtpx:TrackPointExtension>
      <gpxtpx:atemp>27</gpxtpx:atemp>
      <gpxtpx:hr>179</gpxtpx:hr>
      <gpxtpx:cad>90</gpxtpx:cad>
     </gpxtpx:TrackPointExtension>
    </extensions>
   </trkpt>
   <trkpt lat="46.7854640" lon="130.3228700">
    <ele>81.6</ele>
    <time>2025-09-07T00:07:39Z</time>
    <extensions>
     <power>398</power>
     <gpxtpx:TrackPointExtension>
      <gpxtpx:atemp>27</gpxtpx:atemp>
      <gpxtpx:hr>178</gpxtpx:hr>
      <gpxtpx:cad>90</gpxtpx:cad>
     </gpxtpx:TrackPointExtension>
    </extensions>
   </trkpt>
   <trkpt lat="46.7854320" lon="130.3228650">
    <ele>81.8</ele>
    <time>2025-09-07T00:07:40Z</time>
    <extensions>
     <power>398</power>
     <gpxtpx:TrackPointExtension>
      <gpxtpx:atemp>27</gpxtpx:atemp>
      <gpxtpx:hr>179</gpxtpx:hr>
      <gpxtpx:cad>90</gpxtpx:cad>
     </gpxtpx:TrackPointExtension>
    </extensions>
   </trkpt>
   <trkpt lat="46.7853860" lon="130.3228740">
    <ele>81.8</ele>
    <time>2025-09-07T00:07:41Z</time>
    <extensions>
     <power>396</power>
     <gpxtpx:TrackPointExtension>
      <gpxtpx:atemp>27</gpxtpx:atemp>
      <gpxtpx:hr>179</gpxtpx:hr>
      <gpxtpx:cad>89</gpxtpx:cad>
     </gpxtpx:TrackPointExtension>
    </extensions>
   </trkpt>
   <trkpt lat="46.7853540" lon="130.3228710">
    <ele>81.8</ele>
    <time>2025-09-07T00:07:42Z</time>
    <extensions>
     <power>398</power>
     <gpxtpx:TrackPointExtension>
      <gpxtpx:atemp>27</gpxtpx:atemp>
      <gpxtpx:hr>179</gpxtpx:hr>
      <gpxtpx:cad>89</gpxtpx:cad>
     </gpxtpx:TrackPointExtension>
    </extensions>
   </trkpt>
   <trkpt lat="46.7853070" lon="130.3228730">
    <ele>81.8</ele>
    <time>2025-09-07T00:07:43Z</time>
    <extensions>
     <power>398</power>
     <gpxtpx:TrackPointExtension>
      <gpxtpx:atemp>27</gpxtpx:atemp>
      <gpxtpx:hr>179</gpxtpx:hr>
      <gpxtpx:cad>89</gpxtpx:cad>
     </gpxtpx:TrackPointExtension>
    </extensions>
   </trkpt>
   <trkpt lat="46.7852730" lon="130.3228790">
    <ele>81.8</ele>
    <time>2025-09-07T00:07:44Z</time>
    <extensions>
     <power>397</power>
     <gpxtpx:TrackPointExtension>
      <gpxtpx:atemp>27</gpxtpx:atemp>
      <gpxtpx:hr>180</gpxtpx:hr>
      <gpxtpx:cad>89</gpxtpx:cad>
     </gpxtpx:TrackPointExtension>
    </extensions>
   </trkpt>
   <trkpt lat="46.7852300" lon="130.3228840">
    <ele>81.6</ele>
    <time>2025-09-07T00:07:45Z</time>
    <extensions>
     <power>399</power>
     <gpxtpx:TrackPointExtension>
      <gpxtpx:atemp>27</gpxtpx:atemp>
      <gpxtpx:hr>180</gpxtpx:hr>
      <gpxtpx:cad>89</gpxtpx:cad>
     </gpxtpx:TrackPointExtension>
    </extensions>
   </trkpt>
   <trkpt lat="46.7851950" lon="130.3228850">
    <ele>81.6</ele>
    <time>2025-09-07T00:07:46Z</time>
    <extensions>
     <power>399</power>
     <gpxtpx:TrackPointExtension>
      <gpxtpx:atemp>27</gpxtpx:atemp>
      <gpxtpx:hr>180</gpxtpx:hr>
      <gpxtpx:cad>89</gpxtpx:cad>
     </gpxtpx:TrackPointExtension>
    </extensions>
   </trkpt>
   <trkpt lat="46.7851590" lon="130.3228950">
    <ele>81.6</ele>
    <time>2025-09-07T00:07:47Z</time>
    <extensions>
     <power>401</power>
     <gpxtpx:TrackPointExtension>
      <gpxtpx:atemp>27</gpxtpx:atemp>
      <gpxtpx:hr>180</gpxtpx:hr>
      <gpxtpx:cad>89</gpxtpx:cad>
     </gpxtpx:TrackPointExtension>
    </extensions>
   </trkpt>
   <trkpt lat="46.7851260" lon="130.3229010">
    <ele>81.6</ele>
    <time>2025-09-07T00:07:48Z</time>
    <extensions>
     <power>401</power>
     <gpxtpx:TrackPointExtension>
      <gpxtpx:atemp>27</gpxtpx:atemp>
      <gpxtpx:hr>180</gpxtpx:hr>
      <gpxtpx:cad>89</gpxtpx:cad>
     </gpxtpx:TrackPointExtension>
    </extensions>
   </trkpt>
   <trkpt lat="46.7850890" lon="130.3229070">
    <ele>81.8</ele>
    <time>2025-09-07T00:07:49Z</time>
    <extensions>
     <power>402</power>
     <gpxtpx:TrackPointExtension>
      <gpxtpx:atemp>27</gpxtpx:atemp>
      <gpxtpx:hr>180</gpxtpx:hr>
      <gpxtpx:cad>88</gpxtpx:cad>
     </gpxtpx:TrackPointExtension>
    </extensions>
   </trkpt>
   <trkpt lat="46.7850590" lon="130.3229110">
    <ele>82.0</ele>
    <time>2025-09-07T00:07:50Z</time>
    <extensions>
     <power>406</power>
     <gpxtpx:TrackPointExtension>
      <gpxtpx:atemp>27</gpxtpx:atemp>
      <gpxtpx:hr>180</gpxtpx:hr>
      <gpxtpx:cad>89</gpxtpx:cad>
     </gpxtpx:TrackPointExtension>
    </extensions>
   </trkpt>
   <trkpt lat="46.7850240" lon="130.3229230">
    <ele>82.0</ele>
    <time>2025-09-07T00:07:51Z</time>
    <extensions>
     <power>405</power>
     <gpxtpx:TrackPointExtension>
      <gpxtpx:atemp>27</gpxtpx:atemp>
      <gpxtpx:hr>180</gpxtpx:hr>
      <gpxtpx:cad>89</gpxtpx:cad>
     </gpxtpx:TrackPointExtension>
    </extensions>
   </trkpt>
   <trkpt lat="46.7849950" lon="130.3229370">
    <ele>81.8</ele>
    <time>2025-09-07T00:07:52Z</time>
    <extensions>
     <power>404</power>
     <gpxtpx:TrackPointExtension>
      <gpxtpx:atemp>27</gpxtpx:atemp>
      <gpxtpx:hr>181</gpxtpx:hr>
      <gpxtpx:cad>89</gpxtpx:cad>
     </gpxtpx:TrackPointExtension>
    </extensions>
   </trkpt>
   <trkpt lat="46.7849600" lon="130.3229490">
    <ele>81.8</ele>
    <time>2025-09-07T00:07:53Z</time>
    <extensions>
     <power>403</power>
     <gpxtpx:TrackPointExtension>
      <gpxtpx:atemp>27</gpxtpx:atemp>
      <gpxtpx:hr>181</gpxtpx:hr>
      <gpxtpx:cad>89</gpxtpx:cad>
     </gpxtpx:TrackPointExtension>
    </extensions>
   </trkpt>
   <trkpt lat="46.7849300" lon="130.3229570">
    <ele>81.8</ele>
    <time>2025-09-07T00:07:54Z</time>
    <extensions>
     <power>401</power>
     <gpxtpx:TrackPointExtension>
      <gpxtpx:atemp>27</gpxtpx:atemp>
      <gpxtpx:hr>181</gpxtpx:hr>
      <gpxtpx:cad>89</gpxtpx:cad>
     </gpxtpx:TrackPointExtension>
    </extensions>
   </trkpt>
   <trkpt lat="46.7848840" lon="130.3229630">
    <ele>81.6</ele>
    <time>2025-09-07T00:07:55Z</time>
    <extensions>
     <power>400</power>
     <gpxtpx:TrackPointExtension>
      <gpxtpx:atemp>27</gpxtpx:atemp>
      <gpxtpx:hr>181</gpxtpx:hr>
      <gpxtpx:cad>90</gpxtpx:cad>
     </gpxtpx:TrackPointExtension>
    </extensions>
   </trkpt>
   <trkpt lat="46.7848540" lon="130.3229670">
    <ele>81.6</ele>
    <time>2025-09-07T00:07:56Z</time>
    <extensions>
     <power>397</power>
     <gpxtpx:TrackPointExtension>
      <gpxtpx:atemp>27</gpxtpx:atemp>
      <gpxtpx:hr>181</gpxtpx:hr>
      <gpxtpx:cad>90</gpxtpx:cad>
     </gpxtpx:TrackPointExtension>
    </extensions>
   </trkpt>
   <trkpt lat="46.7848130" lon="130.3229760">
    <ele>81.6</ele>
    <time>2025-09-07T00:07:57Z</time>
    <extensions>
     <power>397</power>
     <gpxtpx:TrackPointExtension>
      <gpxtpx:atemp>27</gpxtpx:atemp>
      <gpxtpx:hr>181</gpxtpx:hr>
      <gpxtpx:cad>90</gpxtpx:cad>
     </gpxtpx:TrackPointExtension>
    </extensions>
   </trkpt>
   <trkpt lat="46.7847800" lon="130.3229790">
    <ele>81.6</ele>
    <time>2025-09-07T00:07:58Z</time>
    <extensions>
     <power>396</power>
     <gpxtpx:TrackPointExtension>
      <gpxtpx:atemp>27</gpxtpx:atemp>
      <gpxtpx:hr>181</gpxtpx:hr>
      <gpxtpx:cad>90</gpxtpx:cad>
     </gpxtpx:TrackPointExtension>
    </extensions>
   </trkpt>
   <trkpt lat="46.7847390" lon="130.3229850">
    <ele>81.6</ele>
    <time>2025-09-07T00:07:59Z</time>
    <extensions>
     <power>396</power>
     <gpxtpx:TrackPointExtension>
      <gpxtpx:atemp>27</gpxtpx:atemp>
      <gpxtpx:hr>181</gpxtpx:hr>
      <gpxtpx:cad>90</gpxtpx:cad>
     </gpxtpx:TrackPointExtension>
    </extensions>
   </trkpt>
   <trkpt lat="46.7847070" lon="130.3229890">
    <ele>81.6</ele>
    <time>2025-09-07T00:08:00Z</time>
    <extensions>
     <power>394</power>
     <gpxtpx:TrackPointExtension>
      <gpxtpx:atemp>27</gpxtpx:atemp>
      <gpxtpx:hr>180</gpxtpx:hr>
      <gpxtpx:cad>89</gpxtpx:cad>
     </gpxtpx:TrackPointExtension>
    </extensions>
   </trkpt>
   <trkpt lat="46.7846630" lon="130.3229910">
    <ele>81.6</ele>
    <time>2025-09-07T00:08:01Z</time>
    <extensions>
     <power>395</power>
     <gpxtpx:TrackPointExtension>
      <gpxtpx:atemp>27</gpxtpx:atemp>
      <gpxtpx:hr>180</gpxtpx:hr>
      <gpxtpx:cad>89</gpxtpx:cad>
     </gpxtpx:TrackPointExtension>
    </extensions>
   </trkpt>
   <trkpt lat="46.7846310" lon="130.3229910">
    <ele>81.6</ele>
    <time>2025-09-07T00:08:02Z</time>
    <extensions>
     <power>396</power>
     <gpxtpx:TrackPointExtension>
      <gpxtpx:atemp>27</gpxtpx:atemp>
      <gpxtpx:hr>180</gpxtpx:hr>
      <gpxtpx:cad>90</gpxtpx:cad>
     </gpxtpx:TrackPointExtension>
    </extensions>
   </trkpt>
   <trkpt lat="46.7845900" lon="130.3229940">
    <ele>81.6</ele>
    <time>2025-09-07T00:08:03Z</time>
    <extensions>
     <power>395</power>
     <gpxtpx:TrackPointExtension>
      <gpxtpx:atemp>27</gpxtpx:atemp>
      <gpxtpx:hr>179</gpxtpx:hr>
      <gpxtpx:cad>90</gpxtpx:cad>
     </gpxtpx:TrackPointExtension>
    </extensions>
   </trkpt>
   <trkpt lat="46.7845560" lon="130.3229930">
    <ele>81.6</ele>
    <time>2025-09-07T00:08:04Z</time>
    <extensions>
     <power>396</power>
     <gpxtpx:TrackPointExtension>
      <gpxtpx:atemp>27</gpxtpx:atemp>
      <gpxtpx:hr>179</gpxtpx:hr>
      <gpxtpx:cad>90</gpxtpx:cad>
     </gpxtpx:TrackPointExtension>
    </extensions>
   </trkpt>
   <trkpt lat="46.7845150" lon="130.3229990">
    <ele>81.8</ele>
    <time>2025-09-07T00:08:05Z</time>
    <extensions>
     <power>396</power>
     <gpxtpx:TrackPointExtension>
      <gpxtpx:atemp>27</gpxtpx:atemp>
      <gpxtpx:hr>178</gpxtpx:hr>
      <gpxtpx:cad>90</gpxtpx:cad>
     </gpxtpx:TrackPointExtension>
    </extensions>
   </trkpt>
   <trkpt lat="46.7844830" lon="130.3229980">
    <ele>81.8</ele>
    <time>2025-09-07T00:08:06Z</time>
    <extensions>
     <power>396</power>
     <gpxtpx:TrackPointExtension>
      <gpxtpx:atemp>27</gpxtpx:atemp>
      <gpxtpx:hr>178</gpxtpx:hr>
      <gpxtpx:cad>90</gpxtpx:cad>
     </gpxtpx:TrackPointExtension>
    </extensions>
   </trkpt>
   <trkpt lat="46.7844440" lon="130.3230020">
    <ele>81.8</ele>
    <time>2025-09-07T00:08:07Z</time>
    <extensions>
     <power>397</power>
     <gpxtpx:TrackPointExtension>
      <gpxtpx:atemp>27</gpxtpx:atemp>
      <gpxtpx:hr>178</gpxtpx:hr>
      <gpxtpx:cad>89</gpxtpx:cad>
     </gpxtpx:TrackPointExtension>
    </extensions>
   </trkpt>
   <trkpt lat="46.7844160" lon="130.3229990">
    <ele>81.6</ele>
    <time>2025-09-07T00:08:08Z</time>
    <extensions>
     <power>399</power>
     <gpxtpx:TrackPointExtension>
      <gpxtpx:atemp>27</gpxtpx:atemp>
      <gpxtpx:hr>178</gpxtpx:hr>
      <gpxtpx:cad>89</gpxtpx:cad>
     </gpxtpx:TrackPointExtension>
    </extensions>
   </trkpt>
   <trkpt lat="46.7843740" lon="130.3230090">
    <ele>81.8</ele>
    <time>2025-09-07T00:08:09Z</time>
    <extensions>
     <power>397</power>
     <gpxtpx:TrackPointExtension>
      <gpxtpx:atemp>27</gpxtpx:atemp>
      <gpxtpx:hr>178</gpxtpx:hr>
      <gpxtpx:cad>89</gpxtpx:cad>
     </gpxtpx:TrackPointExtension>
    </extensions>
   </trkpt>
   <trkpt lat="46.7843430" lon="130.3230110">
    <ele>81.8</ele>
    <time>2025-09-07T00:08:10Z</time>
    <extensions>
     <power>398</power>
     <gpxtpx:TrackPointExtension>
      <gpxtpx:atemp>27</gpxtpx:atemp>
      <gpxtpx:hr>179</gpxtpx:hr>
      <gpxtpx:cad>89</gpxtpx:cad>
     </gpxtpx:TrackPointExtension>
    </extensions>
   </trkpt>
   <trkpt lat="46.7843010" lon="130.3230200">
    <ele>81.8</ele>
    <time>2025-09-07T00:08:11Z</time>
    <extensions>
     <power>397</power>
     <gpxtpx:TrackPointExtension>
      <gpxtpx:atemp>27</gpxtpx:atemp>
      <gpxtpx:hr>179</gpxtpx:hr>
      <gpxtpx:cad>89</gpxtpx:cad>
     </gpxtpx:TrackPointExtension>
    </extensions>
   </trkpt>
   <trkpt lat="46.7842710" lon="130.3230210">
    <ele>81.8</ele>
    <time>2025-09-07T00:08:12Z</time>
    <extensions>
     <power>398</power>
     <gpxtpx:TrackPointExtension>
      <gpxtpx:atemp>27</gpxtpx:atemp>
      <gpxtpx:hr>179</gpxtpx:hr>
      <gpxtpx:cad>89</gpxtpx:cad>
     </gpxtpx:TrackPointExtension>
    </extensions>
   </trkpt>
   <trkpt lat="46.7842260" lon="130.3230300">
    <ele>81.8</ele>
    <time>2025-09-07T00:08:13Z</time>
    <extensions>
     <power>397</power>
     <gpxtpx:TrackPointExtension>
      <gpxtpx:atemp>27</gpxtpx:atemp>
      <gpxtpx:hr>179</gpxtpx:hr>
      <gpxtpx:cad>89</gpxtpx:cad>
     </gpxtpx:TrackPointExtension>
    </extensions>
   </trkpt>
   <trkpt lat="46.7841910" lon="130.3230330">
    <ele>81.8</ele>
    <time>2025-09-07T00:08:14Z</time>
    <extensions>
     <power>397</power>
     <gpxtpx:TrackPointExtension>
      <gpxtpx:atemp>27</gpxtpx:atemp>
      <gpxtpx:hr>179</gpxtpx:hr>
      <gpxtpx:cad>89</gpxtpx:cad>
     </gpxtpx:TrackPointExtension>
    </extensions>
   </trkpt>
   <trkpt lat="46.7841450" lon="130.3230310">
    <ele>81.8</ele>
    <time>2025-09-07T00:08:15Z</time>
    <extensions>
     <power>398</power>
     <gpxtpx:TrackPointExtension>
      <gpxtpx:atemp>27</gpxtpx:atemp>
      <gpxtpx:hr>179</gpxtpx:hr>
      <gpxtpx:cad>89</gpxtpx:cad>
     </gpxtpx:TrackPointExtension>
    </extensions>
   </trkpt>
   <trkpt lat="46.7841110" lon="130.3230300">
    <ele>81.8</ele>
    <time>2025-09-07T00:08:16Z</time>
    <extensions>
     <power>399</power>
     <gpxtpx:TrackPointExtension>
      <gpxtpx:atemp>27</gpxtpx:atemp>
      <gpxtpx:hr>179</gpxtpx:hr>
      <gpxtpx:cad>89</gpxtpx:cad>
     </gpxtpx:TrackPointExtension>
    </extensions>
   </trkpt>
   <trkpt lat="46.7840700" lon="130.3230300">
    <ele>81.8</ele>
    <time>2025-09-07T00:08:17Z</time>
    <extensions>
     <power>400</power>
     <gpxtpx:TrackPointExtension>
      <gpxtpx:atemp>27</gpxtpx:atemp>
      <gpxtpx:hr>178</gpxtpx:hr>
      <gpxtpx:cad>89</gpxtpx:cad>
     </gpxtpx:TrackPointExtension>
    </extensions>
   </trkpt>
   <trkpt lat="46.7840390" lon="130.3230350">
    <ele>81.8</ele>
    <time>2025-09-07T00:08:18Z</time>
    <extensions>
     <power>399</power>
     <gpxtpx:TrackPointExtension>
      <gpxtpx:atemp>27</gpxtpx:atemp>
      <gpxtpx:hr>178</gpxtpx:hr>
      <gpxtpx:cad>90</gpxtpx:cad>
     </gpxtpx:TrackPointExtension>
    </extensions>
   </trkpt>
   <trkpt lat="46.7839970" lon="130.3230360">
    <ele>81.8</ele>
    <time>2025-09-07T00:08:19Z</time>
    <extensions>
     <power>398</power>
     <gpxtpx:TrackPointExtension>
      <gpxtpx:atemp>27</gpxtpx:atemp>
      <gpxtpx:hr>178</gpxtpx:hr>
      <gpxtpx:cad>90</gpxtpx:cad>
     </gpxtpx:TrackPointExtension>
    </extensions>
   </trkpt>
   <trkpt lat="46.7839660" lon="130.3230310">
    <ele>81.8</ele>
    <time>2025-09-07T00:08:20Z</time>
    <extensions>
     <power>400</power>
     <gpxtpx:TrackPointExtension>
      <gpxtpx:atemp>27</gpxtpx:atemp>
      <gpxtpx:hr>178</gpxtpx:hr>
      <gpxtpx:cad>90</gpxtpx:cad>
     </gpxtpx:TrackPointExtension>
    </extensions>
   </trkpt>
   <trkpt lat="46.7839300" lon="130.3230380">
    <ele>81.8</ele>
    <time>2025-09-07T00:08:21Z</time>
    <extensions>
     <power>400</power>
     <gpxtpx:TrackPointExtension>
      <gpxtpx:atemp>27</gpxtpx:atemp>
      <gpxtpx:hr>179</gpxtpx:hr>
      <gpxtpx:cad>90</gpxtpx:cad>
     </gpxtpx:TrackPointExtension>
    </extensions>
   </trkpt>
   <trkpt lat="46.7839040" lon="130.3230390">
    <ele>81.8</ele>
    <time>2025-09-07T00:08:22Z</time>
    <extensions>
     <power>401</power>
     <gpxtpx:TrackPointExtension>
      <gpxtpx:atemp>27</gpxtpx:atemp>
      <gpxtpx:hr>178</gpxtpx:hr>
      <gpxtpx:cad>90</gpxtpx:cad>
     </gpxtpx:TrackPointExtension>
    </extensions>
   </trkpt>
   <trkpt lat="46.7838690" lon="130.3230420">
    <ele>82.0</ele>
    <time>2025-09-07T00:08:23Z</time>
    <extensions>
     <power>402</power>
     <gpxtpx:TrackPointExtension>
      <gpxtpx:atemp>27</gpxtpx:atemp>
      <gpxtpx:hr>178</gpxtpx:hr>
      <gpxtpx:cad>90</gpxtpx:cad>
     </gpxtpx:TrackPointExtension>
    </extensions>
   </trkpt>
   <trkpt lat="46.7838390" lon="130.3230330">
    <ele>82.2</ele>
    <time>2025-09-07T00:08:24Z</time>
    <extensions>
     <power>402</power>
     <gpxtpx:TrackPointExtension>
      <gpxtpx:atemp>27</gpxtpx:atemp>
      <gpxtpx:hr>179</gpxtpx:hr>
      <gpxtpx:cad>90</gpxtpx:cad>
     </gpxtpx:TrackPointExtension>
    </extensions>
   </trkpt>
   <trkpt lat="46.7838010" lon="130.3230340">
    <ele>82.0</ele>
    <time>2025-09-07T00:08:25Z</time>
    <extensions>
     <power>402</power>
     <gpxtpx:TrackPointExtension>
      <gpxtpx:atemp>27</gpxtpx:atemp>
      <gpxtpx:hr>178</gpxtpx:hr>
      <gpxtpx:cad>90</gpxtpx:cad>
     </gpxtpx:TrackPointExtension>
    </extensions>
   </trkpt>
   <trkpt lat="46.7837740" lon="130.3230360">
    <ele>82.0</ele>
    <time>2025-09-07T00:08:26Z</time>
    <extensions>
     <power>402</power>
     <gpxtpx:TrackPointExtension>
      <gpxtpx:atemp>27</gpxtpx:atemp>
      <gpxtpx:hr>178</gpxtpx:hr>
      <gpxtpx:cad>89</gpxtpx:cad>
     </gpxtpx:TrackPointExtension>
    </extensions>
   </trkpt>
   <trkpt lat="46.7837340" lon="130.3230380">
    <ele>82.0</ele>
    <time>2025-09-07T00:08:27Z</time>
    <extensions>
     <power>402</power>
     <gpxtpx:TrackPointExtension>
      <gpxtpx:atemp>27</gpxtpx:atemp>
      <gpxtpx:hr>179</gpxtpx:hr>
      <gpxtpx:cad>89</gpxtpx:cad>
     </gpxtpx:TrackPointExtension>
    </extensions>
   </trkpt>
   <trkpt lat="46.7837030" lon="130.3230410">
    <ele>82.0</ele>
    <time>2025-09-07T00:08:28Z</time>
    <extensions>
     <power>401</power>
     <gpxtpx:TrackPointExtension>
      <gpxtpx:atemp>27</gpxtpx:atemp>
      <gpxtpx:hr>178</gpxtpx:hr>
      <gpxtpx:cad>89</gpxtpx:cad>
     </gpxtpx:TrackPointExtension>
    </extensions>
   </trkpt>
   <trkpt lat="46.7836620" lon="130.3230530">
    <ele>82.0</ele>
    <time>2025-09-07T00:08:29Z</time>
    <extensions>
     <power>401</power>
     <gpxtpx:TrackPointExtension>
      <gpxtpx:atemp>27</gpxtpx:atemp>
      <gpxtpx:hr>178</gpxtpx:hr>
      <gpxtpx:cad>89</gpxtpx:cad>
     </gpxtpx:TrackPointExtension>
    </extensions>
   </trkpt>
   <trkpt lat="46.7836310" lon="130.3230530">
    <ele>81.8</ele>
    <time>2025-09-07T00:08:30Z</time>
    <extensions>
     <power>399</power>
     <gpxtpx:TrackPointExtension>
      <gpxtpx:atemp>27</gpxtpx:atemp>
      <gpxtpx:hr>179</gpxtpx:hr>
      <gpxtpx:cad>89</gpxtpx:cad>
     </gpxtpx:TrackPointExtension>
    </extensions>
   </trkpt>
   <trkpt lat="46.7835890" lon="130.3230640">
    <ele>81.8</ele>
    <time>2025-09-07T00:08:31Z</time>
    <extensions>
     <power>397</power>
     <gpxtpx:TrackPointExtension>
      <gpxtpx:atemp>27</gpxtpx:atemp>
      <gpxtpx:hr>178</gpxtpx:hr>
      <gpxtpx:cad>89</gpxtpx:cad>
     </gpxtpx:TrackPointExtension>
    </extensions>
   </trkpt>
   <trkpt lat="46.7835590" lon="130.3230720">
    <ele>81.8</ele>
    <time>2025-09-07T00:08:32Z</time>
    <extensions>
     <power>395</power>
     <gpxtpx:TrackPointExtension>
      <gpxtpx:atemp>27</gpxtpx:atemp>
      <gpxtpx:hr>178</gpxtpx:hr>
      <gpxtpx:cad>90</gpxtpx:cad>
     </gpxtpx:TrackPointExtension>
    </extensions>
   </trkpt>
   <trkpt lat="46.7835120" lon="130.3230730">
    <ele>81.8</ele>
    <time>2025-09-07T00:08:33Z</time>
    <extensions>
     <power>393</power>
     <gpxtpx:TrackPointExtension>
      <gpxtpx:atemp>27</gpxtpx:atemp>
      <gpxtpx:hr>179</gpxtpx:hr>
      <gpxtpx:cad>90</gpxtpx:cad>
     </gpxtpx:TrackPointExtension>
    </extensions>
   </trkpt>
   <trkpt lat="46.7834850" lon="130.3230790">
    <ele>81.8</ele>
    <time>2025-09-07T00:08:34Z</time>
    <extensions>
     <power>393</power>
     <gpxtpx:TrackPointExtension>
      <gpxtpx:atemp>27</gpxtpx:atemp>
      <gpxtpx:hr>179</gpxtpx:hr>
      <gpxtpx:cad>89</gpxtpx:cad>
     </gpxtpx:TrackPointExtension>
    </extensions>
   </trkpt>
   <trkpt lat="46.7834390" lon="130.3230760">
    <ele>82.0</ele>
    <time>2025-09-07T00:08:35Z</time>
    <extensions>
     <power>394</power>
     <gpxtpx:TrackPointExtension>
      <gpxtpx:atemp>27</gpxtpx:atemp>
      <gpxtpx:hr>179</gpxtpx:hr>
      <gpxtpx:cad>89</gpxtpx:cad>
     </gpxtpx:TrackPointExtension>
    </extensions>
   </trkpt>
   <trkpt lat="46.7834060" lon="130.3230790">
    <ele>82.0</ele>
    <time>2025-09-07T00:08:36Z</time>
    <extensions>
     <power>395</power>
     <gpxtpx:TrackPointExtension>
      <gpxtpx:atemp>27</gpxtpx:atemp>
      <gpxtpx:hr>179</gpxtpx:hr>
      <gpxtpx:cad>89</gpxtpx:cad>
     </gpxtpx:TrackPointExtension>
    </extensions>
   </trkpt>
   <trkpt lat="46.7833630" lon="130.3230880">
    <ele>82.0</ele>
    <time>2025-09-07T00:08:37Z</time>
    <extensions>
     <power>398</power>
     <gpxtpx:TrackPointExtension>
      <gpxtpx:atemp>27</gpxtpx:atemp>
      <gpxtpx:hr>178</gpxtpx:hr>
      <gpxtpx:cad>89</gpxtpx:cad>
     </gpxtpx:TrackPointExtension>
    </extensions>
   </trkpt>
   <trkpt lat="46.7833360" lon="130.3230770">
    <ele>82.0</ele>
    <time>2025-09-07T00:08:38Z</time>
    <extensions>
     <power>399</power>
     <gpxtpx:TrackPointExtension>
      <gpxtpx:atemp>27</gpxtpx:atemp>
      <gpxtpx:hr>179</gpxtpx:hr>
      <gpxtpx:cad>89</gpxtpx:cad>
     </gpxtpx:TrackPointExtension>
    </extensions>
   </trkpt>
   <trkpt lat="46.7832980" lon="130.3230750">
    <ele>82.0</ele>
    <time>2025-09-07T00:08:39Z</time>
    <extensions>
     <power>401</power>
     <gpxtpx:TrackPointExtension>
      <gpxtpx:atemp>27</gpxtpx:atemp>
      <gpxtpx:hr>179</gpxtpx:hr>
      <gpxtpx:cad>89</gpxtpx:cad>
     </gpxtpx:TrackPointExtension>
    </extensions>
   </trkpt>
   <trkpt lat="46.7832720" lon="130.3230720">
    <ele>82.0</ele>
    <time>2025-09-07T00:08:40Z</time>
    <extensions>
     <power>400</power>
     <gpxtpx:TrackPointExtension>
      <gpxtpx:atemp>27</gpxtpx:atemp>
      <gpxtpx:hr>178</gpxtpx:hr>
      <gpxtpx:cad>90</gpxtpx:cad>
     </gpxtpx:TrackPointExtension>
    </extensions>
   </trkpt>
   <trkpt lat="46.7832330" lon="130.3230760">
    <ele>82.0</ele>
    <time>2025-09-07T00:08:41Z</time>
    <extensions>
     <power>396</power>
     <gpxtpx:TrackPointExtension>
      <gpxtpx:atemp>27</gpxtpx:atemp>
      <gpxtpx:hr>179</gpxtpx:hr>
      <gpxtpx:cad>90</gpxtpx:cad>
     </gpxtpx:TrackPointExtension>
    </extensions>
   </trkpt>
   <trkpt lat="46.7832040" lon="130.3230770">
    <ele>81.8</ele>
    <time>2025-09-07T00:08:42Z</time>
    <extensions>
     <power>394</power>
     <gpxtpx:TrackPointExtension>
      <gpxtpx:atemp>27</gpxtpx:atemp>
      <gpxtpx:hr>179</gpxtpx:hr>
      <gpxtpx:cad>90</gpxtpx:cad>
     </gpxtpx:TrackPointExtension>
    </extensions>
   </trkpt>
   <trkpt lat="46.7831640" lon="130.3230760">
    <ele>81.8</ele>
    <time>2025-09-07T00:08:43Z</time>
    <extensions>
     <power>394</power>
     <gpxtpx:TrackPointExtension>
      <gpxtpx:atemp>27</gpxtpx:atemp>
      <gpxtpx:hr>179</gpxtpx:hr>
      <gpxtpx:cad>90</gpxtpx:cad>
     </gpxtpx:TrackPointExtension>
    </extensions>
   </trkpt>
   <trkpt lat="46.7831320" lon="130.3230780">
    <ele>81.8</ele>
    <time>2025-09-07T00:08:44Z</time>
    <extensions>
     <power>394</power>
     <gpxtpx:TrackPointExtension>
      <gpxtpx:atemp>27</gpxtpx:atemp>
      <gpxtpx:hr>179</gpxtpx:hr>
      <gpxtpx:cad>90</gpxtpx:cad>
     </gpxtpx:TrackPointExtension>
    </extensions>
   </trkpt>
   <trkpt lat="46.7830910" lon="130.3230810">
    <ele>81.8</ele>
    <time>2025-09-07T00:08:45Z</time>
    <extensions>
     <power>392</power>
     <gpxtpx:TrackPointExtension>
      <gpxtpx:atemp>27</gpxtpx:atemp>
      <gpxtpx:hr>179</gpxtpx:hr>
      <gpxtpx:cad>90</gpxtpx:cad>
     </gpxtpx:TrackPointExtension>
    </extensions>
   </trkpt>
   <trkpt lat="46.7830580" lon="130.3230830">
    <ele>82.0</ele>
    <time>2025-09-07T00:08:46Z</time>
    <extensions>
     <power>392</power>
     <gpxtpx:TrackPointExtension>
      <gpxtpx:atemp>27</gpxtpx:atemp>
      <gpxtpx:hr>178</gpxtpx:hr>
      <gpxtpx:cad>89</gpxtpx:cad>
     </gpxtpx:TrackPointExtension>
    </extensions>
   </trkpt>
   <trkpt lat="46.7830170" lon="130.3230840">
    <ele>82.0</ele>
    <time>2025-09-07T00:08:47Z</time>
    <extensions>
     <power>392</power>
     <gpxtpx:TrackPointExtension>
      <gpxtpx:atemp>27</gpxtpx:atemp>
      <gpxtpx:hr>179</gpxtpx:hr>
      <gpxtpx:cad>89</gpxtpx:cad>
     </gpxtpx:TrackPointExtension>
    </extensions>
   </trkpt>
   <trkpt lat="46.7829900" lon="130.3230840">
    <ele>82.0</ele>
    <time>2025-09-07T00:08:48Z</time>
    <extensions>
     <power>393</power>
     <gpxtpx:TrackPointExtension>
      <gpxtpx:atemp>27</gpxtpx:atemp>
      <gpxtpx:hr>179</gpxtpx:hr>
      <gpxtpx:cad>89</gpxtpx:cad>
     </gpxtpx:TrackPointExtension>
    </extensions>
   </trkpt>
   <trkpt lat="46.7829520" lon="130.3230880">
    <ele>81.8</ele>
    <time>2025-09-07T00:08:49Z</time>
    <extensions>
     <power>393</power>
     <gpxtpx:TrackPointExtension>
      <gpxtpx:atemp>27</gpxtpx:atemp>
      <gpxtpx:hr>179</gpxtpx:hr>
      <gpxtpx:cad>89</gpxtpx:cad>
     </gpxtpx:TrackPointExtension>
    </extensions>
   </trkpt>
   <trkpt lat="46.7829240" lon="130.3230800">
    <ele>82.0</ele>
    <time>2025-09-07T00:08:50Z</time>
    <extensions>
     <power>394</power>
     <gpxtpx:TrackPointExtension>
      <gpxtpx:atemp>27</gpxtpx:atemp>
      <gpxtpx:hr>179</gpxtpx:hr>
      <gpxtpx:cad>89</gpxtpx:cad>
     </gpxtpx:TrackPointExtension>
    </extensions>
   </trkpt>
   <trkpt lat="46.7828840" lon="130.3230810">
    <ele>82.0</ele>
    <time>2025-09-07T00:08:51Z</time>
    <extensions>
     <power>393</power>
     <gpxtpx:TrackPointExtension>
      <gpxtpx:atemp>27</gpxtpx:atemp>
      <gpxtpx:hr>179</gpxtpx:hr>
      <gpxtpx:cad>89</gpxtpx:cad>
     </gpxtpx:TrackPointExtension>
    </extensions>
   </trkpt>
   <trkpt lat="46.7828560" lon="130.3230840">
    <ele>82.0</ele>
    <time>2025-09-07T00:08:52Z</time>
    <extensions>
     <power>391</power>
     <gpxtpx:TrackPointExtension>
      <gpxtpx:atemp>27</gpxtpx:atemp>
      <gpxtpx:hr>179</gpxtpx:hr>
      <gpxtpx:cad>89</gpxtpx:cad>
     </gpxtpx:TrackPointExtension>
    </extensions>
   </trkpt>
   <trkpt lat="46.7828130" lon="130.3230910">
    <ele>82.0</ele>
    <time>2025-09-07T00:08:53Z</time>
    <extensions>
     <power>391</power>
     <gpxtpx:TrackPointExtension>
      <gpxtpx:atemp>27</gpxtpx:atemp>
      <gpxtpx:hr>179</gpxtpx:hr>
      <gpxtpx:cad>89</gpxtpx:cad>
     </gpxtpx:TrackPointExtension>
    </extensions>
   </trkpt>
   <trkpt lat="46.7827820" lon="130.3230830">
    <ele>82.0</ele>
    <time>2025-09-07T00:08:54Z</time>
    <extensions>
     <power>390</power>
     <gpxtpx:TrackPointExtension>
      <gpxtpx:atemp>27</gpxtpx:atemp>
      <gpxtpx:hr>179</gpxtpx:hr>
      <gpxtpx:cad>89</gpxtpx:cad>
     </gpxtpx:TrackPointExtension>
    </extensions>
   </trkpt>
   <trkpt lat="46.7827410" lon="130.3230870">
    <ele>82.0</ele>
    <time>2025-09-07T00:08:55Z</time>
    <extensions>
     <power>389</power>
     <gpxtpx:TrackPointExtension>
      <gpxtpx:atemp>27</gpxtpx:atemp>
      <gpxtpx:hr>178</gpxtpx:hr>
      <gpxtpx:cad>89</gpxtpx:cad>
     </gpxtpx:TrackPointExtension>
    </extensions>
   </trkpt>
   <trkpt lat="46.7827130" lon="130.3230860">
    <ele>82.0</ele>
    <time>2025-09-07T00:08:56Z</time>
    <extensions>
     <power>389</power>
     <gpxtpx:TrackPointExtension>
      <gpxtpx:atemp>27</gpxtpx:atemp>
      <gpxtpx:hr>179</gpxtpx:hr>
      <gpxtpx:cad>89</gpxtpx:cad>
     </gpxtpx:TrackPointExtension>
    </extensions>
   </trkpt>
   <trkpt lat="46.7826700" lon="130.3231030">
    <ele>82.0</ele>
    <time>2025-09-07T00:08:57Z</time>
    <extensions>
     <power>389</power>
     <gpxtpx:TrackPointExtension>
      <gpxtpx:atemp>27</gpxtpx:atemp>
      <gpxtpx:hr>179</gpxtpx:hr>
      <gpxtpx:cad>89</gpxtpx:cad>
     </gpxtpx:TrackPointExtension>
    </extensions>
   </trkpt>
   <trkpt lat="46.7826360" lon="130.3230970">
    <ele>82.0</ele>
    <time>2025-09-07T00:08:58Z</time>
    <extensions>
     <power>389</power>
     <gpxtpx:TrackPointExtension>
      <gpxtpx:atemp>27</gpxtpx:atemp>
      <gpxtpx:hr>179</gpxtpx:hr>
      <gpxtpx:cad>89</gpxtpx:cad>
     </gpxtpx:TrackPointExtension>
    </extensions>
   </trkpt>
   <trkpt lat="46.7825940" lon="130.3231050">
    <ele>82.0</ele>
    <time>2025-09-07T00:08:59Z</time>
    <extensions>
     <power>389</power>
     <gpxtpx:TrackPointExtension>
      <gpxtpx:atemp>27</gpxtpx:atemp>
      <gpxtpx:hr>179</gpxtpx:hr>
      <gpxtpx:cad>89</gpxtpx:cad>
     </gpxtpx:TrackPointExtension>
    </extensions>
   </trkpt>
   <trkpt lat="46.7825660" lon="130.3231060">
    <ele>81.8</ele>
    <time>2025-09-07T00:09:00Z</time>
    <extensions>
     <power>389</power>
     <gpxtpx:TrackPointExtension>
      <gpxtpx:atemp>27</gpxtpx:atemp>
      <gpxtpx:hr>179</gpxtpx:hr>
      <gpxtpx:cad>89</gpxtpx:cad>
     </gpxtpx:TrackPointExtension>
    </extensions>
   </trkpt>
   <trkpt lat="46.7825250" lon="130.3231070">
    <ele>81.6</ele>
    <time>2025-09-07T00:09:01Z</time>
    <extensions>
     <power>390</power>
     <gpxtpx:TrackPointExtension>
      <gpxtpx:atemp>27</gpxtpx:atemp>
      <gpxtpx:hr>179</gpxtpx:hr>
      <gpxtpx:cad>89</gpxtpx:cad>
     </gpxtpx:TrackPointExtension>
    </extensions>
   </trkpt>
   <trkpt lat="46.7824900" lon="130.3231040">
    <ele>81.6</ele>
    <time>2025-09-07T00:09:02Z</time>
    <extensions>
     <power>389</power>
     <gpxtpx:TrackPointExtension>
      <gpxtpx:atemp>27</gpxtpx:atemp>
      <gpxtpx:hr>179</gpxtpx:hr>
      <gpxtpx:cad>87</gpxtpx:cad>
     </gpxtpx:TrackPointExtension>
    </extensions>
   </trkpt>
   <trkpt lat="46.7824510" lon="130.3231060">
    <ele>81.6</ele>
    <time>2025-09-07T00:09:03Z</time>
    <extensions>
     <power>391</power>
     <gpxtpx:TrackPointExtension>
      <gpxtpx:atemp>27</gpxtpx:atemp>
      <gpxtpx:hr>179</gpxtpx:hr>
      <gpxtpx:cad>87</gpxtpx:cad>
     </gpxtpx:TrackPointExtension>
    </extensions>
   </trkpt>
   <trkpt lat="46.7824180" lon="130.3231130">
    <ele>81.6</ele>
    <time>2025-09-07T00:09:04Z</time>
    <extensions>
     <power>390</power>
     <gpxtpx:TrackPointExtension>
      <gpxtpx:atemp>27</gpxtpx:atemp>
      <gpxtpx:hr>179</gpxtpx:hr>
      <gpxtpx:cad>88</gpxtpx:cad>
     </gpxtpx:TrackPointExtension>
    </extensions>
   </trkpt>
   <trkpt lat="46.7823820" lon="130.3231180">
    <ele>81.6</ele>
    <time>2025-09-07T00:09:05Z</time>
    <extensions>
     <power>389</power>
     <gpxtpx:TrackPointExtension>
      <gpxtpx:atemp>27</gpxtpx:atemp>
      <gpxtpx:hr>179</gpxtpx:hr>
      <gpxtpx:cad>88</gpxtpx:cad>
     </gpxtpx:TrackPointExtension>
    </extensions>
   </trkpt>
   <trkpt lat="46.7823530" lon="130.3231310">
    <ele>81.6</ele>
    <time>2025-09-07T00:09:06Z</time>
    <extensions>
     <power>388</power>
     <gpxtpx:TrackPointExtension>
      <gpxtpx:atemp>27</gpxtpx:atemp>
      <gpxtpx:hr>179</gpxtpx:hr>
      <gpxtpx:cad>88</gpxtpx:cad>
     </gpxtpx:TrackPointExtension>
    </extensions>
   </trkpt>
   <trkpt lat="46.7823160" lon="130.3231360">
    <ele>81.6</ele>
    <time>2025-09-07T00:09:07Z</time>
    <extensions>
     <power>388</power>
     <gpxtpx:TrackPointExtension>
      <gpxtpx:atemp>27</gpxtpx:atemp>
      <gpxtpx:hr>179</gpxtpx:hr>
      <gpxtpx:cad>88</gpxtpx:cad>
     </gpxtpx:TrackPointExtension>
    </extensions>
   </trkpt>
   <trkpt lat="46.7822840" lon="130.3231410">
    <ele>81.4</ele>
    <time>2025-09-07T00:09:08Z</time>
    <extensions>
     <power>385</power>
     <gpxtpx:TrackPointExtension>
      <gpxtpx:atemp>27</gpxtpx:atemp>
      <gpxtpx:hr>179</gpxtpx:hr>
      <gpxtpx:cad>88</gpxtpx:cad>
     </gpxtpx:TrackPointExtension>
    </extensions>
   </trkpt>
   <trkpt lat="46.7822490" lon="130.3231430">
    <ele>81.4</ele>
    <time>2025-09-07T00:09:09Z</time>
    <extensions>
     <power>384</power>
     <gpxtpx:TrackPointExtension>
      <gpxtpx:atemp>27</gpxtpx:atemp>
      <gpxtpx:hr>179</gpxtpx:hr>
      <gpxtpx:cad>88</gpxtpx:cad>
     </gpxtpx:TrackPointExtension>
    </extensions>
   </trkpt>
   <trkpt lat="46.7822160" lon="130.3231260">
    <ele>81.4</ele>
    <time>2025-09-07T00:09:10Z</time>
    <extensions>
     <power>383</power>
     <gpxtpx:TrackPointExtension>
      <gpxtpx:atemp>27</gpxtpx:atemp>
      <gpxtpx:hr>179</gpxtpx:hr>
      <gpxtpx:cad>89</gpxtpx:cad>
     </gpxtpx:TrackPointExtension>
    </extensions>
   </trkpt>
   <trkpt lat="46.7821740" lon="130.3231260">
    <ele>81.6</ele>
    <time>2025-09-07T00:09:11Z</time>
    <extensions>
     <power>381</power>
     <gpxtpx:TrackPointExtension>
      <gpxtpx:atemp>27</gpxtpx:atemp>
      <gpxtpx:hr>178</gpxtpx:hr>
      <gpxtpx:cad>89</gpxtpx:cad>
     </gpxtpx:TrackPointExtension>
    </extensions>
   </trkpt>
   <trkpt lat="46.7821430" lon="130.3231220">
    <ele>81.6</ele>
    <time>2025-09-07T00:09:12Z</time>
    <extensions>
     <power>382</power>
     <gpxtpx:TrackPointExtension>
      <gpxtpx:atemp>27</gpxtpx:atemp>
      <gpxtpx:hr>178</gpxtpx:hr>
      <gpxtpx:cad>90</gpxtpx:cad>
     </gpxtpx:TrackPointExtension>
    </extensions>
   </trkpt>
   <trkpt lat="46.7821010" lon="130.3231180">
    <ele>81.6</ele>
    <time>2025-09-07T00:09:13Z</time>
    <extensions>
     <power>380</power>
     <gpxtpx:TrackPointExtension>
      <gpxtpx:atemp>27</gpxtpx:atemp>
      <gpxtpx:hr>178</gpxtpx:hr>
      <gpxtpx:cad>90</gpxtpx:cad>
     </gpxtpx:TrackPointExtension>
    </extensions>
   </trkpt>
   <trkpt lat="46.7820720" lon="130.3231150">
    <ele>81.4</ele>
    <time>2025-09-07T00:09:14Z</time>
    <extensions>
     <power>377</power>
     <gpxtpx:TrackPointExtension>
      <gpxtpx:atemp>27</gpxtpx:atemp>
      <gpxtpx:hr>178</gpxtpx:hr>
      <gpxtpx:cad>91</gpxtpx:cad>
     </gpxtpx:TrackPointExtension>
    </extensions>
   </trkpt>
   <trkpt lat="46.7820290" lon="130.3231110">
    <ele>81.4</ele>
    <time>2025-09-07T00:09:15Z</time>
    <extensions>
     <power>376</power>
     <gpxtpx:TrackPointExtension>
      <gpxtpx:atemp>27</gpxtpx:atemp>
      <gpxtpx:hr>178</gpxtpx:hr>
      <gpxtpx:cad>91</gpxtpx:cad>
     </gpxtpx:TrackPointExtension>
    </extensions>
   </trkpt>
   <trkpt lat="46.7819980" lon="130.3231130">
    <ele>81.2</ele>
    <time>2025-09-07T00:09:16Z</time>
    <extensions>
     <power>375</power>
     <gpxtpx:TrackPointExtension>
      <gpxtpx:atemp>27</gpxtpx:atemp>
      <gpxtpx:hr>178</gpxtpx:hr>
      <gpxtpx:cad>90</gpxtpx:cad>
     </gpxtpx:TrackPointExtension>
    </extensions>
   </trkpt>
   <trkpt lat="46.7819590" lon="130.3231170">
    <ele>81.2</ele>
    <time>2025-09-07T00:09:17Z</time>
    <extensions>
     <power>376</power>
     <gpxtpx:TrackPointExtension>
      <gpxtpx:atemp>27</gpxtpx:atemp>
      <gpxtpx:hr>179</gpxtpx:hr>
      <gpxtpx:cad>90</gpxtpx:cad>
     </gpxtpx:TrackPointExtension>
    </extensions>
   </trkpt>
   <trkpt lat="46.7819290" lon="130.3231060">
    <ele>81.0</ele>
    <time>2025-09-07T00:09:18Z</time>
    <extensions>
     <power>377</power>
     <gpxtpx:TrackPointExtension>
      <gpxtpx:atemp>27</gpxtpx:atemp>
      <gpxtpx:hr>178</gpxtpx:hr>
      <gpxtpx:cad>90</gpxtpx:cad>
     </gpxtpx:TrackPointExtension>
    </extensions>
   </trkpt>
   <trkpt lat="46.7818890" lon="130.3231140">
    <ele>81.0</ele>
    <time>2025-09-07T00:09:19Z</time>
    <extensions>
     <power>375</power>
     <gpxtpx:TrackPointExtension>
      <gpxtpx:atemp>27</gpxtpx:atemp>
      <gpxtpx:hr>178</gpxtpx:hr>
      <gpxtpx:cad>90</gpxtpx:cad>
     </gpxtpx:TrackPointExtension>
    </extensions>
   </trkpt>
   <trkpt lat="46.7818620" lon="130.3231090">
    <ele>81.0</ele>
    <time>2025-09-07T00:09:20Z</time>
    <extensions>
     <power>375</power>
     <gpxtpx:TrackPointExtension>
      <gpxtpx:atemp>27</gpxtpx:atemp>
      <gpxtpx:hr>178</gpxtpx:hr>
      <gpxtpx:cad>89</gpxtpx:cad>
     </gpxtpx:TrackPointExtension>
    </extensions>
   </trkpt>
   <trkpt lat="46.7818240" lon="130.3231240">
    <ele>81.0</ele>
    <time>2025-09-07T00:09:21Z</time>
    <extensions>
     <power>377</power>
     <gpxtpx:TrackPointExtension>
      <gpxtpx:atemp>27</gpxtpx:atemp>
      <gpxtpx:hr>178</gpxtpx:hr>
      <gpxtpx:cad>89</gpxtpx:cad>
     </gpxtpx:TrackPointExtension>
    </extensions>
   </trkpt>
   <trkpt lat="46.7817990" lon="130.3231400">
    <ele>81.0</ele>
    <time>2025-09-07T00:09:22Z</time>
    <extensions>
     <power>376</power>
     <gpxtpx:TrackPointExtension>
      <gpxtpx:atemp>27</gpxtpx:atemp>
      <gpxtpx:hr>178</gpxtpx:hr>
      <gpxtpx:cad>90</gpxtpx:cad>
     </gpxtpx:TrackPointExtension>
    </extensions>
   </trkpt>
   <trkpt lat="46.7817720" lon="130.3231720">
    <ele>81.0</ele>
    <time>2025-09-07T00:09:23Z</time>
    <extensions>
     <power>374</power>
     <gpxtpx:TrackPointExtension>
      <gpxtpx:atemp>27</gpxtpx:atemp>
      <gpxtpx:hr>177</gpxtpx:hr>
      <gpxtpx:cad>90</gpxtpx:cad>
     </gpxtpx:TrackPointExtension>
    </extensions>
   </trkpt>
   <trkpt lat="46.7817510" lon="130.3232060">
    <ele>81.2</ele>
    <time>2025-09-07T00:09:24Z</time>
    <extensions>
     <power>373</power>
     <gpxtpx:TrackPointExtension>
      <gpxtpx:atemp>27</gpxtpx:atemp>
      <gpxtpx:hr>177</gpxtpx:hr>
      <gpxtpx:cad>90</gpxtpx:cad>
     </gpxtpx:TrackPointExtension>
    </extensions>
   </trkpt>
   <trkpt lat="46.7817330" lon="130.3232660">
    <ele>81.2</ele>
    <time>2025-09-07T00:09:25Z</time>
    <extensions>
     <power>373</power>
     <gpxtpx:TrackPointExtension>
      <gpxtpx:atemp>27</gpxtpx:atemp>
      <gpxtpx:hr>177</gpxtpx:hr>
      <gpxtpx:cad>90</gpxtpx:cad>
     </gpxtpx:TrackPointExtension>
    </extensions>
   </trkpt>
   <trkpt lat="46.7817200" lon="130.3233130">
    <ele>81.2</ele>
    <time>2025-09-07T00:09:26Z</time>
    <extensions>
     <power>373</power>
     <gpxtpx:TrackPointExtension>
      <gpxtpx:atemp>27</gpxtpx:atemp>
      <gpxtpx:hr>177</gpxtpx:hr>
      <gpxtpx:cad>90</gpxtpx:cad>
     </gpxtpx:TrackPointExtension>
    </extensions>
   </trkpt>
   <trkpt lat="46.7817060" lon="130.3233750">
    <ele>81.2</ele>
    <time>2025-09-07T00:09:27Z</time>
    <extensions>
     <power>374</power>
     <gpxtpx:TrackPointExtension>
      <gpxtpx:atemp>27</gpxtpx:atemp>
      <gpxtpx:hr>178</gpxtpx:hr>
      <gpxtpx:cad>89</gpxtpx:cad>
     </gpxtpx:TrackPointExtension>
    </extensions>
   </trkpt>
   <trkpt lat="46.7816990" lon="130.3234220">
    <ele>81.2</ele>
    <time>2025-09-07T00:09:28Z</time>
    <extensions>
     <power>376</power>
     <gpxtpx:TrackPointExtension>
      <gpxtpx:atemp>27</gpxtpx:atemp>
      <gpxtpx:hr>177</gpxtpx:hr>
      <gpxtpx:cad>89</gpxtpx:cad>
     </gpxtpx:TrackPointExtension>
    </extensions>
   </trkpt>
   <trkpt lat="46.7816910" lon="130.3234850">
    <ele>81.0</ele>
    <time>2025-09-07T00:09:29Z</time>
    <extensions>
     <power>378</power>
     <gpxtpx:TrackPointExtension>
      <gpxtpx:atemp>27</gpxtpx:atemp>
      <gpxtpx:hr>177</gpxtpx:hr>
      <gpxtpx:cad>89</gpxtpx:cad>
     </gpxtpx:TrackPointExtension>
    </extensions>
   </trkpt>
   <trkpt lat="46.7816840" lon="130.3235310">
    <ele>81.0</ele>
    <time>2025-09-07T00:09:30Z</time>
    <extensions>
     <power>380</power>
     <gpxtpx:TrackPointExtension>
      <gpxtpx:atemp>27</gpxtpx:atemp>
      <gpxtpx:hr>178</gpxtpx:hr>
      <gpxtpx:cad>89</gpxtpx:cad>
     </gpxtpx:TrackPointExtension>
    </extensions>
   </trkpt>
   <trkpt lat="46.7816760" lon="130.3235930">
    <ele>81.0</ele>
    <time>2025-09-07T00:09:31Z</time>
    <extensions>
     <power>381</power>
     <gpxtpx:TrackPointExtension>
      <gpxtpx:atemp>27</gpxtpx:atemp>
      <gpxtpx:hr>177</gpxtpx:hr>
      <gpxtpx:cad>89</gpxtpx:cad>
     </gpxtpx:TrackPointExtension>
    </extensions>
   </trkpt>
   <trkpt lat="46.7816710" lon="130.3236410">
    <ele>81.0</ele>
    <time>2025-09-07T00:09:32Z</time>
    <extensions>
     <power>382</power>
     <gpxtpx:TrackPointExtension>
      <gpxtpx:atemp>27</gpxtpx:atemp>
      <gpxtpx:hr>177</gpxtpx:hr>
      <gpxtpx:cad>89</gpxtpx:cad>
     </gpxtpx:TrackPointExtension>
    </extensions>
   </trkpt>
   <trkpt lat="46.7816700" lon="130.3237010">
    <ele>81.2</ele>
    <time>2025-09-07T00:09:33Z</time>
    <extensions>
     <power>384</power>
     <gpxtpx:TrackPointExtension>
      <gpxtpx:atemp>27</gpxtpx:atemp>
      <gpxtpx:hr>178</gpxtpx:hr>
      <gpxtpx:cad>89</gpxtpx:cad>
     </gpxtpx:TrackPointExtension>
    </extensions>
   </trkpt>
   <trkpt lat="46.7816670" lon="130.3237500">
    <ele>81.2</ele>
    <time>2025-09-07T00:09:34Z</time>
    <extensions>
     <power>383</power>
     <gpxtpx:TrackPointExtension>
      <gpxtpx:atemp>27</gpxtpx:atemp>
      <gpxtpx:hr>177</gpxtpx:hr>
      <gpxtpx:cad>89</gpxtpx:cad>
     </gpxtpx:TrackPointExtension>
    </extensions>
   </trkpt>
   <trkpt lat="46.7816680" lon="130.3238080">
    <ele>81.2</ele>
    <time>2025-09-07T00:09:35Z</time>
    <extensions>
     <power>384</power>
     <gpxtpx:TrackPointExtension>
      <gpxtpx:atemp>27</gpxtpx:atemp>
      <gpxtpx:hr>178</gpxtpx:hr>
      <gpxtpx:cad>89</gpxtpx:cad>
     </gpxtpx:TrackPointExtension>
    </extensions>
   </trkpt>
   <trkpt lat="46.7816640" lon="130.3238550">
    <ele>81.2</ele>
    <time>2025-09-07T00:09:36Z</time>
    <extensions>
     <power>386</power>
     <gpxtpx:TrackPointExtension>
      <gpxtpx:atemp>27</gpxtpx:atemp>
      <gpxtpx:hr>178</gpxtpx:hr>
      <gpxtpx:cad>89</gpxtpx:cad>
     </gpxtpx:TrackPointExtension>
    </extensions>
   </trkpt>
   <trkpt lat="46.7816650" lon="130.3239160">
    <ele>81.2</ele>
    <time>2025-09-07T00:09:37Z</time>
    <extensions>
     <power>386</power>
     <gpxtpx:TrackPointExtension>
      <gpxtpx:atemp>27</gpxtpx:atemp>
      <gpxtpx:hr>178</gpxtpx:hr>
      <gpxtpx:cad>89</gpxtpx:cad>
     </gpxtpx:TrackPointExtension>
    </extensions>
   </trkpt>
   <trkpt lat="46.7816640" lon="130.3239660">
    <ele>81.0</ele>
    <time>2025-09-07T00:09:38Z</time>
    <extensions>
     <power>386</power>
     <gpxtpx:TrackPointExtension>
      <gpxtpx:atemp>27</gpxtpx:atemp>
      <gpxtpx:hr>177</gpxtpx:hr>
      <gpxtpx:cad>89</gpxtpx:cad>
     </gpxtpx:TrackPointExtension>
    </extensions>
   </trkpt>
   <trkpt lat="46.7816680" lon="130.3240290">
    <ele>81.0</ele>
    <time>2025-09-07T00:09:39Z</time>
    <extensions>
     <power>385</power>
     <gpxtpx:TrackPointExtension>
      <gpxtpx:atemp>27</gpxtpx:atemp>
      <gpxtpx:hr>178</gpxtpx:hr>
      <gpxtpx:cad>90</gpxtpx:cad>
     </gpxtpx:TrackPointExtension>
    </extensions>
   </trkpt>
   <trkpt lat="46.7816700" lon="130.3240790">
    <ele>81.0</ele>
    <time>2025-09-07T00:09:40Z</time>
    <extensions>
     <power>384</power>
     <gpxtpx:TrackPointExtension>
      <gpxtpx:atemp>27</gpxtpx:atemp>
      <gpxtpx:hr>178</gpxtpx:hr>
      <gpxtpx:cad>90</gpxtpx:cad>
     </gpxtpx:TrackPointExtension>
    </extensions>
   </trkpt>
   <trkpt lat="46.7816760" lon="130.3241400">
    <ele>81.0</ele>
    <time>2025-09-07T00:09:41Z</time>
    <extensions>
     <power>386</power>
     <gpxtpx:TrackPointExtension>
      <gpxtpx:atemp>27</gpxtpx:atemp>
      <gpxtpx:hr>178</gpxtpx:hr>
      <gpxtpx:cad>90</gpxtpx:cad>
     </gpxtpx:TrackPointExtension>
    </extensions>
   </trkpt>
   <trkpt lat="46.7816760" lon="130.3241930">
    <ele>81.0</ele>
    <time>2025-09-07T00:09:42Z</time>
    <extensions>
     <power>387</power>
     <gpxtpx:TrackPointExtension>
      <gpxtpx:atemp>27</gpxtpx:atemp>
      <gpxtpx:hr>177</gpxtpx:hr>
      <gpxtpx:cad>90</gpxtpx:cad>
     </gpxtpx:TrackPointExtension>
    </extensions>
   </trkpt>
   <trkpt lat="46.7816790" lon="130.3242520">
    <ele>81.2</ele>
    <time>2025-09-07T00:09:43Z</time>
    <extensions>
     <power>388</power>
     <gpxtpx:TrackPointExtension>
      <gpxtpx:atemp>27</gpxtpx:atemp>
      <gpxtpx:hr>178</gpxtpx:hr>
      <gpxtpx:cad>90</gpxtpx:cad>
     </gpxtpx:TrackPointExtension>
    </extensions>
   </trkpt>
   <trkpt lat="46.7816710" lon="130.3243060">
    <ele>81.4</ele>
    <time>2025-09-07T00:09:44Z</time>
    <extensions>
     <power>392</power>
     <gpxtpx:TrackPointExtension>
      <gpxtpx:atemp>27</gpxtpx:atemp>
      <gpxtpx:hr>178</gpxtpx:hr>
      <gpxtpx:cad>89</gpxtpx:cad>
     </gpxtpx:TrackPointExtension>
    </extensions>
   </trkpt>
   <trkpt lat="46.7816730" lon="130.3243630">
    <ele>81.6</ele>
    <time>2025-09-07T00:09:45Z</time>
    <extensions>
     <power>394</power>
     <gpxtpx:TrackPointExtension>
      <gpxtpx:atemp>27</gpxtpx:atemp>
      <gpxtpx:hr>177</gpxtpx:hr>
      <gpxtpx:cad>89</gpxtpx:cad>
     </gpxtpx:TrackPointExtension>
    </extensions>
   </trkpt>
   <trkpt lat="46.7816700" lon="130.3244030">
    <ele>81.6</ele>
    <time>2025-09-07T00:09:46Z</time>
    <extensions>
     <power>396</power>
     <gpxtpx:TrackPointExtension>
      <gpxtpx:atemp>27</gpxtpx:atemp>
      <gpxtpx:hr>178</gpxtpx:hr>
      <gpxtpx:cad>89</gpxtpx:cad>
     </gpxtpx:TrackPointExtension>
    </extensions>
   </trkpt>
   <trkpt lat="46.7816720" lon="130.3244590">
    <ele>81.4</ele>
    <time>2025-09-07T00:09:47Z</time>
    <extensions>
     <power>395</power>
     <gpxtpx:TrackPointExtension>
      <gpxtpx:atemp>27</gpxtpx:atemp>
      <gpxtpx:hr>178</gpxtpx:hr>
      <gpxtpx:cad>89</gpxtpx:cad>
     </gpxtpx:TrackPointExtension>
    </extensions>
   </trkpt>
   <trkpt lat="46.7816750" lon="130.3245110">
    <ele>81.2</ele>
    <time>2025-09-07T00:09:48Z</time>
    <extensions>
     <power>394</power>
     <gpxtpx:TrackPointExtension>
      <gpxtpx:atemp>27</gpxtpx:atemp>
      <gpxtpx:hr>179</gpxtpx:hr>
      <gpxtpx:cad>89</gpxtpx:cad>
     </gpxtpx:TrackPointExtension>
    </extensions>
   </trkpt>
   <trkpt lat="46.7816800" lon="130.3245680">
    <ele>81.0</ele>
    <time>2025-09-07T00:09:49Z</time>
    <extensions>
     <power>393</power>
     <gpxtpx:TrackPointExtension>
      <gpxtpx:atemp>27</gpxtpx:atemp>
      <gpxtpx:hr>179</gpxtpx:hr>
      <gpxtpx:cad>89</gpxtpx:cad>
     </gpxtpx:TrackPointExtension>
    </extensions>
   </trkpt>
   <trkpt lat="46.7816840" lon="130.3246170">
    <ele>80.8</ele>
    <time>2025-09-07T00:09:50Z</time>
    <extensions>
     <power>392</power>
     <gpxtpx:TrackPointExtension>
      <gpxtpx:atemp>27</gpxtpx:atemp>
      <gpxtpx:hr>179</gpxtpx:hr>
      <gpxtpx:cad>89</gpxtpx:cad>
     </gpxtpx:TrackPointExtension>
    </extensions>
   </trkpt>
   <trkpt lat="46.7816900" lon="130.3246800">
    <ele>80.8</ele>
    <time>2025-09-07T00:09:51Z</time>
    <extensions>
     <power>392</power>
     <gpxtpx:TrackPointExtension>
      <gpxtpx:atemp>27</gpxtpx:atemp>
      <gpxtpx:hr>179</gpxtpx:hr>
      <gpxtpx:cad>89</gpxtpx:cad>
     </gpxtpx:TrackPointExtension>
    </extensions>
   </trkpt>
   <trkpt lat="46.7816880" lon="130.3247240">
    <ele>80.8</ele>
    <time>2025-09-07T00:09:52Z</time>
    <extensions>
     <power>392</power>
     <gpxtpx:TrackPointExtension>
      <gpxtpx:atemp>27</gpxtpx:atemp>
      <gpxtpx:hr>179</gpxtpx:hr>
      <gpxtpx:cad>89</gpxtpx:cad>
     </gpxtpx:TrackPointExtension>
    </extensions>
   </trkpt>
   <trkpt lat="46.7816920" lon="130.3247840">
    <ele>80.8</ele>
    <time>2025-09-07T00:09:53Z</time>
    <extensions>
     <power>394</power>
     <gpxtpx:TrackPointExtension>
      <gpxtpx:atemp>27</gpxtpx:atemp>
      <gpxtpx:hr>179</gpxtpx:hr>
      <gpxtpx:cad>89</gpxtpx:cad>
     </gpxtpx:TrackPointExtension>
    </extensions>
   </trkpt>
   <trkpt lat="46.7816920" lon="130.3248350">
    <ele>80.8</ele>
    <time>2025-09-07T00:09:54Z</time>
    <extensions>
     <power>393</power>
     <gpxtpx:TrackPointExtension>
      <gpxtpx:atemp>27</gpxtpx:atemp>
      <gpxtpx:hr>179</gpxtpx:hr>
      <gpxtpx:cad>89</gpxtpx:cad>
     </gpxtpx:TrackPointExtension>
    </extensions>
   </trkpt>
   <trkpt lat="46.7816980" lon="130.3248920">
    <ele>81.0</ele>
    <time>2025-09-07T00:09:55Z</time>
    <extensions>
     <power>393</power>
     <gpxtpx:TrackPointExtension>
      <gpxtpx:atemp>27</gpxtpx:atemp>
      <gpxtpx:hr>180</gpxtpx:hr>
      <gpxtpx:cad>89</gpxtpx:cad>
     </gpxtpx:TrackPointExtension>
    </extensions>
   </trkpt>
   <trkpt lat="46.7816980" lon="130.3249380">
    <ele>81.0</ele>
    <time>2025-09-07T00:09:56Z</time>
    <extensions>
     <power>394</power>
     <gpxtpx:TrackPointExtension>
      <gpxtpx:atemp>27</gpxtpx:atemp>
      <gpxtpx:hr>180</gpxtpx:hr>
      <gpxtpx:cad>89</gpxtpx:cad>
     </gpxtpx:TrackPointExtension>
    </extensions>
   </trkpt>
   <trkpt lat="46.7817020" lon="130.3249950">
    <ele>81.0</ele>
    <time>2025-09-07T00:09:57Z</time>
    <extensions>
     <power>393</power>
     <gpxtpx:TrackPointExtension>
      <gpxtpx:atemp>27</gpxtpx:atemp>
      <gpxtpx:hr>180</gpxtpx:hr>
      <gpxtpx:cad>89</gpxtpx:cad>
     </gpxtpx:TrackPointExtension>
    </extensions>
   </trkpt>
   <trkpt lat="46.7817080" lon="130.3250440">
    <ele>81.0</ele>
    <time>2025-09-07T00:09:58Z</time>
    <extensions>
     <power>394</power>
     <gpxtpx:TrackPointExtension>
      <gpxtpx:atemp>27</gpxtpx:atemp>
      <gpxtpx:hr>180</gpxtpx:hr>
      <gpxtpx:cad>89</gpxtpx:cad>
     </gpxtpx:TrackPointExtension>
    </extensions>
   </trkpt>
   <trkpt lat="46.7817160" lon="130.3251020">
    <ele>81.0</ele>
    <time>2025-09-07T00:09:59Z</time>
    <extensions>
     <power>394</power>
     <gpxtpx:TrackPointExtension>
      <gpxtpx:atemp>27</gpxtpx:atemp>
      <gpxtpx:hr>180</gpxtpx:hr>
      <gpxtpx:cad>89</gpxtpx:cad>
     </gpxtpx:TrackPointExtension>
    </extensions>
   </trkpt>
   <trkpt lat="46.7817200" lon="130.3251560">
    <ele>81.0</ele>
    <time>2025-09-07T00:10:00Z</time>
    <extensions>
     <power>394</power>
     <gpxtpx:TrackPointExtension>
      <gpxtpx:atemp>27</gpxtpx:atemp>
      <gpxtpx:hr>180</gpxtpx:hr>
      <gpxtpx:cad>89</gpxtpx:cad>
     </gpxtpx:TrackPointExtension>
    </extensions>
   </trkpt>
   <trkpt lat="46.7817180" lon="130.3252130">
    <ele>81.0</ele>
    <time>2025-09-07T00:10:01Z</time>
    <extensions>
     <power>396</power>
     <gpxtpx:TrackPointExtension>
      <gpxtpx:atemp>27</gpxtpx:atemp>
      <gpxtpx:hr>180</gpxtpx:hr>
      <gpxtpx:cad>90</gpxtpx:cad>
     </gpxtpx:TrackPointExtension>
    </extensions>
   </trkpt>
   <trkpt lat="46.7817240" lon="130.3252670">
    <ele>80.8</ele>
    <time>2025-09-07T00:10:02Z</time>
    <extensions>
     <power>394</power>
     <gpxtpx:TrackPointExtension>
      <gpxtpx:atemp>27</gpxtpx:atemp>
      <gpxtpx:hr>180</gpxtpx:hr>
      <gpxtpx:cad>90</gpxtpx:cad>
     </gpxtpx:TrackPointExtension>
    </extensions>
   </trkpt>
   <trkpt lat="46.7817280" lon="130.3253280">
    <ele>80.8</ele>
    <time>2025-09-07T00:10:03Z</time>
    <extensions>
     <power>395</power>
     <gpxtpx:TrackPointExtension>
      <gpxtpx:atemp>27</gpxtpx:atemp>
      <gpxtpx:hr>180</gpxtpx:hr>
      <gpxtpx:cad>90</gpxtpx:cad>
     </gpxtpx:TrackPointExtension>
    </extensions>
   </trkpt>
   <trkpt lat="46.7817260" lon="130.3253760">
    <ele>80.8</ele>
    <time>2025-09-07T00:10:04Z</time>
    <extensions>
     <power>395</power>
     <gpxtpx:TrackPointExtension>
      <gpxtpx:atemp>27</gpxtpx:atemp>
      <gpxtpx:hr>180</gpxtpx:hr>
      <gpxtpx:cad>90</gpxtpx:cad>
     </gpxtpx:TrackPointExtension>
    </extensions>
   </trkpt>
   <trkpt lat="46.7817290" lon="130.3254360">
    <ele>80.8</ele>
    <time>2025-09-07T00:10:05Z</time>
    <extensions>
     <power>396</power>
     <gpxtpx:TrackPointExtension>
      <gpxtpx:atemp>27</gpxtpx:atemp>
      <gpxtpx:hr>180</gpxtpx:hr>
      <gpxtpx:cad>90</gpxtpx:cad>
     </gpxtpx:TrackPointExtension>
    </extensions>
   </trkpt>
   <trkpt lat="46.7817300" lon="130.3254860">
    <ele>80.8</ele>
    <time>2025-09-07T00:10:06Z</time>
    <extensions>
     <power>396</power>
     <gpxtpx:TrackPointExtension>
      <gpxtpx:atemp>27</gpxtpx:atemp>
      <gpxtpx:hr>180</gpxtpx:hr>
      <gpxtpx:cad>90</gpxtpx:cad>
     </gpxtpx:TrackPointExtension>
    </extensions>
   </trkpt>
   <trkpt lat="46.7817410" lon="130.3255400">
    <ele>80.8</ele>
    <time>2025-09-07T00:10:07Z</time>
    <extensions>
     <power>395</power>
     <gpxtpx:TrackPointExtension>
      <gpxtpx:atemp>27</gpxtpx:atemp>
      <gpxtpx:hr>180</gpxtpx:hr>
      <gpxtpx:cad>90</gpxtpx:cad>
     </gpxtpx:TrackPointExtension>
    </extensions>
   </trkpt>
   <trkpt lat="46.7817490" lon="130.3255950">
    <ele>80.8</ele>
    <time>2025-09-07T00:10:08Z</time>
    <extensions>
     <power>395</power>
     <gpxtpx:TrackPointExtension>
      <gpxtpx:atemp>27</gpxtpx:atemp>
      <gpxtpx:hr>180</gpxtpx:hr>
      <gpxtpx:cad>90</gpxtpx:cad>
     </gpxtpx:TrackPointExtension>
    </extensions>
   </trkpt>
   <trkpt lat="46.7817600" lon="130.3256520">
    <ele>80.8</ele>
    <time>2025-09-07T00:10:09Z</time>
    <extensions>
     <power>396</power>
     <gpxtpx:TrackPointExtension>
      <gpxtpx:atemp>27</gpxtpx:atemp>
      <gpxtpx:hr>180</gpxtpx:hr>
      <gpxtpx:cad>89</gpxtpx:cad>
     </gpxtpx:TrackPointExtension>
    </extensions>
   </trkpt>
   <trkpt lat="46.7817580" lon="130.3257030">
    <ele>80.8</ele>
    <time>2025-09-07T00:10:10Z</time>
    <extensions>
     <power>397</power>
     <gpxtpx:TrackPointExtension>
      <gpxtpx:atemp>27</gpxtpx:atemp>
      <gpxtpx:hr>180</gpxtpx:hr>
      <gpxtpx:cad>89</gpxtpx:cad>
     </gpxtpx:TrackPointExtension>
    </extensions>
   </trkpt>
   <trkpt lat="46.7817650" lon="130.3257640">
    <ele>80.8</ele>
    <time>2025-09-07T00:10:11Z</time>
    <extensions>
     <power>397</power>
     <gpxtpx:TrackPointExtension>
      <gpxtpx:atemp>27</gpxtpx:atemp>
      <gpxtpx:hr>181</gpxtpx:hr>
      <gpxtpx:cad>89</gpxtpx:cad>
     </gpxtpx:TrackPointExtension>
    </extensions>
   </trkpt>
   <trkpt lat="46.7817650" lon="130.3258080">
    <ele>80.8</ele>
    <time>2025-09-07T00:10:12Z</time>
    <extensions>
     <power>399</power>
     <gpxtpx:TrackPointExtension>
      <gpxtpx:atemp>27</gpxtpx:atemp>
      <gpxtpx:hr>180</gpxtpx:hr>
      <gpxtpx:cad>89</gpxtpx:cad>
     </gpxtpx:TrackPointExtension>
    </extensions>
   </trkpt>
   <trkpt lat="46.7817720" lon="130.3258630">
    <ele>80.8</ele>
    <time>2025-09-07T00:10:13Z</time>
    <extensions>
     <power>399</power>
     <gpxtpx:TrackPointExtension>
      <gpxtpx:atemp>27</gpxtpx:atemp>
      <gpxtpx:hr>181</gpxtpx:hr>
      <gpxtpx:cad>90</gpxtpx:cad>
     </gpxtpx:TrackPointExtension>
    </extensions>
   </trkpt>
   <trkpt lat="46.7817740" lon="130.3259190">
    <ele>80.6</ele>
    <time>2025-09-07T00:10:14Z</time>
    <extensions>
     <power>398</power>
     <gpxtpx:TrackPointExtension>
      <gpxtpx:atemp>27</gpxtpx:atemp>
      <gpxtpx:hr>181</gpxtpx:hr>
      <gpxtpx:cad>90</gpxtpx:cad>
     </gpxtpx:TrackPointExtension>
    </extensions>
   </trkpt>
   <trkpt lat="46.7817770" lon="130.3259770">
    <ele>80.6</ele>
    <time>2025-09-07T00:10:15Z</time>
    <extensions>
     <power>398</power>
     <gpxtpx:TrackPointExtension>
      <gpxtpx:atemp>27</gpxtpx:atemp>
      <gpxtpx:hr>181</gpxtpx:hr>
      <gpxtpx:cad>90</gpxtpx:cad>
     </gpxtpx:TrackPointExtension>
    </extensions>
   </trkpt>
   <trkpt lat="46.7817720" lon="130.3260260">
    <ele>80.6</ele>
    <time>2025-09-07T00:10:16Z</time>
    <extensions>
     <power>397</power>
     <gpxtpx:TrackPointExtension>
      <gpxtpx:atemp>27</gpxtpx:atemp>
      <gpxtpx:hr>181</gpxtpx:hr>
      <gpxtpx:cad>90</gpxtpx:cad>
     </gpxtpx:TrackPointExtension>
    </extensions>
   </trkpt>
   <trkpt lat="46.7817740" lon="130.3260850">
    <ele>80.6</ele>
    <time>2025-09-07T00:10:17Z</time>
    <extensions>
     <power>398</power>
     <gpxtpx:TrackPointExtension>
      <gpxtpx:atemp>27</gpxtpx:atemp>
      <gpxtpx:hr>181</gpxtpx:hr>
      <gpxtpx:cad>89</gpxtpx:cad>
     </gpxtpx:TrackPointExtension>
    </extensions>
   </trkpt>
   <trkpt lat="46.7817780" lon="130.3261400">
    <ele>80.6</ele>
    <time>2025-09-07T00:10:18Z</time>
    <extensions>
     <power>399</power>
     <gpxtpx:TrackPointExtension>
      <gpxtpx:atemp>27</gpxtpx:atemp>
      <gpxtpx:hr>181</gpxtpx:hr>
      <gpxtpx:cad>89</gpxtpx:cad>
     </gpxtpx:TrackPointExtension>
    </extensions>
   </trkpt>
   <trkpt lat="46.7817870" lon="130.3261990">
    <ele>80.6</ele>
    <time>2025-09-07T00:10:19Z</time>
    <extensions>
     <power>399</power>
     <gpxtpx:TrackPointExtension>
      <gpxtpx:atemp>27</gpxtpx:atemp>
      <gpxtpx:hr>181</gpxtpx:hr>
      <gpxtpx:cad>89</gpxtpx:cad>
     </gpxtpx:TrackPointExtension>
    </extensions>
   </trkpt>
   <trkpt lat="46.7817880" lon="130.3262470">
    <ele>80.6</ele>
    <time>2025-09-07T00:10:20Z</time>
    <extensions>
     <power>399</power>
     <gpxtpx:TrackPointExtension>
      <gpxtpx:atemp>27</gpxtpx:atemp>
      <gpxtpx:hr>181</gpxtpx:hr>
      <gpxtpx:cad>89</gpxtpx:cad>
     </gpxtpx:TrackPointExtension>
    </extensions>
   </trkpt>
   <trkpt lat="46.7817960" lon="130.3263070">
    <ele>80.6</ele>
    <time>2025-09-07T00:10:21Z</time>
    <extensions>
     <power>398</power>
     <gpxtpx:TrackPointExtension>
      <gpxtpx:atemp>27</gpxtpx:atemp>
      <gpxtpx:hr>181</gpxtpx:hr>
      <gpxtpx:cad>89</gpxtpx:cad>
     </gpxtpx:TrackPointExtension>
    </extensions>
   </trkpt>
   <trkpt lat="46.7818010" lon="130.3263580">
    <ele>80.6</ele>
    <time>2025-09-07T00:10:22Z</time>
    <extensions>
     <power>398</power>
     <gpxtpx:TrackPointExtension>
      <gpxtpx:atemp>27</gpxtpx:atemp>
      <gpxtpx:hr>181</gpxtpx:hr>
      <gpxtpx:cad>89</gpxtpx:cad>
     </gpxtpx:TrackPointExtension>
    </extensions>
   </trkpt>
   <trkpt lat="46.7818050" lon="130.3264210">
    <ele>80.6</ele>
    <time>2025-09-07T00:10:23Z</time>
    <extensions>
     <power>400</power>
     <gpxtpx:TrackPointExtension>
      <gpxtpx:atemp>27</gpxtpx:atemp>
      <gpxtpx:hr>181</gpxtpx:hr>
      <gpxtpx:cad>89</gpxtpx:cad>
     </gpxtpx:TrackPointExtension>
    </extensions>
   </trkpt>
   <trkpt lat="46.7818020" lon="130.3264700">
    <ele>80.6</ele>
    <time>2025-09-07T00:10:24Z</time>
    <extensions>
     <power>400</power>
     <gpxtpx:TrackPointExtension>
      <gpxtpx:atemp>27</gpxtpx:atemp>
      <gpxtpx:hr>180</gpxtpx:hr>
      <gpxtpx:cad>89</gpxtpx:cad>
     </gpxtpx:TrackPointExtension>
    </extensions>
   </trkpt>
   <trkpt lat="46.7818020" lon="130.3265310">
    <ele>80.6</ele>
    <time>2025-09-07T00:10:25Z</time>
    <extensions>
     <power>401</power>
     <gpxtpx:TrackPointExtension>
      <gpxtpx:atemp>27</gpxtpx:atemp>
      <gpxtpx:hr>180</gpxtpx:hr>
      <gpxtpx:cad>89</gpxtpx:cad>
     </gpxtpx:TrackPointExtension>
    </extensions>
   </trkpt>
   <trkpt lat="46.7818070" lon="130.3265890">
    <ele>80.4</ele>
    <time>2025-09-07T00:10:26Z</time>
    <extensions>
     <power>402</power>
     <gpxtpx:TrackPointExtension>
      <gpxtpx:atemp>27</gpxtpx:atemp>
      <gpxtpx:hr>179</gpxtpx:hr>
      <gpxtpx:cad>89</gpxtpx:cad>
     </gpxtpx:TrackPointExtension>
    </extensions>
   </trkpt>
   <trkpt lat="46.7818060" lon="130.3266470">
    <ele>80.4</ele>
    <time>2025-09-07T00:10:27Z</time>
    <extensions>
     <power>401</power>
     <gpxtpx:TrackPointExtension>
      <gpxtpx:atemp>27</gpxtpx:atemp>
      <gpxtpx:hr>179</gpxtpx:hr>
      <gpxtpx:cad>88</gpxtpx:cad>
     </gpxtpx:TrackPointExtension>
    </extensions>
   </trkpt>
   <trkpt lat="46.7818030" lon="130.3267000">
    <ele>80.4</ele>
    <time>2025-09-07T00:10:28Z</time>
    <extensions>
     <power>404</power>
     <gpxtpx:TrackPointExtension>
      <gpxtpx:atemp>27</gpxtpx:atemp>
      <gpxtpx:hr>178</gpxtpx:hr>
      <gpxtpx:cad>88</gpxtpx:cad>
     </gpxtpx:TrackPointExtension>
    </extensions>
   </trkpt>
   <trkpt lat="46.7818130" lon="130.3267530">
    <ele>80.4</ele>
    <time>2025-09-07T00:10:29Z</time>
    <extensions>
     <power>405</power>
     <gpxtpx:TrackPointExtension>
      <gpxtpx:atemp>27</gpxtpx:atemp>
      <gpxtpx:hr>178</gpxtpx:hr>
      <gpxtpx:cad>89</gpxtpx:cad>
     </gpxtpx:TrackPointExtension>
    </extensions>
   </trkpt>
   <trkpt lat="46.7818110" lon="130.3268060">
    <ele>80.4</ele>
    <time>2025-09-07T00:10:30Z</time>
    <extensions>
     <power>405</power>
     <gpxtpx:TrackPointExtension>
      <gpxtpx:atemp>27</gpxtpx:atemp>
      <gpxtpx:hr>178</gpxtpx:hr>
      <gpxtpx:cad>89</gpxtpx:cad>
     </gpxtpx:TrackPointExtension>
    </extensions>
   </trkpt>
   <trkpt lat="46.7818210" lon="130.3268670">
    <ele>80.4</ele>
    <time>2025-09-07T00:10:31Z</time>
    <extensions>
     <power>404</power>
     <gpxtpx:TrackPointExtension>
      <gpxtpx:atemp>27</gpxtpx:atemp>
      <gpxtpx:hr>177</gpxtpx:hr>
      <gpxtpx:cad>89</gpxtpx:cad>
     </gpxtpx:TrackPointExtension>
    </extensions>
   </trkpt>
   <trkpt lat="46.7818290" lon="130.3269300">
    <ele>80.4</ele>
    <time>2025-09-07T00:10:32Z</time>
    <extensions>
     <power>403</power>
     <gpxtpx:TrackPointExtension>
      <gpxtpx:atemp>27</gpxtpx:atemp>
      <gpxtpx:hr>177</gpxtpx:hr>
      <gpxtpx:cad>89</gpxtpx:cad>
     </gpxtpx:TrackPointExtension>
    </extensions>
   </trkpt>
   <trkpt lat="46.7818370" lon="130.3269870">
    <ele>80.4</ele>
    <time>2025-09-07T00:10:33Z</time>
    <extensions>
     <power>404</power>
     <gpxtpx:TrackPointExtension>
      <gpxtpx:atemp>27</gpxtpx:atemp>
      <gpxtpx:hr>177</gpxtpx:hr>
      <gpxtpx:cad>89</gpxtpx:cad>
     </gpxtpx:TrackPointExtension>
    </extensions>
   </trkpt>
   <trkpt lat="46.7818410" lon="130.3270430">
    <ele>80.4</ele>
    <time>2025-09-07T00:10:34Z</time>
    <extensions>
     <power>406</power>
     <gpxtpx:TrackPointExtension>
      <gpxtpx:atemp>27</gpxtpx:atemp>
      <gpxtpx:hr>177</gpxtpx:hr>
      <gpxtpx:cad>89</gpxtpx:cad>
     </gpxtpx:TrackPointExtension>
    </extensions>
   </trkpt>
   <trkpt lat="46.7818460" lon="130.3270960">
    <ele>80.4</ele>
    <time>2025-09-07T00:10:35Z</time>
    <extensions>
     <power>408</power>
     <gpxtpx:TrackPointExtension>
      <gpxtpx:atemp>27</gpxtpx:atemp>
      <gpxtpx:hr>177</gpxtpx:hr>
      <gpxtpx:cad>89</gpxtpx:cad>
     </gpxtpx:TrackPointExtension>
    </extensions>
   </trkpt>
   <trkpt lat="46.7818450" lon="130.3271490">
    <ele>80.4</ele>
    <time>2025-09-07T00:10:36Z</time>
    <extensions>
     <power>410</power>
     <gpxtpx:TrackPointExtension>
      <gpxtpx:atemp>27</gpxtpx:atemp>
      <gpxtpx:hr>177</gpxtpx:hr>
      <gpxtpx:cad>89</gpxtpx:cad>
     </gpxtpx:TrackPointExtension>
    </extensions>
   </trkpt>
   <trkpt lat="46.7818450" lon="130.3272030">
    <ele>80.6</ele>
    <time>2025-09-07T00:10:37Z</time>
    <extensions>
     <power>410</power>
     <gpxtpx:TrackPointExtension>
      <gpxtpx:atemp>27</gpxtpx:atemp>
      <gpxtpx:hr>178</gpxtpx:hr>
      <gpxtpx:cad>89</gpxtpx:cad>
     </gpxtpx:TrackPointExtension>
    </extensions>
   </trkpt>
   <trkpt lat="46.7818450" lon="130.3272480">
    <ele>80.6</ele>
    <time>2025-09-07T00:10:38Z</time>
    <extensions>
     <power>410</power>
     <gpxtpx:TrackPointExtension>
      <gpxtpx:atemp>27</gpxtpx:atemp>
      <gpxtpx:hr>178</gpxtpx:hr>
      <gpxtpx:cad>89</gpxtpx:cad>
     </gpxtpx:TrackPointExtension>
    </extensions>
   </trkpt>
   <trkpt lat="46.7818510" lon="130.3272980">
    <ele>80.6</ele>
    <time>2025-09-07T00:10:39Z</time>
    <extensions>
     <power>410</power>
     <gpxtpx:TrackPointExtension>
      <gpxtpx:atemp>27</gpxtpx:atemp>
      <gpxtpx:hr>178</gpxtpx:hr>
      <gpxtpx:cad>89</gpxtpx:cad>
     </gpxtpx:TrackPointExtension>
    </extensions>
   </trkpt>
   <trkpt lat="46.7818470" lon="130.3273450">
    <ele>80.6</ele>
    <time>2025-09-07T00:10:40Z</time>
    <extensions>
     <power>409</power>
     <gpxtpx:TrackPointExtension>
      <gpxtpx:atemp>27</gpxtpx:atemp>
      <gpxtpx:hr>178</gpxtpx:hr>
      <gpxtpx:cad>89</gpxtpx:cad>
     </gpxtpx:TrackPointExtension>
    </extensions>
   </trkpt>
   <trkpt lat="46.7818530" lon="130.3273920">
    <ele>80.6</ele>
    <time>2025-09-07T00:10:41Z</time>
    <extensions>
     <power>408</power>
     <gpxtpx:TrackPointExtension>
      <gpxtpx:atemp>27</gpxtpx:atemp>
      <gpxtpx:hr>178</gpxtpx:hr>
      <gpxtpx:cad>90</gpxtpx:cad>
     </gpxtpx:TrackPointExtension>
    </extensions>
   </trkpt>
   <trkpt lat="46.7818480" lon="130.3274360">
    <ele>80.4</ele>
    <time>2025-09-07T00:10:42Z</time>
    <extensions>
     <power>407</power>
     <gpxtpx:TrackPointExtension>
      <gpxtpx:atemp>27</gpxtpx:atemp>
      <gpxtpx:hr>178</gpxtpx:hr>
      <gpxtpx:cad>90</gpxtpx:cad>
     </gpxtpx:TrackPointExtension>
    </extensions>
   </trkpt>
   <trkpt lat="46.7818530" lon="130.3274870">
    <ele>80.4</ele>
    <time>2025-09-07T00:10:43Z</time>
    <extensions>
     <power>406</power>
     <gpxtpx:TrackPointExtension>
      <gpxtpx:atemp>27</gpxtpx:atemp>
      <gpxtpx:hr>178</gpxtpx:hr>
      <gpxtpx:cad>90</gpxtpx:cad>
     </gpxtpx:TrackPointExtension>
    </extensions>
   </trkpt>
   <trkpt lat="46.7818600" lon="130.3275330">
    <ele>80.4</ele>
    <time>2025-09-07T00:10:44Z</time>
    <extensions>
     <power>405</power>
     <gpxtpx:TrackPointExtension>
      <gpxtpx:atemp>27</gpxtpx:atemp>
      <gpxtpx:hr>177</gpxtpx:hr>
      <gpxtpx:cad>90</gpxtpx:cad>
     </gpxtpx:TrackPointExtension>
    </extensions>
   </trkpt>
   <trkpt lat="46.7818650" lon="130.3275880">
    <ele>80.4</ele>
    <time>2025-09-07T00:10:45Z</time>
    <extensions>
     <power>405</power>
     <gpxtpx:TrackPointExtension>
      <gpxtpx:atemp>27</gpxtpx:atemp>
      <gpxtpx:hr>177</gpxtpx:hr>
      <gpxtpx:cad>90</gpxtpx:cad>
     </gpxtpx:TrackPointExtension>
    </extensions>
   </trkpt>
   <trkpt lat="46.7818710" lon="130.3276390">
    <ele>80.6</ele>
    <time>2025-09-07T00:10:46Z</time>
    <extensions>
     <power>406</power>
     <gpxtpx:TrackPointExtension>
      <gpxtpx:atemp>27</gpxtpx:atemp>
      <gpxtpx:hr>177</gpxtpx:hr>
      <gpxtpx:cad>89</gpxtpx:cad>
     </gpxtpx:TrackPointExtension>
    </extensions>
   </trkpt>
   <trkpt lat="46.7818770" lon="130.3276900">
    <ele>80.6</ele>
    <time>2025-09-07T00:10:47Z</time>
    <extensions>
     <power>406</power>
     <gpxtpx:TrackPointExtension>
      <gpxtpx:atemp>27</gpxtpx:atemp>
      <gpxtpx:hr>177</gpxtpx:hr>
      <gpxtpx:cad>89</gpxtpx:cad>
     </gpxtpx:TrackPointExtension>
    </extensions>
   </trkpt>
   <trkpt lat="46.7818910" lon="130.3277380">
    <ele>80.6</ele>
    <time>2025-09-07T00:10:48Z</time>
    <extensions>
     <power>407</power>
     <gpxtpx:TrackPointExtension>
      <gpxtpx:atemp>27</gpxtpx:atemp>
      <gpxtpx:hr>177</gpxtpx:hr>
      <gpxtpx:cad>89</gpxtpx:cad>
     </gpxtpx:TrackPointExtension>
    </extensions>
   </trkpt>
   <trkpt lat="46.7818960" lon="130.3277860">
    <ele>80.6</ele>
    <time>2025-09-07T00:10:49Z</time>
    <extensions>
     <power>407</power>
     <gpxtpx:TrackPointExtension>
      <gpxtpx:atemp>27</gpxtpx:atemp>
      <gpxtpx:hr>177</gpxtpx:hr>
      <gpxtpx:cad>89</gpxtpx:cad>
     </gpxtpx:TrackPointExtension>
    </extensions>
   </trkpt>
   <trkpt lat="46.7818950" lon="130.3278330">
    <ele>80.8</ele>
    <time>2025-09-07T00:10:50Z</time>
    <extensions>
     <power>408</power>
     <gpxtpx:TrackPointExtension>
      <gpxtpx:atemp>27</gpxtpx:atemp>
      <gpxtpx:hr>177</gpxtpx:hr>
      <gpxtpx:cad>89</gpxtpx:cad>
     </gpxtpx:TrackPointExtension>
    </extensions>
   </trkpt>
   <trkpt lat="46.7818980" lon="130.3278860">
    <ele>80.8</ele>
    <time>2025-09-07T00:10:51Z</time>
    <extensions>
     <power>408</power>
     <gpxtpx:TrackPointExtension>
      <gpxtpx:atemp>27</gpxtpx:atemp>
      <gpxtpx:hr>177</gpxtpx:hr>
      <gpxtpx:cad>89</gpxtpx:cad>
     </gpxtpx:TrackPointExtension>
    </extensions>
   </trkpt>
   <trkpt lat="46.7819000" lon="130.3279360">
    <ele>80.8</ele>
    <time>2025-09-07T00:10:52Z</time>
    <extensions>
     <power>408</power>
     <gpxtpx:TrackPointExtension>
      <gpxtpx:atemp>27</gpxtpx:atemp>
      <gpxtpx:hr>177</gpxtpx:hr>
      <gpxtpx:cad>89</gpxtpx:cad>
     </gpxtpx:TrackPointExtension>
    </extensions>
   </trkpt>
   <trkpt lat="46.7819020" lon="130.3279930">
    <ele>80.8</ele>
    <time>2025-09-07T00:10:53Z</time>
    <extensions>
     <power>407</power>
     <gpxtpx:TrackPointExtension>
      <gpxtpx:atemp>27</gpxtpx:atemp>
      <gpxtpx:hr>177</gpxtpx:hr>
      <gpxtpx:cad>89</gpxtpx:cad>
     </gpxtpx:TrackPointExtension>
    </extensions>
   </trkpt>
   <trkpt lat="46.7819080" lon="130.3280410">
    <ele>80.8</ele>
    <time>2025-09-07T00:10:54Z</time>
    <extensions>
     <power>407</power>
     <gpxtpx:TrackPointExtension>
      <gpxtpx:atemp>27</gpxtpx:atemp>
      <gpxtpx:hr>177</gpxtpx:hr>
      <gpxtpx:cad>89</gpxtpx:cad>
     </gpxtpx:TrackPointExtension>
    </extensions>
   </trkpt>
   <trkpt lat="46.7819120" lon="130.3280950">
    <ele>80.8</ele>
    <time>2025-09-07T00:10:55Z</time>
    <extensions>
     <power>408</power>
     <gpxtpx:TrackPointExtension>
      <gpxtpx:atemp>27</gpxtpx:atemp>
      <gpxtpx:hr>177</gpxtpx:hr>
      <gpxtpx:cad>89</gpxtpx:cad>
     </gpxtpx:TrackPointExtension>
    </extensions>
   </trkpt>
   <trkpt lat="46.7819120" lon="130.3281460">
    <ele>80.8</ele>
    <time>2025-09-07T00:10:56Z</time>
    <extensions>
     <power>408</power>
     <gpxtpx:TrackPointExtension>
      <gpxtpx:atemp>27</gpxtpx:atemp>
      <gpxtpx:hr>177</gpxtpx:hr>
      <gpxtpx:cad>89</gpxtpx:cad>
     </gpxtpx:TrackPointExtension>
    </extensions>
   </trkpt>
   <trkpt lat="46.7819160" lon="130.3282000">
    <ele>80.8</ele>
    <time>2025-09-07T00:10:57Z</time>
    <extensions>
     <power>409</power>
     <gpxtpx:TrackPointExtension>
      <gpxtpx:atemp>27</gpxtpx:atemp>
      <gpxtpx:hr>177</gpxtpx:hr>
      <gpxtpx:cad>89</gpxtpx:cad>
     </gpxtpx:TrackPointExtension>
    </extensions>
   </trkpt>
   <trkpt lat="46.7819210" lon="130.3282480">
    <ele>80.8</ele>
    <time>2025-09-07T00:10:58Z</time>
    <extensions>
     <power>409</power>
     <gpxtpx:TrackPointExtension>
      <gpxtpx:atemp>27</gpxtpx:atemp>
      <gpxtpx:hr>177</gpxtpx:hr>
      <gpxtpx:cad>89</gpxtpx:cad>
     </gpxtpx:TrackPointExtension>
    </extensions>
   </trkpt>
   <trkpt lat="46.7819250" lon="130.3283100">
    <ele>81.0</ele>
    <time>2025-09-07T00:10:59Z</time>
    <extensions>
     <power>410</power>
     <gpxtpx:TrackPointExtension>
      <gpxtpx:atemp>27</gpxtpx:atemp>
      <gpxtpx:hr>177</gpxtpx:hr>
      <gpxtpx:cad>89</gpxtpx:cad>
     </gpxtpx:TrackPointExtension>
    </extensions>
   </trkpt>
   <trkpt lat="46.7819310" lon="130.3283620">
    <ele>81.0</ele>
    <time>2025-09-07T00:11:00Z</time>
    <extensions>
     <power>410</power>
     <gpxtpx:TrackPointExtension>
      <gpxtpx:atemp>27</gpxtpx:atemp>
      <gpxtpx:hr>177</gpxtpx:hr>
      <gpxtpx:cad>90</gpxtpx:cad>
     </gpxtpx:TrackPointExtension>
    </extensions>
   </trkpt>
   <trkpt lat="46.7819310" lon="130.3284200">
    <ele>81.0</ele>
    <time>2025-09-07T00:11:01Z</time>
    <extensions>
     <power>411</power>
     <gpxtpx:TrackPointExtension>
      <gpxtpx:atemp>27</gpxtpx:atemp>
      <gpxtpx:hr>178</gpxtpx:hr>
      <gpxtpx:cad>90</gpxtpx:cad>
     </gpxtpx:TrackPointExtension>
    </extensions>
   </trkpt>
   <trkpt lat="46.7819260" lon="130.3284660">
    <ele>81.0</ele>
    <time>2025-09-07T00:11:02Z</time>
    <extensions>
     <power>411</power>
     <gpxtpx:TrackPointExtension>
      <gpxtpx:atemp>27</gpxtpx:atemp>
      <gpxtpx:hr>177</gpxtpx:hr>
      <gpxtpx:cad>90</gpxtpx:cad>
     </gpxtpx:TrackPointExtension>
    </extensions>
   </trkpt>
   <trkpt lat="46.7819270" lon="130.3285250">
    <ele>81.0</ele>
    <time>2025-09-07T00:11:03Z</time>
    <extensions>
     <power>411</power>
     <gpxtpx:TrackPointExtension>
      <gpxtpx:atemp>27</gpxtpx:atemp>
      <gpxtpx:hr>178</gpxtpx:hr>
      <gpxtpx:cad>90</gpxtpx:cad>
     </gpxtpx:TrackPointExtension>
    </extensions>
   </trkpt>
   <trkpt lat="46.7819330" lon="130.3285750">
    <ele>81.0</ele>
    <time>2025-09-07T00:11:04Z</time>
    <extensions>
     <power>413</power>
     <gpxtpx:TrackPointExtension>
      <gpxtpx:atemp>27</gpxtpx:atemp>
      <gpxtpx:hr>178</gpxtpx:hr>
      <gpxtpx:cad>90</gpxtpx:cad>
     </gpxtpx:TrackPointExtension>
    </extensions>
   </trkpt>
   <trkpt lat="46.7819380" lon="130.3286380">
    <ele>81.0</ele>
    <time>2025-09-07T00:11:05Z</time>
    <extensions>
     <power>411</power>
     <gpxtpx:TrackPointExtension>
      <gpxtpx:atemp>27</gpxtpx:atemp>
      <gpxtpx:hr>178</gpxtpx:hr>
      <gpxtpx:cad>90</gpxtpx:cad>
     </gpxtpx:TrackPointExtension>
    </extensions>
   </trkpt>
   <trkpt lat="46.7819430" lon="130.3286880">
    <ele>81.0</ele>
    <time>2025-09-07T00:11:06Z</time>
    <extensions>
     <power>413</power>
     <gpxtpx:TrackPointExtension>
      <gpxtpx:atemp>27</gpxtpx:atemp>
      <gpxtpx:hr>178</gpxtpx:hr>
      <gpxtpx:cad>90</gpxtpx:cad>
     </gpxtpx:TrackPointExtension>
    </extensions>
   </trkpt>
   <trkpt lat="46.7819480" lon="130.3287480">
    <ele>81.0</ele>
    <time>2025-09-07T00:11:07Z</time>
    <extensions>
     <power>413</power>
     <gpxtpx:TrackPointExtension>
      <gpxtpx:atemp>27</gpxtpx:atemp>
      <gpxtpx:hr>178</gpxtpx:hr>
      <gpxtpx:cad>90</gpxtpx:cad>
     </gpxtpx:TrackPointExtension>
    </extensions>
   </trkpt>
   <trkpt lat="46.7819470" lon="130.3287910">
    <ele>81.0</ele>
    <time>2025-09-07T00:11:08Z</time>
    <extensions>
     <power>414</power>
     <gpxtpx:TrackPointExtension>
      <gpxtpx:atemp>27</gpxtpx:atemp>
      <gpxtpx:hr>179</gpxtpx:hr>
      <gpxtpx:cad>90</gpxtpx:cad>
     </gpxtpx:TrackPointExtension>
    </extensions>
   </trkpt>
   <trkpt lat="46.7819530" lon="130.3288460">
    <ele>81.2</ele>
    <time>2025-09-07T00:11:09Z</time>
    <extensions>
     <power>414</power>
     <gpxtpx:TrackPointExtension>
      <gpxtpx:atemp>27</gpxtpx:atemp>
      <gpxtpx:hr>179</gpxtpx:hr>
      <gpxtpx:cad>90</gpxtpx:cad>
     </gpxtpx:TrackPointExtension>
    </extensions>
   </trkpt>
   <trkpt lat="46.7819560" lon="130.3288850">
    <ele>81.2</ele>
    <time>2025-09-07T00:11:10Z</time>
    <extensions>
     <power>413</power>
     <gpxtpx:TrackPointExtension>
      <gpxtpx:atemp>27</gpxtpx:atemp>
      <gpxtpx:hr>179</gpxtpx:hr>
      <gpxtpx:cad>90</gpxtpx:cad>
     </gpxtpx:TrackPointExtension>
    </extensions>
   </trkpt>
   <trkpt lat="46.7819590" lon="130.3289410">
    <ele>81.2</ele>
    <time>2025-09-07T00:11:11Z</time>
    <extensions>
     <power>412</power>
     <gpxtpx:TrackPointExtension>
      <gpxtpx:atemp>27</gpxtpx:atemp>
      <gpxtpx:hr>179</gpxtpx:hr>
      <gpxtpx:cad>90</gpxtpx:cad>
     </gpxtpx:TrackPointExtension>
    </extensions>
   </trkpt>
   <trkpt lat="46.7819660" lon="130.3289890">
    <ele>81.2</ele>
    <time>2025-09-07T00:11:12Z</time>
    <extensions>
     <power>411</power>
     <gpxtpx:TrackPointExtension>
      <gpxtpx:atemp>27</gpxtpx:atemp>
      <gpxtpx:hr>179</gpxtpx:hr>
      <gpxtpx:cad>89</gpxtpx:cad>
     </gpxtpx:TrackPointExtension>
    </extensions>
   </trkpt>
   <trkpt lat="46.7819720" lon="130.3290470">
    <ele>81.4</ele>
    <time>2025-09-07T00:11:13Z</time>
    <extensions>
     <power>412</power>
     <gpxtpx:TrackPointExtension>
      <gpxtpx:atemp>27</gpxtpx:atemp>
      <gpxtpx:hr>179</gpxtpx:hr>
      <gpxtpx:cad>89</gpxtpx:cad>
     </gpxtpx:TrackPointExtension>
    </extensions>
   </trkpt>
   <trkpt lat="46.7819740" lon="130.3290970">
    <ele>81.2</ele>
    <time>2025-09-07T00:11:14Z</time>
    <extensions>
     <power>413</power>
     <gpxtpx:TrackPointExtension>
      <gpxtpx:atemp>27</gpxtpx:atemp>
      <gpxtpx:hr>179</gpxtpx:hr>
      <gpxtpx:cad>89</gpxtpx:cad>
     </gpxtpx:TrackPointExtension>
    </extensions>
   </trkpt>
   <trkpt lat="46.7819780" lon="130.3291520">
    <ele>81.2</ele>
    <time>2025-09-07T00:11:15Z</time>
    <extensions>
     <power>414</power>
     <gpxtpx:TrackPointExtension>
      <gpxtpx:atemp>27</gpxtpx:atemp>
      <gpxtpx:hr>179</gpxtpx:hr>
      <gpxtpx:cad>89</gpxtpx:cad>
     </gpxtpx:TrackPointExtension>
    </extensions>
   </trkpt>
   <trkpt lat="46.7819770" lon="130.3292000">
    <ele>81.4</ele>
    <time>2025-09-07T00:11:16Z</time>
    <extensions>
     <power>415</power>
     <gpxtpx:TrackPointExtension>
      <gpxtpx:atemp>27</gpxtpx:atemp>
      <gpxtpx:hr>180</gpxtpx:hr>
      <gpxtpx:cad>88</gpxtpx:cad>
     </gpxtpx:TrackPointExtension>
    </extensions>
   </trkpt>
   <trkpt lat="46.7819800" lon="130.3292540">
    <ele>81.4</ele>
    <time>2025-09-07T00:11:17Z</time>
    <extensions>
     <power>416</power>
     <gpxtpx:TrackPointExtension>
      <gpxtpx:atemp>27</gpxtpx:atemp>
      <gpxtpx:hr>179</gpxtpx:hr>
      <gpxtpx:cad>89</gpxtpx:cad>
     </gpxtpx:TrackPointExtension>
    </extensions>
   </trkpt>
   <trkpt lat="46.7819800" lon="130.3293040">
    <ele>81.4</ele>
    <time>2025-09-07T00:11:18Z</time>
    <extensions>
     <power>417</power>
     <gpxtpx:TrackPointExtension>
      <gpxtpx:atemp>27</gpxtpx:atemp>
      <gpxtpx:hr>179</gpxtpx:hr>
      <gpxtpx:cad>89</gpxtpx:cad>
     </gpxtpx:TrackPointExtension>
    </extensions>
   </trkpt>
   <trkpt lat="46.7819820" lon="130.3293570">
    <ele>81.6</ele>
    <time>2025-09-07T00:11:19Z</time>
    <extensions>
     <power>416</power>
     <gpxtpx:TrackPointExtension>
      <gpxtpx:atemp>27</gpxtpx:atemp>
      <gpxtpx:hr>180</gpxtpx:hr>
      <gpxtpx:cad>89</gpxtpx:cad>
     </gpxtpx:TrackPointExtension>
    </extensions>
   </trkpt>
   <trkpt lat="46.7819800" lon="130.3294020">
    <ele>81.6</ele>
    <time>2025-09-07T00:11:20Z</time>
    <extensions>
     <power>417</power>
     <gpxtpx:TrackPointExtension>
      <gpxtpx:atemp>27</gpxtpx:atemp>
      <gpxtpx:hr>180</gpxtpx:hr>
      <gpxtpx:cad>89</gpxtpx:cad>
     </gpxtpx:TrackPointExtension>
    </extensions>
   </trkpt>
   <trkpt lat="46.7819830" lon="130.3294560">
    <ele>81.4</ele>
    <time>2025-09-07T00:11:21Z</time>
    <extensions>
     <power>416</power>
     <gpxtpx:TrackPointExtension>
      <gpxtpx:atemp>27</gpxtpx:atemp>
      <gpxtpx:hr>180</gpxtpx:hr>
      <gpxtpx:cad>89</gpxtpx:cad>
     </gpxtpx:TrackPointExtension>
    </extensions>
   </trkpt>
   <trkpt lat="46.7819830" lon="130.3295060">
    <ele>81.4</ele>
    <time>2025-09-07T00:11:22Z</time>
    <extensions>
     <power>415</power>
     <gpxtpx:TrackPointExtension>
      <gpxtpx:atemp>27</gpxtpx:atemp>
      <gpxtpx:hr>180</gpxtpx:hr>
      <gpxtpx:cad>89</gpxtpx:cad>
     </gpxtpx:TrackPointExtension>
    </extensions>
   </trkpt>
   <trkpt lat="46.7819910" lon="130.3295540">
    <ele>81.4</ele>
    <time>2025-09-07T00:11:23Z</time>
    <extensions>
     <power>416</power>
     <gpxtpx:TrackPointExtension>
      <gpxtpx:atemp>27</gpxtpx:atemp>
      <gpxtpx:hr>180</gpxtpx:hr>
      <gpxtpx:cad>89</gpxtpx:cad>
     </gpxtpx:TrackPointExtension>
    </extensions>
   </trkpt>
   <trkpt lat="46.7819930" lon="130.3296050">
    <ele>81.4</ele>
    <time>2025-09-07T00:11:24Z</time>
    <extensions>
     <power>414</power>
     <gpxtpx:TrackPointExtension>
      <gpxtpx:atemp>27</gpxtpx:atemp>
      <gpxtpx:hr>179</gpxtpx:hr>
      <gpxtpx:cad>89</gpxtpx:cad>
     </gpxtpx:TrackPointExtension>
    </extensions>
   </trkpt>
   <trkpt lat="46.7819970" lon="130.3296560">
    <ele>81.4</ele>
    <time>2025-09-07T00:11:25Z</time>
    <extensions>
     <power>413</power>
     <gpxtpx:TrackPointExtension>
      <gpxtpx:atemp>27</gpxtpx:atemp>
      <gpxtpx:hr>180</gpxtpx:hr>
      <gpxtpx:cad>89</gpxtpx:cad>
     </gpxtpx:TrackPointExtension>
    </extensions>
   </trkpt>
   <trkpt lat="46.7819980" lon="130.3297060">
    <ele>81.4</ele>
    <time>2025-09-07T00:11:26Z</time>
    <extensions>
     <power>412</power>
     <gpxtpx:TrackPointExtension>
      <gpxtpx:atemp>27</gpxtpx:atemp>
      <gpxtpx:hr>180</gpxtpx:hr>
      <gpxtpx:cad>89</gpxtpx:cad>
     </gpxtpx:TrackPointExtension>
    </extensions>
   </trkpt>
   <trkpt lat="46.7820000" lon="130.3297570">
    <ele>81.4</ele>
    <time>2025-09-07T00:11:27Z</time>
    <extensions>
     <power>411</power>
     <gpxtpx:TrackPointExtension>
      <gpxtpx:atemp>27</gpxtpx:atemp>
      <gpxtpx:hr>180</gpxtpx:hr>
      <gpxtpx:cad>89</gpxtpx:cad>
     </gpxtpx:TrackPointExtension>
    </extensions>
   </trkpt>
   <trkpt lat="46.7819980" lon="130.3298010">
    <ele>81.6</ele>
    <time>2025-09-07T00:11:28Z</time>
    <extensions>
     <power>410</power>
     <gpxtpx:TrackPointExtension>
      <gpxtpx:atemp>27</gpxtpx:atemp>
      <gpxtpx:hr>180</gpxtpx:hr>
      <gpxtpx:cad>89</gpxtpx:cad>
     </gpxtpx:TrackPointExtension>
    </extensions>
   </trkpt>
   <trkpt lat="46.7819980" lon="130.3298510">
    <ele>81.6</ele>
    <time>2025-09-07T00:11:29Z</time>
    <extensions>
     <power>410</power>
     <gpxtpx:TrackPointExtension>
      <gpxtpx:atemp>27</gpxtpx:atemp>
      <gpxtpx:hr>180</gpxtpx:hr>
      <gpxtpx:cad>89</gpxtpx:cad>
     </gpxtpx:TrackPointExtension>
    </extensions>
   </trkpt>
   <trkpt lat="46.7819990" lon="130.3298950">
    <ele>81.6</ele>
    <time>2025-09-07T00:11:30Z</time>
    <extensions>
     <power>409</power>
     <gpxtpx:TrackPointExtension>
      <gpxtpx:atemp>27</gpxtpx:atemp>
      <gpxtpx:hr>180</gpxtpx:hr>
      <gpxtpx:cad>89</gpxtpx:cad>
     </gpxtpx:TrackPointExtension>
    </extensions>
   </trkpt>
   <trkpt lat="46.7820000" lon="130.3299420">
    <ele>81.6</ele>
    <time>2025-09-07T00:11:31Z</time>
    <extensions>
     <power>408</power>
     <gpxtpx:TrackPointExtension>
      <gpxtpx:atemp>27</gpxtpx:atemp>
      <gpxtpx:hr>180</gpxtpx:hr>
      <gpxtpx:cad>89</gpxtpx:cad>
     </gpxtpx:TrackPointExtension>
    </extensions>
   </trkpt>
   <trkpt lat="46.7820110" lon="130.3299900">
    <ele>81.6</ele>
    <time>2025-09-07T00:11:32Z</time>
    <extensions>
     <power>407</power>
     <gpxtpx:TrackPointExtension>
      <gpxtpx:atemp>27</gpxtpx:atemp>
      <gpxtpx:hr>180</gpxtpx:hr>
      <gpxtpx:cad>89</gpxtpx:cad>
     </gpxtpx:TrackPointExtension>
    </extensions>
   </trkpt>
   <trkpt lat="46.7820190" lon="130.3300410">
    <ele>81.6</ele>
    <time>2025-09-07T00:11:33Z</time>
    <extensions>
     <power>405</power>
     <gpxtpx:TrackPointExtension>
      <gpxtpx:atemp>27</gpxtpx:atemp>
      <gpxtpx:hr>180</gpxtpx:hr>
      <gpxtpx:cad>89</gpxtpx:cad>
     </gpxtpx:TrackPointExtension>
    </extensions>
   </trkpt>
   <trkpt lat="46.7820220" lon="130.3300910">
    <ele>81.6</ele>
    <time>2025-09-07T00:11:34Z</time>
    <extensions>
     <power>405</power>
     <gpxtpx:TrackPointExtension>
      <gpxtpx:atemp>27</gpxtpx:atemp>
      <gpxtpx:hr>180</gpxtpx:hr>
      <gpxtpx:cad>89</gpxtpx:cad>
     </gpxtpx:TrackPointExtension>
    </extensions>
   </trkpt>
   <trkpt lat="46.7820310" lon="130.3301490">
    <ele>81.8</ele>
    <time>2025-09-07T00:11:35Z</time>
    <extensions>
     <power>405</power>
     <gpxtpx:TrackPointExtension>
      <gpxtpx:atemp>27</gpxtpx:atemp>
      <gpxtpx:hr>180</gpxtpx:hr>
      <gpxtpx:cad>89</gpxtpx:cad>
     </gpxtpx:TrackPointExtension>
    </extensions>
   </trkpt>
   <trkpt lat="46.7820320" lon="130.3301980">
    <ele>81.8</ele>
    <time>2025-09-07T00:11:36Z</time>
    <extensions>
     <power>404</power>
     <gpxtpx:TrackPointExtension>
      <gpxtpx:atemp>27</gpxtpx:atemp>
      <gpxtpx:hr>180</gpxtpx:hr>
      <gpxtpx:cad>89</gpxtpx:cad>
     </gpxtpx:TrackPointExtension>
    </extensions>
   </trkpt>
   <trkpt lat="46.7820370" lon="130.3302530">
    <ele>81.8</ele>
    <time>2025-09-07T00:11:37Z</time>
    <extensions>
     <power>404</power>
     <gpxtpx:TrackPointExtension>
      <gpxtpx:atemp>27</gpxtpx:atemp>
      <gpxtpx:hr>180</gpxtpx:hr>
      <gpxtpx:cad>89</gpxtpx:cad>
     </gpxtpx:TrackPointExtension>
    </extensions>
   </trkpt>
   <trkpt lat="46.7820370" lon="130.3303060">
    <ele>81.8</ele>
    <time>2025-09-07T00:11:38Z</time>
    <extensions>
     <power>404</power>
     <gpxtpx:TrackPointExtension>
      <gpxtpx:atemp>27</gpxtpx:atemp>
      <gpxtpx:hr>180</gpxtpx:hr>
      <gpxtpx:cad>89</gpxtpx:cad>
     </gpxtpx:TrackPointExtension>
    </extensions>
   </trkpt>
   <trkpt lat="46.7820430" lon="130.3303560">
    <ele>81.8</ele>
    <time>2025-09-07T00:11:39Z</time>
    <extensions>
     <power>404</power>
     <gpxtpx:TrackPointExtension>
      <gpxtpx:atemp>27</gpxtpx:atemp>
      <gpxtpx:hr>180</gpxtpx:hr>
      <gpxtpx:cad>89</gpxtpx:cad>
     </gpxtpx:TrackPointExtension>
    </extensions>
   </trkpt>
   <trkpt lat="46.7820410" lon="130.3304060">
    <ele>81.8</ele>
    <time>2025-09-07T00:11:40Z</time>
    <extensions>
     <power>404</power>
     <gpxtpx:TrackPointExtension>
      <gpxtpx:atemp>27</gpxtpx:atemp>
      <gpxtpx:hr>180</gpxtpx:hr>
      <gpxtpx:cad>89</gpxtpx:cad>
     </gpxtpx:TrackPointExtension>
    </extensions>
   </trkpt>
   <trkpt lat="46.7820450" lon="130.3304600">
    <ele>81.8</ele>
    <time>2025-09-07T00:11:41Z</time>
    <extensions>
     <power>405</power>
     <gpxtpx:TrackPointExtension>
      <gpxtpx:atemp>27</gpxtpx:atemp>
      <gpxtpx:hr>180</gpxtpx:hr>
      <gpxtpx:cad>89</gpxtpx:cad>
     </gpxtpx:TrackPointExtension>
    </extensions>
   </trkpt>
   <trkpt lat="46.7820450" lon="130.3305040">
    <ele>81.8</ele>
    <time>2025-09-07T00:11:42Z</time>
    <extensions>
     <power>405</power>
     <gpxtpx:TrackPointExtension>
      <gpxtpx:atemp>27</gpxtpx:atemp>
      <gpxtpx:hr>180</gpxtpx:hr>
      <gpxtpx:cad>89</gpxtpx:cad>
     </gpxtpx:TrackPointExtension>
    </extensions>
   </trkpt>
   <trkpt lat="46.7820490" lon="130.3305540">
    <ele>82.0</ele>
    <time>2025-09-07T00:11:43Z</time>
    <extensions>
     <power>405</power>
     <gpxtpx:TrackPointExtension>
      <gpxtpx:atemp>27</gpxtpx:atemp>
      <gpxtpx:hr>180</gpxtpx:hr>
      <gpxtpx:cad>90</gpxtpx:cad>
     </gpxtpx:TrackPointExtension>
    </extensions>
   </trkpt>
   <trkpt lat="46.7820500" lon="130.3305980">
    <ele>82.0</ele>
    <time>2025-09-07T00:11:44Z</time>
    <extensions>
     <power>402</power>
     <gpxtpx:TrackPointExtension>
      <gpxtpx:atemp>27</gpxtpx:atemp>
      <gpxtpx:hr>180</gpxtpx:hr>
      <gpxtpx:cad>90</gpxtpx:cad>
     </gpxtpx:TrackPointExtension>
    </extensions>
   </trkpt>
   <trkpt lat="46.7820570" lon="130.3306530">
    <ele>82.0</ele>
    <time>2025-09-07T00:11:45Z</time>
    <extensions>
     <power>402</power>
     <gpxtpx:TrackPointExtension>
      <gpxtpx:atemp>27</gpxtpx:atemp>
      <gpxtpx:hr>180</gpxtpx:hr>
      <gpxtpx:cad>90</gpxtpx:cad>
     </gpxtpx:TrackPointExtension>
    </extensions>
   </trkpt>
   <trkpt lat="46.7820600" lon="130.3307020">
    <ele>82.0</ele>
    <time>2025-09-07T00:11:46Z</time>
    <extensions>
     <power>399</power>
     <gpxtpx:TrackPointExtension>
      <gpxtpx:atemp>27</gpxtpx:atemp>
      <gpxtpx:hr>180</gpxtpx:hr>
      <gpxtpx:cad>90</gpxtpx:cad>
     </gpxtpx:TrackPointExtension>
    </extensions>
   </trkpt>
   <trkpt lat="46.7820670" lon="130.3307570">
    <ele>82.0</ele>
    <time>2025-09-07T00:11:47Z</time>
    <extensions>
     <power>399</power>
     <gpxtpx:TrackPointExtension>
      <gpxtpx:atemp>27</gpxtpx:atemp>
      <gpxtpx:hr>180</gpxtpx:hr>
      <gpxtpx:cad>89</gpxtpx:cad>
     </gpxtpx:TrackPointExtension>
    </extensions>
   </trkpt>
   <trkpt lat="46.7820690" lon="130.3308040">
    <ele>82.0</ele>
    <time>2025-09-07T00:11:48Z</time>
    <extensions>
     <power>400</power>
     <gpxtpx:TrackPointExtension>
      <gpxtpx:atemp>27</gpxtpx:atemp>
      <gpxtpx:hr>180</gpxtpx:hr>
      <gpxtpx:cad>89</gpxtpx:cad>
     </gpxtpx:TrackPointExtension>
    </extensions>
   </trkpt>
   <trkpt lat="46.7820730" lon="130.3308600">
    <ele>82.0</ele>
    <time>2025-09-07T00:11:49Z</time>
    <extensions>
     <power>398</power>
     <gpxtpx:TrackPointExtension>
      <gpxtpx:atemp>27</gpxtpx:atemp>
      <gpxtpx:hr>180</gpxtpx:hr>
      <gpxtpx:cad>89</gpxtpx:cad>
     </gpxtpx:TrackPointExtension>
    </extensions>
   </trkpt>
   <trkpt lat="46.7820740" lon="130.3309090">
    <ele>82.0</ele>
    <time>2025-09-07T00:11:50Z</time>
    <extensions>
     <power>398</power>
     <gpxtpx:TrackPointExtension>
      <gpxtpx:atemp>27</gpxtpx:atemp>
      <gpxtpx:hr>180</gpxtpx:hr>
      <gpxtpx:cad>89</gpxtpx:cad>
     </gpxtpx:TrackPointExtension>
    </extensions>
   </trkpt>
   <trkpt lat="46.7820710" lon="130.3309680">
    <ele>82.0</ele>
    <time>2025-09-07T00:11:51Z</time>
    <extensions>
     <power>397</power>
     <gpxtpx:TrackPointExtension>
      <gpxtpx:atemp>27</gpxtpx:atemp>
      <gpxtpx:hr>181</gpxtpx:hr>
      <gpxtpx:cad>89</gpxtpx:cad>
     </gpxtpx:TrackPointExtension>
    </extensions>
   </trkpt>
   <trkpt lat="46.7820750" lon="130.3310180">
    <ele>82.0</ele>
    <time>2025-09-07T00:11:52Z</time>
    <extensions>
     <power>397</power>
     <gpxtpx:TrackPointExtension>
      <gpxtpx:atemp>27</gpxtpx:atemp>
      <gpxtpx:hr>180</gpxtpx:hr>
      <gpxtpx:cad>89</gpxtpx:cad>
     </gpxtpx:TrackPointExtension>
    </extensions>
   </trkpt>
   <trkpt lat="46.7820790" lon="130.3310720">
    <ele>82.0</ele>
    <time>2025-09-07T00:11:53Z</time>
    <extensions>
     <power>398</power>
     <gpxtpx:TrackPointExtension>
      <gpxtpx:atemp>27</gpxtpx:atemp>
      <gpxtpx:hr>180</gpxtpx:hr>
      <gpxtpx:cad>89</gpxtpx:cad>
     </gpxtpx:TrackPointExtension>
    </extensions>
   </trkpt>
   <trkpt lat="46.7820880" lon="130.3311220">
    <ele>82.2</ele>
    <time>2025-09-07T00:11:54Z</time>
    <extensions>
     <power>399</power>
     <gpxtpx:TrackPointExtension>
      <gpxtpx:atemp>27</gpxtpx:atemp>
      <gpxtpx:hr>180</gpxtpx:hr>
      <gpxtpx:cad>89</gpxtpx:cad>
     </gpxtpx:TrackPointExtension>
    </extensions>
   </trkpt>
   <trkpt lat="46.7820920" lon="130.3311810">
    <ele>82.2</ele>
    <time>2025-09-07T00:11:55Z</time>
    <extensions>
     <power>399</power>
     <gpxtpx:TrackPointExtension>
      <gpxtpx:atemp>27</gpxtpx:atemp>
      <gpxtpx:hr>181</gpxtpx:hr>
      <gpxtpx:cad>90</gpxtpx:cad>
     </gpxtpx:TrackPointExtension>
    </extensions>
   </trkpt>
   <trkpt lat="46.7820900" lon="130.3312290">
    <ele>82.2</ele>
    <time>2025-09-07T00:11:56Z</time>
    <extensions>
     <power>397</power>
     <gpxtpx:TrackPointExtension>
      <gpxtpx:atemp>27</gpxtpx:atemp>
      <gpxtpx:hr>181</gpxtpx:hr>
      <gpxtpx:cad>90</gpxtpx:cad>
     </gpxtpx:TrackPointExtension>
    </extensions>
   </trkpt>
   <trkpt lat="46.7820920" lon="130.3312870">
    <ele>82.2</ele>
    <time>2025-09-07T00:11:57Z</time>
    <extensions>
     <power>397</power>
     <gpxtpx:TrackPointExtension>
      <gpxtpx:atemp>27</gpxtpx:atemp>
      <gpxtpx:hr>181</gpxtpx:hr>
      <gpxtpx:cad>90</gpxtpx:cad>
     </gpxtpx:TrackPointExtension>
    </extensions>
   </trkpt>
   <trkpt lat="46.7820960" lon="130.3313360">
    <ele>82.2</ele>
    <time>2025-09-07T00:11:58Z</time>
    <extensions>
     <power>397</power>
     <gpxtpx:TrackPointExtension>
      <gpxtpx:atemp>27</gpxtpx:atemp>
      <gpxtpx:hr>181</gpxtpx:hr>
      <gpxtpx:cad>90</gpxtpx:cad>
     </gpxtpx:TrackPointExtension>
    </extensions>
   </trkpt>
   <trkpt lat="46.7820990" lon="130.3313900">
    <ele>82.4</ele>
    <time>2025-09-07T00:11:59Z</time>
    <extensions>
     <power>399</power>
     <gpxtpx:TrackPointExtension>
      <gpxtpx:atemp>27</gpxtpx:atemp>
      <gpxtpx:hr>180</gpxtpx:hr>
      <gpxtpx:cad>90</gpxtpx:cad>
     </gpxtpx:TrackPointExtension>
    </extensions>
   </trkpt>
   <trkpt lat="46.7821030" lon="130.3314420">
    <ele>82.2</ele>
    <time>2025-09-07T00:12:00Z</time>
    <extensions>
     <power>399</power>
     <gpxtpx:TrackPointExtension>
      <gpxtpx:atemp>27</gpxtpx:atemp>
      <gpxtpx:hr>181</gpxtpx:hr>
      <gpxtpx:cad>90</gpxtpx:cad>
     </gpxtpx:TrackPointExtension>
    </extensions>
   </trkpt>
   <trkpt lat="46.7821050" lon="130.3315000">
    <ele>82.2</ele>
    <time>2025-09-07T00:12:01Z</time>
    <extensions>
     <power>398</power>
     <gpxtpx:TrackPointExtension>
      <gpxtpx:atemp>27</gpxtpx:atemp>
      <gpxtpx:hr>181</gpxtpx:hr>
      <gpxtpx:cad>90</gpxtpx:cad>
     </gpxtpx:TrackPointExtension>
    </extensions>
   </trkpt>
   <trkpt lat="46.7821140" lon="130.3315540">
    <ele>82.2</ele>
    <time>2025-09-07T00:12:02Z</time>
    <extensions>
     <power>398</power>
     <gpxtpx:TrackPointExtension>
      <gpxtpx:atemp>27</gpxtpx:atemp>
      <gpxtpx:hr>181</gpxtpx:hr>
      <gpxtpx:cad>89</gpxtpx:cad>
     </gpxtpx:TrackPointExtension>
    </extensions>
   </trkpt>
   <trkpt lat="46.7821180" lon="130.3316100">
    <ele>82.2</ele>
    <time>2025-09-07T00:12:03Z</time>
    <extensions>
     <power>399</power>
     <gpxtpx:TrackPointExtension>
      <gpxtpx:atemp>27</gpxtpx:atemp>
      <gpxtpx:hr>181</gpxtpx:hr>
      <gpxtpx:cad>88</gpxtpx:cad>
     </gpxtpx:TrackPointExtension>
    </extensions>
   </trkpt>
   <trkpt lat="46.7821320" lon="130.3316630">
    <ele>82.2</ele>
    <time>2025-09-07T00:12:04Z</time>
    <extensions>
     <power>400</power>
     <gpxtpx:TrackPointExtension>
      <gpxtpx:atemp>27</gpxtpx:atemp>
      <gpxtpx:hr>181</gpxtpx:hr>
      <gpxtpx:cad>88</gpxtpx:cad>
     </gpxtpx:TrackPointExtension>
    </extensions>
   </trkpt>
   <trkpt lat="46.7821400" lon="130.3317210">
    <ele>82.2</ele>
    <time>2025-09-07T00:12:05Z</time>
    <extensions>
     <power>401</power>
     <gpxtpx:TrackPointExtension>
      <gpxtpx:atemp>27</gpxtpx:atemp>
      <gpxtpx:hr>180</gpxtpx:hr>
      <gpxtpx:cad>89</gpxtpx:cad>
     </gpxtpx:TrackPointExtension>
    </extensions>
   </trkpt>
   <trkpt lat="46.7821490" lon="130.3317730">
    <ele>82.2</ele>
    <time>2025-09-07T00:12:06Z</time>
    <extensions>
     <power>398</power>
     <gpxtpx:TrackPointExtension>
      <gpxtpx:atemp>27</gpxtpx:atemp>
      <gpxtpx:hr>181</gpxtpx:hr>
      <gpxtpx:cad>89</gpxtpx:cad>
     </gpxtpx:TrackPointExtension>
    </extensions>
   </trkpt>
   <trkpt lat="46.7821570" lon="130.3318240">
    <ele>82.2</ele>
    <time>2025-09-07T00:12:07Z</time>
    <extensions>
     <power>397</power>
     <gpxtpx:TrackPointExtension>
      <gpxtpx:atemp>27</gpxtpx:atemp>
      <gpxtpx:hr>181</gpxtpx:hr>
      <gpxtpx:cad>89</gpxtpx:cad>
     </gpxtpx:TrackPointExtension>
    </extensions>
   </trkpt>
   <trkpt lat="46.7821680" lon="130.3318810">
    <ele>82.2</ele>
    <time>2025-09-07T00:12:08Z</time>
    <extensions>
     <power>398</power>
     <gpxtpx:TrackPointExtension>
      <gpxtpx:atemp>27</gpxtpx:atemp>
      <gpxtpx:hr>181</gpxtpx:hr>
      <gpxtpx:cad>89</gpxtpx:cad>
     </gpxtpx:TrackPointExtension>
    </extensions>
   </trkpt>
   <trkpt lat="46.7821790" lon="130.3319330">
    <ele>82.2</ele>
    <time>2025-09-07T00:12:09Z</time>
    <extensions>
     <power>396</power>
     <gpxtpx:TrackPointExtension>
      <gpxtpx:atemp>27</gpxtpx:atemp>
      <gpxtpx:hr>181</gpxtpx:hr>
      <gpxtpx:cad>89</gpxtpx:cad>
     </gpxtpx:TrackPointExtension>
    </extensions>
   </trkpt>
   <trkpt lat="46.7821870" lon="130.3319880">
    <ele>82.2</ele>
    <time>2025-09-07T00:12:10Z</time>
    <extensions>
     <power>397</power>
     <gpxtpx:TrackPointExtension>
      <gpxtpx:atemp>27</gpxtpx:atemp>
      <gpxtpx:hr>181</gpxtpx:hr>
      <gpxtpx:cad>89</gpxtpx:cad>
     </gpxtpx:TrackPointExtension>
    </extensions>
   </trkpt>
   <trkpt lat="46.7821890" lon="130.3320420">
    <ele>82.2</ele>
    <time>2025-09-07T00:12:11Z</time>
    <extensions>
     <power>395</power>
     <gpxtpx:TrackPointExtension>
      <gpxtpx:atemp>27</gpxtpx:atemp>
      <gpxtpx:hr>181</gpxtpx:hr>
      <gpxtpx:cad>89</gpxtpx:cad>
     </gpxtpx:TrackPointExtension>
    </extensions>
   </trkpt>
   <trkpt lat="46.7821900" lon="130.3320920">
    <ele>82.2</ele>
    <time>2025-09-07T00:12:12Z</time>
    <extensions>
     <power>395</power>
     <gpxtpx:TrackPointExtension>
      <gpxtpx:atemp>27</gpxtpx:atemp>
      <gpxtpx:hr>180</gpxtpx:hr>
      <gpxtpx:cad>89</gpxtpx:cad>
     </gpxtpx:TrackPointExtension>
    </extensions>
   </trkpt>
   <trkpt lat="46.7821930" lon="130.3321400">
    <ele>82.0</ele>
    <time>2025-09-07T00:12:13Z</time>
    <extensions>
     <power>396</power>
     <gpxtpx:TrackPointExtension>
      <gpxtpx:atemp>27</gpxtpx:atemp>
      <gpxtpx:hr>181</gpxtpx:hr>
      <gpxtpx:cad>90</gpxtpx:cad>
     </gpxtpx:TrackPointExtension>
    </extensions>
   </trkpt>
   <trkpt lat="46.7822020" lon="130.3321840">
    <ele>82.0</ele>
    <time>2025-09-07T00:12:14Z</time>
    <extensions>
     <power>395</power>
     <gpxtpx:TrackPointExtension>
      <gpxtpx:atemp>27</gpxtpx:atemp>
      <gpxtpx:hr>181</gpxtpx:hr>
      <gpxtpx:cad>90</gpxtpx:cad>
     </gpxtpx:TrackPointExtension>
    </extensions>
   </trkpt>
   <trkpt lat="46.7822110" lon="130.3322300">
    <ele>82.0</ele>
    <time>2025-09-07T00:12:15Z</time>
    <extensions>
     <power>395</power>
     <gpxtpx:TrackPointExtension>
      <gpxtpx:atemp>27</gpxtpx:atemp>
      <gpxtpx:hr>181</gpxtpx:hr>
      <gpxtpx:cad>90</gpxtpx:cad>
     </gpxtpx:TrackPointExtension>
    </extensions>
   </trkpt>
   <trkpt lat="46.7822190" lon="130.3322760">
    <ele>82.0</ele>
    <time>2025-09-07T00:12:16Z</time>
    <extensions>
     <power>392</power>
     <gpxtpx:TrackPointExtension>
      <gpxtpx:atemp>27</gpxtpx:atemp>
      <gpxtpx:hr>180</gpxtpx:hr>
      <gpxtpx:cad>90</gpxtpx:cad>
     </gpxtpx:TrackPointExtension>
    </extensions>
   </trkpt>
   <trkpt lat="46.7822290" lon="130.3323270">
    <ele>81.8</ele>
    <time>2025-09-07T00:12:17Z</time>
    <extensions>
     <power>390</power>
     <gpxtpx:TrackPointExtension>
      <gpxtpx:atemp>27</gpxtpx:atemp>
      <gpxtpx:hr>180</gpxtpx:hr>
      <gpxtpx:cad>90</gpxtpx:cad>
     </gpxtpx:TrackPointExtension>
    </extensions>
   </trkpt>
   <trkpt lat="46.7822370" lon="130.3323720">
    <ele>81.8</ele>
    <time>2025-09-07T00:12:18Z</time>
    <extensions>
     <power>388</power>
     <gpxtpx:TrackPointExtension>
      <gpxtpx:atemp>27</gpxtpx:atemp>
      <gpxtpx:hr>180</gpxtpx:hr>
      <gpxtpx:cad>90</gpxtpx:cad>
     </gpxtpx:TrackPointExtension>
    </extensions>
   </trkpt>
   <trkpt lat="46.7822530" lon="130.3324290">
    <ele>81.8</ele>
    <time>2025-09-07T00:12:19Z</time>
    <extensions>
     <power>387</power>
     <gpxtpx:TrackPointExtension>
      <gpxtpx:atemp>27</gpxtpx:atemp>
      <gpxtpx:hr>180</gpxtpx:hr>
      <gpxtpx:cad>92</gpxtpx:cad>
     </gpxtpx:TrackPointExtension>
    </extensions>
   </trkpt>
   <trkpt lat="46.7822590" lon="130.3324720">
    <ele>81.8</ele>
    <time>2025-09-07T00:12:20Z</time>
    <extensions>
     <power>385</power>
     <gpxtpx:TrackPointExtension>
      <gpxtpx:atemp>27</gpxtpx:atemp>
      <gpxtpx:hr>180</gpxtpx:hr>
      <gpxtpx:cad>92</gpxtpx:cad>
     </gpxtpx:TrackPointExtension>
    </extensions>
   </trkpt>
   <trkpt lat="46.7822740" lon="130.3325300">
    <ele>81.8</ele>
    <time>2025-09-07T00:12:21Z</time>
    <extensions>
     <power>384</power>
     <gpxtpx:TrackPointExtension>
      <gpxtpx:atemp>27</gpxtpx:atemp>
      <gpxtpx:hr>180</gpxtpx:hr>
      <gpxtpx:cad>92</gpxtpx:cad>
     </gpxtpx:TrackPointExtension>
    </extensions>
   </trkpt>
   <trkpt lat="46.7822800" lon="130.3325730">
    <ele>81.8</ele>
    <time>2025-09-07T00:12:22Z</time>
    <extensions>
     <power>383</power>
     <gpxtpx:TrackPointExtension>
      <gpxtpx:atemp>27</gpxtpx:atemp>
      <gpxtpx:hr>179</gpxtpx:hr>
      <gpxtpx:cad>92</gpxtpx:cad>
     </gpxtpx:TrackPointExtension>
    </extensions>
   </trkpt>
   <trkpt lat="46.7822940" lon="130.3326320">
    <ele>81.8</ele>
    <time>2025-09-07T00:12:23Z</time>
    <extensions>
     <power>382</power>
     <gpxtpx:TrackPointExtension>
      <gpxtpx:atemp>27</gpxtpx:atemp>
      <gpxtpx:hr>180</gpxtpx:hr>
      <gpxtpx:cad>91</gpxtpx:cad>
     </gpxtpx:TrackPointExtension>
    </extensions>
   </trkpt>
   <trkpt lat="46.7823000" lon="130.3326820">
    <ele>81.8</ele>
    <time>2025-09-07T00:12:24Z</time>
    <extensions>
     <power>383</power>
     <gpxtpx:TrackPointExtension>
      <gpxtpx:atemp>27</gpxtpx:atemp>
      <gpxtpx:hr>180</gpxtpx:hr>
      <gpxtpx:cad>90</gpxtpx:cad>
     </gpxtpx:TrackPointExtension>
    </extensions>
   </trkpt>
   <trkpt lat="46.7823160" lon="130.3327420">
    <ele>81.6</ele>
    <time>2025-09-07T00:12:25Z</time>
    <extensions>
     <power>384</power>
     <gpxtpx:TrackPointExtension>
      <gpxtpx:atemp>27</gpxtpx:atemp>
      <gpxtpx:hr>179</gpxtpx:hr>
      <gpxtpx:cad>89</gpxtpx:cad>
     </gpxtpx:TrackPointExtension>
    </extensions>
   </trkpt>
   <trkpt lat="46.7823220" lon="130.3327890">
    <ele>81.6</ele>
    <time>2025-09-07T00:12:26Z</time>
    <extensions>
     <power>385</power>
     <gpxtpx:TrackPointExtension>
      <gpxtpx:atemp>27</gpxtpx:atemp>
      <gpxtpx:hr>180</gpxtpx:hr>
      <gpxtpx:cad>89</gpxtpx:cad>
     </gpxtpx:TrackPointExtension>
    </extensions>
   </trkpt>
   <trkpt lat="46.7823310" lon="130.3328450">
    <ele>81.6</ele>
    <time>2025-09-07T00:12:27Z</time>
    <extensions>
     <power>390</power>
     <gpxtpx:TrackPointExtension>
      <gpxtpx:atemp>27</gpxtpx:atemp>
      <gpxtpx:hr>180</gpxtpx:hr>
      <gpxtpx:cad>89</gpxtpx:cad>
     </gpxtpx:TrackPointExtension>
    </extensions>
   </trkpt>
   <trkpt lat="46.7823360" lon="130.3328870">
    <ele>81.6</ele>
    <time>2025-09-07T00:12:28Z</time>
    <extensions>
     <power>390</power>
     <gpxtpx:TrackPointExtension>
      <gpxtpx:atemp>27</gpxtpx:atemp>
      <gpxtpx:hr>180</gpxtpx:hr>
      <gpxtpx:cad>89</gpxtpx:cad>
     </gpxtpx:TrackPointExtension>
    </extensions>
   </trkpt>
   <trkpt lat="46.7823510" lon="130.3329410">
    <ele>81.6</ele>
    <time>2025-09-07T00:12:29Z</time>
    <extensions>
     <power>390</power>
     <gpxtpx:TrackPointExtension>
      <gpxtpx:atemp>27</gpxtpx:atemp>
      <gpxtpx:hr>181</gpxtpx:hr>
      <gpxtpx:cad>90</gpxtpx:cad>
     </gpxtpx:TrackPointExtension>
    </extensions>
   </trkpt>
   <trkpt lat="46.7823580" lon="130.3329840">
    <ele>81.6</ele>
    <time>2025-09-07T00:12:30Z</time>
    <extensions>
     <power>386</power>
     <gpxtpx:TrackPointExtension>
      <gpxtpx:atemp>27</gpxtpx:atemp>
      <gpxtpx:hr>181</gpxtpx:hr>
      <gpxtpx:cad>90</gpxtpx:cad>
     </gpxtpx:TrackPointExtension>
    </extensions>
   </trkpt>
   <trkpt lat="46.7823720" lon="130.3330410">
    <ele>81.6</ele>
    <time>2025-09-07T00:12:31Z</time>
    <extensions>
     <power>384</power>
     <gpxtpx:TrackPointExtension>
      <gpxtpx:atemp>28</gpxtpx:atemp>
      <gpxtpx:hr>181</gpxtpx:hr>
      <gpxtpx:cad>90</gpxtpx:cad>
     </gpxtpx:TrackPointExtension>
    </extensions>
   </trkpt>
   <trkpt lat="46.7823810" lon="130.3330860">
    <ele>81.4</ele>
    <time>2025-09-07T00:12:32Z</time>
    <extensions>
     <power>383</power>
     <gpxtpx:TrackPointExtension>
      <gpxtpx:atemp>27</gpxtpx:atemp>
      <gpxtpx:hr>181</gpxtpx:hr>
      <gpxtpx:cad>89</gpxtpx:cad>
     </gpxtpx:TrackPointExtension>
    </extensions>
   </trkpt>
   <trkpt lat="46.7824000" lon="130.3331420">
    <ele>81.4</ele>
    <time>2025-09-07T00:12:33Z</time>
    <extensions>
     <power>384</power>
     <gpxtpx:TrackPointExtension>
      <gpxtpx:atemp>27</gpxtpx:atemp>
      <gpxtpx:hr>181</gpxtpx:hr>
      <gpxtpx:cad>89</gpxtpx:cad>
     </gpxtpx:TrackPointExtension>
    </extensions>
   </trkpt>
   <trkpt lat="46.7824070" lon="130.3331850">
    <ele>81.4</ele>
    <time>2025-09-07T00:12:34Z</time>
    <extensions>
     <power>384</power>
     <gpxtpx:TrackPointExtension>
      <gpxtpx:atemp>27</gpxtpx:atemp>
      <gpxtpx:hr>181</gpxtpx:hr>
      <gpxtpx:cad>89</gpxtpx:cad>
     </gpxtpx:TrackPointExtension>
    </extensions>
   </trkpt>
   <trkpt lat="46.7824200" lon="130.3332370">
    <ele>81.6</ele>
    <time>2025-09-07T00:12:35Z</time>
    <extensions>
     <power>384</power>
     <gpxtpx:TrackPointExtension>
      <gpxtpx:atemp>27</gpxtpx:atemp>
      <gpxtpx:hr>181</gpxtpx:hr>
      <gpxtpx:cad>89</gpxtpx:cad>
     </gpxtpx:TrackPointExtension>
    </extensions>
   </trkpt>
   <trkpt lat="46.7824260" lon="130.3332800">
    <ele>81.6</ele>
    <time>2025-09-07T00:12:36Z</time>
    <extensions>
     <power>384</power>
     <gpxtpx:TrackPointExtension>
      <gpxtpx:atemp>27</gpxtpx:atemp>
      <gpxtpx:hr>181</gpxtpx:hr>
      <gpxtpx:cad>89</gpxtpx:cad>
     </gpxtpx:TrackPointExtension>
    </extensions>
   </trkpt>
   <trkpt lat="46.7824400" lon="130.3333330">
    <ele>81.6</ele>
    <time>2025-09-07T00:12:37Z</time>
    <extensions>
     <power>384</power>
     <gpxtpx:TrackPointExtension>
      <gpxtpx:atemp>27</gpxtpx:atemp>
      <gpxtpx:hr>182</gpxtpx:hr>
      <gpxtpx:cad>89</gpxtpx:cad>
     </gpxtpx:TrackPointExtension>
    </extensions>
   </trkpt>
   <trkpt lat="46.7824480" lon="130.3333740">
    <ele>81.6</ele>
    <time>2025-09-07T00:12:38Z</time>
    <extensions>
     <power>383</power>
     <gpxtpx:TrackPointExtension>
      <gpxtpx:atemp>27</gpxtpx:atemp>
      <gpxtpx:hr>181</gpxtpx:hr>
      <gpxtpx:cad>89</gpxtpx:cad>
     </gpxtpx:TrackPointExtension>
    </extensions>
   </trkpt>
   <trkpt lat="46.7824660" lon="130.3334300">
    <ele>81.6</ele>
    <time>2025-09-07T00:12:39Z</time>
    <extensions>
     <power>383</power>
     <gpxtpx:TrackPointExtension>
      <gpxtpx:atemp>27</gpxtpx:atemp>
      <gpxtpx:hr>182</gpxtpx:hr>
      <gpxtpx:cad>89</gpxtpx:cad>
     </gpxtpx:TrackPointExtension>
    </extensions>
   </trkpt>
   <trkpt lat="46.7824740" lon="130.3334760">
    <ele>81.4</ele>
    <time>2025-09-07T00:12:40Z</time>
    <extensions>
     <power>383</power>
     <gpxtpx:TrackPointExtension>
      <gpxtpx:atemp>27</gpxtpx:atemp>
      <gpxtpx:hr>182</gpxtpx:hr>
      <gpxtpx:cad>89</gpxtpx:cad>
     </gpxtpx:TrackPointExtension>
    </extensions>
   </trkpt>
   <trkpt lat="46.7824900" lon="130.3335300">
    <ele>81.4</ele>
    <time>2025-09-07T00:12:41Z</time>
    <extensions>
     <power>382</power>
     <gpxtpx:TrackPointExtension>
      <gpxtpx:atemp>28</gpxtpx:atemp>
      <gpxtpx:hr>182</gpxtpx:hr>
      <gpxtpx:cad>90</gpxtpx:cad>
     </gpxtpx:TrackPointExtension>
    </extensions>
   </trkpt>
   <trkpt lat="46.7824970" lon="130.3335770">
    <ele>81.4</ele>
    <time>2025-09-07T00:12:42Z</time>
    <extensions>
     <power>382</power>
     <gpxtpx:TrackPointExtension>
      <gpxtpx:atemp>27</gpxtpx:atemp>
      <gpxtpx:hr>182</gpxtpx:hr>
      <gpxtpx:cad>90</gpxtpx:cad>
     </gpxtpx:TrackPointExtension>
    </extensions>
   </trkpt>
   <trkpt lat="46.7825140" lon="130.3336350">
    <ele>81.4</ele>
    <time>2025-09-07T00:12:43Z</time>
    <extensions>
     <power>381</power>
     <gpxtpx:TrackPointExtension>
      <gpxtpx:atemp>28</gpxtpx:atemp>
      <gpxtpx:hr>181</gpxtpx:hr>
      <gpxtpx:cad>90</gpxtpx:cad>
     </gpxtpx:TrackPointExtension>
    </extensions>
   </trkpt>
   <trkpt lat="46.7825210" lon="130.3336780">
    <ele>81.2</ele>
    <time>2025-09-07T00:12:44Z</time>
    <extensions>
     <power>382</power>
     <gpxtpx:TrackPointExtension>
      <gpxtpx:atemp>28</gpxtpx:atemp>
      <gpxtpx:hr>182</gpxtpx:hr>
      <gpxtpx:cad>90</gpxtpx:cad>
     </gpxtpx:TrackPointExtension>
    </extensions>
   </trkpt>
   <trkpt lat="46.7825390" lon="130.3337360">
    <ele>81.2</ele>
    <time>2025-09-07T00:12:45Z</time>
    <extensions>
     <power>383</power>
     <gpxtpx:TrackPointExtension>
      <gpxtpx:atemp>28</gpxtpx:atemp>
      <gpxtpx:hr>182</gpxtpx:hr>
      <gpxtpx:cad>90</gpxtpx:cad>
     </gpxtpx:TrackPointExtension>
    </extensions>
   </trkpt>
   <trkpt lat="46.7825490" lon="130.3337780">
    <ele>81.2</ele>
    <time>2025-09-07T00:12:46Z</time>
    <extensions>
     <power>383</power>
     <gpxtpx:TrackPointExtension>
      <gpxtpx:atemp>28</gpxtpx:atemp>
      <gpxtpx:hr>182</gpxtpx:hr>
      <gpxtpx:cad>90</gpxtpx:cad>
     </gpxtpx:TrackPointExtension>
    </extensions>
   </trkpt>
   <trkpt lat="46.7825680" lon="130.3338340">
    <ele>81.2</ele>
    <time>2025-09-07T00:12:47Z</time>
    <extensions>
     <power>384</power>
     <gpxtpx:TrackPointExtension>
      <gpxtpx:atemp>28</gpxtpx:atemp>
      <gpxtpx:hr>182</gpxtpx:hr>
      <gpxtpx:cad>90</gpxtpx:cad>
     </gpxtpx:TrackPointExtension>
    </extensions>
   </trkpt>
   <trkpt lat="46.7825820" lon="130.3338770">
    <ele>81.2</ele>
    <time>2025-09-07T00:12:48Z</time>
    <extensions>
     <power>385</power>
     <gpxtpx:TrackPointExtension>
      <gpxtpx:atemp>28</gpxtpx:atemp>
      <gpxtpx:hr>181</gpxtpx:hr>
      <gpxtpx:cad>90</gpxtpx:cad>
     </gpxtpx:TrackPointExtension>
    </extensions>
   </trkpt>
   <trkpt lat="46.7826020" lon="130.3339360">
    <ele>81.2</ele>
    <time>2025-09-07T00:12:49Z</time>
    <extensions>
     <power>386</power>
     <gpxtpx:TrackPointExtension>
      <gpxtpx:atemp>28</gpxtpx:atemp>
      <gpxtpx:hr>182</gpxtpx:hr>
      <gpxtpx:cad>90</gpxtpx:cad>
     </gpxtpx:TrackPointExtension>
    </extensions>
   </trkpt>
   <trkpt lat="46.7826120" lon="130.3339840">
    <ele>81.4</ele>
    <time>2025-09-07T00:12:50Z</time>
    <extensions>
     <power>386</power>
     <gpxtpx:TrackPointExtension>
      <gpxtpx:atemp>28</gpxtpx:atemp>
      <gpxtpx:hr>182</gpxtpx:hr>
      <gpxtpx:cad>90</gpxtpx:cad>
     </gpxtpx:TrackPointExtension>
    </extensions>
   </trkpt>
   <trkpt lat="46.7826270" lon="130.3340440">
    <ele>81.4</ele>
    <time>2025-09-07T00:12:51Z</time>
    <extensions>
     <power>389</power>
     <gpxtpx:TrackPointExtension>
      <gpxtpx:atemp>28</gpxtpx:atemp>
      <gpxtpx:hr>182</gpxtpx:hr>
      <gpxtpx:cad>90</gpxtpx:cad>
     </gpxtpx:TrackPointExtension>
    </extensions>
   </trkpt>
   <trkpt lat="46.7826370" lon="130.3340920">
    <ele>81.4</ele>
    <time>2025-09-07T00:12:52Z</time>
    <extensions>
     <power>390</power>
     <gpxtpx:TrackPointExtension>
      <gpxtpx:atemp>28</gpxtpx:atemp>
      <gpxtpx:hr>181</gpxtpx:hr>
      <gpxtpx:cad>89</gpxtpx:cad>
     </gpxtpx:TrackPointExtension>
    </extensions>
   </trkpt>
   <trkpt lat="46.7826540" lon="130.3341460">
    <ele>81.2</ele>
    <time>2025-09-07T00:12:53Z</time>
    <extensions>
     <power>393</power>
     <gpxtpx:TrackPointExtension>
      <gpxtpx:atemp>28</gpxtpx:atemp>
      <gpxtpx:hr>182</gpxtpx:hr>
      <gpxtpx:cad>89</gpxtpx:cad>
     </gpxtpx:TrackPointExtension>
    </extensions>
   </trkpt>
   <trkpt lat="46.7826690" lon="130.3341880">
    <ele>81.2</ele>
    <time>2025-09-07T00:12:54Z</time>
    <extensions>
     <power>392</power>
     <gpxtpx:TrackPointExtension>
      <gpxtpx:atemp>28</gpxtpx:atemp>
      <gpxtpx:hr>182</gpxtpx:hr>
      <gpxtpx:cad>89</gpxtpx:cad>
     </gpxtpx:TrackPointExtension>
    </extensions>
   </trkpt>
   <trkpt lat="46.7826890" lon="130.3342400">
    <ele>81.2</ele>
    <time>2025-09-07T00:12:55Z</time>
    <extensions>
     <power>393</power>
     <gpxtpx:TrackPointExtension>
      <gpxtpx:atemp>28</gpxtpx:atemp>
      <gpxtpx:hr>182</gpxtpx:hr>
      <gpxtpx:cad>89</gpxtpx:cad>
     </gpxtpx:TrackPointExtension>
    </extensions>
   </trkpt>
   <trkpt lat="46.7826990" lon="130.3342780">
    <ele>81.2</ele>
    <time>2025-09-07T00:12:56Z</time>
    <extensions>
     <power>394</power>
     <gpxtpx:TrackPointExtension>
      <gpxtpx:atemp>28</gpxtpx:atemp>
      <gpxtpx:hr>181</gpxtpx:hr>
      <gpxtpx:cad>89</gpxtpx:cad>
     </gpxtpx:TrackPointExtension>
    </extensions>
   </trkpt>
   <trkpt lat="46.7827210" lon="130.3343320">
    <ele>81.2</ele>
    <time>2025-09-07T00:12:57Z</time>
    <extensions>
     <power>392</power>
     <gpxtpx:TrackPointExtension>
      <gpxtpx:atemp>28</gpxtpx:atemp>
      <gpxtpx:hr>182</gpxtpx:hr>
      <gpxtpx:cad>89</gpxtpx:cad>
     </gpxtpx:TrackPointExtension>
    </extensions>
   </trkpt>
   <trkpt lat="46.7827320" lon="130.3343740">
    <ele>81.2</ele>
    <time>2025-09-07T00:12:58Z</time>
    <extensions>
     <power>393</power>
     <gpxtpx:TrackPointExtension>
      <gpxtpx:atemp>28</gpxtpx:atemp>
      <gpxtpx:hr>182</gpxtpx:hr>
      <gpxtpx:cad>89</gpxtpx:cad>
     </gpxtpx:TrackPointExtension>
    </extensions>
   </trkpt>
   <trkpt lat="46.7827500" lon="130.3344280">
    <ele>81.2</ele>
    <time>2025-09-07T00:12:59Z</time>
    <extensions>
     <power>391</power>
     <gpxtpx:TrackPointExtension>
      <gpxtpx:atemp>28</gpxtpx:atemp>
      <gpxtpx:hr>181</gpxtpx:hr>
      <gpxtpx:cad>89</gpxtpx:cad>
     </gpxtpx:TrackPointExtension>
    </extensions>
   </trkpt>
   <trkpt lat="46.7827610" lon="130.3344710">
    <ele>81.2</ele>
    <time>2025-09-07T00:13:00Z</time>
    <extensions>
     <power>391</power>
     <gpxtpx:TrackPointExtension>
      <gpxtpx:atemp>28</gpxtpx:atemp>
      <gpxtpx:hr>182</gpxtpx:hr>
      <gpxtpx:cad>90</gpxtpx:cad>
     </gpxtpx:TrackPointExtension>
    </extensions>
   </trkpt>
   <trkpt lat="46.7827810" lon="130.3345240">
    <ele>81.2</ele>
    <time>2025-09-07T00:13:01Z</time>
    <extensions>
     <power>391</power>
     <gpxtpx:TrackPointExtension>
      <gpxtpx:atemp>28</gpxtpx:atemp>
      <gpxtpx:hr>182</gpxtpx:hr>
      <gpxtpx:cad>90</gpxtpx:cad>
     </gpxtpx:TrackPointExtension>
    </extensions>
   </trkpt>
   <trkpt lat="46.7827920" lon="130.3345650">
    <ele>81.0</ele>
    <time>2025-09-07T00:13:02Z</time>
    <extensions>
     <power>392</power>
     <gpxtpx:TrackPointExtension>
      <gpxtpx:atemp>28</gpxtpx:atemp>
      <gpxtpx:hr>182</gpxtpx:hr>
      <gpxtpx:cad>90</gpxtpx:cad>
     </gpxtpx:TrackPointExtension>
    </extensions>
   </trkpt>
   <trkpt lat="46.7828090" lon="130.3346110">
    <ele>81.0</ele>
    <time>2025-09-07T00:13:03Z</time>
    <extensions>
     <power>391</power>
     <gpxtpx:TrackPointExtension>
      <gpxtpx:atemp>28</gpxtpx:atemp>
      <gpxtpx:hr>181</gpxtpx:hr>
      <gpxtpx:cad>89</gpxtpx:cad>
     </gpxtpx:TrackPointExtension>
    </extensions>
   </trkpt>
   <trkpt lat="46.7828220" lon="130.3346510">
    <ele>81.0</ele>
    <time>2025-09-07T00:13:04Z</time>
    <extensions>
     <power>392</power>
     <gpxtpx:TrackPointExtension>
      <gpxtpx:atemp>28</gpxtpx:atemp>
      <gpxtpx:hr>182</gpxtpx:hr>
      <gpxtpx:cad>89</gpxtpx:cad>
     </gpxtpx:TrackPointExtension>
    </extensions>
   </trkpt>
   <trkpt lat="46.7828430" lon="130.3347030">
    <ele>81.0</ele>
    <time>2025-09-07T00:13:05Z</time>
    <extensions>
     <power>390</power>
     <gpxtpx:TrackPointExtension>
      <gpxtpx:atemp>28</gpxtpx:atemp>
      <gpxtpx:hr>182</gpxtpx:hr>
      <gpxtpx:cad>89</gpxtpx:cad>
     </gpxtpx:TrackPointExtension>
    </extensions>
   </trkpt>
   <trkpt lat="46.7828570" lon="130.3347460">
    <ele>81.0</ele>
    <time>2025-09-07T00:13:06Z</time>
    <extensions>
     <power>390</power>
     <gpxtpx:TrackPointExtension>
      <gpxtpx:atemp>28</gpxtpx:atemp>
      <gpxtpx:hr>182</gpxtpx:hr>
      <gpxtpx:cad>89</gpxtpx:cad>
     </gpxtpx:TrackPointExtension>
    </extensions>
   </trkpt>
   <trkpt lat="46.7828750" lon="130.3347990">
    <ele>81.0</ele>
    <time>2025-09-07T00:13:07Z</time>
    <extensions>
     <power>390</power>
     <gpxtpx:TrackPointExtension>
      <gpxtpx:atemp>28</gpxtpx:atemp>
      <gpxtpx:hr>182</gpxtpx:hr>
      <gpxtpx:cad>89</gpxtpx:cad>
     </gpxtpx:TrackPointExtension>
    </extensions>
   </trkpt>
   <trkpt lat="46.7828850" lon="130.3348420">
    <ele>81.0</ele>
    <time>2025-09-07T00:13:08Z</time>
    <extensions>
     <power>390</power>
     <gpxtpx:TrackPointExtension>
      <gpxtpx:atemp>28</gpxtpx:atemp>
      <gpxtpx:hr>182</gpxtpx:hr>
      <gpxtpx:cad>89</gpxtpx:cad>
     </gpxtpx:TrackPointExtension>
    </extensions>
   </trkpt>
   <trkpt lat="46.7829030" lon="130.3348960">
    <ele>81.0</ele>
    <time>2025-09-07T00:13:09Z</time>
    <extensions>
     <power>390</power>
     <gpxtpx:TrackPointExtension>
      <gpxtpx:atemp>28</gpxtpx:atemp>
      <gpxtpx:hr>181</gpxtpx:hr>
      <gpxtpx:cad>89</gpxtpx:cad>
     </gpxtpx:TrackPointExtension>
    </extensions>
   </trkpt>
   <trkpt lat="46.7829190" lon="130.3349410">
    <ele>81.0</ele>
    <time>2025-09-07T00:13:10Z</time>
    <extensions>
     <power>389</power>
     <gpxtpx:TrackPointExtension>
      <gpxtpx:atemp>28</gpxtpx:atemp>
      <gpxtpx:hr>182</gpxtpx:hr>
      <gpxtpx:cad>89</gpxtpx:cad>
     </gpxtpx:TrackPointExtension>
    </extensions>
   </trkpt>
   <trkpt lat="46.7829370" lon="130.3349930">
    <ele>81.0</ele>
    <time>2025-09-07T00:13:11Z</time>
    <extensions>
     <power>389</power>
     <gpxtpx:TrackPointExtension>
      <gpxtpx:atemp>28</gpxtpx:atemp>
      <gpxtpx:hr>182</gpxtpx:hr>
      <gpxtpx:cad>89</gpxtpx:cad>
     </gpxtpx:TrackPointExtension>
    </extensions>
   </trkpt>
   <trkpt lat="46.7829480" lon="130.3350380">
    <ele>81.0</ele>
    <time>2025-09-07T00:13:12Z</time>
    <extensions>
     <power>389</power>
     <gpxtpx:TrackPointExtension>
      <gpxtpx:atemp>28</gpxtpx:atemp>
      <gpxtpx:hr>182</gpxtpx:hr>
      <gpxtpx:cad>89</gpxtpx:cad>
     </gpxtpx:TrackPointExtension>
    </extensions>
   </trkpt>
   <trkpt lat="46.7829650" lon="130.3350940">
    <ele>81.0</ele>
    <time>2025-09-07T00:13:13Z</time>
    <extensions>
     <power>390</power>
     <gpxtpx:TrackPointExtension>
      <gpxtpx:atemp>28</gpxtpx:atemp>
      <gpxtpx:hr>182</gpxtpx:hr>
      <gpxtpx:cad>89</gpxtpx:cad>
     </gpxtpx:TrackPointExtension>
    </extensions>
   </trkpt>
   <trkpt lat="46.7829760" lon="130.3351410">
    <ele>81.0</ele>
    <time>2025-09-07T00:13:14Z</time>
    <extensions>
     <power>390</power>
     <gpxtpx:TrackPointExtension>
      <gpxtpx:atemp>28</gpxtpx:atemp>
      <gpxtpx:hr>182</gpxtpx:hr>
      <gpxtpx:cad>89</gpxtpx:cad>
     </gpxtpx:TrackPointExtension>
    </extensions>
   </trkpt>
   <trkpt lat="46.7829930" lon="130.3351980">
    <ele>81.0</ele>
    <time>2025-09-07T00:13:15Z</time>
    <extensions>
     <power>391</power>
     <gpxtpx:TrackPointExtension>
      <gpxtpx:atemp>28</gpxtpx:atemp>
      <gpxtpx:hr>182</gpxtpx:hr>
      <gpxtpx:cad>89</gpxtpx:cad>
     </gpxtpx:TrackPointExtension>
    </extensions>
   </trkpt>
   <trkpt lat="46.7830050" lon="130.3352450">
    <ele>81.0</ele>
    <time>2025-09-07T00:13:16Z</time>
    <extensions>
     <power>393</power>
     <gpxtpx:TrackPointExtension>
      <gpxtpx:atemp>28</gpxtpx:atemp>
      <gpxtpx:hr>182</gpxtpx:hr>
      <gpxtpx:cad>90</gpxtpx:cad>
     </gpxtpx:TrackPointExtension>
    </extensions>
   </trkpt>
   <trkpt lat="46.7830230" lon="130.3352970">
    <ele>81.2</ele>
    <time>2025-09-07T00:13:17Z</time>
    <extensions>
     <power>392</power>
     <gpxtpx:TrackPointExtension>
      <gpxtpx:atemp>28</gpxtpx:atemp>
      <gpxtpx:hr>182</gpxtpx:hr>
      <gpxtpx:cad>90</gpxtpx:cad>
     </gpxtpx:TrackPointExtension>
    </extensions>
   </trkpt>
   <trkpt lat="46.7830340" lon="130.3353390">
    <ele>81.2</ele>
    <time>2025-09-07T00:13:18Z</time>
    <extensions>
     <power>392</power>
     <gpxtpx:TrackPointExtension>
      <gpxtpx:atemp>28</gpxtpx:atemp>
      <gpxtpx:hr>182</gpxtpx:hr>
      <gpxtpx:cad>90</gpxtpx:cad>
     </gpxtpx:TrackPointExtension>
    </extensions>
   </trkpt>
   <trkpt lat="46.7830540" lon="130.3353810">
    <ele>81.2</ele>
    <time>2025-09-07T00:13:19Z</time>
    <extensions>
     <power>394</power>
     <gpxtpx:TrackPointExtension>
      <gpxtpx:atemp>28</gpxtpx:atemp>
      <gpxtpx:hr>182</gpxtpx:hr>
      <gpxtpx:cad>90</gpxtpx:cad>
     </gpxtpx:TrackPointExtension>
    </extensions>
   </trkpt>
   <trkpt lat="46.7830770" lon="130.3354210">
    <ele>81.2</ele>
    <time>2025-09-07T00:13:20Z</time>
    <extensions>
     <power>394</power>
     <gpxtpx:TrackPointExtension>
      <gpxtpx:atemp>28</gpxtpx:atemp>
      <gpxtpx:hr>182</gpxtpx:hr>
      <gpxtpx:cad>90</gpxtpx:cad>
     </gpxtpx:TrackPointExtension>
    </extensions>
   </trkpt>
   <trkpt lat="46.7830950" lon="130.3354660">
    <ele>81.2</ele>
    <time>2025-09-07T00:13:21Z</time>
    <extensions>
     <power>393</power>
     <gpxtpx:TrackPointExtension>
      <gpxtpx:atemp>28</gpxtpx:atemp>
      <gpxtpx:hr>182</gpxtpx:hr>
      <gpxtpx:cad>89</gpxtpx:cad>
     </gpxtpx:TrackPointExtension>
    </extensions>
   </trkpt>
   <trkpt lat="46.7831090" lon="130.3355020">
    <ele>81.2</ele>
    <time>2025-09-07T00:13:22Z</time>
    <extensions>
     <power>395</power>
     <gpxtpx:TrackPointExtension>
      <gpxtpx:atemp>28</gpxtpx:atemp>
      <gpxtpx:hr>182</gpxtpx:hr>
      <gpxtpx:cad>89</gpxtpx:cad>
     </gpxtpx:TrackPointExtension>
    </extensions>
   </trkpt>
   <trkpt lat="46.7831300" lon="130.3355590">
    <ele>81.2</ele>
    <time>2025-09-07T00:13:23Z</time>
    <extensions>
     <power>396</power>
     <gpxtpx:TrackPointExtension>
      <gpxtpx:atemp>28</gpxtpx:atemp>
      <gpxtpx:hr>182</gpxtpx:hr>
      <gpxtpx:cad>89</gpxtpx:cad>
     </gpxtpx:TrackPointExtension>
    </extensions>
   </trkpt>
   <trkpt lat="46.7831390" lon="130.3355980">
    <ele>81.2</ele>
    <time>2025-09-07T00:13:24Z</time>
    <extensions>
     <power>396</power>
     <gpxtpx:TrackPointExtension>
      <gpxtpx:atemp>28</gpxtpx:atemp>
      <gpxtpx:hr>182</gpxtpx:hr>
      <gpxtpx:cad>89</gpxtpx:cad>
     </gpxtpx:TrackPointExtension>
    </extensions>
   </trkpt>
   <trkpt lat="46.7831580" lon="130.3356490">
    <ele>81.2</ele>
    <time>2025-09-07T00:13:25Z</time>
    <extensions>
     <power>397</power>
     <gpxtpx:TrackPointExtension>
      <gpxtpx:atemp>28</gpxtpx:atemp>
      <gpxtpx:hr>182</gpxtpx:hr>
      <gpxtpx:cad>90</gpxtpx:cad>
     </gpxtpx:TrackPointExtension>
    </extensions>
   </trkpt>
   <trkpt lat="46.7831720" lon="130.3356970">
    <ele>81.2</ele>
    <time>2025-09-07T00:13:26Z</time>
    <extensions>
     <power>396</power>
     <gpxtpx:TrackPointExtension>
      <gpxtpx:atemp>28</gpxtpx:atemp>
      <gpxtpx:hr>182</gpxtpx:hr>
      <gpxtpx:cad>90</gpxtpx:cad>
     </gpxtpx:TrackPointExtension>
    </extensions>
   </trkpt>
   <trkpt lat="46.7831820" lon="130.3357560">
    <ele>81.4</ele>
    <time>2025-09-07T00:13:27Z</time>
    <extensions>
     <power>397</power>
     <gpxtpx:TrackPointExtension>
      <gpxtpx:atemp>28</gpxtpx:atemp>
      <gpxtpx:hr>182</gpxtpx:hr>
      <gpxtpx:cad>90</gpxtpx:cad>
     </gpxtpx:TrackPointExtension>
    </extensions>
   </trkpt>
   <trkpt lat="46.7831920" lon="130.3357960">
    <ele>81.6</ele>
    <time>2025-09-07T00:13:28Z</time>
    <extensions>
     <power>400</power>
     <gpxtpx:TrackPointExtension>
      <gpxtpx:atemp>28</gpxtpx:atemp>
      <gpxtpx:hr>182</gpxtpx:hr>
      <gpxtpx:cad>90</gpxtpx:cad>
     </gpxtpx:TrackPointExtension>
    </extensions>
   </trkpt>
   <trkpt lat="46.7832080" lon="130.3358460">
    <ele>81.6</ele>
    <time>2025-09-07T00:13:29Z</time>
    <extensions>
     <power>401</power>
     <gpxtpx:TrackPointExtension>
      <gpxtpx:atemp>28</gpxtpx:atemp>
      <gpxtpx:hr>182</gpxtpx:hr>
      <gpxtpx:cad>88</gpxtpx:cad>
     </gpxtpx:TrackPointExtension>
    </extensions>
   </trkpt>
   <trkpt lat="46.7832200" lon="130.3358960">
    <ele>81.6</ele>
    <time>2025-09-07T00:13:30Z</time>
    <extensions>
     <power>406</power>
     <gpxtpx:TrackPointExtension>
      <gpxtpx:atemp>28</gpxtpx:atemp>
      <gpxtpx:hr>182</gpxtpx:hr>
      <gpxtpx:cad>88</gpxtpx:cad>
     </gpxtpx:TrackPointExtension>
    </extensions>
   </trkpt>
   <trkpt lat="46.7832390" lon="130.3359460">
    <ele>81.6</ele>
    <time>2025-09-07T00:13:31Z</time>
    <extensions>
     <power>409</power>
     <gpxtpx:TrackPointExtension>
      <gpxtpx:atemp>28</gpxtpx:atemp>
      <gpxtpx:hr>182</gpxtpx:hr>
      <gpxtpx:cad>88</gpxtpx:cad>
     </gpxtpx:TrackPointExtension>
    </extensions>
   </trkpt>
   <trkpt lat="46.7832570" lon="130.3359860">
    <ele>81.6</ele>
    <time>2025-09-07T00:13:32Z</time>
    <extensions>
     <power>409</power>
     <gpxtpx:TrackPointExtension>
      <gpxtpx:atemp>28</gpxtpx:atemp>
      <gpxtpx:hr>182</gpxtpx:hr>
      <gpxtpx:cad>88</gpxtpx:cad>
     </gpxtpx:TrackPointExtension>
    </extensions>
   </trkpt>
   <trkpt lat="46.7832730" lon="130.3360320">
    <ele>81.6</ele>
    <time>2025-09-07T00:13:33Z</time>
    <extensions>
     <power>411</power>
     <gpxtpx:TrackPointExtension>
      <gpxtpx:atemp>28</gpxtpx:atemp>
      <gpxtpx:hr>183</gpxtpx:hr>
      <gpxtpx:cad>88</gpxtpx:cad>
     </gpxtpx:TrackPointExtension>
    </extensions>
   </trkpt>
   <trkpt lat="46.7832870" lon="130.3360780">
    <ele>81.6</ele>
    <time>2025-09-07T00:13:34Z</time>
    <extensions>
     <power>411</power>
     <gpxtpx:TrackPointExtension>
      <gpxtpx:atemp>28</gpxtpx:atemp>
      <gpxtpx:hr>183</gpxtpx:hr>
      <gpxtpx:cad>89</gpxtpx:cad>
     </gpxtpx:TrackPointExtension>
    </extensions>
   </trkpt>
   <trkpt lat="46.7833010" lon="130.3361300">
    <ele>81.4</ele>
    <time>2025-09-07T00:13:35Z</time>
    <extensions>
     <power>411</power>
     <gpxtpx:TrackPointExtension>
      <gpxtpx:atemp>28</gpxtpx:atemp>
      <gpxtpx:hr>182</gpxtpx:hr>
      <gpxtpx:cad>90</gpxtpx:cad>
     </gpxtpx:TrackPointExtension>
    </extensions>
   </trkpt>
   <trkpt lat="46.7833140" lon="130.3361760">
    <ele>81.4</ele>
    <time>2025-09-07T00:13:36Z</time>
    <extensions>
     <power>409</power>
     <gpxtpx:TrackPointExtension>
      <gpxtpx:atemp>28</gpxtpx:atemp>
      <gpxtpx:hr>182</gpxtpx:hr>
      <gpxtpx:cad>90</gpxtpx:cad>
     </gpxtpx:TrackPointExtension>
    </extensions>
   </trkpt>
   <trkpt lat="46.7833270" lon="130.3362260">
    <ele>81.6</ele>
    <time>2025-09-07T00:13:37Z</time>
    <extensions>
     <power>409</power>
     <gpxtpx:TrackPointExtension>
      <gpxtpx:atemp>28</gpxtpx:atemp>
      <gpxtpx:hr>182</gpxtpx:hr>
      <gpxtpx:cad>90</gpxtpx:cad>
     </gpxtpx:TrackPointExtension>
    </extensions>
   </trkpt>
   <trkpt lat="46.7833380" lon="130.3362680">
    <ele>81.6</ele>
    <time>2025-09-07T00:13:38Z</time>
    <extensions>
     <power>410</power>
     <gpxtpx:TrackPointExtension>
      <gpxtpx:atemp>28</gpxtpx:atemp>
      <gpxtpx:hr>182</gpxtpx:hr>
      <gpxtpx:cad>90</gpxtpx:cad>
     </gpxtpx:TrackPointExtension>
    </extensions>
   </trkpt>
   <trkpt lat="46.7833560" lon="130.3363240">
    <ele>81.6</ele>
    <time>2025-09-07T00:13:39Z</time>
    <extensions>
     <power>411</power>
     <gpxtpx:TrackPointExtension>
      <gpxtpx:atemp>28</gpxtpx:atemp>
      <gpxtpx:hr>183</gpxtpx:hr>
      <gpxtpx:cad>89</gpxtpx:cad>
     </gpxtpx:TrackPointExtension>
    </extensions>
   </trkpt>
   <trkpt lat="46.7833660" lon="130.3363690">
    <ele>81.6</ele>
    <time>2025-09-07T00:13:40Z</time>
    <extensions>
     <power>412</power>
     <gpxtpx:TrackPointExtension>
      <gpxtpx:atemp>28</gpxtpx:atemp>
      <gpxtpx:hr>182</gpxtpx:hr>
      <gpxtpx:cad>89</gpxtpx:cad>
     </gpxtpx:TrackPointExtension>
    </extensions>
   </trkpt>
   <trkpt lat="46.7833880" lon="130.3364220">
    <ele>81.8</ele>
    <time>2025-09-07T00:13:41Z</time>
    <extensions>
     <power>413</power>
     <gpxtpx:TrackPointExtension>
      <gpxtpx:atemp>28</gpxtpx:atemp>
      <gpxtpx:hr>182</gpxtpx:hr>
      <gpxtpx:cad>89</gpxtpx:cad>
     </gpxtpx:TrackPointExtension>
    </extensions>
   </trkpt>
   <trkpt lat="46.7833980" lon="130.3364680">
    <ele>81.8</ele>
    <time>2025-09-07T00:13:42Z</time>
    <extensions>
     <power>414</power>
     <gpxtpx:TrackPointExtension>
      <gpxtpx:atemp>28</gpxtpx:atemp>
      <gpxtpx:hr>182</gpxtpx:hr>
      <gpxtpx:cad>89</gpxtpx:cad>
     </gpxtpx:TrackPointExtension>
    </extensions>
   </trkpt>
   <trkpt lat="46.7834210" lon="130.3365290">
    <ele>81.8</ele>
    <time>2025-09-07T00:13:43Z</time>
    <extensions>
     <power>414</power>
     <gpxtpx:TrackPointExtension>
      <gpxtpx:atemp>28</gpxtpx:atemp>
      <gpxtpx:hr>182</gpxtpx:hr>
      <gpxtpx:cad>90</gpxtpx:cad>
     </gpxtpx:TrackPointExtension>
    </extensions>
   </trkpt>
   <trkpt lat="46.7834370" lon="130.3365720">
    <ele>81.8</ele>
    <time>2025-09-07T00:13:44Z</time>
    <extensions>
     <power>415</power>
     <gpxtpx:TrackPointExtension>
      <gpxtpx:atemp>28</gpxtpx:atemp>
      <gpxtpx:hr>182</gpxtpx:hr>
      <gpxtpx:cad>90</gpxtpx:cad>
     </gpxtpx:TrackPointExtension>
    </extensions>
   </trkpt>
   <trkpt lat="46.7834610" lon="130.3366290">
    <ele>81.8</ele>
    <time>2025-09-07T00:13:45Z</time>
    <extensions>
     <power>415</power>
     <gpxtpx:TrackPointExtension>
      <gpxtpx:atemp>28</gpxtpx:atemp>
      <gpxtpx:hr>182</gpxtpx:hr>
      <gpxtpx:cad>90</gpxtpx:cad>
     </gpxtpx:TrackPointExtension>
    </extensions>
   </trkpt>
   <trkpt lat="46.7834730" lon="130.3366720">
    <ele>81.8</ele>
    <time>2025-09-07T00:13:46Z</time>
    <extensions>
     <power>416</power>
     <gpxtpx:TrackPointExtension>
      <gpxtpx:atemp>28</gpxtpx:atemp>
      <gpxtpx:hr>182</gpxtpx:hr>
      <gpxtpx:cad>90</gpxtpx:cad>
     </gpxtpx:TrackPointExtension>
    </extensions>
   </trkpt>
   <trkpt lat="46.7834950" lon="130.3367290">
    <ele>81.8</ele>
    <time>2025-09-07T00:13:47Z</time>
    <extensions>
     <power>417</power>
     <gpxtpx:TrackPointExtension>
      <gpxtpx:atemp>28</gpxtpx:atemp>
      <gpxtpx:hr>182</gpxtpx:hr>
      <gpxtpx:cad>90</gpxtpx:cad>
     </gpxtpx:TrackPointExtension>
    </extensions>
   </trkpt>
   <trkpt lat="46.7835070" lon="130.3367700">
    <ele>81.8</ele>
    <time>2025-09-07T00:13:48Z</time>
    <extensions>
     <power>417</power>
     <gpxtpx:TrackPointExtension>
      <gpxtpx:atemp>28</gpxtpx:atemp>
      <gpxtpx:hr>181</gpxtpx:hr>
      <gpxtpx:cad>90</gpxtpx:cad>
     </gpxtpx:TrackPointExtension>
    </extensions>
   </trkpt>
   <trkpt lat="46.7835250" lon="130.3368260">
    <ele>81.8</ele>
    <time>2025-09-07T00:13:49Z</time>
    <extensions>
     <power>418</power>
     <gpxtpx:TrackPointExtension>
      <gpxtpx:atemp>28</gpxtpx:atemp>
      <gpxtpx:hr>182</gpxtpx:hr>
      <gpxtpx:cad>90</gpxtpx:cad>
     </gpxtpx:TrackPointExtension>
    </extensions>
   </trkpt>
   <trkpt lat="46.7835360" lon="130.3368730">
    <ele>81.6</ele>
    <time>2025-09-07T00:13:50Z</time>
    <extensions>
     <power>418</power>
     <gpxtpx:TrackPointExtension>
      <gpxtpx:atemp>28</gpxtpx:atemp>
      <gpxtpx:hr>182</gpxtpx:hr>
      <gpxtpx:cad>90</gpxtpx:cad>
     </gpxtpx:TrackPointExtension>
    </extensions>
   </trkpt>
   <trkpt lat="46.7835530" lon="130.3369230">
    <ele>81.6</ele>
    <time>2025-09-07T00:13:51Z</time>
    <extensions>
     <power>417</power>
     <gpxtpx:TrackPointExtension>
      <gpxtpx:atemp>28</gpxtpx:atemp>
      <gpxtpx:hr>182</gpxtpx:hr>
      <gpxtpx:cad>90</gpxtpx:cad>
     </gpxtpx:TrackPointExtension>
    </extensions>
   </trkpt>
   <trkpt lat="46.7835630" lon="130.3369630">
    <ele>81.6</ele>
    <time>2025-09-07T00:13:52Z</time>
    <extensions>
     <power>416</power>
     <gpxtpx:TrackPointExtension>
      <gpxtpx:atemp>28</gpxtpx:atemp>
      <gpxtpx:hr>182</gpxtpx:hr>
      <gpxtpx:cad>90</gpxtpx:cad>
     </gpxtpx:TrackPointExtension>
    </extensions>
   </trkpt>
   <trkpt lat="46.7835840" lon="130.3370200">
    <ele>81.6</ele>
    <time>2025-09-07T00:13:53Z</time>
    <extensions>
     <power>415</power>
     <gpxtpx:TrackPointExtension>
      <gpxtpx:atemp>28</gpxtpx:atemp>
      <gpxtpx:hr>182</gpxtpx:hr>
      <gpxtpx:cad>90</gpxtpx:cad>
     </gpxtpx:TrackPointExtension>
    </extensions>
   </trkpt>
   <trkpt lat="46.7835970" lon="130.3370610">
    <ele>81.6</ele>
    <time>2025-09-07T00:13:54Z</time>
    <extensions>
     <power>414</power>
     <gpxtpx:TrackPointExtension>
      <gpxtpx:atemp>28</gpxtpx:atemp>
      <gpxtpx:hr>182</gpxtpx:hr>
      <gpxtpx:cad>90</gpxtpx:cad>
     </gpxtpx:TrackPointExtension>
    </extensions>
   </trkpt>
   <trkpt lat="46.7836170" lon="130.3371140">
    <ele>81.6</ele>
    <time>2025-09-07T00:13:55Z</time>
    <extensions>
     <power>414</power>
     <gpxtpx:TrackPointExtension>
      <gpxtpx:atemp>28</gpxtpx:atemp>
      <gpxtpx:hr>182</gpxtpx:hr>
      <gpxtpx:cad>90</gpxtpx:cad>
     </gpxtpx:TrackPointExtension>
    </extensions>
   </trkpt>
   <trkpt lat="46.7836360" lon="130.3371600">
    <ele>81.6</ele>
    <time>2025-09-07T00:13:56Z</time>
    <extensions>
     <power>412</power>
     <gpxtpx:TrackPointExtension>
      <gpxtpx:atemp>28</gpxtpx:atemp>
      <gpxtpx:hr>182</gpxtpx:hr>
      <gpxtpx:cad>89</gpxtpx:cad>
     </gpxtpx:TrackPointExtension>
    </extensions>
   </trkpt>
   <trkpt lat="46.7836570" lon="130.3372160">
    <ele>81.6</ele>
    <time>2025-09-07T00:13:57Z</time>
    <extensions>
     <power>413</power>
     <gpxtpx:TrackPointExtension>
      <gpxtpx:atemp>28</gpxtpx:atemp>
      <gpxtpx:hr>182</gpxtpx:hr>
      <gpxtpx:cad>89</gpxtpx:cad>
     </gpxtpx:TrackPointExtension>
    </extensions>
   </trkpt>
   <trkpt lat="46.7836700" lon="130.3372580">
    <ele>81.6</ele>
    <time>2025-09-07T00:13:58Z</time>
    <extensions>
     <power>413</power>
     <gpxtpx:TrackPointExtension>
      <gpxtpx:atemp>28</gpxtpx:atemp>
      <gpxtpx:hr>183</gpxtpx:hr>
      <gpxtpx:cad>89</gpxtpx:cad>
     </gpxtpx:TrackPointExtension>
    </extensions>
   </trkpt>
   <trkpt lat="46.7836920" lon="130.3373110">
    <ele>81.6</ele>
    <time>2025-09-07T00:13:59Z</time>
    <extensions>
     <power>413</power>
     <gpxtpx:TrackPointExtension>
      <gpxtpx:atemp>28</gpxtpx:atemp>
      <gpxtpx:hr>182</gpxtpx:hr>
      <gpxtpx:cad>89</gpxtpx:cad>
     </gpxtpx:TrackPointExtension>
    </extensions>
   </trkpt>
   <trkpt lat="46.7837020" lon="130.3373520">
    <ele>81.6</ele>
    <time>2025-09-07T00:14:00Z</time>
    <extensions>
     <power>413</power>
     <gpxtpx:TrackPointExtension>
      <gpxtpx:atemp>28</gpxtpx:atemp>
      <gpxtpx:hr>182</gpxtpx:hr>
      <gpxtpx:cad>89</gpxtpx:cad>
     </gpxtpx:TrackPointExtension>
    </extensions>
   </trkpt>
   <trkpt lat="46.7837260" lon="130.3374050">
    <ele>81.4</ele>
    <time>2025-09-07T00:14:01Z</time>
    <extensions>
     <power>412</power>
     <gpxtpx:TrackPointExtension>
      <gpxtpx:atemp>28</gpxtpx:atemp>
      <gpxtpx:hr>182</gpxtpx:hr>
      <gpxtpx:cad>89</gpxtpx:cad>
     </gpxtpx:TrackPointExtension>
    </extensions>
   </trkpt>
   <trkpt lat="46.7837350" lon="130.3374460">
    <ele>81.4</ele>
    <time>2025-09-07T00:14:02Z</time>
    <extensions>
     <power>411</power>
     <gpxtpx:TrackPointExtension>
      <gpxtpx:atemp>28</gpxtpx:atemp>
      <gpxtpx:hr>183</gpxtpx:hr>
      <gpxtpx:cad>90</gpxtpx:cad>
     </gpxtpx:TrackPointExtension>
    </extensions>
   </trkpt>
   <trkpt lat="46.7837580" lon="130.3375010">
    <ele>81.4</ele>
    <time>2025-09-07T00:14:03Z</time>
    <extensions>
     <power>408</power>
     <gpxtpx:TrackPointExtension>
      <gpxtpx:atemp>28</gpxtpx:atemp>
      <gpxtpx:hr>182</gpxtpx:hr>
      <gpxtpx:cad>90</gpxtpx:cad>
     </gpxtpx:TrackPointExtension>
    </extensions>
   </trkpt>
   <trkpt lat="46.7837700" lon="130.3375440">
    <ele>81.4</ele>
    <time>2025-09-07T00:14:04Z</time>
    <extensions>
     <power>406</power>
     <gpxtpx:TrackPointExtension>
      <gpxtpx:atemp>28</gpxtpx:atemp>
      <gpxtpx:hr>182</gpxtpx:hr>
      <gpxtpx:cad>90</gpxtpx:cad>
     </gpxtpx:TrackPointExtension>
    </extensions>
   </trkpt>
   <trkpt lat="46.7837910" lon="130.3376030">
    <ele>81.4</ele>
    <time>2025-09-07T00:14:05Z</time>
    <extensions>
     <power>405</power>
     <gpxtpx:TrackPointExtension>
      <gpxtpx:atemp>28</gpxtpx:atemp>
      <gpxtpx:hr>182</gpxtpx:hr>
      <gpxtpx:cad>90</gpxtpx:cad>
     </gpxtpx:TrackPointExtension>
    </extensions>
   </trkpt>
   <trkpt lat="46.7838050" lon="130.3376440">
    <ele>81.2</ele>
    <time>2025-09-07T00:14:06Z</time>
    <extensions>
     <power>404</power>
     <gpxtpx:TrackPointExtension>
      <gpxtpx:atemp>28</gpxtpx:atemp>
      <gpxtpx:hr>183</gpxtpx:hr>
      <gpxtpx:cad>89</gpxtpx:cad>
     </gpxtpx:TrackPointExtension>
    </extensions>
   </trkpt>
   <trkpt lat="46.7838230" lon="130.3377020">
    <ele>81.2</ele>
    <time>2025-09-07T00:14:07Z</time>
    <extensions>
     <power>404</power>
     <gpxtpx:TrackPointExtension>
      <gpxtpx:atemp>28</gpxtpx:atemp>
      <gpxtpx:hr>182</gpxtpx:hr>
      <gpxtpx:cad>89</gpxtpx:cad>
     </gpxtpx:TrackPointExtension>
    </extensions>
   </trkpt>
   <trkpt lat="46.7838380" lon="130.3377490">
    <ele>81.2</ele>
    <time>2025-09-07T00:14:08Z</time>
    <extensions>
     <power>404</power>
     <gpxtpx:TrackPointExtension>
      <gpxtpx:atemp>28</gpxtpx:atemp>
      <gpxtpx:hr>183</gpxtpx:hr>
      <gpxtpx:cad>89</gpxtpx:cad>
     </gpxtpx:TrackPointExtension>
    </extensions>
   </trkpt>
   <trkpt lat="46.7838610" lon="130.3377990">
    <ele>81.2</ele>
    <time>2025-09-07T00:14:09Z</time>
    <extensions>
     <power>403</power>
     <gpxtpx:TrackPointExtension>
      <gpxtpx:atemp>28</gpxtpx:atemp>
      <gpxtpx:hr>183</gpxtpx:hr>
      <gpxtpx:cad>89</gpxtpx:cad>
     </gpxtpx:TrackPointExtension>
    </extensions>
   </trkpt>
   <trkpt lat="46.7838760" lon="130.3378460">
    <ele>81.2</ele>
    <time>2025-09-07T00:14:10Z</time>
    <extensions>
     <power>402</power>
     <gpxtpx:TrackPointExtension>
      <gpxtpx:atemp>28</gpxtpx:atemp>
      <gpxtpx:hr>183</gpxtpx:hr>
      <gpxtpx:cad>89</gpxtpx:cad>
     </gpxtpx:TrackPointExtension>
    </extensions>
   </trkpt>
   <trkpt lat="46.7838970" lon="130.3378940">
    <ele>81.2</ele>
    <time>2025-09-07T00:14:11Z</time>
    <extensions>
     <power>403</power>
     <gpxtpx:TrackPointExtension>
      <gpxtpx:atemp>28</gpxtpx:atemp>
      <gpxtpx:hr>182</gpxtpx:hr>
      <gpxtpx:cad>89</gpxtpx:cad>
     </gpxtpx:TrackPointExtension>
    </extensions>
   </trkpt>
   <trkpt lat="46.7839080" lon="130.3379340">
    <ele>81.0</ele>
    <time>2025-09-07T00:14:12Z</time>
    <extensions>
     <power>403</power>
     <gpxtpx:TrackPointExtension>
      <gpxtpx:atemp>28</gpxtpx:atemp>
      <gpxtpx:hr>183</gpxtpx:hr>
      <gpxtpx:cad>89</gpxtpx:cad>
     </gpxtpx:TrackPointExtension>
    </extensions>
   </trkpt>
   <trkpt lat="46.7839280" lon="130.3379880">
    <ele>81.0</ele>
    <time>2025-09-07T00:14:13Z</time>
    <extensions>
     <power>403</power>
     <gpxtpx:TrackPointExtension>
      <gpxtpx:atemp>28</gpxtpx:atemp>
      <gpxtpx:hr>183</gpxtpx:hr>
      <gpxtpx:cad>89</gpxtpx:cad>
     </gpxtpx:TrackPointExtension>
    </extensions>
   </trkpt>
   <trkpt lat="46.7839370" lon="130.3380360">
    <ele>81.0</ele>
    <time>2025-09-07T00:14:14Z</time>
    <extensions>
     <power>402</power>
     <gpxtpx:TrackPointExtension>
      <gpxtpx:atemp>28</gpxtpx:atemp>
      <gpxtpx:hr>183</gpxtpx:hr>
      <gpxtpx:cad>89</gpxtpx:cad>
     </gpxtpx:TrackPointExtension>
    </extensions>
   </trkpt>
   <trkpt lat="46.7839550" lon="130.3380930">
    <ele>81.0</ele>
    <time>2025-09-07T00:14:15Z</time>
    <extensions>
     <power>401</power>
     <gpxtpx:TrackPointExtension>
      <gpxtpx:atemp>28</gpxtpx:atemp>
      <gpxtpx:hr>183</gpxtpx:hr>
      <gpxtpx:cad>90</gpxtpx:cad>
     </gpxtpx:TrackPointExtension>
    </extensions>
   </trkpt>
   <trkpt lat="46.7839720" lon="130.3381370">
    <ele>81.0</ele>
    <time>2025-09-07T00:14:16Z</time>
    <extensions>
     <power>399</power>
     <gpxtpx:TrackPointExtension>
      <gpxtpx:atemp>28</gpxtpx:atemp>
      <gpxtpx:hr>183</gpxtpx:hr>
      <gpxtpx:cad>90</gpxtpx:cad>
     </gpxtpx:TrackPointExtension>
    </extensions>
   </trkpt>
   <trkpt lat="46.7839940" lon="130.3381890">
    <ele>81.0</ele>
    <time>2025-09-07T00:14:17Z</time>
    <extensions>
     <power>401</power>
     <gpxtpx:TrackPointExtension>
      <gpxtpx:atemp>28</gpxtpx:atemp>
      <gpxtpx:hr>183</gpxtpx:hr>
      <gpxtpx:cad>90</gpxtpx:cad>
     </gpxtpx:TrackPointExtension>
    </extensions>
   </trkpt>
   <trkpt lat="46.7840070" lon="130.3382270">
    <ele>81.0</ele>
    <time>2025-09-07T00:14:18Z</time>
    <extensions>
     <power>401</power>
     <gpxtpx:TrackPointExtension>
      <gpxtpx:atemp>28</gpxtpx:atemp>
      <gpxtpx:hr>183</gpxtpx:hr>
      <gpxtpx:cad>90</gpxtpx:cad>
     </gpxtpx:TrackPointExtension>
    </extensions>
   </trkpt>
   <trkpt lat="46.7840240" lon="130.3382810">
    <ele>81.0</ele>
    <time>2025-09-07T00:14:19Z</time>
    <extensions>
     <power>401</power>
     <gpxtpx:TrackPointExtension>
      <gpxtpx:atemp>28</gpxtpx:atemp>
      <gpxtpx:hr>183</gpxtpx:hr>
      <gpxtpx:cad>90</gpxtpx:cad>
     </gpxtpx:TrackPointExtension>
    </extensions>
   </trkpt>
   <trkpt lat="46.7840340" lon="130.3383270">
    <ele>81.0</ele>
    <time>2025-09-07T00:14:20Z</time>
    <extensions>
     <power>400</power>
     <gpxtpx:TrackPointExtension>
      <gpxtpx:atemp>28</gpxtpx:atemp>
      <gpxtpx:hr>183</gpxtpx:hr>
      <gpxtpx:cad>89</gpxtpx:cad>
     </gpxtpx:TrackPointExtension>
    </extensions>
   </trkpt>
   <trkpt lat="46.7840480" lon="130.3383870">
    <ele>81.0</ele>
    <time>2025-09-07T00:14:21Z</time>
    <extensions>
     <power>400</power>
     <gpxtpx:TrackPointExtension>
      <gpxtpx:atemp>28</gpxtpx:atemp>
      <gpxtpx:hr>183</gpxtpx:hr>
      <gpxtpx:cad>89</gpxtpx:cad>
     </gpxtpx:TrackPointExtension>
    </extensions>
   </trkpt>
   <trkpt lat="46.7840590" lon="130.3384350">
    <ele>80.8</ele>
    <time>2025-09-07T00:14:22Z</time>
    <extensions>
     <power>400</power>
     <gpxtpx:TrackPointExtension>
      <gpxtpx:atemp>28</gpxtpx:atemp>
      <gpxtpx:hr>183</gpxtpx:hr>
      <gpxtpx:cad>89</gpxtpx:cad>
     </gpxtpx:TrackPointExtension>
    </extensions>
   </trkpt>
   <trkpt lat="46.7840810" lon="130.3384910">
    <ele>80.8</ele>
    <time>2025-09-07T00:14:23Z</time>
    <extensions>
     <power>399</power>
     <gpxtpx:TrackPointExtension>
      <gpxtpx:atemp>28</gpxtpx:atemp>
      <gpxtpx:hr>183</gpxtpx:hr>
      <gpxtpx:cad>89</gpxtpx:cad>
     </gpxtpx:TrackPointExtension>
    </extensions>
   </trkpt>
   <trkpt lat="46.7840920" lon="130.3385380">
    <ele>80.8</ele>
    <time>2025-09-07T00:14:24Z</time>
    <extensions>
     <power>399</power>
     <gpxtpx:TrackPointExtension>
      <gpxtpx:atemp>28</gpxtpx:atemp>
      <gpxtpx:hr>183</gpxtpx:hr>
      <gpxtpx:cad>89</gpxtpx:cad>
     </gpxtpx:TrackPointExtension>
    </extensions>
   </trkpt>
   <trkpt lat="46.7841150" lon="130.3385940">
    <ele>81.0</ele>
    <time>2025-09-07T00:14:25Z</time>
    <extensions>
     <power>400</power>
     <gpxtpx:TrackPointExtension>
      <gpxtpx:atemp>28</gpxtpx:atemp>
      <gpxtpx:hr>183</gpxtpx:hr>
      <gpxtpx:cad>89</gpxtpx:cad>
     </gpxtpx:TrackPointExtension>
    </extensions>
   </trkpt>
   <trkpt lat="46.7841280" lon="130.3386360">
    <ele>81.0</ele>
    <time>2025-09-07T00:14:26Z</time>
    <extensions>
     <power>401</power>
     <gpxtpx:TrackPointExtension>
      <gpxtpx:atemp>28</gpxtpx:atemp>
      <gpxtpx:hr>183</gpxtpx:hr>
      <gpxtpx:cad>89</gpxtpx:cad>
     </gpxtpx:TrackPointExtension>
    </extensions>
   </trkpt>
   <trkpt lat="46.7841520" lon="130.3386890">
    <ele>81.0</ele>
    <time>2025-09-07T00:14:27Z</time>
    <extensions>
     <power>403</power>
     <gpxtpx:TrackPointExtension>
      <gpxtpx:atemp>28</gpxtpx:atemp>
      <gpxtpx:hr>183</gpxtpx:hr>
      <gpxtpx:cad>89</gpxtpx:cad>
     </gpxtpx:TrackPointExtension>
    </extensions>
   </trkpt>
   <trkpt lat="46.7841660" lon="130.3387250">
    <ele>81.0</ele>
    <time>2025-09-07T00:14:28Z</time>
    <extensions>
     <power>403</power>
     <gpxtpx:TrackPointExtension>
      <gpxtpx:atemp>28</gpxtpx:atemp>
      <gpxtpx:hr>183</gpxtpx:hr>
      <gpxtpx:cad>90</gpxtpx:cad>
     </gpxtpx:TrackPointExtension>
    </extensions>
   </trkpt>
   <trkpt lat="46.7841860" lon="130.3387730">
    <ele>81.0</ele>
    <time>2025-09-07T00:14:29Z</time>
    <extensions>
     <power>402</power>
     <gpxtpx:TrackPointExtension>
      <gpxtpx:atemp>28</gpxtpx:atemp>
      <gpxtpx:hr>183</gpxtpx:hr>
      <gpxtpx:cad>90</gpxtpx:cad>
     </gpxtpx:TrackPointExtension>
    </extensions>
   </trkpt>
   <trkpt lat="46.7841990" lon="130.3388100">
    <ele>81.0</ele>
    <time>2025-09-07T00:14:30Z</time>
    <extensions>
     <power>401</power>
     <gpxtpx:TrackPointExtension>
      <gpxtpx:atemp>28</gpxtpx:atemp>
      <gpxtpx:hr>183</gpxtpx:hr>
      <gpxtpx:cad>90</gpxtpx:cad>
     </gpxtpx:TrackPointExtension>
    </extensions>
   </trkpt>
   <trkpt lat="46.7842200" lon="130.3388620">
    <ele>81.0</ele>
    <time>2025-09-07T00:14:31Z</time>
    <extensions>
     <power>401</power>
     <gpxtpx:TrackPointExtension>
      <gpxtpx:atemp>28</gpxtpx:atemp>
      <gpxtpx:hr>183</gpxtpx:hr>
      <gpxtpx:cad>90</gpxtpx:cad>
     </gpxtpx:TrackPointExtension>
    </extensions>
   </trkpt>
   <trkpt lat="46.7842280" lon="130.3389020">
    <ele>81.2</ele>
    <time>2025-09-07T00:14:32Z</time>
    <extensions>
     <power>403</power>
     <gpxtpx:TrackPointExtension>
      <gpxtpx:atemp>28</gpxtpx:atemp>
      <gpxtpx:hr>183</gpxtpx:hr>
      <gpxtpx:cad>89</gpxtpx:cad>
     </gpxtpx:TrackPointExtension>
    </extensions>
   </trkpt>
   <trkpt lat="46.7842460" lon="130.3389510">
    <ele>81.2</ele>
    <time>2025-09-07T00:14:33Z</time>
    <extensions>
     <power>404</power>
     <gpxtpx:TrackPointExtension>
      <gpxtpx:atemp>28</gpxtpx:atemp>
      <gpxtpx:hr>183</gpxtpx:hr>
      <gpxtpx:cad>89</gpxtpx:cad>
     </gpxtpx:TrackPointExtension>
    </extensions>
   </trkpt>
   <trkpt lat="46.7842580" lon="130.3389890">
    <ele>81.2</ele>
    <time>2025-09-07T00:14:34Z</time>
    <extensions>
     <power>404</power>
     <gpxtpx:TrackPointExtension>
      <gpxtpx:atemp>28</gpxtpx:atemp>
      <gpxtpx:hr>183</gpxtpx:hr>
      <gpxtpx:cad>89</gpxtpx:cad>
     </gpxtpx:TrackPointExtension>
    </extensions>
   </trkpt>
   <trkpt lat="46.7842840" lon="130.3390390">
    <ele>81.4</ele>
    <time>2025-09-07T00:14:35Z</time>
    <extensions>
     <power>404</power>
     <gpxtpx:TrackPointExtension>
      <gpxtpx:atemp>28</gpxtpx:atemp>
      <gpxtpx:hr>182</gpxtpx:hr>
      <gpxtpx:cad>89</gpxtpx:cad>
     </gpxtpx:TrackPointExtension>
    </extensions>
   </trkpt>
   <trkpt lat="46.7842980" lon="130.3390850">
    <ele>81.6</ele>
    <time>2025-09-07T00:14:36Z</time>
    <extensions>
     <power>405</power>
     <gpxtpx:TrackPointExtension>
      <gpxtpx:atemp>28</gpxtpx:atemp>
      <gpxtpx:hr>182</gpxtpx:hr>
      <gpxtpx:cad>90</gpxtpx:cad>
     </gpxtpx:TrackPointExtension>
    </extensions>
   </trkpt>
   <trkpt lat="46.7843240" lon="130.3391340">
    <ele>81.6</ele>
    <time>2025-09-07T00:14:37Z</time>
    <extensions>
     <power>405</power>
     <gpxtpx:TrackPointExtension>
      <gpxtpx:atemp>28</gpxtpx:atemp>
      <gpxtpx:hr>182</gpxtpx:hr>
      <gpxtpx:cad>90</gpxtpx:cad>
     </gpxtpx:TrackPointExtension>
    </extensions>
   </trkpt>
   <trkpt lat="46.7843340" lon="130.3391750">
    <ele>81.6</ele>
    <time>2025-09-07T00:14:38Z</time>
    <extensions>
     <power>405</power>
     <gpxtpx:TrackPointExtension>
      <gpxtpx:atemp>28</gpxtpx:atemp>
      <gpxtpx:hr>182</gpxtpx:hr>
      <gpxtpx:cad>90</gpxtpx:cad>
     </gpxtpx:TrackPointExtension>
    </extensions>
   </trkpt>
   <trkpt lat="46.7843580" lon="130.3392290">
    <ele>81.6</ele>
    <time>2025-09-07T00:14:39Z</time>
    <extensions>
     <power>406</power>
     <gpxtpx:TrackPointExtension>
      <gpxtpx:atemp>28</gpxtpx:atemp>
      <gpxtpx:hr>182</gpxtpx:hr>
      <gpxtpx:cad>89</gpxtpx:cad>
     </gpxtpx:TrackPointExtension>
    </extensions>
   </trkpt>
   <trkpt lat="46.7843680" lon="130.3392660">
    <ele>81.6</ele>
    <time>2025-09-07T00:14:40Z</time>
    <extensions>
     <power>407</power>
     <gpxtpx:TrackPointExtension>
      <gpxtpx:atemp>28</gpxtpx:atemp>
      <gpxtpx:hr>182</gpxtpx:hr>
      <gpxtpx:cad>89</gpxtpx:cad>
     </gpxtpx:TrackPointExtension>
    </extensions>
   </trkpt>
   <trkpt lat="46.7843900" lon="130.3393200">
    <ele>81.4</ele>
    <time>2025-09-07T00:14:41Z</time>
    <extensions>
     <power>408</power>
     <gpxtpx:TrackPointExtension>
      <gpxtpx:atemp>28</gpxtpx:atemp>
      <gpxtpx:hr>182</gpxtpx:hr>
      <gpxtpx:cad>89</gpxtpx:cad>
     </gpxtpx:TrackPointExtension>
    </extensions>
   </trkpt>
   <trkpt lat="46.7843980" lon="130.3393590">
    <ele>81.6</ele>
    <time>2025-09-07T00:14:42Z</time>
    <extensions>
     <power>409</power>
     <gpxtpx:TrackPointExtension>
      <gpxtpx:atemp>28</gpxtpx:atemp>
      <gpxtpx:hr>182</gpxtpx:hr>
      <gpxtpx:cad>89</gpxtpx:cad>
     </gpxtpx:TrackPointExtension>
    </extensions>
   </trkpt>
   <trkpt lat="46.7844180" lon="130.3394120">
    <ele>81.6</ele>
    <time>2025-09-07T00:14:43Z</time>
    <extensions>
     <power>410</power>
     <gpxtpx:TrackPointExtension>
      <gpxtpx:atemp>28</gpxtpx:atemp>
      <gpxtpx:hr>182</gpxtpx:hr>
      <gpxtpx:cad>89</gpxtpx:cad>
     </gpxtpx:TrackPointExtension>
    </extensions>
   </trkpt>
   <trkpt lat="46.7844260" lon="130.3394500">
    <ele>81.6</ele>
    <time>2025-09-07T00:14:44Z</time>
    <extensions>
     <power>411</power>
     <gpxtpx:TrackPointExtension>
      <gpxtpx:atemp>28</gpxtpx:atemp>
      <gpxtpx:hr>182</gpxtpx:hr>
      <gpxtpx:cad>89</gpxtpx:cad>
     </gpxtpx:TrackPointExtension>
    </extensions>
   </trkpt>
   <trkpt lat="46.7844460" lon="130.3395050">
    <ele>81.6</ele>
    <time>2025-09-07T00:14:45Z</time>
    <extensions>
     <power>412</power>
     <gpxtpx:TrackPointExtension>
      <gpxtpx:atemp>28</gpxtpx:atemp>
      <gpxtpx:hr>181</gpxtpx:hr>
      <gpxtpx:cad>90</gpxtpx:cad>
     </gpxtpx:TrackPointExtension>
    </extensions>
   </trkpt>
   <trkpt lat="46.7844520" lon="130.3395470">
    <ele>81.8</ele>
    <time>2025-09-07T00:14:46Z</time>
    <extensions>
     <power>410</power>
     <gpxtpx:TrackPointExtension>
      <gpxtpx:atemp>28</gpxtpx:atemp>
      <gpxtpx:hr>182</gpxtpx:hr>
      <gpxtpx:cad>90</gpxtpx:cad>
     </gpxtpx:TrackPointExtension>
    </extensions>
   </trkpt>
   <trkpt lat="46.7844730" lon="130.3396030">
    <ele>81.8</ele>
    <time>2025-09-07T00:14:47Z</time>
    <extensions>
     <power>410</power>
     <gpxtpx:TrackPointExtension>
      <gpxtpx:atemp>28</gpxtpx:atemp>
      <gpxtpx:hr>182</gpxtpx:hr>
      <gpxtpx:cad>90</gpxtpx:cad>
     </gpxtpx:TrackPointExtension>
    </extensions>
   </trkpt>
   <trkpt lat="46.7844820" lon="130.3396450">
    <ele>81.8</ele>
    <time>2025-09-07T00:14:48Z</time>
    <extensions>
     <power>411</power>
     <gpxtpx:TrackPointExtension>
      <gpxtpx:atemp>28</gpxtpx:atemp>
      <gpxtpx:hr>182</gpxtpx:hr>
      <gpxtpx:cad>90</gpxtpx:cad>
     </gpxtpx:TrackPointExtension>
    </extensions>
   </trkpt>
   <trkpt lat="46.7845040" lon="130.3397000">
    <ele>81.8</ele>
    <time>2025-09-07T00:14:49Z</time>
    <extensions>
     <power>411</power>
     <gpxtpx:TrackPointExtension>
      <gpxtpx:atemp>28</gpxtpx:atemp>
      <gpxtpx:hr>181</gpxtpx:hr>
      <gpxtpx:cad>89</gpxtpx:cad>
     </gpxtpx:TrackPointExtension>
    </extensions>
   </trkpt>
   <trkpt lat="46.7845140" lon="130.3397390">
    <ele>81.8</ele>
    <time>2025-09-07T00:14:50Z</time>
    <extensions>
     <power>413</power>
     <gpxtpx:TrackPointExtension>
      <gpxtpx:atemp>28</gpxtpx:atemp>
      <gpxtpx:hr>182</gpxtpx:hr>
      <gpxtpx:cad>89</gpxtpx:cad>
     </gpxtpx:TrackPointExtension>
    </extensions>
   </trkpt>
   <trkpt lat="46.7845370" lon="130.3397890">
    <ele>81.8</ele>
    <time>2025-09-07T00:14:51Z</time>
    <extensions>
     <power>413</power>
     <gpxtpx:TrackPointExtension>
      <gpxtpx:atemp>28</gpxtpx:atemp>
      <gpxtpx:hr>182</gpxtpx:hr>
      <gpxtpx:cad>89</gpxtpx:cad>
     </gpxtpx:TrackPointExtension>
    </extensions>
   </trkpt>
   <trkpt lat="46.7845460" lon="130.3398270">
    <ele>81.8</ele>
    <time>2025-09-07T00:14:52Z</time>
    <extensions>
     <power>413</power>
     <gpxtpx:TrackPointExtension>
      <gpxtpx:atemp>28</gpxtpx:atemp>
      <gpxtpx:hr>182</gpxtpx:hr>
      <gpxtpx:cad>89</gpxtpx:cad>
     </gpxtpx:TrackPointExtension>
    </extensions>
   </trkpt>
   <trkpt lat="46.7845670" lon="130.3398780">
    <ele>82.0</ele>
    <time>2025-09-07T00:14:53Z</time>
    <extensions>
     <power>413</power>
     <gpxtpx:TrackPointExtension>
      <gpxtpx:atemp>28</gpxtpx:atemp>
      <gpxtpx:hr>182</gpxtpx:hr>
      <gpxtpx:cad>89</gpxtpx:cad>
     </gpxtpx:TrackPointExtension>
    </extensions>
   </trkpt>
   <trkpt lat="46.7845780" lon="130.3399170">
    <ele>82.0</ele>
    <time>2025-09-07T00:14:54Z</time>
    <extensions>
     <power>412</power>
     <gpxtpx:TrackPointExtension>
      <gpxtpx:atemp>28</gpxtpx:atemp>
      <gpxtpx:hr>182</gpxtpx:hr>
      <gpxtpx:cad>89</gpxtpx:cad>
     </gpxtpx:TrackPointExtension>
    </extensions>
   </trkpt>
   <trkpt lat="46.7845990" lon="130.3399690">
    <ele>82.0</ele>
    <time>2025-09-07T00:14:55Z</time>
    <extensions>
     <power>411</power>
     <gpxtpx:TrackPointExtension>
      <gpxtpx:atemp>28</gpxtpx:atemp>
      <gpxtpx:hr>182</gpxtpx:hr>
      <gpxtpx:cad>89</gpxtpx:cad>
     </gpxtpx:TrackPointExtension>
    </extensions>
   </trkpt>
   <trkpt lat="46.7846070" lon="130.3400120">
    <ele>82.0</ele>
    <time>2025-09-07T00:14:56Z</time>
    <extensions>
     <power>410</power>
     <gpxtpx:TrackPointExtension>
      <gpxtpx:atemp>28</gpxtpx:atemp>
      <gpxtpx:hr>182</gpxtpx:hr>
      <gpxtpx:cad>89</gpxtpx:cad>
     </gpxtpx:TrackPointExtension>
    </extensions>
   </trkpt>
   <trkpt lat="46.7846270" lon="130.3400700">
    <ele>82.2</ele>
    <time>2025-09-07T00:14:57Z</time>
    <extensions>
     <power>410</power>
     <gpxtpx:TrackPointExtension>
      <gpxtpx:atemp>28</gpxtpx:atemp>
      <gpxtpx:hr>182</gpxtpx:hr>
      <gpxtpx:cad>89</gpxtpx:cad>
     </gpxtpx:TrackPointExtension>
    </extensions>
   </trkpt>
   <trkpt lat="46.7846340" lon="130.3401100">
    <ele>82.0</ele>
    <time>2025-09-07T00:14:58Z</time>
    <extensions>
     <power>410</power>
     <gpxtpx:TrackPointExtension>
      <gpxtpx:atemp>28</gpxtpx:atemp>
      <gpxtpx:hr>182</gpxtpx:hr>
      <gpxtpx:cad>89</gpxtpx:cad>
     </gpxtpx:TrackPointExtension>
    </extensions>
   </trkpt>
   <trkpt lat="46.7846540" lon="130.3401590">
    <ele>82.0</ele>
    <time>2025-09-07T00:14:59Z</time>
    <extensions>
     <power>410</power>
     <gpxtpx:TrackPointExtension>
      <gpxtpx:atemp>28</gpxtpx:atemp>
      <gpxtpx:hr>183</gpxtpx:hr>
      <gpxtpx:cad>89</gpxtpx:cad>
     </gpxtpx:TrackPointExtension>
    </extensions>
   </trkpt>
   <trkpt lat="46.7846630" lon="130.3401990">
    <ele>82.0</ele>
    <time>2025-09-07T00:15:00Z</time>
    <extensions>
     <power>409</power>
     <gpxtpx:TrackPointExtension>
      <gpxtpx:atemp>28</gpxtpx:atemp>
      <gpxtpx:hr>182</gpxtpx:hr>
      <gpxtpx:cad>89</gpxtpx:cad>
     </gpxtpx:TrackPointExtension>
    </extensions>
   </trkpt>
   <trkpt lat="46.7846840" lon="130.3402480">
    <ele>82.0</ele>
    <time>2025-09-07T00:15:01Z</time>
    <extensions>
     <power>409</power>
     <gpxtpx:TrackPointExtension>
      <gpxtpx:atemp>28</gpxtpx:atemp>
      <gpxtpx:hr>182</gpxtpx:hr>
      <gpxtpx:cad>89</gpxtpx:cad>
     </gpxtpx:TrackPointExtension>
    </extensions>
   </trkpt>
   <trkpt lat="46.7847030" lon="130.3402920">
    <ele>82.0</ele>
    <time>2025-09-07T00:15:02Z</time>
    <extensions>
     <power>408</power>
     <gpxtpx:TrackPointExtension>
      <gpxtpx:atemp>28</gpxtpx:atemp>
      <gpxtpx:hr>182</gpxtpx:hr>
      <gpxtpx:cad>89</gpxtpx:cad>
     </gpxtpx:TrackPointExtension>
    </extensions>
   </trkpt>
   <trkpt lat="46.7847230" lon="130.3403410">
    <ele>82.0</ele>
    <time>2025-09-07T00:15:03Z</time>
    <extensions>
     <power>409</power>
     <gpxtpx:TrackPointExtension>
      <gpxtpx:atemp>28</gpxtpx:atemp>
      <gpxtpx:hr>182</gpxtpx:hr>
      <gpxtpx:cad>89</gpxtpx:cad>
     </gpxtpx:TrackPointExtension>
    </extensions>
   </trkpt>
   <trkpt lat="46.7847350" lon="130.3403870">
    <ele>82.0</ele>
    <time>2025-09-07T00:15:04Z</time>
    <extensions>
     <power>408</power>
     <gpxtpx:TrackPointExtension>
      <gpxtpx:atemp>28</gpxtpx:atemp>
      <gpxtpx:hr>182</gpxtpx:hr>
      <gpxtpx:cad>89</gpxtpx:cad>
     </gpxtpx:TrackPointExtension>
    </extensions>
   </trkpt>
   <trkpt lat="46.7847560" lon="130.3404400">
    <ele>82.0</ele>
    <time>2025-09-07T00:15:05Z</time>
    <extensions>
     <power>406</power>
     <gpxtpx:TrackPointExtension>
      <gpxtpx:atemp>28</gpxtpx:atemp>
      <gpxtpx:hr>183</gpxtpx:hr>
      <gpxtpx:cad>89</gpxtpx:cad>
     </gpxtpx:TrackPointExtension>
    </extensions>
   </trkpt>
   <trkpt lat="46.7847620" lon="130.3404850">
    <ele>82.0</ele>
    <time>2025-09-07T00:15:06Z</time>
    <extensions>
     <power>404</power>
     <gpxtpx:TrackPointExtension>
      <gpxtpx:atemp>28</gpxtpx:atemp>
      <gpxtpx:hr>182</gpxtpx:hr>
      <gpxtpx:cad>89</gpxtpx:cad>
     </gpxtpx:TrackPointExtension>
    </extensions>
   </trkpt>
   <trkpt lat="46.7847830" lon="130.3405420">
    <ele>82.0</ele>
    <time>2025-09-07T00:15:07Z</time>
    <extensions>
     <power>405</power>
     <gpxtpx:TrackPointExtension>
      <gpxtpx:atemp>28</gpxtpx:atemp>
      <gpxtpx:hr>182</gpxtpx:hr>
      <gpxtpx:cad>89</gpxtpx:cad>
     </gpxtpx:TrackPointExtension>
    </extensions>
   </trkpt>
   <trkpt lat="46.7847950" lon="130.3405880">
    <ele>82.0</ele>
    <time>2025-09-07T00:15:08Z</time>
    <extensions>
     <power>405</power>
     <gpxtpx:TrackPointExtension>
      <gpxtpx:atemp>28</gpxtpx:atemp>
      <gpxtpx:hr>182</gpxtpx:hr>
      <gpxtpx:cad>90</gpxtpx:cad>
     </gpxtpx:TrackPointExtension>
    </extensions>
   </trkpt>
   <trkpt lat="46.7848130" lon="130.3406410">
    <ele>82.0</ele>
    <time>2025-09-07T00:15:09Z</time>
    <extensions>
     <power>403</power>
     <gpxtpx:TrackPointExtension>
      <gpxtpx:atemp>28</gpxtpx:atemp>
      <gpxtpx:hr>182</gpxtpx:hr>
      <gpxtpx:cad>90</gpxtpx:cad>
     </gpxtpx:TrackPointExtension>
    </extensions>
   </trkpt>
   <trkpt lat="46.7848250" lon="130.3406810">
    <ele>82.0</ele>
    <time>2025-09-07T00:15:10Z</time>
    <extensions>
     <power>404</power>
     <gpxtpx:TrackPointExtension>
      <gpxtpx:atemp>28</gpxtpx:atemp>
      <gpxtpx:hr>182</gpxtpx:hr>
      <gpxtpx:cad>90</gpxtpx:cad>
     </gpxtpx:TrackPointExtension>
    </extensions>
   </trkpt>
   <trkpt lat="46.7848450" lon="130.3407330">
    <ele>81.8</ele>
    <time>2025-09-07T00:15:11Z</time>
    <extensions>
     <power>401</power>
     <gpxtpx:TrackPointExtension>
      <gpxtpx:atemp>28</gpxtpx:atemp>
      <gpxtpx:hr>182</gpxtpx:hr>
      <gpxtpx:cad>90</gpxtpx:cad>
     </gpxtpx:TrackPointExtension>
    </extensions>
   </trkpt>
   <trkpt lat="46.7848590" lon="130.3407670">
    <ele>81.8</ele>
    <time>2025-09-07T00:15:12Z</time>
    <extensions>
     <power>398</power>
     <gpxtpx:TrackPointExtension>
      <gpxtpx:atemp>28</gpxtpx:atemp>
      <gpxtpx:hr>182</gpxtpx:hr>
      <gpxtpx:cad>90</gpxtpx:cad>
     </gpxtpx:TrackPointExtension>
    </extensions>
   </trkpt>
   <trkpt lat="46.7848820" lon="130.3408100">
    <ele>81.8</ele>
    <time>2025-09-07T00:15:13Z</time>
    <extensions>
     <power>397</power>
     <gpxtpx:TrackPointExtension>
      <gpxtpx:atemp>28</gpxtpx:atemp>
      <gpxtpx:hr>183</gpxtpx:hr>
      <gpxtpx:cad>90</gpxtpx:cad>
     </gpxtpx:TrackPointExtension>
    </extensions>
   </trkpt>
   <trkpt lat="46.7848950" lon="130.3408480">
    <ele>81.6</ele>
    <time>2025-09-07T00:15:14Z</time>
    <extensions>
     <power>395</power>
     <gpxtpx:TrackPointExtension>
      <gpxtpx:atemp>28</gpxtpx:atemp>
      <gpxtpx:hr>182</gpxtpx:hr>
      <gpxtpx:cad>90</gpxtpx:cad>
     </gpxtpx:TrackPointExtension>
    </extensions>
   </trkpt>
   <trkpt lat="46.7849190" lon="130.3408990">
    <ele>81.6</ele>
    <time>2025-09-07T00:15:15Z</time>
    <extensions>
     <power>395</power>
     <gpxtpx:TrackPointExtension>
      <gpxtpx:atemp>28</gpxtpx:atemp>
      <gpxtpx:hr>182</gpxtpx:hr>
      <gpxtpx:cad>90</gpxtpx:cad>
     </gpxtpx:TrackPointExtension>
    </extensions>
   </trkpt>
   <trkpt lat="46.7849320" lon="130.3409440">
    <ele>81.4</ele>
    <time>2025-09-07T00:15:16Z</time>
    <extensions>
     <power>393</power>
     <gpxtpx:TrackPointExtension>
      <gpxtpx:atemp>28</gpxtpx:atemp>
      <gpxtpx:hr>183</gpxtpx:hr>
      <gpxtpx:cad>89</gpxtpx:cad>
     </gpxtpx:TrackPointExtension>
    </extensions>
   </trkpt>
   <trkpt lat="46.7849520" lon="130.3409950">
    <ele>81.6</ele>
    <time>2025-09-07T00:15:17Z</time>
    <extensions>
     <power>392</power>
     <gpxtpx:TrackPointExtension>
      <gpxtpx:atemp>28</gpxtpx:atemp>
      <gpxtpx:hr>182</gpxtpx:hr>
      <gpxtpx:cad>89</gpxtpx:cad>
     </gpxtpx:TrackPointExtension>
    </extensions>
   </trkpt>
   <trkpt lat="46.7849620" lon="130.3410400">
    <ele>81.4</ele>
    <time>2025-09-07T00:15:18Z</time>
    <extensions>
     <power>392</power>
     <gpxtpx:TrackPointExtension>
      <gpxtpx:atemp>28</gpxtpx:atemp>
      <gpxtpx:hr>182</gpxtpx:hr>
      <gpxtpx:cad>89</gpxtpx:cad>
     </gpxtpx:TrackPointExtension>
    </extensions>
   </trkpt>
   <trkpt lat="46.7849810" lon="130.3410930">
    <ele>81.4</ele>
    <time>2025-09-07T00:15:19Z</time>
    <extensions>
     <power>391</power>
     <gpxtpx:TrackPointExtension>
      <gpxtpx:atemp>28</gpxtpx:atemp>
      <gpxtpx:hr>183</gpxtpx:hr>
      <gpxtpx:cad>89</gpxtpx:cad>
     </gpxtpx:TrackPointExtension>
    </extensions>
   </trkpt>
   <trkpt lat="46.7849910" lon="130.3411370">
    <ele>81.4</ele>
    <time>2025-09-07T00:15:20Z</time>
    <extensions>
     <power>391</power>
     <gpxtpx:TrackPointExtension>
      <gpxtpx:atemp>28</gpxtpx:atemp>
      <gpxtpx:hr>182</gpxtpx:hr>
      <gpxtpx:cad>89</gpxtpx:cad>
     </gpxtpx:TrackPointExtension>
    </extensions>
   </trkpt>
   <trkpt lat="46.7850110" lon="130.3411920">
    <ele>81.4</ele>
    <time>2025-09-07T00:15:21Z</time>
    <extensions>
     <power>390</power>
     <gpxtpx:TrackPointExtension>
      <gpxtpx:atemp>28</gpxtpx:atemp>
      <gpxtpx:hr>183</gpxtpx:hr>
      <gpxtpx:cad>89</gpxtpx:cad>
     </gpxtpx:TrackPointExtension>
    </extensions>
   </trkpt>
   <trkpt lat="46.7850250" lon="130.3412320">
    <ele>81.4</ele>
    <time>2025-09-07T00:15:22Z</time>
    <extensions>
     <power>389</power>
     <gpxtpx:TrackPointExtension>
      <gpxtpx:atemp>28</gpxtpx:atemp>
      <gpxtpx:hr>182</gpxtpx:hr>
      <gpxtpx:cad>89</gpxtpx:cad>
     </gpxtpx:TrackPointExtension>
    </extensions>
   </trkpt>
   <trkpt lat="46.7850490" lon="130.3412850">
    <ele>81.4</ele>
    <time>2025-09-07T00:15:23Z</time>
    <extensions>
     <power>388</power>
     <gpxtpx:TrackPointExtension>
      <gpxtpx:atemp>28</gpxtpx:atemp>
      <gpxtpx:hr>182</gpxtpx:hr>
      <gpxtpx:cad>89</gpxtpx:cad>
     </gpxtpx:TrackPointExtension>
    </extensions>
   </trkpt>
   <trkpt lat="46.7850610" lon="130.3413270">
    <ele>81.4</ele>
    <time>2025-09-07T00:15:24Z</time>
    <extensions>
     <power>389</power>
     <gpxtpx:TrackPointExtension>
      <gpxtpx:atemp>28</gpxtpx:atemp>
      <gpxtpx:hr>182</gpxtpx:hr>
      <gpxtpx:cad>90</gpxtpx:cad>
     </gpxtpx:TrackPointExtension>
    </extensions>
   </trkpt>
   <trkpt lat="46.7850840" lon="130.3413810">
    <ele>81.4</ele>
    <time>2025-09-07T00:15:25Z</time>
    <extensions>
     <power>388</power>
     <gpxtpx:TrackPointExtension>
      <gpxtpx:atemp>28</gpxtpx:atemp>
      <gpxtpx:hr>183</gpxtpx:hr>
      <gpxtpx:cad>91</gpxtpx:cad>
     </gpxtpx:TrackPointExtension>
    </extensions>
   </trkpt>
   <trkpt lat="46.7850980" lon="130.3414250">
    <ele>81.4</ele>
    <time>2025-09-07T00:15:26Z</time>
    <extensions>
     <power>388</power>
     <gpxtpx:TrackPointExtension>
      <gpxtpx:atemp>28</gpxtpx:atemp>
      <gpxtpx:hr>182</gpxtpx:hr>
      <gpxtpx:cad>91</gpxtpx:cad>
     </gpxtpx:TrackPointExtension>
    </extensions>
   </trkpt>
   <trkpt lat="46.7851230" lon="130.3414790">
    <ele>81.4</ele>
    <time>2025-09-07T00:15:27Z</time>
    <extensions>
     <power>389</power>
     <gpxtpx:TrackPointExtension>
      <gpxtpx:atemp>28</gpxtpx:atemp>
      <gpxtpx:hr>182</gpxtpx:hr>
      <gpxtpx:cad>91</gpxtpx:cad>
     </gpxtpx:TrackPointExtension>
    </extensions>
   </trkpt>
   <trkpt lat="46.7851380" lon="130.3415240">
    <ele>81.4</ele>
    <time>2025-09-07T00:15:28Z</time>
    <extensions>
     <power>388</power>
     <gpxtpx:TrackPointExtension>
      <gpxtpx:atemp>28</gpxtpx:atemp>
      <gpxtpx:hr>183</gpxtpx:hr>
      <gpxtpx:cad>90</gpxtpx:cad>
     </gpxtpx:TrackPointExtension>
    </extensions>
   </trkpt>
   <trkpt lat="46.7851570" lon="130.3415800">
    <ele>81.4</ele>
    <time>2025-09-07T00:15:29Z</time>
    <extensions>
     <power>391</power>
     <gpxtpx:TrackPointExtension>
      <gpxtpx:atemp>28</gpxtpx:atemp>
      <gpxtpx:hr>182</gpxtpx:hr>
      <gpxtpx:cad>90</gpxtpx:cad>
     </gpxtpx:TrackPointExtension>
    </extensions>
   </trkpt>
   <trkpt lat="46.7851670" lon="130.3416250">
    <ele>81.2</ele>
    <time>2025-09-07T00:15:30Z</time>
    <extensions>
     <power>392</power>
     <gpxtpx:TrackPointExtension>
      <gpxtpx:atemp>28</gpxtpx:atemp>
      <gpxtpx:hr>182</gpxtpx:hr>
      <gpxtpx:cad>90</gpxtpx:cad>
     </gpxtpx:TrackPointExtension>
    </extensions>
   </trkpt>
   <trkpt lat="46.7851870" lon="130.3416730">
    <ele>81.2</ele>
    <time>2025-09-07T00:15:31Z</time>
    <extensions>
     <power>393</power>
     <gpxtpx:TrackPointExtension>
      <gpxtpx:atemp>28</gpxtpx:atemp>
      <gpxtpx:hr>183</gpxtpx:hr>
      <gpxtpx:cad>90</gpxtpx:cad>
     </gpxtpx:TrackPointExtension>
    </extensions>
   </trkpt>
   <trkpt lat="46.7851970" lon="130.3417100">
    <ele>81.2</ele>
    <time>2025-09-07T00:15:32Z</time>
    <extensions>
     <power>393</power>
     <gpxtpx:TrackPointExtension>
      <gpxtpx:atemp>28</gpxtpx:atemp>
      <gpxtpx:hr>182</gpxtpx:hr>
      <gpxtpx:cad>90</gpxtpx:cad>
     </gpxtpx:TrackPointExtension>
    </extensions>
   </trkpt>
   <trkpt lat="46.7852200" lon="130.3417620">
    <ele>81.2</ele>
    <time>2025-09-07T00:15:33Z</time>
    <extensions>
     <power>392</power>
     <gpxtpx:TrackPointExtension>
      <gpxtpx:atemp>28</gpxtpx:atemp>
      <gpxtpx:hr>182</gpxtpx:hr>
      <gpxtpx:cad>89</gpxtpx:cad>
     </gpxtpx:TrackPointExtension>
    </extensions>
   </trkpt>
   <trkpt lat="46.7852280" lon="130.3418030">
    <ele>81.2</ele>
    <time>2025-09-07T00:15:34Z</time>
    <extensions>
     <power>393</power>
     <gpxtpx:TrackPointExtension>
      <gpxtpx:atemp>28</gpxtpx:atemp>
      <gpxtpx:hr>183</gpxtpx:hr>
      <gpxtpx:cad>89</gpxtpx:cad>
     </gpxtpx:TrackPointExtension>
    </extensions>
   </trkpt>
   <trkpt lat="46.7852510" lon="130.3418540">
    <ele>81.2</ele>
    <time>2025-09-07T00:15:35Z</time>
    <extensions>
     <power>393</power>
     <gpxtpx:TrackPointExtension>
      <gpxtpx:atemp>28</gpxtpx:atemp>
      <gpxtpx:hr>182</gpxtpx:hr>
      <gpxtpx:cad>89</gpxtpx:cad>
     </gpxtpx:TrackPointExtension>
    </extensions>
   </trkpt>
   <trkpt lat="46.7852630" lon="130.3418950">
    <ele>81.0</ele>
    <time>2025-09-07T00:15:36Z</time>
    <extensions>
     <power>393</power>
     <gpxtpx:TrackPointExtension>
      <gpxtpx:atemp>28</gpxtpx:atemp>
      <gpxtpx:hr>182</gpxtpx:hr>
      <gpxtpx:cad>89</gpxtpx:cad>
     </gpxtpx:TrackPointExtension>
    </extensions>
   </trkpt>
   <trkpt lat="46.7852880" lon="130.3419480">
    <ele>81.0</ele>
    <time>2025-09-07T00:15:37Z</time>
    <extensions>
     <power>392</power>
     <gpxtpx:TrackPointExtension>
      <gpxtpx:atemp>28</gpxtpx:atemp>
      <gpxtpx:hr>183</gpxtpx:hr>
      <gpxtpx:cad>89</gpxtpx:cad>
     </gpxtpx:TrackPointExtension>
    </extensions>
   </trkpt>
   <trkpt lat="46.7852990" lon="130.3419880">
    <ele>81.0</ele>
    <time>2025-09-07T00:15:38Z</time>
    <extensions>
     <power>392</power>
     <gpxtpx:TrackPointExtension>
      <gpxtpx:atemp>28</gpxtpx:atemp>
      <gpxtpx:hr>182</gpxtpx:hr>
      <gpxtpx:cad>89</gpxtpx:cad>
     </gpxtpx:TrackPointExtension>
    </extensions>
   </trkpt>
   <trkpt lat="46.7853200" lon="130.3420420">
    <ele>81.0</ele>
    <time>2025-09-07T00:15:39Z</time>
    <extensions>
     <power>391</power>
     <gpxtpx:TrackPointExtension>
      <gpxtpx:atemp>28</gpxtpx:atemp>
      <gpxtpx:hr>182</gpxtpx:hr>
      <gpxtpx:cad>89</gpxtpx:cad>
     </gpxtpx:TrackPointExtension>
    </extensions>
   </trkpt>
   <trkpt lat="46.7853320" lon="130.3420810">
    <ele>80.8</ele>
    <time>2025-09-07T00:15:40Z</time>
    <extensions>
     <power>392</power>
     <gpxtpx:TrackPointExtension>
      <gpxtpx:atemp>28</gpxtpx:atemp>
      <gpxtpx:hr>183</gpxtpx:hr>
      <gpxtpx:cad>89</gpxtpx:cad>
     </gpxtpx:TrackPointExtension>
    </extensions>
   </trkpt>
   <trkpt lat="46.7853510" lon="130.3421330">
    <ele>80.8</ele>
    <time>2025-09-07T00:15:41Z</time>
    <extensions>
     <power>390</power>
     <gpxtpx:TrackPointExtension>
      <gpxtpx:atemp>28</gpxtpx:atemp>
      <gpxtpx:hr>182</gpxtpx:hr>
      <gpxtpx:cad>89</gpxtpx:cad>
     </gpxtpx:TrackPointExtension>
    </extensions>
   </trkpt>
   <trkpt lat="46.7853610" lon="130.3421760">
    <ele>80.8</ele>
    <time>2025-09-07T00:15:42Z</time>
    <extensions>
     <power>390</power>
     <gpxtpx:TrackPointExtension>
      <gpxtpx:atemp>28</gpxtpx:atemp>
      <gpxtpx:hr>182</gpxtpx:hr>
      <gpxtpx:cad>89</gpxtpx:cad>
     </gpxtpx:TrackPointExtension>
    </extensions>
   </trkpt>
   <trkpt lat="46.7853780" lon="130.3422320">
    <ele>80.8</ele>
    <time>2025-09-07T00:15:43Z</time>
    <extensions>
     <power>390</power>
     <gpxtpx:TrackPointExtension>
      <gpxtpx:atemp>28</gpxtpx:atemp>
      <gpxtpx:hr>182</gpxtpx:hr>
      <gpxtpx:cad>89</gpxtpx:cad>
     </gpxtpx:TrackPointExtension>
    </extensions>
   </trkpt>
   <trkpt lat="46.7853870" lon="130.3422750">
    <ele>80.8</ele>
    <time>2025-09-07T00:15:44Z</time>
    <extensions>
     <power>389</power>
     <gpxtpx:TrackPointExtension>
      <gpxtpx:atemp>28</gpxtpx:atemp>
      <gpxtpx:hr>182</gpxtpx:hr>
      <gpxtpx:cad>89</gpxtpx:cad>
     </gpxtpx:TrackPointExtension>
    </extensions>
   </trkpt>
   <trkpt lat="46.7854050" lon="130.3423270">
    <ele>81.0</ele>
    <time>2025-09-07T00:15:45Z</time>
    <extensions>
     <power>388</power>
     <gpxtpx:TrackPointExtension>
      <gpxtpx:atemp>28</gpxtpx:atemp>
      <gpxtpx:hr>183</gpxtpx:hr>
      <gpxtpx:cad>89</gpxtpx:cad>
     </gpxtpx:TrackPointExtension>
    </extensions>
   </trkpt>
   <trkpt lat="46.7854110" lon="130.3423680">
    <ele>81.0</ele>
    <time>2025-09-07T00:15:46Z</time>
    <extensions>
     <power>389</power>
     <gpxtpx:TrackPointExtension>
      <gpxtpx:atemp>28</gpxtpx:atemp>
      <gpxtpx:hr>182</gpxtpx:hr>
      <gpxtpx:cad>89</gpxtpx:cad>
     </gpxtpx:TrackPointExtension>
    </extensions>
   </trkpt>
   <trkpt lat="46.7854300" lon="130.3424240">
    <ele>81.0</ele>
    <time>2025-09-07T00:15:47Z</time>
    <extensions>
     <power>389</power>
     <gpxtpx:TrackPointExtension>
      <gpxtpx:atemp>28</gpxtpx:atemp>
      <gpxtpx:hr>182</gpxtpx:hr>
      <gpxtpx:cad>89</gpxtpx:cad>
     </gpxtpx:TrackPointExtension>
    </extensions>
   </trkpt>
   <trkpt lat="46.7854390" lon="130.3424680">
    <ele>80.8</ele>
    <time>2025-09-07T00:15:48Z</time>
    <extensions>
     <power>389</power>
     <gpxtpx:TrackPointExtension>
      <gpxtpx:atemp>28</gpxtpx:atemp>
      <gpxtpx:hr>182</gpxtpx:hr>
      <gpxtpx:cad>89</gpxtpx:cad>
     </gpxtpx:TrackPointExtension>
    </extensions>
   </trkpt>
   <trkpt lat="46.7854560" lon="130.3425200">
    <ele>80.8</ele>
    <time>2025-09-07T00:15:49Z</time>
    <extensions>
     <power>389</power>
     <gpxtpx:TrackPointExtension>
      <gpxtpx:atemp>28</gpxtpx:atemp>
      <gpxtpx:hr>182</gpxtpx:hr>
      <gpxtpx:cad>90</gpxtpx:cad>
     </gpxtpx:TrackPointExtension>
    </extensions>
   </trkpt>
   <trkpt lat="46.7854680" lon="130.3425640">
    <ele>80.8</ele>
    <time>2025-09-07T00:15:50Z</time>
    <extensions>
     <power>388</power>
     <gpxtpx:TrackPointExtension>
      <gpxtpx:atemp>28</gpxtpx:atemp>
      <gpxtpx:hr>182</gpxtpx:hr>
      <gpxtpx:cad>91</gpxtpx:cad>
     </gpxtpx:TrackPointExtension>
    </extensions>
   </trkpt>
   <trkpt lat="46.7854860" lon="130.3426210">
    <ele>80.8</ele>
    <time>2025-09-07T00:15:51Z</time>
    <extensions>
     <power>387</power>
     <gpxtpx:TrackPointExtension>
      <gpxtpx:atemp>28</gpxtpx:atemp>
      <gpxtpx:hr>182</gpxtpx:hr>
      <gpxtpx:cad>91</gpxtpx:cad>
     </gpxtpx:TrackPointExtension>
    </extensions>
   </trkpt>
   <trkpt lat="46.7854990" lon="130.3426640">
    <ele>80.8</ele>
    <time>2025-09-07T00:15:52Z</time>
    <extensions>
     <power>387</power>
     <gpxtpx:TrackPointExtension>
      <gpxtpx:atemp>28</gpxtpx:atemp>
      <gpxtpx:hr>182</gpxtpx:hr>
      <gpxtpx:cad>90</gpxtpx:cad>
     </gpxtpx:TrackPointExtension>
    </extensions>
   </trkpt>
   <trkpt lat="46.7855180" lon="130.3427140">
    <ele>80.8</ele>
    <time>2025-09-07T00:15:53Z</time>
    <extensions>
     <power>390</power>
     <gpxtpx:TrackPointExtension>
      <gpxtpx:atemp>28</gpxtpx:atemp>
      <gpxtpx:hr>182</gpxtpx:hr>
      <gpxtpx:cad>90</gpxtpx:cad>
     </gpxtpx:TrackPointExtension>
    </extensions>
   </trkpt>
   <trkpt lat="46.7855250" lon="130.3427560">
    <ele>80.8</ele>
    <time>2025-09-07T00:15:54Z</time>
    <extensions>
     <power>390</power>
     <gpxtpx:TrackPointExtension>
      <gpxtpx:atemp>28</gpxtpx:atemp>
      <gpxtpx:hr>182</gpxtpx:hr>
      <gpxtpx:cad>89</gpxtpx:cad>
     </gpxtpx:TrackPointExtension>
    </extensions>
   </trkpt>
   <trkpt lat="46.7855420" lon="130.3428090">
    <ele>80.8</ele>
    <time>2025-09-07T00:15:55Z</time>
    <extensions>
     <power>390</power>
     <gpxtpx:TrackPointExtension>
      <gpxtpx:atemp>28</gpxtpx:atemp>
      <gpxtpx:hr>182</gpxtpx:hr>
      <gpxtpx:cad>89</gpxtpx:cad>
     </gpxtpx:TrackPointExtension>
    </extensions>
   </trkpt>
   <trkpt lat="46.7855510" lon="130.3428530">
    <ele>80.8</ele>
    <time>2025-09-07T00:15:56Z</time>
    <extensions>
     <power>388</power>
     <gpxtpx:TrackPointExtension>
      <gpxtpx:atemp>28</gpxtpx:atemp>
      <gpxtpx:hr>183</gpxtpx:hr>
      <gpxtpx:cad>89</gpxtpx:cad>
     </gpxtpx:TrackPointExtension>
    </extensions>
   </trkpt>
   <trkpt lat="46.7855680" lon="130.3429090">
    <ele>80.8</ele>
    <time>2025-09-07T00:15:57Z</time>
    <extensions>
     <power>388</power>
     <gpxtpx:TrackPointExtension>
      <gpxtpx:atemp>28</gpxtpx:atemp>
      <gpxtpx:hr>182</gpxtpx:hr>
      <gpxtpx:cad>88</gpxtpx:cad>
     </gpxtpx:TrackPointExtension>
    </extensions>
   </trkpt>
   <trkpt lat="46.7855760" lon="130.3429500">
    <ele>80.8</ele>
    <time>2025-09-07T00:15:58Z</time>
    <extensions>
     <power>389</power>
     <gpxtpx:TrackPointExtension>
      <gpxtpx:atemp>28</gpxtpx:atemp>
      <gpxtpx:hr>182</gpxtpx:hr>
      <gpxtpx:cad>88</gpxtpx:cad>
     </gpxtpx:TrackPointExtension>
    </extensions>
   </trkpt>
   <trkpt lat="46.7855940" lon="130.3430000">
    <ele>80.8</ele>
    <time>2025-09-07T00:15:59Z</time>
    <extensions>
     <power>389</power>
     <gpxtpx:TrackPointExtension>
      <gpxtpx:atemp>28</gpxtpx:atemp>
      <gpxtpx:hr>182</gpxtpx:hr>
      <gpxtpx:cad>88</gpxtpx:cad>
     </gpxtpx:TrackPointExtension>
    </extensions>
   </trkpt>
   <trkpt lat="46.7856040" lon="130.3430390">
    <ele>80.8</ele>
    <time>2025-09-07T00:16:00Z</time>
    <extensions>
     <power>389</power>
     <gpxtpx:TrackPointExtension>
      <gpxtpx:atemp>28</gpxtpx:atemp>
      <gpxtpx:hr>182</gpxtpx:hr>
      <gpxtpx:cad>89</gpxtpx:cad>
     </gpxtpx:TrackPointExtension>
    </extensions>
   </trkpt>
   <trkpt lat="46.7856220" lon="130.3430890">
    <ele>80.8</ele>
    <time>2025-09-07T00:16:01Z</time>
    <extensions>
     <power>387</power>
     <gpxtpx:TrackPointExtension>
      <gpxtpx:atemp>28</gpxtpx:atemp>
      <gpxtpx:hr>182</gpxtpx:hr>
      <gpxtpx:cad>90</gpxtpx:cad>
     </gpxtpx:TrackPointExtension>
    </extensions>
   </trkpt>
   <trkpt lat="46.7856390" lon="130.3431250">
    <ele>80.6</ele>
    <time>2025-09-07T00:16:02Z</time>
    <extensions>
     <power>385</power>
     <gpxtpx:TrackPointExtension>
      <gpxtpx:atemp>28</gpxtpx:atemp>
      <gpxtpx:hr>182</gpxtpx:hr>
      <gpxtpx:cad>90</gpxtpx:cad>
     </gpxtpx:TrackPointExtension>
    </extensions>
   </trkpt>
   <trkpt lat="46.7856620" lon="130.3431760">
    <ele>80.6</ele>
    <time>2025-09-07T00:16:03Z</time>
    <extensions>
     <power>385</power>
     <gpxtpx:TrackPointExtension>
      <gpxtpx:atemp>28</gpxtpx:atemp>
      <gpxtpx:hr>183</gpxtpx:hr>
      <gpxtpx:cad>90</gpxtpx:cad>
     </gpxtpx:TrackPointExtension>
    </extensions>
   </trkpt>
   <trkpt lat="46.7856720" lon="130.3432170">
    <ele>80.6</ele>
    <time>2025-09-07T00:16:04Z</time>
    <extensions>
     <power>385</power>
     <gpxtpx:TrackPointExtension>
      <gpxtpx:atemp>28</gpxtpx:atemp>
      <gpxtpx:hr>182</gpxtpx:hr>
      <gpxtpx:cad>90</gpxtpx:cad>
     </gpxtpx:TrackPointExtension>
    </extensions>
   </trkpt>
   <trkpt lat="46.7856910" lon="130.3432720">
    <ele>80.6</ele>
    <time>2025-09-07T00:16:05Z</time>
    <extensions>
     <power>385</power>
     <gpxtpx:TrackPointExtension>
      <gpxtpx:atemp>28</gpxtpx:atemp>
      <gpxtpx:hr>182</gpxtpx:hr>
      <gpxtpx:cad>89</gpxtpx:cad>
     </gpxtpx:TrackPointExtension>
    </extensions>
   </trkpt>
   <trkpt lat="46.7857000" lon="130.3433160">
    <ele>80.6</ele>
    <time>2025-09-07T00:16:06Z</time>
    <extensions>
     <power>386</power>
     <gpxtpx:TrackPointExtension>
      <gpxtpx:atemp>28</gpxtpx:atemp>
      <gpxtpx:hr>183</gpxtpx:hr>
      <gpxtpx:cad>89</gpxtpx:cad>
     </gpxtpx:TrackPointExtension>
    </extensions>
   </trkpt>
   <trkpt lat="46.7857190" lon="130.3433710">
    <ele>80.8</ele>
    <time>2025-09-07T00:16:07Z</time>
    <extensions>
     <power>385</power>
     <gpxtpx:TrackPointExtension>
      <gpxtpx:atemp>28</gpxtpx:atemp>
      <gpxtpx:hr>182</gpxtpx:hr>
      <gpxtpx:cad>89</gpxtpx:cad>
     </gpxtpx:TrackPointExtension>
    </extensions>
   </trkpt>
   <trkpt lat="46.7857280" lon="130.3434140">
    <ele>80.8</ele>
    <time>2025-09-07T00:16:08Z</time>
    <extensions>
     <power>385</power>
     <gpxtpx:TrackPointExtension>
      <gpxtpx:atemp>28</gpxtpx:atemp>
      <gpxtpx:hr>182</gpxtpx:hr>
      <gpxtpx:cad>89</gpxtpx:cad>
     </gpxtpx:TrackPointExtension>
    </extensions>
   </trkpt>
   <trkpt lat="46.7857460" lon="130.3434660">
    <ele>80.8</ele>
    <time>2025-09-07T00:16:09Z</time>
    <extensions>
     <power>386</power>
     <gpxtpx:TrackPointExtension>
      <gpxtpx:atemp>28</gpxtpx:atemp>
      <gpxtpx:hr>183</gpxtpx:hr>
      <gpxtpx:cad>89</gpxtpx:cad>
     </gpxtpx:TrackPointExtension>
    </extensions>
   </trkpt>
   <trkpt lat="46.7857530" lon="130.3435120">
    <ele>80.8</ele>
    <time>2025-09-07T00:16:10Z</time>
    <extensions>
     <power>387</power>
     <gpxtpx:TrackPointExtension>
      <gpxtpx:atemp>28</gpxtpx:atemp>
      <gpxtpx:hr>182</gpxtpx:hr>
      <gpxtpx:cad>89</gpxtpx:cad>
     </gpxtpx:TrackPointExtension>
    </extensions>
   </trkpt>
   <trkpt lat="46.7857660" lon="130.3435690">
    <ele>81.0</ele>
    <time>2025-09-07T00:16:11Z</time>
    <extensions>
     <power>387</power>
     <gpxtpx:TrackPointExtension>
      <gpxtpx:atemp>28</gpxtpx:atemp>
      <gpxtpx:hr>182</gpxtpx:hr>
      <gpxtpx:cad>89</gpxtpx:cad>
     </gpxtpx:TrackPointExtension>
    </extensions>
   </trkpt>
   <trkpt lat="46.7857730" lon="130.3436140">
    <ele>81.0</ele>
    <time>2025-09-07T00:16:12Z</time>
    <extensions>
     <power>390</power>
     <gpxtpx:TrackPointExtension>
      <gpxtpx:atemp>28</gpxtpx:atemp>
      <gpxtpx:hr>183</gpxtpx:hr>
      <gpxtpx:cad>89</gpxtpx:cad>
     </gpxtpx:TrackPointExtension>
    </extensions>
   </trkpt>
   <trkpt lat="46.7857900" lon="130.3436700">
    <ele>81.0</ele>
    <time>2025-09-07T00:16:13Z</time>
    <extensions>
     <power>389</power>
     <gpxtpx:TrackPointExtension>
      <gpxtpx:atemp>28</gpxtpx:atemp>
      <gpxtpx:hr>182</gpxtpx:hr>
      <gpxtpx:cad>89</gpxtpx:cad>
     </gpxtpx:TrackPointExtension>
    </extensions>
   </trkpt>
   <trkpt lat="46.7858010" lon="130.3437150">
    <ele>80.8</ele>
    <time>2025-09-07T00:16:14Z</time>
    <extensions>
     <power>391</power>
     <gpxtpx:TrackPointExtension>
      <gpxtpx:atemp>28</gpxtpx:atemp>
      <gpxtpx:hr>182</gpxtpx:hr>
      <gpxtpx:cad>89</gpxtpx:cad>
     </gpxtpx:TrackPointExtension>
    </extensions>
   </trkpt>
   <trkpt lat="46.7858170" lon="130.3437680">
    <ele>80.8</ele>
    <time>2025-09-07T00:16:15Z</time>
    <extensions>
     <power>392</power>
     <gpxtpx:TrackPointExtension>
      <gpxtpx:atemp>28</gpxtpx:atemp>
      <gpxtpx:hr>182</gpxtpx:hr>
      <gpxtpx:cad>89</gpxtpx:cad>
     </gpxtpx:TrackPointExtension>
    </extensions>
   </trkpt>
   <trkpt lat="46.7858240" lon="130.3438170">
    <ele>80.8</ele>
    <time>2025-09-07T00:16:16Z</time>
    <extensions>
     <power>392</power>
     <gpxtpx:TrackPointExtension>
      <gpxtpx:atemp>28</gpxtpx:atemp>
      <gpxtpx:hr>183</gpxtpx:hr>
      <gpxtpx:cad>89</gpxtpx:cad>
     </gpxtpx:TrackPointExtension>
    </extensions>
   </trkpt>
   <trkpt lat="46.7858360" lon="130.3438710">
    <ele>80.8</ele>
    <time>2025-09-07T00:16:17Z</time>
    <extensions>
     <power>393</power>
     <gpxtpx:TrackPointExtension>
      <gpxtpx:atemp>28</gpxtpx:atemp>
      <gpxtpx:hr>182</gpxtpx:hr>
      <gpxtpx:cad>89</gpxtpx:cad>
     </gpxtpx:TrackPointExtension>
    </extensions>
   </trkpt>
   <trkpt lat="46.7858410" lon="130.3439110">
    <ele>80.8</ele>
    <time>2025-09-07T00:16:18Z</time>
    <extensions>
     <power>392</power>
     <gpxtpx:TrackPointExtension>
      <gpxtpx:atemp>28</gpxtpx:atemp>
      <gpxtpx:hr>182</gpxtpx:hr>
      <gpxtpx:cad>89</gpxtpx:cad>
     </gpxtpx:TrackPointExtension>
    </extensions>
   </trkpt>
   <trkpt lat="46.7858540" lon="130.3439650">
    <ele>81.0</ele>
    <time>2025-09-07T00:16:19Z</time>
    <extensions>
     <power>393</power>
     <gpxtpx:TrackPointExtension>
      <gpxtpx:atemp>28</gpxtpx:atemp>
      <gpxtpx:hr>183</gpxtpx:hr>
      <gpxtpx:cad>89</gpxtpx:cad>
     </gpxtpx:TrackPointExtension>
    </extensions>
   </trkpt>
   <trkpt lat="46.7858590" lon="130.3440060">
    <ele>81.0</ele>
    <time>2025-09-07T00:16:20Z</time>
    <extensions>
     <power>392</power>
     <gpxtpx:TrackPointExtension>
      <gpxtpx:atemp>28</gpxtpx:atemp>
      <gpxtpx:hr>182</gpxtpx:hr>
      <gpxtpx:cad>89</gpxtpx:cad>
     </gpxtpx:TrackPointExtension>
    </extensions>
   </trkpt>
   <trkpt lat="46.7858680" lon="130.3440610">
    <ele>81.2</ele>
    <time>2025-09-07T00:16:21Z</time>
    <extensions>
     <power>393</power>
     <gpxtpx:TrackPointExtension>
      <gpxtpx:atemp>28</gpxtpx:atemp>
      <gpxtpx:hr>182</gpxtpx:hr>
      <gpxtpx:cad>89</gpxtpx:cad>
     </gpxtpx:TrackPointExtension>
    </extensions>
   </trkpt>
   <trkpt lat="46.7858700" lon="130.3441030">
    <ele>81.2</ele>
    <time>2025-09-07T00:16:22Z</time>
    <extensions>
     <power>393</power>
     <gpxtpx:TrackPointExtension>
      <gpxtpx:atemp>28</gpxtpx:atemp>
      <gpxtpx:hr>183</gpxtpx:hr>
      <gpxtpx:cad>89</gpxtpx:cad>
     </gpxtpx:TrackPointExtension>
    </extensions>
   </trkpt>
   <trkpt lat="46.7858830" lon="130.3441560">
    <ele>81.2</ele>
    <time>2025-09-07T00:16:23Z</time>
    <extensions>
     <power>394</power>
     <gpxtpx:TrackPointExtension>
      <gpxtpx:atemp>28</gpxtpx:atemp>
      <gpxtpx:hr>182</gpxtpx:hr>
      <gpxtpx:cad>90</gpxtpx:cad>
     </gpxtpx:TrackPointExtension>
    </extensions>
   </trkpt>
   <trkpt lat="46.7858860" lon="130.3442030">
    <ele>81.2</ele>
    <time>2025-09-07T00:16:24Z</time>
    <extensions>
     <power>392</power>
     <gpxtpx:TrackPointExtension>
      <gpxtpx:atemp>28</gpxtpx:atemp>
      <gpxtpx:hr>182</gpxtpx:hr>
      <gpxtpx:cad>90</gpxtpx:cad>
     </gpxtpx:TrackPointExtension>
    </extensions>
   </trkpt>
   <trkpt lat="46.7858950" lon="130.3442590">
    <ele>81.2</ele>
    <time>2025-09-07T00:16:25Z</time>
    <extensions>
     <power>392</power>
     <gpxtpx:TrackPointExtension>
      <gpxtpx:atemp>28</gpxtpx:atemp>
      <gpxtpx:hr>183</gpxtpx:hr>
      <gpxtpx:cad>90</gpxtpx:cad>
     </gpxtpx:TrackPointExtension>
    </extensions>
   </trkpt>
   <trkpt lat="46.7858930" lon="130.3443040">
    <ele>81.0</ele>
    <time>2025-09-07T00:16:26Z</time>
    <extensions>
     <power>392</power>
     <gpxtpx:TrackPointExtension>
      <gpxtpx:atemp>28</gpxtpx:atemp>
      <gpxtpx:hr>182</gpxtpx:hr>
      <gpxtpx:cad>89</gpxtpx:cad>
     </gpxtpx:TrackPointExtension>
    </extensions>
   </trkpt>
   <trkpt lat="46.7858980" lon="130.3443630">
    <ele>81.0</ele>
    <time>2025-09-07T00:16:27Z</time>
    <extensions>
     <power>395</power>
     <gpxtpx:TrackPointExtension>
      <gpxtpx:atemp>28</gpxtpx:atemp>
      <gpxtpx:hr>182</gpxtpx:hr>
      <gpxtpx:cad>89</gpxtpx:cad>
     </gpxtpx:TrackPointExtension>
    </extensions>
   </trkpt>
   <trkpt lat="46.7858940" lon="130.3444110">
    <ele>81.2</ele>
    <time>2025-09-07T00:16:28Z</time>
    <extensions>
     <power>395</power>
     <gpxtpx:TrackPointExtension>
      <gpxtpx:atemp>28</gpxtpx:atemp>
      <gpxtpx:hr>182</gpxtpx:hr>
      <gpxtpx:cad>89</gpxtpx:cad>
     </gpxtpx:TrackPointExtension>
    </extensions>
   </trkpt>
   <trkpt lat="46.7858940" lon="130.3444700">
    <ele>81.2</ele>
    <time>2025-09-07T00:16:29Z</time>
    <extensions>
     <power>396</power>
     <gpxtpx:TrackPointExtension>
      <gpxtpx:atemp>28</gpxtpx:atemp>
      <gpxtpx:hr>183</gpxtpx:hr>
      <gpxtpx:cad>89</gpxtpx:cad>
     </gpxtpx:TrackPointExtension>
    </extensions>
   </trkpt>
   <trkpt lat="46.7858900" lon="130.3445150">
    <ele>81.2</ele>
    <time>2025-09-07T00:16:30Z</time>
    <extensions>
     <power>396</power>
     <gpxtpx:TrackPointExtension>
      <gpxtpx:atemp>28</gpxtpx:atemp>
      <gpxtpx:hr>182</gpxtpx:hr>
      <gpxtpx:cad>89</gpxtpx:cad>
     </gpxtpx:TrackPointExtension>
    </extensions>
   </trkpt>
   <trkpt lat="46.7858830" lon="130.3445650">
    <ele>81.2</ele>
    <time>2025-09-07T00:16:31Z</time>
    <extensions>
     <power>398</power>
     <gpxtpx:TrackPointExtension>
      <gpxtpx:atemp>28</gpxtpx:atemp>
      <gpxtpx:hr>182</gpxtpx:hr>
      <gpxtpx:cad>90</gpxtpx:cad>
     </gpxtpx:TrackPointExtension>
    </extensions>
   </trkpt>
   <trkpt lat="46.7858800" lon="130.3446130">
    <ele>81.2</ele>
    <time>2025-09-07T00:16:32Z</time>
    <extensions>
     <power>397</power>
     <gpxtpx:TrackPointExtension>
      <gpxtpx:atemp>28</gpxtpx:atemp>
      <gpxtpx:hr>183</gpxtpx:hr>
      <gpxtpx:cad>90</gpxtpx:cad>
     </gpxtpx:TrackPointExtension>
    </extensions>
   </trkpt>
   <trkpt lat="46.7858860" lon="130.3446720">
    <ele>81.2</ele>
    <time>2025-09-07T00:16:33Z</time>
    <extensions>
     <power>396</power>
     <gpxtpx:TrackPointExtension>
      <gpxtpx:atemp>28</gpxtpx:atemp>
      <gpxtpx:hr>182</gpxtpx:hr>
      <gpxtpx:cad>90</gpxtpx:cad>
     </gpxtpx:TrackPointExtension>
    </extensions>
   </trkpt>
   <trkpt lat="46.7858870" lon="130.3447170">
    <ele>81.2</ele>
    <time>2025-09-07T00:16:34Z</time>
    <extensions>
     <power>397</power>
     <gpxtpx:TrackPointExtension>
      <gpxtpx:atemp>28</gpxtpx:atemp>
      <gpxtpx:hr>182</gpxtpx:hr>
      <gpxtpx:cad>89</gpxtpx:cad>
     </gpxtpx:TrackPointExtension>
    </extensions>
   </trkpt>
   <trkpt lat="46.7858920" lon="130.3447770">
    <ele>81.2</ele>
    <time>2025-09-07T00:16:35Z</time>
    <extensions>
     <power>398</power>
     <gpxtpx:TrackPointExtension>
      <gpxtpx:atemp>28</gpxtpx:atemp>
      <gpxtpx:hr>183</gpxtpx:hr>
      <gpxtpx:cad>89</gpxtpx:cad>
     </gpxtpx:TrackPointExtension>
    </extensions>
   </trkpt>
   <trkpt lat="46.7858890" lon="130.3448280">
    <ele>81.2</ele>
    <time>2025-09-07T00:16:36Z</time>
    <extensions>
     <power>399</power>
     <gpxtpx:TrackPointExtension>
      <gpxtpx:atemp>28</gpxtpx:atemp>
      <gpxtpx:hr>182</gpxtpx:hr>
      <gpxtpx:cad>89</gpxtpx:cad>
     </gpxtpx:TrackPointExtension>
    </extensions>
   </trkpt>
   <trkpt lat="46.7858900" lon="130.3448900">
    <ele>81.4</ele>
    <time>2025-09-07T00:16:37Z</time>
    <extensions>
     <power>401</power>
     <gpxtpx:TrackPointExtension>
      <gpxtpx:atemp>28</gpxtpx:atemp>
      <gpxtpx:hr>182</gpxtpx:hr>
      <gpxtpx:cad>89</gpxtpx:cad>
     </gpxtpx:TrackPointExtension>
    </extensions>
   </trkpt>
   <trkpt lat="46.7858880" lon="130.3449380">
    <ele>81.2</ele>
    <time>2025-09-07T00:16:38Z</time>
    <extensions>
     <power>400</power>
     <gpxtpx:TrackPointExtension>
      <gpxtpx:atemp>28</gpxtpx:atemp>
      <gpxtpx:hr>183</gpxtpx:hr>
      <gpxtpx:cad>89</gpxtpx:cad>
     </gpxtpx:TrackPointExtension>
    </extensions>
   </trkpt>
   <trkpt lat="46.7858940" lon="130.3449970">
    <ele>81.2</ele>
    <time>2025-09-07T00:16:39Z</time>
    <extensions>
     <power>402</power>
     <gpxtpx:TrackPointExtension>
      <gpxtpx:atemp>28</gpxtpx:atemp>
      <gpxtpx:hr>182</gpxtpx:hr>
      <gpxtpx:cad>90</gpxtpx:cad>
     </gpxtpx:TrackPointExtension>
    </extensions>
   </trkpt>
   <trkpt lat="46.7858920" lon="130.3450400">
    <ele>81.2</ele>
    <time>2025-09-07T00:16:40Z</time>
    <extensions>
     <power>401</power>
     <gpxtpx:TrackPointExtension>
      <gpxtpx:atemp>28</gpxtpx:atemp>
      <gpxtpx:hr>182</gpxtpx:hr>
      <gpxtpx:cad>90</gpxtpx:cad>
     </gpxtpx:TrackPointExtension>
    </extensions>
   </trkpt>
   <trkpt lat="46.7858990" lon="130.3451000">
    <ele>81.2</ele>
    <time>2025-09-07T00:16:41Z</time>
    <extensions>
     <power>401</power>
     <gpxtpx:TrackPointExtension>
      <gpxtpx:atemp>28</gpxtpx:atemp>
      <gpxtpx:hr>183</gpxtpx:hr>
      <gpxtpx:cad>90</gpxtpx:cad>
     </gpxtpx:TrackPointExtension>
    </extensions>
   </trkpt>
   <trkpt lat="46.7858970" lon="130.3451480">
    <ele>81.2</ele>
    <time>2025-09-07T00:16:42Z</time>
    <extensions>
     <power>403</power>
     <gpxtpx:TrackPointExtension>
      <gpxtpx:atemp>28</gpxtpx:atemp>
      <gpxtpx:hr>183</gpxtpx:hr>
      <gpxtpx:cad>90</gpxtpx:cad>
     </gpxtpx:TrackPointExtension>
    </extensions>
   </trkpt>
   <trkpt lat="46.7858990" lon="130.3452090">
    <ele>81.4</ele>
    <time>2025-09-07T00:16:43Z</time>
    <extensions>
     <power>400</power>
     <gpxtpx:TrackPointExtension>
      <gpxtpx:atemp>28</gpxtpx:atemp>
      <gpxtpx:hr>183</gpxtpx:hr>
      <gpxtpx:cad>90</gpxtpx:cad>
     </gpxtpx:TrackPointExtension>
    </extensions>
   </trkpt>
   <trkpt lat="46.7858970" lon="130.3452560">
    <ele>81.4</ele>
    <time>2025-09-07T00:16:44Z</time>
    <extensions>
     <power>402</power>
     <gpxtpx:TrackPointExtension>
      <gpxtpx:atemp>28</gpxtpx:atemp>
      <gpxtpx:hr>183</gpxtpx:hr>
      <gpxtpx:cad>90</gpxtpx:cad>
     </gpxtpx:TrackPointExtension>
    </extensions>
   </trkpt>
   <trkpt lat="46.7859040" lon="130.3453170">
    <ele>81.4</ele>
    <time>2025-09-07T00:16:45Z</time>
    <extensions>
     <power>402</power>
     <gpxtpx:TrackPointExtension>
      <gpxtpx:atemp>28</gpxtpx:atemp>
      <gpxtpx:hr>182</gpxtpx:hr>
      <gpxtpx:cad>90</gpxtpx:cad>
     </gpxtpx:TrackPointExtension>
    </extensions>
   </trkpt>
   <trkpt lat="46.7859050" lon="130.3453620">
    <ele>81.2</ele>
    <time>2025-09-07T00:16:46Z</time>
    <extensions>
     <power>401</power>
     <gpxtpx:TrackPointExtension>
      <gpxtpx:atemp>28</gpxtpx:atemp>
      <gpxtpx:hr>183</gpxtpx:hr>
      <gpxtpx:cad>90</gpxtpx:cad>
     </gpxtpx:TrackPointExtension>
    </extensions>
   </trkpt>
   <trkpt lat="46.7859210" lon="130.3454200">
    <ele>81.2</ele>
    <time>2025-09-07T00:16:47Z</time>
    <extensions>
     <power>404</power>
     <gpxtpx:TrackPointExtension>
      <gpxtpx:atemp>28</gpxtpx:atemp>
      <gpxtpx:hr>183</gpxtpx:hr>
      <gpxtpx:cad>90</gpxtpx:cad>
     </gpxtpx:TrackPointExtension>
    </extensions>
   </trkpt>
   <trkpt lat="46.7859270" lon="130.3454630">
    <ele>81.2</ele>
    <time>2025-09-07T00:16:48Z</time>
    <extensions>
     <power>404</power>
     <gpxtpx:TrackPointExtension>
      <gpxtpx:atemp>28</gpxtpx:atemp>
      <gpxtpx:hr>183</gpxtpx:hr>
      <gpxtpx:cad>90</gpxtpx:cad>
     </gpxtpx:TrackPointExtension>
    </extensions>
   </trkpt>
   <trkpt lat="46.7859500" lon="130.3455180">
    <ele>81.2</ele>
    <time>2025-09-07T00:16:49Z</time>
    <extensions>
     <power>405</power>
     <gpxtpx:TrackPointExtension>
      <gpxtpx:atemp>28</gpxtpx:atemp>
      <gpxtpx:hr>182</gpxtpx:hr>
      <gpxtpx:cad>90</gpxtpx:cad>
     </gpxtpx:TrackPointExtension>
    </extensions>
   </trkpt>
   <trkpt lat="46.7859630" lon="130.3455560">
    <ele>81.2</ele>
    <time>2025-09-07T00:16:50Z</time>
    <extensions>
     <power>405</power>
     <gpxtpx:TrackPointExtension>
      <gpxtpx:atemp>28</gpxtpx:atemp>
      <gpxtpx:hr>183</gpxtpx:hr>
      <gpxtpx:cad>90</gpxtpx:cad>
     </gpxtpx:TrackPointExtension>
    </extensions>
   </trkpt>
   <trkpt lat="46.7859880" lon="130.3456050">
    <ele>81.4</ele>
    <time>2025-09-07T00:16:51Z</time>
    <extensions>
     <power>404</power>
     <gpxtpx:TrackPointExtension>
      <gpxtpx:atemp>28</gpxtpx:atemp>
      <gpxtpx:hr>183</gpxtpx:hr>
      <gpxtpx:cad>90</gpxtpx:cad>
     </gpxtpx:TrackPointExtension>
    </extensions>
   </trkpt>
   <trkpt lat="46.7860000" lon="130.3456430">
    <ele>81.4</ele>
    <time>2025-09-07T00:16:52Z</time>
    <extensions>
     <power>404</power>
     <gpxtpx:TrackPointExtension>
      <gpxtpx:atemp>28</gpxtpx:atemp>
      <gpxtpx:hr>183</gpxtpx:hr>
      <gpxtpx:cad>89</gpxtpx:cad>
     </gpxtpx:TrackPointExtension>
    </extensions>
   </trkpt>
   <trkpt lat="46.7860260" lon="130.3456920">
    <ele>81.4</ele>
    <time>2025-09-07T00:16:53Z</time>
    <extensions>
     <power>403</power>
     <gpxtpx:TrackPointExtension>
      <gpxtpx:atemp>28</gpxtpx:atemp>
      <gpxtpx:hr>182</gpxtpx:hr>
      <gpxtpx:cad>89</gpxtpx:cad>
     </gpxtpx:TrackPointExtension>
    </extensions>
   </trkpt>
   <trkpt lat="46.7860420" lon="130.3457300">
    <ele>81.4</ele>
    <time>2025-09-07T00:16:54Z</time>
    <extensions>
     <power>403</power>
     <gpxtpx:TrackPointExtension>
      <gpxtpx:atemp>28</gpxtpx:atemp>
      <gpxtpx:hr>183</gpxtpx:hr>
      <gpxtpx:cad>89</gpxtpx:cad>
     </gpxtpx:TrackPointExtension>
    </extensions>
   </trkpt>
   <trkpt lat="46.7860690" lon="130.3457830">
    <ele>81.4</ele>
    <time>2025-09-07T00:16:55Z</time>
    <extensions>
     <power>402</power>
     <gpxtpx:TrackPointExtension>
      <gpxtpx:atemp>28</gpxtpx:atemp>
      <gpxtpx:hr>183</gpxtpx:hr>
      <gpxtpx:cad>89</gpxtpx:cad>
     </gpxtpx:TrackPointExtension>
    </extensions>
   </trkpt>
   <trkpt lat="46.7860880" lon="130.3458240">
    <ele>81.6</ele>
    <time>2025-09-07T00:16:56Z</time>
    <extensions>
     <power>403</power>
     <gpxtpx:TrackPointExtension>
      <gpxtpx:atemp>28</gpxtpx:atemp>
      <gpxtpx:hr>182</gpxtpx:hr>
      <gpxtpx:cad>89</gpxtpx:cad>
     </gpxtpx:TrackPointExtension>
    </extensions>
   </trkpt>
   <trkpt lat="46.7861150" lon="130.3458680">
    <ele>81.6</ele>
    <time>2025-09-07T00:16:57Z</time>
    <extensions>
     <power>404</power>
     <gpxtpx:TrackPointExtension>
      <gpxtpx:atemp>28</gpxtpx:atemp>
      <gpxtpx:hr>183</gpxtpx:hr>
      <gpxtpx:cad>89</gpxtpx:cad>
     </gpxtpx:TrackPointExtension>
    </extensions>
   </trkpt>
   <trkpt lat="46.7861320" lon="130.3459050">
    <ele>81.6</ele>
    <time>2025-09-07T00:16:58Z</time>
    <extensions>
     <power>406</power>
     <gpxtpx:TrackPointExtension>
      <gpxtpx:atemp>28</gpxtpx:atemp>
      <gpxtpx:hr>183</gpxtpx:hr>
      <gpxtpx:cad>89</gpxtpx:cad>
     </gpxtpx:TrackPointExtension>
    </extensions>
   </trkpt>
   <trkpt lat="46.7861590" lon="130.3459500">
    <ele>81.6</ele>
    <time>2025-09-07T00:16:59Z</time>
    <extensions>
     <power>406</power>
     <gpxtpx:TrackPointExtension>
      <gpxtpx:atemp>28</gpxtpx:atemp>
      <gpxtpx:hr>182</gpxtpx:hr>
      <gpxtpx:cad>89</gpxtpx:cad>
     </gpxtpx:TrackPointExtension>
    </extensions>
   </trkpt>
   <trkpt lat="46.7861740" lon="130.3459890">
    <ele>81.6</ele>
    <time>2025-09-07T00:17:00Z</time>
    <extensions>
     <power>405</power>
     <gpxtpx:TrackPointExtension>
      <gpxtpx:atemp>28</gpxtpx:atemp>
      <gpxtpx:hr>183</gpxtpx:hr>
      <gpxtpx:cad>89</gpxtpx:cad>
     </gpxtpx:TrackPointExtension>
    </extensions>
   </trkpt>
   <trkpt lat="46.7862010" lon="130.3460370">
    <ele>81.6</ele>
    <time>2025-09-07T00:17:01Z</time>
    <extensions>
     <power>404</power>
     <gpxtpx:TrackPointExtension>
      <gpxtpx:atemp>28</gpxtpx:atemp>
      <gpxtpx:hr>183</gpxtpx:hr>
      <gpxtpx:cad>89</gpxtpx:cad>
     </gpxtpx:TrackPointExtension>
    </extensions>
   </trkpt>
   <trkpt lat="46.7862150" lon="130.3460720">
    <ele>81.4</ele>
    <time>2025-09-07T00:17:02Z</time>
    <extensions>
     <power>403</power>
     <gpxtpx:TrackPointExtension>
      <gpxtpx:atemp>28</gpxtpx:atemp>
      <gpxtpx:hr>182</gpxtpx:hr>
      <gpxtpx:cad>89</gpxtpx:cad>
     </gpxtpx:TrackPointExtension>
    </extensions>
   </trkpt>
   <trkpt lat="46.7862430" lon="130.3461210">
    <ele>81.4</ele>
    <time>2025-09-07T00:17:03Z</time>
    <extensions>
     <power>403</power>
     <gpxtpx:TrackPointExtension>
      <gpxtpx:atemp>28</gpxtpx:atemp>
      <gpxtpx:hr>183</gpxtpx:hr>
      <gpxtpx:cad>90</gpxtpx:cad>
     </gpxtpx:TrackPointExtension>
    </extensions>
   </trkpt>
   <trkpt lat="46.7862570" lon="130.3461580">
    <ele>81.4</ele>
    <time>2025-09-07T00:17:04Z</time>
    <extensions>
     <power>402</power>
     <gpxtpx:TrackPointExtension>
      <gpxtpx:atemp>28</gpxtpx:atemp>
      <gpxtpx:hr>183</gpxtpx:hr>
      <gpxtpx:cad>90</gpxtpx:cad>
     </gpxtpx:TrackPointExtension>
    </extensions>
   </trkpt>
   <trkpt lat="46.7862830" lon="130.3462060">
    <ele>81.2</ele>
    <time>2025-09-07T00:17:05Z</time>
    <extensions>
     <power>402</power>
     <gpxtpx:TrackPointExtension>
      <gpxtpx:atemp>28</gpxtpx:atemp>
      <gpxtpx:hr>182</gpxtpx:hr>
      <gpxtpx:cad>90</gpxtpx:cad>
     </gpxtpx:TrackPointExtension>
    </extensions>
   </trkpt>
   <trkpt lat="46.7862930" lon="130.3462440">
    <ele>81.2</ele>
    <time>2025-09-07T00:17:06Z</time>
    <extensions>
     <power>400</power>
     <gpxtpx:TrackPointExtension>
      <gpxtpx:atemp>28</gpxtpx:atemp>
      <gpxtpx:hr>183</gpxtpx:hr>
      <gpxtpx:cad>90</gpxtpx:cad>
     </gpxtpx:TrackPointExtension>
    </extensions>
   </trkpt>
   <trkpt lat="46.7863170" lon="130.3462930">
    <ele>81.2</ele>
    <time>2025-09-07T00:17:07Z</time>
    <extensions>
     <power>399</power>
     <gpxtpx:TrackPointExtension>
      <gpxtpx:atemp>28</gpxtpx:atemp>
      <gpxtpx:hr>183</gpxtpx:hr>
      <gpxtpx:cad>90</gpxtpx:cad>
     </gpxtpx:TrackPointExtension>
    </extensions>
   </trkpt>
   <trkpt lat="46.7863310" lon="130.3463310">
    <ele>81.2</ele>
    <time>2025-09-07T00:17:08Z</time>
    <extensions>
     <power>396</power>
     <gpxtpx:TrackPointExtension>
      <gpxtpx:atemp>28</gpxtpx:atemp>
      <gpxtpx:hr>182</gpxtpx:hr>
      <gpxtpx:cad>90</gpxtpx:cad>
     </gpxtpx:TrackPointExtension>
    </extensions>
   </trkpt>
   <trkpt lat="46.7863550" lon="130.3463810">
    <ele>81.2</ele>
    <time>2025-09-07T00:17:09Z</time>
    <extensions>
     <power>395</power>
     <gpxtpx:TrackPointExtension>
      <gpxtpx:atemp>28</gpxtpx:atemp>
      <gpxtpx:hr>183</gpxtpx:hr>
      <gpxtpx:cad>90</gpxtpx:cad>
     </gpxtpx:TrackPointExtension>
    </extensions>
   </trkpt>
   <trkpt lat="46.7863680" lon="130.3464190">
    <ele>81.2</ele>
    <time>2025-09-07T00:17:10Z</time>
    <extensions>
     <power>393</power>
     <gpxtpx:TrackPointExtension>
      <gpxtpx:atemp>28</gpxtpx:atemp>
      <gpxtpx:hr>182</gpxtpx:hr>
      <gpxtpx:cad>89</gpxtpx:cad>
     </gpxtpx:TrackPointExtension>
    </extensions>
   </trkpt>
   <trkpt lat="46.7863950" lon="130.3464680">
    <ele>81.2</ele>
    <time>2025-09-07T00:17:11Z</time>
    <extensions>
     <power>393</power>
     <gpxtpx:TrackPointExtension>
      <gpxtpx:atemp>28</gpxtpx:atemp>
      <gpxtpx:hr>182</gpxtpx:hr>
      <gpxtpx:cad>89</gpxtpx:cad>
     </gpxtpx:TrackPointExtension>
    </extensions>
   </trkpt>
   <trkpt lat="46.7864100" lon="130.3465070">
    <ele>81.2</ele>
    <time>2025-09-07T00:17:12Z</time>
    <extensions>
     <power>393</power>
     <gpxtpx:TrackPointExtension>
      <gpxtpx:atemp>28</gpxtpx:atemp>
      <gpxtpx:hr>182</gpxtpx:hr>
      <gpxtpx:cad>89</gpxtpx:cad>
     </gpxtpx:TrackPointExtension>
    </extensions>
   </trkpt>
   <trkpt lat="46.7864330" lon="130.3465540">
    <ele>81.2</ele>
    <time>2025-09-07T00:17:13Z</time>
    <extensions>
     <power>392</power>
     <gpxtpx:TrackPointExtension>
      <gpxtpx:atemp>28</gpxtpx:atemp>
      <gpxtpx:hr>183</gpxtpx:hr>
      <gpxtpx:cad>89</gpxtpx:cad>
     </gpxtpx:TrackPointExtension>
    </extensions>
   </trkpt>
   <trkpt lat="46.7864450" lon="130.3465910">
    <ele>81.4</ele>
    <time>2025-09-07T00:17:14Z</time>
    <extensions>
     <power>394</power>
     <gpxtpx:TrackPointExtension>
      <gpxtpx:atemp>28</gpxtpx:atemp>
      <gpxtpx:hr>182</gpxtpx:hr>
      <gpxtpx:cad>89</gpxtpx:cad>
     </gpxtpx:TrackPointExtension>
    </extensions>
   </trkpt>
   <trkpt lat="46.7864630" lon="130.3466430">
    <ele>81.4</ele>
    <time>2025-09-07T00:17:15Z</time>
    <extensions>
     <power>395</power>
     <gpxtpx:TrackPointExtension>
      <gpxtpx:atemp>28</gpxtpx:atemp>
      <gpxtpx:hr>183</gpxtpx:hr>
      <gpxtpx:cad>89</gpxtpx:cad>
     </gpxtpx:TrackPointExtension>
    </extensions>
   </trkpt>
   <trkpt lat="46.7864720" lon="130.3466830">
    <ele>81.4</ele>
    <time>2025-09-07T00:17:16Z</time>
    <extensions>
     <power>391</power>
     <gpxtpx:TrackPointExtension>
      <gpxtpx:atemp>28</gpxtpx:atemp>
      <gpxtpx:hr>183</gpxtpx:hr>
      <gpxtpx:cad>89</gpxtpx:cad>
     </gpxtpx:TrackPointExtension>
    </extensions>
   </trkpt>
   <trkpt lat="46.7864910" lon="130.3467340">
    <ele>81.4</ele>
    <time>2025-09-07T00:17:17Z</time>
    <extensions>
     <power>391</power>
     <gpxtpx:TrackPointExtension>
      <gpxtpx:atemp>28</gpxtpx:atemp>
      <gpxtpx:hr>182</gpxtpx:hr>
      <gpxtpx:cad>89</gpxtpx:cad>
     </gpxtpx:TrackPointExtension>
    </extensions>
   </trkpt>
   <trkpt lat="46.7865030" lon="130.3467730">
    <ele>81.4</ele>
    <time>2025-09-07T00:17:18Z</time>
    <extensions>
     <power>390</power>
     <gpxtpx:TrackPointExtension>
      <gpxtpx:atemp>28</gpxtpx:atemp>
      <gpxtpx:hr>182</gpxtpx:hr>
      <gpxtpx:cad>89</gpxtpx:cad>
     </gpxtpx:TrackPointExtension>
    </extensions>
   </trkpt>
   <trkpt lat="46.7865190" lon="130.3468240">
    <ele>81.4</ele>
    <time>2025-09-07T00:17:19Z</time>
    <extensions>
     <power>391</power>
     <gpxtpx:TrackPointExtension>
      <gpxtpx:atemp>28</gpxtpx:atemp>
      <gpxtpx:hr>182</gpxtpx:hr>
      <gpxtpx:cad>89</gpxtpx:cad>
     </gpxtpx:TrackPointExtension>
    </extensions>
   </trkpt>
   <trkpt lat="46.7865270" lon="130.3468660">
    <ele>81.4</ele>
    <time>2025-09-07T00:17:20Z</time>
    <extensions>
     <power>391</power>
     <gpxtpx:TrackPointExtension>
      <gpxtpx:atemp>28</gpxtpx:atemp>
      <gpxtpx:hr>183</gpxtpx:hr>
      <gpxtpx:cad>88</gpxtpx:cad>
     </gpxtpx:TrackPointExtension>
    </extensions>
   </trkpt>
   <trkpt lat="46.7865480" lon="130.3469120">
    <ele>81.4</ele>
    <time>2025-09-07T00:17:21Z</time>
    <extensions>
     <power>393</power>
     <gpxtpx:TrackPointExtension>
      <gpxtpx:atemp>28</gpxtpx:atemp>
      <gpxtpx:hr>182</gpxtpx:hr>
      <gpxtpx:cad>88</gpxtpx:cad>
     </gpxtpx:TrackPointExtension>
    </extensions>
   </trkpt>
   <trkpt lat="46.7865600" lon="130.3469490">
    <ele>81.6</ele>
    <time>2025-09-07T00:17:22Z</time>
    <extensions>
     <power>393</power>
     <gpxtpx:TrackPointExtension>
      <gpxtpx:atemp>28</gpxtpx:atemp>
      <gpxtpx:hr>182</gpxtpx:hr>
      <gpxtpx:cad>89</gpxtpx:cad>
     </gpxtpx:TrackPointExtension>
    </extensions>
   </trkpt>
   <trkpt lat="46.7865830" lon="130.3469990">
    <ele>81.6</ele>
    <time>2025-09-07T00:17:23Z</time>
    <extensions>
     <power>392</power>
     <gpxtpx:TrackPointExtension>
      <gpxtpx:atemp>28</gpxtpx:atemp>
      <gpxtpx:hr>183</gpxtpx:hr>
      <gpxtpx:cad>89</gpxtpx:cad>
     </gpxtpx:TrackPointExtension>
    </extensions>
   </trkpt>
   <trkpt lat="46.7865970" lon="130.3470380">
    <ele>81.6</ele>
    <time>2025-09-07T00:17:24Z</time>
    <extensions>
     <power>391</power>
     <gpxtpx:TrackPointExtension>
      <gpxtpx:atemp>28</gpxtpx:atemp>
      <gpxtpx:hr>182</gpxtpx:hr>
      <gpxtpx:cad>90</gpxtpx:cad>
     </gpxtpx:TrackPointExtension>
    </extensions>
   </trkpt>
   <trkpt lat="46.7866210" lon="130.3470920">
    <ele>81.6</ele>
    <time>2025-09-07T00:17:25Z</time>
    <extensions>
     <power>390</power>
     <gpxtpx:TrackPointExtension>
      <gpxtpx:atemp>28</gpxtpx:atemp>
      <gpxtpx:hr>182</gpxtpx:hr>
      <gpxtpx:cad>90</gpxtpx:cad>
     </gpxtpx:TrackPointExtension>
    </extensions>
   </trkpt>
   <trkpt lat="46.7866330" lon="130.3471330">
    <ele>81.6</ele>
    <time>2025-09-07T00:17:26Z</time>
    <extensions>
     <power>390</power>
     <gpxtpx:TrackPointExtension>
      <gpxtpx:atemp>28</gpxtpx:atemp>
      <gpxtpx:hr>183</gpxtpx:hr>
      <gpxtpx:cad>90</gpxtpx:cad>
     </gpxtpx:TrackPointExtension>
    </extensions>
   </trkpt>
   <trkpt lat="46.7866510" lon="130.3471890">
    <ele>81.4</ele>
    <time>2025-09-07T00:17:27Z</time>
    <extensions>
     <power>390</power>
     <gpxtpx:TrackPointExtension>
      <gpxtpx:atemp>29</gpxtpx:atemp>
      <gpxtpx:hr>182</gpxtpx:hr>
      <gpxtpx:cad>91</gpxtpx:cad>
     </gpxtpx:TrackPointExtension>
    </extensions>
   </trkpt>
   <trkpt lat="46.7866620" lon="130.3472380">
    <ele>81.4</ele>
    <time>2025-09-07T00:17:28Z</time>
    <extensions>
     <power>388</power>
     <gpxtpx:TrackPointExtension>
      <gpxtpx:atemp>28</gpxtpx:atemp>
      <gpxtpx:hr>182</gpxtpx:hr>
      <gpxtpx:cad>91</gpxtpx:cad>
     </gpxtpx:TrackPointExtension>
    </extensions>
   </trkpt>
   <trkpt lat="46.7866800" lon="130.3472940">
    <ele>81.4</ele>
    <time>2025-09-07T00:17:29Z</time>
    <extensions>
     <power>389</power>
     <gpxtpx:TrackPointExtension>
      <gpxtpx:atemp>28</gpxtpx:atemp>
      <gpxtpx:hr>183</gpxtpx:hr>
      <gpxtpx:cad>91</gpxtpx:cad>
     </gpxtpx:TrackPointExtension>
    </extensions>
   </trkpt>
   <trkpt lat="46.7866910" lon="130.3473440">
    <ele>81.2</ele>
    <time>2025-09-07T00:17:30Z</time>
    <extensions>
     <power>388</power>
     <gpxtpx:TrackPointExtension>
      <gpxtpx:atemp>29</gpxtpx:atemp>
      <gpxtpx:hr>183</gpxtpx:hr>
      <gpxtpx:cad>90</gpxtpx:cad>
     </gpxtpx:TrackPointExtension>
    </extensions>
   </trkpt>
   <trkpt lat="46.7867030" lon="130.3473990">
    <ele>81.4</ele>
    <time>2025-09-07T00:17:31Z</time>
    <extensions>
     <power>393</power>
     <gpxtpx:TrackPointExtension>
      <gpxtpx:atemp>29</gpxtpx:atemp>
      <gpxtpx:hr>183</gpxtpx:hr>
      <gpxtpx:cad>90</gpxtpx:cad>
     </gpxtpx:TrackPointExtension>
    </extensions>
   </trkpt>
   <trkpt lat="46.7867120" lon="130.3474430">
    <ele>81.2</ele>
    <time>2025-09-07T00:17:32Z</time>
    <extensions>
     <power>393</power>
     <gpxtpx:TrackPointExtension>
      <gpxtpx:atemp>29</gpxtpx:atemp>
      <gpxtpx:hr>182</gpxtpx:hr>
      <gpxtpx:cad>89</gpxtpx:cad>
     </gpxtpx:TrackPointExtension>
    </extensions>
   </trkpt>
   <trkpt lat="46.7867270" lon="130.3474990">
    <ele>81.4</ele>
    <time>2025-09-07T00:17:33Z</time>
    <extensions>
     <power>392</power>
     <gpxtpx:TrackPointExtension>
      <gpxtpx:atemp>29</gpxtpx:atemp>
      <gpxtpx:hr>182</gpxtpx:hr>
      <gpxtpx:cad>89</gpxtpx:cad>
     </gpxtpx:TrackPointExtension>
    </extensions>
   </trkpt>
   <trkpt lat="46.7867360" lon="130.3475390">
    <ele>81.2</ele>
    <time>2025-09-07T00:17:34Z</time>
    <extensions>
     <power>394</power>
     <gpxtpx:TrackPointExtension>
      <gpxtpx:atemp>29</gpxtpx:atemp>
      <gpxtpx:hr>182</gpxtpx:hr>
      <gpxtpx:cad>89</gpxtpx:cad>
     </gpxtpx:TrackPointExtension>
    </extensions>
   </trkpt>
   <trkpt lat="46.7867520" lon="130.3475900">
    <ele>81.4</ele>
    <time>2025-09-07T00:17:35Z</time>
    <extensions>
     <power>391</power>
     <gpxtpx:TrackPointExtension>
      <gpxtpx:atemp>29</gpxtpx:atemp>
      <gpxtpx:hr>181</gpxtpx:hr>
      <gpxtpx:cad>89</gpxtpx:cad>
     </gpxtpx:TrackPointExtension>
    </extensions>
   </trkpt>
   <trkpt lat="46.7867600" lon="130.3476300">
    <ele>81.4</ele>
    <time>2025-09-07T00:17:36Z</time>
    <extensions>
     <power>391</power>
     <gpxtpx:TrackPointExtension>
      <gpxtpx:atemp>29</gpxtpx:atemp>
      <gpxtpx:hr>181</gpxtpx:hr>
      <gpxtpx:cad>89</gpxtpx:cad>
     </gpxtpx:TrackPointExtension>
    </extensions>
   </trkpt>
   <trkpt lat="46.7867770" lon="130.3476820">
    <ele>81.4</ele>
    <time>2025-09-07T00:17:37Z</time>
    <extensions>
     <power>391</power>
     <gpxtpx:TrackPointExtension>
      <gpxtpx:atemp>29</gpxtpx:atemp>
      <gpxtpx:hr>181</gpxtpx:hr>
      <gpxtpx:cad>89</gpxtpx:cad>
     </gpxtpx:TrackPointExtension>
    </extensions>
   </trkpt>
   <trkpt lat="46.7867830" lon="130.3477270">
    <ele>81.4</ele>
    <time>2025-09-07T00:17:38Z</time>
    <extensions>
     <power>390</power>
     <gpxtpx:TrackPointExtension>
      <gpxtpx:atemp>29</gpxtpx:atemp>
      <gpxtpx:hr>182</gpxtpx:hr>
      <gpxtpx:cad>89</gpxtpx:cad>
     </gpxtpx:TrackPointExtension>
    </extensions>
   </trkpt>
   <trkpt lat="46.7867970" lon="130.3477850">
    <ele>81.4</ele>
    <time>2025-09-07T00:17:39Z</time>
    <extensions>
     <power>390</power>
     <gpxtpx:TrackPointExtension>
      <gpxtpx:atemp>29</gpxtpx:atemp>
      <gpxtpx:hr>182</gpxtpx:hr>
      <gpxtpx:cad>89</gpxtpx:cad>
     </gpxtpx:TrackPointExtension>
    </extensions>
   </trkpt>
   <trkpt lat="46.7868060" lon="130.3478340">
    <ele>81.4</ele>
    <time>2025-09-07T00:17:40Z</time>
    <extensions>
     <power>390</power>
     <gpxtpx:TrackPointExtension>
      <gpxtpx:atemp>29</gpxtpx:atemp>
      <gpxtpx:hr>182</gpxtpx:hr>
      <gpxtpx:cad>89</gpxtpx:cad>
     </gpxtpx:TrackPointExtension>
    </extensions>
   </trkpt>
   <trkpt lat="46.7868200" lon="130.3478900">
    <ele>81.4</ele>
    <time>2025-09-07T00:17:41Z</time>
    <extensions>
     <power>391</power>
     <gpxtpx:TrackPointExtension>
      <gpxtpx:atemp>29</gpxtpx:atemp>
      <gpxtpx:hr>182</gpxtpx:hr>
      <gpxtpx:cad>89</gpxtpx:cad>
     </gpxtpx:TrackPointExtension>
    </extensions>
   </trkpt>
   <trkpt lat="46.7868290" lon="130.3479340">
    <ele>81.4</ele>
    <time>2025-09-07T00:17:42Z</time>
    <extensions>
     <power>391</power>
     <gpxtpx:TrackPointExtension>
      <gpxtpx:atemp>29</gpxtpx:atemp>
      <gpxtpx:hr>182</gpxtpx:hr>
      <gpxtpx:cad>89</gpxtpx:cad>
     </gpxtpx:TrackPointExtension>
    </extensions>
   </trkpt>
   <trkpt lat="46.7868470" lon="130.3479820">
    <ele>81.4</ele>
    <time>2025-09-07T00:17:43Z</time>
    <extensions>
     <power>392</power>
     <gpxtpx:TrackPointExtension>
      <gpxtpx:atemp>29</gpxtpx:atemp>
      <gpxtpx:hr>182</gpxtpx:hr>
      <gpxtpx:cad>89</gpxtpx:cad>
     </gpxtpx:TrackPointExtension>
    </extensions>
   </trkpt>
   <trkpt lat="46.7868580" lon="130.3480240">
    <ele>81.4</ele>
    <time>2025-09-07T00:17:44Z</time>
    <extensions>
     <power>392</power>
     <gpxtpx:TrackPointExtension>
      <gpxtpx:atemp>29</gpxtpx:atemp>
      <gpxtpx:hr>182</gpxtpx:hr>
      <gpxtpx:cad>89</gpxtpx:cad>
     </gpxtpx:TrackPointExtension>
    </extensions>
   </trkpt>
   <trkpt lat="46.7868780" lon="130.3480730">
    <ele>81.4</ele>
    <time>2025-09-07T00:17:45Z</time>
    <extensions>
     <power>392</power>
     <gpxtpx:TrackPointExtension>
      <gpxtpx:atemp>29</gpxtpx:atemp>
      <gpxtpx:hr>183</gpxtpx:hr>
      <gpxtpx:cad>89</gpxtpx:cad>
     </gpxtpx:TrackPointExtension>
    </extensions>
   </trkpt>
   <trkpt lat="46.7868870" lon="130.3481120">
    <ele>81.6</ele>
    <time>2025-09-07T00:17:46Z</time>
    <extensions>
     <power>391</power>
     <gpxtpx:TrackPointExtension>
      <gpxtpx:atemp>29</gpxtpx:atemp>
      <gpxtpx:hr>183</gpxtpx:hr>
      <gpxtpx:cad>89</gpxtpx:cad>
     </gpxtpx:TrackPointExtension>
    </extensions>
   </trkpt>
   <trkpt lat="46.7869060" lon="130.3481620">
    <ele>81.6</ele>
    <time>2025-09-07T00:17:47Z</time>
    <extensions>
     <power>391</power>
     <gpxtpx:TrackPointExtension>
      <gpxtpx:atemp>29</gpxtpx:atemp>
      <gpxtpx:hr>183</gpxtpx:hr>
      <gpxtpx:cad>89</gpxtpx:cad>
     </gpxtpx:TrackPointExtension>
    </extensions>
   </trkpt>
   <trkpt lat="46.7869170" lon="130.3481970">
    <ele>81.6</ele>
    <time>2025-09-07T00:17:48Z</time>
    <extensions>
     <power>390</power>
     <gpxtpx:TrackPointExtension>
      <gpxtpx:atemp>29</gpxtpx:atemp>
      <gpxtpx:hr>183</gpxtpx:hr>
      <gpxtpx:cad>89</gpxtpx:cad>
     </gpxtpx:TrackPointExtension>
    </extensions>
   </trkpt>
   <trkpt lat="46.7869350" lon="130.3482520">
    <ele>81.8</ele>
    <time>2025-09-07T00:17:49Z</time>
    <extensions>
     <power>391</power>
     <gpxtpx:TrackPointExtension>
      <gpxtpx:atemp>29</gpxtpx:atemp>
      <gpxtpx:hr>183</gpxtpx:hr>
      <gpxtpx:cad>89</gpxtpx:cad>
     </gpxtpx:TrackPointExtension>
    </extensions>
   </trkpt>
   <trkpt lat="46.7869390" lon="130.3482930">
    <ele>81.6</ele>
    <time>2025-09-07T00:17:50Z</time>
    <extensions>
     <power>390</power>
     <gpxtpx:TrackPointExtension>
      <gpxtpx:atemp>29</gpxtpx:atemp>
      <gpxtpx:hr>183</gpxtpx:hr>
      <gpxtpx:cad>89</gpxtpx:cad>
     </gpxtpx:TrackPointExtension>
    </extensions>
   </trkpt>
   <trkpt lat="46.7869550" lon="130.3483510">
    <ele>81.6</ele>
    <time>2025-09-07T00:17:51Z</time>
    <extensions>
     <power>391</power>
     <gpxtpx:TrackPointExtension>
      <gpxtpx:atemp>29</gpxtpx:atemp>
      <gpxtpx:hr>182</gpxtpx:hr>
      <gpxtpx:cad>90</gpxtpx:cad>
     </gpxtpx:TrackPointExtension>
    </extensions>
   </trkpt>
   <trkpt lat="46.7869590" lon="130.3483950">
    <ele>81.6</ele>
    <time>2025-09-07T00:17:52Z</time>
    <extensions>
     <power>390</power>
     <gpxtpx:TrackPointExtension>
      <gpxtpx:atemp>29</gpxtpx:atemp>
      <gpxtpx:hr>183</gpxtpx:hr>
      <gpxtpx:cad>90</gpxtpx:cad>
     </gpxtpx:TrackPointExtension>
    </extensions>
   </trkpt>
   <trkpt lat="46.7869740" lon="130.3484470">
    <ele>81.8</ele>
    <time>2025-09-07T00:17:53Z</time>
    <extensions>
     <power>391</power>
     <gpxtpx:TrackPointExtension>
      <gpxtpx:atemp>29</gpxtpx:atemp>
      <gpxtpx:hr>183</gpxtpx:hr>
      <gpxtpx:cad>90</gpxtpx:cad>
     </gpxtpx:TrackPointExtension>
    </extensions>
   </trkpt>
   <trkpt lat="46.7869820" lon="130.3484950">
    <ele>81.8</ele>
    <time>2025-09-07T00:17:54Z</time>
    <extensions>
     <power>392</power>
     <gpxtpx:TrackPointExtension>
      <gpxtpx:atemp>29</gpxtpx:atemp>
      <gpxtpx:hr>183</gpxtpx:hr>
      <gpxtpx:cad>90</gpxtpx:cad>
     </gpxtpx:TrackPointExtension>
    </extensions>
   </trkpt>
   <trkpt lat="46.7869940" lon="130.3485540">
    <ele>81.8</ele>
    <time>2025-09-07T00:17:55Z</time>
    <extensions>
     <power>393</power>
     <gpxtpx:TrackPointExtension>
      <gpxtpx:atemp>29</gpxtpx:atemp>
      <gpxtpx:hr>183</gpxtpx:hr>
      <gpxtpx:cad>90</gpxtpx:cad>
     </gpxtpx:TrackPointExtension>
    </extensions>
   </trkpt>
   <trkpt lat="46.7870020" lon="130.3485980">
    <ele>81.8</ele>
    <time>2025-09-07T00:17:56Z</time>
    <extensions>
     <power>394</power>
     <gpxtpx:TrackPointExtension>
      <gpxtpx:atemp>29</gpxtpx:atemp>
      <gpxtpx:hr>183</gpxtpx:hr>
      <gpxtpx:cad>90</gpxtpx:cad>
     </gpxtpx:TrackPointExtension>
    </extensions>
   </trkpt>
   <trkpt lat="46.7870210" lon="130.3486530">
    <ele>81.8</ele>
    <time>2025-09-07T00:17:57Z</time>
    <extensions>
     <power>395</power>
     <gpxtpx:TrackPointExtension>
      <gpxtpx:atemp>29</gpxtpx:atemp>
      <gpxtpx:hr>184</gpxtpx:hr>
      <gpxtpx:cad>89</gpxtpx:cad>
     </gpxtpx:TrackPointExtension>
    </extensions>
   </trkpt>
   <trkpt lat="46.7870290" lon="130.3486980">
    <ele>81.8</ele>
    <time>2025-09-07T00:17:58Z</time>
    <extensions>
     <power>394</power>
     <gpxtpx:TrackPointExtension>
      <gpxtpx:atemp>29</gpxtpx:atemp>
      <gpxtpx:hr>183</gpxtpx:hr>
      <gpxtpx:cad>89</gpxtpx:cad>
     </gpxtpx:TrackPointExtension>
    </extensions>
   </trkpt>
   <trkpt lat="46.7870390" lon="130.3487540">
    <ele>81.8</ele>
    <time>2025-09-07T00:17:59Z</time>
    <extensions>
     <power>395</power>
     <gpxtpx:TrackPointExtension>
      <gpxtpx:atemp>29</gpxtpx:atemp>
      <gpxtpx:hr>183</gpxtpx:hr>
      <gpxtpx:cad>89</gpxtpx:cad>
     </gpxtpx:TrackPointExtension>
    </extensions>
   </trkpt>
   <trkpt lat="46.7870420" lon="130.3487960">
    <ele>81.6</ele>
    <time>2025-09-07T00:18:00Z</time>
    <extensions>
     <power>396</power>
     <gpxtpx:TrackPointExtension>
      <gpxtpx:atemp>29</gpxtpx:atemp>
      <gpxtpx:hr>184</gpxtpx:hr>
      <gpxtpx:cad>89</gpxtpx:cad>
     </gpxtpx:TrackPointExtension>
    </extensions>
   </trkpt>
   <trkpt lat="46.7870620" lon="130.3488490">
    <ele>81.8</ele>
    <time>2025-09-07T00:18:01Z</time>
    <extensions>
     <power>395</power>
     <gpxtpx:TrackPointExtension>
      <gpxtpx:atemp>29</gpxtpx:atemp>
      <gpxtpx:hr>183</gpxtpx:hr>
      <gpxtpx:cad>89</gpxtpx:cad>
     </gpxtpx:TrackPointExtension>
    </extensions>
   </trkpt>
   <trkpt lat="46.7870710" lon="130.3488940">
    <ele>81.8</ele>
    <time>2025-09-07T00:18:02Z</time>
    <extensions>
     <power>394</power>
     <gpxtpx:TrackPointExtension>
      <gpxtpx:atemp>29</gpxtpx:atemp>
      <gpxtpx:hr>183</gpxtpx:hr>
      <gpxtpx:cad>89</gpxtpx:cad>
     </gpxtpx:TrackPointExtension>
    </extensions>
   </trkpt>
   <trkpt lat="46.7870900" lon="130.3489480">
    <ele>81.8</ele>
    <time>2025-09-07T00:18:03Z</time>
    <extensions>
     <power>394</power>
     <gpxtpx:TrackPointExtension>
      <gpxtpx:atemp>29</gpxtpx:atemp>
      <gpxtpx:hr>184</gpxtpx:hr>
      <gpxtpx:cad>89</gpxtpx:cad>
     </gpxtpx:TrackPointExtension>
    </extensions>
   </trkpt>
   <trkpt lat="46.7870970" lon="130.3489920">
    <ele>81.8</ele>
    <time>2025-09-07T00:18:04Z</time>
    <extensions>
     <power>395</power>
     <gpxtpx:TrackPointExtension>
      <gpxtpx:atemp>29</gpxtpx:atemp>
      <gpxtpx:hr>183</gpxtpx:hr>
      <gpxtpx:cad>89</gpxtpx:cad>
     </gpxtpx:TrackPointExtension>
    </extensions>
   </trkpt>
   <trkpt lat="46.7871120" lon="130.3490470">
    <ele>81.8</ele>
    <time>2025-09-07T00:18:05Z</time>
    <extensions>
     <power>394</power>
     <gpxtpx:TrackPointExtension>
      <gpxtpx:atemp>29</gpxtpx:atemp>
      <gpxtpx:hr>183</gpxtpx:hr>
      <gpxtpx:cad>89</gpxtpx:cad>
     </gpxtpx:TrackPointExtension>
    </extensions>
   </trkpt>
   <trkpt lat="46.7871250" lon="130.3490960">
    <ele>81.8</ele>
    <time>2025-09-07T00:18:06Z</time>
    <extensions>
     <power>397</power>
     <gpxtpx:TrackPointExtension>
      <gpxtpx:atemp>29</gpxtpx:atemp>
      <gpxtpx:hr>183</gpxtpx:hr>
      <gpxtpx:cad>89</gpxtpx:cad>
     </gpxtpx:TrackPointExtension>
    </extensions>
   </trkpt>
   <trkpt lat="46.7871430" lon="130.3491470">
    <ele>81.8</ele>
    <time>2025-09-07T00:18:07Z</time>
    <extensions>
     <power>397</power>
     <gpxtpx:TrackPointExtension>
      <gpxtpx:atemp>29</gpxtpx:atemp>
      <gpxtpx:hr>184</gpxtpx:hr>
      <gpxtpx:cad>89</gpxtpx:cad>
     </gpxtpx:TrackPointExtension>
    </extensions>
   </trkpt>
   <trkpt lat="46.7871540" lon="130.3491940">
    <ele>81.8</ele>
    <time>2025-09-07T00:18:08Z</time>
    <extensions>
     <power>396</power>
     <gpxtpx:TrackPointExtension>
      <gpxtpx:atemp>29</gpxtpx:atemp>
      <gpxtpx:hr>183</gpxtpx:hr>
      <gpxtpx:cad>89</gpxtpx:cad>
     </gpxtpx:TrackPointExtension>
    </extensions>
   </trkpt>
   <trkpt lat="46.7871700" lon="130.3492500">
    <ele>81.8</ele>
    <time>2025-09-07T00:18:09Z</time>
    <extensions>
     <power>398</power>
     <gpxtpx:TrackPointExtension>
      <gpxtpx:atemp>29</gpxtpx:atemp>
      <gpxtpx:hr>184</gpxtpx:hr>
      <gpxtpx:cad>89</gpxtpx:cad>
     </gpxtpx:TrackPointExtension>
    </extensions>
   </trkpt>
   <trkpt lat="46.7871770" lon="130.3492960">
    <ele>82.0</ele>
    <time>2025-09-07T00:18:10Z</time>
    <extensions>
     <power>398</power>
     <gpxtpx:TrackPointExtension>
      <gpxtpx:atemp>29</gpxtpx:atemp>
      <gpxtpx:hr>184</gpxtpx:hr>
      <gpxtpx:cad>89</gpxtpx:cad>
     </gpxtpx:TrackPointExtension>
    </extensions>
   </trkpt>
   <trkpt lat="46.7871930" lon="130.3493490">
    <ele>82.0</ele>
    <time>2025-09-07T00:18:11Z</time>
    <extensions>
     <power>399</power>
     <gpxtpx:TrackPointExtension>
      <gpxtpx:atemp>29</gpxtpx:atemp>
      <gpxtpx:hr>184</gpxtpx:hr>
      <gpxtpx:cad>90</gpxtpx:cad>
     </gpxtpx:TrackPointExtension>
    </extensions>
   </trkpt>
   <trkpt lat="46.7872030" lon="130.3493930">
    <ele>82.0</ele>
    <time>2025-09-07T00:18:12Z</time>
    <extensions>
     <power>400</power>
     <gpxtpx:TrackPointExtension>
      <gpxtpx:atemp>29</gpxtpx:atemp>
      <gpxtpx:hr>183</gpxtpx:hr>
      <gpxtpx:cad>90</gpxtpx:cad>
     </gpxtpx:TrackPointExtension>
    </extensions>
   </trkpt>
   <trkpt lat="46.7872200" lon="130.3494520">
    <ele>82.0</ele>
    <time>2025-09-07T00:18:13Z</time>
    <extensions>
     <power>401</power>
     <gpxtpx:TrackPointExtension>
      <gpxtpx:atemp>29</gpxtpx:atemp>
      <gpxtpx:hr>184</gpxtpx:hr>
      <gpxtpx:cad>90</gpxtpx:cad>
     </gpxtpx:TrackPointExtension>
    </extensions>
   </trkpt>
   <trkpt lat="46.7872340" lon="130.3494970">
    <ele>82.2</ele>
    <time>2025-09-07T00:18:14Z</time>
    <extensions>
     <power>405</power>
     <gpxtpx:TrackPointExtension>
      <gpxtpx:atemp>29</gpxtpx:atemp>
      <gpxtpx:hr>184</gpxtpx:hr>
      <gpxtpx:cad>89</gpxtpx:cad>
     </gpxtpx:TrackPointExtension>
    </extensions>
   </trkpt>
   <trkpt lat="46.7872520" lon="130.3495480">
    <ele>82.2</ele>
    <time>2025-09-07T00:18:15Z</time>
    <extensions>
     <power>406</power>
     <gpxtpx:TrackPointExtension>
      <gpxtpx:atemp>29</gpxtpx:atemp>
      <gpxtpx:hr>183</gpxtpx:hr>
      <gpxtpx:cad>88</gpxtpx:cad>
     </gpxtpx:TrackPointExtension>
    </extensions>
   </trkpt>
   <trkpt lat="46.7872580" lon="130.3495870">
    <ele>82.0</ele>
    <time>2025-09-07T00:18:16Z</time>
    <extensions>
     <power>408</power>
     <gpxtpx:TrackPointExtension>
      <gpxtpx:atemp>29</gpxtpx:atemp>
      <gpxtpx:hr>183</gpxtpx:hr>
      <gpxtpx:cad>88</gpxtpx:cad>
     </gpxtpx:TrackPointExtension>
    </extensions>
   </trkpt>
   <trkpt lat="46.7872750" lon="130.3496360">
    <ele>82.0</ele>
    <time>2025-09-07T00:18:17Z</time>
    <extensions>
     <power>409</power>
     <gpxtpx:TrackPointExtension>
      <gpxtpx:atemp>29</gpxtpx:atemp>
      <gpxtpx:hr>183</gpxtpx:hr>
      <gpxtpx:cad>88</gpxtpx:cad>
     </gpxtpx:TrackPointExtension>
    </extensions>
   </trkpt>
   <trkpt lat="46.7872870" lon="130.3496810">
    <ele>82.0</ele>
    <time>2025-09-07T00:18:18Z</time>
    <extensions>
     <power>408</power>
     <gpxtpx:TrackPointExtension>
      <gpxtpx:atemp>29</gpxtpx:atemp>
      <gpxtpx:hr>183</gpxtpx:hr>
      <gpxtpx:cad>88</gpxtpx:cad>
     </gpxtpx:TrackPointExtension>
    </extensions>
   </trkpt>
   <trkpt lat="46.7872980" lon="130.3497280">
    <ele>82.0</ele>
    <time>2025-09-07T00:18:19Z</time>
    <extensions>
     <power>407</power>
     <gpxtpx:TrackPointExtension>
      <gpxtpx:atemp>29</gpxtpx:atemp>
      <gpxtpx:hr>183</gpxtpx:hr>
      <gpxtpx:cad>90</gpxtpx:cad>
     </gpxtpx:TrackPointExtension>
    </extensions>
   </trkpt>
   <trkpt lat="46.7873110" lon="130.3497720">
    <ele>82.0</ele>
    <time>2025-09-07T00:18:20Z</time>
    <extensions>
     <power>403</power>
     <gpxtpx:TrackPointExtension>
      <gpxtpx:atemp>29</gpxtpx:atemp>
      <gpxtpx:hr>182</gpxtpx:hr>
      <gpxtpx:cad>90</gpxtpx:cad>
     </gpxtpx:TrackPointExtension>
    </extensions>
   </trkpt>
   <trkpt lat="46.7873190" lon="130.3498240">
    <ele>82.0</ele>
    <time>2025-09-07T00:18:21Z</time>
    <extensions>
     <power>402</power>
     <gpxtpx:TrackPointExtension>
      <gpxtpx:atemp>29</gpxtpx:atemp>
      <gpxtpx:hr>182</gpxtpx:hr>
      <gpxtpx:cad>90</gpxtpx:cad>
     </gpxtpx:TrackPointExtension>
    </extensions>
   </trkpt>
   <trkpt lat="46.7873320" lon="130.3498620">
    <ele>82.0</ele>
    <time>2025-09-07T00:18:22Z</time>
    <extensions>
     <power>401</power>
     <gpxtpx:TrackPointExtension>
      <gpxtpx:atemp>29</gpxtpx:atemp>
      <gpxtpx:hr>181</gpxtpx:hr>
      <gpxtpx:cad>90</gpxtpx:cad>
     </gpxtpx:TrackPointExtension>
    </extensions>
   </trkpt>
   <trkpt lat="46.7873490" lon="130.3499140">
    <ele>82.0</ele>
    <time>2025-09-07T00:18:23Z</time>
    <extensions>
     <power>401</power>
     <gpxtpx:TrackPointExtension>
      <gpxtpx:atemp>29</gpxtpx:atemp>
      <gpxtpx:hr>181</gpxtpx:hr>
      <gpxtpx:cad>90</gpxtpx:cad>
     </gpxtpx:TrackPointExtension>
    </extensions>
   </trkpt>
   <trkpt lat="46.7873580" lon="130.3499570">
    <ele>82.0</ele>
    <time>2025-09-07T00:18:24Z</time>
    <extensions>
     <power>398</power>
     <gpxtpx:TrackPointExtension>
      <gpxtpx:atemp>29</gpxtpx:atemp>
      <gpxtpx:hr>181</gpxtpx:hr>
      <gpxtpx:cad>90</gpxtpx:cad>
     </gpxtpx:TrackPointExtension>
    </extensions>
   </trkpt>
   <trkpt lat="46.7873710" lon="130.3500140">
    <ele>82.2</ele>
    <time>2025-09-07T00:18:25Z</time>
    <extensions>
     <power>398</power>
     <gpxtpx:TrackPointExtension>
      <gpxtpx:atemp>29</gpxtpx:atemp>
      <gpxtpx:hr>180</gpxtpx:hr>
      <gpxtpx:cad>90</gpxtpx:cad>
     </gpxtpx:TrackPointExtension>
    </extensions>
   </trkpt>
   <trkpt lat="46.7873760" lon="130.3500630">
    <ele>82.2</ele>
    <time>2025-09-07T00:18:26Z</time>
    <extensions>
     <power>398</power>
     <gpxtpx:TrackPointExtension>
      <gpxtpx:atemp>29</gpxtpx:atemp>
      <gpxtpx:hr>180</gpxtpx:hr>
      <gpxtpx:cad>90</gpxtpx:cad>
     </gpxtpx:TrackPointExtension>
    </extensions>
   </trkpt>
   <trkpt lat="46.7873870" lon="130.3501170">
    <ele>82.2</ele>
    <time>2025-09-07T00:18:27Z</time>
    <extensions>
     <power>398</power>
     <gpxtpx:TrackPointExtension>
      <gpxtpx:atemp>29</gpxtpx:atemp>
      <gpxtpx:hr>180</gpxtpx:hr>
      <gpxtpx:cad>89</gpxtpx:cad>
     </gpxtpx:TrackPointExtension>
    </extensions>
   </trkpt>
   <trkpt lat="46.7873950" lon="130.3501610">
    <ele>82.2</ele>
    <time>2025-09-07T00:18:28Z</time>
    <extensions>
     <power>399</power>
     <gpxtpx:TrackPointExtension>
      <gpxtpx:atemp>29</gpxtpx:atemp>
      <gpxtpx:hr>179</gpxtpx:hr>
      <gpxtpx:cad>89</gpxtpx:cad>
     </gpxtpx:TrackPointExtension>
    </extensions>
   </trkpt>
   <trkpt lat="46.7874120" lon="130.3502140">
    <ele>82.2</ele>
    <time>2025-09-07T00:18:29Z</time>
    <extensions>
     <power>398</power>
     <gpxtpx:TrackPointExtension>
      <gpxtpx:atemp>29</gpxtpx:atemp>
      <gpxtpx:hr>179</gpxtpx:hr>
      <gpxtpx:cad>88</gpxtpx:cad>
     </gpxtpx:TrackPointExtension>
    </extensions>
   </trkpt>
   <trkpt lat="46.7874240" lon="130.3502630">
    <ele>82.0</ele>
    <time>2025-09-07T00:18:30Z</time>
    <extensions>
     <power>400</power>
     <gpxtpx:TrackPointExtension>
      <gpxtpx:atemp>29</gpxtpx:atemp>
      <gpxtpx:hr>179</gpxtpx:hr>
      <gpxtpx:cad>88</gpxtpx:cad>
     </gpxtpx:TrackPointExtension>
    </extensions>
   </trkpt>
   <trkpt lat="46.7874370" lon="130.3503180">
    <ele>82.0</ele>
    <time>2025-09-07T00:18:31Z</time>
    <extensions>
     <power>399</power>
     <gpxtpx:TrackPointExtension>
      <gpxtpx:atemp>29</gpxtpx:atemp>
      <gpxtpx:hr>179</gpxtpx:hr>
      <gpxtpx:cad>88</gpxtpx:cad>
     </gpxtpx:TrackPointExtension>
    </extensions>
   </trkpt>
   <trkpt lat="46.7874450" lon="130.3503640">
    <ele>82.0</ele>
    <time>2025-09-07T00:18:32Z</time>
    <extensions>
     <power>398</power>
     <gpxtpx:TrackPointExtension>
      <gpxtpx:atemp>29</gpxtpx:atemp>
      <gpxtpx:hr>179</gpxtpx:hr>
      <gpxtpx:cad>88</gpxtpx:cad>
     </gpxtpx:TrackPointExtension>
    </extensions>
   </trkpt>
   <trkpt lat="46.7874510" lon="130.3504230">
    <ele>82.0</ele>
    <time>2025-09-07T00:18:33Z</time>
    <extensions>
     <power>396</power>
     <gpxtpx:TrackPointExtension>
      <gpxtpx:atemp>29</gpxtpx:atemp>
      <gpxtpx:hr>178</gpxtpx:hr>
      <gpxtpx:cad>89</gpxtpx:cad>
     </gpxtpx:TrackPointExtension>
    </extensions>
   </trkpt>
   <trkpt lat="46.7874520" lon="130.3504660">
    <ele>81.8</ele>
    <time>2025-09-07T00:18:34Z</time>
    <extensions>
     <power>395</power>
     <gpxtpx:TrackPointExtension>
      <gpxtpx:atemp>29</gpxtpx:atemp>
      <gpxtpx:hr>179</gpxtpx:hr>
      <gpxtpx:cad>89</gpxtpx:cad>
     </gpxtpx:TrackPointExtension>
    </extensions>
   </trkpt>
   <trkpt lat="46.7874660" lon="130.3505190">
    <ele>81.8</ele>
    <time>2025-09-07T00:18:35Z</time>
    <extensions>
     <power>394</power>
     <gpxtpx:TrackPointExtension>
      <gpxtpx:atemp>29</gpxtpx:atemp>
      <gpxtpx:hr>179</gpxtpx:hr>
      <gpxtpx:cad>89</gpxtpx:cad>
     </gpxtpx:TrackPointExtension>
    </extensions>
   </trkpt>
   <trkpt lat="46.7874780" lon="130.3505630">
    <ele>81.8</ele>
    <time>2025-09-07T00:18:36Z</time>
    <extensions>
     <power>394</power>
     <gpxtpx:TrackPointExtension>
      <gpxtpx:atemp>29</gpxtpx:atemp>
      <gpxtpx:hr>179</gpxtpx:hr>
      <gpxtpx:cad>89</gpxtpx:cad>
     </gpxtpx:TrackPointExtension>
    </extensions>
   </trkpt>
   <trkpt lat="46.7874970" lon="130.3506150">
    <ele>82.0</ele>
    <time>2025-09-07T00:18:37Z</time>
    <extensions>
     <power>394</power>
     <gpxtpx:TrackPointExtension>
      <gpxtpx:atemp>29</gpxtpx:atemp>
      <gpxtpx:hr>178</gpxtpx:hr>
      <gpxtpx:cad>89</gpxtpx:cad>
     </gpxtpx:TrackPointExtension>
    </extensions>
   </trkpt>
   <trkpt lat="46.7875060" lon="130.3506580">
    <ele>82.0</ele>
    <time>2025-09-07T00:18:38Z</time>
    <extensions>
     <power>394</power>
     <gpxtpx:TrackPointExtension>
      <gpxtpx:atemp>29</gpxtpx:atemp>
      <gpxtpx:hr>179</gpxtpx:hr>
      <gpxtpx:cad>89</gpxtpx:cad>
     </gpxtpx:TrackPointExtension>
    </extensions>
   </trkpt>
   <trkpt lat="46.7875220" lon="130.3507110">
    <ele>82.0</ele>
    <time>2025-09-07T00:18:39Z</time>
    <extensions>
     <power>391</power>
     <gpxtpx:TrackPointExtension>
      <gpxtpx:atemp>29</gpxtpx:atemp>
      <gpxtpx:hr>179</gpxtpx:hr>
      <gpxtpx:cad>89</gpxtpx:cad>
     </gpxtpx:TrackPointExtension>
    </extensions>
   </trkpt>
   <trkpt lat="46.7875270" lon="130.3507520">
    <ele>82.0</ele>
    <time>2025-09-07T00:18:40Z</time>
    <extensions>
     <power>392</power>
     <gpxtpx:TrackPointExtension>
      <gpxtpx:atemp>29</gpxtpx:atemp>
      <gpxtpx:hr>179</gpxtpx:hr>
      <gpxtpx:cad>89</gpxtpx:cad>
     </gpxtpx:TrackPointExtension>
    </extensions>
   </trkpt>
   <trkpt lat="46.7875430" lon="130.3508040">
    <ele>82.0</ele>
    <time>2025-09-07T00:18:41Z</time>
    <extensions>
     <power>390</power>
     <gpxtpx:TrackPointExtension>
      <gpxtpx:atemp>29</gpxtpx:atemp>
      <gpxtpx:hr>179</gpxtpx:hr>
      <gpxtpx:cad>89</gpxtpx:cad>
     </gpxtpx:TrackPointExtension>
    </extensions>
   </trkpt>
   <trkpt lat="46.7875510" lon="130.3508480">
    <ele>82.0</ele>
    <time>2025-09-07T00:18:42Z</time>
    <extensions>
     <power>389</power>
     <gpxtpx:TrackPointExtension>
      <gpxtpx:atemp>29</gpxtpx:atemp>
      <gpxtpx:hr>178</gpxtpx:hr>
      <gpxtpx:cad>89</gpxtpx:cad>
     </gpxtpx:TrackPointExtension>
    </extensions>
   </trkpt>
   <trkpt lat="46.7875630" lon="130.3508970">
    <ele>82.0</ele>
    <time>2025-09-07T00:18:43Z</time>
    <extensions>
     <power>388</power>
     <gpxtpx:TrackPointExtension>
      <gpxtpx:atemp>29</gpxtpx:atemp>
      <gpxtpx:hr>179</gpxtpx:hr>
      <gpxtpx:cad>89</gpxtpx:cad>
     </gpxtpx:TrackPointExtension>
    </extensions>
   </trkpt>
   <trkpt lat="46.7875750" lon="130.3509390">
    <ele>82.2</ele>
    <time>2025-09-07T00:18:44Z</time>
    <extensions>
     <power>388</power>
     <gpxtpx:TrackPointExtension>
      <gpxtpx:atemp>29</gpxtpx:atemp>
      <gpxtpx:hr>179</gpxtpx:hr>
      <gpxtpx:cad>89</gpxtpx:cad>
     </gpxtpx:TrackPointExtension>
    </extensions>
   </trkpt>
   <trkpt lat="46.7875880" lon="130.3509930">
    <ele>82.2</ele>
    <time>2025-09-07T00:18:45Z</time>
    <extensions>
     <power>388</power>
     <gpxtpx:TrackPointExtension>
      <gpxtpx:atemp>29</gpxtpx:atemp>
      <gpxtpx:hr>179</gpxtpx:hr>
      <gpxtpx:cad>89</gpxtpx:cad>
     </gpxtpx:TrackPointExtension>
    </extensions>
   </trkpt>
   <trkpt lat="46.7876010" lon="130.3510430">
    <ele>82.2</ele>
    <time>2025-09-07T00:18:46Z</time>
    <extensions>
     <power>389</power>
     <gpxtpx:TrackPointExtension>
      <gpxtpx:atemp>29</gpxtpx:atemp>
      <gpxtpx:hr>179</gpxtpx:hr>
      <gpxtpx:cad>89</gpxtpx:cad>
     </gpxtpx:TrackPointExtension>
    </extensions>
   </trkpt>
   <trkpt lat="46.7876120" lon="130.3510970">
    <ele>82.4</ele>
    <time>2025-09-07T00:18:47Z</time>
    <extensions>
     <power>391</power>
     <gpxtpx:TrackPointExtension>
      <gpxtpx:atemp>28</gpxtpx:atemp>
      <gpxtpx:hr>179</gpxtpx:hr>
      <gpxtpx:cad>90</gpxtpx:cad>
     </gpxtpx:TrackPointExtension>
    </extensions>
   </trkpt>
   <trkpt lat="46.7876220" lon="130.3511460">
    <ele>82.4</ele>
    <time>2025-09-07T00:18:48Z</time>
    <extensions>
     <power>391</power>
     <gpxtpx:TrackPointExtension>
      <gpxtpx:atemp>28</gpxtpx:atemp>
      <gpxtpx:hr>179</gpxtpx:hr>
      <gpxtpx:cad>90</gpxtpx:cad>
     </gpxtpx:TrackPointExtension>
    </extensions>
   </trkpt>
   <trkpt lat="46.7876390" lon="130.3512010">
    <ele>82.4</ele>
    <time>2025-09-07T00:18:49Z</time>
    <extensions>
     <power>394</power>
     <gpxtpx:TrackPointExtension>
      <gpxtpx:atemp>29</gpxtpx:atemp>
      <gpxtpx:hr>179</gpxtpx:hr>
      <gpxtpx:cad>90</gpxtpx:cad>
     </gpxtpx:TrackPointExtension>
    </extensions>
   </trkpt>
   <trkpt lat="46.7876470" lon="130.3512460">
    <ele>82.6</ele>
    <time>2025-09-07T00:18:50Z</time>
    <extensions>
     <power>398</power>
     <gpxtpx:TrackPointExtension>
      <gpxtpx:atemp>29</gpxtpx:atemp>
      <gpxtpx:hr>179</gpxtpx:hr>
      <gpxtpx:cad>90</gpxtpx:cad>
     </gpxtpx:TrackPointExtension>
    </extensions>
   </trkpt>
   <trkpt lat="46.7876600" lon="130.3512880">
    <ele>82.6</ele>
    <time>2025-09-07T00:18:51Z</time>
    <extensions>
     <power>398</power>
     <gpxtpx:TrackPointExtension>
      <gpxtpx:atemp>29</gpxtpx:atemp>
      <gpxtpx:hr>178</gpxtpx:hr>
      <gpxtpx:cad>90</gpxtpx:cad>
     </gpxtpx:TrackPointExtension>
    </extensions>
   </trkpt>
   <trkpt lat="46.7876670" lon="130.3513310">
    <ele>82.6</ele>
    <time>2025-09-07T00:18:52Z</time>
    <extensions>
     <power>399</power>
     <gpxtpx:TrackPointExtension>
      <gpxtpx:atemp>29</gpxtpx:atemp>
      <gpxtpx:hr>179</gpxtpx:hr>
      <gpxtpx:cad>89</gpxtpx:cad>
     </gpxtpx:TrackPointExtension>
    </extensions>
   </trkpt>
   <trkpt lat="46.7876830" lon="130.3513850">
    <ele>82.6</ele>
    <time>2025-09-07T00:18:53Z</time>
    <extensions>
     <power>400</power>
     <gpxtpx:TrackPointExtension>
      <gpxtpx:atemp>29</gpxtpx:atemp>
      <gpxtpx:hr>179</gpxtpx:hr>
      <gpxtpx:cad>89</gpxtpx:cad>
     </gpxtpx:TrackPointExtension>
    </extensions>
   </trkpt>
   <trkpt lat="46.7876950" lon="130.3514290">
    <ele>82.6</ele>
    <time>2025-09-07T00:18:54Z</time>
    <extensions>
     <power>398</power>
     <gpxtpx:TrackPointExtension>
      <gpxtpx:atemp>28</gpxtpx:atemp>
      <gpxtpx:hr>179</gpxtpx:hr>
      <gpxtpx:cad>89</gpxtpx:cad>
     </gpxtpx:TrackPointExtension>
    </extensions>
   </trkpt>
   <trkpt lat="46.7877040" lon="130.3514830">
    <ele>82.6</ele>
    <time>2025-09-07T00:18:55Z</time>
    <extensions>
     <power>397</power>
     <gpxtpx:TrackPointExtension>
      <gpxtpx:atemp>28</gpxtpx:atemp>
      <gpxtpx:hr>179</gpxtpx:hr>
      <gpxtpx:cad>89</gpxtpx:cad>
     </gpxtpx:TrackPointExtension>
    </extensions>
   </trkpt>
   <trkpt lat="46.7877120" lon="130.3515310">
    <ele>82.6</ele>
    <time>2025-09-07T00:18:56Z</time>
    <extensions>
     <power>397</power>
     <gpxtpx:TrackPointExtension>
      <gpxtpx:atemp>28</gpxtpx:atemp>
      <gpxtpx:hr>179</gpxtpx:hr>
      <gpxtpx:cad>89</gpxtpx:cad>
     </gpxtpx:TrackPointExtension>
    </extensions>
   </trkpt>
   <trkpt lat="46.7877250" lon="130.3515840">
    <ele>82.6</ele>
    <time>2025-09-07T00:18:57Z</time>
    <extensions>
     <power>397</power>
     <gpxtpx:TrackPointExtension>
      <gpxtpx:atemp>28</gpxtpx:atemp>
      <gpxtpx:hr>179</gpxtpx:hr>
      <gpxtpx:cad>90</gpxtpx:cad>
     </gpxtpx:TrackPointExtension>
    </extensions>
   </trkpt>
   <trkpt lat="46.7877340" lon="130.3516350">
    <ele>82.6</ele>
    <time>2025-09-07T00:18:58Z</time>
    <extensions>
     <power>396</power>
     <gpxtpx:TrackPointExtension>
      <gpxtpx:atemp>28</gpxtpx:atemp>
      <gpxtpx:hr>179</gpxtpx:hr>
      <gpxtpx:cad>90</gpxtpx:cad>
     </gpxtpx:TrackPointExtension>
    </extensions>
   </trkpt>
   <trkpt lat="46.7877500" lon="130.3516900">
    <ele>82.6</ele>
    <time>2025-09-07T00:18:59Z</time>
    <extensions>
     <power>395</power>
     <gpxtpx:TrackPointExtension>
      <gpxtpx:atemp>28</gpxtpx:atemp>
      <gpxtpx:hr>179</gpxtpx:hr>
      <gpxtpx:cad>90</gpxtpx:cad>
     </gpxtpx:TrackPointExtension>
    </extensions>
   </trkpt>
   <trkpt lat="46.7877570" lon="130.3517360">
    <ele>82.6</ele>
    <time>2025-09-07T00:19:00Z</time>
    <extensions>
     <power>396</power>
     <gpxtpx:TrackPointExtension>
      <gpxtpx:atemp>29</gpxtpx:atemp>
      <gpxtpx:hr>179</gpxtpx:hr>
      <gpxtpx:cad>90</gpxtpx:cad>
     </gpxtpx:TrackPointExtension>
    </extensions>
   </trkpt>
   <trkpt lat="46.7877700" lon="130.3517940">
    <ele>82.6</ele>
    <time>2025-09-07T00:19:01Z</time>
    <extensions>
     <power>397</power>
     <gpxtpx:TrackPointExtension>
      <gpxtpx:atemp>29</gpxtpx:atemp>
      <gpxtpx:hr>179</gpxtpx:hr>
      <gpxtpx:cad>90</gpxtpx:cad>
     </gpxtpx:TrackPointExtension>
    </extensions>
   </trkpt>
   <trkpt lat="46.7877770" lon="130.3518420">
    <ele>82.6</ele>
    <time>2025-09-07T00:19:02Z</time>
    <extensions>
     <power>397</power>
     <gpxtpx:TrackPointExtension>
      <gpxtpx:atemp>28</gpxtpx:atemp>
      <gpxtpx:hr>179</gpxtpx:hr>
      <gpxtpx:cad>90</gpxtpx:cad>
     </gpxtpx:TrackPointExtension>
    </extensions>
   </trkpt>
   <trkpt lat="46.7877950" lon="130.3518960">
    <ele>82.8</ele>
    <time>2025-09-07T00:19:03Z</time>
    <extensions>
     <power>398</power>
     <gpxtpx:TrackPointExtension>
      <gpxtpx:atemp>28</gpxtpx:atemp>
      <gpxtpx:hr>179</gpxtpx:hr>
      <gpxtpx:cad>90</gpxtpx:cad>
     </gpxtpx:TrackPointExtension>
    </extensions>
   </trkpt>
   <trkpt lat="46.7878070" lon="130.3519410">
    <ele>82.6</ele>
    <time>2025-09-07T00:19:04Z</time>
    <extensions>
     <power>398</power>
     <gpxtpx:TrackPointExtension>
      <gpxtpx:atemp>28</gpxtpx:atemp>
      <gpxtpx:hr>179</gpxtpx:hr>
      <gpxtpx:cad>90</gpxtpx:cad>
     </gpxtpx:TrackPointExtension>
    </extensions>
   </trkpt>
   <trkpt lat="46.7878220" lon="130.3520000">
    <ele>82.6</ele>
    <time>2025-09-07T00:19:05Z</time>
    <extensions>
     <power>399</power>
     <gpxtpx:TrackPointExtension>
      <gpxtpx:atemp>29</gpxtpx:atemp>
      <gpxtpx:hr>180</gpxtpx:hr>
      <gpxtpx:cad>90</gpxtpx:cad>
     </gpxtpx:TrackPointExtension>
    </extensions>
   </trkpt>
   <trkpt lat="46.7878320" lon="130.3520430">
    <ele>82.6</ele>
    <time>2025-09-07T00:19:06Z</time>
    <extensions>
     <power>400</power>
     <gpxtpx:TrackPointExtension>
      <gpxtpx:atemp>28</gpxtpx:atemp>
      <gpxtpx:hr>181</gpxtpx:hr>
      <gpxtpx:cad>90</gpxtpx:cad>
     </gpxtpx:TrackPointExtension>
    </extensions>
   </trkpt>
   <trkpt lat="46.7878480" lon="130.3520980">
    <ele>82.8</ele>
    <time>2025-09-07T00:19:07Z</time>
    <extensions>
     <power>401</power>
     <gpxtpx:TrackPointExtension>
      <gpxtpx:atemp>29</gpxtpx:atemp>
      <gpxtpx:hr>182</gpxtpx:hr>
      <gpxtpx:cad>90</gpxtpx:cad>
     </gpxtpx:TrackPointExtension>
    </extensions>
   </trkpt>
   <trkpt lat="46.7878600" lon="130.3521380">
    <ele>82.6</ele>
    <time>2025-09-07T00:19:08Z</time>
    <extensions>
     <power>402</power>
     <gpxtpx:TrackPointExtension>
      <gpxtpx:atemp>28</gpxtpx:atemp>
      <gpxtpx:hr>182</gpxtpx:hr>
      <gpxtpx:cad>90</gpxtpx:cad>
     </gpxtpx:TrackPointExtension>
    </extensions>
   </trkpt>
   <trkpt lat="46.7878770" lon="130.3521900">
    <ele>82.8</ele>
    <time>2025-09-07T00:19:09Z</time>
    <extensions>
     <power>401</power>
     <gpxtpx:TrackPointExtension>
      <gpxtpx:atemp>28</gpxtpx:atemp>
      <gpxtpx:hr>182</gpxtpx:hr>
      <gpxtpx:cad>90</gpxtpx:cad>
     </gpxtpx:TrackPointExtension>
    </extensions>
   </trkpt>
   <trkpt lat="46.7878890" lon="130.3522330">
    <ele>82.8</ele>
    <time>2025-09-07T00:19:10Z</time>
    <extensions>
     <power>403</power>
     <gpxtpx:TrackPointExtension>
      <gpxtpx:atemp>28</gpxtpx:atemp>
      <gpxtpx:hr>183</gpxtpx:hr>
      <gpxtpx:cad>89</gpxtpx:cad>
     </gpxtpx:TrackPointExtension>
    </extensions>
   </trkpt>
   <trkpt lat="46.7879000" lon="130.3522850">
    <ele>82.8</ele>
    <time>2025-09-07T00:19:11Z</time>
    <extensions>
     <power>402</power>
     <gpxtpx:TrackPointExtension>
      <gpxtpx:atemp>28</gpxtpx:atemp>
      <gpxtpx:hr>183</gpxtpx:hr>
      <gpxtpx:cad>89</gpxtpx:cad>
     </gpxtpx:TrackPointExtension>
    </extensions>
   </trkpt>
   <trkpt lat="46.7879070" lon="130.3523260">
    <ele>82.8</ele>
    <time>2025-09-07T00:19:12Z</time>
    <extensions>
     <power>404</power>
     <gpxtpx:TrackPointExtension>
      <gpxtpx:atemp>28</gpxtpx:atemp>
      <gpxtpx:hr>184</gpxtpx:hr>
      <gpxtpx:cad>89</gpxtpx:cad>
     </gpxtpx:TrackPointExtension>
    </extensions>
   </trkpt>
   <trkpt lat="46.7879190" lon="130.3523720">
    <ele>83.0</ele>
    <time>2025-09-07T00:19:13Z</time>
    <extensions>
     <power>403</power>
     <gpxtpx:TrackPointExtension>
      <gpxtpx:atemp>28</gpxtpx:atemp>
      <gpxtpx:hr>184</gpxtpx:hr>
      <gpxtpx:cad>89</gpxtpx:cad>
     </gpxtpx:TrackPointExtension>
    </extensions>
   </trkpt>
   <trkpt lat="46.7879260" lon="130.3524160">
    <ele>83.0</ele>
    <time>2025-09-07T00:19:14Z</time>
    <extensions>
     <power>403</power>
     <gpxtpx:TrackPointExtension>
      <gpxtpx:atemp>28</gpxtpx:atemp>
      <gpxtpx:hr>184</gpxtpx:hr>
      <gpxtpx:cad>89</gpxtpx:cad>
     </gpxtpx:TrackPointExtension>
    </extensions>
   </trkpt>
   <trkpt lat="46.7879400" lon="130.3524690">
    <ele>83.0</ele>
    <time>2025-09-07T00:19:15Z</time>
    <extensions>
     <power>402</power>
     <gpxtpx:TrackPointExtension>
      <gpxtpx:atemp>28</gpxtpx:atemp>
      <gpxtpx:hr>184</gpxtpx:hr>
      <gpxtpx:cad>89</gpxtpx:cad>
     </gpxtpx:TrackPointExtension>
    </extensions>
   </trkpt>
   <trkpt lat="46.7879470" lon="130.3525140">
    <ele>83.0</ele>
    <time>2025-09-07T00:19:16Z</time>
    <extensions>
     <power>401</power>
     <gpxtpx:TrackPointExtension>
      <gpxtpx:atemp>28</gpxtpx:atemp>
      <gpxtpx:hr>183</gpxtpx:hr>
      <gpxtpx:cad>90</gpxtpx:cad>
     </gpxtpx:TrackPointExtension>
    </extensions>
   </trkpt>
   <trkpt lat="46.7879590" lon="130.3525620">
    <ele>83.0</ele>
    <time>2025-09-07T00:19:17Z</time>
    <extensions>
     <power>400</power>
     <gpxtpx:TrackPointExtension>
      <gpxtpx:atemp>28</gpxtpx:atemp>
      <gpxtpx:hr>183</gpxtpx:hr>
      <gpxtpx:cad>90</gpxtpx:cad>
     </gpxtpx:TrackPointExtension>
    </extensions>
   </trkpt>
   <trkpt lat="46.7879670" lon="130.3526060">
    <ele>83.0</ele>
    <time>2025-09-07T00:19:18Z</time>
    <extensions>
     <power>400</power>
     <gpxtpx:TrackPointExtension>
      <gpxtpx:atemp>28</gpxtpx:atemp>
      <gpxtpx:hr>183</gpxtpx:hr>
      <gpxtpx:cad>89</gpxtpx:cad>
     </gpxtpx:TrackPointExtension>
    </extensions>
   </trkpt>
   <trkpt lat="46.7879780" lon="130.3526590">
    <ele>83.0</ele>
    <time>2025-09-07T00:19:19Z</time>
    <extensions>
     <power>401</power>
     <gpxtpx:TrackPointExtension>
      <gpxtpx:atemp>28</gpxtpx:atemp>
      <gpxtpx:hr>183</gpxtpx:hr>
      <gpxtpx:cad>89</gpxtpx:cad>
     </gpxtpx:TrackPointExtension>
    </extensions>
   </trkpt>
   <trkpt lat="46.7879840" lon="130.3527060">
    <ele>83.2</ele>
    <time>2025-09-07T00:19:20Z</time>
    <extensions>
     <power>401</power>
     <gpxtpx:TrackPointExtension>
      <gpxtpx:atemp>28</gpxtpx:atemp>
      <gpxtpx:hr>183</gpxtpx:hr>
      <gpxtpx:cad>89</gpxtpx:cad>
     </gpxtpx:TrackPointExtension>
    </extensions>
   </trkpt>
   <trkpt lat="46.7879970" lon="130.3527590">
    <ele>83.2</ele>
    <time>2025-09-07T00:19:21Z</time>
    <extensions>
     <power>401</power>
     <gpxtpx:TrackPointExtension>
      <gpxtpx:atemp>28</gpxtpx:atemp>
      <gpxtpx:hr>183</gpxtpx:hr>
      <gpxtpx:cad>89</gpxtpx:cad>
     </gpxtpx:TrackPointExtension>
    </extensions>
   </trkpt>
   <trkpt lat="46.7880020" lon="130.3528050">
    <ele>83.2</ele>
    <time>2025-09-07T00:19:22Z</time>
    <extensions>
     <power>402</power>
     <gpxtpx:TrackPointExtension>
      <gpxtpx:atemp>28</gpxtpx:atemp>
      <gpxtpx:hr>183</gpxtpx:hr>
      <gpxtpx:cad>89</gpxtpx:cad>
     </gpxtpx:TrackPointExtension>
    </extensions>
   </trkpt>
   <trkpt lat="46.7880140" lon="130.3528580">
    <ele>83.2</ele>
    <time>2025-09-07T00:19:23Z</time>
    <extensions>
     <power>402</power>
     <gpxtpx:TrackPointExtension>
      <gpxtpx:atemp>28</gpxtpx:atemp>
      <gpxtpx:hr>183</gpxtpx:hr>
      <gpxtpx:cad>88</gpxtpx:cad>
     </gpxtpx:TrackPointExtension>
    </extensions>
   </trkpt>
   <trkpt lat="46.7880240" lon="130.3529030">
    <ele>83.2</ele>
    <time>2025-09-07T00:19:24Z</time>
    <extensions>
     <power>404</power>
     <gpxtpx:TrackPointExtension>
      <gpxtpx:atemp>28</gpxtpx:atemp>
      <gpxtpx:hr>183</gpxtpx:hr>
      <gpxtpx:cad>88</gpxtpx:cad>
     </gpxtpx:TrackPointExtension>
    </extensions>
   </trkpt>
   <trkpt lat="46.7880370" lon="130.3529550">
    <ele>83.2</ele>
    <time>2025-09-07T00:19:25Z</time>
    <extensions>
     <power>404</power>
     <gpxtpx:TrackPointExtension>
      <gpxtpx:atemp>28</gpxtpx:atemp>
      <gpxtpx:hr>182</gpxtpx:hr>
      <gpxtpx:cad>88</gpxtpx:cad>
     </gpxtpx:TrackPointExtension>
    </extensions>
   </trkpt>
   <trkpt lat="46.7880460" lon="130.3530010">
    <ele>83.2</ele>
    <time>2025-09-07T00:19:26Z</time>
    <extensions>
     <power>404</power>
     <gpxtpx:TrackPointExtension>
      <gpxtpx:atemp>28</gpxtpx:atemp>
      <gpxtpx:hr>182</gpxtpx:hr>
      <gpxtpx:cad>88</gpxtpx:cad>
     </gpxtpx:TrackPointExtension>
    </extensions>
   </trkpt>
   <trkpt lat="46.7880530" lon="130.3530520">
    <ele>83.2</ele>
    <time>2025-09-07T00:19:27Z</time>
    <extensions>
     <power>404</power>
     <gpxtpx:TrackPointExtension>
      <gpxtpx:atemp>28</gpxtpx:atemp>
      <gpxtpx:hr>182</gpxtpx:hr>
      <gpxtpx:cad>89</gpxtpx:cad>
     </gpxtpx:TrackPointExtension>
    </extensions>
   </trkpt>
   <trkpt lat="46.7880610" lon="130.3530960">
    <ele>83.2</ele>
    <time>2025-09-07T00:19:28Z</time>
    <extensions>
     <power>402</power>
     <gpxtpx:TrackPointExtension>
      <gpxtpx:atemp>28</gpxtpx:atemp>
      <gpxtpx:hr>183</gpxtpx:hr>
      <gpxtpx:cad>89</gpxtpx:cad>
     </gpxtpx:TrackPointExtension>
    </extensions>
   </trkpt>
   <trkpt lat="46.7880730" lon="130.3531480">
    <ele>83.2</ele>
    <time>2025-09-07T00:19:29Z</time>
    <extensions>
     <power>401</power>
     <gpxtpx:TrackPointExtension>
      <gpxtpx:atemp>28</gpxtpx:atemp>
      <gpxtpx:hr>182</gpxtpx:hr>
      <gpxtpx:cad>89</gpxtpx:cad>
     </gpxtpx:TrackPointExtension>
    </extensions>
   </trkpt>
   <trkpt lat="46.7880910" lon="130.3531900">
    <ele>83.2</ele>
    <time>2025-09-07T00:19:30Z</time>
    <extensions>
     <power>400</power>
     <gpxtpx:TrackPointExtension>
      <gpxtpx:atemp>28</gpxtpx:atemp>
      <gpxtpx:hr>182</gpxtpx:hr>
      <gpxtpx:cad>89</gpxtpx:cad>
     </gpxtpx:TrackPointExtension>
    </extensions>
   </trkpt>
   <trkpt lat="46.7881070" lon="130.3532410">
    <ele>83.4</ele>
    <time>2025-09-07T00:19:31Z</time>
    <extensions>
     <power>401</power>
     <gpxtpx:TrackPointExtension>
      <gpxtpx:atemp>28</gpxtpx:atemp>
      <gpxtpx:hr>183</gpxtpx:hr>
      <gpxtpx:cad>89</gpxtpx:cad>
     </gpxtpx:TrackPointExtension>
    </extensions>
   </trkpt>
   <trkpt lat="46.7881220" lon="130.3532870">
    <ele>83.4</ele>
    <time>2025-09-07T00:19:32Z</time>
    <extensions>
     <power>401</power>
     <gpxtpx:TrackPointExtension>
      <gpxtpx:atemp>28</gpxtpx:atemp>
      <gpxtpx:hr>183</gpxtpx:hr>
      <gpxtpx:cad>89</gpxtpx:cad>
     </gpxtpx:TrackPointExtension>
    </extensions>
   </trkpt>
   <trkpt lat="46.7881320" lon="130.3533400">
    <ele>83.4</ele>
    <time>2025-09-07T00:19:33Z</time>
    <extensions>
     <power>401</power>
     <gpxtpx:TrackPointExtension>
      <gpxtpx:atemp>28</gpxtpx:atemp>
      <gpxtpx:hr>183</gpxtpx:hr>
      <gpxtpx:cad>89</gpxtpx:cad>
     </gpxtpx:TrackPointExtension>
    </extensions>
   </trkpt>
   <trkpt lat="46.7881420" lon="130.3533890">
    <ele>83.4</ele>
    <time>2025-09-07T00:19:34Z</time>
    <extensions>
     <power>401</power>
     <gpxtpx:TrackPointExtension>
      <gpxtpx:atemp>28</gpxtpx:atemp>
      <gpxtpx:hr>182</gpxtpx:hr>
      <gpxtpx:cad>89</gpxtpx:cad>
     </gpxtpx:TrackPointExtension>
    </extensions>
   </trkpt>
   <trkpt lat="46.7881570" lon="130.3534390">
    <ele>83.4</ele>
    <time>2025-09-07T00:19:35Z</time>
    <extensions>
     <power>401</power>
     <gpxtpx:TrackPointExtension>
      <gpxtpx:atemp>28</gpxtpx:atemp>
      <gpxtpx:hr>183</gpxtpx:hr>
      <gpxtpx:cad>89</gpxtpx:cad>
     </gpxtpx:TrackPointExtension>
    </extensions>
   </trkpt>
   <trkpt lat="46.7881650" lon="130.3534810">
    <ele>83.4</ele>
    <time>2025-09-07T00:19:36Z</time>
    <extensions>
     <power>402</power>
     <gpxtpx:TrackPointExtension>
      <gpxtpx:atemp>28</gpxtpx:atemp>
      <gpxtpx:hr>183</gpxtpx:hr>
      <gpxtpx:cad>90</gpxtpx:cad>
     </gpxtpx:TrackPointExtension>
    </extensions>
   </trkpt>
   <trkpt lat="46.7881750" lon="130.3535370">
    <ele>83.4</ele>
    <time>2025-09-07T00:19:37Z</time>
    <extensions>
     <power>402</power>
     <gpxtpx:TrackPointExtension>
      <gpxtpx:atemp>28</gpxtpx:atemp>
      <gpxtpx:hr>183</gpxtpx:hr>
      <gpxtpx:cad>90</gpxtpx:cad>
     </gpxtpx:TrackPointExtension>
    </extensions>
   </trkpt>
   <trkpt lat="46.7881880" lon="130.3535800">
    <ele>83.4</ele>
    <time>2025-09-07T00:19:38Z</time>
    <extensions>
     <power>401</power>
     <gpxtpx:TrackPointExtension>
      <gpxtpx:atemp>28</gpxtpx:atemp>
      <gpxtpx:hr>182</gpxtpx:hr>
      <gpxtpx:cad>90</gpxtpx:cad>
     </gpxtpx:TrackPointExtension>
    </extensions>
   </trkpt>
   <trkpt lat="46.7882050" lon="130.3536290">
    <ele>83.4</ele>
    <time>2025-09-07T00:19:39Z</time>
    <extensions>
     <power>399</power>
     <gpxtpx:TrackPointExtension>
      <gpxtpx:atemp>28</gpxtpx:atemp>
      <gpxtpx:hr>183</gpxtpx:hr>
      <gpxtpx:cad>90</gpxtpx:cad>
     </gpxtpx:TrackPointExtension>
    </extensions>
   </trkpt>
   <trkpt lat="46.7882160" lon="130.3536730">
    <ele>83.4</ele>
    <time>2025-09-07T00:19:40Z</time>
    <extensions>
     <power>400</power>
     <gpxtpx:TrackPointExtension>
      <gpxtpx:atemp>28</gpxtpx:atemp>
      <gpxtpx:hr>183</gpxtpx:hr>
      <gpxtpx:cad>90</gpxtpx:cad>
     </gpxtpx:TrackPointExtension>
    </extensions>
   </trkpt>
   <trkpt lat="46.7882270" lon="130.3537250">
    <ele>83.6</ele>
    <time>2025-09-07T00:19:41Z</time>
    <extensions>
     <power>400</power>
     <gpxtpx:TrackPointExtension>
      <gpxtpx:atemp>28</gpxtpx:atemp>
      <gpxtpx:hr>183</gpxtpx:hr>
      <gpxtpx:cad>90</gpxtpx:cad>
     </gpxtpx:TrackPointExtension>
    </extensions>
   </trkpt>
   <trkpt lat="46.7882320" lon="130.3537720">
    <ele>83.6</ele>
    <time>2025-09-07T00:19:42Z</time>
    <extensions>
     <power>399</power>
     <gpxtpx:TrackPointExtension>
      <gpxtpx:atemp>28</gpxtpx:atemp>
      <gpxtpx:hr>183</gpxtpx:hr>
      <gpxtpx:cad>90</gpxtpx:cad>
     </gpxtpx:TrackPointExtension>
    </extensions>
   </trkpt>
   <trkpt lat="46.7882470" lon="130.3538260">
    <ele>83.6</ele>
    <time>2025-09-07T00:19:43Z</time>
    <extensions>
     <power>397</power>
     <gpxtpx:TrackPointExtension>
      <gpxtpx:atemp>28</gpxtpx:atemp>
      <gpxtpx:hr>182</gpxtpx:hr>
      <gpxtpx:cad>90</gpxtpx:cad>
     </gpxtpx:TrackPointExtension>
    </extensions>
   </trkpt>
   <trkpt lat="46.7882560" lon="130.3538740">
    <ele>83.6</ele>
    <time>2025-09-07T00:19:44Z</time>
    <extensions>
     <power>396</power>
     <gpxtpx:TrackPointExtension>
      <gpxtpx:atemp>28</gpxtpx:atemp>
      <gpxtpx:hr>183</gpxtpx:hr>
      <gpxtpx:cad>89</gpxtpx:cad>
     </gpxtpx:TrackPointExtension>
    </extensions>
   </trkpt>
   <trkpt lat="46.7882690" lon="130.3539280">
    <ele>83.6</ele>
    <time>2025-09-07T00:19:45Z</time>
    <extensions>
     <power>398</power>
     <gpxtpx:TrackPointExtension>
      <gpxtpx:atemp>28</gpxtpx:atemp>
      <gpxtpx:hr>183</gpxtpx:hr>
      <gpxtpx:cad>89</gpxtpx:cad>
     </gpxtpx:TrackPointExtension>
    </extensions>
   </trkpt>
   <trkpt lat="46.7882720" lon="130.3539760">
    <ele>83.6</ele>
    <time>2025-09-07T00:19:46Z</time>
    <extensions>
     <power>398</power>
     <gpxtpx:TrackPointExtension>
      <gpxtpx:atemp>28</gpxtpx:atemp>
      <gpxtpx:hr>183</gpxtpx:hr>
      <gpxtpx:cad>88</gpxtpx:cad>
     </gpxtpx:TrackPointExtension>
    </extensions>
   </trkpt>
   <trkpt lat="46.7882860" lon="130.3540270">
    <ele>83.6</ele>
    <time>2025-09-07T00:19:47Z</time>
    <extensions>
     <power>401</power>
     <gpxtpx:TrackPointExtension>
      <gpxtpx:atemp>28</gpxtpx:atemp>
      <gpxtpx:hr>183</gpxtpx:hr>
      <gpxtpx:cad>88</gpxtpx:cad>
     </gpxtpx:TrackPointExtension>
    </extensions>
   </trkpt>
   <trkpt lat="46.7882990" lon="130.3540720">
    <ele>83.6</ele>
    <time>2025-09-07T00:19:48Z</time>
    <extensions>
     <power>400</power>
     <gpxtpx:TrackPointExtension>
      <gpxtpx:atemp>28</gpxtpx:atemp>
      <gpxtpx:hr>183</gpxtpx:hr>
      <gpxtpx:cad>89</gpxtpx:cad>
     </gpxtpx:TrackPointExtension>
    </extensions>
   </trkpt>
   <trkpt lat="46.7883130" lon="130.3541250">
    <ele>83.6</ele>
    <time>2025-09-07T00:19:49Z</time>
    <extensions>
     <power>398</power>
     <gpxtpx:TrackPointExtension>
      <gpxtpx:atemp>28</gpxtpx:atemp>
      <gpxtpx:hr>183</gpxtpx:hr>
      <gpxtpx:cad>89</gpxtpx:cad>
     </gpxtpx:TrackPointExtension>
    </extensions>
   </trkpt>
   <trkpt lat="46.7883200" lon="130.3541740">
    <ele>83.6</ele>
    <time>2025-09-07T00:19:50Z</time>
    <extensions>
     <power>397</power>
     <gpxtpx:TrackPointExtension>
      <gpxtpx:atemp>28</gpxtpx:atemp>
      <gpxtpx:hr>183</gpxtpx:hr>
      <gpxtpx:cad>89</gpxtpx:cad>
     </gpxtpx:TrackPointExtension>
    </extensions>
   </trkpt>
   <trkpt lat="46.7883300" lon="130.3542260">
    <ele>83.6</ele>
    <time>2025-09-07T00:19:51Z</time>
    <extensions>
     <power>395</power>
     <gpxtpx:TrackPointExtension>
      <gpxtpx:atemp>28</gpxtpx:atemp>
      <gpxtpx:hr>183</gpxtpx:hr>
      <gpxtpx:cad>89</gpxtpx:cad>
     </gpxtpx:TrackPointExtension>
    </extensions>
   </trkpt>
   <trkpt lat="46.7883370" lon="130.3542740">
    <ele>83.4</ele>
    <time>2025-09-07T00:19:52Z</time>
    <extensions>
     <power>395</power>
     <gpxtpx:TrackPointExtension>
      <gpxtpx:atemp>28</gpxtpx:atemp>
      <gpxtpx:hr>183</gpxtpx:hr>
      <gpxtpx:cad>89</gpxtpx:cad>
     </gpxtpx:TrackPointExtension>
    </extensions>
   </trkpt>
   <trkpt lat="46.7883530" lon="130.3543220">
    <ele>83.6</ele>
    <time>2025-09-07T00:19:53Z</time>
    <extensions>
     <power>396</power>
     <gpxtpx:TrackPointExtension>
      <gpxtpx:atemp>28</gpxtpx:atemp>
      <gpxtpx:hr>184</gpxtpx:hr>
      <gpxtpx:cad>90</gpxtpx:cad>
     </gpxtpx:TrackPointExtension>
    </extensions>
   </trkpt>
   <trkpt lat="46.7883640" lon="130.3543640">
    <ele>83.6</ele>
    <time>2025-09-07T00:19:54Z</time>
    <extensions>
     <power>395</power>
     <gpxtpx:TrackPointExtension>
      <gpxtpx:atemp>28</gpxtpx:atemp>
      <gpxtpx:hr>183</gpxtpx:hr>
      <gpxtpx:cad>90</gpxtpx:cad>
     </gpxtpx:TrackPointExtension>
    </extensions>
   </trkpt>
   <trkpt lat="46.7883780" lon="130.3544200">
    <ele>83.4</ele>
    <time>2025-09-07T00:19:55Z</time>
    <extensions>
     <power>394</power>
     <gpxtpx:TrackPointExtension>
      <gpxtpx:atemp>28</gpxtpx:atemp>
      <gpxtpx:hr>183</gpxtpx:hr>
      <gpxtpx:cad>90</gpxtpx:cad>
     </gpxtpx:TrackPointExtension>
    </extensions>
   </trkpt>
   <trkpt lat="46.7883840" lon="130.3544660">
    <ele>83.6</ele>
    <time>2025-09-07T00:19:56Z</time>
    <extensions>
     <power>392</power>
     <gpxtpx:TrackPointExtension>
      <gpxtpx:atemp>28</gpxtpx:atemp>
      <gpxtpx:hr>184</gpxtpx:hr>
      <gpxtpx:cad>90</gpxtpx:cad>
     </gpxtpx:TrackPointExtension>
    </extensions>
   </trkpt>
   <trkpt lat="46.7883940" lon="130.3545190">
    <ele>83.6</ele>
    <time>2025-09-07T00:19:57Z</time>
    <extensions>
     <power>391</power>
     <gpxtpx:TrackPointExtension>
      <gpxtpx:atemp>28</gpxtpx:atemp>
      <gpxtpx:hr>183</gpxtpx:hr>
      <gpxtpx:cad>90</gpxtpx:cad>
     </gpxtpx:TrackPointExtension>
    </extensions>
   </trkpt>
   <trkpt lat="46.7883970" lon="130.3545700">
    <ele>83.4</ele>
    <time>2025-09-07T00:19:58Z</time>
    <extensions>
     <power>391</power>
     <gpxtpx:TrackPointExtension>
      <gpxtpx:atemp>28</gpxtpx:atemp>
      <gpxtpx:hr>183</gpxtpx:hr>
      <gpxtpx:cad>90</gpxtpx:cad>
     </gpxtpx:TrackPointExtension>
    </extensions>
   </trkpt>
   <trkpt lat="46.7884060" lon="130.3546260">
    <ele>83.4</ele>
    <time>2025-09-07T00:19:59Z</time>
    <extensions>
     <power>390</power>
     <gpxtpx:TrackPointExtension>
      <gpxtpx:atemp>28</gpxtpx:atemp>
      <gpxtpx:hr>184</gpxtpx:hr>
      <gpxtpx:cad>89</gpxtpx:cad>
     </gpxtpx:TrackPointExtension>
    </extensions>
   </trkpt>
   <trkpt lat="46.7884130" lon="130.3546700">
    <ele>83.4</ele>
    <time>2025-09-07T00:20:00Z</time>
    <extensions>
     <power>390</power>
     <gpxtpx:TrackPointExtension>
      <gpxtpx:atemp>28</gpxtpx:atemp>
      <gpxtpx:hr>183</gpxtpx:hr>
      <gpxtpx:cad>89</gpxtpx:cad>
     </gpxtpx:TrackPointExtension>
    </extensions>
   </trkpt>
   <trkpt lat="46.7884290" lon="130.3547260">
    <ele>83.6</ele>
    <time>2025-09-07T00:20:01Z</time>
    <extensions>
     <power>390</power>
     <gpxtpx:TrackPointExtension>
      <gpxtpx:atemp>28</gpxtpx:atemp>
      <gpxtpx:hr>183</gpxtpx:hr>
      <gpxtpx:cad>89</gpxtpx:cad>
     </gpxtpx:TrackPointExtension>
    </extensions>
   </trkpt>
   <trkpt lat="46.7884360" lon="130.3547680">
    <ele>83.6</ele>
    <time>2025-09-07T00:20:02Z</time>
    <extensions>
     <power>391</power>
     <gpxtpx:TrackPointExtension>
      <gpxtpx:atemp>28</gpxtpx:atemp>
      <gpxtpx:hr>184</gpxtpx:hr>
      <gpxtpx:cad>89</gpxtpx:cad>
     </gpxtpx:TrackPointExtension>
    </extensions>
   </trkpt>
   <trkpt lat="46.7884520" lon="130.3548210">
    <ele>83.6</ele>
    <time>2025-09-07T00:20:03Z</time>
    <extensions>
     <power>390</power>
     <gpxtpx:TrackPointExtension>
      <gpxtpx:atemp>28</gpxtpx:atemp>
      <gpxtpx:hr>183</gpxtpx:hr>
      <gpxtpx:cad>89</gpxtpx:cad>
     </gpxtpx:TrackPointExtension>
    </extensions>
   </trkpt>
   <trkpt lat="46.7884610" lon="130.3548660">
    <ele>83.6</ele>
    <time>2025-09-07T00:20:04Z</time>
    <extensions>
     <power>391</power>
     <gpxtpx:TrackPointExtension>
      <gpxtpx:atemp>28</gpxtpx:atemp>
      <gpxtpx:hr>183</gpxtpx:hr>
      <gpxtpx:cad>90</gpxtpx:cad>
     </gpxtpx:TrackPointExtension>
    </extensions>
   </trkpt>
   <trkpt lat="46.7884770" lon="130.3549210">
    <ele>83.6</ele>
    <time>2025-09-07T00:20:05Z</time>
    <extensions>
     <power>390</power>
     <gpxtpx:TrackPointExtension>
      <gpxtpx:atemp>28</gpxtpx:atemp>
      <gpxtpx:hr>184</gpxtpx:hr>
      <gpxtpx:cad>90</gpxtpx:cad>
     </gpxtpx:TrackPointExtension>
    </extensions>
   </trkpt>
   <trkpt lat="46.7884820" lon="130.3549680">
    <ele>83.6</ele>
    <time>2025-09-07T00:20:06Z</time>
    <extensions>
     <power>389</power>
     <gpxtpx:TrackPointExtension>
      <gpxtpx:atemp>28</gpxtpx:atemp>
      <gpxtpx:hr>183</gpxtpx:hr>
      <gpxtpx:cad>90</gpxtpx:cad>
     </gpxtpx:TrackPointExtension>
    </extensions>
   </trkpt>
   <trkpt lat="46.7884910" lon="130.3550200">
    <ele>83.6</ele>
    <time>2025-09-07T00:20:07Z</time>
    <extensions>
     <power>388</power>
     <gpxtpx:TrackPointExtension>
      <gpxtpx:atemp>28</gpxtpx:atemp>
      <gpxtpx:hr>183</gpxtpx:hr>
      <gpxtpx:cad>89</gpxtpx:cad>
     </gpxtpx:TrackPointExtension>
    </extensions>
   </trkpt>
   <trkpt lat="46.7884990" lon="130.3550710">
    <ele>83.6</ele>
    <time>2025-09-07T00:20:08Z</time>
    <extensions>
     <power>388</power>
     <gpxtpx:TrackPointExtension>
      <gpxtpx:atemp>28</gpxtpx:atemp>
      <gpxtpx:hr>184</gpxtpx:hr>
      <gpxtpx:cad>89</gpxtpx:cad>
     </gpxtpx:TrackPointExtension>
    </extensions>
   </trkpt>
   <trkpt lat="46.7885060" lon="130.3551240">
    <ele>83.6</ele>
    <time>2025-09-07T00:20:09Z</time>
    <extensions>
     <power>388</power>
     <gpxtpx:TrackPointExtension>
      <gpxtpx:atemp>28</gpxtpx:atemp>
      <gpxtpx:hr>183</gpxtpx:hr>
      <gpxtpx:cad>89</gpxtpx:cad>
     </gpxtpx:TrackPointExtension>
    </extensions>
   </trkpt>
   <trkpt lat="46.7885080" lon="130.3551680">
    <ele>83.6</ele>
    <time>2025-09-07T00:20:10Z</time>
    <extensions>
     <power>388</power>
     <gpxtpx:TrackPointExtension>
      <gpxtpx:atemp>28</gpxtpx:atemp>
      <gpxtpx:hr>183</gpxtpx:hr>
      <gpxtpx:cad>89</gpxtpx:cad>
     </gpxtpx:TrackPointExtension>
    </extensions>
   </trkpt>
   <trkpt lat="46.7885150" lon="130.3552180">
    <ele>83.6</ele>
    <time>2025-09-07T00:20:11Z</time>
    <extensions>
     <power>389</power>
     <gpxtpx:TrackPointExtension>
      <gpxtpx:atemp>28</gpxtpx:atemp>
      <gpxtpx:hr>183</gpxtpx:hr>
      <gpxtpx:cad>89</gpxtpx:cad>
     </gpxtpx:TrackPointExtension>
    </extensions>
   </trkpt>
   <trkpt lat="46.7885200" lon="130.3552600">
    <ele>83.8</ele>
    <time>2025-09-07T00:20:12Z</time>
    <extensions>
     <power>391</power>
     <gpxtpx:TrackPointExtension>
      <gpxtpx:atemp>28</gpxtpx:atemp>
      <gpxtpx:hr>184</gpxtpx:hr>
      <gpxtpx:cad>89</gpxtpx:cad>
     </gpxtpx:TrackPointExtension>
    </extensions>
   </trkpt>
   <trkpt lat="46.7885260" lon="130.3553100">
    <ele>83.6</ele>
    <time>2025-09-07T00:20:13Z</time>
    <extensions>
     <power>392</power>
     <gpxtpx:TrackPointExtension>
      <gpxtpx:atemp>28</gpxtpx:atemp>
      <gpxtpx:hr>183</gpxtpx:hr>
      <gpxtpx:cad>90</gpxtpx:cad>
     </gpxtpx:TrackPointExtension>
    </extensions>
   </trkpt>
   <trkpt lat="46.7885290" lon="130.3553520">
    <ele>83.6</ele>
    <time>2025-09-07T00:20:14Z</time>
    <extensions>
     <power>389</power>
     <gpxtpx:TrackPointExtension>
      <gpxtpx:atemp>28</gpxtpx:atemp>
      <gpxtpx:hr>183</gpxtpx:hr>
      <gpxtpx:cad>90</gpxtpx:cad>
     </gpxtpx:TrackPointExtension>
    </extensions>
   </trkpt>
   <trkpt lat="46.7885420" lon="130.3553990">
    <ele>83.8</ele>
    <time>2025-09-07T00:20:15Z</time>
    <extensions>
     <power>390</power>
     <gpxtpx:TrackPointExtension>
      <gpxtpx:atemp>28</gpxtpx:atemp>
      <gpxtpx:hr>183</gpxtpx:hr>
      <gpxtpx:cad>90</gpxtpx:cad>
     </gpxtpx:TrackPointExtension>
    </extensions>
   </trkpt>
   <trkpt lat="46.7885480" lon="130.3554440">
    <ele>83.8</ele>
    <time>2025-09-07T00:20:16Z</time>
    <extensions>
     <power>390</power>
     <gpxtpx:TrackPointExtension>
      <gpxtpx:atemp>28</gpxtpx:atemp>
      <gpxtpx:hr>184</gpxtpx:hr>
      <gpxtpx:cad>90</gpxtpx:cad>
     </gpxtpx:TrackPointExtension>
    </extensions>
   </trkpt>
   <trkpt lat="46.7885610" lon="130.3554940">
    <ele>84.0</ele>
    <time>2025-09-07T00:20:17Z</time>
    <extensions>
     <power>390</power>
     <gpxtpx:TrackPointExtension>
      <gpxtpx:atemp>28</gpxtpx:atemp>
      <gpxtpx:hr>183</gpxtpx:hr>
      <gpxtpx:cad>90</gpxtpx:cad>
     </gpxtpx:TrackPointExtension>
    </extensions>
   </trkpt>
   <trkpt lat="46.7885690" lon="130.3555350">
    <ele>84.0</ele>
    <time>2025-09-07T00:20:18Z</time>
    <extensions>
     <power>391</power>
     <gpxtpx:TrackPointExtension>
      <gpxtpx:atemp>28</gpxtpx:atemp>
      <gpxtpx:hr>183</gpxtpx:hr>
      <gpxtpx:cad>90</gpxtpx:cad>
     </gpxtpx:TrackPointExtension>
    </extensions>
   </trkpt>
   <trkpt lat="46.7885840" lon="130.3555850">
    <ele>84.2</ele>
    <time>2025-09-07T00:20:19Z</time>
    <extensions>
     <power>391</power>
     <gpxtpx:TrackPointExtension>
      <gpxtpx:atemp>28</gpxtpx:atemp>
      <gpxtpx:hr>183</gpxtpx:hr>
      <gpxtpx:cad>90</gpxtpx:cad>
     </gpxtpx:TrackPointExtension>
    </extensions>
   </trkpt>
   <trkpt lat="46.7885960" lon="130.3556310">
    <ele>84.2</ele>
    <time>2025-09-07T00:20:20Z</time>
    <extensions>
     <power>392</power>
     <gpxtpx:TrackPointExtension>
      <gpxtpx:atemp>28</gpxtpx:atemp>
      <gpxtpx:hr>183</gpxtpx:hr>
      <gpxtpx:cad>89</gpxtpx:cad>
     </gpxtpx:TrackPointExtension>
    </extensions>
   </trkpt>
   <trkpt lat="46.7886080" lon="130.3556820">
    <ele>84.4</ele>
    <time>2025-09-07T00:20:21Z</time>
    <extensions>
     <power>395</power>
     <gpxtpx:TrackPointExtension>
      <gpxtpx:atemp>28</gpxtpx:atemp>
      <gpxtpx:hr>183</gpxtpx:hr>
      <gpxtpx:cad>89</gpxtpx:cad>
     </gpxtpx:TrackPointExtension>
    </extensions>
   </trkpt>
   <trkpt lat="46.7886120" lon="130.3557240">
    <ele>84.4</ele>
    <time>2025-09-07T00:20:22Z</time>
    <extensions>
     <power>396</power>
     <gpxtpx:TrackPointExtension>
      <gpxtpx:atemp>28</gpxtpx:atemp>
      <gpxtpx:hr>183</gpxtpx:hr>
      <gpxtpx:cad>89</gpxtpx:cad>
     </gpxtpx:TrackPointExtension>
    </extensions>
   </trkpt>
   <trkpt lat="46.7886210" lon="130.3557770">
    <ele>84.4</ele>
    <time>2025-09-07T00:20:23Z</time>
    <extensions>
     <power>398</power>
     <gpxtpx:TrackPointExtension>
      <gpxtpx:atemp>28</gpxtpx:atemp>
      <gpxtpx:hr>183</gpxtpx:hr>
      <gpxtpx:cad>89</gpxtpx:cad>
     </gpxtpx:TrackPointExtension>
    </extensions>
   </trkpt>
   <trkpt lat="46.7886400" lon="130.3558110">
    <ele>84.6</ele>
    <time>2025-09-07T00:20:24Z</time>
    <extensions>
     <power>398</power>
     <gpxtpx:TrackPointExtension>
      <gpxtpx:atemp>28</gpxtpx:atemp>
      <gpxtpx:hr>183</gpxtpx:hr>
      <gpxtpx:cad>90</gpxtpx:cad>
     </gpxtpx:TrackPointExtension>
    </extensions>
   </trkpt>
   <trkpt lat="46.7886560" lon="130.3558660">
    <ele>84.6</ele>
    <time>2025-09-07T00:20:25Z</time>
    <extensions>
     <power>398</power>
     <gpxtpx:TrackPointExtension>
      <gpxtpx:atemp>28</gpxtpx:atemp>
      <gpxtpx:hr>183</gpxtpx:hr>
      <gpxtpx:cad>90</gpxtpx:cad>
     </gpxtpx:TrackPointExtension>
    </extensions>
   </trkpt>
   <trkpt lat="46.7886630" lon="130.3559080">
    <ele>84.8</ele>
    <time>2025-09-07T00:20:26Z</time>
    <extensions>
     <power>400</power>
     <gpxtpx:TrackPointExtension>
      <gpxtpx:atemp>28</gpxtpx:atemp>
      <gpxtpx:hr>183</gpxtpx:hr>
      <gpxtpx:cad>90</gpxtpx:cad>
     </gpxtpx:TrackPointExtension>
    </extensions>
   </trkpt>
   <trkpt lat="46.7886740" lon="130.3559610">
    <ele>84.8</ele>
    <time>2025-09-07T00:20:27Z</time>
    <extensions>
     <power>403</power>
     <gpxtpx:TrackPointExtension>
      <gpxtpx:atemp>28</gpxtpx:atemp>
      <gpxtpx:hr>183</gpxtpx:hr>
      <gpxtpx:cad>89</gpxtpx:cad>
     </gpxtpx:TrackPointExtension>
    </extensions>
   </trkpt>
   <trkpt lat="46.7886800" lon="130.3560010">
    <ele>85.0</ele>
    <time>2025-09-07T00:20:28Z</time>
    <extensions>
     <power>406</power>
     <gpxtpx:TrackPointExtension>
      <gpxtpx:atemp>28</gpxtpx:atemp>
      <gpxtpx:hr>183</gpxtpx:hr>
      <gpxtpx:cad>89</gpxtpx:cad>
     </gpxtpx:TrackPointExtension>
    </extensions>
   </trkpt>
   <trkpt lat="46.7886970" lon="130.3560550">
    <ele>85.0</ele>
    <time>2025-09-07T00:20:29Z</time>
    <extensions>
     <power>407</power>
     <gpxtpx:TrackPointExtension>
      <gpxtpx:atemp>28</gpxtpx:atemp>
      <gpxtpx:hr>182</gpxtpx:hr>
      <gpxtpx:cad>89</gpxtpx:cad>
     </gpxtpx:TrackPointExtension>
    </extensions>
   </trkpt>
   <trkpt lat="46.7887050" lon="130.3560990">
    <ele>85.2</ele>
    <time>2025-09-07T00:20:30Z</time>
    <extensions>
     <power>408</power>
     <gpxtpx:TrackPointExtension>
      <gpxtpx:atemp>28</gpxtpx:atemp>
      <gpxtpx:hr>183</gpxtpx:hr>
      <gpxtpx:cad>89</gpxtpx:cad>
     </gpxtpx:TrackPointExtension>
    </extensions>
   </trkpt>
   <trkpt lat="46.7887190" lon="130.3561520">
    <ele>85.4</ele>
    <time>2025-09-07T00:20:31Z</time>
    <extensions>
     <power>411</power>
     <gpxtpx:TrackPointExtension>
      <gpxtpx:atemp>28</gpxtpx:atemp>
      <gpxtpx:hr>183</gpxtpx:hr>
      <gpxtpx:cad>89</gpxtpx:cad>
     </gpxtpx:TrackPointExtension>
    </extensions>
   </trkpt>
   <trkpt lat="46.7887270" lon="130.3561960">
    <ele>85.4</ele>
    <time>2025-09-07T00:20:32Z</time>
    <extensions>
     <power>413</power>
     <gpxtpx:TrackPointExtension>
      <gpxtpx:atemp>28</gpxtpx:atemp>
      <gpxtpx:hr>183</gpxtpx:hr>
      <gpxtpx:cad>89</gpxtpx:cad>
     </gpxtpx:TrackPointExtension>
    </extensions>
   </trkpt>
   <trkpt lat="46.7887370" lon="130.3562490">
    <ele>85.6</ele>
    <time>2025-09-07T00:20:33Z</time>
    <extensions>
     <power>415</power>
     <gpxtpx:TrackPointExtension>
      <gpxtpx:atemp>28</gpxtpx:atemp>
      <gpxtpx:hr>183</gpxtpx:hr>
      <gpxtpx:cad>89</gpxtpx:cad>
     </gpxtpx:TrackPointExtension>
    </extensions>
   </trkpt>
   <trkpt lat="46.7887450" lon="130.3562950">
    <ele>85.6</ele>
    <time>2025-09-07T00:20:34Z</time>
    <extensions>
     <power>416</power>
     <gpxtpx:TrackPointExtension>
      <gpxtpx:atemp>28</gpxtpx:atemp>
      <gpxtpx:hr>183</gpxtpx:hr>
      <gpxtpx:cad>89</gpxtpx:cad>
     </gpxtpx:TrackPointExtension>
    </extensions>
   </trkpt>
   <trkpt lat="46.7887600" lon="130.3563520">
    <ele>85.6</ele>
    <time>2025-09-07T00:20:35Z</time>
    <extensions>
     <power>417</power>
     <gpxtpx:TrackPointExtension>
      <gpxtpx:atemp>28</gpxtpx:atemp>
      <gpxtpx:hr>183</gpxtpx:hr>
      <gpxtpx:cad>89</gpxtpx:cad>
     </gpxtpx:TrackPointExtension>
    </extensions>
   </trkpt>
   <trkpt lat="46.7887650" lon="130.3564020">
    <ele>85.8</ele>
    <time>2025-09-07T00:20:36Z</time>
    <extensions>
     <power>419</power>
     <gpxtpx:TrackPointExtension>
      <gpxtpx:atemp>28</gpxtpx:atemp>
      <gpxtpx:hr>183</gpxtpx:hr>
      <gpxtpx:cad>89</gpxtpx:cad>
     </gpxtpx:TrackPointExtension>
    </extensions>
   </trkpt>
   <trkpt lat="46.7887800" lon="130.3564620">
    <ele>85.8</ele>
    <time>2025-09-07T00:20:37Z</time>
    <extensions>
     <power>426</power>
     <gpxtpx:TrackPointExtension>
      <gpxtpx:atemp>28</gpxtpx:atemp>
      <gpxtpx:hr>183</gpxtpx:hr>
      <gpxtpx:cad>89</gpxtpx:cad>
     </gpxtpx:TrackPointExtension>
    </extensions>
   </trkpt>
   <trkpt lat="46.7887880" lon="130.3565100">
    <ele>86.0</ele>
    <time>2025-09-07T00:20:38Z</time>
    <extensions>
     <power>431</power>
     <gpxtpx:TrackPointExtension>
      <gpxtpx:atemp>28</gpxtpx:atemp>
      <gpxtpx:hr>183</gpxtpx:hr>
      <gpxtpx:cad>90</gpxtpx:cad>
     </gpxtpx:TrackPointExtension>
    </extensions>
   </trkpt>
   <trkpt lat="46.7888020" lon="130.3565680">
    <ele>86.2</ele>
    <time>2025-09-07T00:20:39Z</time>
    <extensions>
     <power>435</power>
     <gpxtpx:TrackPointExtension>
      <gpxtpx:atemp>28</gpxtpx:atemp>
      <gpxtpx:hr>183</gpxtpx:hr>
      <gpxtpx:cad>90</gpxtpx:cad>
     </gpxtpx:TrackPointExtension>
    </extensions>
   </trkpt>
   <trkpt lat="46.7888070" lon="130.3566170">
    <ele>86.4</ele>
    <time>2025-09-07T00:20:40Z</time>
    <extensions>
     <power>441</power>
     <gpxtpx:TrackPointExtension>
      <gpxtpx:atemp>28</gpxtpx:atemp>
      <gpxtpx:hr>183</gpxtpx:hr>
      <gpxtpx:cad>90</gpxtpx:cad>
     </gpxtpx:TrackPointExtension>
    </extensions>
   </trkpt>
   <trkpt lat="46.7888210" lon="130.3566670">
    <ele>86.6</ele>
    <time>2025-09-07T00:20:41Z</time>
    <extensions>
     <power>448</power>
     <gpxtpx:TrackPointExtension>
      <gpxtpx:atemp>28</gpxtpx:atemp>
      <gpxtpx:hr>184</gpxtpx:hr>
      <gpxtpx:cad>90</gpxtpx:cad>
     </gpxtpx:TrackPointExtension>
    </extensions>
   </trkpt>
   <trkpt lat="46.7888260" lon="130.3567060">
    <ele>87.0</ele>
    <time>2025-09-07T00:20:42Z</time>
    <extensions>
     <power>453</power>
     <gpxtpx:TrackPointExtension>
      <gpxtpx:atemp>28</gpxtpx:atemp>
      <gpxtpx:hr>184</gpxtpx:hr>
      <gpxtpx:cad>90</gpxtpx:cad>
     </gpxtpx:TrackPointExtension>
    </extensions>
   </trkpt>
   <trkpt lat="46.7888360" lon="130.3567550">
    <ele>87.0</ele>
    <time>2025-09-07T00:20:43Z</time>
    <extensions>
     <power>458</power>
     <gpxtpx:TrackPointExtension>
      <gpxtpx:atemp>28</gpxtpx:atemp>
      <gpxtpx:hr>184</gpxtpx:hr>
      <gpxtpx:cad>90</gpxtpx:cad>
     </gpxtpx:TrackPointExtension>
    </extensions>
   </trkpt>
   <trkpt lat="46.7888420" lon="130.3567980">
    <ele>87.4</ele>
    <time>2025-09-07T00:20:44Z</time>
    <extensions>
     <power>465</power>
     <gpxtpx:TrackPointExtension>
      <gpxtpx:atemp>28</gpxtpx:atemp>
      <gpxtpx:hr>184</gpxtpx:hr>
      <gpxtpx:cad>90</gpxtpx:cad>
     </gpxtpx:TrackPointExtension>
    </extensions>
   </trkpt>
   <trkpt lat="46.7888520" lon="130.3568490">
    <ele>87.6</ele>
    <time>2025-09-07T00:20:45Z</time>
    <extensions>
     <power>470</power>
     <gpxtpx:TrackPointExtension>
      <gpxtpx:atemp>28</gpxtpx:atemp>
      <gpxtpx:hr>184</gpxtpx:hr>
      <gpxtpx:cad>90</gpxtpx:cad>
     </gpxtpx:TrackPointExtension>
    </extensions>
   </trkpt>
   <trkpt lat="46.7888580" lon="130.3568880">
    <ele>87.8</ele>
    <time>2025-09-07T00:20:46Z</time>
    <extensions>
     <power>475</power>
     <gpxtpx:TrackPointExtension>
      <gpxtpx:atemp>28</gpxtpx:atemp>
      <gpxtpx:hr>184</gpxtpx:hr>
      <gpxtpx:cad>90</gpxtpx:cad>
     </gpxtpx:TrackPointExtension>
    </extensions>
   </trkpt>
   <trkpt lat="46.7888730" lon="130.3569400">
    <ele>87.8</ele>
    <time>2025-09-07T00:20:47Z</time>
    <extensions>
     <power>475</power>
     <gpxtpx:TrackPointExtension>
      <gpxtpx:atemp>28</gpxtpx:atemp>
      <gpxtpx:hr>185</gpxtpx:hr>
      <gpxtpx:cad>90</gpxtpx:cad>
     </gpxtpx:TrackPointExtension>
    </extensions>
   </trkpt>
   <trkpt lat="46.7888790" lon="130.3569880">
    <ele>87.8</ele>
    <time>2025-09-07T00:20:48Z</time>
    <extensions>
     <power>473</power>
     <gpxtpx:TrackPointExtension>
      <gpxtpx:atemp>28</gpxtpx:atemp>
      <gpxtpx:hr>185</gpxtpx:hr>
      <gpxtpx:cad>89</gpxtpx:cad>
     </gpxtpx:TrackPointExtension>
    </extensions>
   </trkpt>
   <trkpt lat="46.7888960" lon="130.3570390">
    <ele>87.6</ele>
    <time>2025-09-07T00:20:49Z</time>
    <extensions>
     <power>472</power>
     <gpxtpx:TrackPointExtension>
      <gpxtpx:atemp>28</gpxtpx:atemp>
      <gpxtpx:hr>186</gpxtpx:hr>
      <gpxtpx:cad>89</gpxtpx:cad>
     </gpxtpx:TrackPointExtension>
    </extensions>
   </trkpt>
   <trkpt lat="46.7889040" lon="130.3570840">
    <ele>87.6</ele>
    <time>2025-09-07T00:20:50Z</time>
    <extensions>
     <power>469</power>
     <gpxtpx:TrackPointExtension>
      <gpxtpx:atemp>28</gpxtpx:atemp>
      <gpxtpx:hr>186</gpxtpx:hr>
      <gpxtpx:cad>89</gpxtpx:cad>
     </gpxtpx:TrackPointExtension>
    </extensions>
   </trkpt>
   <trkpt lat="46.7889200" lon="130.3571390">
    <ele>87.6</ele>
    <time>2025-09-07T00:20:51Z</time>
    <extensions>
     <power>465</power>
     <gpxtpx:TrackPointExtension>
      <gpxtpx:atemp>28</gpxtpx:atemp>
      <gpxtpx:hr>186</gpxtpx:hr>
      <gpxtpx:cad>89</gpxtpx:cad>
     </gpxtpx:TrackPointExtension>
    </extensions>
   </trkpt>
   <trkpt lat="46.7889290" lon="130.3571800">
    <ele>87.4</ele>
    <time>2025-09-07T00:20:52Z</time>
    <extensions>
     <power>461</power>
     <gpxtpx:TrackPointExtension>
      <gpxtpx:atemp>28</gpxtpx:atemp>
      <gpxtpx:hr>187</gpxtpx:hr>
      <gpxtpx:cad>90</gpxtpx:cad>
     </gpxtpx:TrackPointExtension>
    </extensions>
   </trkpt>
   <trkpt lat="46.7889410" lon="130.3572370">
    <ele>87.6</ele>
    <time>2025-09-07T00:20:53Z</time>
    <extensions>
     <power>457</power>
     <gpxtpx:TrackPointExtension>
      <gpxtpx:atemp>28</gpxtpx:atemp>
      <gpxtpx:hr>187</gpxtpx:hr>
      <gpxtpx:cad>90</gpxtpx:cad>
     </gpxtpx:TrackPointExtension>
    </extensions>
   </trkpt>
   <trkpt lat="46.7889520" lon="130.3572840">
    <ele>87.6</ele>
    <time>2025-09-07T00:20:54Z</time>
    <extensions>
     <power>455</power>
     <gpxtpx:TrackPointExtension>
      <gpxtpx:atemp>28</gpxtpx:atemp>
      <gpxtpx:hr>187</gpxtpx:hr>
      <gpxtpx:cad>90</gpxtpx:cad>
     </gpxtpx:TrackPointExtension>
    </extensions>
   </trkpt>
   <trkpt lat="46.7889650" lon="130.3573370">
    <ele>87.8</ele>
    <time>2025-09-07T00:20:55Z</time>
    <extensions>
     <power>453</power>
     <gpxtpx:TrackPointExtension>
      <gpxtpx:atemp>28</gpxtpx:atemp>
      <gpxtpx:hr>188</gpxtpx:hr>
      <gpxtpx:cad>90</gpxtpx:cad>
     </gpxtpx:TrackPointExtension>
    </extensions>
   </trkpt>
   <trkpt lat="46.7889700" lon="130.3573810">
    <ele>87.8</ele>
    <time>2025-09-07T00:20:56Z</time>
    <extensions>
     <power>448</power>
     <gpxtpx:TrackPointExtension>
      <gpxtpx:atemp>28</gpxtpx:atemp>
      <gpxtpx:hr>188</gpxtpx:hr>
      <gpxtpx:cad>90</gpxtpx:cad>
     </gpxtpx:TrackPointExtension>
    </extensions>
   </trkpt>
   <trkpt lat="46.7889830" lon="130.3574280">
    <ele>88.0</ele>
    <time>2025-09-07T00:20:57Z</time>
    <extensions>
     <power>446</power>
     <gpxtpx:TrackPointExtension>
      <gpxtpx:atemp>28</gpxtpx:atemp>
      <gpxtpx:hr>188</gpxtpx:hr>
      <gpxtpx:cad>89</gpxtpx:cad>
     </gpxtpx:TrackPointExtension>
    </extensions>
   </trkpt>
   <trkpt lat="46.7889930" lon="130.3574730">
    <ele>88.0</ele>
    <time>2025-09-07T00:20:58Z</time>
    <extensions>
     <power>445</power>
     <gpxtpx:TrackPointExtension>
      <gpxtpx:atemp>28</gpxtpx:atemp>
      <gpxtpx:hr>188</gpxtpx:hr>
      <gpxtpx:cad>89</gpxtpx:cad>
     </gpxtpx:TrackPointExtension>
    </extensions>
   </trkpt>
   <trkpt lat="46.7890070" lon="130.3575250">
    <ele>88.2</ele>
    <time>2025-09-07T00:20:59Z</time>
    <extensions>
     <power>440</power>
     <gpxtpx:TrackPointExtension>
      <gpxtpx:atemp>28</gpxtpx:atemp>
      <gpxtpx:hr>188</gpxtpx:hr>
      <gpxtpx:cad>89</gpxtpx:cad>
     </gpxtpx:TrackPointExtension>
    </extensions>
   </trkpt>
   <trkpt lat="46.7890100" lon="130.3575660">
    <ele>88.2</ele>
    <time>2025-09-07T00:21:00Z</time>
    <extensions>
     <power>437</power>
     <gpxtpx:TrackPointExtension>
      <gpxtpx:atemp>28</gpxtpx:atemp>
      <gpxtpx:hr>188</gpxtpx:hr>
      <gpxtpx:cad>89</gpxtpx:cad>
     </gpxtpx:TrackPointExtension>
    </extensions>
   </trkpt>
   <trkpt lat="46.7890190" lon="130.3576200">
    <ele>88.2</ele>
    <time>2025-09-07T00:21:01Z</time>
    <extensions>
     <power>435</power>
     <gpxtpx:TrackPointExtension>
      <gpxtpx:atemp>28</gpxtpx:atemp>
      <gpxtpx:hr>188</gpxtpx:hr>
      <gpxtpx:cad>89</gpxtpx:cad>
     </gpxtpx:TrackPointExtension>
    </extensions>
   </trkpt>
   <trkpt lat="46.7890230" lon="130.3576610">
    <ele>88.4</ele>
    <time>2025-09-07T00:21:02Z</time>
    <extensions>
     <power>433</power>
     <gpxtpx:TrackPointExtension>
      <gpxtpx:atemp>28</gpxtpx:atemp>
      <gpxtpx:hr>189</gpxtpx:hr>
      <gpxtpx:cad>89</gpxtpx:cad>
     </gpxtpx:TrackPointExtension>
    </extensions>
   </trkpt>
   <trkpt lat="46.7890320" lon="130.3577120">
    <ele>88.4</ele>
    <time>2025-09-07T00:21:03Z</time>
    <extensions>
     <power>432</power>
     <gpxtpx:TrackPointExtension>
      <gpxtpx:atemp>28</gpxtpx:atemp>
      <gpxtpx:hr>188</gpxtpx:hr>
      <gpxtpx:cad>89</gpxtpx:cad>
     </gpxtpx:TrackPointExtension>
    </extensions>
   </trkpt>
   <trkpt lat="46.7890400" lon="130.3577550">
    <ele>88.6</ele>
    <time>2025-09-07T00:21:04Z</time>
    <extensions>
     <power>432</power>
     <gpxtpx:TrackPointExtension>
      <gpxtpx:atemp>28</gpxtpx:atemp>
      <gpxtpx:hr>188</gpxtpx:hr>
      <gpxtpx:cad>89</gpxtpx:cad>
     </gpxtpx:TrackPointExtension>
    </extensions>
   </trkpt>
   <trkpt lat="46.7890490" lon="130.3578030">
    <ele>88.6</ele>
    <time>2025-09-07T00:21:05Z</time>
    <extensions>
     <power>432</power>
     <gpxtpx:TrackPointExtension>
      <gpxtpx:atemp>28</gpxtpx:atemp>
      <gpxtpx:hr>188</gpxtpx:hr>
      <gpxtpx:cad>89</gpxtpx:cad>
     </gpxtpx:TrackPointExtension>
    </extensions>
   </trkpt>
   <trkpt lat="46.7890580" lon="130.3578450">
    <ele>88.6</ele>
    <time>2025-09-07T00:21:06Z</time>
    <extensions>
     <power>431</power>
     <gpxtpx:TrackPointExtension>
      <gpxtpx:atemp>28</gpxtpx:atemp>
      <gpxtpx:hr>188</gpxtpx:hr>
      <gpxtpx:cad>89</gpxtpx:cad>
     </gpxtpx:TrackPointExtension>
    </extensions>
   </trkpt>
   <trkpt lat="46.7890730" lon="130.3578960">
    <ele>88.8</ele>
    <time>2025-09-07T00:21:07Z</time>
    <extensions>
     <power>431</power>
     <gpxtpx:TrackPointExtension>
      <gpxtpx:atemp>28</gpxtpx:atemp>
      <gpxtpx:hr>187</gpxtpx:hr>
      <gpxtpx:cad>89</gpxtpx:cad>
     </gpxtpx:TrackPointExtension>
    </extensions>
   </trkpt>
   <trkpt lat="46.7890820" lon="130.3579380">
    <ele>89.0</ele>
    <time>2025-09-07T00:21:08Z</time>
    <extensions>
     <power>432</power>
     <gpxtpx:TrackPointExtension>
      <gpxtpx:atemp>28</gpxtpx:atemp>
      <gpxtpx:hr>188</gpxtpx:hr>
      <gpxtpx:cad>89</gpxtpx:cad>
     </gpxtpx:TrackPointExtension>
    </extensions>
   </trkpt>
   <trkpt lat="46.7890940" lon="130.3579920">
    <ele>89.0</ele>
    <time>2025-09-07T00:21:09Z</time>
    <extensions>
     <power>431</power>
     <gpxtpx:TrackPointExtension>
      <gpxtpx:atemp>28</gpxtpx:atemp>
      <gpxtpx:hr>188</gpxtpx:hr>
      <gpxtpx:cad>89</gpxtpx:cad>
     </gpxtpx:TrackPointExtension>
    </extensions>
   </trkpt>
   <trkpt lat="46.7891050" lon="130.3580300">
    <ele>89.2</ele>
    <time>2025-09-07T00:21:10Z</time>
    <extensions>
     <power>431</power>
     <gpxtpx:TrackPointExtension>
      <gpxtpx:atemp>28</gpxtpx:atemp>
      <gpxtpx:hr>188</gpxtpx:hr>
      <gpxtpx:cad>89</gpxtpx:cad>
     </gpxtpx:TrackPointExtension>
    </extensions>
   </trkpt>
   <trkpt lat="46.7891150" lon="130.3580790">
    <ele>89.4</ele>
    <time>2025-09-07T00:21:11Z</time>
    <extensions>
     <power>432</power>
     <gpxtpx:TrackPointExtension>
      <gpxtpx:atemp>28</gpxtpx:atemp>
      <gpxtpx:hr>188</gpxtpx:hr>
      <gpxtpx:cad>89</gpxtpx:cad>
     </gpxtpx:TrackPointExtension>
    </extensions>
   </trkpt>
   <trkpt lat="46.7891270" lon="130.3581170">
    <ele>89.4</ele>
    <time>2025-09-07T00:21:12Z</time>
    <extensions>
     <power>432</power>
     <gpxtpx:TrackPointExtension>
      <gpxtpx:atemp>28</gpxtpx:atemp>
      <gpxtpx:hr>187</gpxtpx:hr>
      <gpxtpx:cad>89</gpxtpx:cad>
     </gpxtpx:TrackPointExtension>
    </extensions>
   </trkpt>
   <trkpt lat="46.7891390" lon="130.3581690">
    <ele>89.4</ele>
    <time>2025-09-07T00:21:13Z</time>
    <extensions>
     <power>431</power>
     <gpxtpx:TrackPointExtension>
      <gpxtpx:atemp>28</gpxtpx:atemp>
      <gpxtpx:hr>187</gpxtpx:hr>
      <gpxtpx:cad>89</gpxtpx:cad>
     </gpxtpx:TrackPointExtension>
    </extensions>
   </trkpt>
   <trkpt lat="46.7891460" lon="130.3582070">
    <ele>89.6</ele>
    <time>2025-09-07T00:21:14Z</time>
    <extensions>
     <power>430</power>
     <gpxtpx:TrackPointExtension>
      <gpxtpx:atemp>28</gpxtpx:atemp>
      <gpxtpx:hr>187</gpxtpx:hr>
      <gpxtpx:cad>89</gpxtpx:cad>
     </gpxtpx:TrackPointExtension>
    </extensions>
   </trkpt>
   <trkpt lat="46.7891590" lon="130.3582570">
    <ele>89.6</ele>
    <time>2025-09-07T00:21:15Z</time>
    <extensions>
     <power>428</power>
     <gpxtpx:TrackPointExtension>
      <gpxtpx:atemp>28</gpxtpx:atemp>
      <gpxtpx:hr>187</gpxtpx:hr>
      <gpxtpx:cad>89</gpxtpx:cad>
     </gpxtpx:TrackPointExtension>
    </extensions>
   </trkpt>
   <trkpt lat="46.7891670" lon="130.3582990">
    <ele>89.8</ele>
    <time>2025-09-07T00:21:16Z</time>
    <extensions>
     <power>426</power>
     <gpxtpx:TrackPointExtension>
      <gpxtpx:atemp>28</gpxtpx:atemp>
      <gpxtpx:hr>187</gpxtpx:hr>
      <gpxtpx:cad>89</gpxtpx:cad>
     </gpxtpx:TrackPointExtension>
    </extensions>
   </trkpt>
   <trkpt lat="46.7891790" lon="130.3583510">
    <ele>89.8</ele>
    <time>2025-09-07T00:21:17Z</time>
    <extensions>
     <power>426</power>
     <gpxtpx:TrackPointExtension>
      <gpxtpx:atemp>28</gpxtpx:atemp>
      <gpxtpx:hr>187</gpxtpx:hr>
      <gpxtpx:cad>89</gpxtpx:cad>
     </gpxtpx:TrackPointExtension>
    </extensions>
   </trkpt>
   <trkpt lat="46.7891860" lon="130.3583930">
    <ele>90.0</ele>
    <time>2025-09-07T00:21:18Z</time>
    <extensions>
     <power>426</power>
     <gpxtpx:TrackPointExtension>
      <gpxtpx:atemp>28</gpxtpx:atemp>
      <gpxtpx:hr>187</gpxtpx:hr>
      <gpxtpx:cad>90</gpxtpx:cad>
     </gpxtpx:TrackPointExtension>
    </extensions>
   </trkpt>
   <trkpt lat="46.7892030" lon="130.3584490">
    <ele>90.0</ele>
    <time>2025-09-07T00:21:19Z</time>
    <extensions>
     <power>424</power>
     <gpxtpx:TrackPointExtension>
      <gpxtpx:atemp>28</gpxtpx:atemp>
      <gpxtpx:hr>187</gpxtpx:hr>
      <gpxtpx:cad>90</gpxtpx:cad>
     </gpxtpx:TrackPointExtension>
    </extensions>
   </trkpt>
   <trkpt lat="46.7892080" lon="130.3584890">
    <ele>90.2</ele>
    <time>2025-09-07T00:21:20Z</time>
    <extensions>
     <power>424</power>
     <gpxtpx:TrackPointExtension>
      <gpxtpx:atemp>28</gpxtpx:atemp>
      <gpxtpx:hr>187</gpxtpx:hr>
      <gpxtpx:cad>90</gpxtpx:cad>
     </gpxtpx:TrackPointExtension>
    </extensions>
   </trkpt>
   <trkpt lat="46.7892200" lon="130.3585450">
    <ele>90.2</ele>
    <time>2025-09-07T00:21:21Z</time>
    <extensions>
     <power>424</power>
     <gpxtpx:TrackPointExtension>
      <gpxtpx:atemp>28</gpxtpx:atemp>
      <gpxtpx:hr>187</gpxtpx:hr>
      <gpxtpx:cad>90</gpxtpx:cad>
     </gpxtpx:TrackPointExtension>
    </extensions>
   </trkpt>
   <trkpt lat="46.7892300" lon="130.3585850">
    <ele>90.2</ele>
    <time>2025-09-07T00:21:22Z</time>
    <extensions>
     <power>425</power>
     <gpxtpx:TrackPointExtension>
      <gpxtpx:atemp>28</gpxtpx:atemp>
      <gpxtpx:hr>187</gpxtpx:hr>
      <gpxtpx:cad>90</gpxtpx:cad>
     </gpxtpx:TrackPointExtension>
    </extensions>
   </trkpt>
   <trkpt lat="46.7892420" lon="130.3586330">
    <ele>90.4</ele>
    <time>2025-09-07T00:21:23Z</time>
    <extensions>
     <power>425</power>
     <gpxtpx:TrackPointExtension>
      <gpxtpx:atemp>28</gpxtpx:atemp>
      <gpxtpx:hr>187</gpxtpx:hr>
      <gpxtpx:cad>90</gpxtpx:cad>
     </gpxtpx:TrackPointExtension>
    </extensions>
   </trkpt>
   <trkpt lat="46.7892530" lon="130.3586770">
    <ele>90.4</ele>
    <time>2025-09-07T00:21:24Z</time>
    <extensions>
     <power>425</power>
     <gpxtpx:TrackPointExtension>
      <gpxtpx:atemp>28</gpxtpx:atemp>
      <gpxtpx:hr>187</gpxtpx:hr>
      <gpxtpx:cad>88</gpxtpx:cad>
     </gpxtpx:TrackPointExtension>
    </extensions>
   </trkpt>
   <trkpt lat="46.7892650" lon="130.3587250">
    <ele>90.4</ele>
    <time>2025-09-07T00:21:25Z</time>
    <extensions>
     <power>428</power>
     <gpxtpx:TrackPointExtension>
      <gpxtpx:atemp>28</gpxtpx:atemp>
      <gpxtpx:hr>187</gpxtpx:hr>
      <gpxtpx:cad>88</gpxtpx:cad>
     </gpxtpx:TrackPointExtension>
    </extensions>
   </trkpt>
   <trkpt lat="46.7892720" lon="130.3587740">
    <ele>90.6</ele>
    <time>2025-09-07T00:21:26Z</time>
    <extensions>
     <power>427</power>
     <gpxtpx:TrackPointExtension>
      <gpxtpx:atemp>28</gpxtpx:atemp>
      <gpxtpx:hr>186</gpxtpx:hr>
      <gpxtpx:cad>88</gpxtpx:cad>
     </gpxtpx:TrackPointExtension>
    </extensions>
   </trkpt>
   <trkpt lat="46.7892830" lon="130.3588220">
    <ele>90.6</ele>
    <time>2025-09-07T00:21:27Z</time>
    <extensions>
     <power>426</power>
     <gpxtpx:TrackPointExtension>
      <gpxtpx:atemp>28</gpxtpx:atemp>
      <gpxtpx:hr>187</gpxtpx:hr>
      <gpxtpx:cad>89</gpxtpx:cad>
     </gpxtpx:TrackPointExtension>
    </extensions>
   </trkpt>
   <trkpt lat="46.7892950" lon="130.3588690">
    <ele>90.6</ele>
    <time>2025-09-07T00:21:28Z</time>
    <extensions>
     <power>426</power>
     <gpxtpx:TrackPointExtension>
      <gpxtpx:atemp>28</gpxtpx:atemp>
      <gpxtpx:hr>187</gpxtpx:hr>
      <gpxtpx:cad>89</gpxtpx:cad>
     </gpxtpx:TrackPointExtension>
    </extensions>
   </trkpt>
   <trkpt lat="46.7893050" lon="130.3589200">
    <ele>90.8</ele>
    <time>2025-09-07T00:21:29Z</time>
    <extensions>
     <power>426</power>
     <gpxtpx:TrackPointExtension>
      <gpxtpx:atemp>28</gpxtpx:atemp>
      <gpxtpx:hr>187</gpxtpx:hr>
      <gpxtpx:cad>89</gpxtpx:cad>
     </gpxtpx:TrackPointExtension>
    </extensions>
   </trkpt>
   <trkpt lat="46.7893100" lon="130.3589630">
    <ele>90.8</ele>
    <time>2025-09-07T00:21:30Z</time>
    <extensions>
     <power>427</power>
     <gpxtpx:TrackPointExtension>
      <gpxtpx:atemp>28</gpxtpx:atemp>
      <gpxtpx:hr>187</gpxtpx:hr>
      <gpxtpx:cad>89</gpxtpx:cad>
     </gpxtpx:TrackPointExtension>
    </extensions>
   </trkpt>
   <trkpt lat="46.7893190" lon="130.3590160">
    <ele>91.0</ele>
    <time>2025-09-07T00:21:31Z</time>
    <extensions>
     <power>428</power>
     <gpxtpx:TrackPointExtension>
      <gpxtpx:atemp>28</gpxtpx:atemp>
      <gpxtpx:hr>187</gpxtpx:hr>
      <gpxtpx:cad>89</gpxtpx:cad>
     </gpxtpx:TrackPointExtension>
    </extensions>
   </trkpt>
   <trkpt lat="46.7893260" lon="130.3590550">
    <ele>91.0</ele>
    <time>2025-09-07T00:21:32Z</time>
    <extensions>
     <power>429</power>
     <gpxtpx:TrackPointExtension>
      <gpxtpx:atemp>28</gpxtpx:atemp>
      <gpxtpx:hr>187</gpxtpx:hr>
      <gpxtpx:cad>89</gpxtpx:cad>
     </gpxtpx:TrackPointExtension>
    </extensions>
   </trkpt>
   <trkpt lat="46.7893370" lon="130.3591030">
    <ele>91.2</ele>
    <time>2025-09-07T00:21:33Z</time>
    <extensions>
     <power>430</power>
     <gpxtpx:TrackPointExtension>
      <gpxtpx:atemp>28</gpxtpx:atemp>
      <gpxtpx:hr>186</gpxtpx:hr>
      <gpxtpx:cad>89</gpxtpx:cad>
     </gpxtpx:TrackPointExtension>
    </extensions>
   </trkpt>
   <trkpt lat="46.7893460" lon="130.3591490">
    <ele>91.2</ele>
    <time>2025-09-07T00:21:34Z</time>
    <extensions>
     <power>429</power>
     <gpxtpx:TrackPointExtension>
      <gpxtpx:atemp>28</gpxtpx:atemp>
      <gpxtpx:hr>187</gpxtpx:hr>
      <gpxtpx:cad>89</gpxtpx:cad>
     </gpxtpx:TrackPointExtension>
    </extensions>
   </trkpt>
   <trkpt lat="46.7893530" lon="130.3591990">
    <ele>91.4</ele>
    <time>2025-09-07T00:21:35Z</time>
    <extensions>
     <power>427</power>
     <gpxtpx:TrackPointExtension>
      <gpxtpx:atemp>28</gpxtpx:atemp>
      <gpxtpx:hr>186</gpxtpx:hr>
      <gpxtpx:cad>89</gpxtpx:cad>
     </gpxtpx:TrackPointExtension>
    </extensions>
   </trkpt>
   <trkpt lat="46.7893610" lon="130.3592480">
    <ele>91.4</ele>
    <time>2025-09-07T00:21:36Z</time>
    <extensions>
     <power>428</power>
     <gpxtpx:TrackPointExtension>
      <gpxtpx:atemp>28</gpxtpx:atemp>
      <gpxtpx:hr>186</gpxtpx:hr>
      <gpxtpx:cad>89</gpxtpx:cad>
     </gpxtpx:TrackPointExtension>
    </extensions>
   </trkpt>
   <trkpt lat="46.7893730" lon="130.3593040">
    <ele>91.6</ele>
    <time>2025-09-07T00:21:37Z</time>
    <extensions>
     <power>428</power>
     <gpxtpx:TrackPointExtension>
      <gpxtpx:atemp>28</gpxtpx:atemp>
      <gpxtpx:hr>186</gpxtpx:hr>
      <gpxtpx:cad>89</gpxtpx:cad>
     </gpxtpx:TrackPointExtension>
    </extensions>
   </trkpt>
   <trkpt lat="46.7893810" lon="130.3593480">
    <ele>91.6</ele>
    <time>2025-09-07T00:21:38Z</time>
    <extensions>
     <power>428</power>
     <gpxtpx:TrackPointExtension>
      <gpxtpx:atemp>28</gpxtpx:atemp>
      <gpxtpx:hr>186</gpxtpx:hr>
      <gpxtpx:cad>89</gpxtpx:cad>
     </gpxtpx:TrackPointExtension>
    </extensions>
   </trkpt>
   <trkpt lat="46.7893900" lon="130.3594030">
    <ele>91.6</ele>
    <time>2025-09-07T00:21:39Z</time>
    <extensions>
     <power>428</power>
     <gpxtpx:TrackPointExtension>
      <gpxtpx:atemp>28</gpxtpx:atemp>
      <gpxtpx:hr>186</gpxtpx:hr>
      <gpxtpx:cad>89</gpxtpx:cad>
     </gpxtpx:TrackPointExtension>
    </extensions>
   </trkpt>
   <trkpt lat="46.7893980" lon="130.3594490">
    <ele>91.8</ele>
    <time>2025-09-07T00:21:40Z</time>
    <extensions>
     <power>427</power>
     <gpxtpx:TrackPointExtension>
      <gpxtpx:atemp>28</gpxtpx:atemp>
      <gpxtpx:hr>185</gpxtpx:hr>
      <gpxtpx:cad>89</gpxtpx:cad>
     </gpxtpx:TrackPointExtension>
    </extensions>
   </trkpt>
   <trkpt lat="46.7894120" lon="130.3595040">
    <ele>91.8</ele>
    <time>2025-09-07T00:21:41Z</time>
    <extensions>
     <power>427</power>
     <gpxtpx:TrackPointExtension>
      <gpxtpx:atemp>28</gpxtpx:atemp>
      <gpxtpx:hr>185</gpxtpx:hr>
      <gpxtpx:cad>89</gpxtpx:cad>
     </gpxtpx:TrackPointExtension>
    </extensions>
   </trkpt>
   <trkpt lat="46.7894360" lon="130.3595470">
    <ele>92.0</ele>
    <time>2025-09-07T00:21:42Z</time>
    <extensions>
     <power>429</power>
     <gpxtpx:TrackPointExtension>
      <gpxtpx:atemp>28</gpxtpx:atemp>
      <gpxtpx:hr>185</gpxtpx:hr>
      <gpxtpx:cad>89</gpxtpx:cad>
     </gpxtpx:TrackPointExtension>
    </extensions>
   </trkpt>
   <trkpt lat="46.7894630" lon="130.3595760">
    <ele>92.0</ele>
    <time>2025-09-07T00:21:43Z</time>
    <extensions>
     <power>431</power>
     <gpxtpx:TrackPointExtension>
      <gpxtpx:atemp>28</gpxtpx:atemp>
      <gpxtpx:hr>185</gpxtpx:hr>
      <gpxtpx:cad>89</gpxtpx:cad>
     </gpxtpx:TrackPointExtension>
    </extensions>
   </trkpt>
   <trkpt lat="46.7894770" lon="130.3595540">
    <ele>92.2</ele>
    <time>2025-09-07T00:21:44Z</time>
    <extensions>
     <power>429</power>
     <gpxtpx:TrackPointExtension>
      <gpxtpx:atemp>28</gpxtpx:atemp>
      <gpxtpx:hr>185</gpxtpx:hr>
      <gpxtpx:cad>88</gpxtpx:cad>
     </gpxtpx:TrackPointExtension>
    </extensions>
   </trkpt>
   <trkpt lat="46.7894810" lon="130.3595110">
    <ele>92.0</ele>
    <time>2025-09-07T00:21:45Z</time>
    <extensions>
     <power>426</power>
     <gpxtpx:TrackPointExtension>
      <gpxtpx:atemp>28</gpxtpx:atemp>
      <gpxtpx:hr>185</gpxtpx:hr>
      <gpxtpx:cad>88</gpxtpx:cad>
     </gpxtpx:TrackPointExtension>
    </extensions>
   </trkpt>
   <trkpt lat="46.7894760" lon="130.3594460">
    <ele>92.0</ele>
    <time>2025-09-07T00:21:46Z</time>
    <extensions>
     <power>422</power>
     <gpxtpx:TrackPointExtension>
      <gpxtpx:atemp>28</gpxtpx:atemp>
      <gpxtpx:hr>185</gpxtpx:hr>
      <gpxtpx:cad>87</gpxtpx:cad>
     </gpxtpx:TrackPointExtension>
    </extensions>
   </trkpt>
   <trkpt lat="46.7894720" lon="130.3593920">
    <ele>91.8</ele>
    <time>2025-09-07T00:21:47Z</time>
    <extensions>
     <power>421</power>
     <gpxtpx:TrackPointExtension>
      <gpxtpx:atemp>28</gpxtpx:atemp>
      <gpxtpx:hr>185</gpxtpx:hr>
      <gpxtpx:cad>86</gpxtpx:cad>
     </gpxtpx:TrackPointExtension>
    </extensions>
   </trkpt>
   <trkpt lat="46.7894620" lon="130.3593230">
    <ele>91.6</ele>
    <time>2025-09-07T00:21:48Z</time>
    <extensions>
     <power>418</power>
     <gpxtpx:TrackPointExtension>
      <gpxtpx:atemp>28</gpxtpx:atemp>
      <gpxtpx:hr>185</gpxtpx:hr>
      <gpxtpx:cad>86</gpxtpx:cad>
     </gpxtpx:TrackPointExtension>
    </extensions>
   </trkpt>
   <trkpt lat="46.7894540" lon="130.3592630">
    <ele>91.6</ele>
    <time>2025-09-07T00:21:49Z</time>
    <extensions>
     <power>414</power>
     <gpxtpx:TrackPointExtension>
      <gpxtpx:atemp>28</gpxtpx:atemp>
      <gpxtpx:hr>185</gpxtpx:hr>
      <gpxtpx:cad>87</gpxtpx:cad>
     </gpxtpx:TrackPointExtension>
    </extensions>
   </trkpt>
   <trkpt lat="46.7894480" lon="130.3591940">
    <ele>91.4</ele>
    <time>2025-09-07T00:21:50Z</time>
    <extensions>
     <power>410</power>
     <gpxtpx:TrackPointExtension>
      <gpxtpx:atemp>28</gpxtpx:atemp>
      <gpxtpx:hr>185</gpxtpx:hr>
      <gpxtpx:cad>88</gpxtpx:cad>
     </gpxtpx:TrackPointExtension>
    </extensions>
   </trkpt>
   <trkpt lat="46.7894420" lon="130.3591380">
    <ele>91.4</ele>
    <time>2025-09-07T00:21:51Z</time>
    <extensions>
     <power>473</power>
     <gpxtpx:TrackPointExtension>
      <gpxtpx:atemp>28</gpxtpx:atemp>
      <gpxtpx:hr>185</gpxtpx:hr>
      <gpxtpx:cad>88</gpxtpx:cad>
     </gpxtpx:TrackPointExtension>
    </extensions>
   </trkpt>
   <trkpt lat="46.7894350" lon="130.3590770">
    <ele>91.2</ele>
    <time>2025-09-07T00:21:52Z</time>
    <extensions>
     <power>470</power>
     <gpxtpx:TrackPointExtension>
      <gpxtpx:atemp>28</gpxtpx:atemp>
      <gpxtpx:hr>185</gpxtpx:hr>
      <gpxtpx:cad>88</gpxtpx:cad>
     </gpxtpx:TrackPointExtension>
    </extensions>
   </trkpt>
   <trkpt lat="46.7894280" lon="130.3590260">
    <ele>91.2</ele>
    <time>2025-09-07T00:21:53Z</time>
    <extensions>
     <power>461</power>
     <gpxtpx:TrackPointExtension>
      <gpxtpx:atemp>28</gpxtpx:atemp>
      <gpxtpx:hr>185</gpxtpx:hr>
      <gpxtpx:cad>89</gpxtpx:cad>
     </gpxtpx:TrackPointExtension>
    </extensions>
   </trkpt>
   <trkpt lat="46.7894150" lon="130.3589690">
    <ele>91.0</ele>
    <time>2025-09-07T00:21:54Z</time>
    <extensions>
     <power>443</power>
     <gpxtpx:TrackPointExtension>
      <gpxtpx:atemp>28</gpxtpx:atemp>
      <gpxtpx:hr>184</gpxtpx:hr>
      <gpxtpx:cad>89</gpxtpx:cad>
     </gpxtpx:TrackPointExtension>
    </extensions>
   </trkpt>
   <trkpt lat="46.7894040" lon="130.3589230">
    <ele>90.8</ele>
    <time>2025-09-07T00:21:55Z</time>
    <extensions>
     <power>408</power>
     <gpxtpx:TrackPointExtension>
      <gpxtpx:atemp>28</gpxtpx:atemp>
      <gpxtpx:hr>185</gpxtpx:hr>
      <gpxtpx:cad>89</gpxtpx:cad>
     </gpxtpx:TrackPointExtension>
    </extensions>
   </trkpt>
   <trkpt lat="46.7893920" lon="130.3588580">
    <ele>90.8</ele>
    <time>2025-09-07T00:21:56Z</time>
    <extensions>
     <power>388</power>
     <gpxtpx:TrackPointExtension>
      <gpxtpx:atemp>28</gpxtpx:atemp>
      <gpxtpx:hr>185</gpxtpx:hr>
      <gpxtpx:cad>89</gpxtpx:cad>
     </gpxtpx:TrackPointExtension>
    </extensions>
   </trkpt>
   <trkpt lat="46.7893820" lon="130.3588110">
    <ele>90.6</ele>
    <time>2025-09-07T00:21:57Z</time>
    <extensions>
     <power>402</power>
     <gpxtpx:TrackPointExtension>
      <gpxtpx:atemp>28</gpxtpx:atemp>
      <gpxtpx:hr>185</gpxtpx:hr>
      <gpxtpx:cad>89</gpxtpx:cad>
     </gpxtpx:TrackPointExtension>
    </extensions>
   </trkpt>
   <trkpt lat="46.7893730" lon="130.3587490">
    <ele>90.6</ele>
    <time>2025-09-07T00:21:58Z</time>
    <extensions>
     <power>389</power>
     <gpxtpx:TrackPointExtension>
      <gpxtpx:atemp>28</gpxtpx:atemp>
      <gpxtpx:hr>185</gpxtpx:hr>
      <gpxtpx:cad>89</gpxtpx:cad>
     </gpxtpx:TrackPointExtension>
    </extensions>
   </trkpt>
   <trkpt lat="46.7893660" lon="130.3587010">
    <ele>90.4</ele>
    <time>2025-09-07T00:21:59Z</time>
    <extensions>
     <power>410</power>
     <gpxtpx:TrackPointExtension>
      <gpxtpx:atemp>28</gpxtpx:atemp>
      <gpxtpx:hr>185</gpxtpx:hr>
      <gpxtpx:cad>89</gpxtpx:cad>
     </gpxtpx:TrackPointExtension>
    </extensions>
   </trkpt>
   <trkpt lat="46.7893540" lon="130.3586370">
    <ele>90.4</ele>
    <time>2025-09-07T00:22:00Z</time>
    <extensions>
     <power>406</power>
     <gpxtpx:TrackPointExtension>
      <gpxtpx:atemp>28</gpxtpx:atemp>
      <gpxtpx:hr>185</gpxtpx:hr>
      <gpxtpx:cad>89</gpxtpx:cad>
     </gpxtpx:TrackPointExtension>
    </extensions>
   </trkpt>
   <trkpt lat="46.7893440" lon="130.3585890">
    <ele>90.2</ele>
    <time>2025-09-07T00:22:01Z</time>
    <extensions>
     <power>407</power>
     <gpxtpx:TrackPointExtension>
      <gpxtpx:atemp>28</gpxtpx:atemp>
      <gpxtpx:hr>185</gpxtpx:hr>
      <gpxtpx:cad>89</gpxtpx:cad>
     </gpxtpx:TrackPointExtension>
    </extensions>
   </trkpt>
   <trkpt lat="46.7893370" lon="130.3585250">
    <ele>90.0</ele>
    <time>2025-09-07T00:22:02Z</time>
    <extensions>
     <power>404</power>
     <gpxtpx:TrackPointExtension>
      <gpxtpx:atemp>28</gpxtpx:atemp>
      <gpxtpx:hr>184</gpxtpx:hr>
      <gpxtpx:cad>89</gpxtpx:cad>
     </gpxtpx:TrackPointExtension>
    </extensions>
   </trkpt>
   <trkpt lat="46.7893280" lon="130.3584710">
    <ele>90.0</ele>
    <time>2025-09-07T00:22:03Z</time>
    <extensions>
     <power>401</power>
     <gpxtpx:TrackPointExtension>
      <gpxtpx:atemp>28</gpxtpx:atemp>
      <gpxtpx:hr>185</gpxtpx:hr>
      <gpxtpx:cad>90</gpxtpx:cad>
     </gpxtpx:TrackPointExtension>
    </extensions>
   </trkpt>
   <trkpt lat="46.7893160" lon="130.3584090">
    <ele>89.8</ele>
    <time>2025-09-07T00:22:04Z</time>
    <extensions>
     <power>397</power>
     <gpxtpx:TrackPointExtension>
      <gpxtpx:atemp>28</gpxtpx:atemp>
      <gpxtpx:hr>185</gpxtpx:hr>
      <gpxtpx:cad>90</gpxtpx:cad>
     </gpxtpx:TrackPointExtension>
    </extensions>
   </trkpt>
   <trkpt lat="46.7893090" lon="130.3583580">
    <ele>89.8</ele>
    <time>2025-09-07T00:22:05Z</time>
    <extensions>
     <power>397</power>
     <gpxtpx:TrackPointExtension>
      <gpxtpx:atemp>28</gpxtpx:atemp>
      <gpxtpx:hr>185</gpxtpx:hr>
      <gpxtpx:cad>90</gpxtpx:cad>
     </gpxtpx:TrackPointExtension>
    </extensions>
   </trkpt>
   <trkpt lat="46.7892920" lon="130.3583010">
    <ele>89.8</ele>
    <time>2025-09-07T00:22:06Z</time>
    <extensions>
     <power>404</power>
     <gpxtpx:TrackPointExtension>
      <gpxtpx:atemp>28</gpxtpx:atemp>
      <gpxtpx:hr>185</gpxtpx:hr>
      <gpxtpx:cad>90</gpxtpx:cad>
     </gpxtpx:TrackPointExtension>
    </extensions>
   </trkpt>
   <trkpt lat="46.7892820" lon="130.3582510">
    <ele>89.6</ele>
    <time>2025-09-07T00:22:07Z</time>
    <extensions>
     <power>400</power>
     <gpxtpx:TrackPointExtension>
      <gpxtpx:atemp>28</gpxtpx:atemp>
      <gpxtpx:hr>185</gpxtpx:hr>
      <gpxtpx:cad>90</gpxtpx:cad>
     </gpxtpx:TrackPointExtension>
    </extensions>
   </trkpt>
   <trkpt lat="46.7892630" lon="130.3581970">
    <ele>89.4</ele>
    <time>2025-09-07T00:22:08Z</time>
    <extensions>
     <power>399</power>
     <gpxtpx:TrackPointExtension>
      <gpxtpx:atemp>28</gpxtpx:atemp>
      <gpxtpx:hr>185</gpxtpx:hr>
      <gpxtpx:cad>89</gpxtpx:cad>
     </gpxtpx:TrackPointExtension>
    </extensions>
   </trkpt>
   <trkpt lat="46.7892560" lon="130.3581450">
    <ele>89.4</ele>
    <time>2025-09-07T00:22:09Z</time>
    <extensions>
     <power>394</power>
     <gpxtpx:TrackPointExtension>
      <gpxtpx:atemp>28</gpxtpx:atemp>
      <gpxtpx:hr>185</gpxtpx:hr>
      <gpxtpx:cad>89</gpxtpx:cad>
     </gpxtpx:TrackPointExtension>
    </extensions>
   </trkpt>
   <trkpt lat="46.7892460" lon="130.3580840">
    <ele>89.2</ele>
    <time>2025-09-07T00:22:10Z</time>
    <extensions>
     <power>390</power>
     <gpxtpx:TrackPointExtension>
      <gpxtpx:atemp>28</gpxtpx:atemp>
      <gpxtpx:hr>185</gpxtpx:hr>
      <gpxtpx:cad>90</gpxtpx:cad>
     </gpxtpx:TrackPointExtension>
    </extensions>
   </trkpt>
   <trkpt lat="46.7892360" lon="130.3580350">
    <ele>89.0</ele>
    <time>2025-09-07T00:22:11Z</time>
    <extensions>
     <power>380</power>
     <gpxtpx:TrackPointExtension>
      <gpxtpx:atemp>28</gpxtpx:atemp>
      <gpxtpx:hr>185</gpxtpx:hr>
      <gpxtpx:cad>90</gpxtpx:cad>
     </gpxtpx:TrackPointExtension>
    </extensions>
   </trkpt>
   <trkpt lat="46.7892230" lon="130.3579810">
    <ele>88.8</ele>
    <time>2025-09-07T00:22:12Z</time>
    <extensions>
     <power>375</power>
     <gpxtpx:TrackPointExtension>
      <gpxtpx:atemp>28</gpxtpx:atemp>
      <gpxtpx:hr>185</gpxtpx:hr>
      <gpxtpx:cad>90</gpxtpx:cad>
     </gpxtpx:TrackPointExtension>
    </extensions>
   </trkpt>
   <trkpt lat="46.7892130" lon="130.3579350">
    <ele>88.8</ele>
    <time>2025-09-07T00:22:13Z</time>
    <extensions>
     <power>372</power>
     <gpxtpx:TrackPointExtension>
      <gpxtpx:atemp>28</gpxtpx:atemp>
      <gpxtpx:hr>186</gpxtpx:hr>
      <gpxtpx:cad>90</gpxtpx:cad>
     </gpxtpx:TrackPointExtension>
    </extensions>
   </trkpt>
   <trkpt lat="46.7892030" lon="130.3578810">
    <ele>88.8</ele>
    <time>2025-09-07T00:22:14Z</time>
    <extensions>
     <power>369</power>
     <gpxtpx:TrackPointExtension>
      <gpxtpx:atemp>28</gpxtpx:atemp>
      <gpxtpx:hr>185</gpxtpx:hr>
      <gpxtpx:cad>90</gpxtpx:cad>
     </gpxtpx:TrackPointExtension>
    </extensions>
   </trkpt>
   <trkpt lat="46.7891890" lon="130.3578290">
    <ele>88.8</ele>
    <time>2025-09-07T00:22:15Z</time>
    <extensions>
     <power>365</power>
     <gpxtpx:TrackPointExtension>
      <gpxtpx:atemp>28</gpxtpx:atemp>
      <gpxtpx:hr>185</gpxtpx:hr>
      <gpxtpx:cad>90</gpxtpx:cad>
     </gpxtpx:TrackPointExtension>
    </extensions>
   </trkpt>
   <trkpt lat="46.7891740" lon="130.3577720">
    <ele>88.6</ele>
    <time>2025-09-07T00:22:16Z</time>
    <extensions>
     <power>363</power>
     <gpxtpx:TrackPointExtension>
      <gpxtpx:atemp>28</gpxtpx:atemp>
      <gpxtpx:hr>185</gpxtpx:hr>
      <gpxtpx:cad>90</gpxtpx:cad>
     </gpxtpx:TrackPointExtension>
    </extensions>
   </trkpt>
   <trkpt lat="46.7891670" lon="130.3577180">
    <ele>88.6</ele>
    <time>2025-09-07T00:22:17Z</time>
    <extensions>
     <power>361</power>
     <gpxtpx:TrackPointExtension>
      <gpxtpx:atemp>27</gpxtpx:atemp>
      <gpxtpx:hr>185</gpxtpx:hr>
      <gpxtpx:cad>89</gpxtpx:cad>
     </gpxtpx:TrackPointExtension>
    </extensions>
   </trkpt>
   <trkpt lat="46.7891600" lon="130.3576610">
    <ele>88.4</ele>
    <time>2025-09-07T00:22:18Z</time>
    <extensions>
     <power>362</power>
     <gpxtpx:TrackPointExtension>
      <gpxtpx:atemp>28</gpxtpx:atemp>
      <gpxtpx:hr>185</gpxtpx:hr>
      <gpxtpx:cad>89</gpxtpx:cad>
     </gpxtpx:TrackPointExtension>
    </extensions>
   </trkpt>
   <trkpt lat="46.7891560" lon="130.3576120">
    <ele>88.2</ele>
    <time>2025-09-07T00:22:19Z</time>
    <extensions>
     <power>361</power>
     <gpxtpx:TrackPointExtension>
      <gpxtpx:atemp>27</gpxtpx:atemp>
      <gpxtpx:hr>185</gpxtpx:hr>
      <gpxtpx:cad>89</gpxtpx:cad>
     </gpxtpx:TrackPointExtension>
    </extensions>
   </trkpt>
   <trkpt lat="46.7891450" lon="130.3575580">
    <ele>88.2</ele>
    <time>2025-09-07T00:22:20Z</time>
    <extensions>
     <power>356</power>
     <gpxtpx:TrackPointExtension>
      <gpxtpx:atemp>28</gpxtpx:atemp>
      <gpxtpx:hr>185</gpxtpx:hr>
      <gpxtpx:cad>89</gpxtpx:cad>
     </gpxtpx:TrackPointExtension>
    </extensions>
   </trkpt>
   <trkpt lat="46.7891320" lon="130.3575120">
    <ele>88.0</ele>
    <time>2025-09-07T00:22:21Z</time>
    <extensions>
     <power>357</power>
     <gpxtpx:TrackPointExtension>
      <gpxtpx:atemp>27</gpxtpx:atemp>
      <gpxtpx:hr>186</gpxtpx:hr>
      <gpxtpx:cad>89</gpxtpx:cad>
     </gpxtpx:TrackPointExtension>
    </extensions>
   </trkpt>
   <trkpt lat="46.7891150" lon="130.3574570">
    <ele>87.8</ele>
    <time>2025-09-07T00:22:22Z</time>
    <extensions>
     <power>355</power>
     <gpxtpx:TrackPointExtension>
      <gpxtpx:atemp>27</gpxtpx:atemp>
      <gpxtpx:hr>185</gpxtpx:hr>
      <gpxtpx:cad>89</gpxtpx:cad>
     </gpxtpx:TrackPointExtension>
    </extensions>
   </trkpt>
   <trkpt lat="46.7891010" lon="130.3574070">
    <ele>87.8</ele>
    <time>2025-09-07T00:22:23Z</time>
    <extensions>
     <power>353</power>
     <gpxtpx:TrackPointExtension>
      <gpxtpx:atemp>27</gpxtpx:atemp>
      <gpxtpx:hr>185</gpxtpx:hr>
      <gpxtpx:cad>89</gpxtpx:cad>
     </gpxtpx:TrackPointExtension>
    </extensions>
   </trkpt>
   <trkpt lat="46.7890850" lon="130.3573560">
    <ele>87.8</ele>
    <time>2025-09-07T00:22:24Z</time>
    <extensions>
     <power>354</power>
     <gpxtpx:TrackPointExtension>
      <gpxtpx:atemp>27</gpxtpx:atemp>
      <gpxtpx:hr>185</gpxtpx:hr>
      <gpxtpx:cad>89</gpxtpx:cad>
     </gpxtpx:TrackPointExtension>
    </extensions>
   </trkpt>
   <trkpt lat="46.7890730" lon="130.3573030">
    <ele>87.8</ele>
    <time>2025-09-07T00:22:25Z</time>
    <extensions>
     <power>353</power>
     <gpxtpx:TrackPointExtension>
      <gpxtpx:atemp>28</gpxtpx:atemp>
      <gpxtpx:hr>185</gpxtpx:hr>
      <gpxtpx:cad>89</gpxtpx:cad>
     </gpxtpx:TrackPointExtension>
    </extensions>
   </trkpt>
   <trkpt lat="46.7890590" lon="130.3572460">
    <ele>87.6</ele>
    <time>2025-09-07T00:22:26Z</time>
    <extensions>
     <power>353</power>
     <gpxtpx:TrackPointExtension>
      <gpxtpx:atemp>27</gpxtpx:atemp>
      <gpxtpx:hr>185</gpxtpx:hr>
      <gpxtpx:cad>89</gpxtpx:cad>
     </gpxtpx:TrackPointExtension>
    </extensions>
   </trkpt>
   <trkpt lat="46.7890480" lon="130.3571920">
    <ele>87.6</ele>
    <time>2025-09-07T00:22:27Z</time>
    <extensions>
     <power>354</power>
     <gpxtpx:TrackPointExtension>
      <gpxtpx:atemp>27</gpxtpx:atemp>
      <gpxtpx:hr>185</gpxtpx:hr>
      <gpxtpx:cad>88</gpxtpx:cad>
     </gpxtpx:TrackPointExtension>
    </extensions>
   </trkpt>
   <trkpt lat="46.7890340" lon="130.3571380">
    <ele>87.6</ele>
    <time>2025-09-07T00:22:28Z</time>
    <extensions>
     <power>355</power>
     <gpxtpx:TrackPointExtension>
      <gpxtpx:atemp>27</gpxtpx:atemp>
      <gpxtpx:hr>185</gpxtpx:hr>
      <gpxtpx:cad>88</gpxtpx:cad>
     </gpxtpx:TrackPointExtension>
    </extensions>
   </trkpt>
   <trkpt lat="46.7890190" lon="130.3570850">
    <ele>87.4</ele>
    <time>2025-09-07T00:22:29Z</time>
    <extensions>
     <power>356</power>
     <gpxtpx:TrackPointExtension>
      <gpxtpx:atemp>27</gpxtpx:atemp>
      <gpxtpx:hr>185</gpxtpx:hr>
      <gpxtpx:cad>88</gpxtpx:cad>
     </gpxtpx:TrackPointExtension>
    </extensions>
   </trkpt>
   <trkpt lat="46.7890040" lon="130.3570290">
    <ele>87.2</ele>
    <time>2025-09-07T00:22:30Z</time>
    <extensions>
     <power>357</power>
     <gpxtpx:TrackPointExtension>
      <gpxtpx:atemp>27</gpxtpx:atemp>
      <gpxtpx:hr>185</gpxtpx:hr>
      <gpxtpx:cad>89</gpxtpx:cad>
     </gpxtpx:TrackPointExtension>
    </extensions>
   </trkpt>
   <trkpt lat="46.7889930" lon="130.3569780">
    <ele>87.0</ele>
    <time>2025-09-07T00:22:31Z</time>
    <extensions>
     <power>357</power>
     <gpxtpx:TrackPointExtension>
      <gpxtpx:atemp>27</gpxtpx:atemp>
      <gpxtpx:hr>185</gpxtpx:hr>
      <gpxtpx:cad>89</gpxtpx:cad>
     </gpxtpx:TrackPointExtension>
    </extensions>
   </trkpt>
   <trkpt lat="46.7889780" lon="130.3569220">
    <ele>87.0</ele>
    <time>2025-09-07T00:22:32Z</time>
    <extensions>
     <power>362</power>
     <gpxtpx:TrackPointExtension>
      <gpxtpx:atemp>27</gpxtpx:atemp>
      <gpxtpx:hr>185</gpxtpx:hr>
      <gpxtpx:cad>89</gpxtpx:cad>
     </gpxtpx:TrackPointExtension>
    </extensions>
   </trkpt>
   <trkpt lat="46.7889630" lon="130.3568680">
    <ele>86.8</ele>
    <time>2025-09-07T00:22:33Z</time>
    <extensions>
     <power>363</power>
     <gpxtpx:TrackPointExtension>
      <gpxtpx:atemp>27</gpxtpx:atemp>
      <gpxtpx:hr>185</gpxtpx:hr>
      <gpxtpx:cad>89</gpxtpx:cad>
     </gpxtpx:TrackPointExtension>
    </extensions>
   </trkpt>
   <trkpt lat="46.7889520" lon="130.3568140">
    <ele>86.8</ele>
    <time>2025-09-07T00:22:34Z</time>
    <extensions>
     <power>366</power>
     <gpxtpx:TrackPointExtension>
      <gpxtpx:atemp>27</gpxtpx:atemp>
      <gpxtpx:hr>185</gpxtpx:hr>
      <gpxtpx:cad>89</gpxtpx:cad>
     </gpxtpx:TrackPointExtension>
    </extensions>
   </trkpt>
   <trkpt lat="46.7889440" lon="130.3567600">
    <ele>86.8</ele>
    <time>2025-09-07T00:22:35Z</time>
    <extensions>
     <power>364</power>
     <gpxtpx:TrackPointExtension>
      <gpxtpx:atemp>27</gpxtpx:atemp>
      <gpxtpx:hr>185</gpxtpx:hr>
      <gpxtpx:cad>89</gpxtpx:cad>
     </gpxtpx:TrackPointExtension>
    </extensions>
   </trkpt>
   <trkpt lat="46.7889370" lon="130.3567050">
    <ele>86.6</ele>
    <time>2025-09-07T00:22:36Z</time>
    <extensions>
     <power>363</power>
     <gpxtpx:TrackPointExtension>
      <gpxtpx:atemp>27</gpxtpx:atemp>
      <gpxtpx:hr>184</gpxtpx:hr>
      <gpxtpx:cad>89</gpxtpx:cad>
     </gpxtpx:TrackPointExtension>
    </extensions>
   </trkpt>
   <trkpt lat="46.7889320" lon="130.3566510">
    <ele>86.6</ele>
    <time>2025-09-07T00:22:37Z</time>
    <extensions>
     <power>366</power>
     <gpxtpx:TrackPointExtension>
      <gpxtpx:atemp>27</gpxtpx:atemp>
      <gpxtpx:hr>184</gpxtpx:hr>
      <gpxtpx:cad>89</gpxtpx:cad>
     </gpxtpx:TrackPointExtension>
    </extensions>
   </trkpt>
   <trkpt lat="46.7889150" lon="130.3565900">
    <ele>86.4</ele>
    <time>2025-09-07T00:22:38Z</time>
    <extensions>
     <power>366</power>
     <gpxtpx:TrackPointExtension>
      <gpxtpx:atemp>27</gpxtpx:atemp>
      <gpxtpx:hr>184</gpxtpx:hr>
      <gpxtpx:cad>89</gpxtpx:cad>
     </gpxtpx:TrackPointExtension>
    </extensions>
   </trkpt>
   <trkpt lat="46.7889060" lon="130.3565320">
    <ele>86.4</ele>
    <time>2025-09-07T00:22:39Z</time>
    <extensions>
     <power>371</power>
     <gpxtpx:TrackPointExtension>
      <gpxtpx:atemp>27</gpxtpx:atemp>
      <gpxtpx:hr>184</gpxtpx:hr>
      <gpxtpx:cad>90</gpxtpx:cad>
     </gpxtpx:TrackPointExtension>
    </extensions>
   </trkpt>
   <trkpt lat="46.7888860" lon="130.3564780">
    <ele>86.2</ele>
    <time>2025-09-07T00:22:40Z</time>
    <extensions>
     <power>373</power>
     <gpxtpx:TrackPointExtension>
      <gpxtpx:atemp>27</gpxtpx:atemp>
      <gpxtpx:hr>185</gpxtpx:hr>
      <gpxtpx:cad>90</gpxtpx:cad>
     </gpxtpx:TrackPointExtension>
    </extensions>
   </trkpt>
   <trkpt lat="46.7888780" lon="130.3564330">
    <ele>86.2</ele>
    <time>2025-09-07T00:22:41Z</time>
    <extensions>
     <power>374</power>
     <gpxtpx:TrackPointExtension>
      <gpxtpx:atemp>27</gpxtpx:atemp>
      <gpxtpx:hr>184</gpxtpx:hr>
      <gpxtpx:cad>90</gpxtpx:cad>
     </gpxtpx:TrackPointExtension>
    </extensions>
   </trkpt>
   <trkpt lat="46.7888720" lon="130.3563780">
    <ele>86.0</ele>
    <time>2025-09-07T00:22:42Z</time>
    <extensions>
     <power>374</power>
     <gpxtpx:TrackPointExtension>
      <gpxtpx:atemp>27</gpxtpx:atemp>
      <gpxtpx:hr>184</gpxtpx:hr>
      <gpxtpx:cad>90</gpxtpx:cad>
     </gpxtpx:TrackPointExtension>
    </extensions>
   </trkpt>
   <trkpt lat="46.7888660" lon="130.3563310">
    <ele>85.6</ele>
    <time>2025-09-07T00:22:43Z</time>
    <extensions>
     <power>371</power>
     <gpxtpx:TrackPointExtension>
      <gpxtpx:atemp>27</gpxtpx:atemp>
      <gpxtpx:hr>185</gpxtpx:hr>
      <gpxtpx:cad>90</gpxtpx:cad>
     </gpxtpx:TrackPointExtension>
    </extensions>
   </trkpt>
   <trkpt lat="46.7888550" lon="130.3562710">
    <ele>85.4</ele>
    <time>2025-09-07T00:22:44Z</time>
    <extensions>
     <power>370</power>
     <gpxtpx:TrackPointExtension>
      <gpxtpx:atemp>27</gpxtpx:atemp>
      <gpxtpx:hr>185</gpxtpx:hr>
      <gpxtpx:cad>90</gpxtpx:cad>
     </gpxtpx:TrackPointExtension>
    </extensions>
   </trkpt>
   <trkpt lat="46.7888470" lon="130.3562180">
    <ele>85.2</ele>
    <time>2025-09-07T00:22:45Z</time>
    <extensions>
     <power>372</power>
     <gpxtpx:TrackPointExtension>
      <gpxtpx:atemp>27</gpxtpx:atemp>
      <gpxtpx:hr>185</gpxtpx:hr>
      <gpxtpx:cad>90</gpxtpx:cad>
     </gpxtpx:TrackPointExtension>
    </extensions>
   </trkpt>
   <trkpt lat="46.7888340" lon="130.3561560">
    <ele>85.0</ele>
    <time>2025-09-07T00:22:46Z</time>
    <extensions>
     <power>374</power>
     <gpxtpx:TrackPointExtension>
      <gpxtpx:atemp>27</gpxtpx:atemp>
      <gpxtpx:hr>186</gpxtpx:hr>
      <gpxtpx:cad>90</gpxtpx:cad>
     </gpxtpx:TrackPointExtension>
    </extensions>
   </trkpt>
   <trkpt lat="46.7888210" lon="130.3561050">
    <ele>85.2</ele>
    <time>2025-09-07T00:22:47Z</time>
    <extensions>
     <power>379</power>
     <gpxtpx:TrackPointExtension>
      <gpxtpx:atemp>27</gpxtpx:atemp>
      <gpxtpx:hr>186</gpxtpx:hr>
      <gpxtpx:cad>90</gpxtpx:cad>
     </gpxtpx:TrackPointExtension>
    </extensions>
   </trkpt>
   <trkpt lat="46.7888030" lon="130.3560510">
    <ele>85.2</ele>
    <time>2025-09-07T00:22:48Z</time>
    <extensions>
     <power>381</power>
     <gpxtpx:TrackPointExtension>
      <gpxtpx:atemp>27</gpxtpx:atemp>
      <gpxtpx:hr>187</gpxtpx:hr>
      <gpxtpx:cad>89</gpxtpx:cad>
     </gpxtpx:TrackPointExtension>
    </extensions>
   </trkpt>
   <trkpt lat="46.7887940" lon="130.3560080">
    <ele>85.2</ele>
    <time>2025-09-07T00:22:49Z</time>
    <extensions>
     <power>383</power>
     <gpxtpx:TrackPointExtension>
      <gpxtpx:atemp>27</gpxtpx:atemp>
      <gpxtpx:hr>187</gpxtpx:hr>
      <gpxtpx:cad>89</gpxtpx:cad>
     </gpxtpx:TrackPointExtension>
    </extensions>
   </trkpt>
   <trkpt lat="46.7887820" lon="130.3559540">
    <ele>85.0</ele>
    <time>2025-09-07T00:22:50Z</time>
    <extensions>
     <power>384</power>
     <gpxtpx:TrackPointExtension>
      <gpxtpx:atemp>27</gpxtpx:atemp>
      <gpxtpx:hr>187</gpxtpx:hr>
      <gpxtpx:cad>89</gpxtpx:cad>
     </gpxtpx:TrackPointExtension>
    </extensions>
   </trkpt>
   <trkpt lat="46.7887760" lon="130.3559100">
    <ele>84.8</ele>
    <time>2025-09-07T00:22:51Z</time>
    <extensions>
     <power>382</power>
     <gpxtpx:TrackPointExtension>
      <gpxtpx:atemp>27</gpxtpx:atemp>
      <gpxtpx:hr>187</gpxtpx:hr>
      <gpxtpx:cad>88</gpxtpx:cad>
     </gpxtpx:TrackPointExtension>
    </extensions>
   </trkpt>
   <trkpt lat="46.7887620" lon="130.3558580">
    <ele>84.8</ele>
    <time>2025-09-07T00:22:52Z</time>
    <extensions>
     <power>381</power>
     <gpxtpx:TrackPointExtension>
      <gpxtpx:atemp>27</gpxtpx:atemp>
      <gpxtpx:hr>186</gpxtpx:hr>
      <gpxtpx:cad>88</gpxtpx:cad>
     </gpxtpx:TrackPointExtension>
    </extensions>
   </trkpt>
   <trkpt lat="46.7887530" lon="130.3558110">
    <ele>84.6</ele>
    <time>2025-09-07T00:22:53Z</time>
    <extensions>
     <power>378</power>
     <gpxtpx:TrackPointExtension>
      <gpxtpx:atemp>27</gpxtpx:atemp>
      <gpxtpx:hr>187</gpxtpx:hr>
      <gpxtpx:cad>88</gpxtpx:cad>
     </gpxtpx:TrackPointExtension>
    </extensions>
   </trkpt>
   <trkpt lat="46.7887390" lon="130.3557560">
    <ele>84.4</ele>
    <time>2025-09-07T00:22:54Z</time>
    <extensions>
     <power>377</power>
     <gpxtpx:TrackPointExtension>
      <gpxtpx:atemp>27</gpxtpx:atemp>
      <gpxtpx:hr>187</gpxtpx:hr>
      <gpxtpx:cad>88</gpxtpx:cad>
     </gpxtpx:TrackPointExtension>
    </extensions>
   </trkpt>
   <trkpt lat="46.7887310" lon="130.3557080">
    <ele>84.2</ele>
    <time>2025-09-07T00:22:55Z</time>
    <extensions>
     <power>377</power>
     <gpxtpx:TrackPointExtension>
      <gpxtpx:atemp>27</gpxtpx:atemp>
      <gpxtpx:hr>186</gpxtpx:hr>
      <gpxtpx:cad>89</gpxtpx:cad>
     </gpxtpx:TrackPointExtension>
    </extensions>
   </trkpt>
   <trkpt lat="46.7887210" lon="130.3556520">
    <ele>84.2</ele>
    <time>2025-09-07T00:22:56Z</time>
    <extensions>
     <power>377</power>
     <gpxtpx:TrackPointExtension>
      <gpxtpx:atemp>27</gpxtpx:atemp>
      <gpxtpx:hr>187</gpxtpx:hr>
      <gpxtpx:cad>89</gpxtpx:cad>
     </gpxtpx:TrackPointExtension>
    </extensions>
   </trkpt>
   <trkpt lat="46.7887100" lon="130.3556010">
    <ele>84.2</ele>
    <time>2025-09-07T00:22:57Z</time>
    <extensions>
     <power>376</power>
     <gpxtpx:TrackPointExtension>
      <gpxtpx:atemp>27</gpxtpx:atemp>
      <gpxtpx:hr>187</gpxtpx:hr>
      <gpxtpx:cad>89</gpxtpx:cad>
     </gpxtpx:TrackPointExtension>
    </extensions>
   </trkpt>
   <trkpt lat="46.7886990" lon="130.3555470">
    <ele>84.2</ele>
    <time>2025-09-07T00:22:58Z</time>
    <extensions>
     <power>378</power>
     <gpxtpx:TrackPointExtension>
      <gpxtpx:atemp>27</gpxtpx:atemp>
      <gpxtpx:hr>186</gpxtpx:hr>
      <gpxtpx:cad>89</gpxtpx:cad>
     </gpxtpx:TrackPointExtension>
    </extensions>
   </trkpt>
   <trkpt lat="46.7886880" lon="130.3554940">
    <ele>84.2</ele>
    <time>2025-09-07T00:22:59Z</time>
    <extensions>
     <power>380</power>
     <gpxtpx:TrackPointExtension>
      <gpxtpx:atemp>27</gpxtpx:atemp>
      <gpxtpx:hr>187</gpxtpx:hr>
      <gpxtpx:cad>89</gpxtpx:cad>
     </gpxtpx:TrackPointExtension>
    </extensions>
   </trkpt>
   <trkpt lat="46.7886740" lon="130.3554310">
    <ele>84.2</ele>
    <time>2025-09-07T00:23:00Z</time>
    <extensions>
     <power>382</power>
     <gpxtpx:TrackPointExtension>
      <gpxtpx:atemp>27</gpxtpx:atemp>
      <gpxtpx:hr>186</gpxtpx:hr>
      <gpxtpx:cad>89</gpxtpx:cad>
     </gpxtpx:TrackPointExtension>
    </extensions>
   </trkpt>
   <trkpt lat="46.7886670" lon="130.3553780">
    <ele>84.2</ele>
    <time>2025-09-07T00:23:01Z</time>
    <extensions>
     <power>383</power>
     <gpxtpx:TrackPointExtension>
      <gpxtpx:atemp>27</gpxtpx:atemp>
      <gpxtpx:hr>186</gpxtpx:hr>
      <gpxtpx:cad>89</gpxtpx:cad>
     </gpxtpx:TrackPointExtension>
    </extensions>
   </trkpt>
   <trkpt lat="46.7886590" lon="130.3553170">
    <ele>84.0</ele>
    <time>2025-09-07T00:23:02Z</time>
    <extensions>
     <power>386</power>
     <gpxtpx:TrackPointExtension>
      <gpxtpx:atemp>27</gpxtpx:atemp>
      <gpxtpx:hr>186</gpxtpx:hr>
      <gpxtpx:cad>90</gpxtpx:cad>
     </gpxtpx:TrackPointExtension>
    </extensions>
   </trkpt>
   <trkpt lat="46.7886510" lon="130.3552620">
    <ele>83.8</ele>
    <time>2025-09-07T00:23:03Z</time>
    <extensions>
     <power>387</power>
     <gpxtpx:TrackPointExtension>
      <gpxtpx:atemp>27</gpxtpx:atemp>
      <gpxtpx:hr>187</gpxtpx:hr>
      <gpxtpx:cad>90</gpxtpx:cad>
     </gpxtpx:TrackPointExtension>
    </extensions>
   </trkpt>
   <trkpt lat="46.7886450" lon="130.3552090">
    <ele>83.8</ele>
    <time>2025-09-07T00:23:04Z</time>
    <extensions>
     <power>388</power>
     <gpxtpx:TrackPointExtension>
      <gpxtpx:atemp>27</gpxtpx:atemp>
      <gpxtpx:hr>186</gpxtpx:hr>
      <gpxtpx:cad>91</gpxtpx:cad>
     </gpxtpx:TrackPointExtension>
    </extensions>
   </trkpt>
   <trkpt lat="46.7886480" lon="130.3551610">
    <ele>83.6</ele>
    <time>2025-09-07T00:23:05Z</time>
    <extensions>
     <power>387</power>
     <gpxtpx:TrackPointExtension>
      <gpxtpx:atemp>27</gpxtpx:atemp>
      <gpxtpx:hr>186</gpxtpx:hr>
      <gpxtpx:cad>91</gpxtpx:cad>
     </gpxtpx:TrackPointExtension>
    </extensions>
   </trkpt>
   <trkpt lat="46.7886560" lon="130.3551030">
    <ele>83.6</ele>
    <time>2025-09-07T00:23:06Z</time>
    <extensions>
     <power>386</power>
     <gpxtpx:TrackPointExtension>
      <gpxtpx:atemp>27</gpxtpx:atemp>
      <gpxtpx:hr>186</gpxtpx:hr>
      <gpxtpx:cad>90</gpxtpx:cad>
     </gpxtpx:TrackPointExtension>
    </extensions>
   </trkpt>
   <trkpt lat="46.7886680" lon="130.3550550">
    <ele>83.6</ele>
    <time>2025-09-07T00:23:07Z</time>
    <extensions>
     <power>387</power>
     <gpxtpx:TrackPointExtension>
      <gpxtpx:atemp>27</gpxtpx:atemp>
      <gpxtpx:hr>186</gpxtpx:hr>
      <gpxtpx:cad>90</gpxtpx:cad>
     </gpxtpx:TrackPointExtension>
    </extensions>
   </trkpt>
   <trkpt lat="46.7886850" lon="130.3549970">
    <ele>83.6</ele>
    <time>2025-09-07T00:23:08Z</time>
    <extensions>
     <power>387</power>
     <gpxtpx:TrackPointExtension>
      <gpxtpx:atemp>27</gpxtpx:atemp>
      <gpxtpx:hr>185</gpxtpx:hr>
      <gpxtpx:cad>90</gpxtpx:cad>
     </gpxtpx:TrackPointExtension>
    </extensions>
   </trkpt>
   <trkpt lat="46.7887040" lon="130.3549580">
    <ele>83.6</ele>
    <time>2025-09-07T00:23:09Z</time>
    <extensions>
     <power>387</power>
     <gpxtpx:TrackPointExtension>
      <gpxtpx:atemp>27</gpxtpx:atemp>
      <gpxtpx:hr>185</gpxtpx:hr>
      <gpxtpx:cad>89</gpxtpx:cad>
     </gpxtpx:TrackPointExtension>
    </extensions>
   </trkpt>
   <trkpt lat="46.7887340" lon="130.3549130">
    <ele>83.6</ele>
    <time>2025-09-07T00:23:10Z</time>
    <extensions>
     <power>388</power>
     <gpxtpx:TrackPointExtension>
      <gpxtpx:atemp>27</gpxtpx:atemp>
      <gpxtpx:hr>185</gpxtpx:hr>
      <gpxtpx:cad>89</gpxtpx:cad>
     </gpxtpx:TrackPointExtension>
    </extensions>
   </trkpt>
   <trkpt lat="46.7887540" lon="130.3548840">
    <ele>83.4</ele>
    <time>2025-09-07T00:23:11Z</time>
    <extensions>
     <power>389</power>
     <gpxtpx:TrackPointExtension>
      <gpxtpx:atemp>27</gpxtpx:atemp>
      <gpxtpx:hr>185</gpxtpx:hr>
      <gpxtpx:cad>89</gpxtpx:cad>
     </gpxtpx:TrackPointExtension>
    </extensions>
   </trkpt>
   <trkpt lat="46.7887830" lon="130.3548490">
    <ele>83.2</ele>
    <time>2025-09-07T00:23:12Z</time>
    <extensions>
     <power>389</power>
     <gpxtpx:TrackPointExtension>
      <gpxtpx:atemp>27</gpxtpx:atemp>
      <gpxtpx:hr>186</gpxtpx:hr>
      <gpxtpx:cad>89</gpxtpx:cad>
     </gpxtpx:TrackPointExtension>
    </extensions>
   </trkpt>
   <trkpt lat="46.7888100" lon="130.3548280">
    <ele>83.2</ele>
    <time>2025-09-07T00:23:13Z</time>
    <extensions>
     <power>387</power>
     <gpxtpx:TrackPointExtension>
      <gpxtpx:atemp>27</gpxtpx:atemp>
      <gpxtpx:hr>185</gpxtpx:hr>
      <gpxtpx:cad>88</gpxtpx:cad>
     </gpxtpx:TrackPointExtension>
    </extensions>
   </trkpt>
   <trkpt lat="46.7888440" lon="130.3548060">
    <ele>83.0</ele>
    <time>2025-09-07T00:23:14Z</time>
    <extensions>
     <power>388</power>
     <gpxtpx:TrackPointExtension>
      <gpxtpx:atemp>27</gpxtpx:atemp>
      <gpxtpx:hr>185</gpxtpx:hr>
      <gpxtpx:cad>88</gpxtpx:cad>
     </gpxtpx:TrackPointExtension>
    </extensions>
   </trkpt>
   <trkpt lat="46.7888760" lon="130.3547910">
    <ele>83.0</ele>
    <time>2025-09-07T00:23:15Z</time>
    <extensions>
     <power>385</power>
     <gpxtpx:TrackPointExtension>
      <gpxtpx:atemp>27</gpxtpx:atemp>
      <gpxtpx:hr>185</gpxtpx:hr>
      <gpxtpx:cad>88</gpxtpx:cad>
     </gpxtpx:TrackPointExtension>
    </extensions>
   </trkpt>
   <trkpt lat="46.7889100" lon="130.3547690">
    <ele>83.0</ele>
    <time>2025-09-07T00:23:16Z</time>
    <extensions>
     <power>384</power>
     <gpxtpx:TrackPointExtension>
      <gpxtpx:atemp>27</gpxtpx:atemp>
      <gpxtpx:hr>185</gpxtpx:hr>
      <gpxtpx:cad>88</gpxtpx:cad>
     </gpxtpx:TrackPointExtension>
    </extensions>
   </trkpt>
   <trkpt lat="46.7889410" lon="130.3547540">
    <ele>83.0</ele>
    <time>2025-09-07T00:23:17Z</time>
    <extensions>
     <power>385</power>
     <gpxtpx:TrackPointExtension>
      <gpxtpx:atemp>27</gpxtpx:atemp>
      <gpxtpx:hr>185</gpxtpx:hr>
      <gpxtpx:cad>89</gpxtpx:cad>
     </gpxtpx:TrackPointExtension>
    </extensions>
   </trkpt>
   <trkpt lat="46.7889810" lon="130.3547340">
    <ele>83.0</ele>
    <time>2025-09-07T00:23:18Z</time>
    <extensions>
     <power>383</power>
     <gpxtpx:TrackPointExtension>
      <gpxtpx:atemp>27</gpxtpx:atemp>
      <gpxtpx:hr>185</gpxtpx:hr>
      <gpxtpx:cad>89</gpxtpx:cad>
     </gpxtpx:TrackPointExtension>
    </extensions>
   </trkpt>
   <trkpt lat="46.7890140" lon="130.3547220">
    <ele>82.8</ele>
    <time>2025-09-07T00:23:19Z</time>
    <extensions>
     <power>381</power>
     <gpxtpx:TrackPointExtension>
      <gpxtpx:atemp>27</gpxtpx:atemp>
      <gpxtpx:hr>185</gpxtpx:hr>
      <gpxtpx:cad>90</gpxtpx:cad>
     </gpxtpx:TrackPointExtension>
    </extensions>
   </trkpt>
   <trkpt lat="46.7890540" lon="130.3547040">
    <ele>82.8</ele>
    <time>2025-09-07T00:23:20Z</time>
    <extensions>
     <power>379</power>
     <gpxtpx:TrackPointExtension>
      <gpxtpx:atemp>27</gpxtpx:atemp>
      <gpxtpx:hr>185</gpxtpx:hr>
      <gpxtpx:cad>90</gpxtpx:cad>
     </gpxtpx:TrackPointExtension>
    </extensions>
   </trkpt>
   <trkpt lat="46.7890910" lon="130.3546940">
    <ele>82.6</ele>
    <time>2025-09-07T00:23:21Z</time>
    <extensions>
     <power>377</power>
     <gpxtpx:TrackPointExtension>
      <gpxtpx:atemp>27</gpxtpx:atemp>
      <gpxtpx:hr>186</gpxtpx:hr>
      <gpxtpx:cad>90</gpxtpx:cad>
     </gpxtpx:TrackPointExtension>
    </extensions>
   </trkpt>
   <trkpt lat="46.7891320" lon="130.3546720">
    <ele>82.6</ele>
    <time>2025-09-07T00:23:22Z</time>
    <extensions>
     <power>376</power>
     <gpxtpx:TrackPointExtension>
      <gpxtpx:atemp>27</gpxtpx:atemp>
      <gpxtpx:hr>185</gpxtpx:hr>
      <gpxtpx:cad>90</gpxtpx:cad>
     </gpxtpx:TrackPointExtension>
    </extensions>
   </trkpt>
   <trkpt lat="46.7891630" lon="130.3546560">
    <ele>82.6</ele>
    <time>2025-09-07T00:23:23Z</time>
    <extensions>
     <power>377</power>
     <gpxtpx:TrackPointExtension>
      <gpxtpx:atemp>27</gpxtpx:atemp>
      <gpxtpx:hr>185</gpxtpx:hr>
      <gpxtpx:cad>90</gpxtpx:cad>
     </gpxtpx:TrackPointExtension>
    </extensions>
   </trkpt>
   <trkpt lat="46.7891980" lon="130.3546270">
    <ele>82.6</ele>
    <time>2025-09-07T00:23:24Z</time>
    <extensions>
     <power>377</power>
     <gpxtpx:TrackPointExtension>
      <gpxtpx:atemp>27</gpxtpx:atemp>
      <gpxtpx:hr>185</gpxtpx:hr>
      <gpxtpx:cad>90</gpxtpx:cad>
     </gpxtpx:TrackPointExtension>
    </extensions>
   </trkpt>
   <trkpt lat="46.7892270" lon="130.3546100">
    <ele>82.4</ele>
    <time>2025-09-07T00:23:25Z</time>
    <extensions>
     <power>378</power>
     <gpxtpx:TrackPointExtension>
      <gpxtpx:atemp>27</gpxtpx:atemp>
      <gpxtpx:hr>185</gpxtpx:hr>
      <gpxtpx:cad>90</gpxtpx:cad>
     </gpxtpx:TrackPointExtension>
    </extensions>
   </trkpt>
   <trkpt lat="46.7892620" lon="130.3545900">
    <ele>82.4</ele>
    <time>2025-09-07T00:23:26Z</time>
    <extensions>
     <power>381</power>
     <gpxtpx:TrackPointExtension>
      <gpxtpx:atemp>27</gpxtpx:atemp>
      <gpxtpx:hr>185</gpxtpx:hr>
      <gpxtpx:cad>90</gpxtpx:cad>
     </gpxtpx:TrackPointExtension>
    </extensions>
   </trkpt>
   <trkpt lat="46.7892940" lon="130.3545760">
    <ele>82.4</ele>
    <time>2025-09-07T00:23:27Z</time>
    <extensions>
     <power>382</power>
     <gpxtpx:TrackPointExtension>
      <gpxtpx:atemp>27</gpxtpx:atemp>
      <gpxtpx:hr>185</gpxtpx:hr>
      <gpxtpx:cad>89</gpxtpx:cad>
     </gpxtpx:TrackPointExtension>
    </extensions>
   </trkpt>
   <trkpt lat="46.7893320" lon="130.3545600">
    <ele>82.4</ele>
    <time>2025-09-07T00:23:28Z</time>
    <extensions>
     <power>383</power>
     <gpxtpx:TrackPointExtension>
      <gpxtpx:atemp>27</gpxtpx:atemp>
      <gpxtpx:hr>185</gpxtpx:hr>
      <gpxtpx:cad>89</gpxtpx:cad>
     </gpxtpx:TrackPointExtension>
    </extensions>
   </trkpt>
   <trkpt lat="46.7893610" lon="130.3545490">
    <ele>82.4</ele>
    <time>2025-09-07T00:23:29Z</time>
    <extensions>
     <power>384</power>
     <gpxtpx:TrackPointExtension>
      <gpxtpx:atemp>27</gpxtpx:atemp>
      <gpxtpx:hr>185</gpxtpx:hr>
      <gpxtpx:cad>89</gpxtpx:cad>
     </gpxtpx:TrackPointExtension>
    </extensions>
   </trkpt>
   <trkpt lat="46.7893950" lon="130.3545250">
    <ele>82.4</ele>
    <time>2025-09-07T00:23:30Z</time>
    <extensions>
     <power>383</power>
     <gpxtpx:TrackPointExtension>
      <gpxtpx:atemp>27</gpxtpx:atemp>
      <gpxtpx:hr>185</gpxtpx:hr>
      <gpxtpx:cad>89</gpxtpx:cad>
     </gpxtpx:TrackPointExtension>
    </extensions>
   </trkpt>
   <trkpt lat="46.7894270" lon="130.3545110">
    <ele>82.2</ele>
    <time>2025-09-07T00:23:31Z</time>
    <extensions>
     <power>383</power>
     <gpxtpx:TrackPointExtension>
      <gpxtpx:atemp>27</gpxtpx:atemp>
      <gpxtpx:hr>185</gpxtpx:hr>
      <gpxtpx:cad>89</gpxtpx:cad>
     </gpxtpx:TrackPointExtension>
    </extensions>
   </trkpt>
   <trkpt lat="46.7894650" lon="130.3544850">
    <ele>82.2</ele>
    <time>2025-09-07T00:23:32Z</time>
    <extensions>
     <power>384</power>
     <gpxtpx:TrackPointExtension>
      <gpxtpx:atemp>27</gpxtpx:atemp>
      <gpxtpx:hr>185</gpxtpx:hr>
      <gpxtpx:cad>89</gpxtpx:cad>
     </gpxtpx:TrackPointExtension>
    </extensions>
   </trkpt>
   <trkpt lat="46.7894960" lon="130.3544710">
    <ele>82.2</ele>
    <time>2025-09-07T00:23:33Z</time>
    <extensions>
     <power>385</power>
     <gpxtpx:TrackPointExtension>
      <gpxtpx:atemp>27</gpxtpx:atemp>
      <gpxtpx:hr>185</gpxtpx:hr>
      <gpxtpx:cad>90</gpxtpx:cad>
     </gpxtpx:TrackPointExtension>
    </extensions>
   </trkpt>
   <trkpt lat="46.7895340" lon="130.3544530">
    <ele>82.2</ele>
    <time>2025-09-07T00:23:34Z</time>
    <extensions>
     <power>386</power>
     <gpxtpx:TrackPointExtension>
      <gpxtpx:atemp>27</gpxtpx:atemp>
      <gpxtpx:hr>185</gpxtpx:hr>
      <gpxtpx:cad>90</gpxtpx:cad>
     </gpxtpx:TrackPointExtension>
    </extensions>
   </trkpt>
   <trkpt lat="46.7895670" lon="130.3544340">
    <ele>82.2</ele>
    <time>2025-09-07T00:23:35Z</time>
    <extensions>
     <power>387</power>
     <gpxtpx:TrackPointExtension>
      <gpxtpx:atemp>27</gpxtpx:atemp>
      <gpxtpx:hr>185</gpxtpx:hr>
      <gpxtpx:cad>90</gpxtpx:cad>
     </gpxtpx:TrackPointExtension>
    </extensions>
   </trkpt>
   <trkpt lat="46.7896040" lon="130.3544090">
    <ele>82.2</ele>
    <time>2025-09-07T00:23:36Z</time>
    <extensions>
     <power>389</power>
     <gpxtpx:TrackPointExtension>
      <gpxtpx:atemp>27</gpxtpx:atemp>
      <gpxtpx:hr>185</gpxtpx:hr>
      <gpxtpx:cad>90</gpxtpx:cad>
     </gpxtpx:TrackPointExtension>
    </extensions>
   </trkpt>
   <trkpt lat="46.7896360" lon="130.3543970">
    <ele>82.2</ele>
    <time>2025-09-07T00:23:37Z</time>
    <extensions>
     <power>391</power>
     <gpxtpx:TrackPointExtension>
      <gpxtpx:atemp>27</gpxtpx:atemp>
      <gpxtpx:hr>184</gpxtpx:hr>
      <gpxtpx:cad>90</gpxtpx:cad>
     </gpxtpx:TrackPointExtension>
    </extensions>
   </trkpt>
   <trkpt lat="46.7896770" lon="130.3543790">
    <ele>82.2</ele>
    <time>2025-09-07T00:23:38Z</time>
    <extensions>
     <power>391</power>
     <gpxtpx:TrackPointExtension>
      <gpxtpx:atemp>27</gpxtpx:atemp>
      <gpxtpx:hr>184</gpxtpx:hr>
      <gpxtpx:cad>90</gpxtpx:cad>
     </gpxtpx:TrackPointExtension>
    </extensions>
   </trkpt>
   <trkpt lat="46.7897120" lon="130.3543670">
    <ele>82.2</ele>
    <time>2025-09-07T00:23:39Z</time>
    <extensions>
     <power>393</power>
     <gpxtpx:TrackPointExtension>
      <gpxtpx:atemp>27</gpxtpx:atemp>
      <gpxtpx:hr>184</gpxtpx:hr>
      <gpxtpx:cad>89</gpxtpx:cad>
     </gpxtpx:TrackPointExtension>
    </extensions>
   </trkpt>
   <trkpt lat="46.7897550" lon="130.3543510">
    <ele>82.2</ele>
    <time>2025-09-07T00:23:40Z</time>
    <extensions>
     <power>395</power>
     <gpxtpx:TrackPointExtension>
      <gpxtpx:atemp>27</gpxtpx:atemp>
      <gpxtpx:hr>184</gpxtpx:hr>
      <gpxtpx:cad>89</gpxtpx:cad>
     </gpxtpx:TrackPointExtension>
    </extensions>
   </trkpt>
   <trkpt lat="46.7897900" lon="130.3543460">
    <ele>82.2</ele>
    <time>2025-09-07T00:23:41Z</time>
    <extensions>
     <power>395</power>
     <gpxtpx:TrackPointExtension>
      <gpxtpx:atemp>27</gpxtpx:atemp>
      <gpxtpx:hr>185</gpxtpx:hr>
      <gpxtpx:cad>89</gpxtpx:cad>
     </gpxtpx:TrackPointExtension>
    </extensions>
   </trkpt>
   <trkpt lat="46.7898280" lon="130.3543320">
    <ele>82.2</ele>
    <time>2025-09-07T00:23:42Z</time>
    <extensions>
     <power>398</power>
     <gpxtpx:TrackPointExtension>
      <gpxtpx:atemp>27</gpxtpx:atemp>
      <gpxtpx:hr>184</gpxtpx:hr>
      <gpxtpx:cad>89</gpxtpx:cad>
     </gpxtpx:TrackPointExtension>
    </extensions>
   </trkpt>
   <trkpt lat="46.7898630" lon="130.3543160">
    <ele>82.2</ele>
    <time>2025-09-07T00:23:43Z</time>
    <extensions>
     <power>398</power>
     <gpxtpx:TrackPointExtension>
      <gpxtpx:atemp>27</gpxtpx:atemp>
      <gpxtpx:hr>184</gpxtpx:hr>
      <gpxtpx:cad>89</gpxtpx:cad>
     </gpxtpx:TrackPointExtension>
    </extensions>
   </trkpt>
   <trkpt lat="46.7899020" lon="130.3542970">
    <ele>82.2</ele>
    <time>2025-09-07T00:23:44Z</time>
    <extensions>
     <power>399</power>
     <gpxtpx:TrackPointExtension>
      <gpxtpx:atemp>27</gpxtpx:atemp>
      <gpxtpx:hr>185</gpxtpx:hr>
      <gpxtpx:cad>89</gpxtpx:cad>
     </gpxtpx:TrackPointExtension>
    </extensions>
   </trkpt>
   <trkpt lat="46.7899410" lon="130.3542900">
    <ele>82.0</ele>
    <time>2025-09-07T00:23:45Z</time>
    <extensions>
     <power>399</power>
     <gpxtpx:TrackPointExtension>
      <gpxtpx:atemp>27</gpxtpx:atemp>
      <gpxtpx:hr>184</gpxtpx:hr>
      <gpxtpx:cad>89</gpxtpx:cad>
     </gpxtpx:TrackPointExtension>
    </extensions>
   </trkpt>
   <trkpt lat="46.7899790" lon="130.3542680">
    <ele>82.0</ele>
    <time>2025-09-07T00:23:46Z</time>
    <extensions>
     <power>397</power>
     <gpxtpx:TrackPointExtension>
      <gpxtpx:atemp>27</gpxtpx:atemp>
      <gpxtpx:hr>184</gpxtpx:hr>
      <gpxtpx:cad>90</gpxtpx:cad>
     </gpxtpx:TrackPointExtension>
    </extensions>
   </trkpt>
   <trkpt lat="46.7900210" lon="130.3542500">
    <ele>81.8</ele>
    <time>2025-09-07T00:23:47Z</time>
    <extensions>
     <power>396</power>
     <gpxtpx:TrackPointExtension>
      <gpxtpx:atemp>27</gpxtpx:atemp>
      <gpxtpx:hr>184</gpxtpx:hr>
      <gpxtpx:cad>90</gpxtpx:cad>
     </gpxtpx:TrackPointExtension>
    </extensions>
   </trkpt>
   <trkpt lat="46.7900710" lon="130.3542280">
    <ele>81.8</ele>
    <time>2025-09-07T00:23:48Z</time>
    <extensions>
     <power>397</power>
     <gpxtpx:TrackPointExtension>
      <gpxtpx:atemp>27</gpxtpx:atemp>
      <gpxtpx:hr>184</gpxtpx:hr>
      <gpxtpx:cad>90</gpxtpx:cad>
     </gpxtpx:TrackPointExtension>
    </extensions>
   </trkpt>
   <trkpt lat="46.7901070" lon="130.3542050">
    <ele>81.8</ele>
    <time>2025-09-07T00:23:49Z</time>
    <extensions>
     <power>399</power>
     <gpxtpx:TrackPointExtension>
      <gpxtpx:atemp>27</gpxtpx:atemp>
      <gpxtpx:hr>184</gpxtpx:hr>
      <gpxtpx:cad>90</gpxtpx:cad>
     </gpxtpx:TrackPointExtension>
    </extensions>
   </trkpt>
   <trkpt lat="46.7901480" lon="130.3541810">
    <ele>82.0</ele>
    <time>2025-09-07T00:23:50Z</time>
    <extensions>
     <power>404</power>
     <gpxtpx:TrackPointExtension>
      <gpxtpx:atemp>27</gpxtpx:atemp>
      <gpxtpx:hr>184</gpxtpx:hr>
      <gpxtpx:cad>89</gpxtpx:cad>
     </gpxtpx:TrackPointExtension>
    </extensions>
   </trkpt>
   <trkpt lat="46.7901770" lon="130.3541690">
    <ele>82.2</ele>
    <time>2025-09-07T00:23:51Z</time>
    <extensions>
     <power>412</power>
     <gpxtpx:TrackPointExtension>
      <gpxtpx:atemp>27</gpxtpx:atemp>
      <gpxtpx:hr>184</gpxtpx:hr>
      <gpxtpx:cad>88</gpxtpx:cad>
     </gpxtpx:TrackPointExtension>
    </extensions>
   </trkpt>
   <trkpt lat="46.7902110" lon="130.3541550">
    <ele>82.2</ele>
    <time>2025-09-07T00:23:52Z</time>
    <extensions>
     <power>414</power>
     <gpxtpx:TrackPointExtension>
      <gpxtpx:atemp>27</gpxtpx:atemp>
      <gpxtpx:hr>184</gpxtpx:hr>
      <gpxtpx:cad>88</gpxtpx:cad>
     </gpxtpx:TrackPointExtension>
    </extensions>
   </trkpt>
   <trkpt lat="46.7902430" lon="130.3541460">
    <ele>82.2</ele>
    <time>2025-09-07T00:23:53Z</time>
    <extensions>
     <power>395</power>
     <gpxtpx:TrackPointExtension>
      <gpxtpx:atemp>27</gpxtpx:atemp>
      <gpxtpx:hr>184</gpxtpx:hr>
      <gpxtpx:cad>88</gpxtpx:cad>
     </gpxtpx:TrackPointExtension>
    </extensions>
   </trkpt>
   <trkpt lat="46.7902790" lon="130.3541310">
    <ele>82.0</ele>
    <time>2025-09-07T00:23:54Z</time>
    <extensions>
     <power>387</power>
     <gpxtpx:TrackPointExtension>
      <gpxtpx:atemp>27</gpxtpx:atemp>
      <gpxtpx:hr>185</gpxtpx:hr>
      <gpxtpx:cad>88</gpxtpx:cad>
     </gpxtpx:TrackPointExtension>
    </extensions>
   </trkpt>
   <trkpt lat="46.7903090" lon="130.3541200">
    <ele>81.8</ele>
    <time>2025-09-07T00:23:55Z</time>
    <extensions>
     <power>387</power>
     <gpxtpx:TrackPointExtension>
      <gpxtpx:atemp>27</gpxtpx:atemp>
      <gpxtpx:hr>184</gpxtpx:hr>
      <gpxtpx:cad>88</gpxtpx:cad>
     </gpxtpx:TrackPointExtension>
    </extensions>
   </trkpt>
   <trkpt lat="46.7903460" lon="130.3541040">
    <ele>81.8</ele>
    <time>2025-09-07T00:23:56Z</time>
    <extensions>
     <power>395</power>
     <gpxtpx:TrackPointExtension>
      <gpxtpx:atemp>27</gpxtpx:atemp>
      <gpxtpx:hr>184</gpxtpx:hr>
      <gpxtpx:cad>88</gpxtpx:cad>
     </gpxtpx:TrackPointExtension>
    </extensions>
   </trkpt>
   <trkpt lat="46.7903790" lon="130.3540900">
    <ele>81.6</ele>
    <time>2025-09-07T00:23:57Z</time>
    <extensions>
     <power>401</power>
     <gpxtpx:TrackPointExtension>
      <gpxtpx:atemp>27</gpxtpx:atemp>
      <gpxtpx:hr>185</gpxtpx:hr>
      <gpxtpx:cad>88</gpxtpx:cad>
     </gpxtpx:TrackPointExtension>
    </extensions>
   </trkpt>
   <trkpt lat="46.7904220" lon="130.3540630">
    <ele>81.8</ele>
    <time>2025-09-07T00:23:58Z</time>
    <extensions>
     <power>406</power>
     <gpxtpx:TrackPointExtension>
      <gpxtpx:atemp>27</gpxtpx:atemp>
      <gpxtpx:hr>184</gpxtpx:hr>
      <gpxtpx:cad>89</gpxtpx:cad>
     </gpxtpx:TrackPointExtension>
    </extensions>
   </trkpt>
   <trkpt lat="46.7904540" lon="130.3540450">
    <ele>81.8</ele>
    <time>2025-09-07T00:23:59Z</time>
    <extensions>
     <power>418</power>
     <gpxtpx:TrackPointExtension>
      <gpxtpx:atemp>27</gpxtpx:atemp>
      <gpxtpx:hr>185</gpxtpx:hr>
      <gpxtpx:cad>89</gpxtpx:cad>
     </gpxtpx:TrackPointExtension>
    </extensions>
   </trkpt>
   <trkpt lat="46.7904920" lon="130.3540170">
    <ele>81.8</ele>
    <time>2025-09-07T00:24:00Z</time>
    <extensions>
     <power>437</power>
     <gpxtpx:TrackPointExtension>
      <gpxtpx:atemp>27</gpxtpx:atemp>
      <gpxtpx:hr>185</gpxtpx:hr>
      <gpxtpx:cad>89</gpxtpx:cad>
     </gpxtpx:TrackPointExtension>
    </extensions>
   </trkpt>
   <trkpt lat="46.7905250" lon="130.3540000">
    <ele>81.8</ele>
    <time>2025-09-07T00:24:01Z</time>
    <extensions>
     <power>438</power>
     <gpxtpx:TrackPointExtension>
      <gpxtpx:atemp>27</gpxtpx:atemp>
      <gpxtpx:hr>184</gpxtpx:hr>
      <gpxtpx:cad>89</gpxtpx:cad>
     </gpxtpx:TrackPointExtension>
    </extensions>
   </trkpt>
   <trkpt lat="46.7905680" lon="130.3539680">
    <ele>81.8</ele>
    <time>2025-09-07T00:24:02Z</time>
    <extensions>
     <power>435</power>
     <gpxtpx:TrackPointExtension>
      <gpxtpx:atemp>27</gpxtpx:atemp>
      <gpxtpx:hr>184</gpxtpx:hr>
      <gpxtpx:cad>89</gpxtpx:cad>
     </gpxtpx:TrackPointExtension>
    </extensions>
   </trkpt>
   <trkpt lat="46.7905980" lon="130.3539430">
    <ele>81.8</ele>
    <time>2025-09-07T00:24:03Z</time>
    <extensions>
     <power>433</power>
     <gpxtpx:TrackPointExtension>
      <gpxtpx:atemp>27</gpxtpx:atemp>
      <gpxtpx:hr>184</gpxtpx:hr>
      <gpxtpx:cad>89</gpxtpx:cad>
     </gpxtpx:TrackPointExtension>
    </extensions>
   </trkpt>
   <trkpt lat="46.7906340" lon="130.3539090">
    <ele>81.6</ele>
    <time>2025-09-07T00:24:04Z</time>
    <extensions>
     <power>430</power>
     <gpxtpx:TrackPointExtension>
      <gpxtpx:atemp>27</gpxtpx:atemp>
      <gpxtpx:hr>184</gpxtpx:hr>
      <gpxtpx:cad>89</gpxtpx:cad>
     </gpxtpx:TrackPointExtension>
    </extensions>
   </trkpt>
   <trkpt lat="46.7906640" lon="130.3538860">
    <ele>81.4</ele>
    <time>2025-09-07T00:24:05Z</time>
    <extensions>
     <power>428</power>
     <gpxtpx:TrackPointExtension>
      <gpxtpx:atemp>27</gpxtpx:atemp>
      <gpxtpx:hr>184</gpxtpx:hr>
      <gpxtpx:cad>89</gpxtpx:cad>
     </gpxtpx:TrackPointExtension>
    </extensions>
   </trkpt>
   <trkpt lat="46.7906970" lon="130.3538570">
    <ele>81.4</ele>
    <time>2025-09-07T00:24:06Z</time>
    <extensions>
     <power>429</power>
     <gpxtpx:TrackPointExtension>
      <gpxtpx:atemp>27</gpxtpx:atemp>
      <gpxtpx:hr>184</gpxtpx:hr>
      <gpxtpx:cad>90</gpxtpx:cad>
     </gpxtpx:TrackPointExtension>
    </extensions>
   </trkpt>
   <trkpt lat="46.7907310" lon="130.3538310">
    <ele>81.4</ele>
    <time>2025-09-07T00:24:07Z</time>
    <extensions>
     <power>420</power>
     <gpxtpx:TrackPointExtension>
      <gpxtpx:atemp>27</gpxtpx:atemp>
      <gpxtpx:hr>184</gpxtpx:hr>
      <gpxtpx:cad>90</gpxtpx:cad>
     </gpxtpx:TrackPointExtension>
    </extensions>
   </trkpt>
   <trkpt lat="46.7907740" lon="130.3537990">
    <ele>81.4</ele>
    <time>2025-09-07T00:24:08Z</time>
    <extensions>
     <power>417</power>
     <gpxtpx:TrackPointExtension>
      <gpxtpx:atemp>27</gpxtpx:atemp>
      <gpxtpx:hr>184</gpxtpx:hr>
      <gpxtpx:cad>90</gpxtpx:cad>
     </gpxtpx:TrackPointExtension>
    </extensions>
   </trkpt>
   <trkpt lat="46.7908050" lon="130.3537830">
    <ele>81.4</ele>
    <time>2025-09-07T00:24:09Z</time>
    <extensions>
     <power>417</power>
     <gpxtpx:TrackPointExtension>
      <gpxtpx:atemp>27</gpxtpx:atemp>
      <gpxtpx:hr>183</gpxtpx:hr>
      <gpxtpx:cad>91</gpxtpx:cad>
     </gpxtpx:TrackPointExtension>
    </extensions>
   </trkpt>
   <trkpt lat="46.7908460" lon="130.3537550">
    <ele>81.4</ele>
    <time>2025-09-07T00:24:10Z</time>
    <extensions>
     <power>417</power>
     <gpxtpx:TrackPointExtension>
      <gpxtpx:atemp>27</gpxtpx:atemp>
      <gpxtpx:hr>183</gpxtpx:hr>
      <gpxtpx:cad>91</gpxtpx:cad>
     </gpxtpx:TrackPointExtension>
    </extensions>
   </trkpt>
   <trkpt lat="46.7908770" lon="130.3537380">
    <ele>81.4</ele>
    <time>2025-09-07T00:24:11Z</time>
    <extensions>
     <power>417</power>
     <gpxtpx:TrackPointExtension>
      <gpxtpx:atemp>27</gpxtpx:atemp>
      <gpxtpx:hr>183</gpxtpx:hr>
      <gpxtpx:cad>90</gpxtpx:cad>
     </gpxtpx:TrackPointExtension>
    </extensions>
   </trkpt>
   <trkpt lat="46.7909200" lon="130.3537140">
    <ele>81.4</ele>
    <time>2025-09-07T00:24:12Z</time>
    <extensions>
     <power>422</power>
     <gpxtpx:TrackPointExtension>
      <gpxtpx:atemp>27</gpxtpx:atemp>
      <gpxtpx:hr>184</gpxtpx:hr>
      <gpxtpx:cad>90</gpxtpx:cad>
     </gpxtpx:TrackPointExtension>
    </extensions>
   </trkpt>
   <trkpt lat="46.7909540" lon="130.3536950">
    <ele>81.2</ele>
    <time>2025-09-07T00:24:13Z</time>
    <extensions>
     <power>421</power>
     <gpxtpx:TrackPointExtension>
      <gpxtpx:atemp>27</gpxtpx:atemp>
      <gpxtpx:hr>183</gpxtpx:hr>
      <gpxtpx:cad>89</gpxtpx:cad>
     </gpxtpx:TrackPointExtension>
    </extensions>
   </trkpt>
   <trkpt lat="46.7909960" lon="130.3536700">
    <ele>81.2</ele>
    <time>2025-09-07T00:24:14Z</time>
    <extensions>
     <power>423</power>
     <gpxtpx:TrackPointExtension>
      <gpxtpx:atemp>27</gpxtpx:atemp>
      <gpxtpx:hr>183</gpxtpx:hr>
      <gpxtpx:cad>89</gpxtpx:cad>
     </gpxtpx:TrackPointExtension>
    </extensions>
   </trkpt>
   <trkpt lat="46.7910290" lon="130.3536590">
    <ele>81.0</ele>
    <time>2025-09-07T00:24:15Z</time>
    <extensions>
     <power>424</power>
     <gpxtpx:TrackPointExtension>
      <gpxtpx:atemp>27</gpxtpx:atemp>
      <gpxtpx:hr>184</gpxtpx:hr>
      <gpxtpx:cad>89</gpxtpx:cad>
     </gpxtpx:TrackPointExtension>
    </extensions>
   </trkpt>
   <trkpt lat="46.7910700" lon="130.3536360">
    <ele>81.0</ele>
    <time>2025-09-07T00:24:16Z</time>
    <extensions>
     <power>423</power>
     <gpxtpx:TrackPointExtension>
      <gpxtpx:atemp>27</gpxtpx:atemp>
      <gpxtpx:hr>184</gpxtpx:hr>
      <gpxtpx:cad>89</gpxtpx:cad>
     </gpxtpx:TrackPointExtension>
    </extensions>
   </trkpt>
   <trkpt lat="46.7911050" lon="130.3536250">
    <ele>81.0</ele>
    <time>2025-09-07T00:24:17Z</time>
    <extensions>
     <power>425</power>
     <gpxtpx:TrackPointExtension>
      <gpxtpx:atemp>27</gpxtpx:atemp>
      <gpxtpx:hr>184</gpxtpx:hr>
      <gpxtpx:cad>89</gpxtpx:cad>
     </gpxtpx:TrackPointExtension>
    </extensions>
   </trkpt>
   <trkpt lat="46.7911480" lon="130.3536030">
    <ele>81.0</ele>
    <time>2025-09-07T00:24:18Z</time>
    <extensions>
     <power>422</power>
     <gpxtpx:TrackPointExtension>
      <gpxtpx:atemp>27</gpxtpx:atemp>
      <gpxtpx:hr>184</gpxtpx:hr>
      <gpxtpx:cad>89</gpxtpx:cad>
     </gpxtpx:TrackPointExtension>
    </extensions>
   </trkpt>
   <trkpt lat="46.7911820" lon="130.3535930">
    <ele>81.0</ele>
    <time>2025-09-07T00:24:19Z</time>
    <extensions>
     <power>421</power>
     <gpxtpx:TrackPointExtension>
      <gpxtpx:atemp>27</gpxtpx:atemp>
      <gpxtpx:hr>184</gpxtpx:hr>
      <gpxtpx:cad>89</gpxtpx:cad>
     </gpxtpx:TrackPointExtension>
    </extensions>
   </trkpt>
   <trkpt lat="46.7912250" lon="130.3535660">
    <ele>80.8</ele>
    <time>2025-09-07T00:24:20Z</time>
    <extensions>
     <power>420</power>
     <gpxtpx:TrackPointExtension>
      <gpxtpx:atemp>27</gpxtpx:atemp>
      <gpxtpx:hr>184</gpxtpx:hr>
      <gpxtpx:cad>90</gpxtpx:cad>
     </gpxtpx:TrackPointExtension>
    </extensions>
   </trkpt>
   <trkpt lat="46.7912550" lon="130.3535520">
    <ele>80.8</ele>
    <time>2025-09-07T00:24:21Z</time>
    <extensions>
     <power>421</power>
     <gpxtpx:TrackPointExtension>
      <gpxtpx:atemp>27</gpxtpx:atemp>
      <gpxtpx:hr>184</gpxtpx:hr>
      <gpxtpx:cad>90</gpxtpx:cad>
     </gpxtpx:TrackPointExtension>
    </extensions>
   </trkpt>
   <trkpt lat="46.7912950" lon="130.3535270">
    <ele>80.8</ele>
    <time>2025-09-07T00:24:22Z</time>
    <extensions>
     <power>422</power>
     <gpxtpx:TrackPointExtension>
      <gpxtpx:atemp>27</gpxtpx:atemp>
      <gpxtpx:hr>184</gpxtpx:hr>
      <gpxtpx:cad>90</gpxtpx:cad>
     </gpxtpx:TrackPointExtension>
    </extensions>
   </trkpt>
   <trkpt lat="46.7913280" lon="130.3535090">
    <ele>80.8</ele>
    <time>2025-09-07T00:24:23Z</time>
    <extensions>
     <power>424</power>
     <gpxtpx:TrackPointExtension>
      <gpxtpx:atemp>27</gpxtpx:atemp>
      <gpxtpx:hr>184</gpxtpx:hr>
      <gpxtpx:cad>89</gpxtpx:cad>
     </gpxtpx:TrackPointExtension>
    </extensions>
   </trkpt>
   <trkpt lat="46.7913650" lon="130.3534890">
    <ele>80.8</ele>
    <time>2025-09-07T00:24:24Z</time>
    <extensions>
     <power>424</power>
     <gpxtpx:TrackPointExtension>
      <gpxtpx:atemp>27</gpxtpx:atemp>
      <gpxtpx:hr>184</gpxtpx:hr>
      <gpxtpx:cad>89</gpxtpx:cad>
     </gpxtpx:TrackPointExtension>
    </extensions>
   </trkpt>
   <trkpt lat="46.7913990" lon="130.3534730">
    <ele>81.0</ele>
    <time>2025-09-07T00:24:25Z</time>
    <extensions>
     <power>423</power>
     <gpxtpx:TrackPointExtension>
      <gpxtpx:atemp>27</gpxtpx:atemp>
      <gpxtpx:hr>184</gpxtpx:hr>
      <gpxtpx:cad>89</gpxtpx:cad>
     </gpxtpx:TrackPointExtension>
    </extensions>
   </trkpt>
   <trkpt lat="46.7914390" lon="130.3534540">
    <ele>81.0</ele>
    <time>2025-09-07T00:24:26Z</time>
    <extensions>
     <power>423</power>
     <gpxtpx:TrackPointExtension>
      <gpxtpx:atemp>27</gpxtpx:atemp>
      <gpxtpx:hr>184</gpxtpx:hr>
      <gpxtpx:cad>89</gpxtpx:cad>
     </gpxtpx:TrackPointExtension>
    </extensions>
   </trkpt>
   <trkpt lat="46.7914670" lon="130.3534410">
    <ele>81.0</ele>
    <time>2025-09-07T00:24:27Z</time>
    <extensions>
     <power>423</power>
     <gpxtpx:TrackPointExtension>
      <gpxtpx:atemp>27</gpxtpx:atemp>
      <gpxtpx:hr>184</gpxtpx:hr>
      <gpxtpx:cad>89</gpxtpx:cad>
     </gpxtpx:TrackPointExtension>
    </extensions>
   </trkpt>
   <trkpt lat="46.7915020" lon="130.3534180">
    <ele>81.0</ele>
    <time>2025-09-07T00:24:28Z</time>
    <extensions>
     <power>423</power>
     <gpxtpx:TrackPointExtension>
      <gpxtpx:atemp>27</gpxtpx:atemp>
      <gpxtpx:hr>184</gpxtpx:hr>
      <gpxtpx:cad>89</gpxtpx:cad>
     </gpxtpx:TrackPointExtension>
    </extensions>
   </trkpt>
   <trkpt lat="46.7915310" lon="130.3534020">
    <ele>81.0</ele>
    <time>2025-09-07T00:24:29Z</time>
    <extensions>
     <power>423</power>
     <gpxtpx:TrackPointExtension>
      <gpxtpx:atemp>27</gpxtpx:atemp>
      <gpxtpx:hr>185</gpxtpx:hr>
      <gpxtpx:cad>89</gpxtpx:cad>
     </gpxtpx:TrackPointExtension>
    </extensions>
   </trkpt>
   <trkpt lat="46.7915670" lon="130.3533720">
    <ele>81.0</ele>
    <time>2025-09-07T00:24:30Z</time>
    <extensions>
     <power>421</power>
     <gpxtpx:TrackPointExtension>
      <gpxtpx:atemp>27</gpxtpx:atemp>
      <gpxtpx:hr>185</gpxtpx:hr>
      <gpxtpx:cad>90</gpxtpx:cad>
     </gpxtpx:TrackPointExtension>
    </extensions>
   </trkpt>
   <trkpt lat="46.7915990" lon="130.3533570">
    <ele>81.0</ele>
    <time>2025-09-07T00:24:31Z</time>
    <extensions>
     <power>420</power>
     <gpxtpx:TrackPointExtension>
      <gpxtpx:atemp>27</gpxtpx:atemp>
      <gpxtpx:hr>185</gpxtpx:hr>
      <gpxtpx:cad>90</gpxtpx:cad>
     </gpxtpx:TrackPointExtension>
    </extensions>
   </trkpt>
   <trkpt lat="46.7916360" lon="130.3533350">
    <ele>81.0</ele>
    <time>2025-09-07T00:24:32Z</time>
    <extensions>
     <power>420</power>
     <gpxtpx:TrackPointExtension>
      <gpxtpx:atemp>27</gpxtpx:atemp>
      <gpxtpx:hr>186</gpxtpx:hr>
      <gpxtpx:cad>90</gpxtpx:cad>
     </gpxtpx:TrackPointExtension>
    </extensions>
   </trkpt>
   <trkpt lat="46.7916660" lon="130.3533270">
    <ele>81.0</ele>
    <time>2025-09-07T00:24:33Z</time>
    <extensions>
     <power>420</power>
     <gpxtpx:TrackPointExtension>
      <gpxtpx:atemp>27</gpxtpx:atemp>
      <gpxtpx:hr>186</gpxtpx:hr>
      <gpxtpx:cad>90</gpxtpx:cad>
     </gpxtpx:TrackPointExtension>
    </extensions>
   </trkpt>
   <trkpt lat="46.7917040" lon="130.3533040">
    <ele>81.0</ele>
    <time>2025-09-07T00:24:34Z</time>
    <extensions>
     <power>420</power>
     <gpxtpx:TrackPointExtension>
      <gpxtpx:atemp>27</gpxtpx:atemp>
      <gpxtpx:hr>186</gpxtpx:hr>
      <gpxtpx:cad>90</gpxtpx:cad>
     </gpxtpx:TrackPointExtension>
    </extensions>
   </trkpt>
   <trkpt lat="46.7917320" lon="130.3532960">
    <ele>81.0</ele>
    <time>2025-09-07T00:24:35Z</time>
    <extensions>
     <power>419</power>
     <gpxtpx:TrackPointExtension>
      <gpxtpx:atemp>27</gpxtpx:atemp>
      <gpxtpx:hr>186</gpxtpx:hr>
      <gpxtpx:cad>90</gpxtpx:cad>
     </gpxtpx:TrackPointExtension>
    </extensions>
   </trkpt>
   <trkpt lat="46.7917710" lon="130.3532760">
    <ele>81.0</ele>
    <time>2025-09-07T00:24:36Z</time>
    <extensions>
     <power>419</power>
     <gpxtpx:TrackPointExtension>
      <gpxtpx:atemp>27</gpxtpx:atemp>
      <gpxtpx:hr>186</gpxtpx:hr>
      <gpxtpx:cad>90</gpxtpx:cad>
     </gpxtpx:TrackPointExtension>
    </extensions>
   </trkpt>
   <trkpt lat="46.7918000" lon="130.3532700">
    <ele>81.0</ele>
    <time>2025-09-07T00:24:37Z</time>
    <extensions>
     <power>416</power>
     <gpxtpx:TrackPointExtension>
      <gpxtpx:atemp>27</gpxtpx:atemp>
      <gpxtpx:hr>186</gpxtpx:hr>
      <gpxtpx:cad>89</gpxtpx:cad>
     </gpxtpx:TrackPointExtension>
    </extensions>
   </trkpt>
   <trkpt lat="46.7918380" lon="130.3532580">
    <ele>80.8</ele>
    <time>2025-09-07T00:24:38Z</time>
    <extensions>
     <power>415</power>
     <gpxtpx:TrackPointExtension>
      <gpxtpx:atemp>27</gpxtpx:atemp>
      <gpxtpx:hr>186</gpxtpx:hr>
      <gpxtpx:cad>89</gpxtpx:cad>
     </gpxtpx:TrackPointExtension>
    </extensions>
   </trkpt>
   <trkpt lat="46.7918700" lon="130.3532410">
    <ele>80.8</ele>
    <time>2025-09-07T00:24:39Z</time>
    <extensions>
     <power>415</power>
     <gpxtpx:TrackPointExtension>
      <gpxtpx:atemp>27</gpxtpx:atemp>
      <gpxtpx:hr>186</gpxtpx:hr>
      <gpxtpx:cad>88</gpxtpx:cad>
     </gpxtpx:TrackPointExtension>
    </extensions>
   </trkpt>
   <trkpt lat="46.7919090" lon="130.3532190">
    <ele>80.8</ele>
    <time>2025-09-07T00:24:40Z</time>
    <extensions>
     <power>414</power>
     <gpxtpx:TrackPointExtension>
      <gpxtpx:atemp>27</gpxtpx:atemp>
      <gpxtpx:hr>186</gpxtpx:hr>
      <gpxtpx:cad>88</gpxtpx:cad>
     </gpxtpx:TrackPointExtension>
    </extensions>
   </trkpt>
   <trkpt lat="46.7919400" lon="130.3532100">
    <ele>80.8</ele>
    <time>2025-09-07T00:24:41Z</time>
    <extensions>
     <power>414</power>
     <gpxtpx:TrackPointExtension>
      <gpxtpx:atemp>27</gpxtpx:atemp>
      <gpxtpx:hr>186</gpxtpx:hr>
      <gpxtpx:cad>88</gpxtpx:cad>
     </gpxtpx:TrackPointExtension>
    </extensions>
   </trkpt>
   <trkpt lat="46.7919790" lon="130.3531900">
    <ele>80.8</ele>
    <time>2025-09-07T00:24:42Z</time>
    <extensions>
     <power>413</power>
     <gpxtpx:TrackPointExtension>
      <gpxtpx:atemp>27</gpxtpx:atemp>
      <gpxtpx:hr>186</gpxtpx:hr>
      <gpxtpx:cad>88</gpxtpx:cad>
     </gpxtpx:TrackPointExtension>
    </extensions>
   </trkpt>
   <trkpt lat="46.7920090" lon="130.3531750">
    <ele>81.0</ele>
    <time>2025-09-07T00:24:43Z</time>
    <extensions>
     <power>413</power>
     <gpxtpx:TrackPointExtension>
      <gpxtpx:atemp>27</gpxtpx:atemp>
      <gpxtpx:hr>186</gpxtpx:hr>
      <gpxtpx:cad>89</gpxtpx:cad>
     </gpxtpx:TrackPointExtension>
    </extensions>
   </trkpt>
   <trkpt lat="46.7920470" lon="130.3531570">
    <ele>81.0</ele>
    <time>2025-09-07T00:24:44Z</time>
    <extensions>
     <power>412</power>
     <gpxtpx:TrackPointExtension>
      <gpxtpx:atemp>27</gpxtpx:atemp>
      <gpxtpx:hr>186</gpxtpx:hr>
      <gpxtpx:cad>89</gpxtpx:cad>
     </gpxtpx:TrackPointExtension>
    </extensions>
   </trkpt>
   <trkpt lat="46.7920780" lon="130.3531460">
    <ele>81.0</ele>
    <time>2025-09-07T00:24:45Z</time>
    <extensions>
     <power>412</power>
     <gpxtpx:TrackPointExtension>
      <gpxtpx:atemp>27</gpxtpx:atemp>
      <gpxtpx:hr>186</gpxtpx:hr>
      <gpxtpx:cad>89</gpxtpx:cad>
     </gpxtpx:TrackPointExtension>
    </extensions>
   </trkpt>
   <trkpt lat="46.7921190" lon="130.3531190">
    <ele>81.0</ele>
    <time>2025-09-07T00:24:46Z</time>
    <extensions>
     <power>412</power>
     <gpxtpx:TrackPointExtension>
      <gpxtpx:atemp>27</gpxtpx:atemp>
      <gpxtpx:hr>186</gpxtpx:hr>
      <gpxtpx:cad>89</gpxtpx:cad>
     </gpxtpx:TrackPointExtension>
    </extensions>
   </trkpt>
   <trkpt lat="46.7921530" lon="130.3531010">
    <ele>81.0</ele>
    <time>2025-09-07T00:24:47Z</time>
    <extensions>
     <power>412</power>
     <gpxtpx:TrackPointExtension>
      <gpxtpx:atemp>27</gpxtpx:atemp>
      <gpxtpx:hr>186</gpxtpx:hr>
      <gpxtpx:cad>90</gpxtpx:cad>
     </gpxtpx:TrackPointExtension>
    </extensions>
   </trkpt>
   <trkpt lat="46.7921960" lon="130.3530720">
    <ele>81.0</ele>
    <time>2025-09-07T00:24:48Z</time>
    <extensions>
     <power>411</power>
     <gpxtpx:TrackPointExtension>
      <gpxtpx:atemp>27</gpxtpx:atemp>
      <gpxtpx:hr>187</gpxtpx:hr>
      <gpxtpx:cad>90</gpxtpx:cad>
     </gpxtpx:TrackPointExtension>
    </extensions>
   </trkpt>
   <trkpt lat="46.7922300" lon="130.3530570">
    <ele>81.0</ele>
    <time>2025-09-07T00:24:49Z</time>
    <extensions>
     <power>412</power>
     <gpxtpx:TrackPointExtension>
      <gpxtpx:atemp>27</gpxtpx:atemp>
      <gpxtpx:hr>186</gpxtpx:hr>
      <gpxtpx:cad>90</gpxtpx:cad>
     </gpxtpx:TrackPointExtension>
    </extensions>
   </trkpt>
   <trkpt lat="46.7922740" lon="130.3530400">
    <ele>81.0</ele>
    <time>2025-09-07T00:24:50Z</time>
    <extensions>
     <power>415</power>
     <gpxtpx:TrackPointExtension>
      <gpxtpx:atemp>27</gpxtpx:atemp>
      <gpxtpx:hr>186</gpxtpx:hr>
      <gpxtpx:cad>89</gpxtpx:cad>
     </gpxtpx:TrackPointExtension>
    </extensions>
   </trkpt>
   <trkpt lat="46.7923020" lon="130.3530310">
    <ele>81.0</ele>
    <time>2025-09-07T00:24:51Z</time>
    <extensions>
     <power>417</power>
     <gpxtpx:TrackPointExtension>
      <gpxtpx:atemp>27</gpxtpx:atemp>
      <gpxtpx:hr>187</gpxtpx:hr>
      <gpxtpx:cad>89</gpxtpx:cad>
     </gpxtpx:TrackPointExtension>
    </extensions>
   </trkpt>
   <trkpt lat="46.7923410" lon="130.3530110">
    <ele>81.0</ele>
    <time>2025-09-07T00:24:52Z</time>
    <extensions>
     <power>417</power>
     <gpxtpx:TrackPointExtension>
      <gpxtpx:atemp>27</gpxtpx:atemp>
      <gpxtpx:hr>186</gpxtpx:hr>
      <gpxtpx:cad>89</gpxtpx:cad>
     </gpxtpx:TrackPointExtension>
    </extensions>
   </trkpt>
   <trkpt lat="46.7923690" lon="130.3530020">
    <ele>81.0</ele>
    <time>2025-09-07T00:24:53Z</time>
    <extensions>
     <power>417</power>
     <gpxtpx:TrackPointExtension>
      <gpxtpx:atemp>27</gpxtpx:atemp>
      <gpxtpx:hr>186</gpxtpx:hr>
      <gpxtpx:cad>89</gpxtpx:cad>
     </gpxtpx:TrackPointExtension>
    </extensions>
   </trkpt>
   <trkpt lat="46.7924040" lon="130.3529870">
    <ele>81.0</ele>
    <time>2025-09-07T00:24:54Z</time>
    <extensions>
     <power>416</power>
     <gpxtpx:TrackPointExtension>
      <gpxtpx:atemp>27</gpxtpx:atemp>
      <gpxtpx:hr>186</gpxtpx:hr>
      <gpxtpx:cad>89</gpxtpx:cad>
     </gpxtpx:TrackPointExtension>
    </extensions>
   </trkpt>
   <trkpt lat="46.7924330" lon="130.3529750">
    <ele>81.2</ele>
    <time>2025-09-07T00:24:55Z</time>
    <extensions>
     <power>416</power>
     <gpxtpx:TrackPointExtension>
      <gpxtpx:atemp>27</gpxtpx:atemp>
      <gpxtpx:hr>186</gpxtpx:hr>
      <gpxtpx:cad>89</gpxtpx:cad>
     </gpxtpx:TrackPointExtension>
    </extensions>
   </trkpt>
   <trkpt lat="46.7924680" lon="130.3529530">
    <ele>81.2</ele>
    <time>2025-09-07T00:24:56Z</time>
    <extensions>
     <power>415</power>
     <gpxtpx:TrackPointExtension>
      <gpxtpx:atemp>27</gpxtpx:atemp>
      <gpxtpx:hr>187</gpxtpx:hr>
      <gpxtpx:cad>89</gpxtpx:cad>
     </gpxtpx:TrackPointExtension>
    </extensions>
   </trkpt>
   <trkpt lat="46.7924970" lon="130.3529340">
    <ele>81.2</ele>
    <time>2025-09-07T00:24:57Z</time>
    <extensions>
     <power>414</power>
     <gpxtpx:TrackPointExtension>
      <gpxtpx:atemp>27</gpxtpx:atemp>
      <gpxtpx:hr>186</gpxtpx:hr>
      <gpxtpx:cad>90</gpxtpx:cad>
     </gpxtpx:TrackPointExtension>
    </extensions>
   </trkpt>
   <trkpt lat="46.7925340" lon="130.3529020">
    <ele>81.2</ele>
    <time>2025-09-07T00:24:58Z</time>
    <extensions>
     <power>412</power>
     <gpxtpx:TrackPointExtension>
      <gpxtpx:atemp>27</gpxtpx:atemp>
      <gpxtpx:hr>186</gpxtpx:hr>
      <gpxtpx:cad>90</gpxtpx:cad>
     </gpxtpx:TrackPointExtension>
    </extensions>
   </trkpt>
   <trkpt lat="46.7925650" lon="130.3528820">
    <ele>81.2</ele>
    <time>2025-09-07T00:24:59Z</time>
    <extensions>
     <power>411</power>
     <gpxtpx:TrackPointExtension>
      <gpxtpx:atemp>27</gpxtpx:atemp>
      <gpxtpx:hr>186</gpxtpx:hr>
      <gpxtpx:cad>90</gpxtpx:cad>
     </gpxtpx:TrackPointExtension>
    </extensions>
   </trkpt>
   <trkpt lat="46.7926020" lon="130.3528490">
    <ele>81.2</ele>
    <time>2025-09-07T00:25:00Z</time>
    <extensions>
     <power>411</power>
     <gpxtpx:TrackPointExtension>
      <gpxtpx:atemp>27</gpxtpx:atemp>
      <gpxtpx:hr>186</gpxtpx:hr>
      <gpxtpx:cad>90</gpxtpx:cad>
     </gpxtpx:TrackPointExtension>
    </extensions>
   </trkpt>
   <trkpt lat="46.7926310" lon="130.3528330">
    <ele>81.2</ele>
    <time>2025-09-07T00:25:01Z</time>
    <extensions>
     <power>411</power>
     <gpxtpx:TrackPointExtension>
      <gpxtpx:atemp>27</gpxtpx:atemp>
      <gpxtpx:hr>186</gpxtpx:hr>
      <gpxtpx:cad>89</gpxtpx:cad>
     </gpxtpx:TrackPointExtension>
    </extensions>
   </trkpt>
   <trkpt lat="46.7926680" lon="130.3528060">
    <ele>81.2</ele>
    <time>2025-09-07T00:25:02Z</time>
    <extensions>
     <power>414</power>
     <gpxtpx:TrackPointExtension>
      <gpxtpx:atemp>27</gpxtpx:atemp>
      <gpxtpx:hr>186</gpxtpx:hr>
      <gpxtpx:cad>89</gpxtpx:cad>
     </gpxtpx:TrackPointExtension>
    </extensions>
   </trkpt>
   <trkpt lat="46.7926980" lon="130.3527850">
    <ele>81.2</ele>
    <time>2025-09-07T00:25:03Z</time>
    <extensions>
     <power>415</power>
     <gpxtpx:TrackPointExtension>
      <gpxtpx:atemp>27</gpxtpx:atemp>
      <gpxtpx:hr>187</gpxtpx:hr>
      <gpxtpx:cad>89</gpxtpx:cad>
     </gpxtpx:TrackPointExtension>
    </extensions>
   </trkpt>
   <trkpt lat="46.7927350" lon="130.3527550">
    <ele>81.2</ele>
    <time>2025-09-07T00:25:04Z</time>
    <extensions>
     <power>415</power>
     <gpxtpx:TrackPointExtension>
      <gpxtpx:atemp>27</gpxtpx:atemp>
      <gpxtpx:hr>187</gpxtpx:hr>
      <gpxtpx:cad>90</gpxtpx:cad>
     </gpxtpx:TrackPointExtension>
    </extensions>
   </trkpt>
   <trkpt lat="46.7927640" lon="130.3527410">
    <ele>81.4</ele>
    <time>2025-09-07T00:25:05Z</time>
    <extensions>
     <power>415</power>
     <gpxtpx:TrackPointExtension>
      <gpxtpx:atemp>27</gpxtpx:atemp>
      <gpxtpx:hr>187</gpxtpx:hr>
      <gpxtpx:cad>90</gpxtpx:cad>
     </gpxtpx:TrackPointExtension>
    </extensions>
   </trkpt>
   <trkpt lat="46.7927990" lon="130.3527140">
    <ele>81.4</ele>
    <time>2025-09-07T00:25:06Z</time>
    <extensions>
     <power>415</power>
     <gpxtpx:TrackPointExtension>
      <gpxtpx:atemp>27</gpxtpx:atemp>
      <gpxtpx:hr>187</gpxtpx:hr>
      <gpxtpx:cad>90</gpxtpx:cad>
     </gpxtpx:TrackPointExtension>
    </extensions>
   </trkpt>
   <trkpt lat="46.7928290" lon="130.3527000">
    <ele>81.2</ele>
    <time>2025-09-07T00:25:07Z</time>
    <extensions>
     <power>414</power>
     <gpxtpx:TrackPointExtension>
      <gpxtpx:atemp>27</gpxtpx:atemp>
      <gpxtpx:hr>186</gpxtpx:hr>
      <gpxtpx:cad>89</gpxtpx:cad>
     </gpxtpx:TrackPointExtension>
    </extensions>
   </trkpt>
   <trkpt lat="46.7928680" lon="130.3526730">
    <ele>81.2</ele>
    <time>2025-09-07T00:25:08Z</time>
    <extensions>
     <power>413</power>
     <gpxtpx:TrackPointExtension>
      <gpxtpx:atemp>27</gpxtpx:atemp>
      <gpxtpx:hr>187</gpxtpx:hr>
      <gpxtpx:cad>89</gpxtpx:cad>
     </gpxtpx:TrackPointExtension>
    </extensions>
   </trkpt>
   <trkpt lat="46.7929000" lon="130.3526600">
    <ele>81.2</ele>
    <time>2025-09-07T00:25:09Z</time>
    <extensions>
     <power>412</power>
     <gpxtpx:TrackPointExtension>
      <gpxtpx:atemp>27</gpxtpx:atemp>
      <gpxtpx:hr>187</gpxtpx:hr>
      <gpxtpx:cad>89</gpxtpx:cad>
     </gpxtpx:TrackPointExtension>
    </extensions>
   </trkpt>
   <trkpt lat="46.7929390" lon="130.3526390">
    <ele>81.0</ele>
    <time>2025-09-07T00:25:10Z</time>
    <extensions>
     <power>410</power>
     <gpxtpx:TrackPointExtension>
      <gpxtpx:atemp>27</gpxtpx:atemp>
      <gpxtpx:hr>187</gpxtpx:hr>
      <gpxtpx:cad>89</gpxtpx:cad>
     </gpxtpx:TrackPointExtension>
    </extensions>
   </trkpt>
   <trkpt lat="46.7929700" lon="130.3526290">
    <ele>81.0</ele>
    <time>2025-09-07T00:25:11Z</time>
    <extensions>
     <power>409</power>
     <gpxtpx:TrackPointExtension>
      <gpxtpx:atemp>27</gpxtpx:atemp>
      <gpxtpx:hr>187</gpxtpx:hr>
      <gpxtpx:cad>89</gpxtpx:cad>
     </gpxtpx:TrackPointExtension>
    </extensions>
   </trkpt>
   <trkpt lat="46.7930080" lon="130.3526060">
    <ele>81.0</ele>
    <time>2025-09-07T00:25:12Z</time>
    <extensions>
     <power>407</power>
     <gpxtpx:TrackPointExtension>
      <gpxtpx:atemp>27</gpxtpx:atemp>
      <gpxtpx:hr>187</gpxtpx:hr>
      <gpxtpx:cad>89</gpxtpx:cad>
     </gpxtpx:TrackPointExtension>
    </extensions>
   </trkpt>
   <trkpt lat="46.7930410" lon="130.3525920">
    <ele>80.8</ele>
    <time>2025-09-07T00:25:13Z</time>
    <extensions>
     <power>406</power>
     <gpxtpx:TrackPointExtension>
      <gpxtpx:atemp>27</gpxtpx:atemp>
      <gpxtpx:hr>187</gpxtpx:hr>
      <gpxtpx:cad>89</gpxtpx:cad>
     </gpxtpx:TrackPointExtension>
    </extensions>
   </trkpt>
   <trkpt lat="46.7930850" lon="130.3525670">
    <ele>80.8</ele>
    <time>2025-09-07T00:25:14Z</time>
    <extensions>
     <power>404</power>
     <gpxtpx:TrackPointExtension>
      <gpxtpx:atemp>27</gpxtpx:atemp>
      <gpxtpx:hr>187</gpxtpx:hr>
      <gpxtpx:cad>89</gpxtpx:cad>
     </gpxtpx:TrackPointExtension>
    </extensions>
   </trkpt>
   <trkpt lat="46.7931200" lon="130.3525570">
    <ele>80.6</ele>
    <time>2025-09-07T00:25:15Z</time>
    <extensions>
     <power>403</power>
     <gpxtpx:TrackPointExtension>
      <gpxtpx:atemp>27</gpxtpx:atemp>
      <gpxtpx:hr>187</gpxtpx:hr>
      <gpxtpx:cad>89</gpxtpx:cad>
     </gpxtpx:TrackPointExtension>
    </extensions>
   </trkpt>
   <trkpt lat="46.7931630" lon="130.3525350">
    <ele>80.6</ele>
    <time>2025-09-07T00:25:16Z</time>
    <extensions>
     <power>403</power>
     <gpxtpx:TrackPointExtension>
      <gpxtpx:atemp>27</gpxtpx:atemp>
      <gpxtpx:hr>188</gpxtpx:hr>
      <gpxtpx:cad>89</gpxtpx:cad>
     </gpxtpx:TrackPointExtension>
    </extensions>
   </trkpt>
   <trkpt lat="46.7931970" lon="130.3525260">
    <ele>80.4</ele>
    <time>2025-09-07T00:25:17Z</time>
    <extensions>
     <power>403</power>
     <gpxtpx:TrackPointExtension>
      <gpxtpx:atemp>27</gpxtpx:atemp>
      <gpxtpx:hr>187</gpxtpx:hr>
      <gpxtpx:cad>89</gpxtpx:cad>
     </gpxtpx:TrackPointExtension>
    </extensions>
   </trkpt>
   <trkpt lat="46.7932380" lon="130.3525070">
    <ele>80.4</ele>
    <time>2025-09-07T00:25:18Z</time>
    <extensions>
     <power>404</power>
     <gpxtpx:TrackPointExtension>
      <gpxtpx:atemp>27</gpxtpx:atemp>
      <gpxtpx:hr>187</gpxtpx:hr>
      <gpxtpx:cad>89</gpxtpx:cad>
     </gpxtpx:TrackPointExtension>
    </extensions>
   </trkpt>
   <trkpt lat="46.7932700" lon="130.3524960">
    <ele>80.4</ele>
    <time>2025-09-07T00:25:19Z</time>
    <extensions>
     <power>404</power>
     <gpxtpx:TrackPointExtension>
      <gpxtpx:atemp>27</gpxtpx:atemp>
      <gpxtpx:hr>188</gpxtpx:hr>
      <gpxtpx:cad>89</gpxtpx:cad>
     </gpxtpx:TrackPointExtension>
    </extensions>
   </trkpt>
   <trkpt lat="46.7933140" lon="130.3524720">
    <ele>80.2</ele>
    <time>2025-09-07T00:25:20Z</time>
    <extensions>
     <power>402</power>
     <gpxtpx:TrackPointExtension>
      <gpxtpx:atemp>27</gpxtpx:atemp>
      <gpxtpx:hr>187</gpxtpx:hr>
      <gpxtpx:cad>89</gpxtpx:cad>
     </gpxtpx:TrackPointExtension>
    </extensions>
   </trkpt>
   <trkpt lat="46.7933490" lon="130.3524600">
    <ele>80.2</ele>
    <time>2025-09-07T00:25:21Z</time>
    <extensions>
     <power>401</power>
     <gpxtpx:TrackPointExtension>
      <gpxtpx:atemp>27</gpxtpx:atemp>
      <gpxtpx:hr>188</gpxtpx:hr>
      <gpxtpx:cad>89</gpxtpx:cad>
     </gpxtpx:TrackPointExtension>
    </extensions>
   </trkpt>
   <trkpt lat="46.7933920" lon="130.3524390">
    <ele>80.0</ele>
    <time>2025-09-07T00:25:22Z</time>
    <extensions>
     <power>398</power>
     <gpxtpx:TrackPointExtension>
      <gpxtpx:atemp>27</gpxtpx:atemp>
      <gpxtpx:hr>188</gpxtpx:hr>
      <gpxtpx:cad>89</gpxtpx:cad>
     </gpxtpx:TrackPointExtension>
    </extensions>
   </trkpt>
   <trkpt lat="46.7934260" lon="130.3524310">
    <ele>79.8</ele>
    <time>2025-09-07T00:25:23Z</time>
    <extensions>
     <power>396</power>
     <gpxtpx:TrackPointExtension>
      <gpxtpx:atemp>27</gpxtpx:atemp>
      <gpxtpx:hr>188</gpxtpx:hr>
      <gpxtpx:cad>89</gpxtpx:cad>
     </gpxtpx:TrackPointExtension>
    </extensions>
   </trkpt>
   <trkpt lat="46.7934670" lon="130.3524060">
    <ele>79.6</ele>
    <time>2025-09-07T00:25:24Z</time>
    <extensions>
     <power>395</power>
     <gpxtpx:TrackPointExtension>
      <gpxtpx:atemp>27</gpxtpx:atemp>
      <gpxtpx:hr>188</gpxtpx:hr>
      <gpxtpx:cad>89</gpxtpx:cad>
     </gpxtpx:TrackPointExtension>
    </extensions>
   </trkpt>
   <trkpt lat="46.7935040" lon="130.3523940">
    <ele>79.4</ele>
    <time>2025-09-07T00:25:25Z</time>
    <extensions>
     <power>394</power>
     <gpxtpx:TrackPointExtension>
      <gpxtpx:atemp>27</gpxtpx:atemp>
      <gpxtpx:hr>188</gpxtpx:hr>
      <gpxtpx:cad>89</gpxtpx:cad>
     </gpxtpx:TrackPointExtension>
    </extensions>
   </trkpt>
   <trkpt lat="46.7935490" lon="130.3523690">
    <ele>79.4</ele>
    <time>2025-09-07T00:25:26Z</time>
    <extensions>
     <power>392</power>
     <gpxtpx:TrackPointExtension>
      <gpxtpx:atemp>27</gpxtpx:atemp>
      <gpxtpx:hr>188</gpxtpx:hr>
      <gpxtpx:cad>89</gpxtpx:cad>
     </gpxtpx:TrackPointExtension>
    </extensions>
   </trkpt>
   <trkpt lat="46.7935820" lon="130.3523560">
    <ele>79.2</ele>
    <time>2025-09-07T00:25:27Z</time>
    <extensions>
     <power>390</power>
     <gpxtpx:TrackPointExtension>
      <gpxtpx:atemp>27</gpxtpx:atemp>
      <gpxtpx:hr>188</gpxtpx:hr>
      <gpxtpx:cad>89</gpxtpx:cad>
     </gpxtpx:TrackPointExtension>
    </extensions>
   </trkpt>
   <trkpt lat="46.7936250" lon="130.3523340">
    <ele>79.2</ele>
    <time>2025-09-07T00:25:28Z</time>
    <extensions>
     <power>392</power>
     <gpxtpx:TrackPointExtension>
      <gpxtpx:atemp>27</gpxtpx:atemp>
      <gpxtpx:hr>189</gpxtpx:hr>
      <gpxtpx:cad>89</gpxtpx:cad>
     </gpxtpx:TrackPointExtension>
    </extensions>
   </trkpt>
   <trkpt lat="46.7936620" lon="130.3523150">
    <ele>79.0</ele>
    <time>2025-09-07T00:25:29Z</time>
    <extensions>
     <power>388</power>
     <gpxtpx:TrackPointExtension>
      <gpxtpx:atemp>27</gpxtpx:atemp>
      <gpxtpx:hr>188</gpxtpx:hr>
      <gpxtpx:cad>89</gpxtpx:cad>
     </gpxtpx:TrackPointExtension>
    </extensions>
   </trkpt>
   <trkpt lat="46.7936990" lon="130.3522910">
    <ele>78.8</ele>
    <time>2025-09-07T00:25:30Z</time>
    <extensions>
     <power>382</power>
     <gpxtpx:TrackPointExtension>
      <gpxtpx:atemp>27</gpxtpx:atemp>
      <gpxtpx:hr>188</gpxtpx:hr>
      <gpxtpx:cad>89</gpxtpx:cad>
     </gpxtpx:TrackPointExtension>
    </extensions>
   </trkpt>
   <trkpt lat="46.7937340" lon="130.3522730">
    <ele>78.6</ele>
    <time>2025-09-07T00:25:31Z</time>
    <extensions>
     <power>377</power>
     <gpxtpx:TrackPointExtension>
      <gpxtpx:atemp>27</gpxtpx:atemp>
      <gpxtpx:hr>189</gpxtpx:hr>
      <gpxtpx:cad>89</gpxtpx:cad>
     </gpxtpx:TrackPointExtension>
    </extensions>
   </trkpt>
   <trkpt lat="46.7937770" lon="130.3522490">
    <ele>78.4</ele>
    <time>2025-09-07T00:25:32Z</time>
    <extensions>
     <power>371</power>
     <gpxtpx:TrackPointExtension>
      <gpxtpx:atemp>27</gpxtpx:atemp>
      <gpxtpx:hr>188</gpxtpx:hr>
      <gpxtpx:cad>89</gpxtpx:cad>
     </gpxtpx:TrackPointExtension>
    </extensions>
   </trkpt>
   <trkpt lat="46.7938120" lon="130.3522370">
    <ele>78.2</ele>
    <time>2025-09-07T00:25:33Z</time>
    <extensions>
     <power>367</power>
     <gpxtpx:TrackPointExtension>
      <gpxtpx:atemp>27</gpxtpx:atemp>
      <gpxtpx:hr>188</gpxtpx:hr>
      <gpxtpx:cad>90</gpxtpx:cad>
     </gpxtpx:TrackPointExtension>
    </extensions>
   </trkpt>
   <trkpt lat="46.7938530" lon="130.3522150">
    <ele>78.2</ele>
    <time>2025-09-07T00:25:34Z</time>
    <extensions>
     <power>365</power>
     <gpxtpx:TrackPointExtension>
      <gpxtpx:atemp>27</gpxtpx:atemp>
      <gpxtpx:hr>189</gpxtpx:hr>
      <gpxtpx:cad>89</gpxtpx:cad>
     </gpxtpx:TrackPointExtension>
    </extensions>
   </trkpt>
   <trkpt lat="46.7938840" lon="130.3522020">
    <ele>78.0</ele>
    <time>2025-09-07T00:25:35Z</time>
    <extensions>
     <power>364</power>
     <gpxtpx:TrackPointExtension>
      <gpxtpx:atemp>27</gpxtpx:atemp>
      <gpxtpx:hr>188</gpxtpx:hr>
      <gpxtpx:cad>89</gpxtpx:cad>
     </gpxtpx:TrackPointExtension>
    </extensions>
   </trkpt>
   <trkpt lat="46.7939220" lon="130.3521800">
    <ele>78.0</ele>
    <time>2025-09-07T00:25:36Z</time>
    <extensions>
     <power>362</power>
     <gpxtpx:TrackPointExtension>
      <gpxtpx:atemp>27</gpxtpx:atemp>
      <gpxtpx:hr>188</gpxtpx:hr>
      <gpxtpx:cad>89</gpxtpx:cad>
     </gpxtpx:TrackPointExtension>
    </extensions>
   </trkpt>
   <trkpt lat="46.7939540" lon="130.3521650">
    <ele>78.0</ele>
    <time>2025-09-07T00:25:37Z</time>
    <extensions>
     <power>361</power>
     <gpxtpx:TrackPointExtension>
      <gpxtpx:atemp>27</gpxtpx:atemp>
      <gpxtpx:hr>189</gpxtpx:hr>
      <gpxtpx:cad>89</gpxtpx:cad>
     </gpxtpx:TrackPointExtension>
    </extensions>
   </trkpt>
   <trkpt lat="46.7939990" lon="130.3521430">
    <ele>77.8</ele>
    <time>2025-09-07T00:25:38Z</time>
    <extensions>
     <power>361</power>
     <gpxtpx:TrackPointExtension>
      <gpxtpx:atemp>27</gpxtpx:atemp>
      <gpxtpx:hr>188</gpxtpx:hr>
      <gpxtpx:cad>89</gpxtpx:cad>
     </gpxtpx:TrackPointExtension>
    </extensions>
   </trkpt>
   <trkpt lat="46.7940350" lon="130.3521350">
    <ele>77.6</ele>
    <time>2025-09-07T00:25:39Z</time>
    <extensions>
     <power>360</power>
     <gpxtpx:TrackPointExtension>
      <gpxtpx:atemp>27</gpxtpx:atemp>
      <gpxtpx:hr>188</gpxtpx:hr>
      <gpxtpx:cad>90</gpxtpx:cad>
     </gpxtpx:TrackPointExtension>
    </extensions>
   </trkpt>
   <trkpt lat="46.7940770" lon="130.3521140">
    <ele>77.4</ele>
    <time>2025-09-07T00:25:40Z</time>
    <extensions>
     <power>359</power>
     <gpxtpx:TrackPointExtension>
      <gpxtpx:atemp>27</gpxtpx:atemp>
      <gpxtpx:hr>189</gpxtpx:hr>
      <gpxtpx:cad>90</gpxtpx:cad>
     </gpxtpx:TrackPointExtension>
    </extensions>
   </trkpt>
   <trkpt lat="46.7941130" lon="130.3521000">
    <ele>77.0</ele>
    <time>2025-09-07T00:25:41Z</time>
    <extensions>
     <power>359</power>
     <gpxtpx:TrackPointExtension>
      <gpxtpx:atemp>27</gpxtpx:atemp>
      <gpxtpx:hr>188</gpxtpx:hr>
      <gpxtpx:cad>90</gpxtpx:cad>
     </gpxtpx:TrackPointExtension>
    </extensions>
   </trkpt>
   <trkpt lat="46.7941540" lon="130.3520790">
    <ele>76.8</ele>
    <time>2025-09-07T00:25:42Z</time>
    <extensions>
     <power>357</power>
     <gpxtpx:TrackPointExtension>
      <gpxtpx:atemp>27</gpxtpx:atemp>
      <gpxtpx:hr>188</gpxtpx:hr>
      <gpxtpx:cad>90</gpxtpx:cad>
     </gpxtpx:TrackPointExtension>
    </extensions>
   </trkpt>
   <trkpt lat="46.7941920" lon="130.3520700">
    <ele>76.6</ele>
    <time>2025-09-07T00:25:43Z</time>
    <extensions>
     <power>359</power>
     <gpxtpx:TrackPointExtension>
      <gpxtpx:atemp>27</gpxtpx:atemp>
      <gpxtpx:hr>189</gpxtpx:hr>
      <gpxtpx:cad>89</gpxtpx:cad>
     </gpxtpx:TrackPointExtension>
    </extensions>
   </trkpt>
   <trkpt lat="46.7942340" lon="130.3520450">
    <ele>76.6</ele>
    <time>2025-09-07T00:25:44Z</time>
    <extensions>
     <power>357</power>
     <gpxtpx:TrackPointExtension>
      <gpxtpx:atemp>27</gpxtpx:atemp>
      <gpxtpx:hr>188</gpxtpx:hr>
      <gpxtpx:cad>89</gpxtpx:cad>
     </gpxtpx:TrackPointExtension>
    </extensions>
   </trkpt>
   <trkpt lat="46.7942670" lon="130.3520290">
    <ele>76.4</ele>
    <time>2025-09-07T00:25:45Z</time>
    <extensions>
     <power>357</power>
     <gpxtpx:TrackPointExtension>
      <gpxtpx:atemp>27</gpxtpx:atemp>
      <gpxtpx:hr>188</gpxtpx:hr>
      <gpxtpx:cad>89</gpxtpx:cad>
     </gpxtpx:TrackPointExtension>
    </extensions>
   </trkpt>
   <trkpt lat="46.7943100" lon="130.3520040">
    <ele>76.2</ele>
    <time>2025-09-07T00:25:46Z</time>
    <extensions>
     <power>356</power>
     <gpxtpx:TrackPointExtension>
      <gpxtpx:atemp>27</gpxtpx:atemp>
      <gpxtpx:hr>189</gpxtpx:hr>
      <gpxtpx:cad>89</gpxtpx:cad>
     </gpxtpx:TrackPointExtension>
    </extensions>
   </trkpt>
   <trkpt lat="46.7943470" lon="130.3519910">
    <ele>76.0</ele>
    <time>2025-09-07T00:25:47Z</time>
    <extensions>
     <power>355</power>
     <gpxtpx:TrackPointExtension>
      <gpxtpx:atemp>27</gpxtpx:atemp>
      <gpxtpx:hr>188</gpxtpx:hr>
      <gpxtpx:cad>89</gpxtpx:cad>
     </gpxtpx:TrackPointExtension>
    </extensions>
   </trkpt>
   <trkpt lat="46.7943860" lon="130.3519690">
    <ele>76.0</ele>
    <time>2025-09-07T00:25:48Z</time>
    <extensions>
     <power>358</power>
     <gpxtpx:TrackPointExtension>
      <gpxtpx:atemp>27</gpxtpx:atemp>
      <gpxtpx:hr>188</gpxtpx:hr>
      <gpxtpx:cad>89</gpxtpx:cad>
     </gpxtpx:TrackPointExtension>
    </extensions>
   </trkpt>
   <trkpt lat="46.7944220" lon="130.3519570">
    <ele>75.8</ele>
    <time>2025-09-07T00:25:49Z</time>
    <extensions>
     <power>361</power>
     <gpxtpx:TrackPointExtension>
      <gpxtpx:atemp>27</gpxtpx:atemp>
      <gpxtpx:hr>188</gpxtpx:hr>
      <gpxtpx:cad>89</gpxtpx:cad>
     </gpxtpx:TrackPointExtension>
    </extensions>
   </trkpt>
   <trkpt lat="46.7944600" lon="130.3519400">
    <ele>75.8</ele>
    <time>2025-09-07T00:25:50Z</time>
    <extensions>
     <power>362</power>
     <gpxtpx:TrackPointExtension>
      <gpxtpx:atemp>27</gpxtpx:atemp>
      <gpxtpx:hr>188</gpxtpx:hr>
      <gpxtpx:cad>89</gpxtpx:cad>
     </gpxtpx:TrackPointExtension>
    </extensions>
   </trkpt>
   <trkpt lat="46.7944920" lon="130.3519290">
    <ele>75.6</ele>
    <time>2025-09-07T00:25:51Z</time>
    <extensions>
     <power>364</power>
     <gpxtpx:TrackPointExtension>
      <gpxtpx:atemp>27</gpxtpx:atemp>
      <gpxtpx:hr>188</gpxtpx:hr>
      <gpxtpx:cad>89</gpxtpx:cad>
     </gpxtpx:TrackPointExtension>
    </extensions>
   </trkpt>
   <trkpt lat="46.7945320" lon="130.3519120">
    <ele>75.4</ele>
    <time>2025-09-07T00:25:52Z</time>
    <extensions>
     <power>364</power>
     <gpxtpx:TrackPointExtension>
      <gpxtpx:atemp>27</gpxtpx:atemp>
      <gpxtpx:hr>188</gpxtpx:hr>
      <gpxtpx:cad>89</gpxtpx:cad>
     </gpxtpx:TrackPointExtension>
    </extensions>
   </trkpt>
   <trkpt lat="46.7945690" lon="130.3518990">
    <ele>75.2</ele>
    <time>2025-09-07T00:25:53Z</time>
    <extensions>
     <power>362</power>
     <gpxtpx:TrackPointExtension>
      <gpxtpx:atemp>27</gpxtpx:atemp>
      <gpxtpx:hr>188</gpxtpx:hr>
      <gpxtpx:cad>89</gpxtpx:cad>
     </gpxtpx:TrackPointExtension>
    </extensions>
   </trkpt>
   <trkpt lat="46.7946070" lon="130.3518790">
    <ele>75.0</ele>
    <time>2025-09-07T00:25:54Z</time>
    <extensions>
     <power>362</power>
     <gpxtpx:TrackPointExtension>
      <gpxtpx:atemp>27</gpxtpx:atemp>
      <gpxtpx:hr>188</gpxtpx:hr>
      <gpxtpx:cad>89</gpxtpx:cad>
     </gpxtpx:TrackPointExtension>
    </extensions>
   </trkpt>
   <trkpt lat="46.7946470" lon="130.3518610">
    <ele>74.8</ele>
    <time>2025-09-07T00:25:55Z</time>
    <extensions>
     <power>363</power>
     <gpxtpx:TrackPointExtension>
      <gpxtpx:atemp>27</gpxtpx:atemp>
      <gpxtpx:hr>188</gpxtpx:hr>
      <gpxtpx:cad>89</gpxtpx:cad>
     </gpxtpx:TrackPointExtension>
    </extensions>
   </trkpt>
   <trkpt lat="46.7946900" lon="130.3518380">
    <ele>74.6</ele>
    <time>2025-09-07T00:25:56Z</time>
    <extensions>
     <power>365</power>
     <gpxtpx:TrackPointExtension>
      <gpxtpx:atemp>27</gpxtpx:atemp>
      <gpxtpx:hr>188</gpxtpx:hr>
      <gpxtpx:cad>89</gpxtpx:cad>
     </gpxtpx:TrackPointExtension>
    </extensions>
   </trkpt>
   <trkpt lat="46.7947240" lon="130.3518150">
    <ele>74.6</ele>
    <time>2025-09-07T00:25:57Z</time>
    <extensions>
     <power>367</power>
     <gpxtpx:TrackPointExtension>
      <gpxtpx:atemp>27</gpxtpx:atemp>
      <gpxtpx:hr>188</gpxtpx:hr>
      <gpxtpx:cad>89</gpxtpx:cad>
     </gpxtpx:TrackPointExtension>
    </extensions>
   </trkpt>
   <trkpt lat="46.7947650" lon="130.3517890">
    <ele>74.4</ele>
    <time>2025-09-07T00:25:58Z</time>
    <extensions>
     <power>370</power>
     <gpxtpx:TrackPointExtension>
      <gpxtpx:atemp>27</gpxtpx:atemp>
      <gpxtpx:hr>188</gpxtpx:hr>
      <gpxtpx:cad>89</gpxtpx:cad>
     </gpxtpx:TrackPointExtension>
    </extensions>
   </trkpt>
   <trkpt lat="46.7947980" lon="130.3517730">
    <ele>74.2</ele>
    <time>2025-09-07T00:25:59Z</time>
    <extensions>
     <power>371</power>
     <gpxtpx:TrackPointExtension>
      <gpxtpx:atemp>27</gpxtpx:atemp>
      <gpxtpx:hr>188</gpxtpx:hr>
      <gpxtpx:cad>89</gpxtpx:cad>
     </gpxtpx:TrackPointExtension>
    </extensions>
   </trkpt>
   <trkpt lat="46.7948400" lon="130.3517520">
    <ele>74.2</ele>
    <time>2025-09-07T00:26:00Z</time>
    <extensions>
     <power>374</power>
     <gpxtpx:TrackPointExtension>
      <gpxtpx:atemp>27</gpxtpx:atemp>
      <gpxtpx:hr>188</gpxtpx:hr>
      <gpxtpx:cad>89</gpxtpx:cad>
     </gpxtpx:TrackPointExtension>
    </extensions>
   </trkpt>
   <trkpt lat="46.7948750" lon="130.3517340">
    <ele>74.0</ele>
    <time>2025-09-07T00:26:01Z</time>
    <extensions>
     <power>375</power>
     <gpxtpx:TrackPointExtension>
      <gpxtpx:atemp>27</gpxtpx:atemp>
      <gpxtpx:hr>188</gpxtpx:hr>
      <gpxtpx:cad>89</gpxtpx:cad>
     </gpxtpx:TrackPointExtension>
    </extensions>
   </trkpt>
   <trkpt lat="46.7949140" lon="130.3517130">
    <ele>74.0</ele>
    <time>2025-09-07T00:26:02Z</time>
    <extensions>
     <power>375</power>
     <gpxtpx:TrackPointExtension>
      <gpxtpx:atemp>27</gpxtpx:atemp>
      <gpxtpx:hr>188</gpxtpx:hr>
      <gpxtpx:cad>89</gpxtpx:cad>
     </gpxtpx:TrackPointExtension>
    </extensions>
   </trkpt>
   <trkpt lat="46.7949520" lon="130.3516950">
    <ele>73.8</ele>
    <time>2025-09-07T00:26:03Z</time>
    <extensions>
     <power>377</power>
     <gpxtpx:TrackPointExtension>
      <gpxtpx:atemp>27</gpxtpx:atemp>
      <gpxtpx:hr>188</gpxtpx:hr>
      <gpxtpx:cad>90</gpxtpx:cad>
     </gpxtpx:TrackPointExtension>
    </extensions>
   </trkpt>
   <trkpt lat="46.7949910" lon="130.3516770">
    <ele>73.6</ele>
    <time>2025-09-07T00:26:04Z</time>
    <extensions>
     <power>376</power>
     <gpxtpx:TrackPointExtension>
      <gpxtpx:atemp>27</gpxtpx:atemp>
      <gpxtpx:hr>188</gpxtpx:hr>
      <gpxtpx:cad>90</gpxtpx:cad>
     </gpxtpx:TrackPointExtension>
    </extensions>
   </trkpt>
   <trkpt lat="46.7950270" lon="130.3516580">
    <ele>73.6</ele>
    <time>2025-09-07T00:26:05Z</time>
    <extensions>
     <power>378</power>
     <gpxtpx:TrackPointExtension>
      <gpxtpx:atemp>27</gpxtpx:atemp>
      <gpxtpx:hr>188</gpxtpx:hr>
      <gpxtpx:cad>90</gpxtpx:cad>
     </gpxtpx:TrackPointExtension>
    </extensions>
   </trkpt>
   <trkpt lat="46.7950630" lon="130.3516380">
    <ele>73.4</ele>
    <time>2025-09-07T00:26:06Z</time>
    <extensions>
     <power>379</power>
     <gpxtpx:TrackPointExtension>
      <gpxtpx:atemp>27</gpxtpx:atemp>
      <gpxtpx:hr>188</gpxtpx:hr>
      <gpxtpx:cad>89</gpxtpx:cad>
     </gpxtpx:TrackPointExtension>
    </extensions>
   </trkpt>
   <trkpt lat="46.7950980" lon="130.3516170">
    <ele>73.4</ele>
    <time>2025-09-07T00:26:07Z</time>
    <extensions>
     <power>382</power>
     <gpxtpx:TrackPointExtension>
      <gpxtpx:atemp>28</gpxtpx:atemp>
      <gpxtpx:hr>189</gpxtpx:hr>
      <gpxtpx:cad>89</gpxtpx:cad>
     </gpxtpx:TrackPointExtension>
    </extensions>
   </trkpt>
   <trkpt lat="46.7951260" lon="130.3515780">
    <ele>73.2</ele>
    <time>2025-09-07T00:26:08Z</time>
    <extensions>
     <power>384</power>
     <gpxtpx:TrackPointExtension>
      <gpxtpx:atemp>27</gpxtpx:atemp>
      <gpxtpx:hr>188</gpxtpx:hr>
      <gpxtpx:cad>89</gpxtpx:cad>
     </gpxtpx:TrackPointExtension>
    </extensions>
   </trkpt>
   <trkpt lat="46.7951550" lon="130.3515540">
    <ele>73.2</ele>
    <time>2025-09-07T00:26:09Z</time>
    <extensions>
     <power>386</power>
     <gpxtpx:TrackPointExtension>
      <gpxtpx:atemp>28</gpxtpx:atemp>
      <gpxtpx:hr>189</gpxtpx:hr>
      <gpxtpx:cad>89</gpxtpx:cad>
     </gpxtpx:TrackPointExtension>
    </extensions>
   </trkpt>
   <trkpt lat="46.7951820" lon="130.3515420">
    <ele>73.2</ele>
    <time>2025-09-07T00:26:10Z</time>
    <extensions>
     <power>390</power>
     <gpxtpx:TrackPointExtension>
      <gpxtpx:atemp>27</gpxtpx:atemp>
      <gpxtpx:hr>189</gpxtpx:hr>
      <gpxtpx:cad>90</gpxtpx:cad>
     </gpxtpx:TrackPointExtension>
    </extensions>
   </trkpt>
   <trkpt lat="46.7952130" lon="130.3515310">
    <ele>73.0</ele>
    <time>2025-09-07T00:26:11Z</time>
    <extensions>
     <power>391</power>
     <gpxtpx:TrackPointExtension>
      <gpxtpx:atemp>27</gpxtpx:atemp>
      <gpxtpx:hr>189</gpxtpx:hr>
      <gpxtpx:cad>90</gpxtpx:cad>
     </gpxtpx:TrackPointExtension>
    </extensions>
   </trkpt>
   <trkpt lat="46.7952400" lon="130.3515160">
    <ele>73.0</ele>
    <time>2025-09-07T00:26:12Z</time>
    <extensions>
     <power>391</power>
     <gpxtpx:TrackPointExtension>
      <gpxtpx:atemp>27</gpxtpx:atemp>
      <gpxtpx:hr>188</gpxtpx:hr>
      <gpxtpx:cad>90</gpxtpx:cad>
     </gpxtpx:TrackPointExtension>
    </extensions>
   </trkpt>
   <trkpt lat="46.7952690" lon="130.3514980">
    <ele>73.0</ele>
    <time>2025-09-07T00:26:13Z</time>
    <extensions>
     <power>392</power>
     <gpxtpx:TrackPointExtension>
      <gpxtpx:atemp>28</gpxtpx:atemp>
      <gpxtpx:hr>189</gpxtpx:hr>
      <gpxtpx:cad>90</gpxtpx:cad>
     </gpxtpx:TrackPointExtension>
    </extensions>
   </trkpt>
   <trkpt lat="46.7953040" lon="130.3514820">
    <ele>73.0</ele>
    <time>2025-09-07T00:26:14Z</time>
    <extensions>
     <power>393</power>
     <gpxtpx:TrackPointExtension>
      <gpxtpx:atemp>27</gpxtpx:atemp>
      <gpxtpx:hr>189</gpxtpx:hr>
      <gpxtpx:cad>89</gpxtpx:cad>
     </gpxtpx:TrackPointExtension>
    </extensions>
   </trkpt>
   <trkpt lat="46.7953380" lon="130.3514740">
    <ele>73.0</ele>
    <time>2025-09-07T00:26:15Z</time>
    <extensions>
     <power>392</power>
     <gpxtpx:TrackPointExtension>
      <gpxtpx:atemp>28</gpxtpx:atemp>
      <gpxtpx:hr>188</gpxtpx:hr>
      <gpxtpx:cad>89</gpxtpx:cad>
     </gpxtpx:TrackPointExtension>
    </extensions>
   </trkpt>
   <trkpt lat="46.7953810" lon="130.3514510">
    <ele>73.0</ele>
    <time>2025-09-07T00:26:16Z</time>
    <extensions>
     <power>390</power>
     <gpxtpx:TrackPointExtension>
      <gpxtpx:atemp>27</gpxtpx:atemp>
      <gpxtpx:hr>188</gpxtpx:hr>
      <gpxtpx:cad>88</gpxtpx:cad>
     </gpxtpx:TrackPointExtension>
    </extensions>
   </trkpt>
   <trkpt lat="46.7954180" lon="130.3514420">
    <ele>73.0</ele>
    <time>2025-09-07T00:26:17Z</time>
    <extensions>
     <power>395</power>
     <gpxtpx:TrackPointExtension>
      <gpxtpx:atemp>27</gpxtpx:atemp>
      <gpxtpx:hr>188</gpxtpx:hr>
      <gpxtpx:cad>88</gpxtpx:cad>
     </gpxtpx:TrackPointExtension>
    </extensions>
   </trkpt>
   <trkpt lat="46.7954530" lon="130.3514220">
    <ele>73.2</ele>
    <time>2025-09-07T00:26:18Z</time>
    <extensions>
     <power>416</power>
     <gpxtpx:TrackPointExtension>
      <gpxtpx:atemp>27</gpxtpx:atemp>
      <gpxtpx:hr>188</gpxtpx:hr>
      <gpxtpx:cad>89</gpxtpx:cad>
     </gpxtpx:TrackPointExtension>
    </extensions>
   </trkpt>
   <trkpt lat="46.7954830" lon="130.3514070">
    <ele>73.2</ele>
    <time>2025-09-07T00:26:19Z</time>
    <extensions>
     <power>425</power>
     <gpxtpx:TrackPointExtension>
      <gpxtpx:atemp>28</gpxtpx:atemp>
      <gpxtpx:hr>189</gpxtpx:hr>
      <gpxtpx:cad>89</gpxtpx:cad>
     </gpxtpx:TrackPointExtension>
    </extensions>
   </trkpt>
   <trkpt lat="46.7955190" lon="130.3513860">
    <ele>73.4</ele>
    <time>2025-09-07T00:26:20Z</time>
    <extensions>
     <power>421</power>
     <gpxtpx:TrackPointExtension>
      <gpxtpx:atemp>28</gpxtpx:atemp>
      <gpxtpx:hr>188</gpxtpx:hr>
      <gpxtpx:cad>90</gpxtpx:cad>
     </gpxtpx:TrackPointExtension>
    </extensions>
   </trkpt>
   <trkpt lat="46.7955500" lon="130.3513730">
    <ele>73.6</ele>
    <time>2025-09-07T00:26:21Z</time>
    <extensions>
     <power>410</power>
     <gpxtpx:TrackPointExtension>
      <gpxtpx:atemp>27</gpxtpx:atemp>
      <gpxtpx:hr>188</gpxtpx:hr>
      <gpxtpx:cad>90</gpxtpx:cad>
     </gpxtpx:TrackPointExtension>
    </extensions>
   </trkpt>
   <trkpt lat="46.7955940" lon="130.3513690">
    <ele>73.6</ele>
    <time>2025-09-07T00:26:22Z</time>
    <extensions>
     <power>406</power>
     <gpxtpx:TrackPointExtension>
      <gpxtpx:atemp>27</gpxtpx:atemp>
      <gpxtpx:hr>188</gpxtpx:hr>
      <gpxtpx:cad>91</gpxtpx:cad>
     </gpxtpx:TrackPointExtension>
    </extensions>
   </trkpt>
   <trkpt lat="46.7956200" lon="130.3513640">
    <ele>73.6</ele>
    <time>2025-09-07T00:26:23Z</time>
    <extensions>
     <power>416</power>
     <gpxtpx:TrackPointExtension>
      <gpxtpx:atemp>28</gpxtpx:atemp>
      <gpxtpx:hr>189</gpxtpx:hr>
      <gpxtpx:cad>91</gpxtpx:cad>
     </gpxtpx:TrackPointExtension>
    </extensions>
   </trkpt>
   <trkpt lat="46.7956520" lon="130.3513470">
    <ele>73.8</ele>
    <time>2025-09-07T00:26:24Z</time>
    <extensions>
     <power>412</power>
     <gpxtpx:TrackPointExtension>
      <gpxtpx:atemp>27</gpxtpx:atemp>
      <gpxtpx:hr>188</gpxtpx:hr>
      <gpxtpx:cad>90</gpxtpx:cad>
     </gpxtpx:TrackPointExtension>
    </extensions>
   </trkpt>
   <trkpt lat="46.7956810" lon="130.3513370">
    <ele>73.8</ele>
    <time>2025-09-07T00:26:25Z</time>
    <extensions>
     <power>415</power>
     <gpxtpx:TrackPointExtension>
      <gpxtpx:atemp>27</gpxtpx:atemp>
      <gpxtpx:hr>188</gpxtpx:hr>
      <gpxtpx:cad>89</gpxtpx:cad>
     </gpxtpx:TrackPointExtension>
    </extensions>
   </trkpt>
   <trkpt lat="46.7957210" lon="130.3513170">
    <ele>74.0</ele>
    <time>2025-09-07T00:26:26Z</time>
    <extensions>
     <power>401</power>
     <gpxtpx:TrackPointExtension>
      <gpxtpx:atemp>28</gpxtpx:atemp>
      <gpxtpx:hr>188</gpxtpx:hr>
      <gpxtpx:cad>89</gpxtpx:cad>
     </gpxtpx:TrackPointExtension>
    </extensions>
   </trkpt>
   <trkpt lat="46.7957490" lon="130.3513050">
    <ele>74.4</ele>
    <time>2025-09-07T00:26:27Z</time>
    <extensions>
     <power>406</power>
     <gpxtpx:TrackPointExtension>
      <gpxtpx:atemp>28</gpxtpx:atemp>
      <gpxtpx:hr>188</gpxtpx:hr>
      <gpxtpx:cad>89</gpxtpx:cad>
     </gpxtpx:TrackPointExtension>
    </extensions>
   </trkpt>
   <trkpt lat="46.7957840" lon="130.3512870">
    <ele>74.6</ele>
    <time>2025-09-07T00:26:28Z</time>
    <extensions>
     <power>415</power>
     <gpxtpx:TrackPointExtension>
      <gpxtpx:atemp>27</gpxtpx:atemp>
      <gpxtpx:hr>188</gpxtpx:hr>
      <gpxtpx:cad>89</gpxtpx:cad>
     </gpxtpx:TrackPointExtension>
    </extensions>
   </trkpt>
   <trkpt lat="46.7958130" lon="130.3512790">
    <ele>74.8</ele>
    <time>2025-09-07T00:26:29Z</time>
    <extensions>
     <power>419</power>
     <gpxtpx:TrackPointExtension>
      <gpxtpx:atemp>27</gpxtpx:atemp>
      <gpxtpx:hr>188</gpxtpx:hr>
      <gpxtpx:cad>90</gpxtpx:cad>
     </gpxtpx:TrackPointExtension>
    </extensions>
   </trkpt>
   <trkpt lat="46.7958500" lon="130.3512580">
    <ele>74.8</ele>
    <time>2025-09-07T00:26:30Z</time>
    <extensions>
     <power>425</power>
     <gpxtpx:TrackPointExtension>
      <gpxtpx:atemp>28</gpxtpx:atemp>
      <gpxtpx:hr>189</gpxtpx:hr>
      <gpxtpx:cad>90</gpxtpx:cad>
     </gpxtpx:TrackPointExtension>
    </extensions>
   </trkpt>
   <trkpt lat="46.7958770" lon="130.3512520">
    <ele>75.0</ele>
    <time>2025-09-07T00:26:31Z</time>
    <extensions>
     <power>424</power>
     <gpxtpx:TrackPointExtension>
      <gpxtpx:atemp>27</gpxtpx:atemp>
      <gpxtpx:hr>188</gpxtpx:hr>
      <gpxtpx:cad>90</gpxtpx:cad>
     </gpxtpx:TrackPointExtension>
    </extensions>
   </trkpt>
   <trkpt lat="46.7959120" lon="130.3512260">
    <ele>75.0</ele>
    <time>2025-09-07T00:26:32Z</time>
    <extensions>
     <power>423</power>
     <gpxtpx:TrackPointExtension>
      <gpxtpx:atemp>28</gpxtpx:atemp>
      <gpxtpx:hr>188</gpxtpx:hr>
      <gpxtpx:cad>90</gpxtpx:cad>
     </gpxtpx:TrackPointExtension>
    </extensions>
   </trkpt>
   <trkpt lat="46.7959400" lon="130.3512120">
    <ele>75.0</ele>
    <time>2025-09-07T00:26:33Z</time>
    <extensions>
     <power>424</power>
     <gpxtpx:TrackPointExtension>
      <gpxtpx:atemp>27</gpxtpx:atemp>
      <gpxtpx:hr>188</gpxtpx:hr>
      <gpxtpx:cad>90</gpxtpx:cad>
     </gpxtpx:TrackPointExtension>
    </extensions>
   </trkpt>
   <trkpt lat="46.7959750" lon="130.3511870">
    <ele>75.2</ele>
    <time>2025-09-07T00:26:34Z</time>
    <extensions>
     <power>426</power>
     <gpxtpx:TrackPointExtension>
      <gpxtpx:atemp>28</gpxtpx:atemp>
      <gpxtpx:hr>188</gpxtpx:hr>
      <gpxtpx:cad>89</gpxtpx:cad>
     </gpxtpx:TrackPointExtension>
    </extensions>
   </trkpt>
   <trkpt lat="46.7960050" lon="130.3511750">
    <ele>75.4</ele>
    <time>2025-09-07T00:26:35Z</time>
    <extensions>
     <power>431</power>
     <gpxtpx:TrackPointExtension>
      <gpxtpx:atemp>27</gpxtpx:atemp>
      <gpxtpx:hr>188</gpxtpx:hr>
      <gpxtpx:cad>89</gpxtpx:cad>
     </gpxtpx:TrackPointExtension>
    </extensions>
   </trkpt>
   <trkpt lat="46.7960400" lon="130.3511530">
    <ele>75.6</ele>
    <time>2025-09-07T00:26:36Z</time>
    <extensions>
     <power>434</power>
     <gpxtpx:TrackPointExtension>
      <gpxtpx:atemp>27</gpxtpx:atemp>
      <gpxtpx:hr>188</gpxtpx:hr>
      <gpxtpx:cad>89</gpxtpx:cad>
     </gpxtpx:TrackPointExtension>
    </extensions>
   </trkpt>
   <trkpt lat="46.7960710" lon="130.3511350">
    <ele>75.8</ele>
    <time>2025-09-07T00:26:37Z</time>
    <extensions>
     <power>439</power>
     <gpxtpx:TrackPointExtension>
      <gpxtpx:atemp>28</gpxtpx:atemp>
      <gpxtpx:hr>187</gpxtpx:hr>
      <gpxtpx:cad>89</gpxtpx:cad>
     </gpxtpx:TrackPointExtension>
    </extensions>
   </trkpt>
   <trkpt lat="46.7961020" lon="130.3511140">
    <ele>76.0</ele>
    <time>2025-09-07T00:26:38Z</time>
    <extensions>
     <power>453</power>
     <gpxtpx:TrackPointExtension>
      <gpxtpx:atemp>27</gpxtpx:atemp>
      <gpxtpx:hr>188</gpxtpx:hr>
      <gpxtpx:cad>89</gpxtpx:cad>
     </gpxtpx:TrackPointExtension>
    </extensions>
   </trkpt>
   <trkpt lat="46.7961250" lon="130.3511060">
    <ele>76.2</ele>
    <time>2025-09-07T00:26:39Z</time>
    <extensions>
     <power>465</power>
     <gpxtpx:TrackPointExtension>
      <gpxtpx:atemp>27</gpxtpx:atemp>
      <gpxtpx:hr>187</gpxtpx:hr>
      <gpxtpx:cad>89</gpxtpx:cad>
     </gpxtpx:TrackPointExtension>
    </extensions>
   </trkpt>
   <trkpt lat="46.7961590" lon="130.3510850">
    <ele>76.4</ele>
    <time>2025-09-07T00:26:40Z</time>
    <extensions>
     <power>472</power>
     <gpxtpx:TrackPointExtension>
      <gpxtpx:atemp>27</gpxtpx:atemp>
      <gpxtpx:hr>188</gpxtpx:hr>
      <gpxtpx:cad>89</gpxtpx:cad>
     </gpxtpx:TrackPointExtension>
    </extensions>
   </trkpt>
   <trkpt lat="46.7961870" lon="130.3510770">
    <ele>76.6</ele>
    <time>2025-09-07T00:26:41Z</time>
    <extensions>
     <power>472</power>
     <gpxtpx:TrackPointExtension>
      <gpxtpx:atemp>28</gpxtpx:atemp>
      <gpxtpx:hr>188</gpxtpx:hr>
      <gpxtpx:cad>89</gpxtpx:cad>
     </gpxtpx:TrackPointExtension>
    </extensions>
   </trkpt>
   <trkpt lat="46.7962210" lon="130.3510540">
    <ele>77.0</ele>
    <time>2025-09-07T00:26:42Z</time>
    <extensions>
     <power>479</power>
     <gpxtpx:TrackPointExtension>
      <gpxtpx:atemp>28</gpxtpx:atemp>
      <gpxtpx:hr>188</gpxtpx:hr>
      <gpxtpx:cad>89</gpxtpx:cad>
     </gpxtpx:TrackPointExtension>
    </extensions>
   </trkpt>
   <trkpt lat="46.7962490" lon="130.3510370">
    <ele>77.0</ele>
    <time>2025-09-07T00:26:43Z</time>
    <extensions>
     <power>486</power>
     <gpxtpx:TrackPointExtension>
      <gpxtpx:atemp>27</gpxtpx:atemp>
      <gpxtpx:hr>188</gpxtpx:hr>
      <gpxtpx:cad>89</gpxtpx:cad>
     </gpxtpx:TrackPointExtension>
    </extensions>
   </trkpt>
   <trkpt lat="46.7962830" lon="130.3510100">
    <ele>77.2</ele>
    <time>2025-09-07T00:26:44Z</time>
    <extensions>
     <power>490</power>
     <gpxtpx:TrackPointExtension>
      <gpxtpx:atemp>27</gpxtpx:atemp>
      <gpxtpx:hr>188</gpxtpx:hr>
      <gpxtpx:cad>89</gpxtpx:cad>
     </gpxtpx:TrackPointExtension>
    </extensions>
   </trkpt>
   <trkpt lat="46.7963100" lon="130.3509930">
    <ele>77.4</ele>
    <time>2025-09-07T00:26:45Z</time>
    <extensions>
     <power>494</power>
     <gpxtpx:TrackPointExtension>
      <gpxtpx:atemp>28</gpxtpx:atemp>
      <gpxtpx:hr>188</gpxtpx:hr>
      <gpxtpx:cad>89</gpxtpx:cad>
     </gpxtpx:TrackPointExtension>
    </extensions>
   </trkpt>
   <trkpt lat="46.7963450" lon="130.3509670">
    <ele>77.4</ele>
    <time>2025-09-07T00:26:46Z</time>
    <extensions>
     <power>500</power>
     <gpxtpx:TrackPointExtension>
      <gpxtpx:atemp>28</gpxtpx:atemp>
      <gpxtpx:hr>188</gpxtpx:hr>
      <gpxtpx:cad>89</gpxtpx:cad>
     </gpxtpx:TrackPointExtension>
    </extensions>
   </trkpt>
   <trkpt lat="46.7963680" lon="130.3509490">
    <ele>77.6</ele>
    <time>2025-09-07T00:26:47Z</time>
    <extensions>
     <power>501</power>
     <gpxtpx:TrackPointExtension>
      <gpxtpx:atemp>27</gpxtpx:atemp>
      <gpxtpx:hr>188</gpxtpx:hr>
      <gpxtpx:cad>89</gpxtpx:cad>
     </gpxtpx:TrackPointExtension>
    </extensions>
   </trkpt>
   <trkpt lat="46.7964020" lon="130.3509280">
    <ele>77.6</ele>
    <time>2025-09-07T00:26:48Z</time>
    <extensions>
     <power>502</power>
     <gpxtpx:TrackPointExtension>
      <gpxtpx:atemp>27</gpxtpx:atemp>
      <gpxtpx:hr>188</gpxtpx:hr>
      <gpxtpx:cad>89</gpxtpx:cad>
     </gpxtpx:TrackPointExtension>
    </extensions>
   </trkpt>
   <trkpt lat="46.7964290" lon="130.3509130">
    <ele>77.6</ele>
    <time>2025-09-07T00:26:49Z</time>
    <extensions>
     <power>499</power>
     <gpxtpx:TrackPointExtension>
      <gpxtpx:atemp>27</gpxtpx:atemp>
      <gpxtpx:hr>188</gpxtpx:hr>
      <gpxtpx:cad>89</gpxtpx:cad>
     </gpxtpx:TrackPointExtension>
    </extensions>
   </trkpt>
   <trkpt lat="46.7964550" lon="130.3508840">
    <ele>77.8</ele>
    <time>2025-09-07T00:26:50Z</time>
    <extensions>
     <power>494</power>
     <gpxtpx:TrackPointExtension>
      <gpxtpx:atemp>28</gpxtpx:atemp>
      <gpxtpx:hr>189</gpxtpx:hr>
      <gpxtpx:cad>89</gpxtpx:cad>
     </gpxtpx:TrackPointExtension>
    </extensions>
   </trkpt>
   <trkpt lat="46.7964750" lon="130.3508610">
    <ele>78.0</ele>
    <time>2025-09-07T00:26:51Z</time>
    <extensions>
     <power>492</power>
     <gpxtpx:TrackPointExtension>
      <gpxtpx:atemp>27</gpxtpx:atemp>
      <gpxtpx:hr>188</gpxtpx:hr>
      <gpxtpx:cad>89</gpxtpx:cad>
     </gpxtpx:TrackPointExtension>
    </extensions>
   </trkpt>
   <trkpt lat="46.7965060" lon="130.3508350">
    <ele>78.2</ele>
    <time>2025-09-07T00:26:52Z</time>
    <extensions>
     <power>487</power>
     <gpxtpx:TrackPointExtension>
      <gpxtpx:atemp>27</gpxtpx:atemp>
      <gpxtpx:hr>188</gpxtpx:hr>
      <gpxtpx:cad>90</gpxtpx:cad>
     </gpxtpx:TrackPointExtension>
    </extensions>
   </trkpt>
   <trkpt lat="46.7965300" lon="130.3508170">
    <ele>78.2</ele>
    <time>2025-09-07T00:26:53Z</time>
    <extensions>
     <power>478</power>
     <gpxtpx:TrackPointExtension>
      <gpxtpx:atemp>28</gpxtpx:atemp>
      <gpxtpx:hr>188</gpxtpx:hr>
      <gpxtpx:cad>90</gpxtpx:cad>
     </gpxtpx:TrackPointExtension>
    </extensions>
   </trkpt>
   <trkpt lat="46.7965600" lon="130.3507940">
    <ele>78.4</ele>
    <time>2025-09-07T00:26:54Z</time>
    <extensions>
     <power>472</power>
     <gpxtpx:TrackPointExtension>
      <gpxtpx:atemp>27</gpxtpx:atemp>
      <gpxtpx:hr>188</gpxtpx:hr>
      <gpxtpx:cad>90</gpxtpx:cad>
     </gpxtpx:TrackPointExtension>
    </extensions>
   </trkpt>
   <trkpt lat="46.7965850" lon="130.3507690">
    <ele>78.4</ele>
    <time>2025-09-07T00:26:55Z</time>
    <extensions>
     <power>467</power>
     <gpxtpx:TrackPointExtension>
      <gpxtpx:atemp>28</gpxtpx:atemp>
      <gpxtpx:hr>188</gpxtpx:hr>
      <gpxtpx:cad>90</gpxtpx:cad>
     </gpxtpx:TrackPointExtension>
    </extensions>
   </trkpt>
   <trkpt lat="46.7966180" lon="130.3507400">
    <ele>78.4</ele>
    <time>2025-09-07T00:26:56Z</time>
    <extensions>
     <power>460</power>
     <gpxtpx:TrackPointExtension>
      <gpxtpx:atemp>28</gpxtpx:atemp>
      <gpxtpx:hr>189</gpxtpx:hr>
      <gpxtpx:cad>90</gpxtpx:cad>
     </gpxtpx:TrackPointExtension>
    </extensions>
   </trkpt>
   <trkpt lat="46.7966480" lon="130.3507220">
    <ele>78.4</ele>
    <time>2025-09-07T00:26:57Z</time>
    <extensions>
     <power>455</power>
     <gpxtpx:TrackPointExtension>
      <gpxtpx:atemp>28</gpxtpx:atemp>
      <gpxtpx:hr>188</gpxtpx:hr>
      <gpxtpx:cad>90</gpxtpx:cad>
     </gpxtpx:TrackPointExtension>
    </extensions>
   </trkpt>
   <trkpt lat="46.7966830" lon="130.3507000">
    <ele>78.4</ele>
    <time>2025-09-07T00:26:58Z</time>
    <extensions>
     <power>451</power>
     <gpxtpx:TrackPointExtension>
      <gpxtpx:atemp>28</gpxtpx:atemp>
      <gpxtpx:hr>188</gpxtpx:hr>
      <gpxtpx:cad>90</gpxtpx:cad>
     </gpxtpx:TrackPointExtension>
    </extensions>
   </trkpt>
   <trkpt lat="46.7967090" lon="130.3506820">
    <ele>78.6</ele>
    <time>2025-09-07T00:26:59Z</time>
    <extensions>
     <power>449</power>
     <gpxtpx:TrackPointExtension>
      <gpxtpx:atemp>28</gpxtpx:atemp>
      <gpxtpx:hr>188</gpxtpx:hr>
      <gpxtpx:cad>90</gpxtpx:cad>
     </gpxtpx:TrackPointExtension>
    </extensions>
   </trkpt>
   <trkpt lat="46.7967430" lon="130.3506580">
    <ele>78.8</ele>
    <time>2025-09-07T00:27:00Z</time>
    <extensions>
     <power>446</power>
     <gpxtpx:TrackPointExtension>
      <gpxtpx:atemp>28</gpxtpx:atemp>
      <gpxtpx:hr>188</gpxtpx:hr>
      <gpxtpx:cad>90</gpxtpx:cad>
     </gpxtpx:TrackPointExtension>
    </extensions>
   </trkpt>
   <trkpt lat="46.7967710" lon="130.3506410">
    <ele>78.8</ele>
    <time>2025-09-07T00:27:01Z</time>
    <extensions>
     <power>443</power>
     <gpxtpx:TrackPointExtension>
      <gpxtpx:atemp>28</gpxtpx:atemp>
      <gpxtpx:hr>189</gpxtpx:hr>
      <gpxtpx:cad>90</gpxtpx:cad>
     </gpxtpx:TrackPointExtension>
    </extensions>
   </trkpt>
   <trkpt lat="46.7968050" lon="130.3506110">
    <ele>79.0</ele>
    <time>2025-09-07T00:27:02Z</time>
    <extensions>
     <power>442</power>
     <gpxtpx:TrackPointExtension>
      <gpxtpx:atemp>28</gpxtpx:atemp>
      <gpxtpx:hr>188</gpxtpx:hr>
      <gpxtpx:cad>91</gpxtpx:cad>
     </gpxtpx:TrackPointExtension>
    </extensions>
   </trkpt>
   <trkpt lat="46.7968300" lon="130.3505980">
    <ele>79.2</ele>
    <time>2025-09-07T00:27:03Z</time>
    <extensions>
     <power>440</power>
     <gpxtpx:TrackPointExtension>
      <gpxtpx:atemp>28</gpxtpx:atemp>
      <gpxtpx:hr>188</gpxtpx:hr>
      <gpxtpx:cad>91</gpxtpx:cad>
     </gpxtpx:TrackPointExtension>
    </extensions>
   </trkpt>
   <trkpt lat="46.7968640" lon="130.3505710">
    <ele>79.6</ele>
    <time>2025-09-07T00:27:04Z</time>
    <extensions>
     <power>444</power>
     <gpxtpx:TrackPointExtension>
      <gpxtpx:atemp>28</gpxtpx:atemp>
      <gpxtpx:hr>188</gpxtpx:hr>
      <gpxtpx:cad>90</gpxtpx:cad>
     </gpxtpx:TrackPointExtension>
    </extensions>
   </trkpt>
   <trkpt lat="46.7968910" lon="130.3505570">
    <ele>79.8</ele>
    <time>2025-09-07T00:27:05Z</time>
    <extensions>
     <power>449</power>
     <gpxtpx:TrackPointExtension>
      <gpxtpx:atemp>28</gpxtpx:atemp>
      <gpxtpx:hr>188</gpxtpx:hr>
      <gpxtpx:cad>90</gpxtpx:cad>
     </gpxtpx:TrackPointExtension>
    </extensions>
   </trkpt>
   <trkpt lat="46.7969250" lon="130.3505320">
    <ele>80.0</ele>
    <time>2025-09-07T00:27:06Z</time>
    <extensions>
     <power>451</power>
     <gpxtpx:TrackPointExtension>
      <gpxtpx:atemp>28</gpxtpx:atemp>
      <gpxtpx:hr>189</gpxtpx:hr>
      <gpxtpx:cad>90</gpxtpx:cad>
     </gpxtpx:TrackPointExtension>
    </extensions>
   </trkpt>
   <trkpt lat="46.7969550" lon="130.3505120">
    <ele>80.2</ele>
    <time>2025-09-07T00:27:07Z</time>
    <extensions>
     <power>450</power>
     <gpxtpx:TrackPointExtension>
      <gpxtpx:atemp>28</gpxtpx:atemp>
      <gpxtpx:hr>188</gpxtpx:hr>
      <gpxtpx:cad>90</gpxtpx:cad>
     </gpxtpx:TrackPointExtension>
    </extensions>
   </trkpt>
   <trkpt lat="46.7969870" lon="130.3504880">
    <ele>80.2</ele>
    <time>2025-09-07T00:27:08Z</time>
    <extensions>
     <power>447</power>
     <gpxtpx:TrackPointExtension>
      <gpxtpx:atemp>28</gpxtpx:atemp>
      <gpxtpx:hr>188</gpxtpx:hr>
      <gpxtpx:cad>89</gpxtpx:cad>
     </gpxtpx:TrackPointExtension>
    </extensions>
   </trkpt>
   <trkpt lat="46.7970160" lon="130.3504570">
    <ele>80.2</ele>
    <time>2025-09-07T00:27:09Z</time>
    <extensions>
     <power>449</power>
     <gpxtpx:TrackPointExtension>
      <gpxtpx:atemp>28</gpxtpx:atemp>
      <gpxtpx:hr>188</gpxtpx:hr>
      <gpxtpx:cad>89</gpxtpx:cad>
     </gpxtpx:TrackPointExtension>
    </extensions>
   </trkpt>
   <trkpt lat="46.7970470" lon="130.3504220">
    <ele>80.4</ele>
    <time>2025-09-07T00:27:10Z</time>
    <extensions>
     <power>450</power>
     <gpxtpx:TrackPointExtension>
      <gpxtpx:atemp>28</gpxtpx:atemp>
      <gpxtpx:hr>188</gpxtpx:hr>
      <gpxtpx:cad>89</gpxtpx:cad>
     </gpxtpx:TrackPointExtension>
    </extensions>
   </trkpt>
   <trkpt lat="46.7970730" lon="130.3503930">
    <ele>80.2</ele>
    <time>2025-09-07T00:27:11Z</time>
    <extensions>
     <power>447</power>
     <gpxtpx:TrackPointExtension>
      <gpxtpx:atemp>28</gpxtpx:atemp>
      <gpxtpx:hr>188</gpxtpx:hr>
      <gpxtpx:cad>89</gpxtpx:cad>
     </gpxtpx:TrackPointExtension>
    </extensions>
   </trkpt>
   <trkpt lat="46.7971030" lon="130.3503590">
    <ele>80.4</ele>
    <time>2025-09-07T00:27:12Z</time>
    <extensions>
     <power>444</power>
     <gpxtpx:TrackPointExtension>
      <gpxtpx:atemp>28</gpxtpx:atemp>
      <gpxtpx:hr>188</gpxtpx:hr>
      <gpxtpx:cad>89</gpxtpx:cad>
     </gpxtpx:TrackPointExtension>
    </extensions>
   </trkpt>
   <trkpt lat="46.7971240" lon="130.3503280">
    <ele>80.4</ele>
    <time>2025-09-07T00:27:13Z</time>
    <extensions>
     <power>439</power>
     <gpxtpx:TrackPointExtension>
      <gpxtpx:atemp>27</gpxtpx:atemp>
      <gpxtpx:hr>188</gpxtpx:hr>
      <gpxtpx:cad>89</gpxtpx:cad>
     </gpxtpx:TrackPointExtension>
    </extensions>
   </trkpt>
   <trkpt lat="46.7971520" lon="130.3502880">
    <ele>80.4</ele>
    <time>2025-09-07T00:27:14Z</time>
    <extensions>
     <power>434</power>
     <gpxtpx:TrackPointExtension>
      <gpxtpx:atemp>28</gpxtpx:atemp>
      <gpxtpx:hr>188</gpxtpx:hr>
      <gpxtpx:cad>89</gpxtpx:cad>
     </gpxtpx:TrackPointExtension>
    </extensions>
   </trkpt>
   <trkpt lat="46.7971680" lon="130.3502580">
    <ele>80.4</ele>
    <time>2025-09-07T00:27:15Z</time>
    <extensions>
     <power>429</power>
     <gpxtpx:TrackPointExtension>
      <gpxtpx:atemp>28</gpxtpx:atemp>
      <gpxtpx:hr>188</gpxtpx:hr>
      <gpxtpx:cad>90</gpxtpx:cad>
     </gpxtpx:TrackPointExtension>
    </extensions>
   </trkpt>
   <trkpt lat="46.7971930" lon="130.3502130">
    <ele>80.4</ele>
    <time>2025-09-07T00:27:16Z</time>
    <extensions>
     <power>419</power>
     <gpxtpx:TrackPointExtension>
      <gpxtpx:atemp>28</gpxtpx:atemp>
      <gpxtpx:hr>188</gpxtpx:hr>
      <gpxtpx:cad>90</gpxtpx:cad>
     </gpxtpx:TrackPointExtension>
    </extensions>
   </trkpt>
   <trkpt lat="46.7972120" lon="130.3501770">
    <ele>80.4</ele>
    <time>2025-09-07T00:27:17Z</time>
    <extensions>
     <power>415</power>
     <gpxtpx:TrackPointExtension>
      <gpxtpx:atemp>28</gpxtpx:atemp>
      <gpxtpx:hr>188</gpxtpx:hr>
      <gpxtpx:cad>90</gpxtpx:cad>
     </gpxtpx:TrackPointExtension>
    </extensions>
   </trkpt>
   <trkpt lat="46.7972330" lon="130.3501240">
    <ele>80.4</ele>
    <time>2025-09-07T00:27:18Z</time>
    <extensions>
     <power>409</power>
     <gpxtpx:TrackPointExtension>
      <gpxtpx:atemp>28</gpxtpx:atemp>
      <gpxtpx:hr>188</gpxtpx:hr>
      <gpxtpx:cad>90</gpxtpx:cad>
     </gpxtpx:TrackPointExtension>
    </extensions>
   </trkpt>
   <trkpt lat="46.7972490" lon="130.3500850">
    <ele>80.2</ele>
    <time>2025-09-07T00:27:19Z</time>
    <extensions>
     <power>406</power>
     <gpxtpx:TrackPointExtension>
      <gpxtpx:atemp>28</gpxtpx:atemp>
      <gpxtpx:hr>188</gpxtpx:hr>
      <gpxtpx:cad>90</gpxtpx:cad>
     </gpxtpx:TrackPointExtension>
    </extensions>
   </trkpt>
   <trkpt lat="46.7972630" lon="130.3500320">
    <ele>80.2</ele>
    <time>2025-09-07T00:27:20Z</time>
    <extensions>
     <power>407</power>
     <gpxtpx:TrackPointExtension>
      <gpxtpx:atemp>28</gpxtpx:atemp>
      <gpxtpx:hr>188</gpxtpx:hr>
      <gpxtpx:cad>89</gpxtpx:cad>
     </gpxtpx:TrackPointExtension>
    </extensions>
   </trkpt>
   <trkpt lat="46.7972680" lon="130.3499870">
    <ele>80.0</ele>
    <time>2025-09-07T00:27:21Z</time>
    <extensions>
     <power>407</power>
     <gpxtpx:TrackPointExtension>
      <gpxtpx:atemp>28</gpxtpx:atemp>
      <gpxtpx:hr>188</gpxtpx:hr>
      <gpxtpx:cad>89</gpxtpx:cad>
     </gpxtpx:TrackPointExtension>
    </extensions>
   </trkpt>
   <trkpt lat="46.7972620" lon="130.3499320">
    <ele>80.0</ele>
    <time>2025-09-07T00:27:22Z</time>
    <extensions>
     <power>405</power>
     <gpxtpx:TrackPointExtension>
      <gpxtpx:atemp>27</gpxtpx:atemp>
      <gpxtpx:hr>188</gpxtpx:hr>
      <gpxtpx:cad>89</gpxtpx:cad>
     </gpxtpx:TrackPointExtension>
    </extensions>
   </trkpt>
   <trkpt lat="46.7972600" lon="130.3498810">
    <ele>80.0</ele>
    <time>2025-09-07T00:27:23Z</time>
    <extensions>
     <power>401</power>
     <gpxtpx:TrackPointExtension>
      <gpxtpx:atemp>28</gpxtpx:atemp>
      <gpxtpx:hr>187</gpxtpx:hr>
      <gpxtpx:cad>89</gpxtpx:cad>
     </gpxtpx:TrackPointExtension>
    </extensions>
   </trkpt>
   <trkpt lat="46.7972540" lon="130.3498300">
    <ele>80.2</ele>
    <time>2025-09-07T00:27:24Z</time>
    <extensions>
     <power>397</power>
     <gpxtpx:TrackPointExtension>
      <gpxtpx:atemp>28</gpxtpx:atemp>
      <gpxtpx:hr>187</gpxtpx:hr>
      <gpxtpx:cad>89</gpxtpx:cad>
     </gpxtpx:TrackPointExtension>
    </extensions>
   </trkpt>
   <trkpt lat="46.7972490" lon="130.3497850">
    <ele>80.4</ele>
    <time>2025-09-07T00:27:25Z</time>
    <extensions>
     <power>395</power>
     <gpxtpx:TrackPointExtension>
      <gpxtpx:atemp>28</gpxtpx:atemp>
      <gpxtpx:hr>187</gpxtpx:hr>
      <gpxtpx:cad>89</gpxtpx:cad>
     </gpxtpx:TrackPointExtension>
    </extensions>
   </trkpt>
   <trkpt lat="46.7972420" lon="130.3497280">
    <ele>80.6</ele>
    <time>2025-09-07T00:27:26Z</time>
    <extensions>
     <power>392</power>
     <gpxtpx:TrackPointExtension>
      <gpxtpx:atemp>27</gpxtpx:atemp>
      <gpxtpx:hr>187</gpxtpx:hr>
      <gpxtpx:cad>89</gpxtpx:cad>
     </gpxtpx:TrackPointExtension>
    </extensions>
   </trkpt>
   <trkpt lat="46.7972390" lon="130.3496730">
    <ele>80.6</ele>
    <time>2025-09-07T00:27:27Z</time>
    <extensions>
     <power>389</power>
     <gpxtpx:TrackPointExtension>
      <gpxtpx:atemp>27</gpxtpx:atemp>
      <gpxtpx:hr>188</gpxtpx:hr>
      <gpxtpx:cad>89</gpxtpx:cad>
     </gpxtpx:TrackPointExtension>
    </extensions>
   </trkpt>
   <trkpt lat="46.7972350" lon="130.3496230">
    <ele>80.6</ele>
    <time>2025-09-07T00:27:28Z</time>
    <extensions>
     <power>392</power>
     <gpxtpx:TrackPointExtension>
      <gpxtpx:atemp>28</gpxtpx:atemp>
      <gpxtpx:hr>187</gpxtpx:hr>
      <gpxtpx:cad>89</gpxtpx:cad>
     </gpxtpx:TrackPointExtension>
    </extensions>
   </trkpt>
   <trkpt lat="46.7972360" lon="130.3495730">
    <ele>80.8</ele>
    <time>2025-09-07T00:27:29Z</time>
    <extensions>
     <power>396</power>
     <gpxtpx:TrackPointExtension>
      <gpxtpx:atemp>27</gpxtpx:atemp>
      <gpxtpx:hr>187</gpxtpx:hr>
      <gpxtpx:cad>89</gpxtpx:cad>
     </gpxtpx:TrackPointExtension>
    </extensions>
   </trkpt>
   <trkpt lat="46.7972400" lon="130.3495180">
    <ele>80.8</ele>
    <time>2025-09-07T00:27:30Z</time>
    <extensions>
     <power>395</power>
     <gpxtpx:TrackPointExtension>
      <gpxtpx:atemp>28</gpxtpx:atemp>
      <gpxtpx:hr>187</gpxtpx:hr>
      <gpxtpx:cad>89</gpxtpx:cad>
     </gpxtpx:TrackPointExtension>
    </extensions>
   </trkpt>
   <trkpt lat="46.7972380" lon="130.3494590">
    <ele>80.6</ele>
    <time>2025-09-07T00:27:31Z</time>
    <extensions>
     <power>390</power>
     <gpxtpx:TrackPointExtension>
      <gpxtpx:atemp>27</gpxtpx:atemp>
      <gpxtpx:hr>187</gpxtpx:hr>
      <gpxtpx:cad>89</gpxtpx:cad>
     </gpxtpx:TrackPointExtension>
    </extensions>
   </trkpt>
   <trkpt lat="46.7972390" lon="130.3494050">
    <ele>80.8</ele>
    <time>2025-09-07T00:27:32Z</time>
    <extensions>
     <power>386</power>
     <gpxtpx:TrackPointExtension>
      <gpxtpx:atemp>27</gpxtpx:atemp>
      <gpxtpx:hr>188</gpxtpx:hr>
      <gpxtpx:cad>90</gpxtpx:cad>
     </gpxtpx:TrackPointExtension>
    </extensions>
   </trkpt>
   <trkpt lat="46.7972490" lon="130.3493500">
    <ele>80.8</ele>
    <time>2025-09-07T00:27:33Z</time>
    <extensions>
     <power>387</power>
     <gpxtpx:TrackPointExtension>
      <gpxtpx:atemp>27</gpxtpx:atemp>
      <gpxtpx:hr>187</gpxtpx:hr>
      <gpxtpx:cad>90</gpxtpx:cad>
     </gpxtpx:TrackPointExtension>
    </extensions>
   </trkpt>
   <trkpt lat="46.7972530" lon="130.3492960">
    <ele>80.6</ele>
    <time>2025-09-07T00:27:34Z</time>
    <extensions>
     <power>386</power>
     <gpxtpx:TrackPointExtension>
      <gpxtpx:atemp>27</gpxtpx:atemp>
      <gpxtpx:hr>187</gpxtpx:hr>
      <gpxtpx:cad>90</gpxtpx:cad>
     </gpxtpx:TrackPointExtension>
    </extensions>
   </trkpt>
   <trkpt lat="46.7972610" lon="130.3492380">
    <ele>80.6</ele>
    <time>2025-09-07T00:27:35Z</time>
    <extensions>
     <power>386</power>
     <gpxtpx:TrackPointExtension>
      <gpxtpx:atemp>27</gpxtpx:atemp>
      <gpxtpx:hr>187</gpxtpx:hr>
      <gpxtpx:cad>90</gpxtpx:cad>
     </gpxtpx:TrackPointExtension>
    </extensions>
   </trkpt>
   <trkpt lat="46.7972630" lon="130.3491830">
    <ele>80.4</ele>
    <time>2025-09-07T00:27:36Z</time>
    <extensions>
     <power>385</power>
     <gpxtpx:TrackPointExtension>
      <gpxtpx:atemp>27</gpxtpx:atemp>
      <gpxtpx:hr>187</gpxtpx:hr>
      <gpxtpx:cad>90</gpxtpx:cad>
     </gpxtpx:TrackPointExtension>
    </extensions>
   </trkpt>
   <trkpt lat="46.7972670" lon="130.3491360">
    <ele>80.4</ele>
    <time>2025-09-07T00:27:37Z</time>
    <extensions>
     <power>383</power>
     <gpxtpx:TrackPointExtension>
      <gpxtpx:atemp>27</gpxtpx:atemp>
      <gpxtpx:hr>187</gpxtpx:hr>
      <gpxtpx:cad>89</gpxtpx:cad>
     </gpxtpx:TrackPointExtension>
    </extensions>
   </trkpt>
   <trkpt lat="46.7972700" lon="130.3490860">
    <ele>80.4</ele>
    <time>2025-09-07T00:27:38Z</time>
    <extensions>
     <power>381</power>
     <gpxtpx:TrackPointExtension>
      <gpxtpx:atemp>27</gpxtpx:atemp>
      <gpxtpx:hr>188</gpxtpx:hr>
      <gpxtpx:cad>89</gpxtpx:cad>
     </gpxtpx:TrackPointExtension>
    </extensions>
   </trkpt>
   <trkpt lat="46.7972780" lon="130.3490320">
    <ele>80.4</ele>
    <time>2025-09-07T00:27:39Z</time>
    <extensions>
     <power>379</power>
     <gpxtpx:TrackPointExtension>
      <gpxtpx:atemp>27</gpxtpx:atemp>
      <gpxtpx:hr>187</gpxtpx:hr>
      <gpxtpx:cad>89</gpxtpx:cad>
     </gpxtpx:TrackPointExtension>
    </extensions>
   </trkpt>
   <trkpt lat="46.7972800" lon="130.3489780">
    <ele>80.4</ele>
    <time>2025-09-07T00:27:40Z</time>
    <extensions>
     <power>378</power>
     <gpxtpx:TrackPointExtension>
      <gpxtpx:atemp>27</gpxtpx:atemp>
      <gpxtpx:hr>187</gpxtpx:hr>
      <gpxtpx:cad>90</gpxtpx:cad>
     </gpxtpx:TrackPointExtension>
    </extensions>
   </trkpt>
   <trkpt lat="46.7972820" lon="130.3489210">
    <ele>80.2</ele>
    <time>2025-09-07T00:27:41Z</time>
    <extensions>
     <power>377</power>
     <gpxtpx:TrackPointExtension>
      <gpxtpx:atemp>27</gpxtpx:atemp>
      <gpxtpx:hr>187</gpxtpx:hr>
      <gpxtpx:cad>90</gpxtpx:cad>
     </gpxtpx:TrackPointExtension>
    </extensions>
   </trkpt>
   <trkpt lat="46.7972800" lon="130.3488620">
    <ele>80.2</ele>
    <time>2025-09-07T00:27:42Z</time>
    <extensions>
     <power>378</power>
     <gpxtpx:TrackPointExtension>
      <gpxtpx:atemp>27</gpxtpx:atemp>
      <gpxtpx:hr>187</gpxtpx:hr>
      <gpxtpx:cad>90</gpxtpx:cad>
     </gpxtpx:TrackPointExtension>
    </extensions>
   </trkpt>
   <trkpt lat="46.7972730" lon="130.3488080">
    <ele>80.2</ele>
    <time>2025-09-07T00:27:43Z</time>
    <extensions>
     <power>378</power>
     <gpxtpx:TrackPointExtension>
      <gpxtpx:atemp>27</gpxtpx:atemp>
      <gpxtpx:hr>188</gpxtpx:hr>
      <gpxtpx:cad>90</gpxtpx:cad>
     </gpxtpx:TrackPointExtension>
    </extensions>
   </trkpt>
   <trkpt lat="46.7972740" lon="130.3487490">
    <ele>80.2</ele>
    <time>2025-09-07T00:27:44Z</time>
    <extensions>
     <power>378</power>
     <gpxtpx:TrackPointExtension>
      <gpxtpx:atemp>27</gpxtpx:atemp>
      <gpxtpx:hr>187</gpxtpx:hr>
      <gpxtpx:cad>90</gpxtpx:cad>
     </gpxtpx:TrackPointExtension>
    </extensions>
   </trkpt>
   <trkpt lat="46.7972780" lon="130.3486960">
    <ele>80.2</ele>
    <time>2025-09-07T00:27:45Z</time>
    <extensions>
     <power>379</power>
     <gpxtpx:TrackPointExtension>
      <gpxtpx:atemp>27</gpxtpx:atemp>
      <gpxtpx:hr>187</gpxtpx:hr>
      <gpxtpx:cad>90</gpxtpx:cad>
     </gpxtpx:TrackPointExtension>
    </extensions>
   </trkpt>
   <trkpt lat="46.7972840" lon="130.3486450">
    <ele>80.0</ele>
    <time>2025-09-07T00:27:46Z</time>
    <extensions>
     <power>380</power>
     <gpxtpx:TrackPointExtension>
      <gpxtpx:atemp>27</gpxtpx:atemp>
      <gpxtpx:hr>187</gpxtpx:hr>
      <gpxtpx:cad>90</gpxtpx:cad>
     </gpxtpx:TrackPointExtension>
    </extensions>
   </trkpt>
   <trkpt lat="46.7972850" lon="130.3485970">
    <ele>80.0</ele>
    <time>2025-09-07T00:27:47Z</time>
    <extensions>
     <power>380</power>
     <gpxtpx:TrackPointExtension>
      <gpxtpx:atemp>27</gpxtpx:atemp>
      <gpxtpx:hr>187</gpxtpx:hr>
      <gpxtpx:cad>89</gpxtpx:cad>
     </gpxtpx:TrackPointExtension>
    </extensions>
   </trkpt>
   <trkpt lat="46.7972930" lon="130.3485470">
    <ele>80.0</ele>
    <time>2025-09-07T00:27:48Z</time>
    <extensions>
     <power>382</power>
     <gpxtpx:TrackPointExtension>
      <gpxtpx:atemp>27</gpxtpx:atemp>
      <gpxtpx:hr>187</gpxtpx:hr>
      <gpxtpx:cad>89</gpxtpx:cad>
     </gpxtpx:TrackPointExtension>
    </extensions>
   </trkpt>
   <trkpt lat="46.7973000" lon="130.3484980">
    <ele>80.0</ele>
    <time>2025-09-07T00:27:49Z</time>
    <extensions>
     <power>381</power>
     <gpxtpx:TrackPointExtension>
      <gpxtpx:atemp>27</gpxtpx:atemp>
      <gpxtpx:hr>187</gpxtpx:hr>
      <gpxtpx:cad>89</gpxtpx:cad>
     </gpxtpx:TrackPointExtension>
    </extensions>
   </trkpt>
   <trkpt lat="46.7973060" lon="130.3484540">
    <ele>80.0</ele>
    <time>2025-09-07T00:27:50Z</time>
    <extensions>
     <power>381</power>
     <gpxtpx:TrackPointExtension>
      <gpxtpx:atemp>27</gpxtpx:atemp>
      <gpxtpx:hr>187</gpxtpx:hr>
      <gpxtpx:cad>89</gpxtpx:cad>
     </gpxtpx:TrackPointExtension>
    </extensions>
   </trkpt>
   <trkpt lat="46.7973090" lon="130.3484110">
    <ele>80.0</ele>
    <time>2025-09-07T00:27:51Z</time>
    <extensions>
     <power>381</power>
     <gpxtpx:TrackPointExtension>
      <gpxtpx:atemp>27</gpxtpx:atemp>
      <gpxtpx:hr>187</gpxtpx:hr>
      <gpxtpx:cad>89</gpxtpx:cad>
     </gpxtpx:TrackPointExtension>
    </extensions>
   </trkpt>
   <trkpt lat="46.7973200" lon="130.3483620">
    <ele>80.0</ele>
    <time>2025-09-07T00:27:52Z</time>
    <extensions>
     <power>380</power>
     <gpxtpx:TrackPointExtension>
      <gpxtpx:atemp>27</gpxtpx:atemp>
      <gpxtpx:hr>187</gpxtpx:hr>
      <gpxtpx:cad>89</gpxtpx:cad>
     </gpxtpx:TrackPointExtension>
    </extensions>
   </trkpt>
   <trkpt lat="46.7973280" lon="130.3483160">
    <ele>79.8</ele>
    <time>2025-09-07T00:27:53Z</time>
    <extensions>
     <power>378</power>
     <gpxtpx:TrackPointExtension>
      <gpxtpx:atemp>27</gpxtpx:atemp>
      <gpxtpx:hr>187</gpxtpx:hr>
      <gpxtpx:cad>89</gpxtpx:cad>
     </gpxtpx:TrackPointExtension>
    </extensions>
   </trkpt>
   <trkpt lat="46.7973370" lon="130.3482630">
    <ele>79.8</ele>
    <time>2025-09-07T00:27:54Z</time>
    <extensions>
     <power>378</power>
     <gpxtpx:TrackPointExtension>
      <gpxtpx:atemp>27</gpxtpx:atemp>
      <gpxtpx:hr>187</gpxtpx:hr>
      <gpxtpx:cad>89</gpxtpx:cad>
     </gpxtpx:TrackPointExtension>
    </extensions>
   </trkpt>
   <trkpt lat="46.7973480" lon="130.3482130">
    <ele>80.0</ele>
    <time>2025-09-07T00:27:55Z</time>
    <extensions>
     <power>378</power>
     <gpxtpx:TrackPointExtension>
      <gpxtpx:atemp>27</gpxtpx:atemp>
      <gpxtpx:hr>187</gpxtpx:hr>
      <gpxtpx:cad>89</gpxtpx:cad>
     </gpxtpx:TrackPointExtension>
    </extensions>
   </trkpt>
   <trkpt lat="46.7973520" lon="130.3481610">
    <ele>80.0</ele>
    <time>2025-09-07T00:27:56Z</time>
    <extensions>
     <power>378</power>
     <gpxtpx:TrackPointExtension>
      <gpxtpx:atemp>27</gpxtpx:atemp>
      <gpxtpx:hr>187</gpxtpx:hr>
      <gpxtpx:cad>90</gpxtpx:cad>
     </gpxtpx:TrackPointExtension>
    </extensions>
   </trkpt>
   <trkpt lat="46.7973620" lon="130.3481130">
    <ele>80.2</ele>
    <time>2025-09-07T00:27:57Z</time>
    <extensions>
     <power>376</power>
     <gpxtpx:TrackPointExtension>
      <gpxtpx:atemp>27</gpxtpx:atemp>
      <gpxtpx:hr>188</gpxtpx:hr>
      <gpxtpx:cad>90</gpxtpx:cad>
     </gpxtpx:TrackPointExtension>
    </extensions>
   </trkpt>
   <trkpt lat="46.7973760" lon="130.3480610">
    <ele>80.4</ele>
    <time>2025-09-07T00:27:58Z</time>
    <extensions>
     <power>377</power>
     <gpxtpx:TrackPointExtension>
      <gpxtpx:atemp>27</gpxtpx:atemp>
      <gpxtpx:hr>188</gpxtpx:hr>
      <gpxtpx:cad>90</gpxtpx:cad>
     </gpxtpx:TrackPointExtension>
    </extensions>
   </trkpt>
   <trkpt lat="46.7973850" lon="130.3480100">
    <ele>80.6</ele>
    <time>2025-09-07T00:27:59Z</time>
    <extensions>
     <power>378</power>
     <gpxtpx:TrackPointExtension>
      <gpxtpx:atemp>27</gpxtpx:atemp>
      <gpxtpx:hr>188</gpxtpx:hr>
      <gpxtpx:cad>90</gpxtpx:cad>
     </gpxtpx:TrackPointExtension>
    </extensions>
   </trkpt>
   <trkpt lat="46.7973950" lon="130.3479610">
    <ele>80.8</ele>
    <time>2025-09-07T00:28:00Z</time>
    <extensions>
     <power>379</power>
     <gpxtpx:TrackPointExtension>
      <gpxtpx:atemp>27</gpxtpx:atemp>
      <gpxtpx:hr>187</gpxtpx:hr>
      <gpxtpx:cad>90</gpxtpx:cad>
     </gpxtpx:TrackPointExtension>
    </extensions>
   </trkpt>
   <trkpt lat="46.7974020" lon="130.3479120">
    <ele>80.8</ele>
    <time>2025-09-07T00:28:01Z</time>
    <extensions>
     <power>379</power>
     <gpxtpx:TrackPointExtension>
      <gpxtpx:atemp>27</gpxtpx:atemp>
      <gpxtpx:hr>188</gpxtpx:hr>
      <gpxtpx:cad>90</gpxtpx:cad>
     </gpxtpx:TrackPointExtension>
    </extensions>
   </trkpt>
   <trkpt lat="46.7974130" lon="130.3478550">
    <ele>80.6</ele>
    <time>2025-09-07T00:28:02Z</time>
    <extensions>
     <power>382</power>
     <gpxtpx:TrackPointExtension>
      <gpxtpx:atemp>27</gpxtpx:atemp>
      <gpxtpx:hr>188</gpxtpx:hr>
      <gpxtpx:cad>90</gpxtpx:cad>
     </gpxtpx:TrackPointExtension>
    </extensions>
   </trkpt>
   <trkpt lat="46.7974250" lon="130.3478110">
    <ele>80.6</ele>
    <time>2025-09-07T00:28:03Z</time>
    <extensions>
     <power>383</power>
     <gpxtpx:TrackPointExtension>
      <gpxtpx:atemp>27</gpxtpx:atemp>
      <gpxtpx:hr>187</gpxtpx:hr>
      <gpxtpx:cad>90</gpxtpx:cad>
     </gpxtpx:TrackPointExtension>
    </extensions>
   </trkpt>
   <trkpt lat="46.7974350" lon="130.3477610">
    <ele>80.6</ele>
    <time>2025-09-07T00:28:04Z</time>
    <extensions>
     <power>386</power>
     <gpxtpx:TrackPointExtension>
      <gpxtpx:atemp>27</gpxtpx:atemp>
      <gpxtpx:hr>188</gpxtpx:hr>
      <gpxtpx:cad>89</gpxtpx:cad>
     </gpxtpx:TrackPointExtension>
    </extensions>
   </trkpt>
   <trkpt lat="46.7974440" lon="130.3477150">
    <ele>80.6</ele>
    <time>2025-09-07T00:28:05Z</time>
    <extensions>
     <power>388</power>
     <gpxtpx:TrackPointExtension>
      <gpxtpx:atemp>27</gpxtpx:atemp>
      <gpxtpx:hr>188</gpxtpx:hr>
      <gpxtpx:cad>89</gpxtpx:cad>
     </gpxtpx:TrackPointExtension>
    </extensions>
   </trkpt>
   <trkpt lat="46.7974630" lon="130.3476660">
    <ele>80.6</ele>
    <time>2025-09-07T00:28:06Z</time>
    <extensions>
     <power>386</power>
     <gpxtpx:TrackPointExtension>
      <gpxtpx:atemp>27</gpxtpx:atemp>
      <gpxtpx:hr>188</gpxtpx:hr>
      <gpxtpx:cad>89</gpxtpx:cad>
     </gpxtpx:TrackPointExtension>
    </extensions>
   </trkpt>
   <trkpt lat="46.7974750" lon="130.3476200">
    <ele>80.6</ele>
    <time>2025-09-07T00:28:07Z</time>
    <extensions>
     <power>385</power>
     <gpxtpx:TrackPointExtension>
      <gpxtpx:atemp>27</gpxtpx:atemp>
      <gpxtpx:hr>188</gpxtpx:hr>
      <gpxtpx:cad>89</gpxtpx:cad>
     </gpxtpx:TrackPointExtension>
    </extensions>
   </trkpt>
   <trkpt lat="46.7974950" lon="130.3475710">
    <ele>80.6</ele>
    <time>2025-09-07T00:28:08Z</time>
    <extensions>
     <power>386</power>
     <gpxtpx:TrackPointExtension>
      <gpxtpx:atemp>27</gpxtpx:atemp>
      <gpxtpx:hr>188</gpxtpx:hr>
      <gpxtpx:cad>89</gpxtpx:cad>
     </gpxtpx:TrackPointExtension>
    </extensions>
   </trkpt>
   <trkpt lat="46.7975100" lon="130.3475260">
    <ele>80.4</ele>
    <time>2025-09-07T00:28:09Z</time>
    <extensions>
     <power>386</power>
     <gpxtpx:TrackPointExtension>
      <gpxtpx:atemp>27</gpxtpx:atemp>
      <gpxtpx:hr>188</gpxtpx:hr>
      <gpxtpx:cad>89</gpxtpx:cad>
     </gpxtpx:TrackPointExtension>
    </extensions>
   </trkpt>
   <trkpt lat="46.7975230" lon="130.3474740">
    <ele>80.4</ele>
    <time>2025-09-07T00:28:10Z</time>
    <extensions>
     <power>387</power>
     <gpxtpx:TrackPointExtension>
      <gpxtpx:atemp>27</gpxtpx:atemp>
      <gpxtpx:hr>188</gpxtpx:hr>
      <gpxtpx:cad>89</gpxtpx:cad>
     </gpxtpx:TrackPointExtension>
    </extensions>
   </trkpt>
   <trkpt lat="46.7975350" lon="130.3474280">
    <ele>80.2</ele>
    <time>2025-09-07T00:28:11Z</time>
    <extensions>
     <power>387</power>
     <gpxtpx:TrackPointExtension>
      <gpxtpx:atemp>27</gpxtpx:atemp>
      <gpxtpx:hr>188</gpxtpx:hr>
      <gpxtpx:cad>89</gpxtpx:cad>
     </gpxtpx:TrackPointExtension>
    </extensions>
   </trkpt>
   <trkpt lat="46.7975500" lon="130.3473810">
    <ele>80.2</ele>
    <time>2025-09-07T00:28:12Z</time>
    <extensions>
     <power>388</power>
     <gpxtpx:TrackPointExtension>
      <gpxtpx:atemp>27</gpxtpx:atemp>
      <gpxtpx:hr>188</gpxtpx:hr>
      <gpxtpx:cad>89</gpxtpx:cad>
     </gpxtpx:TrackPointExtension>
    </extensions>
   </trkpt>
   <trkpt lat="46.7975660" lon="130.3473390">
    <ele>80.2</ele>
    <time>2025-09-07T00:28:13Z</time>
    <extensions>
     <power>388</power>
     <gpxtpx:TrackPointExtension>
      <gpxtpx:atemp>27</gpxtpx:atemp>
      <gpxtpx:hr>188</gpxtpx:hr>
      <gpxtpx:cad>89</gpxtpx:cad>
     </gpxtpx:TrackPointExtension>
    </extensions>
   </trkpt>
   <trkpt lat="46.7975820" lon="130.3472930">
    <ele>80.2</ele>
    <time>2025-09-07T00:28:14Z</time>
    <extensions>
     <power>387</power>
     <gpxtpx:TrackPointExtension>
      <gpxtpx:atemp>27</gpxtpx:atemp>
      <gpxtpx:hr>189</gpxtpx:hr>
      <gpxtpx:cad>89</gpxtpx:cad>
     </gpxtpx:TrackPointExtension>
    </extensions>
   </trkpt>
   <trkpt lat="46.7976040" lon="130.3472540">
    <ele>80.2</ele>
    <time>2025-09-07T00:28:15Z</time>
    <extensions>
     <power>385</power>
     <gpxtpx:TrackPointExtension>
      <gpxtpx:atemp>27</gpxtpx:atemp>
      <gpxtpx:hr>189</gpxtpx:hr>
      <gpxtpx:cad>89</gpxtpx:cad>
     </gpxtpx:TrackPointExtension>
    </extensions>
   </trkpt>
   <trkpt lat="46.7976240" lon="130.3472130">
    <ele>80.4</ele>
    <time>2025-09-07T00:28:16Z</time>
    <extensions>
     <power>385</power>
     <gpxtpx:TrackPointExtension>
      <gpxtpx:atemp>27</gpxtpx:atemp>
      <gpxtpx:hr>189</gpxtpx:hr>
      <gpxtpx:cad>89</gpxtpx:cad>
     </gpxtpx:TrackPointExtension>
    </extensions>
   </trkpt>
   <trkpt lat="46.7976470" lon="130.3471680">
    <ele>80.4</ele>
    <time>2025-09-07T00:28:17Z</time>
    <extensions>
     <power>385</power>
     <gpxtpx:TrackPointExtension>
      <gpxtpx:atemp>27</gpxtpx:atemp>
      <gpxtpx:hr>189</gpxtpx:hr>
      <gpxtpx:cad>90</gpxtpx:cad>
     </gpxtpx:TrackPointExtension>
    </extensions>
   </trkpt>
   <trkpt lat="46.7976640" lon="130.3471230">
    <ele>80.4</ele>
    <time>2025-09-07T00:28:18Z</time>
    <extensions>
     <power>383</power>
     <gpxtpx:TrackPointExtension>
      <gpxtpx:atemp>27</gpxtpx:atemp>
      <gpxtpx:hr>189</gpxtpx:hr>
      <gpxtpx:cad>90</gpxtpx:cad>
     </gpxtpx:TrackPointExtension>
    </extensions>
   </trkpt>
   <trkpt lat="46.7976840" lon="130.3470710">
    <ele>80.4</ele>
    <time>2025-09-07T00:28:19Z</time>
    <extensions>
     <power>385</power>
     <gpxtpx:TrackPointExtension>
      <gpxtpx:atemp>27</gpxtpx:atemp>
      <gpxtpx:hr>189</gpxtpx:hr>
      <gpxtpx:cad>90</gpxtpx:cad>
     </gpxtpx:TrackPointExtension>
    </extensions>
   </trkpt>
   <trkpt lat="46.7977010" lon="130.3470250">
    <ele>80.4</ele>
    <time>2025-09-07T00:28:20Z</time>
    <extensions>
     <power>385</power>
     <gpxtpx:TrackPointExtension>
      <gpxtpx:atemp>27</gpxtpx:atemp>
      <gpxtpx:hr>190</gpxtpx:hr>
      <gpxtpx:cad>90</gpxtpx:cad>
     </gpxtpx:TrackPointExtension>
    </extensions>
   </trkpt>
   <trkpt lat="46.7977150" lon="130.3469870">
    <ele>80.4</ele>
    <time>2025-09-07T00:28:21Z</time>
    <extensions>
     <power>387</power>
     <gpxtpx:TrackPointExtension>
      <gpxtpx:atemp>27</gpxtpx:atemp>
      <gpxtpx:hr>189</gpxtpx:hr>
      <gpxtpx:cad>90</gpxtpx:cad>
     </gpxtpx:TrackPointExtension>
    </extensions>
   </trkpt>
   <trkpt lat="46.7977310" lon="130.3469400">
    <ele>80.4</ele>
    <time>2025-09-07T00:28:22Z</time>
    <extensions>
     <power>387</power>
     <gpxtpx:TrackPointExtension>
      <gpxtpx:atemp>27</gpxtpx:atemp>
      <gpxtpx:hr>189</gpxtpx:hr>
      <gpxtpx:cad>90</gpxtpx:cad>
     </gpxtpx:TrackPointExtension>
    </extensions>
   </trkpt>
   <trkpt lat="46.7977480" lon="130.3468970">
    <ele>80.4</ele>
    <time>2025-09-07T00:28:23Z</time>
    <extensions>
     <power>387</power>
     <gpxtpx:TrackPointExtension>
      <gpxtpx:atemp>27</gpxtpx:atemp>
      <gpxtpx:hr>189</gpxtpx:hr>
      <gpxtpx:cad>90</gpxtpx:cad>
     </gpxtpx:TrackPointExtension>
    </extensions>
   </trkpt>
   <trkpt lat="46.7977630" lon="130.3468500">
    <ele>80.4</ele>
    <time>2025-09-07T00:28:24Z</time>
    <extensions>
     <power>387</power>
     <gpxtpx:TrackPointExtension>
      <gpxtpx:atemp>27</gpxtpx:atemp>
      <gpxtpx:hr>189</gpxtpx:hr>
      <gpxtpx:cad>89</gpxtpx:cad>
     </gpxtpx:TrackPointExtension>
    </extensions>
   </trkpt>
   <trkpt lat="46.7977780" lon="130.3468080">
    <ele>80.4</ele>
    <time>2025-09-07T00:28:25Z</time>
    <extensions>
     <power>388</power>
     <gpxtpx:TrackPointExtension>
      <gpxtpx:atemp>27</gpxtpx:atemp>
      <gpxtpx:hr>189</gpxtpx:hr>
      <gpxtpx:cad>89</gpxtpx:cad>
     </gpxtpx:TrackPointExtension>
    </extensions>
   </trkpt>
   <trkpt lat="46.7978000" lon="130.3467550">
    <ele>80.4</ele>
    <time>2025-09-07T00:28:26Z</time>
    <extensions>
     <power>389</power>
     <gpxtpx:TrackPointExtension>
      <gpxtpx:atemp>27</gpxtpx:atemp>
      <gpxtpx:hr>189</gpxtpx:hr>
      <gpxtpx:cad>89</gpxtpx:cad>
     </gpxtpx:TrackPointExtension>
    </extensions>
   </trkpt>
   <trkpt lat="46.7978180" lon="130.3467210">
    <ele>80.4</ele>
    <time>2025-09-07T00:28:27Z</time>
    <extensions>
     <power>389</power>
     <gpxtpx:TrackPointExtension>
      <gpxtpx:atemp>27</gpxtpx:atemp>
      <gpxtpx:hr>189</gpxtpx:hr>
      <gpxtpx:cad>89</gpxtpx:cad>
     </gpxtpx:TrackPointExtension>
    </extensions>
   </trkpt>
   <trkpt lat="46.7978430" lon="130.3466740">
    <ele>80.4</ele>
    <time>2025-09-07T00:28:28Z</time>
    <extensions>
     <power>389</power>
     <gpxtpx:TrackPointExtension>
      <gpxtpx:atemp>27</gpxtpx:atemp>
      <gpxtpx:hr>189</gpxtpx:hr>
      <gpxtpx:cad>89</gpxtpx:cad>
     </gpxtpx:TrackPointExtension>
    </extensions>
   </trkpt>
   <trkpt lat="46.7978650" lon="130.3466370">
    <ele>80.4</ele>
    <time>2025-09-07T00:28:29Z</time>
    <extensions>
     <power>389</power>
     <gpxtpx:TrackPointExtension>
      <gpxtpx:atemp>27</gpxtpx:atemp>
      <gpxtpx:hr>189</gpxtpx:hr>
      <gpxtpx:cad>90</gpxtpx:cad>
     </gpxtpx:TrackPointExtension>
    </extensions>
   </trkpt>
   <trkpt lat="46.7978920" lon="130.3465940">
    <ele>80.4</ele>
    <time>2025-09-07T00:28:30Z</time>
    <extensions>
     <power>388</power>
     <gpxtpx:TrackPointExtension>
      <gpxtpx:atemp>27</gpxtpx:atemp>
      <gpxtpx:hr>189</gpxtpx:hr>
      <gpxtpx:cad>90</gpxtpx:cad>
     </gpxtpx:TrackPointExtension>
    </extensions>
   </trkpt>
   <trkpt lat="46.7979160" lon="130.3465520">
    <ele>80.2</ele>
    <time>2025-09-07T00:28:31Z</time>
    <extensions>
     <power>388</power>
     <gpxtpx:TrackPointExtension>
      <gpxtpx:atemp>27</gpxtpx:atemp>
      <gpxtpx:hr>189</gpxtpx:hr>
      <gpxtpx:cad>89</gpxtpx:cad>
     </gpxtpx:TrackPointExtension>
    </extensions>
   </trkpt>
   <trkpt lat="46.7979420" lon="130.3465110">
    <ele>80.2</ele>
    <time>2025-09-07T00:28:32Z</time>
    <extensions>
     <power>391</power>
     <gpxtpx:TrackPointExtension>
      <gpxtpx:atemp>27</gpxtpx:atemp>
      <gpxtpx:hr>189</gpxtpx:hr>
      <gpxtpx:cad>89</gpxtpx:cad>
     </gpxtpx:TrackPointExtension>
    </extensions>
   </trkpt>
   <trkpt lat="46.7979640" lon="130.3464760">
    <ele>80.2</ele>
    <time>2025-09-07T00:28:33Z</time>
    <extensions>
     <power>391</power>
     <gpxtpx:TrackPointExtension>
      <gpxtpx:atemp>27</gpxtpx:atemp>
      <gpxtpx:hr>189</gpxtpx:hr>
      <gpxtpx:cad>89</gpxtpx:cad>
     </gpxtpx:TrackPointExtension>
    </extensions>
   </trkpt>
   <trkpt lat="46.7979910" lon="130.3464310">
    <ele>80.4</ele>
    <time>2025-09-07T00:28:34Z</time>
    <extensions>
     <power>392</power>
     <gpxtpx:TrackPointExtension>
      <gpxtpx:atemp>27</gpxtpx:atemp>
      <gpxtpx:hr>189</gpxtpx:hr>
      <gpxtpx:cad>89</gpxtpx:cad>
     </gpxtpx:TrackPointExtension>
    </extensions>
   </trkpt>
   <trkpt lat="46.7980100" lon="130.3463980">
    <ele>80.2</ele>
    <time>2025-09-07T00:28:35Z</time>
    <extensions>
     <power>391</power>
     <gpxtpx:TrackPointExtension>
      <gpxtpx:atemp>27</gpxtpx:atemp>
      <gpxtpx:hr>189</gpxtpx:hr>
      <gpxtpx:cad>89</gpxtpx:cad>
     </gpxtpx:TrackPointExtension>
    </extensions>
   </trkpt>
   <trkpt lat="46.7980300" lon="130.3463540">
    <ele>80.2</ele>
    <time>2025-09-07T00:28:36Z</time>
    <extensions>
     <power>390</power>
     <gpxtpx:TrackPointExtension>
      <gpxtpx:atemp>27</gpxtpx:atemp>
      <gpxtpx:hr>189</gpxtpx:hr>
      <gpxtpx:cad>89</gpxtpx:cad>
     </gpxtpx:TrackPointExtension>
    </extensions>
   </trkpt>
   <trkpt lat="46.7980450" lon="130.3463230">
    <ele>80.2</ele>
    <time>2025-09-07T00:28:37Z</time>
    <extensions>
     <power>391</power>
     <gpxtpx:TrackPointExtension>
      <gpxtpx:atemp>27</gpxtpx:atemp>
      <gpxtpx:hr>189</gpxtpx:hr>
      <gpxtpx:cad>89</gpxtpx:cad>
     </gpxtpx:TrackPointExtension>
    </extensions>
   </trkpt>
   <trkpt lat="46.7980700" lon="130.3462860">
    <ele>80.2</ele>
    <time>2025-09-07T00:28:38Z</time>
    <extensions>
     <power>392</power>
     <gpxtpx:TrackPointExtension>
      <gpxtpx:atemp>27</gpxtpx:atemp>
      <gpxtpx:hr>189</gpxtpx:hr>
      <gpxtpx:cad>89</gpxtpx:cad>
     </gpxtpx:TrackPointExtension>
    </extensions>
   </trkpt>
   <trkpt lat="46.7981000" lon="130.3462540">
    <ele>80.2</ele>
    <time>2025-09-07T00:28:39Z</time>
    <extensions>
     <power>392</power>
     <gpxtpx:TrackPointExtension>
      <gpxtpx:atemp>27</gpxtpx:atemp>
      <gpxtpx:hr>189</gpxtpx:hr>
      <gpxtpx:cad>89</gpxtpx:cad>
     </gpxtpx:TrackPointExtension>
    </extensions>
   </trkpt>
   <trkpt lat="46.7981220" lon="130.3462120">
    <ele>80.2</ele>
    <time>2025-09-07T00:28:40Z</time>
    <extensions>
     <power>391</power>
     <gpxtpx:TrackPointExtension>
      <gpxtpx:atemp>27</gpxtpx:atemp>
      <gpxtpx:hr>189</gpxtpx:hr>
      <gpxtpx:cad>89</gpxtpx:cad>
     </gpxtpx:TrackPointExtension>
    </extensions>
   </trkpt>
   <trkpt lat="46.7981450" lon="130.3461770">
    <ele>80.2</ele>
    <time>2025-09-07T00:28:41Z</time>
    <extensions>
     <power>391</power>
     <gpxtpx:TrackPointExtension>
      <gpxtpx:atemp>27</gpxtpx:atemp>
      <gpxtpx:hr>189</gpxtpx:hr>
      <gpxtpx:cad>89</gpxtpx:cad>
     </gpxtpx:TrackPointExtension>
    </extensions>
   </trkpt>
   <trkpt lat="46.7981700" lon="130.3461370">
    <ele>80.2</ele>
    <time>2025-09-07T00:28:42Z</time>
    <extensions>
     <power>390</power>
     <gpxtpx:TrackPointExtension>
      <gpxtpx:atemp>27</gpxtpx:atemp>
      <gpxtpx:hr>189</gpxtpx:hr>
      <gpxtpx:cad>89</gpxtpx:cad>
     </gpxtpx:TrackPointExtension>
    </extensions>
   </trkpt>
   <trkpt lat="46.7981970" lon="130.3460950">
    <ele>80.0</ele>
    <time>2025-09-07T00:28:43Z</time>
    <extensions>
     <power>387</power>
     <gpxtpx:TrackPointExtension>
      <gpxtpx:atemp>27</gpxtpx:atemp>
      <gpxtpx:hr>189</gpxtpx:hr>
      <gpxtpx:cad>90</gpxtpx:cad>
     </gpxtpx:TrackPointExtension>
    </extensions>
   </trkpt>
   <trkpt lat="46.7982200" lon="130.3460560">
    <ele>80.0</ele>
    <time>2025-09-07T00:28:44Z</time>
    <extensions>
     <power>385</power>
     <gpxtpx:TrackPointExtension>
      <gpxtpx:atemp>27</gpxtpx:atemp>
      <gpxtpx:hr>189</gpxtpx:hr>
      <gpxtpx:cad>90</gpxtpx:cad>
     </gpxtpx:TrackPointExtension>
    </extensions>
   </trkpt>
   <trkpt lat="46.7982420" lon="130.3460180">
    <ele>79.8</ele>
    <time>2025-09-07T00:28:45Z</time>
    <extensions>
     <power>385</power>
     <gpxtpx:TrackPointExtension>
      <gpxtpx:atemp>27</gpxtpx:atemp>
      <gpxtpx:hr>189</gpxtpx:hr>
      <gpxtpx:cad>89</gpxtpx:cad>
     </gpxtpx:TrackPointExtension>
    </extensions>
   </trkpt>
   <trkpt lat="46.7982680" lon="130.3459860">
    <ele>80.0</ele>
    <time>2025-09-07T00:28:46Z</time>
    <extensions>
     <power>386</power>
     <gpxtpx:TrackPointExtension>
      <gpxtpx:atemp>27</gpxtpx:atemp>
      <gpxtpx:hr>189</gpxtpx:hr>
      <gpxtpx:cad>89</gpxtpx:cad>
     </gpxtpx:TrackPointExtension>
    </extensions>
   </trkpt>
   <trkpt lat="46.7982890" lon="130.3459540">
    <ele>80.0</ele>
    <time>2025-09-07T00:28:47Z</time>
    <extensions>
     <power>387</power>
     <gpxtpx:TrackPointExtension>
      <gpxtpx:atemp>27</gpxtpx:atemp>
      <gpxtpx:hr>189</gpxtpx:hr>
      <gpxtpx:cad>88</gpxtpx:cad>
     </gpxtpx:TrackPointExtension>
    </extensions>
   </trkpt>
   <trkpt lat="46.7983120" lon="130.3459200">
    <ele>80.0</ele>
    <time>2025-09-07T00:28:48Z</time>
    <extensions>
     <power>388</power>
     <gpxtpx:TrackPointExtension>
      <gpxtpx:atemp>27</gpxtpx:atemp>
      <gpxtpx:hr>189</gpxtpx:hr>
      <gpxtpx:cad>88</gpxtpx:cad>
     </gpxtpx:TrackPointExtension>
    </extensions>
   </trkpt>
   <trkpt lat="46.7983250" lon="130.3458860">
    <ele>80.0</ele>
    <time>2025-09-07T00:28:49Z</time>
    <extensions>
     <power>387</power>
     <gpxtpx:TrackPointExtension>
      <gpxtpx:atemp>27</gpxtpx:atemp>
      <gpxtpx:hr>189</gpxtpx:hr>
      <gpxtpx:cad>89</gpxtpx:cad>
     </gpxtpx:TrackPointExtension>
    </extensions>
   </trkpt>
   <trkpt lat="46.7983420" lon="130.3458400">
    <ele>80.2</ele>
    <time>2025-09-07T00:28:50Z</time>
    <extensions>
     <power>385</power>
     <gpxtpx:TrackPointExtension>
      <gpxtpx:atemp>27</gpxtpx:atemp>
      <gpxtpx:hr>188</gpxtpx:hr>
      <gpxtpx:cad>90</gpxtpx:cad>
     </gpxtpx:TrackPointExtension>
    </extensions>
   </trkpt>
   <trkpt lat="46.7983660" lon="130.3457980">
    <ele>80.0</ele>
    <time>2025-09-07T00:28:51Z</time>
    <extensions>
     <power>383</power>
     <gpxtpx:TrackPointExtension>
      <gpxtpx:atemp>27</gpxtpx:atemp>
      <gpxtpx:hr>189</gpxtpx:hr>
      <gpxtpx:cad>90</gpxtpx:cad>
     </gpxtpx:TrackPointExtension>
    </extensions>
   </trkpt>
   <trkpt lat="46.7983910" lon="130.3457620">
    <ele>80.0</ele>
    <time>2025-09-07T00:28:52Z</time>
    <extensions>
     <power>381</power>
     <gpxtpx:TrackPointExtension>
      <gpxtpx:atemp>27</gpxtpx:atemp>
      <gpxtpx:hr>189</gpxtpx:hr>
      <gpxtpx:cad>92</gpxtpx:cad>
     </gpxtpx:TrackPointExtension>
    </extensions>
   </trkpt>
   <trkpt lat="46.7984060" lon="130.3457300">
    <ele>80.0</ele>
    <time>2025-09-07T00:28:53Z</time>
    <extensions>
     <power>380</power>
     <gpxtpx:TrackPointExtension>
      <gpxtpx:atemp>27</gpxtpx:atemp>
      <gpxtpx:hr>189</gpxtpx:hr>
      <gpxtpx:cad>92</gpxtpx:cad>
     </gpxtpx:TrackPointExtension>
    </extensions>
   </trkpt>
   <trkpt lat="46.7984350" lon="130.3456880">
    <ele>80.0</ele>
    <time>2025-09-07T00:28:54Z</time>
    <extensions>
     <power>379</power>
     <gpxtpx:TrackPointExtension>
      <gpxtpx:atemp>27</gpxtpx:atemp>
      <gpxtpx:hr>188</gpxtpx:hr>
      <gpxtpx:cad>92</gpxtpx:cad>
     </gpxtpx:TrackPointExtension>
    </extensions>
   </trkpt>
   <trkpt lat="46.7984510" lon="130.3456560">
    <ele>80.0</ele>
    <time>2025-09-07T00:28:55Z</time>
    <extensions>
     <power>376</power>
     <gpxtpx:TrackPointExtension>
      <gpxtpx:atemp>27</gpxtpx:atemp>
      <gpxtpx:hr>189</gpxtpx:hr>
      <gpxtpx:cad>90</gpxtpx:cad>
     </gpxtpx:TrackPointExtension>
    </extensions>
   </trkpt>
   <trkpt lat="46.7984770" lon="130.3456040">
    <ele>80.0</ele>
    <time>2025-09-07T00:28:56Z</time>
    <extensions>
     <power>376</power>
     <gpxtpx:TrackPointExtension>
      <gpxtpx:atemp>27</gpxtpx:atemp>
      <gpxtpx:hr>189</gpxtpx:hr>
      <gpxtpx:cad>90</gpxtpx:cad>
     </gpxtpx:TrackPointExtension>
    </extensions>
   </trkpt>
   <trkpt lat="46.7985070" lon="130.3455730">
    <ele>80.0</ele>
    <time>2025-09-07T00:28:57Z</time>
    <extensions>
     <power>377</power>
     <gpxtpx:TrackPointExtension>
      <gpxtpx:atemp>27</gpxtpx:atemp>
      <gpxtpx:hr>188</gpxtpx:hr>
      <gpxtpx:cad>90</gpxtpx:cad>
     </gpxtpx:TrackPointExtension>
    </extensions>
   </trkpt>
   <trkpt lat="46.7985360" lon="130.3455310">
    <ele>80.0</ele>
    <time>2025-09-07T00:28:58Z</time>
    <extensions>
     <power>378</power>
     <gpxtpx:TrackPointExtension>
      <gpxtpx:atemp>27</gpxtpx:atemp>
      <gpxtpx:hr>188</gpxtpx:hr>
      <gpxtpx:cad>90</gpxtpx:cad>
     </gpxtpx:TrackPointExtension>
    </extensions>
   </trkpt>
   <trkpt lat="46.7985580" lon="130.3454980">
    <ele>80.0</ele>
    <time>2025-09-07T00:28:59Z</time>
    <extensions>
     <power>380</power>
     <gpxtpx:TrackPointExtension>
      <gpxtpx:atemp>27</gpxtpx:atemp>
      <gpxtpx:hr>188</gpxtpx:hr>
      <gpxtpx:cad>90</gpxtpx:cad>
     </gpxtpx:TrackPointExtension>
    </extensions>
   </trkpt>
   <trkpt lat="46.7985900" lon="130.3454520">
    <ele>80.0</ele>
    <time>2025-09-07T00:29:00Z</time>
    <extensions>
     <power>382</power>
     <gpxtpx:TrackPointExtension>
      <gpxtpx:atemp>27</gpxtpx:atemp>
      <gpxtpx:hr>189</gpxtpx:hr>
      <gpxtpx:cad>91</gpxtpx:cad>
     </gpxtpx:TrackPointExtension>
    </extensions>
   </trkpt>
   <trkpt lat="46.7986140" lon="130.3454170">
    <ele>80.0</ele>
    <time>2025-09-07T00:29:01Z</time>
    <extensions>
     <power>383</power>
     <gpxtpx:TrackPointExtension>
      <gpxtpx:atemp>27</gpxtpx:atemp>
      <gpxtpx:hr>188</gpxtpx:hr>
      <gpxtpx:cad>91</gpxtpx:cad>
     </gpxtpx:TrackPointExtension>
    </extensions>
   </trkpt>
   <trkpt lat="46.7986410" lon="130.3453690">
    <ele>80.0</ele>
    <time>2025-09-07T00:29:02Z</time>
    <extensions>
     <power>385</power>
     <gpxtpx:TrackPointExtension>
      <gpxtpx:atemp>27</gpxtpx:atemp>
      <gpxtpx:hr>188</gpxtpx:hr>
      <gpxtpx:cad>91</gpxtpx:cad>
     </gpxtpx:TrackPointExtension>
    </extensions>
   </trkpt>
   <trkpt lat="46.7986650" lon="130.3453280">
    <ele>79.8</ele>
    <time>2025-09-07T00:29:03Z</time>
    <extensions>
     <power>386</power>
     <gpxtpx:TrackPointExtension>
      <gpxtpx:atemp>27</gpxtpx:atemp>
      <gpxtpx:hr>188</gpxtpx:hr>
      <gpxtpx:cad>91</gpxtpx:cad>
     </gpxtpx:TrackPointExtension>
    </extensions>
   </trkpt>
   <trkpt lat="46.7986940" lon="130.3452830">
    <ele>80.0</ele>
    <time>2025-09-07T00:29:04Z</time>
    <extensions>
     <power>387</power>
     <gpxtpx:TrackPointExtension>
      <gpxtpx:atemp>27</gpxtpx:atemp>
      <gpxtpx:hr>188</gpxtpx:hr>
      <gpxtpx:cad>90</gpxtpx:cad>
     </gpxtpx:TrackPointExtension>
    </extensions>
   </trkpt>
   <trkpt lat="46.7987200" lon="130.3452450">
    <ele>80.0</ele>
    <time>2025-09-07T00:29:05Z</time>
    <extensions>
     <power>390</power>
     <gpxtpx:TrackPointExtension>
      <gpxtpx:atemp>27</gpxtpx:atemp>
      <gpxtpx:hr>188</gpxtpx:hr>
      <gpxtpx:cad>89</gpxtpx:cad>
     </gpxtpx:TrackPointExtension>
    </extensions>
   </trkpt>
   <trkpt lat="46.7987460" lon="130.3452060">
    <ele>80.0</ele>
    <time>2025-09-07T00:29:06Z</time>
    <extensions>
     <power>391</power>
     <gpxtpx:TrackPointExtension>
      <gpxtpx:atemp>27</gpxtpx:atemp>
      <gpxtpx:hr>188</gpxtpx:hr>
      <gpxtpx:cad>89</gpxtpx:cad>
     </gpxtpx:TrackPointExtension>
    </extensions>
   </trkpt>
   <trkpt lat="46.7987710" lon="130.3451730">
    <ele>80.0</ele>
    <time>2025-09-07T00:29:07Z</time>
    <extensions>
     <power>393</power>
     <gpxtpx:TrackPointExtension>
      <gpxtpx:atemp>27</gpxtpx:atemp>
      <gpxtpx:hr>189</gpxtpx:hr>
      <gpxtpx:cad>89</gpxtpx:cad>
     </gpxtpx:TrackPointExtension>
    </extensions>
   </trkpt>
   <trkpt lat="46.7988000" lon="130.3451350">
    <ele>80.2</ele>
    <time>2025-09-07T00:29:08Z</time>
    <extensions>
     <power>393</power>
     <gpxtpx:TrackPointExtension>
      <gpxtpx:atemp>27</gpxtpx:atemp>
      <gpxtpx:hr>188</gpxtpx:hr>
      <gpxtpx:cad>88</gpxtpx:cad>
     </gpxtpx:TrackPointExtension>
    </extensions>
   </trkpt>
   <trkpt lat="46.7988240" lon="130.3451070">
    <ele>80.2</ele>
    <time>2025-09-07T00:29:09Z</time>
    <extensions>
     <power>397</power>
     <gpxtpx:TrackPointExtension>
      <gpxtpx:atemp>27</gpxtpx:atemp>
      <gpxtpx:hr>188</gpxtpx:hr>
      <gpxtpx:cad>88</gpxtpx:cad>
     </gpxtpx:TrackPointExtension>
    </extensions>
   </trkpt>
   <trkpt lat="46.7988520" lon="130.3450660">
    <ele>80.2</ele>
    <time>2025-09-07T00:29:10Z</time>
    <extensions>
     <power>397</power>
     <gpxtpx:TrackPointExtension>
      <gpxtpx:atemp>27</gpxtpx:atemp>
      <gpxtpx:hr>188</gpxtpx:hr>
      <gpxtpx:cad>89</gpxtpx:cad>
     </gpxtpx:TrackPointExtension>
    </extensions>
   </trkpt>
   <trkpt lat="46.7988760" lon="130.3450350">
    <ele>80.2</ele>
    <time>2025-09-07T00:29:11Z</time>
    <extensions>
     <power>395</power>
     <gpxtpx:TrackPointExtension>
      <gpxtpx:atemp>27</gpxtpx:atemp>
      <gpxtpx:hr>188</gpxtpx:hr>
      <gpxtpx:cad>89</gpxtpx:cad>
     </gpxtpx:TrackPointExtension>
    </extensions>
   </trkpt>
   <trkpt lat="46.7989000" lon="130.3449980">
    <ele>80.2</ele>
    <time>2025-09-07T00:29:12Z</time>
    <extensions>
     <power>395</power>
     <gpxtpx:TrackPointExtension>
      <gpxtpx:atemp>27</gpxtpx:atemp>
      <gpxtpx:hr>188</gpxtpx:hr>
      <gpxtpx:cad>89</gpxtpx:cad>
     </gpxtpx:TrackPointExtension>
    </extensions>
   </trkpt>
   <trkpt lat="46.7989230" lon="130.3449600">
    <ele>80.2</ele>
    <time>2025-09-07T00:29:13Z</time>
    <extensions>
     <power>395</power>
     <gpxtpx:TrackPointExtension>
      <gpxtpx:atemp>26</gpxtpx:atemp>
      <gpxtpx:hr>188</gpxtpx:hr>
      <gpxtpx:cad>89</gpxtpx:cad>
     </gpxtpx:TrackPointExtension>
    </extensions>
   </trkpt>
   <trkpt lat="46.7989460" lon="130.3449200">
    <ele>80.2</ele>
    <time>2025-09-07T00:29:14Z</time>
    <extensions>
     <power>396</power>
     <gpxtpx:TrackPointExtension>
      <gpxtpx:atemp>27</gpxtpx:atemp>
      <gpxtpx:hr>188</gpxtpx:hr>
      <gpxtpx:cad>89</gpxtpx:cad>
     </gpxtpx:TrackPointExtension>
    </extensions>
   </trkpt>
   <trkpt lat="46.7989640" lon="130.3448830">
    <ele>80.2</ele>
    <time>2025-09-07T00:29:15Z</time>
    <extensions>
     <power>398</power>
     <gpxtpx:TrackPointExtension>
      <gpxtpx:atemp>27</gpxtpx:atemp>
      <gpxtpx:hr>188</gpxtpx:hr>
      <gpxtpx:cad>89</gpxtpx:cad>
     </gpxtpx:TrackPointExtension>
    </extensions>
   </trkpt>
   <trkpt lat="46.7989890" lon="130.3448360">
    <ele>80.2</ele>
    <time>2025-09-07T00:29:16Z</time>
    <extensions>
     <power>399</power>
     <gpxtpx:TrackPointExtension>
      <gpxtpx:atemp>27</gpxtpx:atemp>
      <gpxtpx:hr>188</gpxtpx:hr>
      <gpxtpx:cad>89</gpxtpx:cad>
     </gpxtpx:TrackPointExtension>
    </extensions>
   </trkpt>
   <trkpt lat="46.7990120" lon="130.3448010">
    <ele>80.2</ele>
    <time>2025-09-07T00:29:17Z</time>
    <extensions>
     <power>397</power>
     <gpxtpx:TrackPointExtension>
      <gpxtpx:atemp>26</gpxtpx:atemp>
      <gpxtpx:hr>188</gpxtpx:hr>
      <gpxtpx:cad>89</gpxtpx:cad>
     </gpxtpx:TrackPointExtension>
    </extensions>
   </trkpt>
   <trkpt lat="46.7990390" lon="130.3447620">
    <ele>80.4</ele>
    <time>2025-09-07T00:29:18Z</time>
    <extensions>
     <power>397</power>
     <gpxtpx:TrackPointExtension>
      <gpxtpx:atemp>26</gpxtpx:atemp>
      <gpxtpx:hr>188</gpxtpx:hr>
      <gpxtpx:cad>89</gpxtpx:cad>
     </gpxtpx:TrackPointExtension>
    </extensions>
   </trkpt>
   <trkpt lat="46.7990650" lon="130.3447170">
    <ele>80.2</ele>
    <time>2025-09-07T00:29:19Z</time>
    <extensions>
     <power>396</power>
     <gpxtpx:TrackPointExtension>
      <gpxtpx:atemp>26</gpxtpx:atemp>
      <gpxtpx:hr>188</gpxtpx:hr>
      <gpxtpx:cad>89</gpxtpx:cad>
     </gpxtpx:TrackPointExtension>
    </extensions>
   </trkpt>
   <trkpt lat="46.7990860" lon="130.3446620">
    <ele>80.2</ele>
    <time>2025-09-07T00:29:20Z</time>
    <extensions>
     <power>397</power>
     <gpxtpx:TrackPointExtension>
      <gpxtpx:atemp>27</gpxtpx:atemp>
      <gpxtpx:hr>187</gpxtpx:hr>
      <gpxtpx:cad>89</gpxtpx:cad>
     </gpxtpx:TrackPointExtension>
    </extensions>
   </trkpt>
   <trkpt lat="46.7991070" lon="130.3446190">
    <ele>80.2</ele>
    <time>2025-09-07T00:29:21Z</time>
    <extensions>
     <power>397</power>
     <gpxtpx:TrackPointExtension>
      <gpxtpx:atemp>27</gpxtpx:atemp>
      <gpxtpx:hr>188</gpxtpx:hr>
      <gpxtpx:cad>89</gpxtpx:cad>
     </gpxtpx:TrackPointExtension>
    </extensions>
   </trkpt>
   <trkpt lat="46.7991320" lon="130.3445710">
    <ele>80.2</ele>
    <time>2025-09-07T00:29:22Z</time>
    <extensions>
     <power>400</power>
     <gpxtpx:TrackPointExtension>
      <gpxtpx:atemp>26</gpxtpx:atemp>
      <gpxtpx:hr>188</gpxtpx:hr>
      <gpxtpx:cad>90</gpxtpx:cad>
     </gpxtpx:TrackPointExtension>
    </extensions>
   </trkpt>
   <trkpt lat="46.7991470" lon="130.3445310">
    <ele>80.2</ele>
    <time>2025-09-07T00:29:23Z</time>
    <extensions>
     <power>400</power>
     <gpxtpx:TrackPointExtension>
      <gpxtpx:atemp>26</gpxtpx:atemp>
      <gpxtpx:hr>188</gpxtpx:hr>
      <gpxtpx:cad>90</gpxtpx:cad>
     </gpxtpx:TrackPointExtension>
    </extensions>
   </trkpt>
   <trkpt lat="46.7991690" lon="130.3444800">
    <ele>80.4</ele>
    <time>2025-09-07T00:29:24Z</time>
    <extensions>
     <power>400</power>
     <gpxtpx:TrackPointExtension>
      <gpxtpx:atemp>26</gpxtpx:atemp>
      <gpxtpx:hr>188</gpxtpx:hr>
      <gpxtpx:cad>90</gpxtpx:cad>
     </gpxtpx:TrackPointExtension>
    </extensions>
   </trkpt>
   <trkpt lat="46.7991900" lon="130.3444480">
    <ele>80.2</ele>
    <time>2025-09-07T00:29:25Z</time>
    <extensions>
     <power>401</power>
     <gpxtpx:TrackPointExtension>
      <gpxtpx:atemp>27</gpxtpx:atemp>
      <gpxtpx:hr>188</gpxtpx:hr>
      <gpxtpx:cad>90</gpxtpx:cad>
     </gpxtpx:TrackPointExtension>
    </extensions>
   </trkpt>
   <trkpt lat="46.7992160" lon="130.3444020">
    <ele>80.2</ele>
    <time>2025-09-07T00:29:26Z</time>
    <extensions>
     <power>400</power>
     <gpxtpx:TrackPointExtension>
      <gpxtpx:atemp>27</gpxtpx:atemp>
      <gpxtpx:hr>187</gpxtpx:hr>
      <gpxtpx:cad>90</gpxtpx:cad>
     </gpxtpx:TrackPointExtension>
    </extensions>
   </trkpt>
   <trkpt lat="46.7992360" lon="130.3443720">
    <ele>80.2</ele>
    <time>2025-09-07T00:29:27Z</time>
    <extensions>
     <power>402</power>
     <gpxtpx:TrackPointExtension>
      <gpxtpx:atemp>27</gpxtpx:atemp>
      <gpxtpx:hr>188</gpxtpx:hr>
      <gpxtpx:cad>90</gpxtpx:cad>
     </gpxtpx:TrackPointExtension>
    </extensions>
   </trkpt>
   <trkpt lat="46.7992600" lon="130.3443230">
    <ele>80.2</ele>
    <time>2025-09-07T00:29:28Z</time>
    <extensions>
     <power>399</power>
     <gpxtpx:TrackPointExtension>
      <gpxtpx:atemp>27</gpxtpx:atemp>
      <gpxtpx:hr>188</gpxtpx:hr>
      <gpxtpx:cad>90</gpxtpx:cad>
     </gpxtpx:TrackPointExtension>
    </extensions>
   </trkpt>
   <trkpt lat="46.7992860" lon="130.3442930">
    <ele>80.2</ele>
    <time>2025-09-07T00:29:29Z</time>
    <extensions>
     <power>400</power>
     <gpxtpx:TrackPointExtension>
      <gpxtpx:atemp>27</gpxtpx:atemp>
      <gpxtpx:hr>187</gpxtpx:hr>
      <gpxtpx:cad>90</gpxtpx:cad>
     </gpxtpx:TrackPointExtension>
    </extensions>
   </trkpt>
   <trkpt lat="46.7993170" lon="130.3442550">
    <ele>80.2</ele>
    <time>2025-09-07T00:29:30Z</time>
    <extensions>
     <power>400</power>
     <gpxtpx:TrackPointExtension>
      <gpxtpx:atemp>27</gpxtpx:atemp>
      <gpxtpx:hr>187</gpxtpx:hr>
      <gpxtpx:cad>90</gpxtpx:cad>
     </gpxtpx:TrackPointExtension>
    </extensions>
   </trkpt>
   <trkpt lat="46.7993440" lon="130.3442230">
    <ele>80.2</ele>
    <time>2025-09-07T00:29:31Z</time>
    <extensions>
     <power>399</power>
     <gpxtpx:TrackPointExtension>
      <gpxtpx:atemp>26</gpxtpx:atemp>
      <gpxtpx:hr>187</gpxtpx:hr>
      <gpxtpx:cad>89</gpxtpx:cad>
     </gpxtpx:TrackPointExtension>
    </extensions>
   </trkpt>
   <trkpt lat="46.7993700" lon="130.3441840">
    <ele>80.2</ele>
    <time>2025-09-07T00:29:32Z</time>
    <extensions>
     <power>401</power>
     <gpxtpx:TrackPointExtension>
      <gpxtpx:atemp>26</gpxtpx:atemp>
      <gpxtpx:hr>187</gpxtpx:hr>
      <gpxtpx:cad>89</gpxtpx:cad>
     </gpxtpx:TrackPointExtension>
    </extensions>
   </trkpt>
   <trkpt lat="46.7993920" lon="130.3441520">
    <ele>80.2</ele>
    <time>2025-09-07T00:29:33Z</time>
    <extensions>
     <power>401</power>
     <gpxtpx:TrackPointExtension>
      <gpxtpx:atemp>26</gpxtpx:atemp>
      <gpxtpx:hr>188</gpxtpx:hr>
      <gpxtpx:cad>89</gpxtpx:cad>
     </gpxtpx:TrackPointExtension>
    </extensions>
   </trkpt>
   <trkpt lat="46.7994180" lon="130.3441160">
    <ele>80.2</ele>
    <time>2025-09-07T00:29:34Z</time>
    <extensions>
     <power>400</power>
     <gpxtpx:TrackPointExtension>
      <gpxtpx:atemp>26</gpxtpx:atemp>
      <gpxtpx:hr>187</gpxtpx:hr>
      <gpxtpx:cad>88</gpxtpx:cad>
     </gpxtpx:TrackPointExtension>
    </extensions>
   </trkpt>
   <trkpt lat="46.7994440" lon="130.3440760">
    <ele>80.2</ele>
    <time>2025-09-07T00:29:35Z</time>
    <extensions>
     <power>402</power>
     <gpxtpx:TrackPointExtension>
      <gpxtpx:atemp>26</gpxtpx:atemp>
      <gpxtpx:hr>187</gpxtpx:hr>
      <gpxtpx:cad>88</gpxtpx:cad>
     </gpxtpx:TrackPointExtension>
    </extensions>
   </trkpt>
   <trkpt lat="46.7994700" lon="130.3440370">
    <ele>80.2</ele>
    <time>2025-09-07T00:29:36Z</time>
    <extensions>
     <power>403</power>
     <gpxtpx:TrackPointExtension>
      <gpxtpx:atemp>26</gpxtpx:atemp>
      <gpxtpx:hr>187</gpxtpx:hr>
      <gpxtpx:cad>88</gpxtpx:cad>
     </gpxtpx:TrackPointExtension>
    </extensions>
   </trkpt>
   <trkpt lat="46.7994960" lon="130.3440020">
    <ele>80.2</ele>
    <time>2025-09-07T00:29:37Z</time>
    <extensions>
     <power>403</power>
     <gpxtpx:TrackPointExtension>
      <gpxtpx:atemp>26</gpxtpx:atemp>
      <gpxtpx:hr>188</gpxtpx:hr>
      <gpxtpx:cad>88</gpxtpx:cad>
     </gpxtpx:TrackPointExtension>
    </extensions>
   </trkpt>
   <trkpt lat="46.7995240" lon="130.3439620">
    <ele>80.2</ele>
    <time>2025-09-07T00:29:38Z</time>
    <extensions>
     <power>402</power>
     <gpxtpx:TrackPointExtension>
      <gpxtpx:atemp>26</gpxtpx:atemp>
      <gpxtpx:hr>187</gpxtpx:hr>
      <gpxtpx:cad>89</gpxtpx:cad>
     </gpxtpx:TrackPointExtension>
    </extensions>
   </trkpt>
   <trkpt lat="46.7995480" lon="130.3439290">
    <ele>80.2</ele>
    <time>2025-09-07T00:29:39Z</time>
    <extensions>
     <power>400</power>
     <gpxtpx:TrackPointExtension>
      <gpxtpx:atemp>26</gpxtpx:atemp>
      <gpxtpx:hr>187</gpxtpx:hr>
      <gpxtpx:cad>89</gpxtpx:cad>
     </gpxtpx:TrackPointExtension>
    </extensions>
   </trkpt>
   <trkpt lat="46.7995840" lon="130.3438940">
    <ele>80.2</ele>
    <time>2025-09-07T00:29:40Z</time>
    <extensions>
     <power>402</power>
     <gpxtpx:TrackPointExtension>
      <gpxtpx:atemp>26</gpxtpx:atemp>
      <gpxtpx:hr>188</gpxtpx:hr>
      <gpxtpx:cad>90</gpxtpx:cad>
     </gpxtpx:TrackPointExtension>
    </extensions>
   </trkpt>
   <trkpt lat="46.7996110" lon="130.3438670">
    <ele>80.2</ele>
    <time>2025-09-07T00:29:41Z</time>
    <extensions>
     <power>401</power>
     <gpxtpx:TrackPointExtension>
      <gpxtpx:atemp>26</gpxtpx:atemp>
      <gpxtpx:hr>187</gpxtpx:hr>
      <gpxtpx:cad>90</gpxtpx:cad>
     </gpxtpx:TrackPointExtension>
    </extensions>
   </trkpt>
   <trkpt lat="46.7996390" lon="130.3438210">
    <ele>80.4</ele>
    <time>2025-09-07T00:29:42Z</time>
    <extensions>
     <power>401</power>
     <gpxtpx:TrackPointExtension>
      <gpxtpx:atemp>26</gpxtpx:atemp>
      <gpxtpx:hr>187</gpxtpx:hr>
      <gpxtpx:cad>90</gpxtpx:cad>
     </gpxtpx:TrackPointExtension>
    </extensions>
   </trkpt>
   <trkpt lat="46.7996600" lon="130.3437860">
    <ele>80.4</ele>
    <time>2025-09-07T00:29:43Z</time>
    <extensions>
     <power>403</power>
     <gpxtpx:TrackPointExtension>
      <gpxtpx:atemp>26</gpxtpx:atemp>
      <gpxtpx:hr>188</gpxtpx:hr>
      <gpxtpx:cad>90</gpxtpx:cad>
     </gpxtpx:TrackPointExtension>
    </extensions>
   </trkpt>
   <trkpt lat="46.7996930" lon="130.3437510">
    <ele>80.4</ele>
    <time>2025-09-07T00:29:44Z</time>
    <extensions>
     <power>405</power>
     <gpxtpx:TrackPointExtension>
      <gpxtpx:atemp>26</gpxtpx:atemp>
      <gpxtpx:hr>187</gpxtpx:hr>
      <gpxtpx:cad>90</gpxtpx:cad>
     </gpxtpx:TrackPointExtension>
    </extensions>
   </trkpt>
   <trkpt lat="46.7997240" lon="130.3437150">
    <ele>80.4</ele>
    <time>2025-09-07T00:29:45Z</time>
    <extensions>
     <power>405</power>
     <gpxtpx:TrackPointExtension>
      <gpxtpx:atemp>26</gpxtpx:atemp>
      <gpxtpx:hr>187</gpxtpx:hr>
      <gpxtpx:cad>89</gpxtpx:cad>
     </gpxtpx:TrackPointExtension>
    </extensions>
   </trkpt>
   <trkpt lat="46.7997510" lon="130.3436710">
    <ele>80.4</ele>
    <time>2025-09-07T00:29:46Z</time>
    <extensions>
     <power>406</power>
     <gpxtpx:TrackPointExtension>
      <gpxtpx:atemp>26</gpxtpx:atemp>
      <gpxtpx:hr>188</gpxtpx:hr>
      <gpxtpx:cad>89</gpxtpx:cad>
     </gpxtpx:TrackPointExtension>
    </extensions>
   </trkpt>
   <trkpt lat="46.7997760" lon="130.3436390">
    <ele>80.2</ele>
    <time>2025-09-07T00:29:47Z</time>
    <extensions>
     <power>407</power>
     <gpxtpx:TrackPointExtension>
      <gpxtpx:atemp>26</gpxtpx:atemp>
      <gpxtpx:hr>187</gpxtpx:hr>
      <gpxtpx:cad>89</gpxtpx:cad>
     </gpxtpx:TrackPointExtension>
    </extensions>
   </trkpt>
   <trkpt lat="46.7997990" lon="130.3435960">
    <ele>80.2</ele>
    <time>2025-09-07T00:29:48Z</time>
    <extensions>
     <power>407</power>
     <gpxtpx:TrackPointExtension>
      <gpxtpx:atemp>26</gpxtpx:atemp>
      <gpxtpx:hr>187</gpxtpx:hr>
      <gpxtpx:cad>89</gpxtpx:cad>
     </gpxtpx:TrackPointExtension>
    </extensions>
   </trkpt>
   <trkpt lat="46.7998150" lon="130.3435620">
    <ele>80.2</ele>
    <time>2025-09-07T00:29:49Z</time>
    <extensions>
     <power>408</power>
     <gpxtpx:TrackPointExtension>
      <gpxtpx:atemp>26</gpxtpx:atemp>
      <gpxtpx:hr>188</gpxtpx:hr>
      <gpxtpx:cad>89</gpxtpx:cad>
     </gpxtpx:TrackPointExtension>
    </extensions>
   </trkpt>
   <trkpt lat="46.7998360" lon="130.3435180">
    <ele>80.2</ele>
    <time>2025-09-07T00:29:50Z</time>
    <extensions>
     <power>408</power>
     <gpxtpx:TrackPointExtension>
      <gpxtpx:atemp>26</gpxtpx:atemp>
      <gpxtpx:hr>188</gpxtpx:hr>
      <gpxtpx:cad>89</gpxtpx:cad>
     </gpxtpx:TrackPointExtension>
    </extensions>
   </trkpt>
   <trkpt lat="46.7998530" lon="130.3434820">
    <ele>80.0</ele>
    <time>2025-09-07T00:29:51Z</time>
    <extensions>
     <power>406</power>
     <gpxtpx:TrackPointExtension>
      <gpxtpx:atemp>26</gpxtpx:atemp>
      <gpxtpx:hr>188</gpxtpx:hr>
      <gpxtpx:cad>89</gpxtpx:cad>
     </gpxtpx:TrackPointExtension>
    </extensions>
   </trkpt>
   <trkpt lat="46.7998810" lon="130.3434370">
    <ele>80.0</ele>
    <time>2025-09-07T00:29:52Z</time>
    <extensions>
     <power>404</power>
     <gpxtpx:TrackPointExtension>
      <gpxtpx:atemp>26</gpxtpx:atemp>
      <gpxtpx:hr>188</gpxtpx:hr>
      <gpxtpx:cad>89</gpxtpx:cad>
     </gpxtpx:TrackPointExtension>
    </extensions>
   </trkpt>
   <trkpt lat="46.7999070" lon="130.3434060">
    <ele>80.0</ele>
    <time>2025-09-07T00:29:53Z</time>
    <extensions>
     <power>403</power>
     <gpxtpx:TrackPointExtension>
      <gpxtpx:atemp>26</gpxtpx:atemp>
      <gpxtpx:hr>188</gpxtpx:hr>
      <gpxtpx:cad>89</gpxtpx:cad>
     </gpxtpx:TrackPointExtension>
    </extensions>
   </trkpt>
   <trkpt lat="46.7999380" lon="130.3433600">
    <ele>80.0</ele>
    <time>2025-09-07T00:29:54Z</time>
    <extensions>
     <power>403</power>
     <gpxtpx:TrackPointExtension>
      <gpxtpx:atemp>26</gpxtpx:atemp>
      <gpxtpx:hr>188</gpxtpx:hr>
      <gpxtpx:cad>90</gpxtpx:cad>
     </gpxtpx:TrackPointExtension>
    </extensions>
   </trkpt>
   <trkpt lat="46.7999600" lon="130.3433280">
    <ele>80.0</ele>
    <time>2025-09-07T00:29:55Z</time>
    <extensions>
     <power>401</power>
     <gpxtpx:TrackPointExtension>
      <gpxtpx:atemp>26</gpxtpx:atemp>
      <gpxtpx:hr>188</gpxtpx:hr>
      <gpxtpx:cad>90</gpxtpx:cad>
     </gpxtpx:TrackPointExtension>
    </extensions>
   </trkpt>
   <trkpt lat="46.7999940" lon="130.3432880">
    <ele>80.0</ele>
    <time>2025-09-07T00:29:56Z</time>
    <extensions>
     <power>400</power>
     <gpxtpx:TrackPointExtension>
      <gpxtpx:atemp>26</gpxtpx:atemp>
      <gpxtpx:hr>188</gpxtpx:hr>
      <gpxtpx:cad>90</gpxtpx:cad>
     </gpxtpx:TrackPointExtension>
    </extensions>
   </trkpt>
   <trkpt lat="46.8000180" lon="130.3432520">
    <ele>80.0</ele>
    <time>2025-09-07T00:29:57Z</time>
    <extensions>
     <power>400</power>
     <gpxtpx:TrackPointExtension>
      <gpxtpx:atemp>26</gpxtpx:atemp>
      <gpxtpx:hr>188</gpxtpx:hr>
      <gpxtpx:cad>90</gpxtpx:cad>
     </gpxtpx:TrackPointExtension>
    </extensions>
   </trkpt>
   <trkpt lat="46.8000420" lon="130.3432100">
    <ele>80.0</ele>
    <time>2025-09-07T00:29:58Z</time>
    <extensions>
     <power>400</power>
     <gpxtpx:TrackPointExtension>
      <gpxtpx:atemp>26</gpxtpx:atemp>
      <gpxtpx:hr>188</gpxtpx:hr>
      <gpxtpx:cad>89</gpxtpx:cad>
     </gpxtpx:TrackPointExtension>
    </extensions>
   </trkpt>
   <trkpt lat="46.8000650" lon="130.3431800">
    <ele>80.0</ele>
    <time>2025-09-07T00:29:59Z</time>
    <extensions>
     <power>400</power>
     <gpxtpx:TrackPointExtension>
      <gpxtpx:atemp>26</gpxtpx:atemp>
      <gpxtpx:hr>187</gpxtpx:hr>
      <gpxtpx:cad>89</gpxtpx:cad>
     </gpxtpx:TrackPointExtension>
    </extensions>
   </trkpt>
   <trkpt lat="46.8000890" lon="130.3431400">
    <ele>80.0</ele>
    <time>2025-09-07T00:30:00Z</time>
    <extensions>
     <power>400</power>
     <gpxtpx:TrackPointExtension>
      <gpxtpx:atemp>26</gpxtpx:atemp>
      <gpxtpx:hr>188</gpxtpx:hr>
      <gpxtpx:cad>89</gpxtpx:cad>
     </gpxtpx:TrackPointExtension>
    </extensions>
   </trkpt>
   <trkpt lat="46.8001140" lon="130.3431050">
    <ele>80.0</ele>
    <time>2025-09-07T00:30:01Z</time>
    <extensions>
     <power>400</power>
     <gpxtpx:TrackPointExtension>
      <gpxtpx:atemp>26</gpxtpx:atemp>
      <gpxtpx:hr>188</gpxtpx:hr>
      <gpxtpx:cad>89</gpxtpx:cad>
     </gpxtpx:TrackPointExtension>
    </extensions>
   </trkpt>
   <trkpt lat="46.8001360" lon="130.3430660">
    <ele>80.0</ele>
    <time>2025-09-07T00:30:02Z</time>
    <extensions>
     <power>399</power>
     <gpxtpx:TrackPointExtension>
      <gpxtpx:atemp>26</gpxtpx:atemp>
      <gpxtpx:hr>187</gpxtpx:hr>
      <gpxtpx:cad>89</gpxtpx:cad>
     </gpxtpx:TrackPointExtension>
    </extensions>
   </trkpt>
   <trkpt lat="46.8001660" lon="130.3430270">
    <ele>80.2</ele>
    <time>2025-09-07T00:30:03Z</time>
    <extensions>
     <power>399</power>
     <gpxtpx:TrackPointExtension>
      <gpxtpx:atemp>26</gpxtpx:atemp>
      <gpxtpx:hr>188</gpxtpx:hr>
      <gpxtpx:cad>89</gpxtpx:cad>
     </gpxtpx:TrackPointExtension>
    </extensions>
   </trkpt>
   <trkpt lat="46.8001920" lon="130.3429870">
    <ele>80.2</ele>
    <time>2025-09-07T00:30:04Z</time>
    <extensions>
     <power>398</power>
     <gpxtpx:TrackPointExtension>
      <gpxtpx:atemp>26</gpxtpx:atemp>
      <gpxtpx:hr>188</gpxtpx:hr>
      <gpxtpx:cad>89</gpxtpx:cad>
     </gpxtpx:TrackPointExtension>
    </extensions>
   </trkpt>
   <trkpt lat="46.8002220" lon="130.3429470">
    <ele>80.2</ele>
    <time>2025-09-07T00:30:05Z</time>
    <extensions>
     <power>397</power>
     <gpxtpx:TrackPointExtension>
      <gpxtpx:atemp>26</gpxtpx:atemp>
      <gpxtpx:hr>187</gpxtpx:hr>
      <gpxtpx:cad>90</gpxtpx:cad>
     </gpxtpx:TrackPointExtension>
    </extensions>
   </trkpt>
   <trkpt lat="46.8002450" lon="130.3428990">
    <ele>80.2</ele>
    <time>2025-09-07T00:30:06Z</time>
    <extensions>
     <power>398</power>
     <gpxtpx:TrackPointExtension>
      <gpxtpx:atemp>26</gpxtpx:atemp>
      <gpxtpx:hr>188</gpxtpx:hr>
      <gpxtpx:cad>90</gpxtpx:cad>
     </gpxtpx:TrackPointExtension>
    </extensions>
   </trkpt>
   <trkpt lat="46.8002710" lon="130.3428600">
    <ele>80.2</ele>
    <time>2025-09-07T00:30:07Z</time>
    <extensions>
     <power>398</power>
     <gpxtpx:TrackPointExtension>
      <gpxtpx:atemp>26</gpxtpx:atemp>
      <gpxtpx:hr>188</gpxtpx:hr>
      <gpxtpx:cad>90</gpxtpx:cad>
     </gpxtpx:TrackPointExtension>
    </extensions>
   </trkpt>
   <trkpt lat="46.8002940" lon="130.3428100">
    <ele>80.2</ele>
    <time>2025-09-07T00:30:08Z</time>
    <extensions>
     <power>401</power>
     <gpxtpx:TrackPointExtension>
      <gpxtpx:atemp>26</gpxtpx:atemp>
      <gpxtpx:hr>188</gpxtpx:hr>
      <gpxtpx:cad>90</gpxtpx:cad>
     </gpxtpx:TrackPointExtension>
    </extensions>
   </trkpt>
   <trkpt lat="46.8003070" lon="130.3427710">
    <ele>80.2</ele>
    <time>2025-09-07T00:30:09Z</time>
    <extensions>
     <power>403</power>
     <gpxtpx:TrackPointExtension>
      <gpxtpx:atemp>26</gpxtpx:atemp>
      <gpxtpx:hr>187</gpxtpx:hr>
      <gpxtpx:cad>89</gpxtpx:cad>
     </gpxtpx:TrackPointExtension>
    </extensions>
   </trkpt>
   <trkpt lat="46.8003330" lon="130.3427270">
    <ele>80.2</ele>
    <time>2025-09-07T00:30:10Z</time>
    <extensions>
     <power>402</power>
     <gpxtpx:TrackPointExtension>
      <gpxtpx:atemp>26</gpxtpx:atemp>
      <gpxtpx:hr>188</gpxtpx:hr>
      <gpxtpx:cad>89</gpxtpx:cad>
     </gpxtpx:TrackPointExtension>
    </extensions>
   </trkpt>
   <trkpt lat="46.8003540" lon="130.3426900">
    <ele>80.2</ele>
    <time>2025-09-07T00:30:11Z</time>
    <extensions>
     <power>402</power>
     <gpxtpx:TrackPointExtension>
      <gpxtpx:atemp>26</gpxtpx:atemp>
      <gpxtpx:hr>188</gpxtpx:hr>
      <gpxtpx:cad>89</gpxtpx:cad>
     </gpxtpx:TrackPointExtension>
    </extensions>
   </trkpt>
   <trkpt lat="46.8003790" lon="130.3426490">
    <ele>80.2</ele>
    <time>2025-09-07T00:30:12Z</time>
    <extensions>
     <power>402</power>
     <gpxtpx:TrackPointExtension>
      <gpxtpx:atemp>26</gpxtpx:atemp>
      <gpxtpx:hr>188</gpxtpx:hr>
      <gpxtpx:cad>89</gpxtpx:cad>
     </gpxtpx:TrackPointExtension>
    </extensions>
   </trkpt>
   <trkpt lat="46.8004090" lon="130.3426120">
    <ele>80.2</ele>
    <time>2025-09-07T00:30:13Z</time>
    <extensions>
     <power>401</power>
     <gpxtpx:TrackPointExtension>
      <gpxtpx:atemp>26</gpxtpx:atemp>
      <gpxtpx:hr>187</gpxtpx:hr>
      <gpxtpx:cad>89</gpxtpx:cad>
     </gpxtpx:TrackPointExtension>
    </extensions>
   </trkpt>
   <trkpt lat="46.8004340" lon="130.3425750">
    <ele>80.0</ele>
    <time>2025-09-07T00:30:14Z</time>
    <extensions>
     <power>401</power>
     <gpxtpx:TrackPointExtension>
      <gpxtpx:atemp>26</gpxtpx:atemp>
      <gpxtpx:hr>188</gpxtpx:hr>
      <gpxtpx:cad>89</gpxtpx:cad>
     </gpxtpx:TrackPointExtension>
    </extensions>
   </trkpt>
   <trkpt lat="46.8004570" lon="130.3425440">
    <ele>80.0</ele>
    <time>2025-09-07T00:30:15Z</time>
    <extensions>
     <power>401</power>
     <gpxtpx:TrackPointExtension>
      <gpxtpx:atemp>26</gpxtpx:atemp>
      <gpxtpx:hr>188</gpxtpx:hr>
      <gpxtpx:cad>89</gpxtpx:cad>
     </gpxtpx:TrackPointExtension>
    </extensions>
   </trkpt>
   <trkpt lat="46.8004840" lon="130.3425040">
    <ele>80.0</ele>
    <time>2025-09-07T00:30:16Z</time>
    <extensions>
     <power>401</power>
     <gpxtpx:TrackPointExtension>
      <gpxtpx:atemp>26</gpxtpx:atemp>
      <gpxtpx:hr>187</gpxtpx:hr>
      <gpxtpx:cad>89</gpxtpx:cad>
     </gpxtpx:TrackPointExtension>
    </extensions>
   </trkpt>
   <trkpt lat="46.8005040" lon="130.3424710">
    <ele>80.0</ele>
    <time>2025-09-07T00:30:17Z</time>
    <extensions>
     <power>401</power>
     <gpxtpx:TrackPointExtension>
      <gpxtpx:atemp>26</gpxtpx:atemp>
      <gpxtpx:hr>188</gpxtpx:hr>
      <gpxtpx:cad>89</gpxtpx:cad>
     </gpxtpx:TrackPointExtension>
    </extensions>
   </trkpt>
   <trkpt lat="46.8005320" lon="130.3424340">
    <ele>80.0</ele>
    <time>2025-09-07T00:30:18Z</time>
    <extensions>
     <power>401</power>
     <gpxtpx:TrackPointExtension>
      <gpxtpx:atemp>26</gpxtpx:atemp>
      <gpxtpx:hr>188</gpxtpx:hr>
      <gpxtpx:cad>89</gpxtpx:cad>
     </gpxtpx:TrackPointExtension>
    </extensions>
   </trkpt>
   <trkpt lat="46.8005520" lon="130.3423960">
    <ele>80.0</ele>
    <time>2025-09-07T00:30:19Z</time>
    <extensions>
     <power>401</power>
     <gpxtpx:TrackPointExtension>
      <gpxtpx:atemp>26</gpxtpx:atemp>
      <gpxtpx:hr>187</gpxtpx:hr>
      <gpxtpx:cad>89</gpxtpx:cad>
     </gpxtpx:TrackPointExtension>
    </extensions>
   </trkpt>
   <trkpt lat="46.8005780" lon="130.3423530">
    <ele>80.2</ele>
    <time>2025-09-07T00:30:20Z</time>
    <extensions>
     <power>401</power>
     <gpxtpx:TrackPointExtension>
      <gpxtpx:atemp>26</gpxtpx:atemp>
      <gpxtpx:hr>188</gpxtpx:hr>
      <gpxtpx:cad>89</gpxtpx:cad>
     </gpxtpx:TrackPointExtension>
    </extensions>
   </trkpt>
   <trkpt lat="46.8006000" lon="130.3423160">
    <ele>80.0</ele>
    <time>2025-09-07T00:30:21Z</time>
    <extensions>
     <power>400</power>
     <gpxtpx:TrackPointExtension>
      <gpxtpx:atemp>26</gpxtpx:atemp>
      <gpxtpx:hr>188</gpxtpx:hr>
      <gpxtpx:cad>89</gpxtpx:cad>
     </gpxtpx:TrackPointExtension>
    </extensions>
   </trkpt>
   <trkpt lat="46.8006270" lon="130.3422690">
    <ele>80.0</ele>
    <time>2025-09-07T00:30:22Z</time>
    <extensions>
     <power>399</power>
     <gpxtpx:TrackPointExtension>
      <gpxtpx:atemp>26</gpxtpx:atemp>
      <gpxtpx:hr>188</gpxtpx:hr>
      <gpxtpx:cad>89</gpxtpx:cad>
     </gpxtpx:TrackPointExtension>
    </extensions>
   </trkpt>
   <trkpt lat="46.8006460" lon="130.3422320">
    <ele>80.0</ele>
    <time>2025-09-07T00:30:23Z</time>
    <extensions>
     <power>398</power>
     <gpxtpx:TrackPointExtension>
      <gpxtpx:atemp>26</gpxtpx:atemp>
      <gpxtpx:hr>188</gpxtpx:hr>
      <gpxtpx:cad>89</gpxtpx:cad>
     </gpxtpx:TrackPointExtension>
    </extensions>
   </trkpt>
   <trkpt lat="46.8006740" lon="130.3421900">
    <ele>80.0</ele>
    <time>2025-09-07T00:30:24Z</time>
    <extensions>
     <power>397</power>
     <gpxtpx:TrackPointExtension>
      <gpxtpx:atemp>26</gpxtpx:atemp>
      <gpxtpx:hr>187</gpxtpx:hr>
      <gpxtpx:cad>89</gpxtpx:cad>
     </gpxtpx:TrackPointExtension>
    </extensions>
   </trkpt>
   <trkpt lat="46.8006930" lon="130.3421550">
    <ele>79.8</ele>
    <time>2025-09-07T00:30:25Z</time>
    <extensions>
     <power>397</power>
     <gpxtpx:TrackPointExtension>
      <gpxtpx:atemp>26</gpxtpx:atemp>
      <gpxtpx:hr>188</gpxtpx:hr>
      <gpxtpx:cad>89</gpxtpx:cad>
     </gpxtpx:TrackPointExtension>
    </extensions>
   </trkpt>
   <trkpt lat="46.8007230" lon="130.3421140">
    <ele>79.8</ele>
    <time>2025-09-07T00:30:26Z</time>
    <extensions>
     <power>397</power>
     <gpxtpx:TrackPointExtension>
      <gpxtpx:atemp>26</gpxtpx:atemp>
      <gpxtpx:hr>188</gpxtpx:hr>
      <gpxtpx:cad>89</gpxtpx:cad>
     </gpxtpx:TrackPointExtension>
    </extensions>
   </trkpt>
   <trkpt lat="46.8007440" lon="130.3420750">
    <ele>79.8</ele>
    <time>2025-09-07T00:30:27Z</time>
    <extensions>
     <power>397</power>
     <gpxtpx:TrackPointExtension>
      <gpxtpx:atemp>26</gpxtpx:atemp>
      <gpxtpx:hr>188</gpxtpx:hr>
      <gpxtpx:cad>89</gpxtpx:cad>
     </gpxtpx:TrackPointExtension>
    </extensions>
   </trkpt>
   <trkpt lat="46.8007680" lon="130.3420290">
    <ele>79.8</ele>
    <time>2025-09-07T00:30:28Z</time>
    <extensions>
     <power>397</power>
     <gpxtpx:TrackPointExtension>
      <gpxtpx:atemp>26</gpxtpx:atemp>
      <gpxtpx:hr>188</gpxtpx:hr>
      <gpxtpx:cad>89</gpxtpx:cad>
     </gpxtpx:TrackPointExtension>
    </extensions>
   </trkpt>
   <trkpt lat="46.8007910" lon="130.3419880">
    <ele>79.8</ele>
    <time>2025-09-07T00:30:29Z</time>
    <extensions>
     <power>398</power>
     <gpxtpx:TrackPointExtension>
      <gpxtpx:atemp>26</gpxtpx:atemp>
      <gpxtpx:hr>188</gpxtpx:hr>
      <gpxtpx:cad>89</gpxtpx:cad>
     </gpxtpx:TrackPointExtension>
    </extensions>
   </trkpt>
   <trkpt lat="46.8008200" lon="130.3419430">
    <ele>79.8</ele>
    <time>2025-09-07T00:30:30Z</time>
    <extensions>
     <power>397</power>
     <gpxtpx:TrackPointExtension>
      <gpxtpx:atemp>26</gpxtpx:atemp>
      <gpxtpx:hr>188</gpxtpx:hr>
      <gpxtpx:cad>89</gpxtpx:cad>
     </gpxtpx:TrackPointExtension>
    </extensions>
   </trkpt>
   <trkpt lat="46.8008380" lon="130.3419110">
    <ele>80.0</ele>
    <time>2025-09-07T00:30:31Z</time>
    <extensions>
     <power>397</power>
     <gpxtpx:TrackPointExtension>
      <gpxtpx:atemp>26</gpxtpx:atemp>
      <gpxtpx:hr>188</gpxtpx:hr>
      <gpxtpx:cad>90</gpxtpx:cad>
     </gpxtpx:TrackPointExtension>
    </extensions>
   </trkpt>
   <trkpt lat="46.8008630" lon="130.3418630">
    <ele>80.0</ele>
    <time>2025-09-07T00:30:32Z</time>
    <extensions>
     <power>396</power>
     <gpxtpx:TrackPointExtension>
      <gpxtpx:atemp>26</gpxtpx:atemp>
      <gpxtpx:hr>188</gpxtpx:hr>
      <gpxtpx:cad>90</gpxtpx:cad>
     </gpxtpx:TrackPointExtension>
    </extensions>
   </trkpt>
   <trkpt lat="46.8008820" lon="130.3418260">
    <ele>80.0</ele>
    <time>2025-09-07T00:30:33Z</time>
    <extensions>
     <power>396</power>
     <gpxtpx:TrackPointExtension>
      <gpxtpx:atemp>26</gpxtpx:atemp>
      <gpxtpx:hr>188</gpxtpx:hr>
      <gpxtpx:cad>89</gpxtpx:cad>
     </gpxtpx:TrackPointExtension>
    </extensions>
   </trkpt>
   <trkpt lat="46.8009070" lon="130.3417800">
    <ele>79.8</ele>
    <time>2025-09-07T00:30:34Z</time>
    <extensions>
     <power>396</power>
     <gpxtpx:TrackPointExtension>
      <gpxtpx:atemp>26</gpxtpx:atemp>
      <gpxtpx:hr>188</gpxtpx:hr>
      <gpxtpx:cad>89</gpxtpx:cad>
     </gpxtpx:TrackPointExtension>
    </extensions>
   </trkpt>
   <trkpt lat="46.8009300" lon="130.3417400">
    <ele>79.8</ele>
    <time>2025-09-07T00:30:35Z</time>
    <extensions>
     <power>398</power>
     <gpxtpx:TrackPointExtension>
      <gpxtpx:atemp>26</gpxtpx:atemp>
      <gpxtpx:hr>188</gpxtpx:hr>
      <gpxtpx:cad>89</gpxtpx:cad>
     </gpxtpx:TrackPointExtension>
    </extensions>
   </trkpt>
   <trkpt lat="46.8009550" lon="130.3416950">
    <ele>79.8</ele>
    <time>2025-09-07T00:30:36Z</time>
    <extensions>
     <power>396</power>
     <gpxtpx:TrackPointExtension>
      <gpxtpx:atemp>26</gpxtpx:atemp>
      <gpxtpx:hr>188</gpxtpx:hr>
      <gpxtpx:cad>89</gpxtpx:cad>
     </gpxtpx:TrackPointExtension>
    </extensions>
   </trkpt>
   <trkpt lat="46.8009790" lon="130.3416620">
    <ele>79.8</ele>
    <time>2025-09-07T00:30:37Z</time>
    <extensions>
     <power>398</power>
     <gpxtpx:TrackPointExtension>
      <gpxtpx:atemp>26</gpxtpx:atemp>
      <gpxtpx:hr>188</gpxtpx:hr>
      <gpxtpx:cad>89</gpxtpx:cad>
     </gpxtpx:TrackPointExtension>
    </extensions>
   </trkpt>
   <trkpt lat="46.8010060" lon="130.3416260">
    <ele>79.8</ele>
    <time>2025-09-07T00:30:38Z</time>
    <extensions>
     <power>397</power>
     <gpxtpx:TrackPointExtension>
      <gpxtpx:atemp>26</gpxtpx:atemp>
      <gpxtpx:hr>188</gpxtpx:hr>
      <gpxtpx:cad>90</gpxtpx:cad>
     </gpxtpx:TrackPointExtension>
    </extensions>
   </trkpt>
   <trkpt lat="46.8010280" lon="130.3415930">
    <ele>79.8</ele>
    <time>2025-09-07T00:30:39Z</time>
    <extensions>
     <power>396</power>
     <gpxtpx:TrackPointExtension>
      <gpxtpx:atemp>26</gpxtpx:atemp>
      <gpxtpx:hr>188</gpxtpx:hr>
      <gpxtpx:cad>90</gpxtpx:cad>
     </gpxtpx:TrackPointExtension>
    </extensions>
   </trkpt>
   <trkpt lat="46.8010500" lon="130.3415490">
    <ele>79.8</ele>
    <time>2025-09-07T00:30:40Z</time>
    <extensions>
     <power>397</power>
     <gpxtpx:TrackPointExtension>
      <gpxtpx:atemp>26</gpxtpx:atemp>
      <gpxtpx:hr>188</gpxtpx:hr>
      <gpxtpx:cad>90</gpxtpx:cad>
     </gpxtpx:TrackPointExtension>
    </extensions>
   </trkpt>
   <trkpt lat="46.8010720" lon="130.3415070">
    <ele>79.8</ele>
    <time>2025-09-07T00:30:41Z</time>
    <extensions>
     <power>396</power>
     <gpxtpx:TrackPointExtension>
      <gpxtpx:atemp>26</gpxtpx:atemp>
      <gpxtpx:hr>188</gpxtpx:hr>
      <gpxtpx:cad>90</gpxtpx:cad>
     </gpxtpx:TrackPointExtension>
    </extensions>
   </trkpt>
   <trkpt lat="46.8010990" lon="130.3414640">
    <ele>79.8</ele>
    <time>2025-09-07T00:30:42Z</time>
    <extensions>
     <power>397</power>
     <gpxtpx:TrackPointExtension>
      <gpxtpx:atemp>26</gpxtpx:atemp>
      <gpxtpx:hr>188</gpxtpx:hr>
      <gpxtpx:cad>90</gpxtpx:cad>
     </gpxtpx:TrackPointExtension>
    </extensions>
   </trkpt>
   <trkpt lat="46.8011190" lon="130.3414310">
    <ele>79.8</ele>
    <time>2025-09-07T00:30:43Z</time>
    <extensions>
     <power>397</power>
     <gpxtpx:TrackPointExtension>
      <gpxtpx:atemp>26</gpxtpx:atemp>
      <gpxtpx:hr>188</gpxtpx:hr>
      <gpxtpx:cad>89</gpxtpx:cad>
     </gpxtpx:TrackPointExtension>
    </extensions>
   </trkpt>
   <trkpt lat="46.8011490" lon="130.3413960">
    <ele>79.8</ele>
    <time>2025-09-07T00:30:44Z</time>
    <extensions>
     <power>399</power>
     <gpxtpx:TrackPointExtension>
      <gpxtpx:atemp>26</gpxtpx:atemp>
      <gpxtpx:hr>188</gpxtpx:hr>
      <gpxtpx:cad>89</gpxtpx:cad>
     </gpxtpx:TrackPointExtension>
    </extensions>
   </trkpt>
   <trkpt lat="46.8011810" lon="130.3413680">
    <ele>79.8</ele>
    <time>2025-09-07T00:30:45Z</time>
    <extensions>
     <power>399</power>
     <gpxtpx:TrackPointExtension>
      <gpxtpx:atemp>26</gpxtpx:atemp>
      <gpxtpx:hr>188</gpxtpx:hr>
      <gpxtpx:cad>89</gpxtpx:cad>
     </gpxtpx:TrackPointExtension>
    </extensions>
   </trkpt>
   <trkpt lat="46.8012090" lon="130.3413300">
    <ele>79.8</ele>
    <time>2025-09-07T00:30:46Z</time>
    <extensions>
     <power>399</power>
     <gpxtpx:TrackPointExtension>
      <gpxtpx:atemp>26</gpxtpx:atemp>
      <gpxtpx:hr>188</gpxtpx:hr>
      <gpxtpx:cad>89</gpxtpx:cad>
     </gpxtpx:TrackPointExtension>
    </extensions>
   </trkpt>
   <trkpt lat="46.8012310" lon="130.3412970">
    <ele>79.8</ele>
    <time>2025-09-07T00:30:47Z</time>
    <extensions>
     <power>399</power>
     <gpxtpx:TrackPointExtension>
      <gpxtpx:atemp>26</gpxtpx:atemp>
      <gpxtpx:hr>188</gpxtpx:hr>
      <gpxtpx:cad>89</gpxtpx:cad>
     </gpxtpx:TrackPointExtension>
    </extensions>
   </trkpt>
   <trkpt lat="46.8012570" lon="130.3412600">
    <ele>79.8</ele>
    <time>2025-09-07T00:30:48Z</time>
    <extensions>
     <power>399</power>
     <gpxtpx:TrackPointExtension>
      <gpxtpx:atemp>26</gpxtpx:atemp>
      <gpxtpx:hr>188</gpxtpx:hr>
      <gpxtpx:cad>89</gpxtpx:cad>
     </gpxtpx:TrackPointExtension>
    </extensions>
   </trkpt>
   <trkpt lat="46.8012840" lon="130.3412280">
    <ele>79.8</ele>
    <time>2025-09-07T00:30:49Z</time>
    <extensions>
     <power>400</power>
     <gpxtpx:TrackPointExtension>
      <gpxtpx:atemp>26</gpxtpx:atemp>
      <gpxtpx:hr>188</gpxtpx:hr>
      <gpxtpx:cad>89</gpxtpx:cad>
     </gpxtpx:TrackPointExtension>
    </extensions>
   </trkpt>
   <trkpt lat="46.8013100" lon="130.3411980">
    <ele>79.8</ele>
    <time>2025-09-07T00:30:50Z</time>
    <extensions>
     <power>399</power>
     <gpxtpx:TrackPointExtension>
      <gpxtpx:atemp>26</gpxtpx:atemp>
      <gpxtpx:hr>188</gpxtpx:hr>
      <gpxtpx:cad>89</gpxtpx:cad>
     </gpxtpx:TrackPointExtension>
    </extensions>
   </trkpt>
   <trkpt lat="46.8013370" lon="130.3411630">
    <ele>79.8</ele>
    <time>2025-09-07T00:30:51Z</time>
    <extensions>
     <power>399</power>
     <gpxtpx:TrackPointExtension>
      <gpxtpx:atemp>26</gpxtpx:atemp>
      <gpxtpx:hr>189</gpxtpx:hr>
      <gpxtpx:cad>89</gpxtpx:cad>
     </gpxtpx:TrackPointExtension>
    </extensions>
   </trkpt>
   <trkpt lat="46.8013580" lon="130.3411220">
    <ele>79.8</ele>
    <time>2025-09-07T00:30:52Z</time>
    <extensions>
     <power>398</power>
     <gpxtpx:TrackPointExtension>
      <gpxtpx:atemp>26</gpxtpx:atemp>
      <gpxtpx:hr>188</gpxtpx:hr>
      <gpxtpx:cad>89</gpxtpx:cad>
     </gpxtpx:TrackPointExtension>
    </extensions>
   </trkpt>
   <trkpt lat="46.8013790" lon="130.3410830">
    <ele>79.8</ele>
    <time>2025-09-07T00:30:53Z</time>
    <extensions>
     <power>398</power>
     <gpxtpx:TrackPointExtension>
      <gpxtpx:atemp>26</gpxtpx:atemp>
      <gpxtpx:hr>188</gpxtpx:hr>
      <gpxtpx:cad>89</gpxtpx:cad>
     </gpxtpx:TrackPointExtension>
    </extensions>
   </trkpt>
   <trkpt lat="46.8014020" lon="130.3410380">
    <ele>79.8</ele>
    <time>2025-09-07T00:30:54Z</time>
    <extensions>
     <power>399</power>
     <gpxtpx:TrackPointExtension>
      <gpxtpx:atemp>26</gpxtpx:atemp>
      <gpxtpx:hr>188</gpxtpx:hr>
      <gpxtpx:cad>89</gpxtpx:cad>
     </gpxtpx:TrackPointExtension>
    </extensions>
   </trkpt>
   <trkpt lat="46.8014270" lon="130.3409950">
    <ele>79.8</ele>
    <time>2025-09-07T00:30:55Z</time>
    <extensions>
     <power>398</power>
     <gpxtpx:TrackPointExtension>
      <gpxtpx:atemp>26</gpxtpx:atemp>
      <gpxtpx:hr>188</gpxtpx:hr>
      <gpxtpx:cad>89</gpxtpx:cad>
     </gpxtpx:TrackPointExtension>
    </extensions>
   </trkpt>
   <trkpt lat="46.8014520" lon="130.3409570">
    <ele>79.8</ele>
    <time>2025-09-07T00:30:56Z</time>
    <extensions>
     <power>397</power>
     <gpxtpx:TrackPointExtension>
      <gpxtpx:atemp>26</gpxtpx:atemp>
      <gpxtpx:hr>188</gpxtpx:hr>
      <gpxtpx:cad>89</gpxtpx:cad>
     </gpxtpx:TrackPointExtension>
    </extensions>
   </trkpt>
   <trkpt lat="46.8014770" lon="130.3409190">
    <ele>79.8</ele>
    <time>2025-09-07T00:30:57Z</time>
    <extensions>
     <power>398</power>
     <gpxtpx:TrackPointExtension>
      <gpxtpx:atemp>26</gpxtpx:atemp>
      <gpxtpx:hr>188</gpxtpx:hr>
      <gpxtpx:cad>89</gpxtpx:cad>
     </gpxtpx:TrackPointExtension>
    </extensions>
   </trkpt>
   <trkpt lat="46.8014990" lon="130.3408830">
    <ele>79.8</ele>
    <time>2025-09-07T00:30:58Z</time>
    <extensions>
     <power>398</power>
     <gpxtpx:TrackPointExtension>
      <gpxtpx:atemp>26</gpxtpx:atemp>
      <gpxtpx:hr>188</gpxtpx:hr>
      <gpxtpx:cad>88</gpxtpx:cad>
     </gpxtpx:TrackPointExtension>
    </extensions>
   </trkpt>
   <trkpt lat="46.8015200" lon="130.3408500">
    <ele>79.8</ele>
    <time>2025-09-07T00:30:59Z</time>
    <extensions>
     <power>399</power>
     <gpxtpx:TrackPointExtension>
      <gpxtpx:atemp>26</gpxtpx:atemp>
      <gpxtpx:hr>188</gpxtpx:hr>
      <gpxtpx:cad>88</gpxtpx:cad>
     </gpxtpx:TrackPointExtension>
    </extensions>
   </trkpt>
   <trkpt lat="46.8015420" lon="130.3408100">
    <ele>79.8</ele>
    <time>2025-09-07T00:31:00Z</time>
    <extensions>
     <power>398</power>
     <gpxtpx:TrackPointExtension>
      <gpxtpx:atemp>26</gpxtpx:atemp>
      <gpxtpx:hr>188</gpxtpx:hr>
      <gpxtpx:cad>88</gpxtpx:cad>
     </gpxtpx:TrackPointExtension>
    </extensions>
   </trkpt>
   <trkpt lat="46.8015710" lon="130.3407770">
    <ele>79.8</ele>
    <time>2025-09-07T00:31:01Z</time>
    <extensions>
     <power>397</power>
     <gpxtpx:TrackPointExtension>
      <gpxtpx:atemp>26</gpxtpx:atemp>
      <gpxtpx:hr>188</gpxtpx:hr>
      <gpxtpx:cad>88</gpxtpx:cad>
     </gpxtpx:TrackPointExtension>
    </extensions>
   </trkpt>
   <trkpt lat="46.8015970" lon="130.3407450">
    <ele>79.8</ele>
    <time>2025-09-07T00:31:02Z</time>
    <extensions>
     <power>397</power>
     <gpxtpx:TrackPointExtension>
      <gpxtpx:atemp>26</gpxtpx:atemp>
      <gpxtpx:hr>188</gpxtpx:hr>
      <gpxtpx:cad>88</gpxtpx:cad>
     </gpxtpx:TrackPointExtension>
    </extensions>
   </trkpt>
   <trkpt lat="46.8016230" lon="130.3407080">
    <ele>79.8</ele>
    <time>2025-09-07T00:31:03Z</time>
    <extensions>
     <power>397</power>
     <gpxtpx:TrackPointExtension>
      <gpxtpx:atemp>26</gpxtpx:atemp>
      <gpxtpx:hr>188</gpxtpx:hr>
      <gpxtpx:cad>88</gpxtpx:cad>
     </gpxtpx:TrackPointExtension>
    </extensions>
   </trkpt>
   <trkpt lat="46.8016430" lon="130.3406750">
    <ele>79.6</ele>
    <time>2025-09-07T00:31:04Z</time>
    <extensions>
     <power>398</power>
     <gpxtpx:TrackPointExtension>
      <gpxtpx:atemp>26</gpxtpx:atemp>
      <gpxtpx:hr>188</gpxtpx:hr>
      <gpxtpx:cad>88</gpxtpx:cad>
     </gpxtpx:TrackPointExtension>
    </extensions>
   </trkpt>
   <trkpt lat="46.8016690" lon="130.3406330">
    <ele>79.6</ele>
    <time>2025-09-07T00:31:05Z</time>
    <extensions>
     <power>399</power>
     <gpxtpx:TrackPointExtension>
      <gpxtpx:atemp>26</gpxtpx:atemp>
      <gpxtpx:hr>187</gpxtpx:hr>
      <gpxtpx:cad>88</gpxtpx:cad>
     </gpxtpx:TrackPointExtension>
    </extensions>
   </trkpt>
   <trkpt lat="46.8016890" lon="130.3405950">
    <ele>79.8</ele>
    <time>2025-09-07T00:31:06Z</time>
    <extensions>
     <power>399</power>
     <gpxtpx:TrackPointExtension>
      <gpxtpx:atemp>26</gpxtpx:atemp>
      <gpxtpx:hr>187</gpxtpx:hr>
      <gpxtpx:cad>88</gpxtpx:cad>
     </gpxtpx:TrackPointExtension>
    </extensions>
   </trkpt>
   <trkpt lat="46.8017090" lon="130.3405490">
    <ele>79.8</ele>
    <time>2025-09-07T00:31:07Z</time>
    <extensions>
     <power>402</power>
     <gpxtpx:TrackPointExtension>
      <gpxtpx:atemp>26</gpxtpx:atemp>
      <gpxtpx:hr>187</gpxtpx:hr>
      <gpxtpx:cad>88</gpxtpx:cad>
     </gpxtpx:TrackPointExtension>
    </extensions>
   </trkpt>
   <trkpt lat="46.8017260" lon="130.3405130">
    <ele>80.0</ele>
    <time>2025-09-07T00:31:08Z</time>
    <extensions>
     <power>404</power>
     <gpxtpx:TrackPointExtension>
      <gpxtpx:atemp>26</gpxtpx:atemp>
      <gpxtpx:hr>187</gpxtpx:hr>
      <gpxtpx:cad>88</gpxtpx:cad>
     </gpxtpx:TrackPointExtension>
    </extensions>
   </trkpt>
   <trkpt lat="46.8017480" lon="130.3404810">
    <ele>80.2</ele>
    <time>2025-09-07T00:31:09Z</time>
    <extensions>
     <power>405</power>
     <gpxtpx:TrackPointExtension>
      <gpxtpx:atemp>26</gpxtpx:atemp>
      <gpxtpx:hr>187</gpxtpx:hr>
      <gpxtpx:cad>88</gpxtpx:cad>
     </gpxtpx:TrackPointExtension>
    </extensions>
   </trkpt>
   <trkpt lat="46.8017730" lon="130.3404490">
    <ele>80.2</ele>
    <time>2025-09-07T00:31:10Z</time>
    <extensions>
     <power>402</power>
     <gpxtpx:TrackPointExtension>
      <gpxtpx:atemp>26</gpxtpx:atemp>
      <gpxtpx:hr>186</gpxtpx:hr>
      <gpxtpx:cad>88</gpxtpx:cad>
     </gpxtpx:TrackPointExtension>
    </extensions>
   </trkpt>
   <trkpt lat="46.8017960" lon="130.3404180">
    <ele>80.2</ele>
    <time>2025-09-07T00:31:11Z</time>
    <extensions>
     <power>400</power>
     <gpxtpx:TrackPointExtension>
      <gpxtpx:atemp>26</gpxtpx:atemp>
      <gpxtpx:hr>186</gpxtpx:hr>
      <gpxtpx:cad>88</gpxtpx:cad>
     </gpxtpx:TrackPointExtension>
    </extensions>
   </trkpt>
   <trkpt lat="46.8018210" lon="130.3403850">
    <ele>79.8</ele>
    <time>2025-09-07T00:31:12Z</time>
    <extensions>
     <power>399</power>
     <gpxtpx:TrackPointExtension>
      <gpxtpx:atemp>26</gpxtpx:atemp>
      <gpxtpx:hr>186</gpxtpx:hr>
      <gpxtpx:cad>88</gpxtpx:cad>
     </gpxtpx:TrackPointExtension>
    </extensions>
   </trkpt>
   <trkpt lat="46.8018430" lon="130.3403550">
    <ele>79.8</ele>
    <time>2025-09-07T00:31:13Z</time>
    <extensions>
     <power>397</power>
     <gpxtpx:TrackPointExtension>
      <gpxtpx:atemp>26</gpxtpx:atemp>
      <gpxtpx:hr>186</gpxtpx:hr>
      <gpxtpx:cad>88</gpxtpx:cad>
     </gpxtpx:TrackPointExtension>
    </extensions>
   </trkpt>
   <trkpt lat="46.8018680" lon="130.3403220">
    <ele>79.6</ele>
    <time>2025-09-07T00:31:14Z</time>
    <extensions>
     <power>398</power>
     <gpxtpx:TrackPointExtension>
      <gpxtpx:atemp>26</gpxtpx:atemp>
      <gpxtpx:hr>186</gpxtpx:hr>
      <gpxtpx:cad>87</gpxtpx:cad>
     </gpxtpx:TrackPointExtension>
    </extensions>
   </trkpt>
   <trkpt lat="46.8018900" lon="130.3402880">
    <ele>79.6</ele>
    <time>2025-09-07T00:31:15Z</time>
    <extensions>
     <power>399</power>
     <gpxtpx:TrackPointExtension>
      <gpxtpx:atemp>26</gpxtpx:atemp>
      <gpxtpx:hr>185</gpxtpx:hr>
      <gpxtpx:cad>87</gpxtpx:cad>
     </gpxtpx:TrackPointExtension>
    </extensions>
   </trkpt>
   <trkpt lat="46.8019210" lon="130.3402420">
    <ele>79.8</ele>
    <time>2025-09-07T00:31:16Z</time>
    <extensions>
     <power>400</power>
     <gpxtpx:TrackPointExtension>
      <gpxtpx:atemp>26</gpxtpx:atemp>
      <gpxtpx:hr>185</gpxtpx:hr>
      <gpxtpx:cad>87</gpxtpx:cad>
     </gpxtpx:TrackPointExtension>
    </extensions>
   </trkpt>
   <trkpt lat="46.8019370" lon="130.3402080">
    <ele>79.8</ele>
    <time>2025-09-07T00:31:17Z</time>
    <extensions>
     <power>400</power>
     <gpxtpx:TrackPointExtension>
      <gpxtpx:atemp>26</gpxtpx:atemp>
      <gpxtpx:hr>185</gpxtpx:hr>
      <gpxtpx:cad>87</gpxtpx:cad>
     </gpxtpx:TrackPointExtension>
    </extensions>
   </trkpt>
   <trkpt lat="46.8019590" lon="130.3401550">
    <ele>79.8</ele>
    <time>2025-09-07T00:31:18Z</time>
    <extensions>
     <power>399</power>
     <gpxtpx:TrackPointExtension>
      <gpxtpx:atemp>26</gpxtpx:atemp>
      <gpxtpx:hr>186</gpxtpx:hr>
      <gpxtpx:cad>87</gpxtpx:cad>
     </gpxtpx:TrackPointExtension>
    </extensions>
   </trkpt>
   <trkpt lat="46.8019800" lon="130.3401180">
    <ele>79.8</ele>
    <time>2025-09-07T00:31:19Z</time>
    <extensions>
     <power>397</power>
     <gpxtpx:TrackPointExtension>
      <gpxtpx:atemp>26</gpxtpx:atemp>
      <gpxtpx:hr>186</gpxtpx:hr>
      <gpxtpx:cad>87</gpxtpx:cad>
     </gpxtpx:TrackPointExtension>
    </extensions>
   </trkpt>
   <trkpt lat="46.8020050" lon="130.3400760">
    <ele>79.6</ele>
    <time>2025-09-07T00:31:20Z</time>
    <extensions>
     <power>397</power>
     <gpxtpx:TrackPointExtension>
      <gpxtpx:atemp>26</gpxtpx:atemp>
      <gpxtpx:hr>186</gpxtpx:hr>
      <gpxtpx:cad>87</gpxtpx:cad>
     </gpxtpx:TrackPointExtension>
    </extensions>
   </trkpt>
   <trkpt lat="46.8020240" lon="130.3400390">
    <ele>79.8</ele>
    <time>2025-09-07T00:31:21Z</time>
    <extensions>
     <power>398</power>
     <gpxtpx:TrackPointExtension>
      <gpxtpx:atemp>26</gpxtpx:atemp>
      <gpxtpx:hr>186</gpxtpx:hr>
      <gpxtpx:cad>87</gpxtpx:cad>
     </gpxtpx:TrackPointExtension>
    </extensions>
   </trkpt>
   <trkpt lat="46.8020490" lon="130.3399990">
    <ele>79.8</ele>
    <time>2025-09-07T00:31:22Z</time>
    <extensions>
     <power>398</power>
     <gpxtpx:TrackPointExtension>
      <gpxtpx:atemp>26</gpxtpx:atemp>
      <gpxtpx:hr>185</gpxtpx:hr>
      <gpxtpx:cad>87</gpxtpx:cad>
     </gpxtpx:TrackPointExtension>
    </extensions>
   </trkpt>
   <trkpt lat="46.8020680" lon="130.3399610">
    <ele>79.8</ele>
    <time>2025-09-07T00:31:23Z</time>
    <extensions>
     <power>395</power>
     <gpxtpx:TrackPointExtension>
      <gpxtpx:atemp>26</gpxtpx:atemp>
      <gpxtpx:hr>186</gpxtpx:hr>
      <gpxtpx:cad>88</gpxtpx:cad>
     </gpxtpx:TrackPointExtension>
    </extensions>
   </trkpt>
   <trkpt lat="46.8020850" lon="130.3399030">
    <ele>79.8</ele>
    <time>2025-09-07T00:31:24Z</time>
    <extensions>
     <power>393</power>
     <gpxtpx:TrackPointExtension>
      <gpxtpx:atemp>26</gpxtpx:atemp>
      <gpxtpx:hr>185</gpxtpx:hr>
      <gpxtpx:cad>88</gpxtpx:cad>
     </gpxtpx:TrackPointExtension>
    </extensions>
   </trkpt>
   <trkpt lat="46.8021010" lon="130.3398730">
    <ele>79.8</ele>
    <time>2025-09-07T00:31:25Z</time>
    <extensions>
     <power>393</power>
     <gpxtpx:TrackPointExtension>
      <gpxtpx:atemp>26</gpxtpx:atemp>
      <gpxtpx:hr>185</gpxtpx:hr>
      <gpxtpx:cad>87</gpxtpx:cad>
     </gpxtpx:TrackPointExtension>
    </extensions>
   </trkpt>
   <trkpt lat="46.8021310" lon="130.3398280">
    <ele>79.8</ele>
    <time>2025-09-07T00:31:26Z</time>
    <extensions>
     <power>393</power>
     <gpxtpx:TrackPointExtension>
      <gpxtpx:atemp>26</gpxtpx:atemp>
      <gpxtpx:hr>185</gpxtpx:hr>
      <gpxtpx:cad>87</gpxtpx:cad>
     </gpxtpx:TrackPointExtension>
    </extensions>
   </trkpt>
   <trkpt lat="46.8021510" lon="130.3397960">
    <ele>79.6</ele>
    <time>2025-09-07T00:31:27Z</time>
    <extensions>
     <power>392</power>
     <gpxtpx:TrackPointExtension>
      <gpxtpx:atemp>26</gpxtpx:atemp>
      <gpxtpx:hr>186</gpxtpx:hr>
      <gpxtpx:cad>87</gpxtpx:cad>
     </gpxtpx:TrackPointExtension>
    </extensions>
   </trkpt>
   <trkpt lat="46.8021800" lon="130.3397570">
    <ele>79.6</ele>
    <time>2025-09-07T00:31:28Z</time>
    <extensions>
     <power>392</power>
     <gpxtpx:TrackPointExtension>
      <gpxtpx:atemp>26</gpxtpx:atemp>
      <gpxtpx:hr>185</gpxtpx:hr>
      <gpxtpx:cad>87</gpxtpx:cad>
     </gpxtpx:TrackPointExtension>
    </extensions>
   </trkpt>
   <trkpt lat="46.8022000" lon="130.3397220">
    <ele>79.6</ele>
    <time>2025-09-07T00:31:29Z</time>
    <extensions>
     <power>391</power>
     <gpxtpx:TrackPointExtension>
      <gpxtpx:atemp>26</gpxtpx:atemp>
      <gpxtpx:hr>185</gpxtpx:hr>
      <gpxtpx:cad>89</gpxtpx:cad>
     </gpxtpx:TrackPointExtension>
    </extensions>
   </trkpt>
   <trkpt lat="46.8022250" lon="130.3396810">
    <ele>79.6</ele>
    <time>2025-09-07T00:31:30Z</time>
    <extensions>
     <power>389</power>
     <gpxtpx:TrackPointExtension>
      <gpxtpx:atemp>26</gpxtpx:atemp>
      <gpxtpx:hr>185</gpxtpx:hr>
      <gpxtpx:cad>89</gpxtpx:cad>
     </gpxtpx:TrackPointExtension>
    </extensions>
   </trkpt>
   <trkpt lat="46.8022480" lon="130.3396480">
    <ele>79.6</ele>
    <time>2025-09-07T00:31:31Z</time>
    <extensions>
     <power>388</power>
     <gpxtpx:TrackPointExtension>
      <gpxtpx:atemp>26</gpxtpx:atemp>
      <gpxtpx:hr>186</gpxtpx:hr>
      <gpxtpx:cad>89</gpxtpx:cad>
     </gpxtpx:TrackPointExtension>
    </extensions>
   </trkpt>
   <trkpt lat="46.8022740" lon="130.3396070">
    <ele>79.6</ele>
    <time>2025-09-07T00:31:32Z</time>
    <extensions>
     <power>387</power>
     <gpxtpx:TrackPointExtension>
      <gpxtpx:atemp>26</gpxtpx:atemp>
      <gpxtpx:hr>185</gpxtpx:hr>
      <gpxtpx:cad>89</gpxtpx:cad>
     </gpxtpx:TrackPointExtension>
    </extensions>
   </trkpt>
   <trkpt lat="46.8022910" lon="130.3395680">
    <ele>79.6</ele>
    <time>2025-09-07T00:31:33Z</time>
    <extensions>
     <power>386</power>
     <gpxtpx:TrackPointExtension>
      <gpxtpx:atemp>26</gpxtpx:atemp>
      <gpxtpx:hr>185</gpxtpx:hr>
      <gpxtpx:cad>89</gpxtpx:cad>
     </gpxtpx:TrackPointExtension>
    </extensions>
   </trkpt>
   <trkpt lat="46.8023190" lon="130.3395300">
    <ele>79.6</ele>
    <time>2025-09-07T00:31:34Z</time>
    <extensions>
     <power>386</power>
     <gpxtpx:TrackPointExtension>
      <gpxtpx:atemp>26</gpxtpx:atemp>
      <gpxtpx:hr>185</gpxtpx:hr>
      <gpxtpx:cad>89</gpxtpx:cad>
     </gpxtpx:TrackPointExtension>
    </extensions>
   </trkpt>
   <trkpt lat="46.8023410" lon="130.3395010">
    <ele>79.6</ele>
    <time>2025-09-07T00:31:35Z</time>
    <extensions>
     <power>386</power>
     <gpxtpx:TrackPointExtension>
      <gpxtpx:atemp>26</gpxtpx:atemp>
      <gpxtpx:hr>185</gpxtpx:hr>
      <gpxtpx:cad>89</gpxtpx:cad>
     </gpxtpx:TrackPointExtension>
    </extensions>
   </trkpt>
   <trkpt lat="46.8023640" lon="130.3394550">
    <ele>79.6</ele>
    <time>2025-09-07T00:31:36Z</time>
    <extensions>
     <power>385</power>
     <gpxtpx:TrackPointExtension>
      <gpxtpx:atemp>26</gpxtpx:atemp>
      <gpxtpx:hr>185</gpxtpx:hr>
      <gpxtpx:cad>89</gpxtpx:cad>
     </gpxtpx:TrackPointExtension>
    </extensions>
   </trkpt>
   <trkpt lat="46.8023790" lon="130.3394120">
    <ele>79.6</ele>
    <time>2025-09-07T00:31:37Z</time>
    <extensions>
     <power>385</power>
     <gpxtpx:TrackPointExtension>
      <gpxtpx:atemp>26</gpxtpx:atemp>
      <gpxtpx:hr>184</gpxtpx:hr>
      <gpxtpx:cad>89</gpxtpx:cad>
     </gpxtpx:TrackPointExtension>
    </extensions>
   </trkpt>
   <trkpt lat="46.8024010" lon="130.3393690">
    <ele>79.6</ele>
    <time>2025-09-07T00:31:38Z</time>
    <extensions>
     <power>385</power>
     <gpxtpx:TrackPointExtension>
      <gpxtpx:atemp>26</gpxtpx:atemp>
      <gpxtpx:hr>184</gpxtpx:hr>
      <gpxtpx:cad>89</gpxtpx:cad>
     </gpxtpx:TrackPointExtension>
    </extensions>
   </trkpt>
   <trkpt lat="46.8024180" lon="130.3393290">
    <ele>79.6</ele>
    <time>2025-09-07T00:31:39Z</time>
    <extensions>
     <power>385</power>
     <gpxtpx:TrackPointExtension>
      <gpxtpx:atemp>26</gpxtpx:atemp>
      <gpxtpx:hr>184</gpxtpx:hr>
      <gpxtpx:cad>89</gpxtpx:cad>
     </gpxtpx:TrackPointExtension>
    </extensions>
   </trkpt>
   <trkpt lat="46.8024400" lon="130.3392920">
    <ele>79.6</ele>
    <time>2025-09-07T00:31:40Z</time>
    <extensions>
     <power>384</power>
     <gpxtpx:TrackPointExtension>
      <gpxtpx:atemp>26</gpxtpx:atemp>
      <gpxtpx:hr>184</gpxtpx:hr>
      <gpxtpx:cad>89</gpxtpx:cad>
     </gpxtpx:TrackPointExtension>
    </extensions>
   </trkpt>
   <trkpt lat="46.8024550" lon="130.3392470">
    <ele>79.6</ele>
    <time>2025-09-07T00:31:41Z</time>
    <extensions>
     <power>384</power>
     <gpxtpx:TrackPointExtension>
      <gpxtpx:atemp>26</gpxtpx:atemp>
      <gpxtpx:hr>184</gpxtpx:hr>
      <gpxtpx:cad>89</gpxtpx:cad>
     </gpxtpx:TrackPointExtension>
    </extensions>
   </trkpt>
   <trkpt lat="46.8024750" lon="130.3392000">
    <ele>79.6</ele>
    <time>2025-09-07T00:31:42Z</time>
    <extensions>
     <power>384</power>
     <gpxtpx:TrackPointExtension>
      <gpxtpx:atemp>26</gpxtpx:atemp>
      <gpxtpx:hr>183</gpxtpx:hr>
      <gpxtpx:cad>89</gpxtpx:cad>
     </gpxtpx:TrackPointExtension>
    </extensions>
   </trkpt>
   <trkpt lat="46.8024870" lon="130.3391610">
    <ele>79.6</ele>
    <time>2025-09-07T00:31:43Z</time>
    <extensions>
     <power>385</power>
     <gpxtpx:TrackPointExtension>
      <gpxtpx:atemp>26</gpxtpx:atemp>
      <gpxtpx:hr>184</gpxtpx:hr>
      <gpxtpx:cad>90</gpxtpx:cad>
     </gpxtpx:TrackPointExtension>
    </extensions>
   </trkpt>
   <trkpt lat="46.8025100" lon="130.3391130">
    <ele>79.6</ele>
    <time>2025-09-07T00:31:44Z</time>
    <extensions>
     <power>385</power>
     <gpxtpx:TrackPointExtension>
      <gpxtpx:atemp>26</gpxtpx:atemp>
      <gpxtpx:hr>184</gpxtpx:hr>
      <gpxtpx:cad>90</gpxtpx:cad>
     </gpxtpx:TrackPointExtension>
    </extensions>
   </trkpt>
   <trkpt lat="46.8025240" lon="130.3390750">
    <ele>79.8</ele>
    <time>2025-09-07T00:31:45Z</time>
    <extensions>
     <power>386</power>
     <gpxtpx:TrackPointExtension>
      <gpxtpx:atemp>26</gpxtpx:atemp>
      <gpxtpx:hr>183</gpxtpx:hr>
      <gpxtpx:cad>92</gpxtpx:cad>
     </gpxtpx:TrackPointExtension>
    </extensions>
   </trkpt>
   <trkpt lat="46.8025460" lon="130.3390310">
    <ele>79.8</ele>
    <time>2025-09-07T00:31:46Z</time>
    <extensions>
     <power>385</power>
     <gpxtpx:TrackPointExtension>
      <gpxtpx:atemp>26</gpxtpx:atemp>
      <gpxtpx:hr>184</gpxtpx:hr>
      <gpxtpx:cad>92</gpxtpx:cad>
     </gpxtpx:TrackPointExtension>
    </extensions>
   </trkpt>
   <trkpt lat="46.8025620" lon="130.3389940">
    <ele>79.6</ele>
    <time>2025-09-07T00:31:47Z</time>
    <extensions>
     <power>383</power>
     <gpxtpx:TrackPointExtension>
      <gpxtpx:atemp>26</gpxtpx:atemp>
      <gpxtpx:hr>184</gpxtpx:hr>
      <gpxtpx:cad>91</gpxtpx:cad>
     </gpxtpx:TrackPointExtension>
    </extensions>
   </trkpt>
   <trkpt lat="46.8025860" lon="130.3389450">
    <ele>79.6</ele>
    <time>2025-09-07T00:31:48Z</time>
    <extensions>
     <power>382</power>
     <gpxtpx:TrackPointExtension>
      <gpxtpx:atemp>26</gpxtpx:atemp>
      <gpxtpx:hr>183</gpxtpx:hr>
      <gpxtpx:cad>91</gpxtpx:cad>
     </gpxtpx:TrackPointExtension>
    </extensions>
   </trkpt>
   <trkpt lat="46.8026050" lon="130.3389100">
    <ele>79.6</ele>
    <time>2025-09-07T00:31:49Z</time>
    <extensions>
     <power>381</power>
     <gpxtpx:TrackPointExtension>
      <gpxtpx:atemp>26</gpxtpx:atemp>
      <gpxtpx:hr>184</gpxtpx:hr>
      <gpxtpx:cad>91</gpxtpx:cad>
     </gpxtpx:TrackPointExtension>
    </extensions>
   </trkpt>
   <trkpt lat="46.8026320" lon="130.3388580">
    <ele>79.6</ele>
    <time>2025-09-07T00:31:50Z</time>
    <extensions>
     <power>381</power>
     <gpxtpx:TrackPointExtension>
      <gpxtpx:atemp>26</gpxtpx:atemp>
      <gpxtpx:hr>184</gpxtpx:hr>
      <gpxtpx:cad>91</gpxtpx:cad>
     </gpxtpx:TrackPointExtension>
    </extensions>
   </trkpt>
   <trkpt lat="46.8026520" lon="130.3388260">
    <ele>79.4</ele>
    <time>2025-09-07T00:31:51Z</time>
    <extensions>
     <power>381</power>
     <gpxtpx:TrackPointExtension>
      <gpxtpx:atemp>26</gpxtpx:atemp>
      <gpxtpx:hr>183</gpxtpx:hr>
      <gpxtpx:cad>91</gpxtpx:cad>
     </gpxtpx:TrackPointExtension>
    </extensions>
   </trkpt>
   <trkpt lat="46.8026790" lon="130.3387790">
    <ele>79.6</ele>
    <time>2025-09-07T00:31:52Z</time>
    <extensions>
     <power>383</power>
     <gpxtpx:TrackPointExtension>
      <gpxtpx:atemp>26</gpxtpx:atemp>
      <gpxtpx:hr>184</gpxtpx:hr>
      <gpxtpx:cad>88</gpxtpx:cad>
     </gpxtpx:TrackPointExtension>
    </extensions>
   </trkpt>
   <trkpt lat="46.8026970" lon="130.3387480">
    <ele>79.6</ele>
    <time>2025-09-07T00:31:53Z</time>
    <extensions>
     <power>385</power>
     <gpxtpx:TrackPointExtension>
      <gpxtpx:atemp>26</gpxtpx:atemp>
      <gpxtpx:hr>184</gpxtpx:hr>
      <gpxtpx:cad>88</gpxtpx:cad>
     </gpxtpx:TrackPointExtension>
    </extensions>
   </trkpt>
   <trkpt lat="46.8027260" lon="130.3387040">
    <ele>79.6</ele>
    <time>2025-09-07T00:31:54Z</time>
    <extensions>
     <power>384</power>
     <gpxtpx:TrackPointExtension>
      <gpxtpx:atemp>26</gpxtpx:atemp>
      <gpxtpx:hr>185</gpxtpx:hr>
      <gpxtpx:cad>89</gpxtpx:cad>
     </gpxtpx:TrackPointExtension>
    </extensions>
   </trkpt>
   <trkpt lat="46.8027470" lon="130.3386740">
    <ele>79.6</ele>
    <time>2025-09-07T00:31:55Z</time>
    <extensions>
     <power>383</power>
     <gpxtpx:TrackPointExtension>
      <gpxtpx:atemp>26</gpxtpx:atemp>
      <gpxtpx:hr>185</gpxtpx:hr>
      <gpxtpx:cad>89</gpxtpx:cad>
     </gpxtpx:TrackPointExtension>
    </extensions>
   </trkpt>
   <trkpt lat="46.8027750" lon="130.3386310">
    <ele>79.6</ele>
    <time>2025-09-07T00:31:56Z</time>
    <extensions>
     <power>381</power>
     <gpxtpx:TrackPointExtension>
      <gpxtpx:atemp>26</gpxtpx:atemp>
      <gpxtpx:hr>185</gpxtpx:hr>
      <gpxtpx:cad>89</gpxtpx:cad>
     </gpxtpx:TrackPointExtension>
    </extensions>
   </trkpt>
   <trkpt lat="46.8027950" lon="130.3386010">
    <ele>79.6</ele>
    <time>2025-09-07T00:31:57Z</time>
    <extensions>
     <power>382</power>
     <gpxtpx:TrackPointExtension>
      <gpxtpx:atemp>26</gpxtpx:atemp>
      <gpxtpx:hr>186</gpxtpx:hr>
      <gpxtpx:cad>89</gpxtpx:cad>
     </gpxtpx:TrackPointExtension>
    </extensions>
   </trkpt>
   <trkpt lat="46.8028180" lon="130.3385610">
    <ele>79.6</ele>
    <time>2025-09-07T00:31:58Z</time>
    <extensions>
     <power>381</power>
     <gpxtpx:TrackPointExtension>
      <gpxtpx:atemp>26</gpxtpx:atemp>
      <gpxtpx:hr>186</gpxtpx:hr>
      <gpxtpx:cad>89</gpxtpx:cad>
     </gpxtpx:TrackPointExtension>
    </extensions>
   </trkpt>
   <trkpt lat="46.8028370" lon="130.3385240">
    <ele>79.6</ele>
    <time>2025-09-07T00:31:59Z</time>
    <extensions>
     <power>381</power>
     <gpxtpx:TrackPointExtension>
      <gpxtpx:atemp>26</gpxtpx:atemp>
      <gpxtpx:hr>186</gpxtpx:hr>
      <gpxtpx:cad>89</gpxtpx:cad>
     </gpxtpx:TrackPointExtension>
    </extensions>
   </trkpt>
   <trkpt lat="46.8028670" lon="130.3384840">
    <ele>79.6</ele>
    <time>2025-09-07T00:32:00Z</time>
    <extensions>
     <power>381</power>
     <gpxtpx:TrackPointExtension>
      <gpxtpx:atemp>26</gpxtpx:atemp>
      <gpxtpx:hr>186</gpxtpx:hr>
      <gpxtpx:cad>89</gpxtpx:cad>
     </gpxtpx:TrackPointExtension>
    </extensions>
   </trkpt>
   <trkpt lat="46.8028890" lon="130.3384530">
    <ele>79.6</ele>
    <time>2025-09-07T00:32:01Z</time>
    <extensions>
     <power>381</power>
     <gpxtpx:TrackPointExtension>
      <gpxtpx:atemp>26</gpxtpx:atemp>
      <gpxtpx:hr>186</gpxtpx:hr>
      <gpxtpx:cad>89</gpxtpx:cad>
     </gpxtpx:TrackPointExtension>
    </extensions>
   </trkpt>
   <trkpt lat="46.8029180" lon="130.3384090">
    <ele>79.6</ele>
    <time>2025-09-07T00:32:02Z</time>
    <extensions>
     <power>380</power>
     <gpxtpx:TrackPointExtension>
      <gpxtpx:atemp>26</gpxtpx:atemp>
      <gpxtpx:hr>187</gpxtpx:hr>
      <gpxtpx:cad>90</gpxtpx:cad>
     </gpxtpx:TrackPointExtension>
    </extensions>
   </trkpt>
   <trkpt lat="46.8029380" lon="130.3383710">
    <ele>79.6</ele>
    <time>2025-09-07T00:32:03Z</time>
    <extensions>
     <power>380</power>
     <gpxtpx:TrackPointExtension>
      <gpxtpx:atemp>26</gpxtpx:atemp>
      <gpxtpx:hr>187</gpxtpx:hr>
      <gpxtpx:cad>90</gpxtpx:cad>
     </gpxtpx:TrackPointExtension>
    </extensions>
   </trkpt>
   <trkpt lat="46.8029680" lon="130.3383250">
    <ele>79.6</ele>
    <time>2025-09-07T00:32:04Z</time>
    <extensions>
     <power>380</power>
     <gpxtpx:TrackPointExtension>
      <gpxtpx:atemp>26</gpxtpx:atemp>
      <gpxtpx:hr>187</gpxtpx:hr>
      <gpxtpx:cad>90</gpxtpx:cad>
     </gpxtpx:TrackPointExtension>
    </extensions>
   </trkpt>
   <trkpt lat="46.8029950" lon="130.3383010">
    <ele>79.6</ele>
    <time>2025-09-07T00:32:05Z</time>
    <extensions>
     <power>380</power>
     <gpxtpx:TrackPointExtension>
      <gpxtpx:atemp>26</gpxtpx:atemp>
      <gpxtpx:hr>186</gpxtpx:hr>
      <gpxtpx:cad>89</gpxtpx:cad>
     </gpxtpx:TrackPointExtension>
    </extensions>
   </trkpt>
   <trkpt lat="46.8030250" lon="130.3382610">
    <ele>79.6</ele>
    <time>2025-09-07T00:32:06Z</time>
    <extensions>
     <power>383</power>
     <gpxtpx:TrackPointExtension>
      <gpxtpx:atemp>26</gpxtpx:atemp>
      <gpxtpx:hr>187</gpxtpx:hr>
      <gpxtpx:cad>89</gpxtpx:cad>
     </gpxtpx:TrackPointExtension>
    </extensions>
   </trkpt>
   <trkpt lat="46.8030490" lon="130.3382300">
    <ele>79.6</ele>
    <time>2025-09-07T00:32:07Z</time>
    <extensions>
     <power>384</power>
     <gpxtpx:TrackPointExtension>
      <gpxtpx:atemp>26</gpxtpx:atemp>
      <gpxtpx:hr>186</gpxtpx:hr>
      <gpxtpx:cad>89</gpxtpx:cad>
     </gpxtpx:TrackPointExtension>
    </extensions>
   </trkpt>
   <trkpt lat="46.8030810" lon="130.3381920">
    <ele>79.6</ele>
    <time>2025-09-07T00:32:08Z</time>
    <extensions>
     <power>385</power>
     <gpxtpx:TrackPointExtension>
      <gpxtpx:atemp>26</gpxtpx:atemp>
      <gpxtpx:hr>186</gpxtpx:hr>
      <gpxtpx:cad>89</gpxtpx:cad>
     </gpxtpx:TrackPointExtension>
    </extensions>
   </trkpt>
   <trkpt lat="46.8031090" lon="130.3381550">
    <ele>79.6</ele>
    <time>2025-09-07T00:32:09Z</time>
    <extensions>
     <power>386</power>
     <gpxtpx:TrackPointExtension>
      <gpxtpx:atemp>26</gpxtpx:atemp>
      <gpxtpx:hr>186</gpxtpx:hr>
      <gpxtpx:cad>89</gpxtpx:cad>
     </gpxtpx:TrackPointExtension>
    </extensions>
   </trkpt>
   <trkpt lat="46.8031390" lon="130.3381160">
    <ele>79.8</ele>
    <time>2025-09-07T00:32:10Z</time>
    <extensions>
     <power>389</power>
     <gpxtpx:TrackPointExtension>
      <gpxtpx:atemp>26</gpxtpx:atemp>
      <gpxtpx:hr>187</gpxtpx:hr>
      <gpxtpx:cad>89</gpxtpx:cad>
     </gpxtpx:TrackPointExtension>
    </extensions>
   </trkpt>
   <trkpt lat="46.8031630" lon="130.3380800">
    <ele>79.8</ele>
    <time>2025-09-07T00:32:11Z</time>
    <extensions>
     <power>390</power>
     <gpxtpx:TrackPointExtension>
      <gpxtpx:atemp>26</gpxtpx:atemp>
      <gpxtpx:hr>187</gpxtpx:hr>
      <gpxtpx:cad>89</gpxtpx:cad>
     </gpxtpx:TrackPointExtension>
    </extensions>
   </trkpt>
   <trkpt lat="46.8031920" lon="130.3380420">
    <ele>79.8</ele>
    <time>2025-09-07T00:32:12Z</time>
    <extensions>
     <power>393</power>
     <gpxtpx:TrackPointExtension>
      <gpxtpx:atemp>26</gpxtpx:atemp>
      <gpxtpx:hr>187</gpxtpx:hr>
      <gpxtpx:cad>89</gpxtpx:cad>
     </gpxtpx:TrackPointExtension>
    </extensions>
   </trkpt>
   <trkpt lat="46.8032080" lon="130.3380090">
    <ele>79.8</ele>
    <time>2025-09-07T00:32:13Z</time>
    <extensions>
     <power>394</power>
     <gpxtpx:TrackPointExtension>
      <gpxtpx:atemp>26</gpxtpx:atemp>
      <gpxtpx:hr>186</gpxtpx:hr>
      <gpxtpx:cad>90</gpxtpx:cad>
     </gpxtpx:TrackPointExtension>
    </extensions>
   </trkpt>
   <trkpt lat="46.8032290" lon="130.3379620">
    <ele>79.8</ele>
    <time>2025-09-07T00:32:14Z</time>
    <extensions>
     <power>391</power>
     <gpxtpx:TrackPointExtension>
      <gpxtpx:atemp>26</gpxtpx:atemp>
      <gpxtpx:hr>187</gpxtpx:hr>
      <gpxtpx:cad>90</gpxtpx:cad>
     </gpxtpx:TrackPointExtension>
    </extensions>
   </trkpt>
   <trkpt lat="46.8032440" lon="130.3379260">
    <ele>79.6</ele>
    <time>2025-09-07T00:32:15Z</time>
    <extensions>
     <power>391</power>
     <gpxtpx:TrackPointExtension>
      <gpxtpx:atemp>26</gpxtpx:atemp>
      <gpxtpx:hr>187</gpxtpx:hr>
      <gpxtpx:cad>90</gpxtpx:cad>
     </gpxtpx:TrackPointExtension>
    </extensions>
   </trkpt>
   <trkpt lat="46.8032610" lon="130.3378860">
    <ele>79.6</ele>
    <time>2025-09-07T00:32:16Z</time>
    <extensions>
     <power>389</power>
     <gpxtpx:TrackPointExtension>
      <gpxtpx:atemp>26</gpxtpx:atemp>
      <gpxtpx:hr>187</gpxtpx:hr>
      <gpxtpx:cad>90</gpxtpx:cad>
     </gpxtpx:TrackPointExtension>
    </extensions>
   </trkpt>
   <trkpt lat="46.8032880" lon="130.3378420">
    <ele>79.4</ele>
    <time>2025-09-07T00:32:17Z</time>
    <extensions>
     <power>388</power>
     <gpxtpx:TrackPointExtension>
      <gpxtpx:atemp>26</gpxtpx:atemp>
      <gpxtpx:hr>186</gpxtpx:hr>
      <gpxtpx:cad>90</gpxtpx:cad>
     </gpxtpx:TrackPointExtension>
    </extensions>
   </trkpt>
   <trkpt lat="46.8033140" lon="130.3377990">
    <ele>79.4</ele>
    <time>2025-09-07T00:32:18Z</time>
    <extensions>
     <power>387</power>
     <gpxtpx:TrackPointExtension>
      <gpxtpx:atemp>26</gpxtpx:atemp>
      <gpxtpx:hr>187</gpxtpx:hr>
      <gpxtpx:cad>90</gpxtpx:cad>
     </gpxtpx:TrackPointExtension>
    </extensions>
   </trkpt>
   <trkpt lat="46.8033390" lon="130.3377570">
    <ele>79.4</ele>
    <time>2025-09-07T00:32:19Z</time>
    <extensions>
     <power>387</power>
     <gpxtpx:TrackPointExtension>
      <gpxtpx:atemp>26</gpxtpx:atemp>
      <gpxtpx:hr>187</gpxtpx:hr>
      <gpxtpx:cad>90</gpxtpx:cad>
     </gpxtpx:TrackPointExtension>
    </extensions>
   </trkpt>
   <trkpt lat="46.8033610" lon="130.3377130">
    <ele>79.4</ele>
    <time>2025-09-07T00:32:20Z</time>
    <extensions>
     <power>387</power>
     <gpxtpx:TrackPointExtension>
      <gpxtpx:atemp>26</gpxtpx:atemp>
      <gpxtpx:hr>186</gpxtpx:hr>
      <gpxtpx:cad>89</gpxtpx:cad>
     </gpxtpx:TrackPointExtension>
    </extensions>
   </trkpt>
   <trkpt lat="46.8033810" lon="130.3376750">
    <ele>79.2</ele>
    <time>2025-09-07T00:32:21Z</time>
    <extensions>
     <power>389</power>
     <gpxtpx:TrackPointExtension>
      <gpxtpx:atemp>26</gpxtpx:atemp>
      <gpxtpx:hr>186</gpxtpx:hr>
      <gpxtpx:cad>89</gpxtpx:cad>
     </gpxtpx:TrackPointExtension>
    </extensions>
   </trkpt>
   <trkpt lat="46.8034030" lon="130.3376340">
    <ele>79.2</ele>
    <time>2025-09-07T00:32:22Z</time>
    <extensions>
     <power>388</power>
     <gpxtpx:TrackPointExtension>
      <gpxtpx:atemp>26</gpxtpx:atemp>
      <gpxtpx:hr>186</gpxtpx:hr>
      <gpxtpx:cad>89</gpxtpx:cad>
     </gpxtpx:TrackPointExtension>
    </extensions>
   </trkpt>
   <trkpt lat="46.8034160" lon="130.3375890">
    <ele>79.2</ele>
    <time>2025-09-07T00:32:23Z</time>
    <extensions>
     <power>388</power>
     <gpxtpx:TrackPointExtension>
      <gpxtpx:atemp>26</gpxtpx:atemp>
      <gpxtpx:hr>186</gpxtpx:hr>
      <gpxtpx:cad>88</gpxtpx:cad>
     </gpxtpx:TrackPointExtension>
    </extensions>
   </trkpt>
   <trkpt lat="46.8034340" lon="130.3375460">
    <ele>79.2</ele>
    <time>2025-09-07T00:32:24Z</time>
    <extensions>
     <power>388</power>
     <gpxtpx:TrackPointExtension>
      <gpxtpx:atemp>26</gpxtpx:atemp>
      <gpxtpx:hr>187</gpxtpx:hr>
      <gpxtpx:cad>88</gpxtpx:cad>
     </gpxtpx:TrackPointExtension>
    </extensions>
   </trkpt>
   <trkpt lat="46.8034460" lon="130.3374990">
    <ele>79.2</ele>
    <time>2025-09-07T00:32:25Z</time>
    <extensions>
     <power>388</power>
     <gpxtpx:TrackPointExtension>
      <gpxtpx:atemp>26</gpxtpx:atemp>
      <gpxtpx:hr>186</gpxtpx:hr>
      <gpxtpx:cad>89</gpxtpx:cad>
     </gpxtpx:TrackPointExtension>
    </extensions>
   </trkpt>
   <trkpt lat="46.8034560" lon="130.3374450">
    <ele>79.0</ele>
    <time>2025-09-07T00:32:26Z</time>
    <extensions>
     <power>386</power>
     <gpxtpx:TrackPointExtension>
      <gpxtpx:atemp>26</gpxtpx:atemp>
      <gpxtpx:hr>186</gpxtpx:hr>
      <gpxtpx:cad>90</gpxtpx:cad>
     </gpxtpx:TrackPointExtension>
    </extensions>
   </trkpt>
   <trkpt lat="46.8034600" lon="130.3373930">
    <ele>78.8</ele>
    <time>2025-09-07T00:32:27Z</time>
    <extensions>
     <power>384</power>
     <gpxtpx:TrackPointExtension>
      <gpxtpx:atemp>26</gpxtpx:atemp>
      <gpxtpx:hr>186</gpxtpx:hr>
      <gpxtpx:cad>90</gpxtpx:cad>
     </gpxtpx:TrackPointExtension>
    </extensions>
   </trkpt>
   <trkpt lat="46.8034610" lon="130.3373400">
    <ele>78.8</ele>
    <time>2025-09-07T00:32:28Z</time>
    <extensions>
     <power>384</power>
     <gpxtpx:TrackPointExtension>
      <gpxtpx:atemp>26</gpxtpx:atemp>
      <gpxtpx:hr>187</gpxtpx:hr>
      <gpxtpx:cad>90</gpxtpx:cad>
     </gpxtpx:TrackPointExtension>
    </extensions>
   </trkpt>
   <trkpt lat="46.8034550" lon="130.3372910">
    <ele>79.0</ele>
    <time>2025-09-07T00:32:29Z</time>
    <extensions>
     <power>384</power>
     <gpxtpx:TrackPointExtension>
      <gpxtpx:atemp>26</gpxtpx:atemp>
      <gpxtpx:hr>187</gpxtpx:hr>
      <gpxtpx:cad>90</gpxtpx:cad>
     </gpxtpx:TrackPointExtension>
    </extensions>
   </trkpt>
   <trkpt lat="46.8034540" lon="130.3372340">
    <ele>79.0</ele>
    <time>2025-09-07T00:32:30Z</time>
    <extensions>
     <power>385</power>
     <gpxtpx:TrackPointExtension>
      <gpxtpx:atemp>26</gpxtpx:atemp>
      <gpxtpx:hr>187</gpxtpx:hr>
      <gpxtpx:cad>90</gpxtpx:cad>
     </gpxtpx:TrackPointExtension>
    </extensions>
   </trkpt>
   <trkpt lat="46.8034540" lon="130.3371800">
    <ele>79.0</ele>
    <time>2025-09-07T00:32:31Z</time>
    <extensions>
     <power>386</power>
     <gpxtpx:TrackPointExtension>
      <gpxtpx:atemp>26</gpxtpx:atemp>
      <gpxtpx:hr>187</gpxtpx:hr>
      <gpxtpx:cad>89</gpxtpx:cad>
     </gpxtpx:TrackPointExtension>
    </extensions>
   </trkpt>
   <trkpt lat="46.8034560" lon="130.3371320">
    <ele>79.2</ele>
    <time>2025-09-07T00:32:32Z</time>
    <extensions>
     <power>387</power>
     <gpxtpx:TrackPointExtension>
      <gpxtpx:atemp>26</gpxtpx:atemp>
      <gpxtpx:hr>187</gpxtpx:hr>
      <gpxtpx:cad>89</gpxtpx:cad>
     </gpxtpx:TrackPointExtension>
    </extensions>
   </trkpt>
   <trkpt lat="46.8034610" lon="130.3370810">
    <ele>79.4</ele>
    <time>2025-09-07T00:32:33Z</time>
    <extensions>
     <power>388</power>
     <gpxtpx:TrackPointExtension>
      <gpxtpx:atemp>26</gpxtpx:atemp>
      <gpxtpx:hr>187</gpxtpx:hr>
      <gpxtpx:cad>89</gpxtpx:cad>
     </gpxtpx:TrackPointExtension>
    </extensions>
   </trkpt>
   <trkpt lat="46.8034680" lon="130.3370320">
    <ele>79.4</ele>
    <time>2025-09-07T00:32:34Z</time>
    <extensions>
     <power>389</power>
     <gpxtpx:TrackPointExtension>
      <gpxtpx:atemp>26</gpxtpx:atemp>
      <gpxtpx:hr>187</gpxtpx:hr>
      <gpxtpx:cad>89</gpxtpx:cad>
     </gpxtpx:TrackPointExtension>
    </extensions>
   </trkpt>
   <trkpt lat="46.8034710" lon="130.3369840">
    <ele>79.4</ele>
    <time>2025-09-07T00:32:35Z</time>
    <extensions>
     <power>389</power>
     <gpxtpx:TrackPointExtension>
      <gpxtpx:atemp>26</gpxtpx:atemp>
      <gpxtpx:hr>188</gpxtpx:hr>
      <gpxtpx:cad>89</gpxtpx:cad>
     </gpxtpx:TrackPointExtension>
    </extensions>
   </trkpt>
   <trkpt lat="46.8034780" lon="130.3369360">
    <ele>79.6</ele>
    <time>2025-09-07T00:32:36Z</time>
    <extensions>
     <power>389</power>
     <gpxtpx:TrackPointExtension>
      <gpxtpx:atemp>26</gpxtpx:atemp>
      <gpxtpx:hr>187</gpxtpx:hr>
      <gpxtpx:cad>89</gpxtpx:cad>
     </gpxtpx:TrackPointExtension>
    </extensions>
   </trkpt>
   <trkpt lat="46.8034830" lon="130.3368850">
    <ele>79.6</ele>
    <time>2025-09-07T00:32:37Z</time>
    <extensions>
     <power>389</power>
     <gpxtpx:TrackPointExtension>
      <gpxtpx:atemp>26</gpxtpx:atemp>
      <gpxtpx:hr>187</gpxtpx:hr>
      <gpxtpx:cad>89</gpxtpx:cad>
     </gpxtpx:TrackPointExtension>
    </extensions>
   </trkpt>
   <trkpt lat="46.8034780" lon="130.3368310">
    <ele>79.4</ele>
    <time>2025-09-07T00:32:38Z</time>
    <extensions>
     <power>388</power>
     <gpxtpx:TrackPointExtension>
      <gpxtpx:atemp>26</gpxtpx:atemp>
      <gpxtpx:hr>188</gpxtpx:hr>
      <gpxtpx:cad>89</gpxtpx:cad>
     </gpxtpx:TrackPointExtension>
    </extensions>
   </trkpt>
   <trkpt lat="46.8034630" lon="130.3367800">
    <ele>79.2</ele>
    <time>2025-09-07T00:32:39Z</time>
    <extensions>
     <power>387</power>
     <gpxtpx:TrackPointExtension>
      <gpxtpx:atemp>26</gpxtpx:atemp>
      <gpxtpx:hr>187</gpxtpx:hr>
      <gpxtpx:cad>89</gpxtpx:cad>
     </gpxtpx:TrackPointExtension>
    </extensions>
   </trkpt>
   <trkpt lat="46.8034480" lon="130.3367270">
    <ele>79.2</ele>
    <time>2025-09-07T00:32:40Z</time>
    <extensions>
     <power>386</power>
     <gpxtpx:TrackPointExtension>
      <gpxtpx:atemp>26</gpxtpx:atemp>
      <gpxtpx:hr>187</gpxtpx:hr>
      <gpxtpx:cad>89</gpxtpx:cad>
     </gpxtpx:TrackPointExtension>
    </extensions>
   </trkpt>
   <trkpt lat="46.8034220" lon="130.3366880">
    <ele>79.2</ele>
    <time>2025-09-07T00:32:41Z</time>
    <extensions>
     <power>386</power>
     <gpxtpx:TrackPointExtension>
      <gpxtpx:atemp>26</gpxtpx:atemp>
      <gpxtpx:hr>188</gpxtpx:hr>
      <gpxtpx:cad>90</gpxtpx:cad>
     </gpxtpx:TrackPointExtension>
    </extensions>
   </trkpt>
   <trkpt lat="46.8033960" lon="130.3366380">
    <ele>79.0</ele>
    <time>2025-09-07T00:32:42Z</time>
    <extensions>
     <power>384</power>
     <gpxtpx:TrackPointExtension>
      <gpxtpx:atemp>26</gpxtpx:atemp>
      <gpxtpx:hr>188</gpxtpx:hr>
      <gpxtpx:cad>90</gpxtpx:cad>
     </gpxtpx:TrackPointExtension>
    </extensions>
   </trkpt>
   <trkpt lat="46.8033550" lon="130.3365990">
    <ele>78.6</ele>
    <time>2025-09-07T00:32:43Z</time>
    <extensions>
     <power>382</power>
     <gpxtpx:TrackPointExtension>
      <gpxtpx:atemp>26</gpxtpx:atemp>
      <gpxtpx:hr>188</gpxtpx:hr>
      <gpxtpx:cad>90</gpxtpx:cad>
     </gpxtpx:TrackPointExtension>
    </extensions>
   </trkpt>
   <trkpt lat="46.8033210" lon="130.3365580">
    <ele>78.4</ele>
    <time>2025-09-07T00:32:44Z</time>
    <extensions>
     <power>381</power>
     <gpxtpx:TrackPointExtension>
      <gpxtpx:atemp>26</gpxtpx:atemp>
      <gpxtpx:hr>187</gpxtpx:hr>
      <gpxtpx:cad>90</gpxtpx:cad>
     </gpxtpx:TrackPointExtension>
    </extensions>
   </trkpt>
   <trkpt lat="46.8032930" lon="130.3365220">
    <ele>78.2</ele>
    <time>2025-09-07T00:32:45Z</time>
    <extensions>
     <power>384</power>
     <gpxtpx:TrackPointExtension>
      <gpxtpx:atemp>26</gpxtpx:atemp>
      <gpxtpx:hr>188</gpxtpx:hr>
      <gpxtpx:cad>89</gpxtpx:cad>
     </gpxtpx:TrackPointExtension>
    </extensions>
   </trkpt>
   <trkpt lat="46.8032650" lon="130.3364820">
    <ele>78.0</ele>
    <time>2025-09-07T00:32:46Z</time>
    <extensions>
     <power>383</power>
     <gpxtpx:TrackPointExtension>
      <gpxtpx:atemp>26</gpxtpx:atemp>
      <gpxtpx:hr>188</gpxtpx:hr>
      <gpxtpx:cad>89</gpxtpx:cad>
     </gpxtpx:TrackPointExtension>
    </extensions>
   </trkpt>
   <trkpt lat="46.8032400" lon="130.3364370">
    <ele>78.0</ele>
    <time>2025-09-07T00:32:47Z</time>
    <extensions>
     <power>391</power>
     <gpxtpx:TrackPointExtension>
      <gpxtpx:atemp>26</gpxtpx:atemp>
      <gpxtpx:hr>188</gpxtpx:hr>
      <gpxtpx:cad>89</gpxtpx:cad>
     </gpxtpx:TrackPointExtension>
    </extensions>
   </trkpt>
   <trkpt lat="46.8032100" lon="130.3363950">
    <ele>78.0</ele>
    <time>2025-09-07T00:32:48Z</time>
    <extensions>
     <power>398</power>
     <gpxtpx:TrackPointExtension>
      <gpxtpx:atemp>26</gpxtpx:atemp>
      <gpxtpx:hr>188</gpxtpx:hr>
      <gpxtpx:cad>90</gpxtpx:cad>
     </gpxtpx:TrackPointExtension>
    </extensions>
   </trkpt>
   <trkpt lat="46.8031810" lon="130.3363580">
    <ele>78.0</ele>
    <time>2025-09-07T00:32:49Z</time>
    <extensions>
     <power>402</power>
     <gpxtpx:TrackPointExtension>
      <gpxtpx:atemp>26</gpxtpx:atemp>
      <gpxtpx:hr>187</gpxtpx:hr>
      <gpxtpx:cad>90</gpxtpx:cad>
     </gpxtpx:TrackPointExtension>
    </extensions>
   </trkpt>
   <trkpt lat="46.8031540" lon="130.3363190">
    <ele>78.0</ele>
    <time>2025-09-07T00:32:50Z</time>
    <extensions>
     <power>416</power>
     <gpxtpx:TrackPointExtension>
      <gpxtpx:atemp>26</gpxtpx:atemp>
      <gpxtpx:hr>187</gpxtpx:hr>
      <gpxtpx:cad>90</gpxtpx:cad>
     </gpxtpx:TrackPointExtension>
    </extensions>
   </trkpt>
   <trkpt lat="46.8031220" lon="130.3362850">
    <ele>77.8</ele>
    <time>2025-09-07T00:32:51Z</time>
    <extensions>
     <power>412</power>
     <gpxtpx:TrackPointExtension>
      <gpxtpx:atemp>26</gpxtpx:atemp>
      <gpxtpx:hr>187</gpxtpx:hr>
      <gpxtpx:cad>90</gpxtpx:cad>
     </gpxtpx:TrackPointExtension>
    </extensions>
   </trkpt>
   <trkpt lat="46.8030920" lon="130.3362460">
    <ele>77.6</ele>
    <time>2025-09-07T00:32:52Z</time>
    <extensions>
     <power>409</power>
     <gpxtpx:TrackPointExtension>
      <gpxtpx:atemp>26</gpxtpx:atemp>
      <gpxtpx:hr>188</gpxtpx:hr>
      <gpxtpx:cad>90</gpxtpx:cad>
     </gpxtpx:TrackPointExtension>
    </extensions>
   </trkpt>
   <trkpt lat="46.8030630" lon="130.3362110">
    <ele>77.4</ele>
    <time>2025-09-07T00:32:53Z</time>
    <extensions>
     <power>405</power>
     <gpxtpx:TrackPointExtension>
      <gpxtpx:atemp>26</gpxtpx:atemp>
      <gpxtpx:hr>188</gpxtpx:hr>
      <gpxtpx:cad>90</gpxtpx:cad>
     </gpxtpx:TrackPointExtension>
    </extensions>
   </trkpt>
   <trkpt lat="46.8030350" lon="130.3361740">
    <ele>77.2</ele>
    <time>2025-09-07T00:32:54Z</time>
    <extensions>
     <power>400</power>
     <gpxtpx:TrackPointExtension>
      <gpxtpx:atemp>26</gpxtpx:atemp>
      <gpxtpx:hr>188</gpxtpx:hr>
      <gpxtpx:cad>90</gpxtpx:cad>
     </gpxtpx:TrackPointExtension>
    </extensions>
   </trkpt>
   <trkpt lat="46.8030140" lon="130.3361350">
    <ele>77.0</ele>
    <time>2025-09-07T00:32:55Z</time>
    <extensions>
     <power>397</power>
     <gpxtpx:TrackPointExtension>
      <gpxtpx:atemp>26</gpxtpx:atemp>
      <gpxtpx:hr>188</gpxtpx:hr>
      <gpxtpx:cad>90</gpxtpx:cad>
     </gpxtpx:TrackPointExtension>
    </extensions>
   </trkpt>
   <trkpt lat="46.8029790" lon="130.3360940">
    <ele>77.0</ele>
    <time>2025-09-07T00:32:56Z</time>
    <extensions>
     <power>389</power>
     <gpxtpx:TrackPointExtension>
      <gpxtpx:atemp>26</gpxtpx:atemp>
      <gpxtpx:hr>187</gpxtpx:hr>
      <gpxtpx:cad>90</gpxtpx:cad>
     </gpxtpx:TrackPointExtension>
    </extensions>
   </trkpt>
   <trkpt lat="46.8029490" lon="130.3360590">
    <ele>76.8</ele>
    <time>2025-09-07T00:32:57Z</time>
    <extensions>
     <power>387</power>
     <gpxtpx:TrackPointExtension>
      <gpxtpx:atemp>26</gpxtpx:atemp>
      <gpxtpx:hr>187</gpxtpx:hr>
      <gpxtpx:cad>90</gpxtpx:cad>
     </gpxtpx:TrackPointExtension>
    </extensions>
   </trkpt>
   <trkpt lat="46.8029180" lon="130.3360160">
    <ele>76.6</ele>
    <time>2025-09-07T00:32:58Z</time>
    <extensions>
     <power>400</power>
     <gpxtpx:TrackPointExtension>
      <gpxtpx:atemp>26</gpxtpx:atemp>
      <gpxtpx:hr>187</gpxtpx:hr>
      <gpxtpx:cad>90</gpxtpx:cad>
     </gpxtpx:TrackPointExtension>
    </extensions>
   </trkpt>
   <trkpt lat="46.8028860" lon="130.3359810">
    <ele>76.4</ele>
    <time>2025-09-07T00:32:59Z</time>
    <extensions>
     <power>409</power>
     <gpxtpx:TrackPointExtension>
      <gpxtpx:atemp>26</gpxtpx:atemp>
      <gpxtpx:hr>187</gpxtpx:hr>
      <gpxtpx:cad>90</gpxtpx:cad>
     </gpxtpx:TrackPointExtension>
    </extensions>
   </trkpt>
   <trkpt lat="46.8028520" lon="130.3359430">
    <ele>76.2</ele>
    <time>2025-09-07T00:33:00Z</time>
    <extensions>
     <power>406</power>
     <gpxtpx:TrackPointExtension>
      <gpxtpx:atemp>26</gpxtpx:atemp>
      <gpxtpx:hr>187</gpxtpx:hr>
      <gpxtpx:cad>90</gpxtpx:cad>
     </gpxtpx:TrackPointExtension>
    </extensions>
   </trkpt>
   <trkpt lat="46.8028210" lon="130.3359060">
    <ele>76.2</ele>
    <time>2025-09-07T00:33:01Z</time>
    <extensions>
     <power>396</power>
     <gpxtpx:TrackPointExtension>
      <gpxtpx:atemp>26</gpxtpx:atemp>
      <gpxtpx:hr>187</gpxtpx:hr>
      <gpxtpx:cad>90</gpxtpx:cad>
     </gpxtpx:TrackPointExtension>
    </extensions>
   </trkpt>
   <trkpt lat="46.8027870" lon="130.3358700">
    <ele>76.0</ele>
    <time>2025-09-07T00:33:02Z</time>
    <extensions>
     <power>383</power>
     <gpxtpx:TrackPointExtension>
      <gpxtpx:atemp>26</gpxtpx:atemp>
      <gpxtpx:hr>187</gpxtpx:hr>
      <gpxtpx:cad>89</gpxtpx:cad>
     </gpxtpx:TrackPointExtension>
    </extensions>
   </trkpt>
   <trkpt lat="46.8027650" lon="130.3358280">
    <ele>75.8</ele>
    <time>2025-09-07T00:33:03Z</time>
    <extensions>
     <power>378</power>
     <gpxtpx:TrackPointExtension>
      <gpxtpx:atemp>26</gpxtpx:atemp>
      <gpxtpx:hr>187</gpxtpx:hr>
      <gpxtpx:cad>89</gpxtpx:cad>
     </gpxtpx:TrackPointExtension>
    </extensions>
   </trkpt>
   <trkpt lat="46.8027330" lon="130.3357870">
    <ele>75.8</ele>
    <time>2025-09-07T00:33:04Z</time>
    <extensions>
     <power>376</power>
     <gpxtpx:TrackPointExtension>
      <gpxtpx:atemp>26</gpxtpx:atemp>
      <gpxtpx:hr>187</gpxtpx:hr>
      <gpxtpx:cad>89</gpxtpx:cad>
     </gpxtpx:TrackPointExtension>
    </extensions>
   </trkpt>
   <trkpt lat="46.8027120" lon="130.3357440">
    <ele>75.8</ele>
    <time>2025-09-07T00:33:05Z</time>
    <extensions>
     <power>371</power>
     <gpxtpx:TrackPointExtension>
      <gpxtpx:atemp>26</gpxtpx:atemp>
      <gpxtpx:hr>187</gpxtpx:hr>
      <gpxtpx:cad>90</gpxtpx:cad>
     </gpxtpx:TrackPointExtension>
    </extensions>
   </trkpt>
   <trkpt lat="46.8026780" lon="130.3357100">
    <ele>75.8</ele>
    <time>2025-09-07T00:33:06Z</time>
    <extensions>
     <power>366</power>
     <gpxtpx:TrackPointExtension>
      <gpxtpx:atemp>26</gpxtpx:atemp>
      <gpxtpx:hr>187</gpxtpx:hr>
      <gpxtpx:cad>90</gpxtpx:cad>
     </gpxtpx:TrackPointExtension>
    </extensions>
   </trkpt>
   <trkpt lat="46.8026540" lon="130.3356790">
    <ele>75.6</ele>
    <time>2025-09-07T00:33:07Z</time>
    <extensions>
     <power>361</power>
     <gpxtpx:TrackPointExtension>
      <gpxtpx:atemp>26</gpxtpx:atemp>
      <gpxtpx:hr>187</gpxtpx:hr>
      <gpxtpx:cad>90</gpxtpx:cad>
     </gpxtpx:TrackPointExtension>
    </extensions>
   </trkpt>
   <trkpt lat="46.8026270" lon="130.3356440">
    <ele>75.6</ele>
    <time>2025-09-07T00:33:08Z</time>
    <extensions>
     <power>360</power>
     <gpxtpx:TrackPointExtension>
      <gpxtpx:atemp>26</gpxtpx:atemp>
      <gpxtpx:hr>187</gpxtpx:hr>
      <gpxtpx:cad>90</gpxtpx:cad>
     </gpxtpx:TrackPointExtension>
    </extensions>
   </trkpt>
   <trkpt lat="46.8026000" lon="130.3356110">
    <ele>75.6</ele>
    <time>2025-09-07T00:33:09Z</time>
    <extensions>
     <power>357</power>
     <gpxtpx:TrackPointExtension>
      <gpxtpx:atemp>26</gpxtpx:atemp>
      <gpxtpx:hr>187</gpxtpx:hr>
      <gpxtpx:cad>90</gpxtpx:cad>
     </gpxtpx:TrackPointExtension>
    </extensions>
   </trkpt>
   <trkpt lat="46.8025730" lon="130.3355760">
    <ele>75.4</ele>
    <time>2025-09-07T00:33:10Z</time>
    <extensions>
     <power>354</power>
     <gpxtpx:TrackPointExtension>
      <gpxtpx:atemp>26</gpxtpx:atemp>
      <gpxtpx:hr>187</gpxtpx:hr>
      <gpxtpx:cad>90</gpxtpx:cad>
     </gpxtpx:TrackPointExtension>
    </extensions>
   </trkpt>
   <trkpt lat="46.8025500" lon="130.3355390">
    <ele>75.4</ele>
    <time>2025-09-07T00:33:11Z</time>
    <extensions>
     <power>354</power>
     <gpxtpx:TrackPointExtension>
      <gpxtpx:atemp>26</gpxtpx:atemp>
      <gpxtpx:hr>187</gpxtpx:hr>
      <gpxtpx:cad>89</gpxtpx:cad>
     </gpxtpx:TrackPointExtension>
    </extensions>
   </trkpt>
   <trkpt lat="46.8025230" lon="130.3355030">
    <ele>75.4</ele>
    <time>2025-09-07T00:33:12Z</time>
    <extensions>
     <power>357</power>
     <gpxtpx:TrackPointExtension>
      <gpxtpx:atemp>26</gpxtpx:atemp>
      <gpxtpx:hr>187</gpxtpx:hr>
      <gpxtpx:cad>89</gpxtpx:cad>
     </gpxtpx:TrackPointExtension>
    </extensions>
   </trkpt>
   <trkpt lat="46.8024920" lon="130.3354750">
    <ele>75.4</ele>
    <time>2025-09-07T00:33:13Z</time>
    <extensions>
     <power>356</power>
     <gpxtpx:TrackPointExtension>
      <gpxtpx:atemp>26</gpxtpx:atemp>
      <gpxtpx:hr>187</gpxtpx:hr>
      <gpxtpx:cad>89</gpxtpx:cad>
     </gpxtpx:TrackPointExtension>
    </extensions>
   </trkpt>
   <trkpt lat="46.8024620" lon="130.3354480">
    <ele>75.4</ele>
    <time>2025-09-07T00:33:14Z</time>
    <extensions>
     <power>359</power>
     <gpxtpx:TrackPointExtension>
      <gpxtpx:atemp>26</gpxtpx:atemp>
      <gpxtpx:hr>187</gpxtpx:hr>
      <gpxtpx:cad>89</gpxtpx:cad>
     </gpxtpx:TrackPointExtension>
    </extensions>
   </trkpt>
   <trkpt lat="46.8024350" lon="130.3354160">
    <ele>75.4</ele>
    <time>2025-09-07T00:33:15Z</time>
    <extensions>
     <power>361</power>
     <gpxtpx:TrackPointExtension>
      <gpxtpx:atemp>26</gpxtpx:atemp>
      <gpxtpx:hr>187</gpxtpx:hr>
      <gpxtpx:cad>88</gpxtpx:cad>
     </gpxtpx:TrackPointExtension>
    </extensions>
   </trkpt>
   <trkpt lat="46.8024070" lon="130.3353800">
    <ele>75.4</ele>
    <time>2025-09-07T00:33:16Z</time>
    <extensions>
     <power>366</power>
     <gpxtpx:TrackPointExtension>
      <gpxtpx:atemp>26</gpxtpx:atemp>
      <gpxtpx:hr>187</gpxtpx:hr>
      <gpxtpx:cad>88</gpxtpx:cad>
     </gpxtpx:TrackPointExtension>
    </extensions>
   </trkpt>
   <trkpt lat="46.8023820" lon="130.3353540">
    <ele>75.4</ele>
    <time>2025-09-07T00:33:17Z</time>
    <extensions>
     <power>368</power>
     <gpxtpx:TrackPointExtension>
      <gpxtpx:atemp>26</gpxtpx:atemp>
      <gpxtpx:hr>187</gpxtpx:hr>
      <gpxtpx:cad>89</gpxtpx:cad>
     </gpxtpx:TrackPointExtension>
    </extensions>
   </trkpt>
   <trkpt lat="46.8023570" lon="130.3353230">
    <ele>75.4</ele>
    <time>2025-09-07T00:33:18Z</time>
    <extensions>
     <power>369</power>
     <gpxtpx:TrackPointExtension>
      <gpxtpx:atemp>26</gpxtpx:atemp>
      <gpxtpx:hr>187</gpxtpx:hr>
      <gpxtpx:cad>90</gpxtpx:cad>
     </gpxtpx:TrackPointExtension>
    </extensions>
   </trkpt>
   <trkpt lat="46.8023300" lon="130.3352910">
    <ele>75.4</ele>
    <time>2025-09-07T00:33:19Z</time>
    <extensions>
     <power>369</power>
     <gpxtpx:TrackPointExtension>
      <gpxtpx:atemp>26</gpxtpx:atemp>
      <gpxtpx:hr>187</gpxtpx:hr>
      <gpxtpx:cad>90</gpxtpx:cad>
     </gpxtpx:TrackPointExtension>
    </extensions>
   </trkpt>
   <trkpt lat="46.8023050" lon="130.3352580">
    <ele>75.4</ele>
    <time>2025-09-07T00:33:20Z</time>
    <extensions>
     <power>370</power>
     <gpxtpx:TrackPointExtension>
      <gpxtpx:atemp>26</gpxtpx:atemp>
      <gpxtpx:hr>187</gpxtpx:hr>
      <gpxtpx:cad>91</gpxtpx:cad>
     </gpxtpx:TrackPointExtension>
    </extensions>
   </trkpt>
   <trkpt lat="46.8022880" lon="130.3352250">
    <ele>75.6</ele>
    <time>2025-09-07T00:33:21Z</time>
    <extensions>
     <power>374</power>
     <gpxtpx:TrackPointExtension>
      <gpxtpx:atemp>26</gpxtpx:atemp>
      <gpxtpx:hr>187</gpxtpx:hr>
      <gpxtpx:cad>91</gpxtpx:cad>
     </gpxtpx:TrackPointExtension>
    </extensions>
   </trkpt>
   <trkpt lat="46.8022620" lon="130.3351940">
    <ele>75.6</ele>
    <time>2025-09-07T00:33:22Z</time>
    <extensions>
     <power>379</power>
     <gpxtpx:TrackPointExtension>
      <gpxtpx:atemp>26</gpxtpx:atemp>
      <gpxtpx:hr>187</gpxtpx:hr>
      <gpxtpx:cad>90</gpxtpx:cad>
     </gpxtpx:TrackPointExtension>
    </extensions>
   </trkpt>
   <trkpt lat="46.8022460" lon="130.3351580">
    <ele>75.6</ele>
    <time>2025-09-07T00:33:23Z</time>
    <extensions>
     <power>384</power>
     <gpxtpx:TrackPointExtension>
      <gpxtpx:atemp>26</gpxtpx:atemp>
      <gpxtpx:hr>187</gpxtpx:hr>
      <gpxtpx:cad>90</gpxtpx:cad>
     </gpxtpx:TrackPointExtension>
    </extensions>
   </trkpt>
   <trkpt lat="46.8022180" lon="130.3351230">
    <ele>75.8</ele>
    <time>2025-09-07T00:33:24Z</time>
    <extensions>
     <power>385</power>
     <gpxtpx:TrackPointExtension>
      <gpxtpx:atemp>26</gpxtpx:atemp>
      <gpxtpx:hr>187</gpxtpx:hr>
      <gpxtpx:cad>91</gpxtpx:cad>
     </gpxtpx:TrackPointExtension>
    </extensions>
   </trkpt>
   <trkpt lat="46.8021980" lon="130.3350940">
    <ele>75.8</ele>
    <time>2025-09-07T00:33:25Z</time>
    <extensions>
     <power>384</power>
     <gpxtpx:TrackPointExtension>
      <gpxtpx:atemp>26</gpxtpx:atemp>
      <gpxtpx:hr>187</gpxtpx:hr>
      <gpxtpx:cad>91</gpxtpx:cad>
     </gpxtpx:TrackPointExtension>
    </extensions>
   </trkpt>
   <trkpt lat="46.8021680" lon="130.3350620">
    <ele>75.8</ele>
    <time>2025-09-07T00:33:26Z</time>
    <extensions>
     <power>385</power>
     <gpxtpx:TrackPointExtension>
      <gpxtpx:atemp>26</gpxtpx:atemp>
      <gpxtpx:hr>187</gpxtpx:hr>
      <gpxtpx:cad>91</gpxtpx:cad>
     </gpxtpx:TrackPointExtension>
    </extensions>
   </trkpt>
   <trkpt lat="46.8021380" lon="130.3350260">
    <ele>75.8</ele>
    <time>2025-09-07T00:33:27Z</time>
    <extensions>
     <power>385</power>
     <gpxtpx:TrackPointExtension>
      <gpxtpx:atemp>26</gpxtpx:atemp>
      <gpxtpx:hr>186</gpxtpx:hr>
      <gpxtpx:cad>90</gpxtpx:cad>
     </gpxtpx:TrackPointExtension>
    </extensions>
   </trkpt>
   <trkpt lat="46.8021060" lon="130.3349890">
    <ele>75.8</ele>
    <time>2025-09-07T00:33:28Z</time>
    <extensions>
     <power>386</power>
     <gpxtpx:TrackPointExtension>
      <gpxtpx:atemp>26</gpxtpx:atemp>
      <gpxtpx:hr>187</gpxtpx:hr>
      <gpxtpx:cad>90</gpxtpx:cad>
     </gpxtpx:TrackPointExtension>
    </extensions>
   </trkpt>
   <trkpt lat="46.8020850" lon="130.3349550">
    <ele>76.0</ele>
    <time>2025-09-07T00:33:29Z</time>
    <extensions>
     <power>389</power>
     <gpxtpx:TrackPointExtension>
      <gpxtpx:atemp>26</gpxtpx:atemp>
      <gpxtpx:hr>187</gpxtpx:hr>
      <gpxtpx:cad>90</gpxtpx:cad>
     </gpxtpx:TrackPointExtension>
    </extensions>
   </trkpt>
   <trkpt lat="46.8020560" lon="130.3349150">
    <ele>76.0</ele>
    <time>2025-09-07T00:33:30Z</time>
    <extensions>
     <power>394</power>
     <gpxtpx:TrackPointExtension>
      <gpxtpx:atemp>26</gpxtpx:atemp>
      <gpxtpx:hr>187</gpxtpx:hr>
      <gpxtpx:cad>90</gpxtpx:cad>
     </gpxtpx:TrackPointExtension>
    </extensions>
   </trkpt>
   <trkpt lat="46.8020410" lon="130.3348780">
    <ele>76.2</ele>
    <time>2025-09-07T00:33:31Z</time>
    <extensions>
     <power>399</power>
     <gpxtpx:TrackPointExtension>
      <gpxtpx:atemp>26</gpxtpx:atemp>
      <gpxtpx:hr>187</gpxtpx:hr>
      <gpxtpx:cad>90</gpxtpx:cad>
     </gpxtpx:TrackPointExtension>
    </extensions>
   </trkpt>
   <trkpt lat="46.8020080" lon="130.3348420">
    <ele>76.4</ele>
    <time>2025-09-07T00:33:32Z</time>
    <extensions>
     <power>400</power>
     <gpxtpx:TrackPointExtension>
      <gpxtpx:atemp>26</gpxtpx:atemp>
      <gpxtpx:hr>188</gpxtpx:hr>
      <gpxtpx:cad>90</gpxtpx:cad>
     </gpxtpx:TrackPointExtension>
    </extensions>
   </trkpt>
   <trkpt lat="46.8019880" lon="130.3348080">
    <ele>76.4</ele>
    <time>2025-09-07T00:33:33Z</time>
    <extensions>
     <power>403</power>
     <gpxtpx:TrackPointExtension>
      <gpxtpx:atemp>26</gpxtpx:atemp>
      <gpxtpx:hr>188</gpxtpx:hr>
      <gpxtpx:cad>90</gpxtpx:cad>
     </gpxtpx:TrackPointExtension>
    </extensions>
   </trkpt>
   <trkpt lat="46.8019600" lon="130.3347740">
    <ele>76.6</ele>
    <time>2025-09-07T00:33:34Z</time>
    <extensions>
     <power>406</power>
     <gpxtpx:TrackPointExtension>
      <gpxtpx:atemp>26</gpxtpx:atemp>
      <gpxtpx:hr>188</gpxtpx:hr>
      <gpxtpx:cad>90</gpxtpx:cad>
     </gpxtpx:TrackPointExtension>
    </extensions>
   </trkpt>
   <trkpt lat="46.8019390" lon="130.3347430">
    <ele>76.8</ele>
    <time>2025-09-07T00:33:35Z</time>
    <extensions>
     <power>412</power>
     <gpxtpx:TrackPointExtension>
      <gpxtpx:atemp>26</gpxtpx:atemp>
      <gpxtpx:hr>187</gpxtpx:hr>
      <gpxtpx:cad>90</gpxtpx:cad>
     </gpxtpx:TrackPointExtension>
    </extensions>
   </trkpt>
   <trkpt lat="46.8019140" lon="130.3347090">
    <ele>77.0</ele>
    <time>2025-09-07T00:33:36Z</time>
    <extensions>
     <power>415</power>
     <gpxtpx:TrackPointExtension>
      <gpxtpx:atemp>26</gpxtpx:atemp>
      <gpxtpx:hr>188</gpxtpx:hr>
      <gpxtpx:cad>90</gpxtpx:cad>
     </gpxtpx:TrackPointExtension>
    </extensions>
   </trkpt>
   <trkpt lat="46.8018940" lon="130.3346810">
    <ele>77.2</ele>
    <time>2025-09-07T00:33:37Z</time>
    <extensions>
     <power>416</power>
     <gpxtpx:TrackPointExtension>
      <gpxtpx:atemp>26</gpxtpx:atemp>
      <gpxtpx:hr>188</gpxtpx:hr>
      <gpxtpx:cad>89</gpxtpx:cad>
     </gpxtpx:TrackPointExtension>
    </extensions>
   </trkpt>
   <trkpt lat="46.8018680" lon="130.3346490">
    <ele>77.2</ele>
    <time>2025-09-07T00:33:38Z</time>
    <extensions>
     <power>419</power>
     <gpxtpx:TrackPointExtension>
      <gpxtpx:atemp>26</gpxtpx:atemp>
      <gpxtpx:hr>188</gpxtpx:hr>
      <gpxtpx:cad>89</gpxtpx:cad>
     </gpxtpx:TrackPointExtension>
    </extensions>
   </trkpt>
   <trkpt lat="46.8018440" lon="130.3346130">
    <ele>77.0</ele>
    <time>2025-09-07T00:33:39Z</time>
    <extensions>
     <power>419</power>
     <gpxtpx:TrackPointExtension>
      <gpxtpx:atemp>26</gpxtpx:atemp>
      <gpxtpx:hr>187</gpxtpx:hr>
      <gpxtpx:cad>89</gpxtpx:cad>
     </gpxtpx:TrackPointExtension>
    </extensions>
   </trkpt>
   <trkpt lat="46.8018180" lon="130.3345830">
    <ele>77.0</ele>
    <time>2025-09-07T00:33:40Z</time>
    <extensions>
     <power>420</power>
     <gpxtpx:TrackPointExtension>
      <gpxtpx:atemp>26</gpxtpx:atemp>
      <gpxtpx:hr>188</gpxtpx:hr>
      <gpxtpx:cad>89</gpxtpx:cad>
     </gpxtpx:TrackPointExtension>
    </extensions>
   </trkpt>
   <trkpt lat="46.8017990" lon="130.3345500">
    <ele>77.0</ele>
    <time>2025-09-07T00:33:41Z</time>
    <extensions>
     <power>422</power>
     <gpxtpx:TrackPointExtension>
      <gpxtpx:atemp>26</gpxtpx:atemp>
      <gpxtpx:hr>188</gpxtpx:hr>
      <gpxtpx:cad>89</gpxtpx:cad>
     </gpxtpx:TrackPointExtension>
    </extensions>
   </trkpt>
   <trkpt lat="46.8017770" lon="130.3345120">
    <ele>77.2</ele>
    <time>2025-09-07T00:33:42Z</time>
    <extensions>
     <power>424</power>
     <gpxtpx:TrackPointExtension>
      <gpxtpx:atemp>26</gpxtpx:atemp>
      <gpxtpx:hr>188</gpxtpx:hr>
      <gpxtpx:cad>89</gpxtpx:cad>
     </gpxtpx:TrackPointExtension>
    </extensions>
   </trkpt>
   <trkpt lat="46.8017580" lon="130.3344790">
    <ele>77.4</ele>
    <time>2025-09-07T00:33:43Z</time>
    <extensions>
     <power>424</power>
     <gpxtpx:TrackPointExtension>
      <gpxtpx:atemp>26</gpxtpx:atemp>
      <gpxtpx:hr>188</gpxtpx:hr>
      <gpxtpx:cad>89</gpxtpx:cad>
     </gpxtpx:TrackPointExtension>
    </extensions>
   </trkpt>
   <trkpt lat="46.8017290" lon="130.3344520">
    <ele>77.6</ele>
    <time>2025-09-07T00:33:44Z</time>
    <extensions>
     <power>423</power>
     <gpxtpx:TrackPointExtension>
      <gpxtpx:atemp>26</gpxtpx:atemp>
      <gpxtpx:hr>188</gpxtpx:hr>
      <gpxtpx:cad>89</gpxtpx:cad>
     </gpxtpx:TrackPointExtension>
    </extensions>
   </trkpt>
   <trkpt lat="46.8017100" lon="130.3344140">
    <ele>77.6</ele>
    <time>2025-09-07T00:33:45Z</time>
    <extensions>
     <power>429</power>
     <gpxtpx:TrackPointExtension>
      <gpxtpx:atemp>26</gpxtpx:atemp>
      <gpxtpx:hr>188</gpxtpx:hr>
      <gpxtpx:cad>89</gpxtpx:cad>
     </gpxtpx:TrackPointExtension>
    </extensions>
   </trkpt>
   <trkpt lat="46.8016850" lon="130.3343820">
    <ele>77.8</ele>
    <time>2025-09-07T00:33:46Z</time>
    <extensions>
     <power>434</power>
     <gpxtpx:TrackPointExtension>
      <gpxtpx:atemp>26</gpxtpx:atemp>
      <gpxtpx:hr>188</gpxtpx:hr>
      <gpxtpx:cad>89</gpxtpx:cad>
     </gpxtpx:TrackPointExtension>
    </extensions>
   </trkpt>
   <trkpt lat="46.8016590" lon="130.3343530">
    <ele>77.8</ele>
    <time>2025-09-07T00:33:47Z</time>
    <extensions>
     <power>440</power>
     <gpxtpx:TrackPointExtension>
      <gpxtpx:atemp>26</gpxtpx:atemp>
      <gpxtpx:hr>188</gpxtpx:hr>
      <gpxtpx:cad>89</gpxtpx:cad>
     </gpxtpx:TrackPointExtension>
    </extensions>
   </trkpt>
   <trkpt lat="46.8016320" lon="130.3343220">
    <ele>77.8</ele>
    <time>2025-09-07T00:33:48Z</time>
    <extensions>
     <power>444</power>
     <gpxtpx:TrackPointExtension>
      <gpxtpx:atemp>26</gpxtpx:atemp>
      <gpxtpx:hr>188</gpxtpx:hr>
      <gpxtpx:cad>89</gpxtpx:cad>
     </gpxtpx:TrackPointExtension>
    </extensions>
   </trkpt>
   <trkpt lat="46.8016160" lon="130.3342890">
    <ele>78.0</ele>
    <time>2025-09-07T00:33:49Z</time>
    <extensions>
     <power>448</power>
     <gpxtpx:TrackPointExtension>
      <gpxtpx:atemp>26</gpxtpx:atemp>
      <gpxtpx:hr>188</gpxtpx:hr>
      <gpxtpx:cad>89</gpxtpx:cad>
     </gpxtpx:TrackPointExtension>
    </extensions>
   </trkpt>
   <trkpt lat="46.8015870" lon="130.3342580">
    <ele>78.2</ele>
    <time>2025-09-07T00:33:50Z</time>
    <extensions>
     <power>453</power>
     <gpxtpx:TrackPointExtension>
      <gpxtpx:atemp>26</gpxtpx:atemp>
      <gpxtpx:hr>188</gpxtpx:hr>
      <gpxtpx:cad>89</gpxtpx:cad>
     </gpxtpx:TrackPointExtension>
    </extensions>
   </trkpt>
   <trkpt lat="46.8015690" lon="130.3342340">
    <ele>78.4</ele>
    <time>2025-09-07T00:33:51Z</time>
    <extensions>
     <power>457</power>
     <gpxtpx:TrackPointExtension>
      <gpxtpx:atemp>26</gpxtpx:atemp>
      <gpxtpx:hr>188</gpxtpx:hr>
      <gpxtpx:cad>90</gpxtpx:cad>
     </gpxtpx:TrackPointExtension>
    </extensions>
   </trkpt>
   <trkpt lat="46.8015400" lon="130.3341950">
    <ele>78.6</ele>
    <time>2025-09-07T00:33:52Z</time>
    <extensions>
     <power>460</power>
     <gpxtpx:TrackPointExtension>
      <gpxtpx:atemp>26</gpxtpx:atemp>
      <gpxtpx:hr>188</gpxtpx:hr>
      <gpxtpx:cad>90</gpxtpx:cad>
     </gpxtpx:TrackPointExtension>
    </extensions>
   </trkpt>
   <trkpt lat="46.8015220" lon="130.3341680">
    <ele>78.8</ele>
    <time>2025-09-07T00:33:53Z</time>
    <extensions>
     <power>463</power>
     <gpxtpx:TrackPointExtension>
      <gpxtpx:atemp>26</gpxtpx:atemp>
      <gpxtpx:hr>188</gpxtpx:hr>
      <gpxtpx:cad>90</gpxtpx:cad>
     </gpxtpx:TrackPointExtension>
    </extensions>
   </trkpt>
   <trkpt lat="46.8014950" lon="130.3341400">
    <ele>78.8</ele>
    <time>2025-09-07T00:33:54Z</time>
    <extensions>
     <power>467</power>
     <gpxtpx:TrackPointExtension>
      <gpxtpx:atemp>26</gpxtpx:atemp>
      <gpxtpx:hr>188</gpxtpx:hr>
      <gpxtpx:cad>90</gpxtpx:cad>
     </gpxtpx:TrackPointExtension>
    </extensions>
   </trkpt>
   <trkpt lat="46.8014750" lon="130.3341140">
    <ele>79.0</ele>
    <time>2025-09-07T00:33:55Z</time>
    <extensions>
     <power>470</power>
     <gpxtpx:TrackPointExtension>
      <gpxtpx:atemp>26</gpxtpx:atemp>
      <gpxtpx:hr>188</gpxtpx:hr>
      <gpxtpx:cad>90</gpxtpx:cad>
     </gpxtpx:TrackPointExtension>
    </extensions>
   </trkpt>
   <trkpt lat="46.8014520" lon="130.3340850">
    <ele>79.2</ele>
    <time>2025-09-07T00:33:56Z</time>
    <extensions>
     <power>471</power>
     <gpxtpx:TrackPointExtension>
      <gpxtpx:atemp>26</gpxtpx:atemp>
      <gpxtpx:hr>189</gpxtpx:hr>
      <gpxtpx:cad>89</gpxtpx:cad>
     </gpxtpx:TrackPointExtension>
    </extensions>
   </trkpt>
   <trkpt lat="46.8014290" lon="130.3340560">
    <ele>79.4</ele>
    <time>2025-09-07T00:33:57Z</time>
    <extensions>
     <power>472</power>
     <gpxtpx:TrackPointExtension>
      <gpxtpx:atemp>26</gpxtpx:atemp>
      <gpxtpx:hr>188</gpxtpx:hr>
      <gpxtpx:cad>89</gpxtpx:cad>
     </gpxtpx:TrackPointExtension>
    </extensions>
   </trkpt>
   <trkpt lat="46.8014020" lon="130.3340200">
    <ele>79.6</ele>
    <time>2025-09-07T00:33:58Z</time>
    <extensions>
     <power>472</power>
     <gpxtpx:TrackPointExtension>
      <gpxtpx:atemp>26</gpxtpx:atemp>
      <gpxtpx:hr>188</gpxtpx:hr>
      <gpxtpx:cad>89</gpxtpx:cad>
     </gpxtpx:TrackPointExtension>
    </extensions>
   </trkpt>
   <trkpt lat="46.8013860" lon="130.3339890">
    <ele>79.6</ele>
    <time>2025-09-07T00:33:59Z</time>
    <extensions>
     <power>473</power>
     <gpxtpx:TrackPointExtension>
      <gpxtpx:atemp>26</gpxtpx:atemp>
      <gpxtpx:hr>188</gpxtpx:hr>
      <gpxtpx:cad>89</gpxtpx:cad>
     </gpxtpx:TrackPointExtension>
    </extensions>
   </trkpt>
   <trkpt lat="46.8013610" lon="130.3339570">
    <ele>79.8</ele>
    <time>2025-09-07T00:34:00Z</time>
    <extensions>
     <power>473</power>
     <gpxtpx:TrackPointExtension>
      <gpxtpx:atemp>26</gpxtpx:atemp>
      <gpxtpx:hr>188</gpxtpx:hr>
      <gpxtpx:cad>89</gpxtpx:cad>
     </gpxtpx:TrackPointExtension>
    </extensions>
   </trkpt>
   <trkpt lat="46.8013430" lon="130.3339250">
    <ele>80.0</ele>
    <time>2025-09-07T00:34:01Z</time>
    <extensions>
     <power>469</power>
     <gpxtpx:TrackPointExtension>
      <gpxtpx:atemp>26</gpxtpx:atemp>
      <gpxtpx:hr>189</gpxtpx:hr>
      <gpxtpx:cad>89</gpxtpx:cad>
     </gpxtpx:TrackPointExtension>
    </extensions>
   </trkpt>
   <trkpt lat="46.8013190" lon="130.3338920">
    <ele>80.0</ele>
    <time>2025-09-07T00:34:02Z</time>
    <extensions>
     <power>466</power>
     <gpxtpx:TrackPointExtension>
      <gpxtpx:atemp>26</gpxtpx:atemp>
      <gpxtpx:hr>188</gpxtpx:hr>
      <gpxtpx:cad>89</gpxtpx:cad>
     </gpxtpx:TrackPointExtension>
    </extensions>
   </trkpt>
   <trkpt lat="46.8012990" lon="130.3338620">
    <ele>80.0</ele>
    <time>2025-09-07T00:34:03Z</time>
    <extensions>
     <power>460</power>
     <gpxtpx:TrackPointExtension>
      <gpxtpx:atemp>26</gpxtpx:atemp>
      <gpxtpx:hr>188</gpxtpx:hr>
      <gpxtpx:cad>89</gpxtpx:cad>
     </gpxtpx:TrackPointExtension>
    </extensions>
   </trkpt>
   <trkpt lat="46.8012700" lon="130.3338310">
    <ele>80.0</ele>
    <time>2025-09-07T00:34:04Z</time>
    <extensions>
     <power>454</power>
     <gpxtpx:TrackPointExtension>
      <gpxtpx:atemp>26</gpxtpx:atemp>
      <gpxtpx:hr>188</gpxtpx:hr>
      <gpxtpx:cad>89</gpxtpx:cad>
     </gpxtpx:TrackPointExtension>
    </extensions>
   </trkpt>
   <trkpt lat="46.8012490" lon="130.3337960">
    <ele>80.2</ele>
    <time>2025-09-07T00:34:05Z</time>
    <extensions>
     <power>449</power>
     <gpxtpx:TrackPointExtension>
      <gpxtpx:atemp>26</gpxtpx:atemp>
      <gpxtpx:hr>188</gpxtpx:hr>
      <gpxtpx:cad>89</gpxtpx:cad>
     </gpxtpx:TrackPointExtension>
    </extensions>
   </trkpt>
   <trkpt lat="46.8012180" lon="130.3337600">
    <ele>80.2</ele>
    <time>2025-09-07T00:34:06Z</time>
    <extensions>
     <power>445</power>
     <gpxtpx:TrackPointExtension>
      <gpxtpx:atemp>26</gpxtpx:atemp>
      <gpxtpx:hr>189</gpxtpx:hr>
      <gpxtpx:cad>89</gpxtpx:cad>
     </gpxtpx:TrackPointExtension>
    </extensions>
   </trkpt>
   <trkpt lat="46.8011960" lon="130.3337280">
    <ele>80.2</ele>
    <time>2025-09-07T00:34:07Z</time>
    <extensions>
     <power>440</power>
     <gpxtpx:TrackPointExtension>
      <gpxtpx:atemp>26</gpxtpx:atemp>
      <gpxtpx:hr>188</gpxtpx:hr>
      <gpxtpx:cad>89</gpxtpx:cad>
     </gpxtpx:TrackPointExtension>
    </extensions>
   </trkpt>
   <trkpt lat="46.8011680" lon="130.3336890">
    <ele>80.2</ele>
    <time>2025-09-07T00:34:08Z</time>
    <extensions>
     <power>435</power>
     <gpxtpx:TrackPointExtension>
      <gpxtpx:atemp>26</gpxtpx:atemp>
      <gpxtpx:hr>188</gpxtpx:hr>
      <gpxtpx:cad>90</gpxtpx:cad>
     </gpxtpx:TrackPointExtension>
    </extensions>
   </trkpt>
   <trkpt lat="46.8011520" lon="130.3336560">
    <ele>80.4</ele>
    <time>2025-09-07T00:34:09Z</time>
    <extensions>
     <power>429</power>
     <gpxtpx:TrackPointExtension>
      <gpxtpx:atemp>26</gpxtpx:atemp>
      <gpxtpx:hr>188</gpxtpx:hr>
      <gpxtpx:cad>90</gpxtpx:cad>
     </gpxtpx:TrackPointExtension>
    </extensions>
   </trkpt>
   <trkpt lat="46.8011260" lon="130.3336170">
    <ele>80.2</ele>
    <time>2025-09-07T00:34:10Z</time>
    <extensions>
     <power>422</power>
     <gpxtpx:TrackPointExtension>
      <gpxtpx:atemp>26</gpxtpx:atemp>
      <gpxtpx:hr>188</gpxtpx:hr>
      <gpxtpx:cad>90</gpxtpx:cad>
     </gpxtpx:TrackPointExtension>
    </extensions>
   </trkpt>
   <trkpt lat="46.8011090" lon="130.3335830">
    <ele>80.2</ele>
    <time>2025-09-07T00:34:11Z</time>
    <extensions>
     <power>416</power>
     <gpxtpx:TrackPointExtension>
      <gpxtpx:atemp>26</gpxtpx:atemp>
      <gpxtpx:hr>188</gpxtpx:hr>
      <gpxtpx:cad>90</gpxtpx:cad>
     </gpxtpx:TrackPointExtension>
    </extensions>
   </trkpt>
   <trkpt lat="46.8010850" lon="130.3335460">
    <ele>80.0</ele>
    <time>2025-09-07T00:34:12Z</time>
    <extensions>
     <power>408</power>
     <gpxtpx:TrackPointExtension>
      <gpxtpx:atemp>26</gpxtpx:atemp>
      <gpxtpx:hr>188</gpxtpx:hr>
      <gpxtpx:cad>90</gpxtpx:cad>
     </gpxtpx:TrackPointExtension>
    </extensions>
   </trkpt>
   <trkpt lat="46.8010640" lon="130.3335110">
    <ele>80.0</ele>
    <time>2025-09-07T00:34:13Z</time>
    <extensions>
     <power>401</power>
     <gpxtpx:TrackPointExtension>
      <gpxtpx:atemp>26</gpxtpx:atemp>
      <gpxtpx:hr>188</gpxtpx:hr>
      <gpxtpx:cad>90</gpxtpx:cad>
     </gpxtpx:TrackPointExtension>
    </extensions>
   </trkpt>
   <trkpt lat="46.8010410" lon="130.3334680">
    <ele>79.8</ele>
    <time>2025-09-07T00:34:14Z</time>
    <extensions>
     <power>395</power>
     <gpxtpx:TrackPointExtension>
      <gpxtpx:atemp>26</gpxtpx:atemp>
      <gpxtpx:hr>188</gpxtpx:hr>
      <gpxtpx:cad>89</gpxtpx:cad>
     </gpxtpx:TrackPointExtension>
    </extensions>
   </trkpt>
   <trkpt lat="46.8010180" lon="130.3334250">
    <ele>79.8</ele>
    <time>2025-09-07T00:34:15Z</time>
    <extensions>
     <power>389</power>
     <gpxtpx:TrackPointExtension>
      <gpxtpx:atemp>26</gpxtpx:atemp>
      <gpxtpx:hr>188</gpxtpx:hr>
      <gpxtpx:cad>89</gpxtpx:cad>
     </gpxtpx:TrackPointExtension>
    </extensions>
   </trkpt>
   <trkpt lat="46.8009950" lon="130.3333820">
    <ele>79.8</ele>
    <time>2025-09-07T00:34:16Z</time>
    <extensions>
     <power>384</power>
     <gpxtpx:TrackPointExtension>
      <gpxtpx:atemp>26</gpxtpx:atemp>
      <gpxtpx:hr>188</gpxtpx:hr>
      <gpxtpx:cad>89</gpxtpx:cad>
     </gpxtpx:TrackPointExtension>
    </extensions>
   </trkpt>
   <trkpt lat="46.8009660" lon="130.3333440">
    <ele>80.0</ele>
    <time>2025-09-07T00:34:17Z</time>
    <extensions>
     <power>384</power>
     <gpxtpx:TrackPointExtension>
      <gpxtpx:atemp>26</gpxtpx:atemp>
      <gpxtpx:hr>188</gpxtpx:hr>
      <gpxtpx:cad>89</gpxtpx:cad>
     </gpxtpx:TrackPointExtension>
    </extensions>
   </trkpt>
   <trkpt lat="46.8009440" lon="130.3333210">
    <ele>80.0</ele>
    <time>2025-09-07T00:34:18Z</time>
    <extensions>
     <power>380</power>
     <gpxtpx:TrackPointExtension>
      <gpxtpx:atemp>26</gpxtpx:atemp>
      <gpxtpx:hr>188</gpxtpx:hr>
      <gpxtpx:cad>89</gpxtpx:cad>
     </gpxtpx:TrackPointExtension>
    </extensions>
   </trkpt>
   <trkpt lat="46.8009150" lon="130.3333010">
    <ele>80.2</ele>
    <time>2025-09-07T00:34:19Z</time>
    <extensions>
     <power>376</power>
     <gpxtpx:TrackPointExtension>
      <gpxtpx:atemp>26</gpxtpx:atemp>
      <gpxtpx:hr>188</gpxtpx:hr>
      <gpxtpx:cad>89</gpxtpx:cad>
     </gpxtpx:TrackPointExtension>
    </extensions>
   </trkpt>
   <trkpt lat="46.8008880" lon="130.3332760">
    <ele>80.2</ele>
    <time>2025-09-07T00:34:20Z</time>
    <extensions>
     <power>373</power>
     <gpxtpx:TrackPointExtension>
      <gpxtpx:atemp>26</gpxtpx:atemp>
      <gpxtpx:hr>188</gpxtpx:hr>
      <gpxtpx:cad>89</gpxtpx:cad>
     </gpxtpx:TrackPointExtension>
    </extensions>
   </trkpt>
   <trkpt lat="46.8008620" lon="130.3332440">
    <ele>80.2</ele>
    <time>2025-09-07T00:34:21Z</time>
    <extensions>
     <power>368</power>
     <gpxtpx:TrackPointExtension>
      <gpxtpx:atemp>26</gpxtpx:atemp>
      <gpxtpx:hr>188</gpxtpx:hr>
      <gpxtpx:cad>89</gpxtpx:cad>
     </gpxtpx:TrackPointExtension>
    </extensions>
   </trkpt>
   <trkpt lat="46.8008290" lon="130.3332120">
    <ele>80.2</ele>
    <time>2025-09-07T00:34:22Z</time>
    <extensions>
     <power>363</power>
     <gpxtpx:TrackPointExtension>
      <gpxtpx:atemp>26</gpxtpx:atemp>
      <gpxtpx:hr>187</gpxtpx:hr>
      <gpxtpx:cad>89</gpxtpx:cad>
     </gpxtpx:TrackPointExtension>
    </extensions>
   </trkpt>
   <trkpt lat="46.8007990" lon="130.3331750">
    <ele>79.8</ele>
    <time>2025-09-07T00:34:23Z</time>
    <extensions>
     <power>358</power>
     <gpxtpx:TrackPointExtension>
      <gpxtpx:atemp>26</gpxtpx:atemp>
      <gpxtpx:hr>187</gpxtpx:hr>
      <gpxtpx:cad>89</gpxtpx:cad>
     </gpxtpx:TrackPointExtension>
    </extensions>
   </trkpt>
   <trkpt lat="46.8007700" lon="130.3331350">
    <ele>79.8</ele>
    <time>2025-09-07T00:34:24Z</time>
    <extensions>
     <power>357</power>
     <gpxtpx:TrackPointExtension>
      <gpxtpx:atemp>26</gpxtpx:atemp>
      <gpxtpx:hr>187</gpxtpx:hr>
      <gpxtpx:cad>90</gpxtpx:cad>
     </gpxtpx:TrackPointExtension>
    </extensions>
   </trkpt>
   <trkpt lat="46.8007470" lon="130.3330940">
    <ele>79.6</ele>
    <time>2025-09-07T00:34:25Z</time>
    <extensions>
     <power>359</power>
     <gpxtpx:TrackPointExtension>
      <gpxtpx:atemp>26</gpxtpx:atemp>
      <gpxtpx:hr>187</gpxtpx:hr>
      <gpxtpx:cad>90</gpxtpx:cad>
     </gpxtpx:TrackPointExtension>
    </extensions>
   </trkpt>
   <trkpt lat="46.8007230" lon="130.3330540">
    <ele>79.6</ele>
    <time>2025-09-07T00:34:26Z</time>
    <extensions>
     <power>361</power>
     <gpxtpx:TrackPointExtension>
      <gpxtpx:atemp>26</gpxtpx:atemp>
      <gpxtpx:hr>187</gpxtpx:hr>
      <gpxtpx:cad>90</gpxtpx:cad>
     </gpxtpx:TrackPointExtension>
    </extensions>
   </trkpt>
   <trkpt lat="46.8007040" lon="130.3330170">
    <ele>79.8</ele>
    <time>2025-09-07T00:34:27Z</time>
    <extensions>
     <power>364</power>
     <gpxtpx:TrackPointExtension>
      <gpxtpx:atemp>26</gpxtpx:atemp>
      <gpxtpx:hr>187</gpxtpx:hr>
      <gpxtpx:cad>90</gpxtpx:cad>
     </gpxtpx:TrackPointExtension>
    </extensions>
   </trkpt>
   <trkpt lat="46.8006830" lon="130.3329840">
    <ele>80.0</ele>
    <time>2025-09-07T00:34:28Z</time>
    <extensions>
     <power>365</power>
     <gpxtpx:TrackPointExtension>
      <gpxtpx:atemp>26</gpxtpx:atemp>
      <gpxtpx:hr>187</gpxtpx:hr>
      <gpxtpx:cad>89</gpxtpx:cad>
     </gpxtpx:TrackPointExtension>
    </extensions>
   </trkpt>
   <trkpt lat="46.8006590" lon="130.3329470">
    <ele>80.0</ele>
    <time>2025-09-07T00:34:29Z</time>
    <extensions>
     <power>365</power>
     <gpxtpx:TrackPointExtension>
      <gpxtpx:atemp>26</gpxtpx:atemp>
      <gpxtpx:hr>187</gpxtpx:hr>
      <gpxtpx:cad>89</gpxtpx:cad>
     </gpxtpx:TrackPointExtension>
    </extensions>
   </trkpt>
   <trkpt lat="46.8006360" lon="130.3329100">
    <ele>80.0</ele>
    <time>2025-09-07T00:34:30Z</time>
    <extensions>
     <power>363</power>
     <gpxtpx:TrackPointExtension>
      <gpxtpx:atemp>26</gpxtpx:atemp>
      <gpxtpx:hr>187</gpxtpx:hr>
      <gpxtpx:cad>89</gpxtpx:cad>
     </gpxtpx:TrackPointExtension>
    </extensions>
   </trkpt>
   <trkpt lat="46.8006160" lon="130.3328700">
    <ele>80.0</ele>
    <time>2025-09-07T00:34:31Z</time>
    <extensions>
     <power>363</power>
     <gpxtpx:TrackPointExtension>
      <gpxtpx:atemp>26</gpxtpx:atemp>
      <gpxtpx:hr>187</gpxtpx:hr>
      <gpxtpx:cad>89</gpxtpx:cad>
     </gpxtpx:TrackPointExtension>
    </extensions>
   </trkpt>
   <trkpt lat="46.8005890" lon="130.3328330">
    <ele>80.0</ele>
    <time>2025-09-07T00:34:32Z</time>
    <extensions>
     <power>362</power>
     <gpxtpx:TrackPointExtension>
      <gpxtpx:atemp>26</gpxtpx:atemp>
      <gpxtpx:hr>187</gpxtpx:hr>
      <gpxtpx:cad>89</gpxtpx:cad>
     </gpxtpx:TrackPointExtension>
    </extensions>
   </trkpt>
   <trkpt lat="46.8005650" lon="130.3327940">
    <ele>80.0</ele>
    <time>2025-09-07T00:34:33Z</time>
    <extensions>
     <power>363</power>
     <gpxtpx:TrackPointExtension>
      <gpxtpx:atemp>26</gpxtpx:atemp>
      <gpxtpx:hr>187</gpxtpx:hr>
      <gpxtpx:cad>89</gpxtpx:cad>
     </gpxtpx:TrackPointExtension>
    </extensions>
   </trkpt>
   <trkpt lat="46.8005390" lon="130.3327620">
    <ele>80.0</ele>
    <time>2025-09-07T00:34:34Z</time>
    <extensions>
     <power>363</power>
     <gpxtpx:TrackPointExtension>
      <gpxtpx:atemp>26</gpxtpx:atemp>
      <gpxtpx:hr>187</gpxtpx:hr>
      <gpxtpx:cad>89</gpxtpx:cad>
     </gpxtpx:TrackPointExtension>
    </extensions>
   </trkpt>
   <trkpt lat="46.8005090" lon="130.3327330">
    <ele>80.0</ele>
    <time>2025-09-07T00:34:35Z</time>
    <extensions>
     <power>361</power>
     <gpxtpx:TrackPointExtension>
      <gpxtpx:atemp>26</gpxtpx:atemp>
      <gpxtpx:hr>187</gpxtpx:hr>
      <gpxtpx:cad>90</gpxtpx:cad>
     </gpxtpx:TrackPointExtension>
    </extensions>
   </trkpt>
   <trkpt lat="46.8004800" lon="130.3326990">
    <ele>80.0</ele>
    <time>2025-09-07T00:34:36Z</time>
    <extensions>
     <power>362</power>
     <gpxtpx:TrackPointExtension>
      <gpxtpx:atemp>26</gpxtpx:atemp>
      <gpxtpx:hr>187</gpxtpx:hr>
      <gpxtpx:cad>90</gpxtpx:cad>
     </gpxtpx:TrackPointExtension>
    </extensions>
   </trkpt>
   <trkpt lat="46.8004540" lon="130.3326700">
    <ele>80.2</ele>
    <time>2025-09-07T00:34:37Z</time>
    <extensions>
     <power>363</power>
     <gpxtpx:TrackPointExtension>
      <gpxtpx:atemp>26</gpxtpx:atemp>
      <gpxtpx:hr>187</gpxtpx:hr>
      <gpxtpx:cad>90</gpxtpx:cad>
     </gpxtpx:TrackPointExtension>
    </extensions>
   </trkpt>
   <trkpt lat="46.8004260" lon="130.3326400">
    <ele>80.2</ele>
    <time>2025-09-07T00:34:38Z</time>
    <extensions>
     <power>365</power>
     <gpxtpx:TrackPointExtension>
      <gpxtpx:atemp>26</gpxtpx:atemp>
      <gpxtpx:hr>187</gpxtpx:hr>
      <gpxtpx:cad>90</gpxtpx:cad>
     </gpxtpx:TrackPointExtension>
    </extensions>
   </trkpt>
   <trkpt lat="46.8004000" lon="130.3326080">
    <ele>80.2</ele>
    <time>2025-09-07T00:34:39Z</time>
    <extensions>
     <power>365</power>
     <gpxtpx:TrackPointExtension>
      <gpxtpx:atemp>26</gpxtpx:atemp>
      <gpxtpx:hr>187</gpxtpx:hr>
      <gpxtpx:cad>89</gpxtpx:cad>
     </gpxtpx:TrackPointExtension>
    </extensions>
   </trkpt>
   <trkpt lat="46.8003730" lon="130.3325800">
    <ele>80.2</ele>
    <time>2025-09-07T00:34:40Z</time>
    <extensions>
     <power>366</power>
     <gpxtpx:TrackPointExtension>
      <gpxtpx:atemp>26</gpxtpx:atemp>
      <gpxtpx:hr>187</gpxtpx:hr>
      <gpxtpx:cad>89</gpxtpx:cad>
     </gpxtpx:TrackPointExtension>
    </extensions>
   </trkpt>
   <trkpt lat="46.8003450" lon="130.3325520">
    <ele>80.2</ele>
    <time>2025-09-07T00:34:41Z</time>
    <extensions>
     <power>366</power>
     <gpxtpx:TrackPointExtension>
      <gpxtpx:atemp>26</gpxtpx:atemp>
      <gpxtpx:hr>187</gpxtpx:hr>
      <gpxtpx:cad>89</gpxtpx:cad>
     </gpxtpx:TrackPointExtension>
    </extensions>
   </trkpt>
   <trkpt lat="46.8003150" lon="130.3325200">
    <ele>80.0</ele>
    <time>2025-09-07T00:34:42Z</time>
    <extensions>
     <power>364</power>
     <gpxtpx:TrackPointExtension>
      <gpxtpx:atemp>26</gpxtpx:atemp>
      <gpxtpx:hr>187</gpxtpx:hr>
      <gpxtpx:cad>89</gpxtpx:cad>
     </gpxtpx:TrackPointExtension>
    </extensions>
   </trkpt>
   <trkpt lat="46.8002920" lon="130.3324950">
    <ele>80.0</ele>
    <time>2025-09-07T00:34:43Z</time>
    <extensions>
     <power>365</power>
     <gpxtpx:TrackPointExtension>
      <gpxtpx:atemp>26</gpxtpx:atemp>
      <gpxtpx:hr>187</gpxtpx:hr>
      <gpxtpx:cad>89</gpxtpx:cad>
     </gpxtpx:TrackPointExtension>
    </extensions>
   </trkpt>
   <trkpt lat="46.8002670" lon="130.3324690">
    <ele>80.0</ele>
    <time>2025-09-07T00:34:44Z</time>
    <extensions>
     <power>365</power>
     <gpxtpx:TrackPointExtension>
      <gpxtpx:atemp>26</gpxtpx:atemp>
      <gpxtpx:hr>187</gpxtpx:hr>
      <gpxtpx:cad>90</gpxtpx:cad>
     </gpxtpx:TrackPointExtension>
    </extensions>
   </trkpt>
   <trkpt lat="46.8002410" lon="130.3324440">
    <ele>80.0</ele>
    <time>2025-09-07T00:34:45Z</time>
    <extensions>
     <power>364</power>
     <gpxtpx:TrackPointExtension>
      <gpxtpx:atemp>26</gpxtpx:atemp>
      <gpxtpx:hr>187</gpxtpx:hr>
      <gpxtpx:cad>90</gpxtpx:cad>
     </gpxtpx:TrackPointExtension>
    </extensions>
   </trkpt>
   <trkpt lat="46.8002140" lon="130.3324160">
    <ele>79.8</ele>
    <time>2025-09-07T00:34:46Z</time>
    <extensions>
     <power>363</power>
     <gpxtpx:TrackPointExtension>
      <gpxtpx:atemp>26</gpxtpx:atemp>
      <gpxtpx:hr>187</gpxtpx:hr>
      <gpxtpx:cad>90</gpxtpx:cad>
     </gpxtpx:TrackPointExtension>
    </extensions>
   </trkpt>
   <trkpt lat="46.8001870" lon="130.3323860">
    <ele>79.8</ele>
    <time>2025-09-07T00:34:47Z</time>
    <extensions>
     <power>363</power>
     <gpxtpx:TrackPointExtension>
      <gpxtpx:atemp>25</gpxtpx:atemp>
      <gpxtpx:hr>187</gpxtpx:hr>
      <gpxtpx:cad>90</gpxtpx:cad>
     </gpxtpx:TrackPointExtension>
    </extensions>
   </trkpt>
   <trkpt lat="46.8001610" lon="130.3323510">
    <ele>80.0</ele>
    <time>2025-09-07T00:34:48Z</time>
    <extensions>
     <power>363</power>
     <gpxtpx:TrackPointExtension>
      <gpxtpx:atemp>26</gpxtpx:atemp>
      <gpxtpx:hr>186</gpxtpx:hr>
      <gpxtpx:cad>90</gpxtpx:cad>
     </gpxtpx:TrackPointExtension>
    </extensions>
   </trkpt>
   <trkpt lat="46.8001380" lon="130.3323180">
    <ele>80.0</ele>
    <time>2025-09-07T00:34:49Z</time>
    <extensions>
     <power>364</power>
     <gpxtpx:TrackPointExtension>
      <gpxtpx:atemp>26</gpxtpx:atemp>
      <gpxtpx:hr>187</gpxtpx:hr>
      <gpxtpx:cad>90</gpxtpx:cad>
     </gpxtpx:TrackPointExtension>
    </extensions>
   </trkpt>
   <trkpt lat="46.8001120" lon="130.3322830">
    <ele>80.0</ele>
    <time>2025-09-07T00:34:50Z</time>
    <extensions>
     <power>365</power>
     <gpxtpx:TrackPointExtension>
      <gpxtpx:atemp>26</gpxtpx:atemp>
      <gpxtpx:hr>187</gpxtpx:hr>
      <gpxtpx:cad>90</gpxtpx:cad>
     </gpxtpx:TrackPointExtension>
    </extensions>
   </trkpt>
   <trkpt lat="46.8000910" lon="130.3322480">
    <ele>80.2</ele>
    <time>2025-09-07T00:34:51Z</time>
    <extensions>
     <power>365</power>
     <gpxtpx:TrackPointExtension>
      <gpxtpx:atemp>25</gpxtpx:atemp>
      <gpxtpx:hr>186</gpxtpx:hr>
      <gpxtpx:cad>90</gpxtpx:cad>
     </gpxtpx:TrackPointExtension>
    </extensions>
   </trkpt>
   <trkpt lat="46.8000620" lon="130.3322130">
    <ele>80.2</ele>
    <time>2025-09-07T00:34:52Z</time>
    <extensions>
     <power>364</power>
     <gpxtpx:TrackPointExtension>
      <gpxtpx:atemp>26</gpxtpx:atemp>
      <gpxtpx:hr>187</gpxtpx:hr>
      <gpxtpx:cad>90</gpxtpx:cad>
     </gpxtpx:TrackPointExtension>
    </extensions>
   </trkpt>
   <trkpt lat="46.8000440" lon="130.3321800">
    <ele>80.2</ele>
    <time>2025-09-07T00:34:53Z</time>
    <extensions>
     <power>364</power>
     <gpxtpx:TrackPointExtension>
      <gpxtpx:atemp>25</gpxtpx:atemp>
      <gpxtpx:hr>187</gpxtpx:hr>
      <gpxtpx:cad>90</gpxtpx:cad>
     </gpxtpx:TrackPointExtension>
    </extensions>
   </trkpt>
   <trkpt lat="46.8000200" lon="130.3321470">
    <ele>80.0</ele>
    <time>2025-09-07T00:34:54Z</time>
    <extensions>
     <power>364</power>
     <gpxtpx:TrackPointExtension>
      <gpxtpx:atemp>26</gpxtpx:atemp>
      <gpxtpx:hr>186</gpxtpx:hr>
      <gpxtpx:cad>89</gpxtpx:cad>
     </gpxtpx:TrackPointExtension>
    </extensions>
   </trkpt>
   <trkpt lat="46.7999940" lon="130.3321180">
    <ele>80.0</ele>
    <time>2025-09-07T00:34:55Z</time>
    <extensions>
     <power>366</power>
     <gpxtpx:TrackPointExtension>
      <gpxtpx:atemp>26</gpxtpx:atemp>
      <gpxtpx:hr>186</gpxtpx:hr>
      <gpxtpx:cad>89</gpxtpx:cad>
     </gpxtpx:TrackPointExtension>
    </extensions>
   </trkpt>
   <trkpt lat="46.7999690" lon="130.3320880">
    <ele>80.0</ele>
    <time>2025-09-07T00:34:56Z</time>
    <extensions>
     <power>367</power>
     <gpxtpx:TrackPointExtension>
      <gpxtpx:atemp>25</gpxtpx:atemp>
      <gpxtpx:hr>186</gpxtpx:hr>
      <gpxtpx:cad>89</gpxtpx:cad>
     </gpxtpx:TrackPointExtension>
    </extensions>
   </trkpt>
   <trkpt lat="46.7999440" lon="130.3320560">
    <ele>80.0</ele>
    <time>2025-09-07T00:34:57Z</time>
    <extensions>
     <power>368</power>
     <gpxtpx:TrackPointExtension>
      <gpxtpx:atemp>26</gpxtpx:atemp>
      <gpxtpx:hr>186</gpxtpx:hr>
      <gpxtpx:cad>89</gpxtpx:cad>
     </gpxtpx:TrackPointExtension>
    </extensions>
   </trkpt>
   <trkpt lat="46.7999170" lon="130.3320210">
    <ele>80.0</ele>
    <time>2025-09-07T00:34:58Z</time>
    <extensions>
     <power>368</power>
     <gpxtpx:TrackPointExtension>
      <gpxtpx:atemp>25</gpxtpx:atemp>
      <gpxtpx:hr>187</gpxtpx:hr>
      <gpxtpx:cad>89</gpxtpx:cad>
     </gpxtpx:TrackPointExtension>
    </extensions>
   </trkpt>
   <trkpt lat="46.7998980" lon="130.3319790">
    <ele>80.0</ele>
    <time>2025-09-07T00:34:59Z</time>
    <extensions>
     <power>368</power>
     <gpxtpx:TrackPointExtension>
      <gpxtpx:atemp>25</gpxtpx:atemp>
      <gpxtpx:hr>186</gpxtpx:hr>
      <gpxtpx:cad>89</gpxtpx:cad>
     </gpxtpx:TrackPointExtension>
    </extensions>
   </trkpt>
   <trkpt lat="46.7998740" lon="130.3319410">
    <ele>80.0</ele>
    <time>2025-09-07T00:35:00Z</time>
    <extensions>
     <power>369</power>
     <gpxtpx:TrackPointExtension>
      <gpxtpx:atemp>25</gpxtpx:atemp>
      <gpxtpx:hr>186</gpxtpx:hr>
      <gpxtpx:cad>90</gpxtpx:cad>
     </gpxtpx:TrackPointExtension>
    </extensions>
   </trkpt>
   <trkpt lat="46.7998480" lon="130.3319040">
    <ele>80.2</ele>
    <time>2025-09-07T00:35:01Z</time>
    <extensions>
     <power>370</power>
     <gpxtpx:TrackPointExtension>
      <gpxtpx:atemp>26</gpxtpx:atemp>
      <gpxtpx:hr>187</gpxtpx:hr>
      <gpxtpx:cad>90</gpxtpx:cad>
     </gpxtpx:TrackPointExtension>
    </extensions>
   </trkpt>
   <trkpt lat="46.7998230" lon="130.3318680">
    <ele>80.4</ele>
    <time>2025-09-07T00:35:02Z</time>
    <extensions>
     <power>370</power>
     <gpxtpx:TrackPointExtension>
      <gpxtpx:atemp>26</gpxtpx:atemp>
      <gpxtpx:hr>187</gpxtpx:hr>
      <gpxtpx:cad>89</gpxtpx:cad>
     </gpxtpx:TrackPointExtension>
    </extensions>
   </trkpt>
   <trkpt lat="46.7998010" lon="130.3318380">
    <ele>80.4</ele>
    <time>2025-09-07T00:35:03Z</time>
    <extensions>
     <power>372</power>
     <gpxtpx:TrackPointExtension>
      <gpxtpx:atemp>25</gpxtpx:atemp>
      <gpxtpx:hr>187</gpxtpx:hr>
      <gpxtpx:cad>89</gpxtpx:cad>
     </gpxtpx:TrackPointExtension>
    </extensions>
   </trkpt>
   <trkpt lat="46.7997780" lon="130.3318030">
    <ele>80.4</ele>
    <time>2025-09-07T00:35:04Z</time>
    <extensions>
     <power>372</power>
     <gpxtpx:TrackPointExtension>
      <gpxtpx:atemp>25</gpxtpx:atemp>
      <gpxtpx:hr>187</gpxtpx:hr>
      <gpxtpx:cad>90</gpxtpx:cad>
     </gpxtpx:TrackPointExtension>
    </extensions>
   </trkpt>
   <trkpt lat="46.7997530" lon="130.3317690">
    <ele>80.6</ele>
    <time>2025-09-07T00:35:05Z</time>
    <extensions>
     <power>372</power>
     <gpxtpx:TrackPointExtension>
      <gpxtpx:atemp>26</gpxtpx:atemp>
      <gpxtpx:hr>187</gpxtpx:hr>
      <gpxtpx:cad>91</gpxtpx:cad>
     </gpxtpx:TrackPointExtension>
    </extensions>
   </trkpt>
   <trkpt lat="46.7997250" lon="130.3317360">
    <ele>80.4</ele>
    <time>2025-09-07T00:35:06Z</time>
    <extensions>
     <power>370</power>
     <gpxtpx:TrackPointExtension>
      <gpxtpx:atemp>25</gpxtpx:atemp>
      <gpxtpx:hr>187</gpxtpx:hr>
      <gpxtpx:cad>91</gpxtpx:cad>
     </gpxtpx:TrackPointExtension>
    </extensions>
   </trkpt>
   <trkpt lat="46.7997040" lon="130.3317040">
    <ele>80.4</ele>
    <time>2025-09-07T00:35:07Z</time>
    <extensions>
     <power>371</power>
     <gpxtpx:TrackPointExtension>
      <gpxtpx:atemp>25</gpxtpx:atemp>
      <gpxtpx:hr>187</gpxtpx:hr>
      <gpxtpx:cad>91</gpxtpx:cad>
     </gpxtpx:TrackPointExtension>
    </extensions>
   </trkpt>
   <trkpt lat="46.7996740" lon="130.3316710">
    <ele>80.4</ele>
    <time>2025-09-07T00:35:08Z</time>
    <extensions>
     <power>371</power>
     <gpxtpx:TrackPointExtension>
      <gpxtpx:atemp>25</gpxtpx:atemp>
      <gpxtpx:hr>187</gpxtpx:hr>
      <gpxtpx:cad>90</gpxtpx:cad>
     </gpxtpx:TrackPointExtension>
    </extensions>
   </trkpt>
   <trkpt lat="46.7996560" lon="130.3316370">
    <ele>80.4</ele>
    <time>2025-09-07T00:35:09Z</time>
    <extensions>
     <power>372</power>
     <gpxtpx:TrackPointExtension>
      <gpxtpx:atemp>25</gpxtpx:atemp>
      <gpxtpx:hr>187</gpxtpx:hr>
      <gpxtpx:cad>90</gpxtpx:cad>
     </gpxtpx:TrackPointExtension>
    </extensions>
   </trkpt>
   <trkpt lat="46.7996240" lon="130.3315950">
    <ele>80.4</ele>
    <time>2025-09-07T00:35:10Z</time>
    <extensions>
     <power>371</power>
     <gpxtpx:TrackPointExtension>
      <gpxtpx:atemp>25</gpxtpx:atemp>
      <gpxtpx:hr>187</gpxtpx:hr>
      <gpxtpx:cad>90</gpxtpx:cad>
     </gpxtpx:TrackPointExtension>
    </extensions>
   </trkpt>
   <trkpt lat="46.7996030" lon="130.3315550">
    <ele>80.4</ele>
    <time>2025-09-07T00:35:11Z</time>
    <extensions>
     <power>369</power>
     <gpxtpx:TrackPointExtension>
      <gpxtpx:atemp>25</gpxtpx:atemp>
      <gpxtpx:hr>187</gpxtpx:hr>
      <gpxtpx:cad>90</gpxtpx:cad>
     </gpxtpx:TrackPointExtension>
    </extensions>
   </trkpt>
   <trkpt lat="46.7995770" lon="130.3315200">
    <ele>80.2</ele>
    <time>2025-09-07T00:35:12Z</time>
    <extensions>
     <power>371</power>
     <gpxtpx:TrackPointExtension>
      <gpxtpx:atemp>25</gpxtpx:atemp>
      <gpxtpx:hr>186</gpxtpx:hr>
      <gpxtpx:cad>90</gpxtpx:cad>
     </gpxtpx:TrackPointExtension>
    </extensions>
   </trkpt>
   <trkpt lat="46.7995520" lon="130.3314840">
    <ele>80.2</ele>
    <time>2025-09-07T00:35:13Z</time>
    <extensions>
     <power>371</power>
     <gpxtpx:TrackPointExtension>
      <gpxtpx:atemp>25</gpxtpx:atemp>
      <gpxtpx:hr>187</gpxtpx:hr>
      <gpxtpx:cad>90</gpxtpx:cad>
     </gpxtpx:TrackPointExtension>
    </extensions>
   </trkpt>
   <trkpt lat="46.7995240" lon="130.3314480">
    <ele>80.2</ele>
    <time>2025-09-07T00:35:14Z</time>
    <extensions>
     <power>371</power>
     <gpxtpx:TrackPointExtension>
      <gpxtpx:atemp>25</gpxtpx:atemp>
      <gpxtpx:hr>187</gpxtpx:hr>
      <gpxtpx:cad>90</gpxtpx:cad>
     </gpxtpx:TrackPointExtension>
    </extensions>
   </trkpt>
   <trkpt lat="46.7995060" lon="130.3314200">
    <ele>80.2</ele>
    <time>2025-09-07T00:35:15Z</time>
    <extensions>
     <power>373</power>
     <gpxtpx:TrackPointExtension>
      <gpxtpx:atemp>25</gpxtpx:atemp>
      <gpxtpx:hr>187</gpxtpx:hr>
      <gpxtpx:cad>89</gpxtpx:cad>
     </gpxtpx:TrackPointExtension>
    </extensions>
   </trkpt>
   <trkpt lat="46.7994760" lon="130.3313870">
    <ele>80.4</ele>
    <time>2025-09-07T00:35:16Z</time>
    <extensions>
     <power>374</power>
     <gpxtpx:TrackPointExtension>
      <gpxtpx:atemp>25</gpxtpx:atemp>
      <gpxtpx:hr>186</gpxtpx:hr>
      <gpxtpx:cad>89</gpxtpx:cad>
     </gpxtpx:TrackPointExtension>
    </extensions>
   </trkpt>
   <trkpt lat="46.7994570" lon="130.3313560">
    <ele>80.4</ele>
    <time>2025-09-07T00:35:17Z</time>
    <extensions>
     <power>374</power>
     <gpxtpx:TrackPointExtension>
      <gpxtpx:atemp>25</gpxtpx:atemp>
      <gpxtpx:hr>187</gpxtpx:hr>
      <gpxtpx:cad>89</gpxtpx:cad>
     </gpxtpx:TrackPointExtension>
    </extensions>
   </trkpt>
   <trkpt lat="46.7994250" lon="130.3313210">
    <ele>80.4</ele>
    <time>2025-09-07T00:35:18Z</time>
    <extensions>
     <power>373</power>
     <gpxtpx:TrackPointExtension>
      <gpxtpx:atemp>25</gpxtpx:atemp>
      <gpxtpx:hr>187</gpxtpx:hr>
      <gpxtpx:cad>89</gpxtpx:cad>
     </gpxtpx:TrackPointExtension>
    </extensions>
   </trkpt>
   <trkpt lat="46.7994000" lon="130.3312860">
    <ele>80.2</ele>
    <time>2025-09-07T00:35:19Z</time>
    <extensions>
     <power>372</power>
     <gpxtpx:TrackPointExtension>
      <gpxtpx:atemp>25</gpxtpx:atemp>
      <gpxtpx:hr>186</gpxtpx:hr>
      <gpxtpx:cad>89</gpxtpx:cad>
     </gpxtpx:TrackPointExtension>
    </extensions>
   </trkpt>
   <trkpt lat="46.7993680" lon="130.3312450">
    <ele>80.2</ele>
    <time>2025-09-07T00:35:20Z</time>
    <extensions>
     <power>370</power>
     <gpxtpx:TrackPointExtension>
      <gpxtpx:atemp>25</gpxtpx:atemp>
      <gpxtpx:hr>187</gpxtpx:hr>
      <gpxtpx:cad>89</gpxtpx:cad>
     </gpxtpx:TrackPointExtension>
    </extensions>
   </trkpt>
   <trkpt lat="46.7993460" lon="130.3312030">
    <ele>80.2</ele>
    <time>2025-09-07T00:35:21Z</time>
    <extensions>
     <power>370</power>
     <gpxtpx:TrackPointExtension>
      <gpxtpx:atemp>25</gpxtpx:atemp>
      <gpxtpx:hr>187</gpxtpx:hr>
      <gpxtpx:cad>89</gpxtpx:cad>
     </gpxtpx:TrackPointExtension>
    </extensions>
   </trkpt>
   <trkpt lat="46.7993170" lon="130.3311660">
    <ele>80.0</ele>
    <time>2025-09-07T00:35:22Z</time>
    <extensions>
     <power>369</power>
     <gpxtpx:TrackPointExtension>
      <gpxtpx:atemp>25</gpxtpx:atemp>
      <gpxtpx:hr>186</gpxtpx:hr>
      <gpxtpx:cad>89</gpxtpx:cad>
     </gpxtpx:TrackPointExtension>
    </extensions>
   </trkpt>
   <trkpt lat="46.7992910" lon="130.3311300">
    <ele>79.8</ele>
    <time>2025-09-07T00:35:23Z</time>
    <extensions>
     <power>370</power>
     <gpxtpx:TrackPointExtension>
      <gpxtpx:atemp>25</gpxtpx:atemp>
      <gpxtpx:hr>187</gpxtpx:hr>
      <gpxtpx:cad>89</gpxtpx:cad>
     </gpxtpx:TrackPointExtension>
    </extensions>
   </trkpt>
   <trkpt lat="46.7992650" lon="130.3310970">
    <ele>79.8</ele>
    <time>2025-09-07T00:35:24Z</time>
    <extensions>
     <power>372</power>
     <gpxtpx:TrackPointExtension>
      <gpxtpx:atemp>25</gpxtpx:atemp>
      <gpxtpx:hr>187</gpxtpx:hr>
      <gpxtpx:cad>89</gpxtpx:cad>
     </gpxtpx:TrackPointExtension>
    </extensions>
   </trkpt>
   <trkpt lat="46.7992350" lon="130.3310630">
    <ele>79.6</ele>
    <time>2025-09-07T00:35:25Z</time>
    <extensions>
     <power>373</power>
     <gpxtpx:TrackPointExtension>
      <gpxtpx:atemp>25</gpxtpx:atemp>
      <gpxtpx:hr>186</gpxtpx:hr>
      <gpxtpx:cad>89</gpxtpx:cad>
     </gpxtpx:TrackPointExtension>
    </extensions>
   </trkpt>
   <trkpt lat="46.7992100" lon="130.3310280">
    <ele>79.6</ele>
    <time>2025-09-07T00:35:26Z</time>
    <extensions>
     <power>372</power>
     <gpxtpx:TrackPointExtension>
      <gpxtpx:atemp>25</gpxtpx:atemp>
      <gpxtpx:hr>187</gpxtpx:hr>
      <gpxtpx:cad>89</gpxtpx:cad>
     </gpxtpx:TrackPointExtension>
    </extensions>
   </trkpt>
   <trkpt lat="46.7991810" lon="130.3309950">
    <ele>79.6</ele>
    <time>2025-09-07T00:35:27Z</time>
    <extensions>
     <power>373</power>
     <gpxtpx:TrackPointExtension>
      <gpxtpx:atemp>25</gpxtpx:atemp>
      <gpxtpx:hr>186</gpxtpx:hr>
      <gpxtpx:cad>89</gpxtpx:cad>
     </gpxtpx:TrackPointExtension>
    </extensions>
   </trkpt>
   <trkpt lat="46.7991520" lon="130.3309630">
    <ele>79.6</ele>
    <time>2025-09-07T00:35:28Z</time>
    <extensions>
     <power>371</power>
     <gpxtpx:TrackPointExtension>
      <gpxtpx:atemp>25</gpxtpx:atemp>
      <gpxtpx:hr>186</gpxtpx:hr>
      <gpxtpx:cad>89</gpxtpx:cad>
     </gpxtpx:TrackPointExtension>
    </extensions>
   </trkpt>
   <trkpt lat="46.7991350" lon="130.3309220">
    <ele>79.6</ele>
    <time>2025-09-07T00:35:29Z</time>
    <extensions>
     <power>372</power>
     <gpxtpx:TrackPointExtension>
      <gpxtpx:atemp>25</gpxtpx:atemp>
      <gpxtpx:hr>186</gpxtpx:hr>
      <gpxtpx:cad>89</gpxtpx:cad>
     </gpxtpx:TrackPointExtension>
    </extensions>
   </trkpt>
   <trkpt lat="46.7991070" lon="130.3308900">
    <ele>79.6</ele>
    <time>2025-09-07T00:35:30Z</time>
    <extensions>
     <power>372</power>
     <gpxtpx:TrackPointExtension>
      <gpxtpx:atemp>25</gpxtpx:atemp>
      <gpxtpx:hr>187</gpxtpx:hr>
      <gpxtpx:cad>89</gpxtpx:cad>
     </gpxtpx:TrackPointExtension>
    </extensions>
   </trkpt>
   <trkpt lat="46.7990850" lon="130.3308540">
    <ele>79.6</ele>
    <time>2025-09-07T00:35:31Z</time>
    <extensions>
     <power>371</power>
     <gpxtpx:TrackPointExtension>
      <gpxtpx:atemp>25</gpxtpx:atemp>
      <gpxtpx:hr>186</gpxtpx:hr>
      <gpxtpx:cad>89</gpxtpx:cad>
     </gpxtpx:TrackPointExtension>
    </extensions>
   </trkpt>
   <trkpt lat="46.7990560" lon="130.3308140">
    <ele>79.8</ele>
    <time>2025-09-07T00:35:32Z</time>
    <extensions>
     <power>371</power>
     <gpxtpx:TrackPointExtension>
      <gpxtpx:atemp>25</gpxtpx:atemp>
      <gpxtpx:hr>187</gpxtpx:hr>
      <gpxtpx:cad>89</gpxtpx:cad>
     </gpxtpx:TrackPointExtension>
    </extensions>
   </trkpt>
   <trkpt lat="46.7990340" lon="130.3307780">
    <ele>79.8</ele>
    <time>2025-09-07T00:35:33Z</time>
    <extensions>
     <power>371</power>
     <gpxtpx:TrackPointExtension>
      <gpxtpx:atemp>25</gpxtpx:atemp>
      <gpxtpx:hr>187</gpxtpx:hr>
      <gpxtpx:cad>89</gpxtpx:cad>
     </gpxtpx:TrackPointExtension>
    </extensions>
   </trkpt>
   <trkpt lat="46.7990030" lon="130.3307390">
    <ele>80.0</ele>
    <time>2025-09-07T00:35:34Z</time>
    <extensions>
     <power>373</power>
     <gpxtpx:TrackPointExtension>
      <gpxtpx:atemp>25</gpxtpx:atemp>
      <gpxtpx:hr>187</gpxtpx:hr>
      <gpxtpx:cad>89</gpxtpx:cad>
     </gpxtpx:TrackPointExtension>
    </extensions>
   </trkpt>
   <trkpt lat="46.7989820" lon="130.3307010">
    <ele>80.2</ele>
    <time>2025-09-07T00:35:35Z</time>
    <extensions>
     <power>373</power>
     <gpxtpx:TrackPointExtension>
      <gpxtpx:atemp>25</gpxtpx:atemp>
      <gpxtpx:hr>187</gpxtpx:hr>
      <gpxtpx:cad>90</gpxtpx:cad>
     </gpxtpx:TrackPointExtension>
    </extensions>
   </trkpt>
   <trkpt lat="46.7989500" lon="130.3306680">
    <ele>80.2</ele>
    <time>2025-09-07T00:35:36Z</time>
    <extensions>
     <power>375</power>
     <gpxtpx:TrackPointExtension>
      <gpxtpx:atemp>25</gpxtpx:atemp>
      <gpxtpx:hr>186</gpxtpx:hr>
      <gpxtpx:cad>90</gpxtpx:cad>
     </gpxtpx:TrackPointExtension>
    </extensions>
   </trkpt>
   <trkpt lat="46.7989290" lon="130.3306440">
    <ele>80.4</ele>
    <time>2025-09-07T00:35:37Z</time>
    <extensions>
     <power>378</power>
     <gpxtpx:TrackPointExtension>
      <gpxtpx:atemp>25</gpxtpx:atemp>
      <gpxtpx:hr>187</gpxtpx:hr>
      <gpxtpx:cad>90</gpxtpx:cad>
     </gpxtpx:TrackPointExtension>
    </extensions>
   </trkpt>
   <trkpt lat="46.7988970" lon="130.3306100">
    <ele>80.4</ele>
    <time>2025-09-07T00:35:38Z</time>
    <extensions>
     <power>379</power>
     <gpxtpx:TrackPointExtension>
      <gpxtpx:atemp>25</gpxtpx:atemp>
      <gpxtpx:hr>187</gpxtpx:hr>
      <gpxtpx:cad>90</gpxtpx:cad>
     </gpxtpx:TrackPointExtension>
    </extensions>
   </trkpt>
   <trkpt lat="46.7988750" lon="130.3305830">
    <ele>80.4</ele>
    <time>2025-09-07T00:35:39Z</time>
    <extensions>
     <power>380</power>
     <gpxtpx:TrackPointExtension>
      <gpxtpx:atemp>25</gpxtpx:atemp>
      <gpxtpx:hr>187</gpxtpx:hr>
      <gpxtpx:cad>90</gpxtpx:cad>
     </gpxtpx:TrackPointExtension>
    </extensions>
   </trkpt>
   <trkpt lat="46.7988450" lon="130.3305510">
    <ele>80.4</ele>
    <time>2025-09-07T00:35:40Z</time>
    <extensions>
     <power>379</power>
     <gpxtpx:TrackPointExtension>
      <gpxtpx:atemp>25</gpxtpx:atemp>
      <gpxtpx:hr>187</gpxtpx:hr>
      <gpxtpx:cad>89</gpxtpx:cad>
     </gpxtpx:TrackPointExtension>
    </extensions>
   </trkpt>
   <trkpt lat="46.7988190" lon="130.3305150">
    <ele>80.4</ele>
    <time>2025-09-07T00:35:41Z</time>
    <extensions>
     <power>382</power>
     <gpxtpx:TrackPointExtension>
      <gpxtpx:atemp>25</gpxtpx:atemp>
      <gpxtpx:hr>187</gpxtpx:hr>
      <gpxtpx:cad>89</gpxtpx:cad>
     </gpxtpx:TrackPointExtension>
    </extensions>
   </trkpt>
   <trkpt lat="46.7987910" lon="130.3304790">
    <ele>80.4</ele>
    <time>2025-09-07T00:35:42Z</time>
    <extensions>
     <power>383</power>
     <gpxtpx:TrackPointExtension>
      <gpxtpx:atemp>25</gpxtpx:atemp>
      <gpxtpx:hr>187</gpxtpx:hr>
      <gpxtpx:cad>89</gpxtpx:cad>
     </gpxtpx:TrackPointExtension>
    </extensions>
   </trkpt>
   <trkpt lat="46.7987680" lon="130.3304520">
    <ele>80.4</ele>
    <time>2025-09-07T00:35:43Z</time>
    <extensions>
     <power>383</power>
     <gpxtpx:TrackPointExtension>
      <gpxtpx:atemp>25</gpxtpx:atemp>
      <gpxtpx:hr>187</gpxtpx:hr>
      <gpxtpx:cad>89</gpxtpx:cad>
     </gpxtpx:TrackPointExtension>
    </extensions>
   </trkpt>
   <trkpt lat="46.7987410" lon="130.3304110">
    <ele>80.4</ele>
    <time>2025-09-07T00:35:44Z</time>
    <extensions>
     <power>384</power>
     <gpxtpx:TrackPointExtension>
      <gpxtpx:atemp>25</gpxtpx:atemp>
      <gpxtpx:hr>187</gpxtpx:hr>
      <gpxtpx:cad>89</gpxtpx:cad>
     </gpxtpx:TrackPointExtension>
    </extensions>
   </trkpt>
   <trkpt lat="46.7987200" lon="130.3303810">
    <ele>80.6</ele>
    <time>2025-09-07T00:35:45Z</time>
    <extensions>
     <power>384</power>
     <gpxtpx:TrackPointExtension>
      <gpxtpx:atemp>25</gpxtpx:atemp>
      <gpxtpx:hr>187</gpxtpx:hr>
      <gpxtpx:cad>90</gpxtpx:cad>
     </gpxtpx:TrackPointExtension>
    </extensions>
   </trkpt>
   <trkpt lat="46.7986940" lon="130.3303460">
    <ele>80.6</ele>
    <time>2025-09-07T00:35:46Z</time>
    <extensions>
     <power>383</power>
     <gpxtpx:TrackPointExtension>
      <gpxtpx:atemp>25</gpxtpx:atemp>
      <gpxtpx:hr>187</gpxtpx:hr>
      <gpxtpx:cad>90</gpxtpx:cad>
     </gpxtpx:TrackPointExtension>
    </extensions>
   </trkpt>
   <trkpt lat="46.7986730" lon="130.3303070">
    <ele>80.6</ele>
    <time>2025-09-07T00:35:47Z</time>
    <extensions>
     <power>383</power>
     <gpxtpx:TrackPointExtension>
      <gpxtpx:atemp>25</gpxtpx:atemp>
      <gpxtpx:hr>187</gpxtpx:hr>
      <gpxtpx:cad>90</gpxtpx:cad>
     </gpxtpx:TrackPointExtension>
    </extensions>
   </trkpt>
   <trkpt lat="46.7986500" lon="130.3302750">
    <ele>80.6</ele>
    <time>2025-09-07T00:35:48Z</time>
    <extensions>
     <power>383</power>
     <gpxtpx:TrackPointExtension>
      <gpxtpx:atemp>25</gpxtpx:atemp>
      <gpxtpx:hr>187</gpxtpx:hr>
      <gpxtpx:cad>90</gpxtpx:cad>
     </gpxtpx:TrackPointExtension>
    </extensions>
   </trkpt>
   <trkpt lat="46.7986290" lon="130.3302380">
    <ele>80.6</ele>
    <time>2025-09-07T00:35:49Z</time>
    <extensions>
     <power>383</power>
     <gpxtpx:TrackPointExtension>
      <gpxtpx:atemp>25</gpxtpx:atemp>
      <gpxtpx:hr>187</gpxtpx:hr>
      <gpxtpx:cad>90</gpxtpx:cad>
     </gpxtpx:TrackPointExtension>
    </extensions>
   </trkpt>
   <trkpt lat="46.7986070" lon="130.3302050">
    <ele>80.4</ele>
    <time>2025-09-07T00:35:50Z</time>
    <extensions>
     <power>382</power>
     <gpxtpx:TrackPointExtension>
      <gpxtpx:atemp>25</gpxtpx:atemp>
      <gpxtpx:hr>187</gpxtpx:hr>
      <gpxtpx:cad>89</gpxtpx:cad>
     </gpxtpx:TrackPointExtension>
    </extensions>
   </trkpt>
   <trkpt lat="46.7985820" lon="130.3301680">
    <ele>80.4</ele>
    <time>2025-09-07T00:35:51Z</time>
    <extensions>
     <power>384</power>
     <gpxtpx:TrackPointExtension>
      <gpxtpx:atemp>25</gpxtpx:atemp>
      <gpxtpx:hr>187</gpxtpx:hr>
      <gpxtpx:cad>89</gpxtpx:cad>
     </gpxtpx:TrackPointExtension>
    </extensions>
   </trkpt>
   <trkpt lat="46.7985570" lon="130.3301310">
    <ele>80.6</ele>
    <time>2025-09-07T00:35:52Z</time>
    <extensions>
     <power>384</power>
     <gpxtpx:TrackPointExtension>
      <gpxtpx:atemp>25</gpxtpx:atemp>
      <gpxtpx:hr>187</gpxtpx:hr>
      <gpxtpx:cad>89</gpxtpx:cad>
     </gpxtpx:TrackPointExtension>
    </extensions>
   </trkpt>
   <trkpt lat="46.7985280" lon="130.3301050">
    <ele>80.6</ele>
    <time>2025-09-07T00:35:53Z</time>
    <extensions>
     <power>384</power>
     <gpxtpx:TrackPointExtension>
      <gpxtpx:atemp>25</gpxtpx:atemp>
      <gpxtpx:hr>187</gpxtpx:hr>
      <gpxtpx:cad>89</gpxtpx:cad>
     </gpxtpx:TrackPointExtension>
    </extensions>
   </trkpt>
   <trkpt lat="46.7985020" lon="130.3300750">
    <ele>80.6</ele>
    <time>2025-09-07T00:35:54Z</time>
    <extensions>
     <power>385</power>
     <gpxtpx:TrackPointExtension>
      <gpxtpx:atemp>25</gpxtpx:atemp>
      <gpxtpx:hr>187</gpxtpx:hr>
      <gpxtpx:cad>89</gpxtpx:cad>
     </gpxtpx:TrackPointExtension>
    </extensions>
   </trkpt>
   <trkpt lat="46.7984800" lon="130.3300480">
    <ele>80.8</ele>
    <time>2025-09-07T00:35:55Z</time>
    <extensions>
     <power>385</power>
     <gpxtpx:TrackPointExtension>
      <gpxtpx:atemp>25</gpxtpx:atemp>
      <gpxtpx:hr>187</gpxtpx:hr>
      <gpxtpx:cad>89</gpxtpx:cad>
     </gpxtpx:TrackPointExtension>
    </extensions>
   </trkpt>
   <trkpt lat="46.7984560" lon="130.3300080">
    <ele>80.8</ele>
    <time>2025-09-07T00:35:56Z</time>
    <extensions>
     <power>385</power>
     <gpxtpx:TrackPointExtension>
      <gpxtpx:atemp>25</gpxtpx:atemp>
      <gpxtpx:hr>187</gpxtpx:hr>
      <gpxtpx:cad>90</gpxtpx:cad>
     </gpxtpx:TrackPointExtension>
    </extensions>
   </trkpt>
   <trkpt lat="46.7984400" lon="130.3299770">
    <ele>80.8</ele>
    <time>2025-09-07T00:35:57Z</time>
    <extensions>
     <power>383</power>
     <gpxtpx:TrackPointExtension>
      <gpxtpx:atemp>25</gpxtpx:atemp>
      <gpxtpx:hr>187</gpxtpx:hr>
      <gpxtpx:cad>90</gpxtpx:cad>
     </gpxtpx:TrackPointExtension>
    </extensions>
   </trkpt>
   <trkpt lat="46.7984140" lon="130.3299470">
    <ele>80.8</ele>
    <time>2025-09-07T00:35:58Z</time>
    <extensions>
     <power>383</power>
     <gpxtpx:TrackPointExtension>
      <gpxtpx:atemp>25</gpxtpx:atemp>
      <gpxtpx:hr>187</gpxtpx:hr>
      <gpxtpx:cad>90</gpxtpx:cad>
     </gpxtpx:TrackPointExtension>
    </extensions>
   </trkpt>
   <trkpt lat="46.7983890" lon="130.3299180">
    <ele>80.8</ele>
    <time>2025-09-07T00:35:59Z</time>
    <extensions>
     <power>382</power>
     <gpxtpx:TrackPointExtension>
      <gpxtpx:atemp>25</gpxtpx:atemp>
      <gpxtpx:hr>186</gpxtpx:hr>
      <gpxtpx:cad>89</gpxtpx:cad>
     </gpxtpx:TrackPointExtension>
    </extensions>
   </trkpt>
   <trkpt lat="46.7983620" lon="130.3298860">
    <ele>80.6</ele>
    <time>2025-09-07T00:36:00Z</time>
    <extensions>
     <power>383</power>
     <gpxtpx:TrackPointExtension>
      <gpxtpx:atemp>25</gpxtpx:atemp>
      <gpxtpx:hr>187</gpxtpx:hr>
      <gpxtpx:cad>89</gpxtpx:cad>
     </gpxtpx:TrackPointExtension>
    </extensions>
   </trkpt>
   <trkpt lat="46.7983340" lon="130.3298510">
    <ele>80.6</ele>
    <time>2025-09-07T00:36:01Z</time>
    <extensions>
     <power>382</power>
     <gpxtpx:TrackPointExtension>
      <gpxtpx:atemp>25</gpxtpx:atemp>
      <gpxtpx:hr>186</gpxtpx:hr>
      <gpxtpx:cad>89</gpxtpx:cad>
     </gpxtpx:TrackPointExtension>
    </extensions>
   </trkpt>
   <trkpt lat="46.7983080" lon="130.3298160">
    <ele>80.6</ele>
    <time>2025-09-07T00:36:02Z</time>
    <extensions>
     <power>382</power>
     <gpxtpx:TrackPointExtension>
      <gpxtpx:atemp>25</gpxtpx:atemp>
      <gpxtpx:hr>186</gpxtpx:hr>
      <gpxtpx:cad>89</gpxtpx:cad>
     </gpxtpx:TrackPointExtension>
    </extensions>
   </trkpt>
   <trkpt lat="46.7982880" lon="130.3297880">
    <ele>80.6</ele>
    <time>2025-09-07T00:36:03Z</time>
    <extensions>
     <power>380</power>
     <gpxtpx:TrackPointExtension>
      <gpxtpx:atemp>25</gpxtpx:atemp>
      <gpxtpx:hr>186</gpxtpx:hr>
      <gpxtpx:cad>90</gpxtpx:cad>
     </gpxtpx:TrackPointExtension>
    </extensions>
   </trkpt>
   <trkpt lat="46.7982620" lon="130.3297510">
    <ele>80.6</ele>
    <time>2025-09-07T00:36:04Z</time>
    <extensions>
     <power>379</power>
     <gpxtpx:TrackPointExtension>
      <gpxtpx:atemp>25</gpxtpx:atemp>
      <gpxtpx:hr>187</gpxtpx:hr>
      <gpxtpx:cad>90</gpxtpx:cad>
     </gpxtpx:TrackPointExtension>
    </extensions>
   </trkpt>
   <trkpt lat="46.7982360" lon="130.3297220">
    <ele>80.6</ele>
    <time>2025-09-07T00:36:05Z</time>
    <extensions>
     <power>377</power>
     <gpxtpx:TrackPointExtension>
      <gpxtpx:atemp>25</gpxtpx:atemp>
      <gpxtpx:hr>186</gpxtpx:hr>
      <gpxtpx:cad>90</gpxtpx:cad>
     </gpxtpx:TrackPointExtension>
    </extensions>
   </trkpt>
   <trkpt lat="46.7982070" lon="130.3296890">
    <ele>80.6</ele>
    <time>2025-09-07T00:36:06Z</time>
    <extensions>
     <power>377</power>
     <gpxtpx:TrackPointExtension>
      <gpxtpx:atemp>25</gpxtpx:atemp>
      <gpxtpx:hr>186</gpxtpx:hr>
      <gpxtpx:cad>89</gpxtpx:cad>
     </gpxtpx:TrackPointExtension>
    </extensions>
   </trkpt>
   <trkpt lat="46.7981790" lon="130.3296610">
    <ele>80.6</ele>
    <time>2025-09-07T00:36:07Z</time>
    <extensions>
     <power>378</power>
     <gpxtpx:TrackPointExtension>
      <gpxtpx:atemp>25</gpxtpx:atemp>
      <gpxtpx:hr>186</gpxtpx:hr>
      <gpxtpx:cad>89</gpxtpx:cad>
     </gpxtpx:TrackPointExtension>
    </extensions>
   </trkpt>
   <trkpt lat="46.7981500" lon="130.3296240">
    <ele>80.6</ele>
    <time>2025-09-07T00:36:08Z</time>
    <extensions>
     <power>376</power>
     <gpxtpx:TrackPointExtension>
      <gpxtpx:atemp>25</gpxtpx:atemp>
      <gpxtpx:hr>186</gpxtpx:hr>
      <gpxtpx:cad>89</gpxtpx:cad>
     </gpxtpx:TrackPointExtension>
    </extensions>
   </trkpt>
   <trkpt lat="46.7981230" lon="130.3295970">
    <ele>80.6</ele>
    <time>2025-09-07T00:36:09Z</time>
    <extensions>
     <power>375</power>
     <gpxtpx:TrackPointExtension>
      <gpxtpx:atemp>25</gpxtpx:atemp>
      <gpxtpx:hr>186</gpxtpx:hr>
      <gpxtpx:cad>88</gpxtpx:cad>
     </gpxtpx:TrackPointExtension>
    </extensions>
   </trkpt>
   <trkpt lat="46.7980940" lon="130.3295620">
    <ele>80.6</ele>
    <time>2025-09-07T00:36:10Z</time>
    <extensions>
     <power>377</power>
     <gpxtpx:TrackPointExtension>
      <gpxtpx:atemp>25</gpxtpx:atemp>
      <gpxtpx:hr>187</gpxtpx:hr>
      <gpxtpx:cad>88</gpxtpx:cad>
     </gpxtpx:TrackPointExtension>
    </extensions>
   </trkpt>
   <trkpt lat="46.7980660" lon="130.3295270">
    <ele>80.6</ele>
    <time>2025-09-07T00:36:11Z</time>
    <extensions>
     <power>377</power>
     <gpxtpx:TrackPointExtension>
      <gpxtpx:atemp>25</gpxtpx:atemp>
      <gpxtpx:hr>186</gpxtpx:hr>
      <gpxtpx:cad>89</gpxtpx:cad>
     </gpxtpx:TrackPointExtension>
    </extensions>
   </trkpt>
   <trkpt lat="46.7980440" lon="130.3294890">
    <ele>80.4</ele>
    <time>2025-09-07T00:36:12Z</time>
    <extensions>
     <power>377</power>
     <gpxtpx:TrackPointExtension>
      <gpxtpx:atemp>25</gpxtpx:atemp>
      <gpxtpx:hr>186</gpxtpx:hr>
      <gpxtpx:cad>89</gpxtpx:cad>
     </gpxtpx:TrackPointExtension>
    </extensions>
   </trkpt>
   <trkpt lat="46.7980210" lon="130.3294530">
    <ele>80.4</ele>
    <time>2025-09-07T00:36:13Z</time>
    <extensions>
     <power>379</power>
     <gpxtpx:TrackPointExtension>
      <gpxtpx:atemp>25</gpxtpx:atemp>
      <gpxtpx:hr>186</gpxtpx:hr>
      <gpxtpx:cad>90</gpxtpx:cad>
     </gpxtpx:TrackPointExtension>
    </extensions>
   </trkpt>
   <trkpt lat="46.7979980" lon="130.3294130">
    <ele>80.6</ele>
    <time>2025-09-07T00:36:14Z</time>
    <extensions>
     <power>377</power>
     <gpxtpx:TrackPointExtension>
      <gpxtpx:atemp>25</gpxtpx:atemp>
      <gpxtpx:hr>185</gpxtpx:hr>
      <gpxtpx:cad>90</gpxtpx:cad>
     </gpxtpx:TrackPointExtension>
    </extensions>
   </trkpt>
   <trkpt lat="46.7979750" lon="130.3293740">
    <ele>80.6</ele>
    <time>2025-09-07T00:36:15Z</time>
    <extensions>
     <power>375</power>
     <gpxtpx:TrackPointExtension>
      <gpxtpx:atemp>25</gpxtpx:atemp>
      <gpxtpx:hr>186</gpxtpx:hr>
      <gpxtpx:cad>91</gpxtpx:cad>
     </gpxtpx:TrackPointExtension>
    </extensions>
   </trkpt>
   <trkpt lat="46.7979500" lon="130.3293390">
    <ele>80.6</ele>
    <time>2025-09-07T00:36:16Z</time>
    <extensions>
     <power>376</power>
     <gpxtpx:TrackPointExtension>
      <gpxtpx:atemp>25</gpxtpx:atemp>
      <gpxtpx:hr>186</gpxtpx:hr>
      <gpxtpx:cad>91</gpxtpx:cad>
     </gpxtpx:TrackPointExtension>
    </extensions>
   </trkpt>
   <trkpt lat="46.7979250" lon="130.3293000">
    <ele>80.6</ele>
    <time>2025-09-07T00:36:17Z</time>
    <extensions>
     <power>375</power>
     <gpxtpx:TrackPointExtension>
      <gpxtpx:atemp>25</gpxtpx:atemp>
      <gpxtpx:hr>185</gpxtpx:hr>
      <gpxtpx:cad>90</gpxtpx:cad>
     </gpxtpx:TrackPointExtension>
    </extensions>
   </trkpt>
   <trkpt lat="46.7979010" lon="130.3292560">
    <ele>80.6</ele>
    <time>2025-09-07T00:36:18Z</time>
    <extensions>
     <power>377</power>
     <gpxtpx:TrackPointExtension>
      <gpxtpx:atemp>25</gpxtpx:atemp>
      <gpxtpx:hr>186</gpxtpx:hr>
      <gpxtpx:cad>89</gpxtpx:cad>
     </gpxtpx:TrackPointExtension>
    </extensions>
   </trkpt>
   <trkpt lat="46.7978740" lon="130.3292160">
    <ele>80.6</ele>
    <time>2025-09-07T00:36:19Z</time>
    <extensions>
     <power>379</power>
     <gpxtpx:TrackPointExtension>
      <gpxtpx:atemp>25</gpxtpx:atemp>
      <gpxtpx:hr>185</gpxtpx:hr>
      <gpxtpx:cad>89</gpxtpx:cad>
     </gpxtpx:TrackPointExtension>
    </extensions>
   </trkpt>
   <trkpt lat="46.7978470" lon="130.3291720">
    <ele>80.6</ele>
    <time>2025-09-07T00:36:20Z</time>
    <extensions>
     <power>378</power>
     <gpxtpx:TrackPointExtension>
      <gpxtpx:atemp>25</gpxtpx:atemp>
      <gpxtpx:hr>185</gpxtpx:hr>
      <gpxtpx:cad>89</gpxtpx:cad>
     </gpxtpx:TrackPointExtension>
    </extensions>
   </trkpt>
   <trkpt lat="46.7978240" lon="130.3291360">
    <ele>80.6</ele>
    <time>2025-09-07T00:36:21Z</time>
    <extensions>
     <power>380</power>
     <gpxtpx:TrackPointExtension>
      <gpxtpx:atemp>25</gpxtpx:atemp>
      <gpxtpx:hr>185</gpxtpx:hr>
      <gpxtpx:cad>89</gpxtpx:cad>
     </gpxtpx:TrackPointExtension>
    </extensions>
   </trkpt>
   <trkpt lat="46.7977990" lon="130.3291020">
    <ele>80.6</ele>
    <time>2025-09-07T00:36:22Z</time>
    <extensions>
     <power>383</power>
     <gpxtpx:TrackPointExtension>
      <gpxtpx:atemp>25</gpxtpx:atemp>
      <gpxtpx:hr>186</gpxtpx:hr>
      <gpxtpx:cad>89</gpxtpx:cad>
     </gpxtpx:TrackPointExtension>
    </extensions>
   </trkpt>
   <trkpt lat="46.7977790" lon="130.3290690">
    <ele>80.6</ele>
    <time>2025-09-07T00:36:23Z</time>
    <extensions>
     <power>385</power>
     <gpxtpx:TrackPointExtension>
      <gpxtpx:atemp>25</gpxtpx:atemp>
      <gpxtpx:hr>185</gpxtpx:hr>
      <gpxtpx:cad>90</gpxtpx:cad>
     </gpxtpx:TrackPointExtension>
    </extensions>
   </trkpt>
   <trkpt lat="46.7977600" lon="130.3290430">
    <ele>80.8</ele>
    <time>2025-09-07T00:36:24Z</time>
    <extensions>
     <power>384</power>
     <gpxtpx:TrackPointExtension>
      <gpxtpx:atemp>25</gpxtpx:atemp>
      <gpxtpx:hr>185</gpxtpx:hr>
      <gpxtpx:cad>90</gpxtpx:cad>
     </gpxtpx:TrackPointExtension>
    </extensions>
   </trkpt>
   <trkpt lat="46.7977370" lon="130.3290180">
    <ele>80.8</ele>
    <time>2025-09-07T00:36:25Z</time>
    <extensions>
     <power>385</power>
     <gpxtpx:TrackPointExtension>
      <gpxtpx:atemp>25</gpxtpx:atemp>
      <gpxtpx:hr>185</gpxtpx:hr>
      <gpxtpx:cad>90</gpxtpx:cad>
     </gpxtpx:TrackPointExtension>
    </extensions>
   </trkpt>
   <trkpt lat="46.7977110" lon="130.3289930">
    <ele>80.8</ele>
    <time>2025-09-07T00:36:26Z</time>
    <extensions>
     <power>384</power>
     <gpxtpx:TrackPointExtension>
      <gpxtpx:atemp>25</gpxtpx:atemp>
      <gpxtpx:hr>186</gpxtpx:hr>
      <gpxtpx:cad>90</gpxtpx:cad>
     </gpxtpx:TrackPointExtension>
    </extensions>
   </trkpt>
   <trkpt lat="46.7976850" lon="130.3289660">
    <ele>80.8</ele>
    <time>2025-09-07T00:36:27Z</time>
    <extensions>
     <power>381</power>
     <gpxtpx:TrackPointExtension>
      <gpxtpx:atemp>25</gpxtpx:atemp>
      <gpxtpx:hr>185</gpxtpx:hr>
      <gpxtpx:cad>90</gpxtpx:cad>
     </gpxtpx:TrackPointExtension>
    </extensions>
   </trkpt>
   <trkpt lat="46.7976630" lon="130.3289410">
    <ele>80.8</ele>
    <time>2025-09-07T00:36:28Z</time>
    <extensions>
     <power>380</power>
     <gpxtpx:TrackPointExtension>
      <gpxtpx:atemp>25</gpxtpx:atemp>
      <gpxtpx:hr>185</gpxtpx:hr>
      <gpxtpx:cad>90</gpxtpx:cad>
     </gpxtpx:TrackPointExtension>
    </extensions>
   </trkpt>
   <trkpt lat="46.7976390" lon="130.3289130">
    <ele>80.8</ele>
    <time>2025-09-07T00:36:29Z</time>
    <extensions>
     <power>378</power>
     <gpxtpx:TrackPointExtension>
      <gpxtpx:atemp>25</gpxtpx:atemp>
      <gpxtpx:hr>185</gpxtpx:hr>
      <gpxtpx:cad>89</gpxtpx:cad>
     </gpxtpx:TrackPointExtension>
    </extensions>
   </trkpt>
   <trkpt lat="46.7976170" lon="130.3288830">
    <ele>80.8</ele>
    <time>2025-09-07T00:36:30Z</time>
    <extensions>
     <power>379</power>
     <gpxtpx:TrackPointExtension>
      <gpxtpx:atemp>25</gpxtpx:atemp>
      <gpxtpx:hr>185</gpxtpx:hr>
      <gpxtpx:cad>89</gpxtpx:cad>
     </gpxtpx:TrackPointExtension>
    </extensions>
   </trkpt>
   <trkpt lat="46.7975940" lon="130.3288540">
    <ele>80.8</ele>
    <time>2025-09-07T00:36:31Z</time>
    <extensions>
     <power>378</power>
     <gpxtpx:TrackPointExtension>
      <gpxtpx:atemp>25</gpxtpx:atemp>
      <gpxtpx:hr>185</gpxtpx:hr>
      <gpxtpx:cad>89</gpxtpx:cad>
     </gpxtpx:TrackPointExtension>
    </extensions>
   </trkpt>
   <trkpt lat="46.7975660" lon="130.3288290">
    <ele>80.8</ele>
    <time>2025-09-07T00:36:32Z</time>
    <extensions>
     <power>374</power>
     <gpxtpx:TrackPointExtension>
      <gpxtpx:atemp>25</gpxtpx:atemp>
      <gpxtpx:hr>185</gpxtpx:hr>
      <gpxtpx:cad>89</gpxtpx:cad>
     </gpxtpx:TrackPointExtension>
    </extensions>
   </trkpt>
   <trkpt lat="46.7975400" lon="130.3288040">
    <ele>81.0</ele>
    <time>2025-09-07T00:36:33Z</time>
    <extensions>
     <power>371</power>
     <gpxtpx:TrackPointExtension>
      <gpxtpx:atemp>25</gpxtpx:atemp>
      <gpxtpx:hr>185</gpxtpx:hr>
      <gpxtpx:cad>89</gpxtpx:cad>
     </gpxtpx:TrackPointExtension>
    </extensions>
   </trkpt>
   <trkpt lat="46.7975160" lon="130.3287790">
    <ele>81.0</ele>
    <time>2025-09-07T00:36:34Z</time>
    <extensions>
     <power>370</power>
     <gpxtpx:TrackPointExtension>
      <gpxtpx:atemp>25</gpxtpx:atemp>
      <gpxtpx:hr>185</gpxtpx:hr>
      <gpxtpx:cad>89</gpxtpx:cad>
     </gpxtpx:TrackPointExtension>
    </extensions>
   </trkpt>
   <trkpt lat="46.7974950" lon="130.3287460">
    <ele>81.0</ele>
    <time>2025-09-07T00:36:35Z</time>
    <extensions>
     <power>366</power>
     <gpxtpx:TrackPointExtension>
      <gpxtpx:atemp>25</gpxtpx:atemp>
      <gpxtpx:hr>185</gpxtpx:hr>
      <gpxtpx:cad>89</gpxtpx:cad>
     </gpxtpx:TrackPointExtension>
    </extensions>
   </trkpt>
   <trkpt lat="46.7974700" lon="130.3287140">
    <ele>80.8</ele>
    <time>2025-09-07T00:36:36Z</time>
    <extensions>
     <power>359</power>
     <gpxtpx:TrackPointExtension>
      <gpxtpx:atemp>25</gpxtpx:atemp>
      <gpxtpx:hr>185</gpxtpx:hr>
      <gpxtpx:cad>89</gpxtpx:cad>
     </gpxtpx:TrackPointExtension>
    </extensions>
   </trkpt>
   <trkpt lat="46.7974490" lon="130.3286770">
    <ele>80.8</ele>
    <time>2025-09-07T00:36:37Z</time>
    <extensions>
     <power>357</power>
     <gpxtpx:TrackPointExtension>
      <gpxtpx:atemp>25</gpxtpx:atemp>
      <gpxtpx:hr>185</gpxtpx:hr>
      <gpxtpx:cad>89</gpxtpx:cad>
     </gpxtpx:TrackPointExtension>
    </extensions>
   </trkpt>
   <trkpt lat="46.7974220" lon="130.3286430">
    <ele>80.8</ele>
    <time>2025-09-07T00:36:38Z</time>
    <extensions>
     <power>354</power>
     <gpxtpx:TrackPointExtension>
      <gpxtpx:atemp>25</gpxtpx:atemp>
      <gpxtpx:hr>185</gpxtpx:hr>
      <gpxtpx:cad>89</gpxtpx:cad>
     </gpxtpx:TrackPointExtension>
    </extensions>
   </trkpt>
   <trkpt lat="46.7974030" lon="130.3286030">
    <ele>80.6</ele>
    <time>2025-09-07T00:36:39Z</time>
    <extensions>
     <power>354</power>
     <gpxtpx:TrackPointExtension>
      <gpxtpx:atemp>25</gpxtpx:atemp>
      <gpxtpx:hr>185</gpxtpx:hr>
      <gpxtpx:cad>89</gpxtpx:cad>
     </gpxtpx:TrackPointExtension>
    </extensions>
   </trkpt>
   <trkpt lat="46.7973780" lon="130.3285630">
    <ele>80.4</ele>
    <time>2025-09-07T00:36:40Z</time>
    <extensions>
     <power>352</power>
     <gpxtpx:TrackPointExtension>
      <gpxtpx:atemp>25</gpxtpx:atemp>
      <gpxtpx:hr>185</gpxtpx:hr>
      <gpxtpx:cad>89</gpxtpx:cad>
     </gpxtpx:TrackPointExtension>
    </extensions>
   </trkpt>
   <trkpt lat="46.7973530" lon="130.3285280">
    <ele>80.4</ele>
    <time>2025-09-07T00:36:41Z</time>
    <extensions>
     <power>368</power>
     <gpxtpx:TrackPointExtension>
      <gpxtpx:atemp>25</gpxtpx:atemp>
      <gpxtpx:hr>185</gpxtpx:hr>
      <gpxtpx:cad>89</gpxtpx:cad>
     </gpxtpx:TrackPointExtension>
    </extensions>
   </trkpt>
   <trkpt lat="46.7973250" lon="130.3284900">
    <ele>80.4</ele>
    <time>2025-09-07T00:36:42Z</time>
    <extensions>
     <power>370</power>
     <gpxtpx:TrackPointExtension>
      <gpxtpx:atemp>25</gpxtpx:atemp>
      <gpxtpx:hr>185</gpxtpx:hr>
      <gpxtpx:cad>89</gpxtpx:cad>
     </gpxtpx:TrackPointExtension>
    </extensions>
   </trkpt>
   <trkpt lat="46.7972970" lon="130.3284520">
    <ele>80.4</ele>
    <time>2025-09-07T00:36:43Z</time>
    <extensions>
     <power>370</power>
     <gpxtpx:TrackPointExtension>
      <gpxtpx:atemp>25</gpxtpx:atemp>
      <gpxtpx:hr>185</gpxtpx:hr>
      <gpxtpx:cad>89</gpxtpx:cad>
     </gpxtpx:TrackPointExtension>
    </extensions>
   </trkpt>
   <trkpt lat="46.7972710" lon="130.3284170">
    <ele>80.4</ele>
    <time>2025-09-07T00:36:44Z</time>
    <extensions>
     <power>378</power>
     <gpxtpx:TrackPointExtension>
      <gpxtpx:atemp>25</gpxtpx:atemp>
      <gpxtpx:hr>185</gpxtpx:hr>
      <gpxtpx:cad>89</gpxtpx:cad>
     </gpxtpx:TrackPointExtension>
    </extensions>
   </trkpt>
   <trkpt lat="46.7972470" lon="130.3283930">
    <ele>80.4</ele>
    <time>2025-09-07T00:36:45Z</time>
    <extensions>
     <power>388</power>
     <gpxtpx:TrackPointExtension>
      <gpxtpx:atemp>25</gpxtpx:atemp>
      <gpxtpx:hr>185</gpxtpx:hr>
      <gpxtpx:cad>89</gpxtpx:cad>
     </gpxtpx:TrackPointExtension>
    </extensions>
   </trkpt>
   <trkpt lat="46.7972180" lon="130.3283530">
    <ele>80.4</ele>
    <time>2025-09-07T00:36:46Z</time>
    <extensions>
     <power>386</power>
     <gpxtpx:TrackPointExtension>
      <gpxtpx:atemp>25</gpxtpx:atemp>
      <gpxtpx:hr>185</gpxtpx:hr>
      <gpxtpx:cad>89</gpxtpx:cad>
     </gpxtpx:TrackPointExtension>
    </extensions>
   </trkpt>
   <trkpt lat="46.7971910" lon="130.3283160">
    <ele>80.2</ele>
    <time>2025-09-07T00:36:47Z</time>
    <extensions>
     <power>380</power>
     <gpxtpx:TrackPointExtension>
      <gpxtpx:atemp>25</gpxtpx:atemp>
      <gpxtpx:hr>185</gpxtpx:hr>
      <gpxtpx:cad>89</gpxtpx:cad>
     </gpxtpx:TrackPointExtension>
    </extensions>
   </trkpt>
   <trkpt lat="46.7971620" lon="130.3282780">
    <ele>80.0</ele>
    <time>2025-09-07T00:36:48Z</time>
    <extensions>
     <power>376</power>
     <gpxtpx:TrackPointExtension>
      <gpxtpx:atemp>25</gpxtpx:atemp>
      <gpxtpx:hr>184</gpxtpx:hr>
      <gpxtpx:cad>89</gpxtpx:cad>
     </gpxtpx:TrackPointExtension>
    </extensions>
   </trkpt>
   <trkpt lat="46.7971340" lon="130.3282490">
    <ele>79.8</ele>
    <time>2025-09-07T00:36:49Z</time>
    <extensions>
     <power>374</power>
     <gpxtpx:TrackPointExtension>
      <gpxtpx:atemp>25</gpxtpx:atemp>
      <gpxtpx:hr>185</gpxtpx:hr>
      <gpxtpx:cad>89</gpxtpx:cad>
     </gpxtpx:TrackPointExtension>
    </extensions>
   </trkpt>
   <trkpt lat="46.7971000" lon="130.3282170">
    <ele>79.6</ele>
    <time>2025-09-07T00:36:50Z</time>
    <extensions>
     <power>379</power>
     <gpxtpx:TrackPointExtension>
      <gpxtpx:atemp>25</gpxtpx:atemp>
      <gpxtpx:hr>185</gpxtpx:hr>
      <gpxtpx:cad>89</gpxtpx:cad>
     </gpxtpx:TrackPointExtension>
    </extensions>
   </trkpt>
   <trkpt lat="46.7970780" lon="130.3281820">
    <ele>79.2</ele>
    <time>2025-09-07T00:36:51Z</time>
    <extensions>
     <power>383</power>
     <gpxtpx:TrackPointExtension>
      <gpxtpx:atemp>25</gpxtpx:atemp>
      <gpxtpx:hr>185</gpxtpx:hr>
      <gpxtpx:cad>89</gpxtpx:cad>
     </gpxtpx:TrackPointExtension>
    </extensions>
   </trkpt>
   <trkpt lat="46.7970470" lon="130.3281430">
    <ele>79.2</ele>
    <time>2025-09-07T00:36:52Z</time>
    <extensions>
     <power>384</power>
     <gpxtpx:TrackPointExtension>
      <gpxtpx:atemp>25</gpxtpx:atemp>
      <gpxtpx:hr>185</gpxtpx:hr>
      <gpxtpx:cad>89</gpxtpx:cad>
     </gpxtpx:TrackPointExtension>
    </extensions>
   </trkpt>
   <trkpt lat="46.7970270" lon="130.3281100">
    <ele>80.0</ele>
    <time>2025-09-07T00:36:53Z</time>
    <extensions>
     <power>383</power>
     <gpxtpx:TrackPointExtension>
      <gpxtpx:atemp>25</gpxtpx:atemp>
      <gpxtpx:hr>185</gpxtpx:hr>
      <gpxtpx:cad>89</gpxtpx:cad>
     </gpxtpx:TrackPointExtension>
    </extensions>
   </trkpt>
   <trkpt lat="46.7969970" lon="130.3280710">
    <ele>80.4</ele>
    <time>2025-09-07T00:36:54Z</time>
    <extensions>
     <power>375</power>
     <gpxtpx:TrackPointExtension>
      <gpxtpx:atemp>25</gpxtpx:atemp>
      <gpxtpx:hr>184</gpxtpx:hr>
      <gpxtpx:cad>89</gpxtpx:cad>
     </gpxtpx:TrackPointExtension>
    </extensions>
   </trkpt>
   <trkpt lat="46.7969680" lon="130.3280400">
    <ele>80.6</ele>
    <time>2025-09-07T00:36:55Z</time>
    <extensions>
     <power>381</power>
     <gpxtpx:TrackPointExtension>
      <gpxtpx:atemp>25</gpxtpx:atemp>
      <gpxtpx:hr>185</gpxtpx:hr>
      <gpxtpx:cad>90</gpxtpx:cad>
     </gpxtpx:TrackPointExtension>
    </extensions>
   </trkpt>
   <trkpt lat="46.7969380" lon="130.3280090">
    <ele>80.8</ele>
    <time>2025-09-07T00:36:56Z</time>
    <extensions>
     <power>388</power>
     <gpxtpx:TrackPointExtension>
      <gpxtpx:atemp>25</gpxtpx:atemp>
      <gpxtpx:hr>185</gpxtpx:hr>
      <gpxtpx:cad>90</gpxtpx:cad>
     </gpxtpx:TrackPointExtension>
    </extensions>
   </trkpt>
   <trkpt lat="46.7969230" lon="130.3279790">
    <ele>80.8</ele>
    <time>2025-09-07T00:36:57Z</time>
    <extensions>
     <power>393</power>
     <gpxtpx:TrackPointExtension>
      <gpxtpx:atemp>25</gpxtpx:atemp>
      <gpxtpx:hr>185</gpxtpx:hr>
      <gpxtpx:cad>90</gpxtpx:cad>
     </gpxtpx:TrackPointExtension>
    </extensions>
   </trkpt>
   <trkpt lat="46.7968960" lon="130.3279380">
    <ele>80.6</ele>
    <time>2025-09-07T00:36:58Z</time>
    <extensions>
     <power>397</power>
     <gpxtpx:TrackPointExtension>
      <gpxtpx:atemp>25</gpxtpx:atemp>
      <gpxtpx:hr>185</gpxtpx:hr>
      <gpxtpx:cad>90</gpxtpx:cad>
     </gpxtpx:TrackPointExtension>
    </extensions>
   </trkpt>
   <trkpt lat="46.7968780" lon="130.3278940">
    <ele>80.4</ele>
    <time>2025-09-07T00:36:59Z</time>
    <extensions>
     <power>373</power>
     <gpxtpx:TrackPointExtension>
      <gpxtpx:atemp>25</gpxtpx:atemp>
      <gpxtpx:hr>185</gpxtpx:hr>
      <gpxtpx:cad>90</gpxtpx:cad>
     </gpxtpx:TrackPointExtension>
    </extensions>
   </trkpt>
   <trkpt lat="46.7968500" lon="130.3278480">
    <ele>80.2</ele>
    <time>2025-09-07T00:37:00Z</time>
    <extensions>
     <power>371</power>
     <gpxtpx:TrackPointExtension>
      <gpxtpx:atemp>25</gpxtpx:atemp>
      <gpxtpx:hr>185</gpxtpx:hr>
      <gpxtpx:cad>90</gpxtpx:cad>
     </gpxtpx:TrackPointExtension>
    </extensions>
   </trkpt>
   <trkpt lat="46.7968300" lon="130.3278140">
    <ele>80.2</ele>
    <time>2025-09-07T00:37:01Z</time>
    <extensions>
     <power>371</power>
     <gpxtpx:TrackPointExtension>
      <gpxtpx:atemp>25</gpxtpx:atemp>
      <gpxtpx:hr>185</gpxtpx:hr>
      <gpxtpx:cad>90</gpxtpx:cad>
     </gpxtpx:TrackPointExtension>
    </extensions>
   </trkpt>
   <trkpt lat="46.7968010" lon="130.3277730">
    <ele>80.0</ele>
    <time>2025-09-07T00:37:02Z</time>
    <extensions>
     <power>377</power>
     <gpxtpx:TrackPointExtension>
      <gpxtpx:atemp>25</gpxtpx:atemp>
      <gpxtpx:hr>186</gpxtpx:hr>
      <gpxtpx:cad>90</gpxtpx:cad>
     </gpxtpx:TrackPointExtension>
    </extensions>
   </trkpt>
   <trkpt lat="46.7967760" lon="130.3277370">
    <ele>79.8</ele>
    <time>2025-09-07T00:37:03Z</time>
    <extensions>
     <power>380</power>
     <gpxtpx:TrackPointExtension>
      <gpxtpx:atemp>25</gpxtpx:atemp>
      <gpxtpx:hr>186</gpxtpx:hr>
      <gpxtpx:cad>89</gpxtpx:cad>
     </gpxtpx:TrackPointExtension>
    </extensions>
   </trkpt>
   <trkpt lat="46.7967510" lon="130.3277010">
    <ele>79.8</ele>
    <time>2025-09-07T00:37:04Z</time>
    <extensions>
     <power>384</power>
     <gpxtpx:TrackPointExtension>
      <gpxtpx:atemp>25</gpxtpx:atemp>
      <gpxtpx:hr>186</gpxtpx:hr>
      <gpxtpx:cad>89</gpxtpx:cad>
     </gpxtpx:TrackPointExtension>
    </extensions>
   </trkpt>
   <trkpt lat="46.7967290" lon="130.3276710">
    <ele>80.0</ele>
    <time>2025-09-07T00:37:05Z</time>
    <extensions>
     <power>384</power>
     <gpxtpx:TrackPointExtension>
      <gpxtpx:atemp>25</gpxtpx:atemp>
      <gpxtpx:hr>186</gpxtpx:hr>
      <gpxtpx:cad>89</gpxtpx:cad>
     </gpxtpx:TrackPointExtension>
    </extensions>
   </trkpt>
   <trkpt lat="46.7967010" lon="130.3276360">
    <ele>80.2</ele>
    <time>2025-09-07T00:37:06Z</time>
    <extensions>
     <power>381</power>
     <gpxtpx:TrackPointExtension>
      <gpxtpx:atemp>25</gpxtpx:atemp>
      <gpxtpx:hr>187</gpxtpx:hr>
      <gpxtpx:cad>89</gpxtpx:cad>
     </gpxtpx:TrackPointExtension>
    </extensions>
   </trkpt>
   <trkpt lat="46.7966730" lon="130.3276090">
    <ele>80.4</ele>
    <time>2025-09-07T00:37:07Z</time>
    <extensions>
     <power>382</power>
     <gpxtpx:TrackPointExtension>
      <gpxtpx:atemp>25</gpxtpx:atemp>
      <gpxtpx:hr>187</gpxtpx:hr>
      <gpxtpx:cad>89</gpxtpx:cad>
     </gpxtpx:TrackPointExtension>
    </extensions>
   </trkpt>
   <trkpt lat="46.7966440" lon="130.3275750">
    <ele>80.6</ele>
    <time>2025-09-07T00:37:08Z</time>
    <extensions>
     <power>380</power>
     <gpxtpx:TrackPointExtension>
      <gpxtpx:atemp>25</gpxtpx:atemp>
      <gpxtpx:hr>187</gpxtpx:hr>
      <gpxtpx:cad>90</gpxtpx:cad>
     </gpxtpx:TrackPointExtension>
    </extensions>
   </trkpt>
   <trkpt lat="46.7966190" lon="130.3275470">
    <ele>80.6</ele>
    <time>2025-09-07T00:37:09Z</time>
    <extensions>
     <power>379</power>
     <gpxtpx:TrackPointExtension>
      <gpxtpx:atemp>25</gpxtpx:atemp>
      <gpxtpx:hr>187</gpxtpx:hr>
      <gpxtpx:cad>90</gpxtpx:cad>
     </gpxtpx:TrackPointExtension>
    </extensions>
   </trkpt>
   <trkpt lat="46.7965900" lon="130.3275180">
    <ele>80.8</ele>
    <time>2025-09-07T00:37:10Z</time>
    <extensions>
     <power>379</power>
     <gpxtpx:TrackPointExtension>
      <gpxtpx:atemp>25</gpxtpx:atemp>
      <gpxtpx:hr>187</gpxtpx:hr>
      <gpxtpx:cad>90</gpxtpx:cad>
     </gpxtpx:TrackPointExtension>
    </extensions>
   </trkpt>
   <trkpt lat="46.7965660" lon="130.3274830">
    <ele>80.6</ele>
    <time>2025-09-07T00:37:11Z</time>
    <extensions>
     <power>379</power>
     <gpxtpx:TrackPointExtension>
      <gpxtpx:atemp>25</gpxtpx:atemp>
      <gpxtpx:hr>187</gpxtpx:hr>
      <gpxtpx:cad>90</gpxtpx:cad>
     </gpxtpx:TrackPointExtension>
    </extensions>
   </trkpt>
   <trkpt lat="46.7965400" lon="130.3274400">
    <ele>80.6</ele>
    <time>2025-09-07T00:37:12Z</time>
    <extensions>
     <power>378</power>
     <gpxtpx:TrackPointExtension>
      <gpxtpx:atemp>25</gpxtpx:atemp>
      <gpxtpx:hr>187</gpxtpx:hr>
      <gpxtpx:cad>89</gpxtpx:cad>
     </gpxtpx:TrackPointExtension>
    </extensions>
   </trkpt>
   <trkpt lat="46.7965240" lon="130.3274000">
    <ele>80.4</ele>
    <time>2025-09-07T00:37:13Z</time>
    <extensions>
     <power>379</power>
     <gpxtpx:TrackPointExtension>
      <gpxtpx:atemp>25</gpxtpx:atemp>
      <gpxtpx:hr>187</gpxtpx:hr>
      <gpxtpx:cad>89</gpxtpx:cad>
     </gpxtpx:TrackPointExtension>
    </extensions>
   </trkpt>
   <trkpt lat="46.7964970" lon="130.3273600">
    <ele>80.4</ele>
    <time>2025-09-07T00:37:14Z</time>
    <extensions>
     <power>381</power>
     <gpxtpx:TrackPointExtension>
      <gpxtpx:atemp>25</gpxtpx:atemp>
      <gpxtpx:hr>187</gpxtpx:hr>
      <gpxtpx:cad>89</gpxtpx:cad>
     </gpxtpx:TrackPointExtension>
    </extensions>
   </trkpt>
   <trkpt lat="46.7964700" lon="130.3273210">
    <ele>80.6</ele>
    <time>2025-09-07T00:37:15Z</time>
    <extensions>
     <power>385</power>
     <gpxtpx:TrackPointExtension>
      <gpxtpx:atemp>25</gpxtpx:atemp>
      <gpxtpx:hr>188</gpxtpx:hr>
      <gpxtpx:cad>89</gpxtpx:cad>
     </gpxtpx:TrackPointExtension>
    </extensions>
   </trkpt>
   <trkpt lat="46.7964440" lon="130.3272840">
    <ele>81.0</ele>
    <time>2025-09-07T00:37:16Z</time>
    <extensions>
     <power>387</power>
     <gpxtpx:TrackPointExtension>
      <gpxtpx:atemp>25</gpxtpx:atemp>
      <gpxtpx:hr>188</gpxtpx:hr>
      <gpxtpx:cad>89</gpxtpx:cad>
     </gpxtpx:TrackPointExtension>
    </extensions>
   </trkpt>
   <trkpt lat="46.7964210" lon="130.3272500">
    <ele>81.0</ele>
    <time>2025-09-07T00:37:17Z</time>
    <extensions>
     <power>390</power>
     <gpxtpx:TrackPointExtension>
      <gpxtpx:atemp>25</gpxtpx:atemp>
      <gpxtpx:hr>188</gpxtpx:hr>
      <gpxtpx:cad>89</gpxtpx:cad>
     </gpxtpx:TrackPointExtension>
    </extensions>
   </trkpt>
   <trkpt lat="46.7963930" lon="130.3272140">
    <ele>81.0</ele>
    <time>2025-09-07T00:37:18Z</time>
    <extensions>
     <power>388</power>
     <gpxtpx:TrackPointExtension>
      <gpxtpx:atemp>25</gpxtpx:atemp>
      <gpxtpx:hr>188</gpxtpx:hr>
      <gpxtpx:cad>90</gpxtpx:cad>
     </gpxtpx:TrackPointExtension>
    </extensions>
   </trkpt>
   <trkpt lat="46.7963690" lon="130.3271760">
    <ele>80.8</ele>
    <time>2025-09-07T00:37:19Z</time>
    <extensions>
     <power>386</power>
     <gpxtpx:TrackPointExtension>
      <gpxtpx:atemp>25</gpxtpx:atemp>
      <gpxtpx:hr>188</gpxtpx:hr>
      <gpxtpx:cad>90</gpxtpx:cad>
     </gpxtpx:TrackPointExtension>
    </extensions>
   </trkpt>
   <trkpt lat="46.7963430" lon="130.3271410">
    <ele>80.6</ele>
    <time>2025-09-07T00:37:20Z</time>
    <extensions>
     <power>385</power>
     <gpxtpx:TrackPointExtension>
      <gpxtpx:atemp>25</gpxtpx:atemp>
      <gpxtpx:hr>188</gpxtpx:hr>
      <gpxtpx:cad>90</gpxtpx:cad>
     </gpxtpx:TrackPointExtension>
    </extensions>
   </trkpt>
   <trkpt lat="46.7963160" lon="130.3271130">
    <ele>80.2</ele>
    <time>2025-09-07T00:37:21Z</time>
    <extensions>
     <power>382</power>
     <gpxtpx:TrackPointExtension>
      <gpxtpx:atemp>25</gpxtpx:atemp>
      <gpxtpx:hr>188</gpxtpx:hr>
      <gpxtpx:cad>90</gpxtpx:cad>
     </gpxtpx:TrackPointExtension>
    </extensions>
   </trkpt>
   <trkpt lat="46.7962890" lon="130.3270740">
    <ele>80.0</ele>
    <time>2025-09-07T00:37:22Z</time>
    <extensions>
     <power>381</power>
     <gpxtpx:TrackPointExtension>
      <gpxtpx:atemp>25</gpxtpx:atemp>
      <gpxtpx:hr>188</gpxtpx:hr>
      <gpxtpx:cad>90</gpxtpx:cad>
     </gpxtpx:TrackPointExtension>
    </extensions>
   </trkpt>
   <trkpt lat="46.7962600" lon="130.3270400">
    <ele>79.8</ele>
    <time>2025-09-07T00:37:23Z</time>
    <extensions>
     <power>380</power>
     <gpxtpx:TrackPointExtension>
      <gpxtpx:atemp>25</gpxtpx:atemp>
      <gpxtpx:hr>188</gpxtpx:hr>
      <gpxtpx:cad>90</gpxtpx:cad>
     </gpxtpx:TrackPointExtension>
    </extensions>
   </trkpt>
   <trkpt lat="46.7962330" lon="130.3269980">
    <ele>79.8</ele>
    <time>2025-09-07T00:37:24Z</time>
    <extensions>
     <power>381</power>
     <gpxtpx:TrackPointExtension>
      <gpxtpx:atemp>25</gpxtpx:atemp>
      <gpxtpx:hr>187</gpxtpx:hr>
      <gpxtpx:cad>90</gpxtpx:cad>
     </gpxtpx:TrackPointExtension>
    </extensions>
   </trkpt>
   <trkpt lat="46.7962080" lon="130.3269570">
    <ele>79.8</ele>
    <time>2025-09-07T00:37:25Z</time>
    <extensions>
     <power>379</power>
     <gpxtpx:TrackPointExtension>
      <gpxtpx:atemp>25</gpxtpx:atemp>
      <gpxtpx:hr>188</gpxtpx:hr>
      <gpxtpx:cad>89</gpxtpx:cad>
     </gpxtpx:TrackPointExtension>
    </extensions>
   </trkpt>
   <trkpt lat="46.7961800" lon="130.3269150">
    <ele>79.8</ele>
    <time>2025-09-07T00:37:26Z</time>
    <extensions>
     <power>380</power>
     <gpxtpx:TrackPointExtension>
      <gpxtpx:atemp>25</gpxtpx:atemp>
      <gpxtpx:hr>188</gpxtpx:hr>
      <gpxtpx:cad>89</gpxtpx:cad>
     </gpxtpx:TrackPointExtension>
    </extensions>
   </trkpt>
   <trkpt lat="46.7961530" lon="130.3268750">
    <ele>79.6</ele>
    <time>2025-09-07T00:37:27Z</time>
    <extensions>
     <power>379</power>
     <gpxtpx:TrackPointExtension>
      <gpxtpx:atemp>25</gpxtpx:atemp>
      <gpxtpx:hr>187</gpxtpx:hr>
      <gpxtpx:cad>89</gpxtpx:cad>
     </gpxtpx:TrackPointExtension>
    </extensions>
   </trkpt>
   <trkpt lat="46.7961290" lon="130.3268430">
    <ele>79.8</ele>
    <time>2025-09-07T00:37:28Z</time>
    <extensions>
     <power>381</power>
     <gpxtpx:TrackPointExtension>
      <gpxtpx:atemp>25</gpxtpx:atemp>
      <gpxtpx:hr>188</gpxtpx:hr>
      <gpxtpx:cad>89</gpxtpx:cad>
     </gpxtpx:TrackPointExtension>
    </extensions>
   </trkpt>
   <trkpt lat="46.7961010" lon="130.3268020">
    <ele>79.8</ele>
    <time>2025-09-07T00:37:29Z</time>
    <extensions>
     <power>383</power>
     <gpxtpx:TrackPointExtension>
      <gpxtpx:atemp>25</gpxtpx:atemp>
      <gpxtpx:hr>188</gpxtpx:hr>
      <gpxtpx:cad>88</gpxtpx:cad>
     </gpxtpx:TrackPointExtension>
    </extensions>
   </trkpt>
   <trkpt lat="46.7960810" lon="130.3267640">
    <ele>79.8</ele>
    <time>2025-09-07T00:37:30Z</time>
    <extensions>
     <power>384</power>
     <gpxtpx:TrackPointExtension>
      <gpxtpx:atemp>25</gpxtpx:atemp>
      <gpxtpx:hr>187</gpxtpx:hr>
      <gpxtpx:cad>88</gpxtpx:cad>
     </gpxtpx:TrackPointExtension>
    </extensions>
   </trkpt>
   <trkpt lat="46.7960530" lon="130.3267220">
    <ele>79.8</ele>
    <time>2025-09-07T00:37:31Z</time>
    <extensions>
     <power>387</power>
     <gpxtpx:TrackPointExtension>
      <gpxtpx:atemp>25</gpxtpx:atemp>
      <gpxtpx:hr>187</gpxtpx:hr>
      <gpxtpx:cad>88</gpxtpx:cad>
     </gpxtpx:TrackPointExtension>
    </extensions>
   </trkpt>
   <trkpt lat="46.7960340" lon="130.3266860">
    <ele>80.0</ele>
    <time>2025-09-07T00:37:32Z</time>
    <extensions>
     <power>386</power>
     <gpxtpx:TrackPointExtension>
      <gpxtpx:atemp>25</gpxtpx:atemp>
      <gpxtpx:hr>187</gpxtpx:hr>
      <gpxtpx:cad>88</gpxtpx:cad>
     </gpxtpx:TrackPointExtension>
    </extensions>
   </trkpt>
   <trkpt lat="46.7960050" lon="130.3266450">
    <ele>80.0</ele>
    <time>2025-09-07T00:37:33Z</time>
    <extensions>
     <power>385</power>
     <gpxtpx:TrackPointExtension>
      <gpxtpx:atemp>25</gpxtpx:atemp>
      <gpxtpx:hr>187</gpxtpx:hr>
      <gpxtpx:cad>88</gpxtpx:cad>
     </gpxtpx:TrackPointExtension>
    </extensions>
   </trkpt>
   <trkpt lat="46.7959850" lon="130.3266070">
    <ele>80.0</ele>
    <time>2025-09-07T00:37:34Z</time>
    <extensions>
     <power>386</power>
     <gpxtpx:TrackPointExtension>
      <gpxtpx:atemp>25</gpxtpx:atemp>
      <gpxtpx:hr>188</gpxtpx:hr>
      <gpxtpx:cad>87</gpxtpx:cad>
     </gpxtpx:TrackPointExtension>
    </extensions>
   </trkpt>
   <trkpt lat="46.7959540" lon="130.3265650">
    <ele>80.0</ele>
    <time>2025-09-07T00:37:35Z</time>
    <extensions>
     <power>389</power>
     <gpxtpx:TrackPointExtension>
      <gpxtpx:atemp>25</gpxtpx:atemp>
      <gpxtpx:hr>187</gpxtpx:hr>
      <gpxtpx:cad>87</gpxtpx:cad>
     </gpxtpx:TrackPointExtension>
    </extensions>
   </trkpt>
   <trkpt lat="46.7959350" lon="130.3265300">
    <ele>80.0</ele>
    <time>2025-09-07T00:37:36Z</time>
    <extensions>
     <power>389</power>
     <gpxtpx:TrackPointExtension>
      <gpxtpx:atemp>25</gpxtpx:atemp>
      <gpxtpx:hr>187</gpxtpx:hr>
      <gpxtpx:cad>87</gpxtpx:cad>
     </gpxtpx:TrackPointExtension>
    </extensions>
   </trkpt>
   <trkpt lat="46.7959070" lon="130.3264930">
    <ele>80.0</ele>
    <time>2025-09-07T00:37:37Z</time>
    <extensions>
     <power>391</power>
     <gpxtpx:TrackPointExtension>
      <gpxtpx:atemp>25</gpxtpx:atemp>
      <gpxtpx:hr>188</gpxtpx:hr>
      <gpxtpx:cad>88</gpxtpx:cad>
     </gpxtpx:TrackPointExtension>
    </extensions>
   </trkpt>
   <trkpt lat="46.7958890" lon="130.3264550">
    <ele>80.2</ele>
    <time>2025-09-07T00:37:38Z</time>
    <extensions>
     <power>391</power>
     <gpxtpx:TrackPointExtension>
      <gpxtpx:atemp>25</gpxtpx:atemp>
      <gpxtpx:hr>187</gpxtpx:hr>
      <gpxtpx:cad>88</gpxtpx:cad>
     </gpxtpx:TrackPointExtension>
    </extensions>
   </trkpt>
   <trkpt lat="46.7958600" lon="130.3264110">
    <ele>80.2</ele>
    <time>2025-09-07T00:37:39Z</time>
    <extensions>
     <power>391</power>
     <gpxtpx:TrackPointExtension>
      <gpxtpx:atemp>25</gpxtpx:atemp>
      <gpxtpx:hr>187</gpxtpx:hr>
      <gpxtpx:cad>88</gpxtpx:cad>
     </gpxtpx:TrackPointExtension>
    </extensions>
   </trkpt>
   <trkpt lat="46.7958390" lon="130.3263740">
    <ele>80.4</ele>
    <time>2025-09-07T00:37:40Z</time>
    <extensions>
     <power>391</power>
     <gpxtpx:TrackPointExtension>
      <gpxtpx:atemp>25</gpxtpx:atemp>
      <gpxtpx:hr>188</gpxtpx:hr>
      <gpxtpx:cad>88</gpxtpx:cad>
     </gpxtpx:TrackPointExtension>
    </extensions>
   </trkpt>
   <trkpt lat="46.7958120" lon="130.3263260">
    <ele>80.4</ele>
    <time>2025-09-07T00:37:41Z</time>
    <extensions>
     <power>391</power>
     <gpxtpx:TrackPointExtension>
      <gpxtpx:atemp>25</gpxtpx:atemp>
      <gpxtpx:hr>187</gpxtpx:hr>
      <gpxtpx:cad>88</gpxtpx:cad>
     </gpxtpx:TrackPointExtension>
    </extensions>
   </trkpt>
   <trkpt lat="46.7957930" lon="130.3262920">
    <ele>80.4</ele>
    <time>2025-09-07T00:37:42Z</time>
    <extensions>
     <power>392</power>
     <gpxtpx:TrackPointExtension>
      <gpxtpx:atemp>25</gpxtpx:atemp>
      <gpxtpx:hr>187</gpxtpx:hr>
      <gpxtpx:cad>89</gpxtpx:cad>
     </gpxtpx:TrackPointExtension>
    </extensions>
   </trkpt>
   <trkpt lat="46.7957650" lon="130.3262490">
    <ele>80.6</ele>
    <time>2025-09-07T00:37:43Z</time>
    <extensions>
     <power>393</power>
     <gpxtpx:TrackPointExtension>
      <gpxtpx:atemp>25</gpxtpx:atemp>
      <gpxtpx:hr>188</gpxtpx:hr>
      <gpxtpx:cad>89</gpxtpx:cad>
     </gpxtpx:TrackPointExtension>
    </extensions>
   </trkpt>
   <trkpt lat="46.7957440" lon="130.3262090">
    <ele>80.6</ele>
    <time>2025-09-07T00:37:44Z</time>
    <extensions>
     <power>393</power>
     <gpxtpx:TrackPointExtension>
      <gpxtpx:atemp>24</gpxtpx:atemp>
      <gpxtpx:hr>187</gpxtpx:hr>
      <gpxtpx:cad>89</gpxtpx:cad>
     </gpxtpx:TrackPointExtension>
    </extensions>
   </trkpt>
   <trkpt lat="46.7957190" lon="130.3261630">
    <ele>80.6</ele>
    <time>2025-09-07T00:37:45Z</time>
    <extensions>
     <power>392</power>
     <gpxtpx:TrackPointExtension>
      <gpxtpx:atemp>25</gpxtpx:atemp>
      <gpxtpx:hr>187</gpxtpx:hr>
      <gpxtpx:cad>89</gpxtpx:cad>
     </gpxtpx:TrackPointExtension>
    </extensions>
   </trkpt>
   <trkpt lat="46.7956950" lon="130.3261180">
    <ele>80.6</ele>
    <time>2025-09-07T00:37:46Z</time>
    <extensions>
     <power>394</power>
     <gpxtpx:TrackPointExtension>
      <gpxtpx:atemp>24</gpxtpx:atemp>
      <gpxtpx:hr>188</gpxtpx:hr>
      <gpxtpx:cad>89</gpxtpx:cad>
     </gpxtpx:TrackPointExtension>
    </extensions>
   </trkpt>
   <trkpt lat="46.7956730" lon="130.3260700">
    <ele>80.6</ele>
    <time>2025-09-07T00:37:47Z</time>
    <extensions>
     <power>394</power>
     <gpxtpx:TrackPointExtension>
      <gpxtpx:atemp>25</gpxtpx:atemp>
      <gpxtpx:hr>187</gpxtpx:hr>
      <gpxtpx:cad>89</gpxtpx:cad>
     </gpxtpx:TrackPointExtension>
    </extensions>
   </trkpt>
   <trkpt lat="46.7956500" lon="130.3260300">
    <ele>80.6</ele>
    <time>2025-09-07T00:37:48Z</time>
    <extensions>
     <power>396</power>
     <gpxtpx:TrackPointExtension>
      <gpxtpx:atemp>24</gpxtpx:atemp>
      <gpxtpx:hr>187</gpxtpx:hr>
      <gpxtpx:cad>89</gpxtpx:cad>
     </gpxtpx:TrackPointExtension>
    </extensions>
   </trkpt>
   <trkpt lat="46.7956280" lon="130.3259820">
    <ele>80.4</ele>
    <time>2025-09-07T00:37:49Z</time>
    <extensions>
     <power>398</power>
     <gpxtpx:TrackPointExtension>
      <gpxtpx:atemp>24</gpxtpx:atemp>
      <gpxtpx:hr>188</gpxtpx:hr>
      <gpxtpx:cad>90</gpxtpx:cad>
     </gpxtpx:TrackPointExtension>
    </extensions>
   </trkpt>
   <trkpt lat="46.7956120" lon="130.3259470">
    <ele>80.4</ele>
    <time>2025-09-07T00:37:50Z</time>
    <extensions>
     <power>397</power>
     <gpxtpx:TrackPointExtension>
      <gpxtpx:atemp>24</gpxtpx:atemp>
      <gpxtpx:hr>187</gpxtpx:hr>
      <gpxtpx:cad>90</gpxtpx:cad>
     </gpxtpx:TrackPointExtension>
    </extensions>
   </trkpt>
   <trkpt lat="46.7955910" lon="130.3258930">
    <ele>80.4</ele>
    <time>2025-09-07T00:37:51Z</time>
    <extensions>
     <power>397</power>
     <gpxtpx:TrackPointExtension>
      <gpxtpx:atemp>24</gpxtpx:atemp>
      <gpxtpx:hr>187</gpxtpx:hr>
      <gpxtpx:cad>90</gpxtpx:cad>
     </gpxtpx:TrackPointExtension>
    </extensions>
   </trkpt>
   <trkpt lat="46.7955760" lon="130.3258420">
    <ele>80.4</ele>
    <time>2025-09-07T00:37:52Z</time>
    <extensions>
     <power>399</power>
     <gpxtpx:TrackPointExtension>
      <gpxtpx:atemp>24</gpxtpx:atemp>
      <gpxtpx:hr>188</gpxtpx:hr>
      <gpxtpx:cad>89</gpxtpx:cad>
     </gpxtpx:TrackPointExtension>
    </extensions>
   </trkpt>
   <trkpt lat="46.7955670" lon="130.3257860">
    <ele>80.4</ele>
    <time>2025-09-07T00:37:53Z</time>
    <extensions>
     <power>400</power>
     <gpxtpx:TrackPointExtension>
      <gpxtpx:atemp>24</gpxtpx:atemp>
      <gpxtpx:hr>187</gpxtpx:hr>
      <gpxtpx:cad>89</gpxtpx:cad>
     </gpxtpx:TrackPointExtension>
    </extensions>
   </trkpt>
   <trkpt lat="46.7955580" lon="130.3257400">
    <ele>80.6</ele>
    <time>2025-09-07T00:37:54Z</time>
    <extensions>
     <power>402</power>
     <gpxtpx:TrackPointExtension>
      <gpxtpx:atemp>25</gpxtpx:atemp>
      <gpxtpx:hr>187</gpxtpx:hr>
      <gpxtpx:cad>89</gpxtpx:cad>
     </gpxtpx:TrackPointExtension>
    </extensions>
   </trkpt>
   <trkpt lat="46.7955490" lon="130.3256850">
    <ele>80.6</ele>
    <time>2025-09-07T00:37:55Z</time>
    <extensions>
     <power>405</power>
     <gpxtpx:TrackPointExtension>
      <gpxtpx:atemp>24</gpxtpx:atemp>
      <gpxtpx:hr>188</gpxtpx:hr>
      <gpxtpx:cad>89</gpxtpx:cad>
     </gpxtpx:TrackPointExtension>
    </extensions>
   </trkpt>
   <trkpt lat="46.7955420" lon="130.3256350">
    <ele>80.6</ele>
    <time>2025-09-07T00:37:56Z</time>
    <extensions>
     <power>404</power>
     <gpxtpx:TrackPointExtension>
      <gpxtpx:atemp>24</gpxtpx:atemp>
      <gpxtpx:hr>187</gpxtpx:hr>
      <gpxtpx:cad>89</gpxtpx:cad>
     </gpxtpx:TrackPointExtension>
    </extensions>
   </trkpt>
   <trkpt lat="46.7955340" lon="130.3255810">
    <ele>80.6</ele>
    <time>2025-09-07T00:37:57Z</time>
    <extensions>
     <power>404</power>
     <gpxtpx:TrackPointExtension>
      <gpxtpx:atemp>24</gpxtpx:atemp>
      <gpxtpx:hr>188</gpxtpx:hr>
      <gpxtpx:cad>89</gpxtpx:cad>
     </gpxtpx:TrackPointExtension>
    </extensions>
   </trkpt>
   <trkpt lat="46.7955330" lon="130.3255270">
    <ele>80.6</ele>
    <time>2025-09-07T00:37:58Z</time>
    <extensions>
     <power>403</power>
     <gpxtpx:TrackPointExtension>
      <gpxtpx:atemp>24</gpxtpx:atemp>
      <gpxtpx:hr>188</gpxtpx:hr>
      <gpxtpx:cad>89</gpxtpx:cad>
     </gpxtpx:TrackPointExtension>
    </extensions>
   </trkpt>
   <trkpt lat="46.7955230" lon="130.3254710">
    <ele>80.6</ele>
    <time>2025-09-07T00:37:59Z</time>
    <extensions>
     <power>403</power>
     <gpxtpx:TrackPointExtension>
      <gpxtpx:atemp>24</gpxtpx:atemp>
      <gpxtpx:hr>188</gpxtpx:hr>
      <gpxtpx:cad>90</gpxtpx:cad>
     </gpxtpx:TrackPointExtension>
    </extensions>
   </trkpt>
   <trkpt lat="46.7955110" lon="130.3254210">
    <ele>80.6</ele>
    <time>2025-09-07T00:38:00Z</time>
    <extensions>
     <power>401</power>
     <gpxtpx:TrackPointExtension>
      <gpxtpx:atemp>24</gpxtpx:atemp>
      <gpxtpx:hr>187</gpxtpx:hr>
      <gpxtpx:cad>90</gpxtpx:cad>
     </gpxtpx:TrackPointExtension>
    </extensions>
   </trkpt>
   <trkpt lat="46.7955040" lon="130.3253620">
    <ele>80.6</ele>
    <time>2025-09-07T00:38:01Z</time>
    <extensions>
     <power>402</power>
     <gpxtpx:TrackPointExtension>
      <gpxtpx:atemp>24</gpxtpx:atemp>
      <gpxtpx:hr>188</gpxtpx:hr>
      <gpxtpx:cad>89</gpxtpx:cad>
     </gpxtpx:TrackPointExtension>
    </extensions>
   </trkpt>
   <trkpt lat="46.7954980" lon="130.3253070">
    <ele>80.4</ele>
    <time>2025-09-07T00:38:02Z</time>
    <extensions>
     <power>404</power>
     <gpxtpx:TrackPointExtension>
      <gpxtpx:atemp>24</gpxtpx:atemp>
      <gpxtpx:hr>188</gpxtpx:hr>
      <gpxtpx:cad>89</gpxtpx:cad>
     </gpxtpx:TrackPointExtension>
    </extensions>
   </trkpt>
   <trkpt lat="46.7954930" lon="130.3252490">
    <ele>80.4</ele>
    <time>2025-09-07T00:38:03Z</time>
    <extensions>
     <power>405</power>
     <gpxtpx:TrackPointExtension>
      <gpxtpx:atemp>24</gpxtpx:atemp>
      <gpxtpx:hr>188</gpxtpx:hr>
      <gpxtpx:cad>89</gpxtpx:cad>
     </gpxtpx:TrackPointExtension>
    </extensions>
   </trkpt>
   <trkpt lat="46.7954870" lon="130.3251980">
    <ele>80.4</ele>
    <time>2025-09-07T00:38:04Z</time>
    <extensions>
     <power>407</power>
     <gpxtpx:TrackPointExtension>
      <gpxtpx:atemp>24</gpxtpx:atemp>
      <gpxtpx:hr>187</gpxtpx:hr>
      <gpxtpx:cad>89</gpxtpx:cad>
     </gpxtpx:TrackPointExtension>
    </extensions>
   </trkpt>
   <trkpt lat="46.7954810" lon="130.3251410">
    <ele>80.4</ele>
    <time>2025-09-07T00:38:05Z</time>
    <extensions>
     <power>408</power>
     <gpxtpx:TrackPointExtension>
      <gpxtpx:atemp>24</gpxtpx:atemp>
      <gpxtpx:hr>188</gpxtpx:hr>
      <gpxtpx:cad>90</gpxtpx:cad>
     </gpxtpx:TrackPointExtension>
    </extensions>
   </trkpt>
   <trkpt lat="46.7954830" lon="130.3250880">
    <ele>80.4</ele>
    <time>2025-09-07T00:38:06Z</time>
    <extensions>
     <power>410</power>
     <gpxtpx:TrackPointExtension>
      <gpxtpx:atemp>24</gpxtpx:atemp>
      <gpxtpx:hr>188</gpxtpx:hr>
      <gpxtpx:cad>90</gpxtpx:cad>
     </gpxtpx:TrackPointExtension>
    </extensions>
   </trkpt>
   <trkpt lat="46.7954870" lon="130.3250330">
    <ele>80.6</ele>
    <time>2025-09-07T00:38:07Z</time>
    <extensions>
     <power>411</power>
     <gpxtpx:TrackPointExtension>
      <gpxtpx:atemp>24</gpxtpx:atemp>
      <gpxtpx:hr>188</gpxtpx:hr>
      <gpxtpx:cad>90</gpxtpx:cad>
     </gpxtpx:TrackPointExtension>
    </extensions>
   </trkpt>
   <trkpt lat="46.7954880" lon="130.3249840">
    <ele>80.6</ele>
    <time>2025-09-07T00:38:08Z</time>
    <extensions>
     <power>411</power>
     <gpxtpx:TrackPointExtension>
      <gpxtpx:atemp>24</gpxtpx:atemp>
      <gpxtpx:hr>188</gpxtpx:hr>
      <gpxtpx:cad>90</gpxtpx:cad>
     </gpxtpx:TrackPointExtension>
    </extensions>
   </trkpt>
   <trkpt lat="46.7954860" lon="130.3249230">
    <ele>80.8</ele>
    <time>2025-09-07T00:38:09Z</time>
    <extensions>
     <power>411</power>
     <gpxtpx:TrackPointExtension>
      <gpxtpx:atemp>24</gpxtpx:atemp>
      <gpxtpx:hr>188</gpxtpx:hr>
      <gpxtpx:cad>89</gpxtpx:cad>
     </gpxtpx:TrackPointExtension>
    </extensions>
   </trkpt>
   <trkpt lat="46.7954780" lon="130.3248690">
    <ele>80.8</ele>
    <time>2025-09-07T00:38:10Z</time>
    <extensions>
     <power>411</power>
     <gpxtpx:TrackPointExtension>
      <gpxtpx:atemp>24</gpxtpx:atemp>
      <gpxtpx:hr>187</gpxtpx:hr>
      <gpxtpx:cad>89</gpxtpx:cad>
     </gpxtpx:TrackPointExtension>
    </extensions>
   </trkpt>
   <trkpt lat="46.7954770" lon="130.3248100">
    <ele>80.6</ele>
    <time>2025-09-07T00:38:11Z</time>
    <extensions>
     <power>412</power>
     <gpxtpx:TrackPointExtension>
      <gpxtpx:atemp>24</gpxtpx:atemp>
      <gpxtpx:hr>188</gpxtpx:hr>
      <gpxtpx:cad>89</gpxtpx:cad>
     </gpxtpx:TrackPointExtension>
    </extensions>
   </trkpt>
   <trkpt lat="46.7954750" lon="130.3247530">
    <ele>80.6</ele>
    <time>2025-09-07T00:38:12Z</time>
    <extensions>
     <power>411</power>
     <gpxtpx:TrackPointExtension>
      <gpxtpx:atemp>24</gpxtpx:atemp>
      <gpxtpx:hr>188</gpxtpx:hr>
      <gpxtpx:cad>89</gpxtpx:cad>
     </gpxtpx:TrackPointExtension>
    </extensions>
   </trkpt>
   <trkpt lat="46.7954680" lon="130.3246970">
    <ele>80.6</ele>
    <time>2025-09-07T00:38:13Z</time>
    <extensions>
     <power>412</power>
     <gpxtpx:TrackPointExtension>
      <gpxtpx:atemp>24</gpxtpx:atemp>
      <gpxtpx:hr>188</gpxtpx:hr>
      <gpxtpx:cad>89</gpxtpx:cad>
     </gpxtpx:TrackPointExtension>
    </extensions>
   </trkpt>
   <trkpt lat="46.7954660" lon="130.3246490">
    <ele>80.4</ele>
    <time>2025-09-07T00:38:14Z</time>
    <extensions>
     <power>411</power>
     <gpxtpx:TrackPointExtension>
      <gpxtpx:atemp>24</gpxtpx:atemp>
      <gpxtpx:hr>188</gpxtpx:hr>
      <gpxtpx:cad>89</gpxtpx:cad>
     </gpxtpx:TrackPointExtension>
    </extensions>
   </trkpt>
   <trkpt lat="46.7954610" lon="130.3245860">
    <ele>80.4</ele>
    <time>2025-09-07T00:38:15Z</time>
    <extensions>
     <power>413</power>
     <gpxtpx:TrackPointExtension>
      <gpxtpx:atemp>24</gpxtpx:atemp>
      <gpxtpx:hr>188</gpxtpx:hr>
      <gpxtpx:cad>90</gpxtpx:cad>
     </gpxtpx:TrackPointExtension>
    </extensions>
   </trkpt>
   <trkpt lat="46.7954600" lon="130.3245320">
    <ele>80.4</ele>
    <time>2025-09-07T00:38:16Z</time>
    <extensions>
     <power>412</power>
     <gpxtpx:TrackPointExtension>
      <gpxtpx:atemp>24</gpxtpx:atemp>
      <gpxtpx:hr>188</gpxtpx:hr>
      <gpxtpx:cad>90</gpxtpx:cad>
     </gpxtpx:TrackPointExtension>
    </extensions>
   </trkpt>
   <trkpt lat="46.7954550" lon="130.3244750">
    <ele>80.6</ele>
    <time>2025-09-07T00:38:17Z</time>
    <extensions>
     <power>413</power>
     <gpxtpx:TrackPointExtension>
      <gpxtpx:atemp>24</gpxtpx:atemp>
      <gpxtpx:hr>188</gpxtpx:hr>
      <gpxtpx:cad>89</gpxtpx:cad>
     </gpxtpx:TrackPointExtension>
    </extensions>
   </trkpt>
   <trkpt lat="46.7954570" lon="130.3244240">
    <ele>80.8</ele>
    <time>2025-09-07T00:38:18Z</time>
    <extensions>
     <power>418</power>
     <gpxtpx:TrackPointExtension>
      <gpxtpx:atemp>24</gpxtpx:atemp>
      <gpxtpx:hr>188</gpxtpx:hr>
      <gpxtpx:cad>89</gpxtpx:cad>
     </gpxtpx:TrackPointExtension>
    </extensions>
   </trkpt>
   <trkpt lat="46.7954550" lon="130.3243630">
    <ele>80.8</ele>
    <time>2025-09-07T00:38:19Z</time>
    <extensions>
     <power>418</power>
     <gpxtpx:TrackPointExtension>
      <gpxtpx:atemp>24</gpxtpx:atemp>
      <gpxtpx:hr>188</gpxtpx:hr>
      <gpxtpx:cad>89</gpxtpx:cad>
     </gpxtpx:TrackPointExtension>
    </extensions>
   </trkpt>
   <trkpt lat="46.7954580" lon="130.3243130">
    <ele>80.8</ele>
    <time>2025-09-07T00:38:20Z</time>
    <extensions>
     <power>417</power>
     <gpxtpx:TrackPointExtension>
      <gpxtpx:atemp>24</gpxtpx:atemp>
      <gpxtpx:hr>188</gpxtpx:hr>
      <gpxtpx:cad>89</gpxtpx:cad>
     </gpxtpx:TrackPointExtension>
    </extensions>
   </trkpt>
   <trkpt lat="46.7954620" lon="130.3242520">
    <ele>80.8</ele>
    <time>2025-09-07T00:38:21Z</time>
    <extensions>
     <power>417</power>
     <gpxtpx:TrackPointExtension>
      <gpxtpx:atemp>24</gpxtpx:atemp>
      <gpxtpx:hr>187</gpxtpx:hr>
      <gpxtpx:cad>89</gpxtpx:cad>
     </gpxtpx:TrackPointExtension>
    </extensions>
   </trkpt>
   <trkpt lat="46.7954650" lon="130.3241990">
    <ele>80.6</ele>
    <time>2025-09-07T00:38:22Z</time>
    <extensions>
     <power>415</power>
     <gpxtpx:TrackPointExtension>
      <gpxtpx:atemp>24</gpxtpx:atemp>
      <gpxtpx:hr>187</gpxtpx:hr>
      <gpxtpx:cad>89</gpxtpx:cad>
     </gpxtpx:TrackPointExtension>
    </extensions>
   </trkpt>
   <trkpt lat="46.7954660" lon="130.3241370">
    <ele>80.4</ele>
    <time>2025-09-07T00:38:23Z</time>
    <extensions>
     <power>416</power>
     <gpxtpx:TrackPointExtension>
      <gpxtpx:atemp>24</gpxtpx:atemp>
      <gpxtpx:hr>187</gpxtpx:hr>
      <gpxtpx:cad>89</gpxtpx:cad>
     </gpxtpx:TrackPointExtension>
    </extensions>
   </trkpt>
   <trkpt lat="46.7954660" lon="130.3240880">
    <ele>80.2</ele>
    <time>2025-09-07T00:38:24Z</time>
    <extensions>
     <power>416</power>
     <gpxtpx:TrackPointExtension>
      <gpxtpx:atemp>24</gpxtpx:atemp>
      <gpxtpx:hr>187</gpxtpx:hr>
      <gpxtpx:cad>89</gpxtpx:cad>
     </gpxtpx:TrackPointExtension>
    </extensions>
   </trkpt>
   <trkpt lat="46.7954630" lon="130.3240220">
    <ele>80.2</ele>
    <time>2025-09-07T00:38:25Z</time>
    <extensions>
     <power>415</power>
     <gpxtpx:TrackPointExtension>
      <gpxtpx:atemp>24</gpxtpx:atemp>
      <gpxtpx:hr>186</gpxtpx:hr>
      <gpxtpx:cad>90</gpxtpx:cad>
     </gpxtpx:TrackPointExtension>
    </extensions>
   </trkpt>
   <trkpt lat="46.7954620" lon="130.3239700">
    <ele>80.2</ele>
    <time>2025-09-07T00:38:26Z</time>
    <extensions>
     <power>414</power>
     <gpxtpx:TrackPointExtension>
      <gpxtpx:atemp>24</gpxtpx:atemp>
      <gpxtpx:hr>186</gpxtpx:hr>
      <gpxtpx:cad>90</gpxtpx:cad>
     </gpxtpx:TrackPointExtension>
    </extensions>
   </trkpt>
   <trkpt lat="46.7954600" lon="130.3239070">
    <ele>80.2</ele>
    <time>2025-09-07T00:38:27Z</time>
    <extensions>
     <power>416</power>
     <gpxtpx:TrackPointExtension>
      <gpxtpx:atemp>24</gpxtpx:atemp>
      <gpxtpx:hr>185</gpxtpx:hr>
      <gpxtpx:cad>89</gpxtpx:cad>
     </gpxtpx:TrackPointExtension>
    </extensions>
   </trkpt>
   <trkpt lat="46.7954560" lon="130.3238550">
    <ele>80.2</ele>
    <time>2025-09-07T00:38:28Z</time>
    <extensions>
     <power>415</power>
     <gpxtpx:TrackPointExtension>
      <gpxtpx:atemp>24</gpxtpx:atemp>
      <gpxtpx:hr>185</gpxtpx:hr>
      <gpxtpx:cad>89</gpxtpx:cad>
     </gpxtpx:TrackPointExtension>
    </extensions>
   </trkpt>
   <trkpt lat="46.7954500" lon="130.3237970">
    <ele>80.2</ele>
    <time>2025-09-07T00:38:29Z</time>
    <extensions>
     <power>415</power>
     <gpxtpx:TrackPointExtension>
      <gpxtpx:atemp>24</gpxtpx:atemp>
      <gpxtpx:hr>184</gpxtpx:hr>
      <gpxtpx:cad>89</gpxtpx:cad>
     </gpxtpx:TrackPointExtension>
    </extensions>
   </trkpt>
   <trkpt lat="46.7954520" lon="130.3237440">
    <ele>80.2</ele>
    <time>2025-09-07T00:38:30Z</time>
    <extensions>
     <power>415</power>
     <gpxtpx:TrackPointExtension>
      <gpxtpx:atemp>24</gpxtpx:atemp>
      <gpxtpx:hr>184</gpxtpx:hr>
      <gpxtpx:cad>89</gpxtpx:cad>
     </gpxtpx:TrackPointExtension>
    </extensions>
   </trkpt>
   <trkpt lat="46.7954500" lon="130.3236880">
    <ele>80.2</ele>
    <time>2025-09-07T00:38:31Z</time>
    <extensions>
     <power>415</power>
     <gpxtpx:TrackPointExtension>
      <gpxtpx:atemp>24</gpxtpx:atemp>
      <gpxtpx:hr>184</gpxtpx:hr>
      <gpxtpx:cad>89</gpxtpx:cad>
     </gpxtpx:TrackPointExtension>
    </extensions>
   </trkpt>
   <trkpt lat="46.7954490" lon="130.3236400">
    <ele>80.2</ele>
    <time>2025-09-07T00:38:32Z</time>
    <extensions>
     <power>416</power>
     <gpxtpx:TrackPointExtension>
      <gpxtpx:atemp>24</gpxtpx:atemp>
      <gpxtpx:hr>183</gpxtpx:hr>
      <gpxtpx:cad>89</gpxtpx:cad>
     </gpxtpx:TrackPointExtension>
    </extensions>
   </trkpt>
   <trkpt lat="46.7954460" lon="130.3235810">
    <ele>80.2</ele>
    <time>2025-09-07T00:38:33Z</time>
    <extensions>
     <power>415</power>
     <gpxtpx:TrackPointExtension>
      <gpxtpx:atemp>24</gpxtpx:atemp>
      <gpxtpx:hr>183</gpxtpx:hr>
      <gpxtpx:cad>90</gpxtpx:cad>
     </gpxtpx:TrackPointExtension>
    </extensions>
   </trkpt>
   <trkpt lat="46.7954420" lon="130.3235310">
    <ele>80.2</ele>
    <time>2025-09-07T00:38:34Z</time>
    <extensions>
     <power>414</power>
     <gpxtpx:TrackPointExtension>
      <gpxtpx:atemp>24</gpxtpx:atemp>
      <gpxtpx:hr>183</gpxtpx:hr>
      <gpxtpx:cad>90</gpxtpx:cad>
     </gpxtpx:TrackPointExtension>
    </extensions>
   </trkpt>
   <trkpt lat="46.7954360" lon="130.3234720">
    <ele>80.2</ele>
    <time>2025-09-07T00:38:35Z</time>
    <extensions>
     <power>414</power>
     <gpxtpx:TrackPointExtension>
      <gpxtpx:atemp>24</gpxtpx:atemp>
      <gpxtpx:hr>183</gpxtpx:hr>
      <gpxtpx:cad>90</gpxtpx:cad>
     </gpxtpx:TrackPointExtension>
    </extensions>
   </trkpt>
   <trkpt lat="46.7954370" lon="130.3234220">
    <ele>80.2</ele>
    <time>2025-09-07T00:38:36Z</time>
    <extensions>
     <power>414</power>
     <gpxtpx:TrackPointExtension>
      <gpxtpx:atemp>24</gpxtpx:atemp>
      <gpxtpx:hr>183</gpxtpx:hr>
      <gpxtpx:cad>89</gpxtpx:cad>
     </gpxtpx:TrackPointExtension>
    </extensions>
   </trkpt>
   <trkpt lat="46.7954330" lon="130.3233640">
    <ele>80.2</ele>
    <time>2025-09-07T00:38:37Z</time>
    <extensions>
     <power>415</power>
     <gpxtpx:TrackPointExtension>
      <gpxtpx:atemp>24</gpxtpx:atemp>
      <gpxtpx:hr>183</gpxtpx:hr>
      <gpxtpx:cad>89</gpxtpx:cad>
     </gpxtpx:TrackPointExtension>
    </extensions>
   </trkpt>
   <trkpt lat="46.7954300" lon="130.3233140">
    <ele>80.2</ele>
    <time>2025-09-07T00:38:38Z</time>
    <extensions>
     <power>415</power>
     <gpxtpx:TrackPointExtension>
      <gpxtpx:atemp>24</gpxtpx:atemp>
      <gpxtpx:hr>183</gpxtpx:hr>
      <gpxtpx:cad>89</gpxtpx:cad>
     </gpxtpx:TrackPointExtension>
    </extensions>
   </trkpt>
   <trkpt lat="46.7954260" lon="130.3232540">
    <ele>80.4</ele>
    <time>2025-09-07T00:38:39Z</time>
    <extensions>
     <power>417</power>
     <gpxtpx:TrackPointExtension>
      <gpxtpx:atemp>24</gpxtpx:atemp>
      <gpxtpx:hr>182</gpxtpx:hr>
      <gpxtpx:cad>89</gpxtpx:cad>
     </gpxtpx:TrackPointExtension>
    </extensions>
   </trkpt>
   <trkpt lat="46.7954250" lon="130.3232040">
    <ele>80.4</ele>
    <time>2025-09-07T00:38:40Z</time>
    <extensions>
     <power>418</power>
     <gpxtpx:TrackPointExtension>
      <gpxtpx:atemp>24</gpxtpx:atemp>
      <gpxtpx:hr>182</gpxtpx:hr>
      <gpxtpx:cad>89</gpxtpx:cad>
     </gpxtpx:TrackPointExtension>
    </extensions>
   </trkpt>
   <trkpt lat="46.7954180" lon="130.3231420">
    <ele>80.4</ele>
    <time>2025-09-07T00:38:41Z</time>
    <extensions>
     <power>418</power>
     <gpxtpx:TrackPointExtension>
      <gpxtpx:atemp>24</gpxtpx:atemp>
      <gpxtpx:hr>182</gpxtpx:hr>
      <gpxtpx:cad>89</gpxtpx:cad>
     </gpxtpx:TrackPointExtension>
    </extensions>
   </trkpt>
   <trkpt lat="46.7954140" lon="130.3230880">
    <ele>80.6</ele>
    <time>2025-09-07T00:38:42Z</time>
    <extensions>
     <power>419</power>
     <gpxtpx:TrackPointExtension>
      <gpxtpx:atemp>24</gpxtpx:atemp>
      <gpxtpx:hr>183</gpxtpx:hr>
      <gpxtpx:cad>89</gpxtpx:cad>
     </gpxtpx:TrackPointExtension>
    </extensions>
   </trkpt>
   <trkpt lat="46.7954060" lon="130.3230300">
    <ele>80.6</ele>
    <time>2025-09-07T00:38:43Z</time>
    <extensions>
     <power>421</power>
     <gpxtpx:TrackPointExtension>
      <gpxtpx:atemp>24</gpxtpx:atemp>
      <gpxtpx:hr>182</gpxtpx:hr>
      <gpxtpx:cad>89</gpxtpx:cad>
     </gpxtpx:TrackPointExtension>
    </extensions>
   </trkpt>
   <trkpt lat="46.7953980" lon="130.3229730">
    <ele>80.6</ele>
    <time>2025-09-07T00:38:44Z</time>
    <extensions>
     <power>421</power>
     <gpxtpx:TrackPointExtension>
      <gpxtpx:atemp>24</gpxtpx:atemp>
      <gpxtpx:hr>183</gpxtpx:hr>
      <gpxtpx:cad>89</gpxtpx:cad>
     </gpxtpx:TrackPointExtension>
    </extensions>
   </trkpt>
   <trkpt lat="46.7953920" lon="130.3229130">
    <ele>80.6</ele>
    <time>2025-09-07T00:38:45Z</time>
    <extensions>
     <power>423</power>
     <gpxtpx:TrackPointExtension>
      <gpxtpx:atemp>24</gpxtpx:atemp>
      <gpxtpx:hr>183</gpxtpx:hr>
      <gpxtpx:cad>89</gpxtpx:cad>
     </gpxtpx:TrackPointExtension>
    </extensions>
   </trkpt>
   <trkpt lat="46.7953880" lon="130.3228570">
    <ele>80.6</ele>
    <time>2025-09-07T00:38:46Z</time>
    <extensions>
     <power>423</power>
     <gpxtpx:TrackPointExtension>
      <gpxtpx:atemp>24</gpxtpx:atemp>
      <gpxtpx:hr>183</gpxtpx:hr>
      <gpxtpx:cad>89</gpxtpx:cad>
     </gpxtpx:TrackPointExtension>
    </extensions>
   </trkpt>
   <trkpt lat="46.7953830" lon="130.3228010">
    <ele>80.4</ele>
    <time>2025-09-07T00:38:47Z</time>
    <extensions>
     <power>424</power>
     <gpxtpx:TrackPointExtension>
      <gpxtpx:atemp>24</gpxtpx:atemp>
      <gpxtpx:hr>182</gpxtpx:hr>
      <gpxtpx:cad>89</gpxtpx:cad>
     </gpxtpx:TrackPointExtension>
    </extensions>
   </trkpt>
   <trkpt lat="46.7953820" lon="130.3227510">
    <ele>80.4</ele>
    <time>2025-09-07T00:38:48Z</time>
    <extensions>
     <power>425</power>
     <gpxtpx:TrackPointExtension>
      <gpxtpx:atemp>24</gpxtpx:atemp>
      <gpxtpx:hr>183</gpxtpx:hr>
      <gpxtpx:cad>90</gpxtpx:cad>
     </gpxtpx:TrackPointExtension>
    </extensions>
   </trkpt>
   <trkpt lat="46.7953760" lon="130.3226910">
    <ele>80.4</ele>
    <time>2025-09-07T00:38:49Z</time>
    <extensions>
     <power>424</power>
     <gpxtpx:TrackPointExtension>
      <gpxtpx:atemp>24</gpxtpx:atemp>
      <gpxtpx:hr>183</gpxtpx:hr>
      <gpxtpx:cad>90</gpxtpx:cad>
     </gpxtpx:TrackPointExtension>
    </extensions>
   </trkpt>
   <trkpt lat="46.7953700" lon="130.3226410">
    <ele>80.6</ele>
    <time>2025-09-07T00:38:50Z</time>
    <extensions>
     <power>424</power>
     <gpxtpx:TrackPointExtension>
      <gpxtpx:atemp>24</gpxtpx:atemp>
      <gpxtpx:hr>182</gpxtpx:hr>
      <gpxtpx:cad>90</gpxtpx:cad>
     </gpxtpx:TrackPointExtension>
    </extensions>
   </trkpt>
   <trkpt lat="46.7953650" lon="130.3225830">
    <ele>80.4</ele>
    <time>2025-09-07T00:38:51Z</time>
    <extensions>
     <power>423</power>
     <gpxtpx:TrackPointExtension>
      <gpxtpx:atemp>24</gpxtpx:atemp>
      <gpxtpx:hr>183</gpxtpx:hr>
      <gpxtpx:cad>90</gpxtpx:cad>
     </gpxtpx:TrackPointExtension>
    </extensions>
   </trkpt>
   <trkpt lat="46.7953630" lon="130.3225370">
    <ele>80.4</ele>
    <time>2025-09-07T00:38:52Z</time>
    <extensions>
     <power>423</power>
     <gpxtpx:TrackPointExtension>
      <gpxtpx:atemp>24</gpxtpx:atemp>
      <gpxtpx:hr>183</gpxtpx:hr>
      <gpxtpx:cad>90</gpxtpx:cad>
     </gpxtpx:TrackPointExtension>
    </extensions>
   </trkpt>
   <trkpt lat="46.7953630" lon="130.3224860">
    <ele>80.4</ele>
    <time>2025-09-07T00:38:53Z</time>
    <extensions>
     <power>423</power>
     <gpxtpx:TrackPointExtension>
      <gpxtpx:atemp>24</gpxtpx:atemp>
      <gpxtpx:hr>182</gpxtpx:hr>
      <gpxtpx:cad>89</gpxtpx:cad>
     </gpxtpx:TrackPointExtension>
    </extensions>
   </trkpt>
   <trkpt lat="46.7953610" lon="130.3224330">
    <ele>80.4</ele>
    <time>2025-09-07T00:38:54Z</time>
    <extensions>
     <power>425</power>
     <gpxtpx:TrackPointExtension>
      <gpxtpx:atemp>24</gpxtpx:atemp>
      <gpxtpx:hr>183</gpxtpx:hr>
      <gpxtpx:cad>89</gpxtpx:cad>
     </gpxtpx:TrackPointExtension>
    </extensions>
   </trkpt>
   <trkpt lat="46.7953610" lon="130.3223740">
    <ele>80.4</ele>
    <time>2025-09-07T00:38:55Z</time>
    <extensions>
     <power>425</power>
     <gpxtpx:TrackPointExtension>
      <gpxtpx:atemp>24</gpxtpx:atemp>
      <gpxtpx:hr>183</gpxtpx:hr>
      <gpxtpx:cad>89</gpxtpx:cad>
     </gpxtpx:TrackPointExtension>
    </extensions>
   </trkpt>
   <trkpt lat="46.7953720" lon="130.3223170">
    <ele>80.4</ele>
    <time>2025-09-07T00:38:56Z</time>
    <extensions>
     <power>424</power>
     <gpxtpx:TrackPointExtension>
      <gpxtpx:atemp>24</gpxtpx:atemp>
      <gpxtpx:hr>182</gpxtpx:hr>
      <gpxtpx:cad>89</gpxtpx:cad>
     </gpxtpx:TrackPointExtension>
    </extensions>
   </trkpt>
   <trkpt lat="46.7953720" lon="130.3222630">
    <ele>80.4</ele>
    <time>2025-09-07T00:38:57Z</time>
    <extensions>
     <power>423</power>
     <gpxtpx:TrackPointExtension>
      <gpxtpx:atemp>24</gpxtpx:atemp>
      <gpxtpx:hr>182</gpxtpx:hr>
      <gpxtpx:cad>89</gpxtpx:cad>
     </gpxtpx:TrackPointExtension>
    </extensions>
   </trkpt>
   <trkpt lat="46.7953760" lon="130.3222100">
    <ele>80.2</ele>
    <time>2025-09-07T00:38:58Z</time>
    <extensions>
     <power>424</power>
     <gpxtpx:TrackPointExtension>
      <gpxtpx:atemp>24</gpxtpx:atemp>
      <gpxtpx:hr>182</gpxtpx:hr>
      <gpxtpx:cad>89</gpxtpx:cad>
     </gpxtpx:TrackPointExtension>
    </extensions>
   </trkpt>
   <trkpt lat="46.7953740" lon="130.3221560">
    <ele>80.2</ele>
    <time>2025-09-07T00:38:59Z</time>
    <extensions>
     <power>423</power>
     <gpxtpx:TrackPointExtension>
      <gpxtpx:atemp>24</gpxtpx:atemp>
      <gpxtpx:hr>182</gpxtpx:hr>
      <gpxtpx:cad>89</gpxtpx:cad>
     </gpxtpx:TrackPointExtension>
    </extensions>
   </trkpt>
   <trkpt lat="46.7953690" lon="130.3221050">
    <ele>80.2</ele>
    <time>2025-09-07T00:39:00Z</time>
    <extensions>
     <power>422</power>
     <gpxtpx:TrackPointExtension>
      <gpxtpx:atemp>24</gpxtpx:atemp>
      <gpxtpx:hr>181</gpxtpx:hr>
      <gpxtpx:cad>89</gpxtpx:cad>
     </gpxtpx:TrackPointExtension>
    </extensions>
   </trkpt>
   <trkpt lat="46.7953640" lon="130.3220480">
    <ele>80.2</ele>
    <time>2025-09-07T00:39:01Z</time>
    <extensions>
     <power>420</power>
     <gpxtpx:TrackPointExtension>
      <gpxtpx:atemp>24</gpxtpx:atemp>
      <gpxtpx:hr>181</gpxtpx:hr>
      <gpxtpx:cad>89</gpxtpx:cad>
     </gpxtpx:TrackPointExtension>
    </extensions>
   </trkpt>
   <trkpt lat="46.7953570" lon="130.3219920">
    <ele>80.2</ele>
    <time>2025-09-07T00:39:02Z</time>
    <extensions>
     <power>419</power>
     <gpxtpx:TrackPointExtension>
      <gpxtpx:atemp>24</gpxtpx:atemp>
      <gpxtpx:hr>181</gpxtpx:hr>
      <gpxtpx:cad>89</gpxtpx:cad>
     </gpxtpx:TrackPointExtension>
    </extensions>
   </trkpt>
   <trkpt lat="46.7953510" lon="130.3219330">
    <ele>80.2</ele>
    <time>2025-09-07T00:39:03Z</time>
    <extensions>
     <power>418</power>
     <gpxtpx:TrackPointExtension>
      <gpxtpx:atemp>24</gpxtpx:atemp>
      <gpxtpx:hr>181</gpxtpx:hr>
      <gpxtpx:cad>89</gpxtpx:cad>
     </gpxtpx:TrackPointExtension>
    </extensions>
   </trkpt>
   <trkpt lat="46.7953490" lon="130.3218810">
    <ele>80.2</ele>
    <time>2025-09-07T00:39:04Z</time>
    <extensions>
     <power>418</power>
     <gpxtpx:TrackPointExtension>
      <gpxtpx:atemp>24</gpxtpx:atemp>
      <gpxtpx:hr>181</gpxtpx:hr>
      <gpxtpx:cad>89</gpxtpx:cad>
     </gpxtpx:TrackPointExtension>
    </extensions>
   </trkpt>
   <trkpt lat="46.7953440" lon="130.3218270">
    <ele>80.2</ele>
    <time>2025-09-07T00:39:05Z</time>
    <extensions>
     <power>419</power>
     <gpxtpx:TrackPointExtension>
      <gpxtpx:atemp>24</gpxtpx:atemp>
      <gpxtpx:hr>180</gpxtpx:hr>
      <gpxtpx:cad>89</gpxtpx:cad>
     </gpxtpx:TrackPointExtension>
    </extensions>
   </trkpt>
   <trkpt lat="46.7953450" lon="130.3217730">
    <ele>80.2</ele>
    <time>2025-09-07T00:39:06Z</time>
    <extensions>
     <power>419</power>
     <gpxtpx:TrackPointExtension>
      <gpxtpx:atemp>24</gpxtpx:atemp>
      <gpxtpx:hr>180</gpxtpx:hr>
      <gpxtpx:cad>89</gpxtpx:cad>
     </gpxtpx:TrackPointExtension>
    </extensions>
   </trkpt>
   <trkpt lat="46.7953380" lon="130.3217160">
    <ele>80.2</ele>
    <time>2025-09-07T00:39:07Z</time>
    <extensions>
     <power>418</power>
     <gpxtpx:TrackPointExtension>
      <gpxtpx:atemp>24</gpxtpx:atemp>
      <gpxtpx:hr>180</gpxtpx:hr>
      <gpxtpx:cad>90</gpxtpx:cad>
     </gpxtpx:TrackPointExtension>
    </extensions>
   </trkpt>
   <trkpt lat="46.7953350" lon="130.3216650">
    <ele>80.0</ele>
    <time>2025-09-07T00:39:08Z</time>
    <extensions>
     <power>417</power>
     <gpxtpx:TrackPointExtension>
      <gpxtpx:atemp>24</gpxtpx:atemp>
      <gpxtpx:hr>180</gpxtpx:hr>
      <gpxtpx:cad>90</gpxtpx:cad>
     </gpxtpx:TrackPointExtension>
    </extensions>
   </trkpt>
   <trkpt lat="46.7953290" lon="130.3216090">
    <ele>80.0</ele>
    <time>2025-09-07T00:39:09Z</time>
    <extensions>
     <power>417</power>
     <gpxtpx:TrackPointExtension>
      <gpxtpx:atemp>24</gpxtpx:atemp>
      <gpxtpx:hr>180</gpxtpx:hr>
      <gpxtpx:cad>91</gpxtpx:cad>
     </gpxtpx:TrackPointExtension>
    </extensions>
   </trkpt>
   <trkpt lat="46.7953320" lon="130.3215590">
    <ele>79.8</ele>
    <time>2025-09-07T00:39:10Z</time>
    <extensions>
     <power>414</power>
     <gpxtpx:TrackPointExtension>
      <gpxtpx:atemp>24</gpxtpx:atemp>
      <gpxtpx:hr>180</gpxtpx:hr>
      <gpxtpx:cad>92</gpxtpx:cad>
     </gpxtpx:TrackPointExtension>
    </extensions>
   </trkpt>
   <trkpt lat="46.7953270" lon="130.3215010">
    <ele>79.8</ele>
    <time>2025-09-07T00:39:11Z</time>
    <extensions>
     <power>413</power>
     <gpxtpx:TrackPointExtension>
      <gpxtpx:atemp>24</gpxtpx:atemp>
      <gpxtpx:hr>180</gpxtpx:hr>
      <gpxtpx:cad>92</gpxtpx:cad>
     </gpxtpx:TrackPointExtension>
    </extensions>
   </trkpt>
   <trkpt lat="46.7953310" lon="130.3214560">
    <ele>79.6</ele>
    <time>2025-09-07T00:39:12Z</time>
    <extensions>
     <power>411</power>
     <gpxtpx:TrackPointExtension>
      <gpxtpx:atemp>24</gpxtpx:atemp>
      <gpxtpx:hr>180</gpxtpx:hr>
      <gpxtpx:cad>92</gpxtpx:cad>
     </gpxtpx:TrackPointExtension>
    </extensions>
   </trkpt>
   <trkpt lat="46.7953260" lon="130.3214000">
    <ele>79.6</ele>
    <time>2025-09-07T00:39:13Z</time>
    <extensions>
     <power>410</power>
     <gpxtpx:TrackPointExtension>
      <gpxtpx:atemp>24</gpxtpx:atemp>
      <gpxtpx:hr>179</gpxtpx:hr>
      <gpxtpx:cad>91</gpxtpx:cad>
     </gpxtpx:TrackPointExtension>
    </extensions>
   </trkpt>
   <trkpt lat="46.7953260" lon="130.3213550">
    <ele>79.8</ele>
    <time>2025-09-07T00:39:14Z</time>
    <extensions>
     <power>410</power>
     <gpxtpx:TrackPointExtension>
      <gpxtpx:atemp>24</gpxtpx:atemp>
      <gpxtpx:hr>179</gpxtpx:hr>
      <gpxtpx:cad>90</gpxtpx:cad>
     </gpxtpx:TrackPointExtension>
    </extensions>
   </trkpt>
   <trkpt lat="46.7953240" lon="130.3213050">
    <ele>79.8</ele>
    <time>2025-09-07T00:39:15Z</time>
    <extensions>
     <power>411</power>
     <gpxtpx:TrackPointExtension>
      <gpxtpx:atemp>24</gpxtpx:atemp>
      <gpxtpx:hr>179</gpxtpx:hr>
      <gpxtpx:cad>89</gpxtpx:cad>
     </gpxtpx:TrackPointExtension>
    </extensions>
   </trkpt>
   <trkpt lat="46.7953200" lon="130.3212550">
    <ele>80.0</ele>
    <time>2025-09-07T00:39:16Z</time>
    <extensions>
     <power>411</power>
     <gpxtpx:TrackPointExtension>
      <gpxtpx:atemp>24</gpxtpx:atemp>
      <gpxtpx:hr>179</gpxtpx:hr>
      <gpxtpx:cad>89</gpxtpx:cad>
     </gpxtpx:TrackPointExtension>
    </extensions>
   </trkpt>
   <trkpt lat="46.7953160" lon="130.3211990">
    <ele>80.2</ele>
    <time>2025-09-07T00:39:17Z</time>
    <extensions>
     <power>409</power>
     <gpxtpx:TrackPointExtension>
      <gpxtpx:atemp>24</gpxtpx:atemp>
      <gpxtpx:hr>179</gpxtpx:hr>
      <gpxtpx:cad>89</gpxtpx:cad>
     </gpxtpx:TrackPointExtension>
    </extensions>
   </trkpt>
   <trkpt lat="46.7953240" lon="130.3211460">
    <ele>80.2</ele>
    <time>2025-09-07T00:39:18Z</time>
    <extensions>
     <power>409</power>
     <gpxtpx:TrackPointExtension>
      <gpxtpx:atemp>24</gpxtpx:atemp>
      <gpxtpx:hr>179</gpxtpx:hr>
      <gpxtpx:cad>89</gpxtpx:cad>
     </gpxtpx:TrackPointExtension>
    </extensions>
   </trkpt>
   <trkpt lat="46.7953210" lon="130.3210880">
    <ele>80.2</ele>
    <time>2025-09-07T00:39:19Z</time>
    <extensions>
     <power>409</power>
     <gpxtpx:TrackPointExtension>
      <gpxtpx:atemp>24</gpxtpx:atemp>
      <gpxtpx:hr>179</gpxtpx:hr>
      <gpxtpx:cad>89</gpxtpx:cad>
     </gpxtpx:TrackPointExtension>
    </extensions>
   </trkpt>
   <trkpt lat="46.7953230" lon="130.3210410">
    <ele>80.0</ele>
    <time>2025-09-07T00:39:20Z</time>
    <extensions>
     <power>408</power>
     <gpxtpx:TrackPointExtension>
      <gpxtpx:atemp>24</gpxtpx:atemp>
      <gpxtpx:hr>179</gpxtpx:hr>
      <gpxtpx:cad>89</gpxtpx:cad>
     </gpxtpx:TrackPointExtension>
    </extensions>
   </trkpt>
   <trkpt lat="46.7953210" lon="130.3209870">
    <ele>80.0</ele>
    <time>2025-09-07T00:39:21Z</time>
    <extensions>
     <power>408</power>
     <gpxtpx:TrackPointExtension>
      <gpxtpx:atemp>24</gpxtpx:atemp>
      <gpxtpx:hr>179</gpxtpx:hr>
      <gpxtpx:cad>90</gpxtpx:cad>
     </gpxtpx:TrackPointExtension>
    </extensions>
   </trkpt>
   <trkpt lat="46.7953170" lon="130.3209340">
    <ele>80.0</ele>
    <time>2025-09-07T00:39:22Z</time>
    <extensions>
     <power>407</power>
     <gpxtpx:TrackPointExtension>
      <gpxtpx:atemp>24</gpxtpx:atemp>
      <gpxtpx:hr>179</gpxtpx:hr>
      <gpxtpx:cad>90</gpxtpx:cad>
     </gpxtpx:TrackPointExtension>
    </extensions>
   </trkpt>
   <trkpt lat="46.7953130" lon="130.3208760">
    <ele>80.0</ele>
    <time>2025-09-07T00:39:23Z</time>
    <extensions>
     <power>405</power>
     <gpxtpx:TrackPointExtension>
      <gpxtpx:atemp>24</gpxtpx:atemp>
      <gpxtpx:hr>179</gpxtpx:hr>
      <gpxtpx:cad>89</gpxtpx:cad>
     </gpxtpx:TrackPointExtension>
    </extensions>
   </trkpt>
   <trkpt lat="46.7953140" lon="130.3208210">
    <ele>79.8</ele>
    <time>2025-09-07T00:39:24Z</time>
    <extensions>
     <power>407</power>
     <gpxtpx:TrackPointExtension>
      <gpxtpx:atemp>24</gpxtpx:atemp>
      <gpxtpx:hr>179</gpxtpx:hr>
      <gpxtpx:cad>89</gpxtpx:cad>
     </gpxtpx:TrackPointExtension>
    </extensions>
   </trkpt>
   <trkpt lat="46.7953130" lon="130.3207650">
    <ele>79.8</ele>
    <time>2025-09-07T00:39:25Z</time>
    <extensions>
     <power>407</power>
     <gpxtpx:TrackPointExtension>
      <gpxtpx:atemp>24</gpxtpx:atemp>
      <gpxtpx:hr>179</gpxtpx:hr>
      <gpxtpx:cad>89</gpxtpx:cad>
     </gpxtpx:TrackPointExtension>
    </extensions>
   </trkpt>
   <trkpt lat="46.7953150" lon="130.3207170">
    <ele>79.8</ele>
    <time>2025-09-07T00:39:26Z</time>
    <extensions>
     <power>408</power>
     <gpxtpx:TrackPointExtension>
      <gpxtpx:atemp>24</gpxtpx:atemp>
      <gpxtpx:hr>179</gpxtpx:hr>
      <gpxtpx:cad>89</gpxtpx:cad>
     </gpxtpx:TrackPointExtension>
    </extensions>
   </trkpt>
   <trkpt lat="46.7953130" lon="130.3206650">
    <ele>80.0</ele>
    <time>2025-09-07T00:39:27Z</time>
    <extensions>
     <power>409</power>
     <gpxtpx:TrackPointExtension>
      <gpxtpx:atemp>24</gpxtpx:atemp>
      <gpxtpx:hr>179</gpxtpx:hr>
      <gpxtpx:cad>89</gpxtpx:cad>
     </gpxtpx:TrackPointExtension>
    </extensions>
   </trkpt>
   <trkpt lat="46.7953110" lon="130.3206170">
    <ele>80.2</ele>
    <time>2025-09-07T00:39:28Z</time>
    <extensions>
     <power>411</power>
     <gpxtpx:TrackPointExtension>
      <gpxtpx:atemp>24</gpxtpx:atemp>
      <gpxtpx:hr>179</gpxtpx:hr>
      <gpxtpx:cad>89</gpxtpx:cad>
     </gpxtpx:TrackPointExtension>
    </extensions>
   </trkpt>
   <trkpt lat="46.7953040" lon="130.3205640">
    <ele>80.2</ele>
    <time>2025-09-07T00:39:29Z</time>
    <extensions>
     <power>412</power>
     <gpxtpx:TrackPointExtension>
      <gpxtpx:atemp>24</gpxtpx:atemp>
      <gpxtpx:hr>179</gpxtpx:hr>
      <gpxtpx:cad>89</gpxtpx:cad>
     </gpxtpx:TrackPointExtension>
    </extensions>
   </trkpt>
   <trkpt lat="46.7952970" lon="130.3205120">
    <ele>80.2</ele>
    <time>2025-09-07T00:39:30Z</time>
    <extensions>
     <power>411</power>
     <gpxtpx:TrackPointExtension>
      <gpxtpx:atemp>24</gpxtpx:atemp>
      <gpxtpx:hr>179</gpxtpx:hr>
      <gpxtpx:cad>90</gpxtpx:cad>
     </gpxtpx:TrackPointExtension>
    </extensions>
   </trkpt>
   <trkpt lat="46.7952880" lon="130.3204540">
    <ele>80.2</ele>
    <time>2025-09-07T00:39:31Z</time>
    <extensions>
     <power>409</power>
     <gpxtpx:TrackPointExtension>
      <gpxtpx:atemp>24</gpxtpx:atemp>
      <gpxtpx:hr>178</gpxtpx:hr>
      <gpxtpx:cad>90</gpxtpx:cad>
     </gpxtpx:TrackPointExtension>
    </extensions>
   </trkpt>
   <trkpt lat="46.7952860" lon="130.3204020">
    <ele>80.0</ele>
    <time>2025-09-07T00:39:32Z</time>
    <extensions>
     <power>409</power>
     <gpxtpx:TrackPointExtension>
      <gpxtpx:atemp>24</gpxtpx:atemp>
      <gpxtpx:hr>179</gpxtpx:hr>
      <gpxtpx:cad>90</gpxtpx:cad>
     </gpxtpx:TrackPointExtension>
    </extensions>
   </trkpt>
   <trkpt lat="46.7952790" lon="130.3203450">
    <ele>80.0</ele>
    <time>2025-09-07T00:39:33Z</time>
    <extensions>
     <power>409</power>
     <gpxtpx:TrackPointExtension>
      <gpxtpx:atemp>24</gpxtpx:atemp>
      <gpxtpx:hr>179</gpxtpx:hr>
      <gpxtpx:cad>90</gpxtpx:cad>
     </gpxtpx:TrackPointExtension>
    </extensions>
   </trkpt>
   <trkpt lat="46.7952790" lon="130.3202920">
    <ele>79.8</ele>
    <time>2025-09-07T00:39:34Z</time>
    <extensions>
     <power>410</power>
     <gpxtpx:TrackPointExtension>
      <gpxtpx:atemp>24</gpxtpx:atemp>
      <gpxtpx:hr>178</gpxtpx:hr>
      <gpxtpx:cad>90</gpxtpx:cad>
     </gpxtpx:TrackPointExtension>
    </extensions>
   </trkpt>
   <trkpt lat="46.7952780" lon="130.3202380">
    <ele>80.0</ele>
    <time>2025-09-07T00:39:35Z</time>
    <extensions>
     <power>410</power>
     <gpxtpx:TrackPointExtension>
      <gpxtpx:atemp>24</gpxtpx:atemp>
      <gpxtpx:hr>179</gpxtpx:hr>
      <gpxtpx:cad>90</gpxtpx:cad>
     </gpxtpx:TrackPointExtension>
    </extensions>
   </trkpt>
   <trkpt lat="46.7952810" lon="130.3201870">
    <ele>80.0</ele>
    <time>2025-09-07T00:39:36Z</time>
    <extensions>
     <power>410</power>
     <gpxtpx:TrackPointExtension>
      <gpxtpx:atemp>24</gpxtpx:atemp>
      <gpxtpx:hr>178</gpxtpx:hr>
      <gpxtpx:cad>89</gpxtpx:cad>
     </gpxtpx:TrackPointExtension>
    </extensions>
   </trkpt>
   <trkpt lat="46.7952790" lon="130.3201280">
    <ele>80.0</ele>
    <time>2025-09-07T00:39:37Z</time>
    <extensions>
     <power>411</power>
     <gpxtpx:TrackPointExtension>
      <gpxtpx:atemp>24</gpxtpx:atemp>
      <gpxtpx:hr>178</gpxtpx:hr>
      <gpxtpx:cad>89</gpxtpx:cad>
     </gpxtpx:TrackPointExtension>
    </extensions>
   </trkpt>
   <trkpt lat="46.7952780" lon="130.3200800">
    <ele>79.8</ele>
    <time>2025-09-07T00:39:38Z</time>
    <extensions>
     <power>410</power>
     <gpxtpx:TrackPointExtension>
      <gpxtpx:atemp>24</gpxtpx:atemp>
      <gpxtpx:hr>178</gpxtpx:hr>
      <gpxtpx:cad>89</gpxtpx:cad>
     </gpxtpx:TrackPointExtension>
    </extensions>
   </trkpt>
   <trkpt lat="46.7952790" lon="130.3200200">
    <ele>79.8</ele>
    <time>2025-09-07T00:39:39Z</time>
    <extensions>
     <power>409</power>
     <gpxtpx:TrackPointExtension>
      <gpxtpx:atemp>24</gpxtpx:atemp>
      <gpxtpx:hr>179</gpxtpx:hr>
      <gpxtpx:cad>89</gpxtpx:cad>
     </gpxtpx:TrackPointExtension>
    </extensions>
   </trkpt>
   <trkpt lat="46.7952780" lon="130.3199660">
    <ele>79.8</ele>
    <time>2025-09-07T00:39:40Z</time>
    <extensions>
     <power>408</power>
     <gpxtpx:TrackPointExtension>
      <gpxtpx:atemp>24</gpxtpx:atemp>
      <gpxtpx:hr>178</gpxtpx:hr>
      <gpxtpx:cad>89</gpxtpx:cad>
     </gpxtpx:TrackPointExtension>
    </extensions>
   </trkpt>
   <trkpt lat="46.7952790" lon="130.3199080">
    <ele>79.8</ele>
    <time>2025-09-07T00:39:41Z</time>
    <extensions>
     <power>408</power>
     <gpxtpx:TrackPointExtension>
      <gpxtpx:atemp>24</gpxtpx:atemp>
      <gpxtpx:hr>178</gpxtpx:hr>
      <gpxtpx:cad>89</gpxtpx:cad>
     </gpxtpx:TrackPointExtension>
    </extensions>
   </trkpt>
   <trkpt lat="46.7952810" lon="130.3198610">
    <ele>79.8</ele>
    <time>2025-09-07T00:39:42Z</time>
    <extensions>
     <power>408</power>
     <gpxtpx:TrackPointExtension>
      <gpxtpx:atemp>24</gpxtpx:atemp>
      <gpxtpx:hr>179</gpxtpx:hr>
      <gpxtpx:cad>89</gpxtpx:cad>
     </gpxtpx:TrackPointExtension>
    </extensions>
   </trkpt>
   <trkpt lat="46.7952740" lon="130.3198060">
    <ele>79.8</ele>
    <time>2025-09-07T00:39:43Z</time>
    <extensions>
     <power>407</power>
     <gpxtpx:TrackPointExtension>
      <gpxtpx:atemp>24</gpxtpx:atemp>
      <gpxtpx:hr>178</gpxtpx:hr>
      <gpxtpx:cad>89</gpxtpx:cad>
     </gpxtpx:TrackPointExtension>
    </extensions>
   </trkpt>
   <trkpt lat="46.7952740" lon="130.3197590">
    <ele>79.8</ele>
    <time>2025-09-07T00:39:44Z</time>
    <extensions>
     <power>407</power>
     <gpxtpx:TrackPointExtension>
      <gpxtpx:atemp>24</gpxtpx:atemp>
      <gpxtpx:hr>178</gpxtpx:hr>
      <gpxtpx:cad>89</gpxtpx:cad>
     </gpxtpx:TrackPointExtension>
    </extensions>
   </trkpt>
   <trkpt lat="46.7952730" lon="130.3197050">
    <ele>79.8</ele>
    <time>2025-09-07T00:39:45Z</time>
    <extensions>
     <power>407</power>
     <gpxtpx:TrackPointExtension>
      <gpxtpx:atemp>24</gpxtpx:atemp>
      <gpxtpx:hr>178</gpxtpx:hr>
      <gpxtpx:cad>89</gpxtpx:cad>
     </gpxtpx:TrackPointExtension>
    </extensions>
   </trkpt>
   <trkpt lat="46.7952720" lon="130.3196530">
    <ele>79.8</ele>
    <time>2025-09-07T00:39:46Z</time>
    <extensions>
     <power>406</power>
     <gpxtpx:TrackPointExtension>
      <gpxtpx:atemp>24</gpxtpx:atemp>
      <gpxtpx:hr>178</gpxtpx:hr>
      <gpxtpx:cad>89</gpxtpx:cad>
     </gpxtpx:TrackPointExtension>
    </extensions>
   </trkpt>
   <trkpt lat="46.7952670" lon="130.3195980">
    <ele>79.8</ele>
    <time>2025-09-07T00:39:47Z</time>
    <extensions>
     <power>407</power>
     <gpxtpx:TrackPointExtension>
      <gpxtpx:atemp>24</gpxtpx:atemp>
      <gpxtpx:hr>178</gpxtpx:hr>
      <gpxtpx:cad>89</gpxtpx:cad>
     </gpxtpx:TrackPointExtension>
    </extensions>
   </trkpt>
   <trkpt lat="46.7952620" lon="130.3195460">
    <ele>79.8</ele>
    <time>2025-09-07T00:39:48Z</time>
    <extensions>
     <power>407</power>
     <gpxtpx:TrackPointExtension>
      <gpxtpx:atemp>24</gpxtpx:atemp>
      <gpxtpx:hr>178</gpxtpx:hr>
      <gpxtpx:cad>89</gpxtpx:cad>
     </gpxtpx:TrackPointExtension>
    </extensions>
   </trkpt>
   <trkpt lat="46.7952590" lon="130.3194870">
    <ele>80.0</ele>
    <time>2025-09-07T00:39:49Z</time>
    <extensions>
     <power>407</power>
     <gpxtpx:TrackPointExtension>
      <gpxtpx:atemp>24</gpxtpx:atemp>
      <gpxtpx:hr>178</gpxtpx:hr>
      <gpxtpx:cad>89</gpxtpx:cad>
     </gpxtpx:TrackPointExtension>
    </extensions>
   </trkpt>
   <trkpt lat="46.7952640" lon="130.3194440">
    <ele>80.0</ele>
    <time>2025-09-07T00:39:50Z</time>
    <extensions>
     <power>408</power>
     <gpxtpx:TrackPointExtension>
      <gpxtpx:atemp>24</gpxtpx:atemp>
      <gpxtpx:hr>178</gpxtpx:hr>
      <gpxtpx:cad>89</gpxtpx:cad>
     </gpxtpx:TrackPointExtension>
    </extensions>
   </trkpt>
   <trkpt lat="46.7952610" lon="130.3193910">
    <ele>79.8</ele>
    <time>2025-09-07T00:39:51Z</time>
    <extensions>
     <power>408</power>
     <gpxtpx:TrackPointExtension>
      <gpxtpx:atemp>24</gpxtpx:atemp>
      <gpxtpx:hr>177</gpxtpx:hr>
      <gpxtpx:cad>89</gpxtpx:cad>
     </gpxtpx:TrackPointExtension>
    </extensions>
   </trkpt>
   <trkpt lat="46.7952580" lon="130.3193420">
    <ele>79.8</ele>
    <time>2025-09-07T00:39:52Z</time>
    <extensions>
     <power>407</power>
     <gpxtpx:TrackPointExtension>
      <gpxtpx:atemp>24</gpxtpx:atemp>
      <gpxtpx:hr>177</gpxtpx:hr>
      <gpxtpx:cad>89</gpxtpx:cad>
     </gpxtpx:TrackPointExtension>
    </extensions>
   </trkpt>
   <trkpt lat="46.7952560" lon="130.3192890">
    <ele>80.0</ele>
    <time>2025-09-07T00:39:53Z</time>
    <extensions>
     <power>406</power>
     <gpxtpx:TrackPointExtension>
      <gpxtpx:atemp>24</gpxtpx:atemp>
      <gpxtpx:hr>177</gpxtpx:hr>
      <gpxtpx:cad>89</gpxtpx:cad>
     </gpxtpx:TrackPointExtension>
    </extensions>
   </trkpt>
   <trkpt lat="46.7952510" lon="130.3192390">
    <ele>80.0</ele>
    <time>2025-09-07T00:39:54Z</time>
    <extensions>
     <power>406</power>
     <gpxtpx:TrackPointExtension>
      <gpxtpx:atemp>24</gpxtpx:atemp>
      <gpxtpx:hr>177</gpxtpx:hr>
      <gpxtpx:cad>89</gpxtpx:cad>
     </gpxtpx:TrackPointExtension>
    </extensions>
   </trkpt>
   <trkpt lat="46.7952490" lon="130.3191830">
    <ele>80.0</ele>
    <time>2025-09-07T00:39:55Z</time>
    <extensions>
     <power>406</power>
     <gpxtpx:TrackPointExtension>
      <gpxtpx:atemp>24</gpxtpx:atemp>
      <gpxtpx:hr>177</gpxtpx:hr>
      <gpxtpx:cad>88</gpxtpx:cad>
     </gpxtpx:TrackPointExtension>
    </extensions>
   </trkpt>
   <trkpt lat="46.7952520" lon="130.3191280">
    <ele>80.0</ele>
    <time>2025-09-07T00:39:56Z</time>
    <extensions>
     <power>408</power>
     <gpxtpx:TrackPointExtension>
      <gpxtpx:atemp>24</gpxtpx:atemp>
      <gpxtpx:hr>177</gpxtpx:hr>
      <gpxtpx:cad>88</gpxtpx:cad>
     </gpxtpx:TrackPointExtension>
    </extensions>
   </trkpt>
   <trkpt lat="46.7952550" lon="130.3190750">
    <ele>80.0</ele>
    <time>2025-09-07T00:39:57Z</time>
    <extensions>
     <power>408</power>
     <gpxtpx:TrackPointExtension>
      <gpxtpx:atemp>24</gpxtpx:atemp>
      <gpxtpx:hr>177</gpxtpx:hr>
      <gpxtpx:cad>89</gpxtpx:cad>
     </gpxtpx:TrackPointExtension>
    </extensions>
   </trkpt>
   <trkpt lat="46.7952580" lon="130.3190180">
    <ele>80.2</ele>
    <time>2025-09-07T00:39:58Z</time>
    <extensions>
     <power>407</power>
     <gpxtpx:TrackPointExtension>
      <gpxtpx:atemp>24</gpxtpx:atemp>
      <gpxtpx:hr>177</gpxtpx:hr>
      <gpxtpx:cad>90</gpxtpx:cad>
     </gpxtpx:TrackPointExtension>
    </extensions>
   </trkpt>
   <trkpt lat="46.7952590" lon="130.3189640">
    <ele>80.2</ele>
    <time>2025-09-07T00:39:59Z</time>
    <extensions>
     <power>407</power>
     <gpxtpx:TrackPointExtension>
      <gpxtpx:atemp>24</gpxtpx:atemp>
      <gpxtpx:hr>176</gpxtpx:hr>
      <gpxtpx:cad>90</gpxtpx:cad>
     </gpxtpx:TrackPointExtension>
    </extensions>
   </trkpt>
   <trkpt lat="46.7952550" lon="130.3189120">
    <ele>80.2</ele>
    <time>2025-09-07T00:40:00Z</time>
    <extensions>
     <power>407</power>
     <gpxtpx:TrackPointExtension>
      <gpxtpx:atemp>24</gpxtpx:atemp>
      <gpxtpx:hr>176</gpxtpx:hr>
      <gpxtpx:cad>90</gpxtpx:cad>
     </gpxtpx:TrackPointExtension>
    </extensions>
   </trkpt>
   <trkpt lat="46.7952540" lon="130.3188560">
    <ele>80.2</ele>
    <time>2025-09-07T00:40:01Z</time>
    <extensions>
     <power>407</power>
     <gpxtpx:TrackPointExtension>
      <gpxtpx:atemp>24</gpxtpx:atemp>
      <gpxtpx:hr>175</gpxtpx:hr>
      <gpxtpx:cad>90</gpxtpx:cad>
     </gpxtpx:TrackPointExtension>
    </extensions>
   </trkpt>
   <trkpt lat="46.7952550" lon="130.3188080">
    <ele>80.0</ele>
    <time>2025-09-07T00:40:02Z</time>
    <extensions>
     <power>407</power>
     <gpxtpx:TrackPointExtension>
      <gpxtpx:atemp>24</gpxtpx:atemp>
      <gpxtpx:hr>175</gpxtpx:hr>
      <gpxtpx:cad>90</gpxtpx:cad>
     </gpxtpx:TrackPointExtension>
    </extensions>
   </trkpt>
   <trkpt lat="46.7952580" lon="130.3187530">
    <ele>80.0</ele>
    <time>2025-09-07T00:40:03Z</time>
    <extensions>
     <power>407</power>
     <gpxtpx:TrackPointExtension>
      <gpxtpx:atemp>24</gpxtpx:atemp>
      <gpxtpx:hr>175</gpxtpx:hr>
      <gpxtpx:cad>89</gpxtpx:cad>
     </gpxtpx:TrackPointExtension>
    </extensions>
   </trkpt>
   <trkpt lat="46.7952580" lon="130.3187050">
    <ele>80.0</ele>
    <time>2025-09-07T00:40:04Z</time>
    <extensions>
     <power>407</power>
     <gpxtpx:TrackPointExtension>
      <gpxtpx:atemp>24</gpxtpx:atemp>
      <gpxtpx:hr>175</gpxtpx:hr>
      <gpxtpx:cad>89</gpxtpx:cad>
     </gpxtpx:TrackPointExtension>
    </extensions>
   </trkpt>
   <trkpt lat="46.7952510" lon="130.3186470">
    <ele>80.0</ele>
    <time>2025-09-07T00:40:05Z</time>
    <extensions>
     <power>407</power>
     <gpxtpx:TrackPointExtension>
      <gpxtpx:atemp>24</gpxtpx:atemp>
      <gpxtpx:hr>175</gpxtpx:hr>
      <gpxtpx:cad>89</gpxtpx:cad>
     </gpxtpx:TrackPointExtension>
    </extensions>
   </trkpt>
   <trkpt lat="46.7952450" lon="130.3185960">
    <ele>80.0</ele>
    <time>2025-09-07T00:40:06Z</time>
    <extensions>
     <power>408</power>
     <gpxtpx:TrackPointExtension>
      <gpxtpx:atemp>24</gpxtpx:atemp>
      <gpxtpx:hr>175</gpxtpx:hr>
      <gpxtpx:cad>89</gpxtpx:cad>
     </gpxtpx:TrackPointExtension>
    </extensions>
   </trkpt>
   <trkpt lat="46.7952390" lon="130.3185420">
    <ele>80.0</ele>
    <time>2025-09-07T00:40:07Z</time>
    <extensions>
     <power>408</power>
     <gpxtpx:TrackPointExtension>
      <gpxtpx:atemp>24</gpxtpx:atemp>
      <gpxtpx:hr>175</gpxtpx:hr>
      <gpxtpx:cad>89</gpxtpx:cad>
     </gpxtpx:TrackPointExtension>
    </extensions>
   </trkpt>
   <trkpt lat="46.7952390" lon="130.3184910">
    <ele>80.0</ele>
    <time>2025-09-07T00:40:08Z</time>
    <extensions>
     <power>408</power>
     <gpxtpx:TrackPointExtension>
      <gpxtpx:atemp>24</gpxtpx:atemp>
      <gpxtpx:hr>174</gpxtpx:hr>
      <gpxtpx:cad>89</gpxtpx:cad>
     </gpxtpx:TrackPointExtension>
    </extensions>
   </trkpt>
   <trkpt lat="46.7952350" lon="130.3184370">
    <ele>80.0</ele>
    <time>2025-09-07T00:40:09Z</time>
    <extensions>
     <power>408</power>
     <gpxtpx:TrackPointExtension>
      <gpxtpx:atemp>24</gpxtpx:atemp>
      <gpxtpx:hr>174</gpxtpx:hr>
      <gpxtpx:cad>90</gpxtpx:cad>
     </gpxtpx:TrackPointExtension>
    </extensions>
   </trkpt>
   <trkpt lat="46.7952350" lon="130.3183900">
    <ele>80.0</ele>
    <time>2025-09-07T00:40:10Z</time>
    <extensions>
     <power>408</power>
     <gpxtpx:TrackPointExtension>
      <gpxtpx:atemp>24</gpxtpx:atemp>
      <gpxtpx:hr>174</gpxtpx:hr>
      <gpxtpx:cad>90</gpxtpx:cad>
     </gpxtpx:TrackPointExtension>
    </extensions>
   </trkpt>
   <trkpt lat="46.7952340" lon="130.3183330">
    <ele>80.0</ele>
    <time>2025-09-07T00:40:11Z</time>
    <extensions>
     <power>408</power>
     <gpxtpx:TrackPointExtension>
      <gpxtpx:atemp>24</gpxtpx:atemp>
      <gpxtpx:hr>174</gpxtpx:hr>
      <gpxtpx:cad>90</gpxtpx:cad>
     </gpxtpx:TrackPointExtension>
    </extensions>
   </trkpt>
   <trkpt lat="46.7952340" lon="130.3182870">
    <ele>79.8</ele>
    <time>2025-09-07T00:40:12Z</time>
    <extensions>
     <power>407</power>
     <gpxtpx:TrackPointExtension>
      <gpxtpx:atemp>24</gpxtpx:atemp>
      <gpxtpx:hr>174</gpxtpx:hr>
      <gpxtpx:cad>90</gpxtpx:cad>
     </gpxtpx:TrackPointExtension>
    </extensions>
   </trkpt>
   <trkpt lat="46.7952300" lon="130.3182320">
    <ele>79.8</ele>
    <time>2025-09-07T00:40:13Z</time>
    <extensions>
     <power>405</power>
     <gpxtpx:TrackPointExtension>
      <gpxtpx:atemp>24</gpxtpx:atemp>
      <gpxtpx:hr>174</gpxtpx:hr>
      <gpxtpx:cad>90</gpxtpx:cad>
     </gpxtpx:TrackPointExtension>
    </extensions>
   </trkpt>
   <trkpt lat="46.7952290" lon="130.3181850">
    <ele>79.8</ele>
    <time>2025-09-07T00:40:14Z</time>
    <extensions>
     <power>404</power>
     <gpxtpx:TrackPointExtension>
      <gpxtpx:atemp>24</gpxtpx:atemp>
      <gpxtpx:hr>174</gpxtpx:hr>
      <gpxtpx:cad>90</gpxtpx:cad>
     </gpxtpx:TrackPointExtension>
    </extensions>
   </trkpt>
   <trkpt lat="46.7952290" lon="130.3181280">
    <ele>79.8</ele>
    <time>2025-09-07T00:40:15Z</time>
    <extensions>
     <power>403</power>
     <gpxtpx:TrackPointExtension>
      <gpxtpx:atemp>24</gpxtpx:atemp>
      <gpxtpx:hr>174</gpxtpx:hr>
      <gpxtpx:cad>89</gpxtpx:cad>
     </gpxtpx:TrackPointExtension>
    </extensions>
   </trkpt>
   <trkpt lat="46.7952300" lon="130.3180800">
    <ele>79.8</ele>
    <time>2025-09-07T00:40:16Z</time>
    <extensions>
     <power>404</power>
     <gpxtpx:TrackPointExtension>
      <gpxtpx:atemp>24</gpxtpx:atemp>
      <gpxtpx:hr>174</gpxtpx:hr>
      <gpxtpx:cad>89</gpxtpx:cad>
     </gpxtpx:TrackPointExtension>
    </extensions>
   </trkpt>
   <trkpt lat="46.7952280" lon="130.3180290">
    <ele>80.0</ele>
    <time>2025-09-07T00:40:17Z</time>
    <extensions>
     <power>404</power>
     <gpxtpx:TrackPointExtension>
      <gpxtpx:atemp>24</gpxtpx:atemp>
      <gpxtpx:hr>174</gpxtpx:hr>
      <gpxtpx:cad>89</gpxtpx:cad>
     </gpxtpx:TrackPointExtension>
    </extensions>
   </trkpt>
   <trkpt lat="46.7952230" lon="130.3179810">
    <ele>80.0</ele>
    <time>2025-09-07T00:40:18Z</time>
    <extensions>
     <power>403</power>
     <gpxtpx:TrackPointExtension>
      <gpxtpx:atemp>24</gpxtpx:atemp>
      <gpxtpx:hr>173</gpxtpx:hr>
      <gpxtpx:cad>89</gpxtpx:cad>
     </gpxtpx:TrackPointExtension>
    </extensions>
   </trkpt>
   <trkpt lat="46.7952220" lon="130.3179200">
    <ele>80.0</ele>
    <time>2025-09-07T00:40:19Z</time>
    <extensions>
     <power>403</power>
     <gpxtpx:TrackPointExtension>
      <gpxtpx:atemp>24</gpxtpx:atemp>
      <gpxtpx:hr>173</gpxtpx:hr>
      <gpxtpx:cad>89</gpxtpx:cad>
     </gpxtpx:TrackPointExtension>
    </extensions>
   </trkpt>
   <trkpt lat="46.7952240" lon="130.3178770">
    <ele>80.0</ele>
    <time>2025-09-07T00:40:20Z</time>
    <extensions>
     <power>404</power>
     <gpxtpx:TrackPointExtension>
      <gpxtpx:atemp>24</gpxtpx:atemp>
      <gpxtpx:hr>173</gpxtpx:hr>
      <gpxtpx:cad>89</gpxtpx:cad>
     </gpxtpx:TrackPointExtension>
    </extensions>
   </trkpt>
   <trkpt lat="46.7952200" lon="130.3178150">
    <ele>80.0</ele>
    <time>2025-09-07T00:40:21Z</time>
    <extensions>
     <power>403</power>
     <gpxtpx:TrackPointExtension>
      <gpxtpx:atemp>24</gpxtpx:atemp>
      <gpxtpx:hr>174</gpxtpx:hr>
      <gpxtpx:cad>89</gpxtpx:cad>
     </gpxtpx:TrackPointExtension>
    </extensions>
   </trkpt>
   <trkpt lat="46.7952210" lon="130.3177620">
    <ele>80.0</ele>
    <time>2025-09-07T00:40:22Z</time>
    <extensions>
     <power>402</power>
     <gpxtpx:TrackPointExtension>
      <gpxtpx:atemp>24</gpxtpx:atemp>
      <gpxtpx:hr>173</gpxtpx:hr>
      <gpxtpx:cad>89</gpxtpx:cad>
     </gpxtpx:TrackPointExtension>
    </extensions>
   </trkpt>
   <trkpt lat="46.7952210" lon="130.3177010">
    <ele>80.0</ele>
    <time>2025-09-07T00:40:23Z</time>
    <extensions>
     <power>403</power>
     <gpxtpx:TrackPointExtension>
      <gpxtpx:atemp>24</gpxtpx:atemp>
      <gpxtpx:hr>173</gpxtpx:hr>
      <gpxtpx:cad>89</gpxtpx:cad>
     </gpxtpx:TrackPointExtension>
    </extensions>
   </trkpt>
   <trkpt lat="46.7952210" lon="130.3176500">
    <ele>80.0</ele>
    <time>2025-09-07T00:40:24Z</time>
    <extensions>
     <power>402</power>
     <gpxtpx:TrackPointExtension>
      <gpxtpx:atemp>24</gpxtpx:atemp>
      <gpxtpx:hr>173</gpxtpx:hr>
      <gpxtpx:cad>89</gpxtpx:cad>
     </gpxtpx:TrackPointExtension>
    </extensions>
   </trkpt>
   <trkpt lat="46.7952170" lon="130.3175880">
    <ele>80.0</ele>
    <time>2025-09-07T00:40:25Z</time>
    <extensions>
     <power>402</power>
     <gpxtpx:TrackPointExtension>
      <gpxtpx:atemp>24</gpxtpx:atemp>
      <gpxtpx:hr>174</gpxtpx:hr>
      <gpxtpx:cad>89</gpxtpx:cad>
     </gpxtpx:TrackPointExtension>
    </extensions>
   </trkpt>
   <trkpt lat="46.7952160" lon="130.3175330">
    <ele>80.0</ele>
    <time>2025-09-07T00:40:26Z</time>
    <extensions>
     <power>404</power>
     <gpxtpx:TrackPointExtension>
      <gpxtpx:atemp>24</gpxtpx:atemp>
      <gpxtpx:hr>173</gpxtpx:hr>
      <gpxtpx:cad>90</gpxtpx:cad>
     </gpxtpx:TrackPointExtension>
    </extensions>
   </trkpt>
   <trkpt lat="46.7952180" lon="130.3174780">
    <ele>80.2</ele>
    <time>2025-09-07T00:40:27Z</time>
    <extensions>
     <power>404</power>
     <gpxtpx:TrackPointExtension>
      <gpxtpx:atemp>24</gpxtpx:atemp>
      <gpxtpx:hr>173</gpxtpx:hr>
      <gpxtpx:cad>90</gpxtpx:cad>
     </gpxtpx:TrackPointExtension>
    </extensions>
   </trkpt>
   <trkpt lat="46.7952200" lon="130.3174230">
    <ele>80.2</ele>
    <time>2025-09-07T00:40:28Z</time>
    <extensions>
     <power>404</power>
     <gpxtpx:TrackPointExtension>
      <gpxtpx:atemp>24</gpxtpx:atemp>
      <gpxtpx:hr>173</gpxtpx:hr>
      <gpxtpx:cad>89</gpxtpx:cad>
     </gpxtpx:TrackPointExtension>
    </extensions>
   </trkpt>
   <trkpt lat="46.7952160" lon="130.3173680">
    <ele>80.2</ele>
    <time>2025-09-07T00:40:29Z</time>
    <extensions>
     <power>405</power>
     <gpxtpx:TrackPointExtension>
      <gpxtpx:atemp>24</gpxtpx:atemp>
      <gpxtpx:hr>173</gpxtpx:hr>
      <gpxtpx:cad>89</gpxtpx:cad>
     </gpxtpx:TrackPointExtension>
    </extensions>
   </trkpt>
   <trkpt lat="46.7952160" lon="130.3173160">
    <ele>80.2</ele>
    <time>2025-09-07T00:40:30Z</time>
    <extensions>
     <power>407</power>
     <gpxtpx:TrackPointExtension>
      <gpxtpx:atemp>24</gpxtpx:atemp>
      <gpxtpx:hr>173</gpxtpx:hr>
      <gpxtpx:cad>89</gpxtpx:cad>
     </gpxtpx:TrackPointExtension>
    </extensions>
   </trkpt>
   <trkpt lat="46.7952120" lon="130.3172590">
    <ele>80.2</ele>
    <time>2025-09-07T00:40:31Z</time>
    <extensions>
     <power>407</power>
     <gpxtpx:TrackPointExtension>
      <gpxtpx:atemp>24</gpxtpx:atemp>
      <gpxtpx:hr>173</gpxtpx:hr>
      <gpxtpx:cad>89</gpxtpx:cad>
     </gpxtpx:TrackPointExtension>
    </extensions>
   </trkpt>
   <trkpt lat="46.7952070" lon="130.3172010">
    <ele>80.2</ele>
    <time>2025-09-07T00:40:32Z</time>
    <extensions>
     <power>408</power>
     <gpxtpx:TrackPointExtension>
      <gpxtpx:atemp>24</gpxtpx:atemp>
      <gpxtpx:hr>173</gpxtpx:hr>
      <gpxtpx:cad>89</gpxtpx:cad>
     </gpxtpx:TrackPointExtension>
    </extensions>
   </trkpt>
   <trkpt lat="46.7952010" lon="130.3171470">
    <ele>80.2</ele>
    <time>2025-09-07T00:40:33Z</time>
    <extensions>
     <power>411</power>
     <gpxtpx:TrackPointExtension>
      <gpxtpx:atemp>24</gpxtpx:atemp>
      <gpxtpx:hr>173</gpxtpx:hr>
      <gpxtpx:cad>89</gpxtpx:cad>
     </gpxtpx:TrackPointExtension>
    </extensions>
   </trkpt>
   <trkpt lat="46.7951990" lon="130.3170980">
    <ele>80.2</ele>
    <time>2025-09-07T00:40:34Z</time>
    <extensions>
     <power>411</power>
     <gpxtpx:TrackPointExtension>
      <gpxtpx:atemp>24</gpxtpx:atemp>
      <gpxtpx:hr>172</gpxtpx:hr>
      <gpxtpx:cad>89</gpxtpx:cad>
     </gpxtpx:TrackPointExtension>
    </extensions>
   </trkpt>
   <trkpt lat="46.7951920" lon="130.3170450">
    <ele>80.2</ele>
    <time>2025-09-07T00:40:35Z</time>
    <extensions>
     <power>413</power>
     <gpxtpx:TrackPointExtension>
      <gpxtpx:atemp>24</gpxtpx:atemp>
      <gpxtpx:hr>173</gpxtpx:hr>
      <gpxtpx:cad>89</gpxtpx:cad>
     </gpxtpx:TrackPointExtension>
    </extensions>
   </trkpt>
   <trkpt lat="46.7951880" lon="130.3169940">
    <ele>80.2</ele>
    <time>2025-09-07T00:40:36Z</time>
    <extensions>
     <power>413</power>
     <gpxtpx:TrackPointExtension>
      <gpxtpx:atemp>24</gpxtpx:atemp>
      <gpxtpx:hr>173</gpxtpx:hr>
      <gpxtpx:cad>89</gpxtpx:cad>
     </gpxtpx:TrackPointExtension>
    </extensions>
   </trkpt>
   <trkpt lat="46.7951840" lon="130.3169410">
    <ele>80.2</ele>
    <time>2025-09-07T00:40:37Z</time>
    <extensions>
     <power>410</power>
     <gpxtpx:TrackPointExtension>
      <gpxtpx:atemp>24</gpxtpx:atemp>
      <gpxtpx:hr>173</gpxtpx:hr>
      <gpxtpx:cad>89</gpxtpx:cad>
     </gpxtpx:TrackPointExtension>
    </extensions>
   </trkpt>
   <trkpt lat="46.7951810" lon="130.3168910">
    <ele>80.2</ele>
    <time>2025-09-07T00:40:38Z</time>
    <extensions>
     <power>410</power>
     <gpxtpx:TrackPointExtension>
      <gpxtpx:atemp>24</gpxtpx:atemp>
      <gpxtpx:hr>173</gpxtpx:hr>
      <gpxtpx:cad>89</gpxtpx:cad>
     </gpxtpx:TrackPointExtension>
    </extensions>
   </trkpt>
   <trkpt lat="46.7951800" lon="130.3168320">
    <ele>80.2</ele>
    <time>2025-09-07T00:40:39Z</time>
    <extensions>
     <power>411</power>
     <gpxtpx:TrackPointExtension>
      <gpxtpx:atemp>24</gpxtpx:atemp>
      <gpxtpx:hr>172</gpxtpx:hr>
      <gpxtpx:cad>89</gpxtpx:cad>
     </gpxtpx:TrackPointExtension>
    </extensions>
   </trkpt>
   <trkpt lat="46.7951820" lon="130.3167810">
    <ele>80.2</ele>
    <time>2025-09-07T00:40:40Z</time>
    <extensions>
     <power>411</power>
     <gpxtpx:TrackPointExtension>
      <gpxtpx:atemp>24</gpxtpx:atemp>
      <gpxtpx:hr>173</gpxtpx:hr>
      <gpxtpx:cad>89</gpxtpx:cad>
     </gpxtpx:TrackPointExtension>
    </extensions>
   </trkpt>
   <trkpt lat="46.7951800" lon="130.3167240">
    <ele>80.2</ele>
    <time>2025-09-07T00:40:41Z</time>
    <extensions>
     <power>410</power>
     <gpxtpx:TrackPointExtension>
      <gpxtpx:atemp>24</gpxtpx:atemp>
      <gpxtpx:hr>173</gpxtpx:hr>
      <gpxtpx:cad>89</gpxtpx:cad>
     </gpxtpx:TrackPointExtension>
    </extensions>
   </trkpt>
   <trkpt lat="46.7951800" lon="130.3166730">
    <ele>80.2</ele>
    <time>2025-09-07T00:40:42Z</time>
    <extensions>
     <power>411</power>
     <gpxtpx:TrackPointExtension>
      <gpxtpx:atemp>24</gpxtpx:atemp>
      <gpxtpx:hr>173</gpxtpx:hr>
      <gpxtpx:cad>90</gpxtpx:cad>
     </gpxtpx:TrackPointExtension>
    </extensions>
   </trkpt>
   <trkpt lat="46.7951770" lon="130.3166130">
    <ele>80.2</ele>
    <time>2025-09-07T00:40:43Z</time>
    <extensions>
     <power>409</power>
     <gpxtpx:TrackPointExtension>
      <gpxtpx:atemp>24</gpxtpx:atemp>
      <gpxtpx:hr>173</gpxtpx:hr>
      <gpxtpx:cad>90</gpxtpx:cad>
     </gpxtpx:TrackPointExtension>
    </extensions>
   </trkpt>
   <trkpt lat="46.7951800" lon="130.3165560">
    <ele>80.2</ele>
    <time>2025-09-07T00:40:44Z</time>
    <extensions>
     <power>409</power>
     <gpxtpx:TrackPointExtension>
      <gpxtpx:atemp>24</gpxtpx:atemp>
      <gpxtpx:hr>173</gpxtpx:hr>
      <gpxtpx:cad>90</gpxtpx:cad>
     </gpxtpx:TrackPointExtension>
    </extensions>
   </trkpt>
   <trkpt lat="46.7951740" lon="130.3164990">
    <ele>80.2</ele>
    <time>2025-09-07T00:40:45Z</time>
    <extensions>
     <power>411</power>
     <gpxtpx:TrackPointExtension>
      <gpxtpx:atemp>24</gpxtpx:atemp>
      <gpxtpx:hr>172</gpxtpx:hr>
      <gpxtpx:cad>90</gpxtpx:cad>
     </gpxtpx:TrackPointExtension>
    </extensions>
   </trkpt>
   <trkpt lat="46.7951730" lon="130.3164420">
    <ele>80.2</ele>
    <time>2025-09-07T00:40:46Z</time>
    <extensions>
     <power>411</power>
     <gpxtpx:TrackPointExtension>
      <gpxtpx:atemp>24</gpxtpx:atemp>
      <gpxtpx:hr>173</gpxtpx:hr>
      <gpxtpx:cad>89</gpxtpx:cad>
     </gpxtpx:TrackPointExtension>
    </extensions>
   </trkpt>
   <trkpt lat="46.7951740" lon="130.3163870">
    <ele>80.2</ele>
    <time>2025-09-07T00:40:47Z</time>
    <extensions>
     <power>414</power>
     <gpxtpx:TrackPointExtension>
      <gpxtpx:atemp>24</gpxtpx:atemp>
      <gpxtpx:hr>173</gpxtpx:hr>
      <gpxtpx:cad>89</gpxtpx:cad>
     </gpxtpx:TrackPointExtension>
    </extensions>
   </trkpt>
   <trkpt lat="46.7951770" lon="130.3163340">
    <ele>80.2</ele>
    <time>2025-09-07T00:40:48Z</time>
    <extensions>
     <power>414</power>
     <gpxtpx:TrackPointExtension>
      <gpxtpx:atemp>24</gpxtpx:atemp>
      <gpxtpx:hr>173</gpxtpx:hr>
      <gpxtpx:cad>89</gpxtpx:cad>
     </gpxtpx:TrackPointExtension>
    </extensions>
   </trkpt>
   <trkpt lat="46.7951740" lon="130.3162780">
    <ele>80.2</ele>
    <time>2025-09-07T00:40:49Z</time>
    <extensions>
     <power>412</power>
     <gpxtpx:TrackPointExtension>
      <gpxtpx:atemp>24</gpxtpx:atemp>
      <gpxtpx:hr>173</gpxtpx:hr>
      <gpxtpx:cad>89</gpxtpx:cad>
     </gpxtpx:TrackPointExtension>
    </extensions>
   </trkpt>
   <trkpt lat="46.7951740" lon="130.3162210">
    <ele>80.2</ele>
    <time>2025-09-07T00:40:50Z</time>
    <extensions>
     <power>413</power>
     <gpxtpx:TrackPointExtension>
      <gpxtpx:atemp>24</gpxtpx:atemp>
      <gpxtpx:hr>173</gpxtpx:hr>
      <gpxtpx:cad>89</gpxtpx:cad>
     </gpxtpx:TrackPointExtension>
    </extensions>
   </trkpt>
   <trkpt lat="46.7951750" lon="130.3161730">
    <ele>80.2</ele>
    <time>2025-09-07T00:40:51Z</time>
    <extensions>
     <power>412</power>
     <gpxtpx:TrackPointExtension>
      <gpxtpx:atemp>24</gpxtpx:atemp>
      <gpxtpx:hr>172</gpxtpx:hr>
      <gpxtpx:cad>89</gpxtpx:cad>
     </gpxtpx:TrackPointExtension>
    </extensions>
   </trkpt>
   <trkpt lat="46.7951760" lon="130.3161230">
    <ele>80.2</ele>
    <time>2025-09-07T00:40:52Z</time>
    <extensions>
     <power>414</power>
     <gpxtpx:TrackPointExtension>
      <gpxtpx:atemp>24</gpxtpx:atemp>
      <gpxtpx:hr>173</gpxtpx:hr>
      <gpxtpx:cad>89</gpxtpx:cad>
     </gpxtpx:TrackPointExtension>
    </extensions>
   </trkpt>
   <trkpt lat="46.7951790" lon="130.3160770">
    <ele>80.2</ele>
    <time>2025-09-07T00:40:53Z</time>
    <extensions>
     <power>416</power>
     <gpxtpx:TrackPointExtension>
      <gpxtpx:atemp>24</gpxtpx:atemp>
      <gpxtpx:hr>172</gpxtpx:hr>
      <gpxtpx:cad>88</gpxtpx:cad>
     </gpxtpx:TrackPointExtension>
    </extensions>
   </trkpt>
   <trkpt lat="46.7951760" lon="130.3160140">
    <ele>80.2</ele>
    <time>2025-09-07T00:40:54Z</time>
    <extensions>
     <power>416</power>
     <gpxtpx:TrackPointExtension>
      <gpxtpx:atemp>24</gpxtpx:atemp>
      <gpxtpx:hr>172</gpxtpx:hr>
      <gpxtpx:cad>88</gpxtpx:cad>
     </gpxtpx:TrackPointExtension>
    </extensions>
   </trkpt>
   <trkpt lat="46.7951750" lon="130.3159670">
    <ele>80.2</ele>
    <time>2025-09-07T00:40:55Z</time>
    <extensions>
     <power>416</power>
     <gpxtpx:TrackPointExtension>
      <gpxtpx:atemp>24</gpxtpx:atemp>
      <gpxtpx:hr>172</gpxtpx:hr>
      <gpxtpx:cad>88</gpxtpx:cad>
     </gpxtpx:TrackPointExtension>
    </extensions>
   </trkpt>
   <trkpt lat="46.7951750" lon="130.3159050">
    <ele>80.2</ele>
    <time>2025-09-07T00:40:56Z</time>
    <extensions>
     <power>418</power>
     <gpxtpx:TrackPointExtension>
      <gpxtpx:atemp>24</gpxtpx:atemp>
      <gpxtpx:hr>172</gpxtpx:hr>
      <gpxtpx:cad>88</gpxtpx:cad>
     </gpxtpx:TrackPointExtension>
    </extensions>
   </trkpt>
   <trkpt lat="46.7951800" lon="130.3158620">
    <ele>80.2</ele>
    <time>2025-09-07T00:40:57Z</time>
    <extensions>
     <power>419</power>
     <gpxtpx:TrackPointExtension>
      <gpxtpx:atemp>24</gpxtpx:atemp>
      <gpxtpx:hr>172</gpxtpx:hr>
      <gpxtpx:cad>88</gpxtpx:cad>
     </gpxtpx:TrackPointExtension>
    </extensions>
   </trkpt>
   <trkpt lat="46.7951780" lon="130.3158070">
    <ele>80.2</ele>
    <time>2025-09-07T00:40:58Z</time>
    <extensions>
     <power>418</power>
     <gpxtpx:TrackPointExtension>
      <gpxtpx:atemp>24</gpxtpx:atemp>
      <gpxtpx:hr>172</gpxtpx:hr>
      <gpxtpx:cad>88</gpxtpx:cad>
     </gpxtpx:TrackPointExtension>
    </extensions>
   </trkpt>
   <trkpt lat="46.7951890" lon="130.3157610">
    <ele>80.2</ele>
    <time>2025-09-07T00:40:59Z</time>
    <extensions>
     <power>417</power>
     <gpxtpx:TrackPointExtension>
      <gpxtpx:atemp>24</gpxtpx:atemp>
      <gpxtpx:hr>172</gpxtpx:hr>
      <gpxtpx:cad>88</gpxtpx:cad>
     </gpxtpx:TrackPointExtension>
    </extensions>
   </trkpt>
   <trkpt lat="46.7951950" lon="130.3157060">
    <ele>80.2</ele>
    <time>2025-09-07T00:41:00Z</time>
    <extensions>
     <power>414</power>
     <gpxtpx:TrackPointExtension>
      <gpxtpx:atemp>24</gpxtpx:atemp>
      <gpxtpx:hr>172</gpxtpx:hr>
      <gpxtpx:cad>88</gpxtpx:cad>
     </gpxtpx:TrackPointExtension>
    </extensions>
   </trkpt>
   <trkpt lat="46.7951970" lon="130.3156530">
    <ele>80.2</ele>
    <time>2025-09-07T00:41:01Z</time>
    <extensions>
     <power>414</power>
     <gpxtpx:TrackPointExtension>
      <gpxtpx:atemp>24</gpxtpx:atemp>
      <gpxtpx:hr>171</gpxtpx:hr>
      <gpxtpx:cad>87</gpxtpx:cad>
     </gpxtpx:TrackPointExtension>
    </extensions>
   </trkpt>
   <trkpt lat="46.7952000" lon="130.3156030">
    <ele>80.2</ele>
    <time>2025-09-07T00:41:02Z</time>
    <extensions>
     <power>412</power>
     <gpxtpx:TrackPointExtension>
      <gpxtpx:atemp>24</gpxtpx:atemp>
      <gpxtpx:hr>171</gpxtpx:hr>
      <gpxtpx:cad>87</gpxtpx:cad>
     </gpxtpx:TrackPointExtension>
    </extensions>
   </trkpt>
   <trkpt lat="46.7952030" lon="130.3155450">
    <ele>80.2</ele>
    <time>2025-09-07T00:41:03Z</time>
    <extensions>
     <power>413</power>
     <gpxtpx:TrackPointExtension>
      <gpxtpx:atemp>24</gpxtpx:atemp>
      <gpxtpx:hr>171</gpxtpx:hr>
      <gpxtpx:cad>87</gpxtpx:cad>
     </gpxtpx:TrackPointExtension>
    </extensions>
   </trkpt>
   <trkpt lat="46.7952050" lon="130.3155000">
    <ele>80.2</ele>
    <time>2025-09-07T00:41:04Z</time>
    <extensions>
     <power>414</power>
     <gpxtpx:TrackPointExtension>
      <gpxtpx:atemp>24</gpxtpx:atemp>
      <gpxtpx:hr>171</gpxtpx:hr>
      <gpxtpx:cad>87</gpxtpx:cad>
     </gpxtpx:TrackPointExtension>
    </extensions>
   </trkpt>
   <trkpt lat="46.7952030" lon="130.3154400">
    <ele>80.4</ele>
    <time>2025-09-07T00:41:05Z</time>
    <extensions>
     <power>415</power>
     <gpxtpx:TrackPointExtension>
      <gpxtpx:atemp>24</gpxtpx:atemp>
      <gpxtpx:hr>171</gpxtpx:hr>
      <gpxtpx:cad>88</gpxtpx:cad>
     </gpxtpx:TrackPointExtension>
    </extensions>
   </trkpt>
   <trkpt lat="46.7952060" lon="130.3153950">
    <ele>80.4</ele>
    <time>2025-09-07T00:41:06Z</time>
    <extensions>
     <power>415</power>
     <gpxtpx:TrackPointExtension>
      <gpxtpx:atemp>24</gpxtpx:atemp>
      <gpxtpx:hr>171</gpxtpx:hr>
      <gpxtpx:cad>88</gpxtpx:cad>
     </gpxtpx:TrackPointExtension>
    </extensions>
   </trkpt>
   <trkpt lat="46.7952050" lon="130.3153280">
    <ele>80.4</ele>
    <time>2025-09-07T00:41:07Z</time>
    <extensions>
     <power>415</power>
     <gpxtpx:TrackPointExtension>
      <gpxtpx:atemp>24</gpxtpx:atemp>
      <gpxtpx:hr>171</gpxtpx:hr>
      <gpxtpx:cad>88</gpxtpx:cad>
     </gpxtpx:TrackPointExtension>
    </extensions>
   </trkpt>
   <trkpt lat="46.7952100" lon="130.3152860">
    <ele>80.4</ele>
    <time>2025-09-07T00:41:08Z</time>
    <extensions>
     <power>414</power>
     <gpxtpx:TrackPointExtension>
      <gpxtpx:atemp>24</gpxtpx:atemp>
      <gpxtpx:hr>170</gpxtpx:hr>
      <gpxtpx:cad>88</gpxtpx:cad>
     </gpxtpx:TrackPointExtension>
    </extensions>
   </trkpt>
   <trkpt lat="46.7952070" lon="130.3152260">
    <ele>80.4</ele>
    <time>2025-09-07T00:41:09Z</time>
    <extensions>
     <power>413</power>
     <gpxtpx:TrackPointExtension>
      <gpxtpx:atemp>24</gpxtpx:atemp>
      <gpxtpx:hr>170</gpxtpx:hr>
      <gpxtpx:cad>87</gpxtpx:cad>
     </gpxtpx:TrackPointExtension>
    </extensions>
   </trkpt>
   <trkpt lat="46.7952060" lon="130.3151730">
    <ele>80.4</ele>
    <time>2025-09-07T00:41:10Z</time>
    <extensions>
     <power>413</power>
     <gpxtpx:TrackPointExtension>
      <gpxtpx:atemp>24</gpxtpx:atemp>
      <gpxtpx:hr>170</gpxtpx:hr>
      <gpxtpx:cad>87</gpxtpx:cad>
     </gpxtpx:TrackPointExtension>
    </extensions>
   </trkpt>
   <trkpt lat="46.7952010" lon="130.3151170">
    <ele>80.4</ele>
    <time>2025-09-07T00:41:11Z</time>
    <extensions>
     <power>412</power>
     <gpxtpx:TrackPointExtension>
      <gpxtpx:atemp>24</gpxtpx:atemp>
      <gpxtpx:hr>170</gpxtpx:hr>
      <gpxtpx:cad>87</gpxtpx:cad>
     </gpxtpx:TrackPointExtension>
    </extensions>
   </trkpt>
   <trkpt lat="46.7952020" lon="130.3150590">
    <ele>80.4</ele>
    <time>2025-09-07T00:41:12Z</time>
    <extensions>
     <power>412</power>
     <gpxtpx:TrackPointExtension>
      <gpxtpx:atemp>24</gpxtpx:atemp>
      <gpxtpx:hr>171</gpxtpx:hr>
      <gpxtpx:cad>87</gpxtpx:cad>
     </gpxtpx:TrackPointExtension>
    </extensions>
   </trkpt>
   <trkpt lat="46.7952040" lon="130.3150090">
    <ele>80.4</ele>
    <time>2025-09-07T00:41:13Z</time>
    <extensions>
     <power>413</power>
     <gpxtpx:TrackPointExtension>
      <gpxtpx:atemp>24</gpxtpx:atemp>
      <gpxtpx:hr>170</gpxtpx:hr>
      <gpxtpx:cad>87</gpxtpx:cad>
     </gpxtpx:TrackPointExtension>
    </extensions>
   </trkpt>
   <trkpt lat="46.7951970" lon="130.3149430">
    <ele>80.4</ele>
    <time>2025-09-07T00:41:14Z</time>
    <extensions>
     <power>414</power>
     <gpxtpx:TrackPointExtension>
      <gpxtpx:atemp>24</gpxtpx:atemp>
      <gpxtpx:hr>170</gpxtpx:hr>
      <gpxtpx:cad>87</gpxtpx:cad>
     </gpxtpx:TrackPointExtension>
    </extensions>
   </trkpt>
   <trkpt lat="46.7951930" lon="130.3148950">
    <ele>80.4</ele>
    <time>2025-09-07T00:41:15Z</time>
    <extensions>
     <power>414</power>
     <gpxtpx:TrackPointExtension>
      <gpxtpx:atemp>24</gpxtpx:atemp>
      <gpxtpx:hr>170</gpxtpx:hr>
      <gpxtpx:cad>87</gpxtpx:cad>
     </gpxtpx:TrackPointExtension>
    </extensions>
   </trkpt>
   <trkpt lat="46.7951900" lon="130.3148390">
    <ele>80.2</ele>
    <time>2025-09-07T00:41:16Z</time>
    <extensions>
     <power>415</power>
     <gpxtpx:TrackPointExtension>
      <gpxtpx:atemp>24</gpxtpx:atemp>
      <gpxtpx:hr>171</gpxtpx:hr>
      <gpxtpx:cad>87</gpxtpx:cad>
     </gpxtpx:TrackPointExtension>
    </extensions>
   </trkpt>
   <trkpt lat="46.7951860" lon="130.3147950">
    <ele>80.2</ele>
    <time>2025-09-07T00:41:17Z</time>
    <extensions>
     <power>414</power>
     <gpxtpx:TrackPointExtension>
      <gpxtpx:atemp>24</gpxtpx:atemp>
      <gpxtpx:hr>170</gpxtpx:hr>
      <gpxtpx:cad>87</gpxtpx:cad>
     </gpxtpx:TrackPointExtension>
    </extensions>
   </trkpt>
   <trkpt lat="46.7951850" lon="130.3147390">
    <ele>80.2</ele>
    <time>2025-09-07T00:41:18Z</time>
    <extensions>
     <power>413</power>
     <gpxtpx:TrackPointExtension>
      <gpxtpx:atemp>24</gpxtpx:atemp>
      <gpxtpx:hr>170</gpxtpx:hr>
      <gpxtpx:cad>87</gpxtpx:cad>
     </gpxtpx:TrackPointExtension>
    </extensions>
   </trkpt>
   <trkpt lat="46.7951810" lon="130.3146930">
    <ele>80.2</ele>
    <time>2025-09-07T00:41:19Z</time>
    <extensions>
     <power>410</power>
     <gpxtpx:TrackPointExtension>
      <gpxtpx:atemp>24</gpxtpx:atemp>
      <gpxtpx:hr>170</gpxtpx:hr>
      <gpxtpx:cad>86</gpxtpx:cad>
     </gpxtpx:TrackPointExtension>
    </extensions>
   </trkpt>
   <trkpt lat="46.7951790" lon="130.3146370">
    <ele>80.0</ele>
    <time>2025-09-07T00:41:20Z</time>
    <extensions>
     <power>411</power>
     <gpxtpx:TrackPointExtension>
      <gpxtpx:atemp>24</gpxtpx:atemp>
      <gpxtpx:hr>170</gpxtpx:hr>
      <gpxtpx:cad>86</gpxtpx:cad>
     </gpxtpx:TrackPointExtension>
    </extensions>
   </trkpt>
   <trkpt lat="46.7951710" lon="130.3145820">
    <ele>80.0</ele>
    <time>2025-09-07T00:41:21Z</time>
    <extensions>
     <power>409</power>
     <gpxtpx:TrackPointExtension>
      <gpxtpx:atemp>24</gpxtpx:atemp>
      <gpxtpx:hr>170</gpxtpx:hr>
      <gpxtpx:cad>86</gpxtpx:cad>
     </gpxtpx:TrackPointExtension>
    </extensions>
   </trkpt>
   <trkpt lat="46.7951640" lon="130.3145350">
    <ele>80.0</ele>
    <time>2025-09-07T00:41:22Z</time>
    <extensions>
     <power>409</power>
     <gpxtpx:TrackPointExtension>
      <gpxtpx:atemp>24</gpxtpx:atemp>
      <gpxtpx:hr>171</gpxtpx:hr>
      <gpxtpx:cad>87</gpxtpx:cad>
     </gpxtpx:TrackPointExtension>
    </extensions>
   </trkpt>
   <trkpt lat="46.7951590" lon="130.3144720">
    <ele>80.2</ele>
    <time>2025-09-07T00:41:23Z</time>
    <extensions>
     <power>408</power>
     <gpxtpx:TrackPointExtension>
      <gpxtpx:atemp>24</gpxtpx:atemp>
      <gpxtpx:hr>170</gpxtpx:hr>
      <gpxtpx:cad>87</gpxtpx:cad>
     </gpxtpx:TrackPointExtension>
    </extensions>
   </trkpt>
   <trkpt lat="46.7951610" lon="130.3144270">
    <ele>80.2</ele>
    <time>2025-09-07T00:41:24Z</time>
    <extensions>
     <power>407</power>
     <gpxtpx:TrackPointExtension>
      <gpxtpx:atemp>24</gpxtpx:atemp>
      <gpxtpx:hr>170</gpxtpx:hr>
      <gpxtpx:cad>87</gpxtpx:cad>
     </gpxtpx:TrackPointExtension>
    </extensions>
   </trkpt>
   <trkpt lat="46.7951620" lon="130.3143630">
    <ele>80.2</ele>
    <time>2025-09-07T00:41:25Z</time>
    <extensions>
     <power>409</power>
     <gpxtpx:TrackPointExtension>
      <gpxtpx:atemp>24</gpxtpx:atemp>
      <gpxtpx:hr>170</gpxtpx:hr>
      <gpxtpx:cad>87</gpxtpx:cad>
     </gpxtpx:TrackPointExtension>
    </extensions>
   </trkpt>
   <trkpt lat="46.7951660" lon="130.3143200">
    <ele>80.4</ele>
    <time>2025-09-07T00:41:26Z</time>
    <extensions>
     <power>410</power>
     <gpxtpx:TrackPointExtension>
      <gpxtpx:atemp>24</gpxtpx:atemp>
      <gpxtpx:hr>170</gpxtpx:hr>
      <gpxtpx:cad>87</gpxtpx:cad>
     </gpxtpx:TrackPointExtension>
    </extensions>
   </trkpt>
   <trkpt lat="46.7951610" lon="130.3142600">
    <ele>80.4</ele>
    <time>2025-09-07T00:41:27Z</time>
    <extensions>
     <power>409</power>
     <gpxtpx:TrackPointExtension>
      <gpxtpx:atemp>24</gpxtpx:atemp>
      <gpxtpx:hr>170</gpxtpx:hr>
      <gpxtpx:cad>87</gpxtpx:cad>
     </gpxtpx:TrackPointExtension>
    </extensions>
   </trkpt>
   <trkpt lat="46.7951650" lon="130.3142050">
    <ele>80.4</ele>
    <time>2025-09-07T00:41:28Z</time>
    <extensions>
     <power>409</power>
     <gpxtpx:TrackPointExtension>
      <gpxtpx:atemp>24</gpxtpx:atemp>
      <gpxtpx:hr>170</gpxtpx:hr>
      <gpxtpx:cad>87</gpxtpx:cad>
     </gpxtpx:TrackPointExtension>
    </extensions>
   </trkpt>
   <trkpt lat="46.7951630" lon="130.3141560">
    <ele>80.4</ele>
    <time>2025-09-07T00:41:29Z</time>
    <extensions>
     <power>409</power>
     <gpxtpx:TrackPointExtension>
      <gpxtpx:atemp>24</gpxtpx:atemp>
      <gpxtpx:hr>170</gpxtpx:hr>
      <gpxtpx:cad>87</gpxtpx:cad>
     </gpxtpx:TrackPointExtension>
    </extensions>
   </trkpt>
   <trkpt lat="46.7951610" lon="130.3141040">
    <ele>80.4</ele>
    <time>2025-09-07T00:41:30Z</time>
    <extensions>
     <power>409</power>
     <gpxtpx:TrackPointExtension>
      <gpxtpx:atemp>24</gpxtpx:atemp>
      <gpxtpx:hr>169</gpxtpx:hr>
      <gpxtpx:cad>87</gpxtpx:cad>
     </gpxtpx:TrackPointExtension>
    </extensions>
   </trkpt>
   <trkpt lat="46.7951580" lon="130.3140480">
    <ele>80.4</ele>
    <time>2025-09-07T00:41:31Z</time>
    <extensions>
     <power>409</power>
     <gpxtpx:TrackPointExtension>
      <gpxtpx:atemp>24</gpxtpx:atemp>
      <gpxtpx:hr>169</gpxtpx:hr>
      <gpxtpx:cad>87</gpxtpx:cad>
     </gpxtpx:TrackPointExtension>
    </extensions>
   </trkpt>
   <trkpt lat="46.7951560" lon="130.3139830">
    <ele>80.4</ele>
    <time>2025-09-07T00:41:32Z</time>
    <extensions>
     <power>408</power>
     <gpxtpx:TrackPointExtension>
      <gpxtpx:atemp>24</gpxtpx:atemp>
      <gpxtpx:hr>169</gpxtpx:hr>
      <gpxtpx:cad>86</gpxtpx:cad>
     </gpxtpx:TrackPointExtension>
    </extensions>
   </trkpt>
   <trkpt lat="46.7951570" lon="130.3139330">
    <ele>80.2</ele>
    <time>2025-09-07T00:41:33Z</time>
    <extensions>
     <power>410</power>
     <gpxtpx:TrackPointExtension>
      <gpxtpx:atemp>24</gpxtpx:atemp>
      <gpxtpx:hr>169</gpxtpx:hr>
      <gpxtpx:cad>86</gpxtpx:cad>
     </gpxtpx:TrackPointExtension>
    </extensions>
   </trkpt>
   <trkpt lat="46.7951610" lon="130.3138660">
    <ele>80.2</ele>
    <time>2025-09-07T00:41:34Z</time>
    <extensions>
     <power>414</power>
     <gpxtpx:TrackPointExtension>
      <gpxtpx:atemp>24</gpxtpx:atemp>
      <gpxtpx:hr>169</gpxtpx:hr>
      <gpxtpx:cad>87</gpxtpx:cad>
     </gpxtpx:TrackPointExtension>
    </extensions>
   </trkpt>
   <trkpt lat="46.7951660" lon="130.3138160">
    <ele>80.2</ele>
    <time>2025-09-07T00:41:35Z</time>
    <extensions>
     <power>413</power>
     <gpxtpx:TrackPointExtension>
      <gpxtpx:atemp>24</gpxtpx:atemp>
      <gpxtpx:hr>169</gpxtpx:hr>
      <gpxtpx:cad>87</gpxtpx:cad>
     </gpxtpx:TrackPointExtension>
    </extensions>
   </trkpt>
   <trkpt lat="46.7951640" lon="130.3137570">
    <ele>80.2</ele>
    <time>2025-09-07T00:41:36Z</time>
    <extensions>
     <power>414</power>
     <gpxtpx:TrackPointExtension>
      <gpxtpx:atemp>24</gpxtpx:atemp>
      <gpxtpx:hr>169</gpxtpx:hr>
      <gpxtpx:cad>87</gpxtpx:cad>
     </gpxtpx:TrackPointExtension>
    </extensions>
   </trkpt>
   <trkpt lat="46.7951610" lon="130.3137020">
    <ele>80.2</ele>
    <time>2025-09-07T00:41:37Z</time>
    <extensions>
     <power>413</power>
     <gpxtpx:TrackPointExtension>
      <gpxtpx:atemp>24</gpxtpx:atemp>
      <gpxtpx:hr>169</gpxtpx:hr>
      <gpxtpx:cad>86</gpxtpx:cad>
     </gpxtpx:TrackPointExtension>
    </extensions>
   </trkpt>
   <trkpt lat="46.7951560" lon="130.3136530">
    <ele>80.2</ele>
    <time>2025-09-07T00:41:38Z</time>
    <extensions>
     <power>414</power>
     <gpxtpx:TrackPointExtension>
      <gpxtpx:atemp>24</gpxtpx:atemp>
      <gpxtpx:hr>169</gpxtpx:hr>
      <gpxtpx:cad>86</gpxtpx:cad>
     </gpxtpx:TrackPointExtension>
    </extensions>
   </trkpt>
   <trkpt lat="46.7951520" lon="130.3135980">
    <ele>80.2</ele>
    <time>2025-09-07T00:41:39Z</time>
    <extensions>
     <power>413</power>
     <gpxtpx:TrackPointExtension>
      <gpxtpx:atemp>23</gpxtpx:atemp>
      <gpxtpx:hr>169</gpxtpx:hr>
      <gpxtpx:cad>86</gpxtpx:cad>
     </gpxtpx:TrackPointExtension>
    </extensions>
   </trkpt>
   <trkpt lat="46.7951530" lon="130.3135580">
    <ele>80.2</ele>
    <time>2025-09-07T00:41:40Z</time>
    <extensions>
     <power>412</power>
     <gpxtpx:TrackPointExtension>
      <gpxtpx:atemp>24</gpxtpx:atemp>
      <gpxtpx:hr>169</gpxtpx:hr>
      <gpxtpx:cad>86</gpxtpx:cad>
     </gpxtpx:TrackPointExtension>
    </extensions>
   </trkpt>
   <trkpt lat="46.7951510" lon="130.3134890">
    <ele>80.2</ele>
    <time>2025-09-07T00:41:41Z</time>
    <extensions>
     <power>413</power>
     <gpxtpx:TrackPointExtension>
      <gpxtpx:atemp>24</gpxtpx:atemp>
      <gpxtpx:hr>168</gpxtpx:hr>
      <gpxtpx:cad>86</gpxtpx:cad>
     </gpxtpx:TrackPointExtension>
    </extensions>
   </trkpt>
   <trkpt lat="46.7951490" lon="130.3134470">
    <ele>80.4</ele>
    <time>2025-09-07T00:41:42Z</time>
    <extensions>
     <power>413</power>
     <gpxtpx:TrackPointExtension>
      <gpxtpx:atemp>24</gpxtpx:atemp>
      <gpxtpx:hr>169</gpxtpx:hr>
      <gpxtpx:cad>86</gpxtpx:cad>
     </gpxtpx:TrackPointExtension>
    </extensions>
   </trkpt>
   <trkpt lat="46.7951480" lon="130.3133840">
    <ele>80.4</ele>
    <time>2025-09-07T00:41:43Z</time>
    <extensions>
     <power>412</power>
     <gpxtpx:TrackPointExtension>
      <gpxtpx:atemp>24</gpxtpx:atemp>
      <gpxtpx:hr>169</gpxtpx:hr>
      <gpxtpx:cad>86</gpxtpx:cad>
     </gpxtpx:TrackPointExtension>
    </extensions>
   </trkpt>
   <trkpt lat="46.7951480" lon="130.3133330">
    <ele>80.4</ele>
    <time>2025-09-07T00:41:44Z</time>
    <extensions>
     <power>412</power>
     <gpxtpx:TrackPointExtension>
      <gpxtpx:atemp>24</gpxtpx:atemp>
      <gpxtpx:hr>168</gpxtpx:hr>
      <gpxtpx:cad>86</gpxtpx:cad>
     </gpxtpx:TrackPointExtension>
    </extensions>
   </trkpt>
   <trkpt lat="46.7951460" lon="130.3132740">
    <ele>80.4</ele>
    <time>2025-09-07T00:41:45Z</time>
    <extensions>
     <power>413</power>
     <gpxtpx:TrackPointExtension>
      <gpxtpx:atemp>23</gpxtpx:atemp>
      <gpxtpx:hr>168</gpxtpx:hr>
      <gpxtpx:cad>86</gpxtpx:cad>
     </gpxtpx:TrackPointExtension>
    </extensions>
   </trkpt>
   <trkpt lat="46.7951410" lon="130.3132200">
    <ele>80.4</ele>
    <time>2025-09-07T00:41:46Z</time>
    <extensions>
     <power>412</power>
     <gpxtpx:TrackPointExtension>
      <gpxtpx:atemp>23</gpxtpx:atemp>
      <gpxtpx:hr>168</gpxtpx:hr>
      <gpxtpx:cad>86</gpxtpx:cad>
     </gpxtpx:TrackPointExtension>
    </extensions>
   </trkpt>
   <trkpt lat="46.7951410" lon="130.3131730">
    <ele>80.4</ele>
    <time>2025-09-07T00:41:47Z</time>
    <extensions>
     <power>413</power>
     <gpxtpx:TrackPointExtension>
      <gpxtpx:atemp>23</gpxtpx:atemp>
      <gpxtpx:hr>168</gpxtpx:hr>
      <gpxtpx:cad>86</gpxtpx:cad>
     </gpxtpx:TrackPointExtension>
    </extensions>
   </trkpt>
   <trkpt lat="46.7951340" lon="130.3131070">
    <ele>80.4</ele>
    <time>2025-09-07T00:41:48Z</time>
    <extensions>
     <power>412</power>
     <gpxtpx:TrackPointExtension>
      <gpxtpx:atemp>23</gpxtpx:atemp>
      <gpxtpx:hr>168</gpxtpx:hr>
      <gpxtpx:cad>86</gpxtpx:cad>
     </gpxtpx:TrackPointExtension>
    </extensions>
   </trkpt>
   <trkpt lat="46.7951340" lon="130.3130640">
    <ele>80.4</ele>
    <time>2025-09-07T00:41:49Z</time>
    <extensions>
     <power>414</power>
     <gpxtpx:TrackPointExtension>
      <gpxtpx:atemp>23</gpxtpx:atemp>
      <gpxtpx:hr>168</gpxtpx:hr>
      <gpxtpx:cad>86</gpxtpx:cad>
     </gpxtpx:TrackPointExtension>
    </extensions>
   </trkpt>
   <trkpt lat="46.7951330" lon="130.3130050">
    <ele>80.2</ele>
    <time>2025-09-07T00:41:50Z</time>
    <extensions>
     <power>414</power>
     <gpxtpx:TrackPointExtension>
      <gpxtpx:atemp>24</gpxtpx:atemp>
      <gpxtpx:hr>168</gpxtpx:hr>
      <gpxtpx:cad>86</gpxtpx:cad>
     </gpxtpx:TrackPointExtension>
    </extensions>
   </trkpt>
   <trkpt lat="46.7951280" lon="130.3129550">
    <ele>80.2</ele>
    <time>2025-09-07T00:41:51Z</time>
    <extensions>
     <power>413</power>
     <gpxtpx:TrackPointExtension>
      <gpxtpx:atemp>24</gpxtpx:atemp>
      <gpxtpx:hr>168</gpxtpx:hr>
      <gpxtpx:cad>86</gpxtpx:cad>
     </gpxtpx:TrackPointExtension>
    </extensions>
   </trkpt>
   <trkpt lat="46.7951240" lon="130.3129000">
    <ele>80.2</ele>
    <time>2025-09-07T00:41:52Z</time>
    <extensions>
     <power>411</power>
     <gpxtpx:TrackPointExtension>
      <gpxtpx:atemp>24</gpxtpx:atemp>
      <gpxtpx:hr>168</gpxtpx:hr>
      <gpxtpx:cad>86</gpxtpx:cad>
     </gpxtpx:TrackPointExtension>
    </extensions>
   </trkpt>
   <trkpt lat="46.7951230" lon="130.3128470">
    <ele>80.2</ele>
    <time>2025-09-07T00:41:53Z</time>
    <extensions>
     <power>411</power>
     <gpxtpx:TrackPointExtension>
      <gpxtpx:atemp>23</gpxtpx:atemp>
      <gpxtpx:hr>168</gpxtpx:hr>
      <gpxtpx:cad>85</gpxtpx:cad>
     </gpxtpx:TrackPointExtension>
    </extensions>
   </trkpt>
   <trkpt lat="46.7951240" lon="130.3128070">
    <ele>80.2</ele>
    <time>2025-09-07T00:41:54Z</time>
    <extensions>
     <power>411</power>
     <gpxtpx:TrackPointExtension>
      <gpxtpx:atemp>23</gpxtpx:atemp>
      <gpxtpx:hr>168</gpxtpx:hr>
      <gpxtpx:cad>85</gpxtpx:cad>
     </gpxtpx:TrackPointExtension>
    </extensions>
   </trkpt>
   <trkpt lat="46.7951240" lon="130.3127540">
    <ele>80.0</ele>
    <time>2025-09-07T00:41:55Z</time>
    <extensions>
     <power>411</power>
     <gpxtpx:TrackPointExtension>
      <gpxtpx:atemp>24</gpxtpx:atemp>
      <gpxtpx:hr>168</gpxtpx:hr>
      <gpxtpx:cad>84</gpxtpx:cad>
     </gpxtpx:TrackPointExtension>
    </extensions>
   </trkpt>
   <trkpt lat="46.7951180" lon="130.3127010">
    <ele>80.2</ele>
    <time>2025-09-07T00:41:56Z</time>
    <extensions>
     <power>413</power>
     <gpxtpx:TrackPointExtension>
      <gpxtpx:atemp>23</gpxtpx:atemp>
      <gpxtpx:hr>168</gpxtpx:hr>
      <gpxtpx:cad>84</gpxtpx:cad>
     </gpxtpx:TrackPointExtension>
    </extensions>
   </trkpt>
  </trkseg>
 </trk>
</gpx>
