<?xml version="1.0" encoding="UTF-8"?>
<gpx xmlns="http://www.topografix.com/GPX/1/1" xmlns:gpxtpx="http://www.garmin.com/xmlschemas/TrackPointExtension/v1" version="1.1" creator="Strava">
  <metadata><link href="https://www.strava.com/activities/18708356728"><text>Strava</text></link></metadata>
  <trk>
    <name>2026运满满10KM城市联赛（南京中华门站）</name>
    <trkseg>
      <trkpt lat="32.014149" lon="118.776486">
        <ele>34.2</ele>
        <time>2026-05-29T23:00:19Z</time>
        <extensions><gpxtpx:TrackPointExtension>
          <gpxtpx:hr>103</gpxtpx:hr>
        </gpxtpx:TrackPointExtension></extensions>
      </trkpt>
      <trkpt lat="32.014149" lon="118.776501">
        <ele>34.2</ele>
        <time>2026-05-29T23:00:20Z</time>
        <extensions><gpxtpx:TrackPointExtension>
          <gpxtpx:hr>93</gpxtpx:hr>
        </gpxtpx:TrackPointExtension></extensions>
      </trkpt>
      <trkpt lat="32.014071" lon="118.776673">
        <ele>34.0</ele>
        <time>2026-05-29T23:00:24Z</time>
        <extensions><gpxtpx:TrackPointExtension>
          <gpxtpx:hr>99</gpxtpx:hr>
        </gpxtpx:TrackPointExtension></extensions>
      </trkpt>
      <trkpt lat="32.014055" lon="118.776692">
        <ele>34.0</ele>
        <time>2026-05-29T23:00:25Z</time>
        <extensions><gpxtpx:TrackPointExtension>
          <gpxtpx:hr>99</gpxtpx:hr>
        </gpxtpx:TrackPointExtension></extensions>
      </trkpt>
      <trkpt lat="32.014028" lon="118.776727">
        <ele>33.8</ele>
        <time>2026-05-29T23:00:26Z</time>
        <extensions><gpxtpx:TrackPointExtension>
          <gpxtpx:hr>100</gpxtpx:hr>
        </gpxtpx:TrackPointExtension></extensions>
      </trkpt>
      <trkpt lat="32.014003" lon="118.776765">
        <ele>33.6</ele>
        <time>2026-05-29T23:00:27Z</time>
        <extensions><gpxtpx:TrackPointExtension>
          <gpxtpx:hr>102</gpxtpx:hr>
        </gpxtpx:TrackPointExtension></extensions>
      </trkpt>
      <trkpt lat="32.013993" lon="118.776812">
        <ele>33.4</ele>
        <time>2026-05-29T23:00:28Z</time>
        <extensions><gpxtpx:TrackPointExtension>
          <gpxtpx:hr>104</gpxtpx:hr>
        </gpxtpx:TrackPointExtension></extensions>
      </trkpt>
      <trkpt lat="32.013977" lon="118.776865">
        <ele>33.4</ele>
        <time>2026-05-29T23:00:29Z</time>
        <extensions><gpxtpx:TrackPointExtension>
          <gpxtpx:hr>106</gpxtpx:hr>
        </gpxtpx:TrackPointExtension></extensions>
      </trkpt>
      <trkpt lat="32.013966" lon="118.776909">
        <ele>33.2</ele>
        <time>2026-05-29T23:00:30Z</time>
        <extensions><gpxtpx:TrackPointExtension>
          <gpxtpx:hr>111</gpxtpx:hr>
        </gpxtpx:TrackPointExtension></extensions>
      </trkpt>
      <trkpt lat="32.013947" lon="118.776968">
        <ele>33.0</ele>
        <time>2026-05-29T23:00:31Z</time>
        <extensions><gpxtpx:TrackPointExtension>
          <gpxtpx:hr>113</gpxtpx:hr>
        </gpxtpx:TrackPointExtension></extensions>
      </trkpt>
      <trkpt lat="32.013934" lon="118.777016">
        <ele>33.0</ele>
        <time>2026-05-29T23:00:32Z</time>
        <extensions><gpxtpx:TrackPointExtension>
          <gpxtpx:hr>115</gpxtpx:hr>
        </gpxtpx:TrackPointExtension></extensions>
      </trkpt>
      <trkpt lat="32.013915" lon="118.777072">
        <ele>32.8</ele>
        <time>2026-05-29T23:00:33Z</time>
        <extensions><gpxtpx:TrackPointExtension>
          <gpxtpx:hr>117</gpxtpx:hr>
        </gpxtpx:TrackPointExtension></extensions>
      </trkpt>
      <trkpt lat="32.013899" lon="118.777117">
        <ele>32.8</ele>
        <time>2026-05-29T23:00:34Z</time>
        <extensions><gpxtpx:TrackPointExtension>
          <gpxtpx:hr>119</gpxtpx:hr>
        </gpxtpx:TrackPointExtension></extensions>
      </trkpt>
      <trkpt lat="32.013882" lon="118.777167">
        <ele>32.6</ele>
        <time>2026-05-29T23:00:35Z</time>
        <extensions><gpxtpx:TrackPointExtension>
          <gpxtpx:hr>120</gpxtpx:hr>
        </gpxtpx:TrackPointExtension></extensions>
      </trkpt>
      <trkpt lat="32.013867" lon="118.777212">
        <ele>32.6</ele>
        <time>2026-05-29T23:00:36Z</time>
        <extensions><gpxtpx:TrackPointExtension>
          <gpxtpx:hr>120</gpxtpx:hr>
        </gpxtpx:TrackPointExtension></extensions>
      </trkpt>
      <trkpt lat="32.013852" lon="118.777249">
        <ele>32.6</ele>
        <time>2026-05-29T23:00:37Z</time>
        <extensions><gpxtpx:TrackPointExtension>
          <gpxtpx:hr>120</gpxtpx:hr>
        </gpxtpx:TrackPointExtension></extensions>
      </trkpt>
      <trkpt lat="32.013829" lon="118.777303">
        <ele>32.4</ele>
        <time>2026-05-29T23:00:38Z</time>
        <extensions><gpxtpx:TrackPointExtension>
          <gpxtpx:hr>120</gpxtpx:hr>
        </gpxtpx:TrackPointExtension></extensions>
      </trkpt>
      <trkpt lat="32.013809" lon="118.777352">
        <ele>32.0</ele>
        <time>2026-05-29T23:00:39Z</time>
        <extensions><gpxtpx:TrackPointExtension>
          <gpxtpx:hr>121</gpxtpx:hr>
        </gpxtpx:TrackPointExtension></extensions>
      </trkpt>
      <trkpt lat="32.013781" lon="118.777403">
        <ele>31.8</ele>
        <time>2026-05-29T23:00:40Z</time>
        <extensions><gpxtpx:TrackPointExtension>
          <gpxtpx:hr>123</gpxtpx:hr>
        </gpxtpx:TrackPointExtension></extensions>
      </trkpt>
      <trkpt lat="32.013758" lon="118.777451">
        <ele>31.0</ele>
        <time>2026-05-29T23:00:41Z</time>
        <extensions><gpxtpx:TrackPointExtension>
          <gpxtpx:hr>125</gpxtpx:hr>
        </gpxtpx:TrackPointExtension></extensions>
      </trkpt>
      <trkpt lat="32.013741" lon="118.777511">
        <ele>30.4</ele>
        <time>2026-05-29T23:00:42Z</time>
        <extensions><gpxtpx:TrackPointExtension>
          <gpxtpx:hr>126</gpxtpx:hr>
        </gpxtpx:TrackPointExtension></extensions>
      </trkpt>
      <trkpt lat="32.013724" lon="118.777553">
        <ele>30.2</ele>
        <time>2026-05-29T23:00:43Z</time>
        <extensions><gpxtpx:TrackPointExtension>
          <gpxtpx:hr>128</gpxtpx:hr>
        </gpxtpx:TrackPointExtension></extensions>
      </trkpt>
      <trkpt lat="32.01371" lon="118.777607">
        <ele>30.0</ele>
        <time>2026-05-29T23:00:44Z</time>
        <extensions><gpxtpx:TrackPointExtension>
          <gpxtpx:hr>129</gpxtpx:hr>
        </gpxtpx:TrackPointExtension></extensions>
      </trkpt>
      <trkpt lat="32.013693" lon="118.77765">
        <ele>30.2</ele>
        <time>2026-05-29T23:00:45Z</time>
        <extensions><gpxtpx:TrackPointExtension>
          <gpxtpx:hr>131</gpxtpx:hr>
        </gpxtpx:TrackPointExtension></extensions>
      </trkpt>
      <trkpt lat="32.013679" lon="118.777701">
        <ele>30.4</ele>
        <time>2026-05-29T23:00:46Z</time>
        <extensions><gpxtpx:TrackPointExtension>
          <gpxtpx:hr>132</gpxtpx:hr>
        </gpxtpx:TrackPointExtension></extensions>
      </trkpt>
      <trkpt lat="32.013666" lon="118.777738">
        <ele>30.6</ele>
        <time>2026-05-29T23:00:47Z</time>
        <extensions><gpxtpx:TrackPointExtension>
          <gpxtpx:hr>134</gpxtpx:hr>
        </gpxtpx:TrackPointExtension></extensions>
      </trkpt>
      <trkpt lat="32.013652" lon="118.777787">
        <ele>30.4</ele>
        <time>2026-05-29T23:00:48Z</time>
        <extensions><gpxtpx:TrackPointExtension>
          <gpxtpx:hr>135</gpxtpx:hr>
        </gpxtpx:TrackPointExtension></extensions>
      </trkpt>
      <trkpt lat="32.013636" lon="118.777824">
        <ele>30.6</ele>
        <time>2026-05-29T23:00:49Z</time>
        <extensions><gpxtpx:TrackPointExtension>
          <gpxtpx:hr>136</gpxtpx:hr>
        </gpxtpx:TrackPointExtension></extensions>
      </trkpt>
      <trkpt lat="32.013623" lon="118.777871">
        <ele>30.4</ele>
        <time>2026-05-29T23:00:50Z</time>
        <extensions><gpxtpx:TrackPointExtension>
          <gpxtpx:hr>138</gpxtpx:hr>
        </gpxtpx:TrackPointExtension></extensions>
      </trkpt>
      <trkpt lat="32.013609" lon="118.777912">
        <ele>30.4</ele>
        <time>2026-05-29T23:00:51Z</time>
        <extensions><gpxtpx:TrackPointExtension>
          <gpxtpx:hr>139</gpxtpx:hr>
        </gpxtpx:TrackPointExtension></extensions>
      </trkpt>
      <trkpt lat="32.013595" lon="118.777956">
        <ele>30.4</ele>
        <time>2026-05-29T23:00:52Z</time>
        <extensions><gpxtpx:TrackPointExtension>
          <gpxtpx:hr>140</gpxtpx:hr>
        </gpxtpx:TrackPointExtension></extensions>
      </trkpt>
      <trkpt lat="32.013583" lon="118.777993">
        <ele>30.6</ele>
        <time>2026-05-29T23:00:53Z</time>
        <extensions><gpxtpx:TrackPointExtension>
          <gpxtpx:hr>141</gpxtpx:hr>
        </gpxtpx:TrackPointExtension></extensions>
      </trkpt>
      <trkpt lat="32.013569" lon="118.778042">
        <ele>30.4</ele>
        <time>2026-05-29T23:00:54Z</time>
        <extensions><gpxtpx:TrackPointExtension>
          <gpxtpx:hr>142</gpxtpx:hr>
        </gpxtpx:TrackPointExtension></extensions>
      </trkpt>
      <trkpt lat="32.013554" lon="118.778076">
        <ele>30.6</ele>
        <time>2026-05-29T23:00:55Z</time>
        <extensions><gpxtpx:TrackPointExtension>
          <gpxtpx:hr>144</gpxtpx:hr>
        </gpxtpx:TrackPointExtension></extensions>
      </trkpt>
      <trkpt lat="32.01354" lon="118.778124">
        <ele>30.6</ele>
        <time>2026-05-29T23:00:56Z</time>
        <extensions><gpxtpx:TrackPointExtension>
          <gpxtpx:hr>145</gpxtpx:hr>
        </gpxtpx:TrackPointExtension></extensions>
      </trkpt>
      <trkpt lat="32.013527" lon="118.778155">
        <ele>30.6</ele>
        <time>2026-05-29T23:00:57Z</time>
        <extensions><gpxtpx:TrackPointExtension>
          <gpxtpx:hr>146</gpxtpx:hr>
        </gpxtpx:TrackPointExtension></extensions>
      </trkpt>
      <trkpt lat="32.013513" lon="118.778205">
        <ele>30.6</ele>
        <time>2026-05-29T23:00:58Z</time>
        <extensions><gpxtpx:TrackPointExtension>
          <gpxtpx:hr>148</gpxtpx:hr>
        </gpxtpx:TrackPointExtension></extensions>
      </trkpt>
      <trkpt lat="32.013502" lon="118.77824">
        <ele>30.8</ele>
        <time>2026-05-29T23:00:59Z</time>
        <extensions><gpxtpx:TrackPointExtension>
          <gpxtpx:hr>148</gpxtpx:hr>
        </gpxtpx:TrackPointExtension></extensions>
      </trkpt>
      <trkpt lat="32.01349" lon="118.77829">
        <ele>30.6</ele>
        <time>2026-05-29T23:01:00Z</time>
        <extensions><gpxtpx:TrackPointExtension>
          <gpxtpx:hr>149</gpxtpx:hr>
        </gpxtpx:TrackPointExtension></extensions>
      </trkpt>
      <trkpt lat="32.013479" lon="118.778322">
        <ele>30.6</ele>
        <time>2026-05-29T23:01:01Z</time>
        <extensions><gpxtpx:TrackPointExtension>
          <gpxtpx:hr>150</gpxtpx:hr>
        </gpxtpx:TrackPointExtension></extensions>
      </trkpt>
      <trkpt lat="32.013473" lon="118.778373">
        <ele>30.6</ele>
        <time>2026-05-29T23:01:02Z</time>
        <extensions><gpxtpx:TrackPointExtension>
          <gpxtpx:hr>149</gpxtpx:hr>
        </gpxtpx:TrackPointExtension></extensions>
      </trkpt>
      <trkpt lat="32.013464" lon="118.778407">
        <ele>30.6</ele>
        <time>2026-05-29T23:01:03Z</time>
        <extensions><gpxtpx:TrackPointExtension>
          <gpxtpx:hr>150</gpxtpx:hr>
        </gpxtpx:TrackPointExtension></extensions>
      </trkpt>
      <trkpt lat="32.013453" lon="118.778458">
        <ele>30.6</ele>
        <time>2026-05-29T23:01:04Z</time>
        <extensions><gpxtpx:TrackPointExtension>
          <gpxtpx:hr>151</gpxtpx:hr>
        </gpxtpx:TrackPointExtension></extensions>
      </trkpt>
      <trkpt lat="32.013442" lon="118.778491">
        <ele>30.6</ele>
        <time>2026-05-29T23:01:05Z</time>
        <extensions><gpxtpx:TrackPointExtension>
          <gpxtpx:hr>152</gpxtpx:hr>
        </gpxtpx:TrackPointExtension></extensions>
      </trkpt>
      <trkpt lat="32.013424" lon="118.778539">
        <ele>30.6</ele>
        <time>2026-05-29T23:01:06Z</time>
        <extensions><gpxtpx:TrackPointExtension>
          <gpxtpx:hr>153</gpxtpx:hr>
        </gpxtpx:TrackPointExtension></extensions>
      </trkpt>
      <trkpt lat="32.013412" lon="118.778571">
        <ele>30.6</ele>
        <time>2026-05-29T23:01:07Z</time>
        <extensions><gpxtpx:TrackPointExtension>
          <gpxtpx:hr>150</gpxtpx:hr>
        </gpxtpx:TrackPointExtension></extensions>
      </trkpt>
      <trkpt lat="32.013399" lon="118.778621">
        <ele>30.6</ele>
        <time>2026-05-29T23:01:08Z</time>
        <extensions><gpxtpx:TrackPointExtension>
          <gpxtpx:hr>153</gpxtpx:hr>
        </gpxtpx:TrackPointExtension></extensions>
      </trkpt>
      <trkpt lat="32.013385" lon="118.778656">
        <ele>30.8</ele>
        <time>2026-05-29T23:01:09Z</time>
        <extensions><gpxtpx:TrackPointExtension>
          <gpxtpx:hr>152</gpxtpx:hr>
        </gpxtpx:TrackPointExtension></extensions>
      </trkpt>
      <trkpt lat="32.013374" lon="118.778705">
        <ele>30.8</ele>
        <time>2026-05-29T23:01:10Z</time>
        <extensions><gpxtpx:TrackPointExtension>
          <gpxtpx:hr>152</gpxtpx:hr>
        </gpxtpx:TrackPointExtension></extensions>
      </trkpt>
      <trkpt lat="32.013366" lon="118.778738">
        <ele>30.8</ele>
        <time>2026-05-29T23:01:11Z</time>
        <extensions><gpxtpx:TrackPointExtension>
          <gpxtpx:hr>152</gpxtpx:hr>
        </gpxtpx:TrackPointExtension></extensions>
      </trkpt>
      <trkpt lat="32.01336" lon="118.778785">
        <ele>30.8</ele>
        <time>2026-05-29T23:01:12Z</time>
        <extensions><gpxtpx:TrackPointExtension>
          <gpxtpx:hr>151</gpxtpx:hr>
        </gpxtpx:TrackPointExtension></extensions>
      </trkpt>
      <trkpt lat="32.013351" lon="118.778818">
        <ele>30.8</ele>
        <time>2026-05-29T23:01:13Z</time>
        <extensions><gpxtpx:TrackPointExtension>
          <gpxtpx:hr>151</gpxtpx:hr>
        </gpxtpx:TrackPointExtension></extensions>
      </trkpt>
      <trkpt lat="32.013343" lon="118.778865">
        <ele>30.6</ele>
        <time>2026-05-29T23:01:14Z</time>
        <extensions><gpxtpx:TrackPointExtension>
          <gpxtpx:hr>153</gpxtpx:hr>
        </gpxtpx:TrackPointExtension></extensions>
      </trkpt>
      <trkpt lat="32.013331" lon="118.778899">
        <ele>30.6</ele>
        <time>2026-05-29T23:01:15Z</time>
        <extensions><gpxtpx:TrackPointExtension>
          <gpxtpx:hr>153</gpxtpx:hr>
        </gpxtpx:TrackPointExtension></extensions>
      </trkpt>
      <trkpt lat="32.013321" lon="118.778949">
        <ele>30.6</ele>
        <time>2026-05-29T23:01:16Z</time>
        <extensions><gpxtpx:TrackPointExtension>
          <gpxtpx:hr>152</gpxtpx:hr>
        </gpxtpx:TrackPointExtension></extensions>
      </trkpt>
      <trkpt lat="32.013307" lon="118.778984">
        <ele>30.6</ele>
        <time>2026-05-29T23:01:17Z</time>
        <extensions><gpxtpx:TrackPointExtension>
          <gpxtpx:hr>152</gpxtpx:hr>
        </gpxtpx:TrackPointExtension></extensions>
      </trkpt>
      <trkpt lat="32.013295" lon="118.77903">
        <ele>30.6</ele>
        <time>2026-05-29T23:01:18Z</time>
        <extensions><gpxtpx:TrackPointExtension>
          <gpxtpx:hr>154</gpxtpx:hr>
        </gpxtpx:TrackPointExtension></extensions>
      </trkpt>
      <trkpt lat="32.013284" lon="118.779065">
        <ele>30.4</ele>
        <time>2026-05-29T23:01:19Z</time>
        <extensions><gpxtpx:TrackPointExtension>
          <gpxtpx:hr>154</gpxtpx:hr>
        </gpxtpx:TrackPointExtension></extensions>
      </trkpt>
      <trkpt lat="32.013272" lon="118.779111">
        <ele>30.4</ele>
        <time>2026-05-29T23:01:20Z</time>
        <extensions><gpxtpx:TrackPointExtension>
          <gpxtpx:hr>155</gpxtpx:hr>
        </gpxtpx:TrackPointExtension></extensions>
      </trkpt>
      <trkpt lat="32.013258" lon="118.779145">
        <ele>30.4</ele>
        <time>2026-05-29T23:01:21Z</time>
        <extensions><gpxtpx:TrackPointExtension>
          <gpxtpx:hr>155</gpxtpx:hr>
        </gpxtpx:TrackPointExtension></extensions>
      </trkpt>
      <trkpt lat="32.013245" lon="118.779195">
        <ele>30.4</ele>
        <time>2026-05-29T23:01:22Z</time>
        <extensions><gpxtpx:TrackPointExtension>
          <gpxtpx:hr>155</gpxtpx:hr>
        </gpxtpx:TrackPointExtension></extensions>
      </trkpt>
      <trkpt lat="32.013233" lon="118.779226">
        <ele>30.4</ele>
        <time>2026-05-29T23:01:23Z</time>
        <extensions><gpxtpx:TrackPointExtension>
          <gpxtpx:hr>155</gpxtpx:hr>
        </gpxtpx:TrackPointExtension></extensions>
      </trkpt>
      <trkpt lat="32.013221" lon="118.779275">
        <ele>30.4</ele>
        <time>2026-05-29T23:01:24Z</time>
        <extensions><gpxtpx:TrackPointExtension>
          <gpxtpx:hr>155</gpxtpx:hr>
        </gpxtpx:TrackPointExtension></extensions>
      </trkpt>
      <trkpt lat="32.013209" lon="118.779308">
        <ele>30.4</ele>
        <time>2026-05-29T23:01:25Z</time>
        <extensions><gpxtpx:TrackPointExtension>
          <gpxtpx:hr>156</gpxtpx:hr>
        </gpxtpx:TrackPointExtension></extensions>
      </trkpt>
      <trkpt lat="32.0132" lon="118.779354">
        <ele>30.4</ele>
        <time>2026-05-29T23:01:26Z</time>
        <extensions><gpxtpx:TrackPointExtension>
          <gpxtpx:hr>156</gpxtpx:hr>
        </gpxtpx:TrackPointExtension></extensions>
      </trkpt>
      <trkpt lat="32.013186" lon="118.779389">
        <ele>30.4</ele>
        <time>2026-05-29T23:01:27Z</time>
        <extensions><gpxtpx:TrackPointExtension>
          <gpxtpx:hr>156</gpxtpx:hr>
        </gpxtpx:TrackPointExtension></extensions>
      </trkpt>
      <trkpt lat="32.013175" lon="118.779438">
        <ele>30.6</ele>
        <time>2026-05-29T23:01:28Z</time>
        <extensions><gpxtpx:TrackPointExtension>
          <gpxtpx:hr>155</gpxtpx:hr>
        </gpxtpx:TrackPointExtension></extensions>
      </trkpt>
      <trkpt lat="32.013162" lon="118.779475">
        <ele>30.6</ele>
        <time>2026-05-29T23:01:29Z</time>
        <extensions><gpxtpx:TrackPointExtension>
          <gpxtpx:hr>156</gpxtpx:hr>
        </gpxtpx:TrackPointExtension></extensions>
      </trkpt>
      <trkpt lat="32.013151" lon="118.779517">
        <ele>30.6</ele>
        <time>2026-05-29T23:01:30Z</time>
        <extensions><gpxtpx:TrackPointExtension>
          <gpxtpx:hr>156</gpxtpx:hr>
        </gpxtpx:TrackPointExtension></extensions>
      </trkpt>
      <trkpt lat="32.013142" lon="118.779551">
        <ele>30.8</ele>
        <time>2026-05-29T23:01:31Z</time>
        <extensions><gpxtpx:TrackPointExtension>
          <gpxtpx:hr>157</gpxtpx:hr>
        </gpxtpx:TrackPointExtension></extensions>
      </trkpt>
      <trkpt lat="32.013135" lon="118.779597">
        <ele>30.8</ele>
        <time>2026-05-29T23:01:32Z</time>
        <extensions><gpxtpx:TrackPointExtension>
          <gpxtpx:hr>156</gpxtpx:hr>
        </gpxtpx:TrackPointExtension></extensions>
      </trkpt>
      <trkpt lat="32.013127" lon="118.779629">
        <ele>31.0</ele>
        <time>2026-05-29T23:01:33Z</time>
        <extensions><gpxtpx:TrackPointExtension>
          <gpxtpx:hr>159</gpxtpx:hr>
        </gpxtpx:TrackPointExtension></extensions>
      </trkpt>
      <trkpt lat="32.013117" lon="118.779676">
        <ele>31.0</ele>
        <time>2026-05-29T23:01:34Z</time>
        <extensions><gpxtpx:TrackPointExtension>
          <gpxtpx:hr>159</gpxtpx:hr>
        </gpxtpx:TrackPointExtension></extensions>
      </trkpt>
      <trkpt lat="32.013109" lon="118.779713">
        <ele>31.0</ele>
        <time>2026-05-29T23:01:35Z</time>
        <extensions><gpxtpx:TrackPointExtension>
          <gpxtpx:hr>158</gpxtpx:hr>
        </gpxtpx:TrackPointExtension></extensions>
      </trkpt>
      <trkpt lat="32.013097" lon="118.779761">
        <ele>31.0</ele>
        <time>2026-05-29T23:01:36Z</time>
        <extensions><gpxtpx:TrackPointExtension>
          <gpxtpx:hr>159</gpxtpx:hr>
        </gpxtpx:TrackPointExtension></extensions>
      </trkpt>
      <trkpt lat="32.013085" lon="118.779794">
        <ele>31.0</ele>
        <time>2026-05-29T23:01:37Z</time>
        <extensions><gpxtpx:TrackPointExtension>
          <gpxtpx:hr>158</gpxtpx:hr>
        </gpxtpx:TrackPointExtension></extensions>
      </trkpt>
      <trkpt lat="32.013077" lon="118.779841">
        <ele>31.0</ele>
        <time>2026-05-29T23:01:38Z</time>
        <extensions><gpxtpx:TrackPointExtension>
          <gpxtpx:hr>160</gpxtpx:hr>
        </gpxtpx:TrackPointExtension></extensions>
      </trkpt>
      <trkpt lat="32.013066" lon="118.779878">
        <ele>31.0</ele>
        <time>2026-05-29T23:01:39Z</time>
        <extensions><gpxtpx:TrackPointExtension>
          <gpxtpx:hr>160</gpxtpx:hr>
        </gpxtpx:TrackPointExtension></extensions>
      </trkpt>
      <trkpt lat="32.013056" lon="118.779924">
        <ele>31.0</ele>
        <time>2026-05-29T23:01:40Z</time>
        <extensions><gpxtpx:TrackPointExtension>
          <gpxtpx:hr>159</gpxtpx:hr>
        </gpxtpx:TrackPointExtension></extensions>
      </trkpt>
      <trkpt lat="32.013043" lon="118.779955">
        <ele>31.0</ele>
        <time>2026-05-29T23:01:41Z</time>
        <extensions><gpxtpx:TrackPointExtension>
          <gpxtpx:hr>161</gpxtpx:hr>
        </gpxtpx:TrackPointExtension></extensions>
      </trkpt>
      <trkpt lat="32.013034" lon="118.78">
        <ele>31.0</ele>
        <time>2026-05-29T23:01:42Z</time>
        <extensions><gpxtpx:TrackPointExtension>
          <gpxtpx:hr>160</gpxtpx:hr>
        </gpxtpx:TrackPointExtension></extensions>
      </trkpt>
      <trkpt lat="32.013022" lon="118.780033">
        <ele>31.0</ele>
        <time>2026-05-29T23:01:43Z</time>
        <extensions><gpxtpx:TrackPointExtension>
          <gpxtpx:hr>159</gpxtpx:hr>
        </gpxtpx:TrackPointExtension></extensions>
      </trkpt>
      <trkpt lat="32.013011" lon="118.780077">
        <ele>31.0</ele>
        <time>2026-05-29T23:01:44Z</time>
        <extensions><gpxtpx:TrackPointExtension>
          <gpxtpx:hr>161</gpxtpx:hr>
        </gpxtpx:TrackPointExtension></extensions>
      </trkpt>
      <trkpt lat="32.012997" lon="118.780111">
        <ele>31.0</ele>
        <time>2026-05-29T23:01:45Z</time>
        <extensions><gpxtpx:TrackPointExtension>
          <gpxtpx:hr>161</gpxtpx:hr>
        </gpxtpx:TrackPointExtension></extensions>
      </trkpt>
      <trkpt lat="32.012987" lon="118.780156">
        <ele>31.0</ele>
        <time>2026-05-29T23:01:46Z</time>
        <extensions><gpxtpx:TrackPointExtension>
          <gpxtpx:hr>159</gpxtpx:hr>
        </gpxtpx:TrackPointExtension></extensions>
      </trkpt>
      <trkpt lat="32.012977" lon="118.780188">
        <ele>31.0</ele>
        <time>2026-05-29T23:01:47Z</time>
        <extensions><gpxtpx:TrackPointExtension>
          <gpxtpx:hr>159</gpxtpx:hr>
        </gpxtpx:TrackPointExtension></extensions>
      </trkpt>
      <trkpt lat="32.012968" lon="118.780235">
        <ele>31.0</ele>
        <time>2026-05-29T23:01:48Z</time>
        <extensions><gpxtpx:TrackPointExtension>
          <gpxtpx:hr>159</gpxtpx:hr>
        </gpxtpx:TrackPointExtension></extensions>
      </trkpt>
      <trkpt lat="32.012955" lon="118.780267">
        <ele>31.0</ele>
        <time>2026-05-29T23:01:49Z</time>
        <extensions><gpxtpx:TrackPointExtension>
          <gpxtpx:hr>159</gpxtpx:hr>
        </gpxtpx:TrackPointExtension></extensions>
      </trkpt>
      <trkpt lat="32.012946" lon="118.780314">
        <ele>31.0</ele>
        <time>2026-05-29T23:01:50Z</time>
        <extensions><gpxtpx:TrackPointExtension>
          <gpxtpx:hr>160</gpxtpx:hr>
        </gpxtpx:TrackPointExtension></extensions>
      </trkpt>
      <trkpt lat="32.012937" lon="118.780346">
        <ele>31.0</ele>
        <time>2026-05-29T23:01:51Z</time>
        <extensions><gpxtpx:TrackPointExtension>
          <gpxtpx:hr>159</gpxtpx:hr>
        </gpxtpx:TrackPointExtension></extensions>
      </trkpt>
      <trkpt lat="32.012925" lon="118.780393">
        <ele>31.0</ele>
        <time>2026-05-29T23:01:52Z</time>
        <extensions><gpxtpx:TrackPointExtension>
          <gpxtpx:hr>159</gpxtpx:hr>
        </gpxtpx:TrackPointExtension></extensions>
      </trkpt>
      <trkpt lat="32.012915" lon="118.780427">
        <ele>31.2</ele>
        <time>2026-05-29T23:01:53Z</time>
        <extensions><gpxtpx:TrackPointExtension>
          <gpxtpx:hr>159</gpxtpx:hr>
        </gpxtpx:TrackPointExtension></extensions>
      </trkpt>
      <trkpt lat="32.012904" lon="118.780474">
        <ele>31.2</ele>
        <time>2026-05-29T23:01:54Z</time>
        <extensions><gpxtpx:TrackPointExtension>
          <gpxtpx:hr>158</gpxtpx:hr>
        </gpxtpx:TrackPointExtension></extensions>
      </trkpt>
      <trkpt lat="32.012896" lon="118.780505">
        <ele>31.2</ele>
        <time>2026-05-29T23:01:55Z</time>
        <extensions><gpxtpx:TrackPointExtension>
          <gpxtpx:hr>159</gpxtpx:hr>
        </gpxtpx:TrackPointExtension></extensions>
      </trkpt>
      <trkpt lat="32.012887" lon="118.78055">
        <ele>31.2</ele>
        <time>2026-05-29T23:01:56Z</time>
        <extensions><gpxtpx:TrackPointExtension>
          <gpxtpx:hr>160</gpxtpx:hr>
        </gpxtpx:TrackPointExtension></extensions>
      </trkpt>
      <trkpt lat="32.012879" lon="118.780577">
        <ele>31.2</ele>
        <time>2026-05-29T23:01:57Z</time>
        <extensions><gpxtpx:TrackPointExtension>
          <gpxtpx:hr>160</gpxtpx:hr>
        </gpxtpx:TrackPointExtension></extensions>
      </trkpt>
      <trkpt lat="32.01287" lon="118.780621">
        <ele>31.2</ele>
        <time>2026-05-29T23:01:58Z</time>
        <extensions><gpxtpx:TrackPointExtension>
          <gpxtpx:hr>159</gpxtpx:hr>
        </gpxtpx:TrackPointExtension></extensions>
      </trkpt>
      <trkpt lat="32.012857" lon="118.780649">
        <ele>31.4</ele>
        <time>2026-05-29T23:01:59Z</time>
        <extensions><gpxtpx:TrackPointExtension>
          <gpxtpx:hr>162</gpxtpx:hr>
        </gpxtpx:TrackPointExtension></extensions>
      </trkpt>
      <trkpt lat="32.012848" lon="118.780695">
        <ele>31.4</ele>
        <time>2026-05-29T23:02:00Z</time>
        <extensions><gpxtpx:TrackPointExtension>
          <gpxtpx:hr>161</gpxtpx:hr>
        </gpxtpx:TrackPointExtension></extensions>
      </trkpt>
      <trkpt lat="32.012838" lon="118.780726">
        <ele>31.4</ele>
        <time>2026-05-29T23:02:01Z</time>
        <extensions><gpxtpx:TrackPointExtension>
          <gpxtpx:hr>159</gpxtpx:hr>
        </gpxtpx:TrackPointExtension></extensions>
      </trkpt>
      <trkpt lat="32.012828" lon="118.780771">
        <ele>31.4</ele>
        <time>2026-05-29T23:02:02Z</time>
        <extensions><gpxtpx:TrackPointExtension>
          <gpxtpx:hr>161</gpxtpx:hr>
        </gpxtpx:TrackPointExtension></extensions>
      </trkpt>
      <trkpt lat="32.012817" lon="118.780799">
        <ele>31.4</ele>
        <time>2026-05-29T23:02:03Z</time>
        <extensions><gpxtpx:TrackPointExtension>
          <gpxtpx:hr>160</gpxtpx:hr>
        </gpxtpx:TrackPointExtension></extensions>
      </trkpt>
      <trkpt lat="32.012805" lon="118.780841">
        <ele>31.2</ele>
        <time>2026-05-29T23:02:04Z</time>
        <extensions><gpxtpx:TrackPointExtension>
          <gpxtpx:hr>160</gpxtpx:hr>
        </gpxtpx:TrackPointExtension></extensions>
      </trkpt>
      <trkpt lat="32.012795" lon="118.78087">
        <ele>31.2</ele>
        <time>2026-05-29T23:02:05Z</time>
        <extensions><gpxtpx:TrackPointExtension>
          <gpxtpx:hr>161</gpxtpx:hr>
        </gpxtpx:TrackPointExtension></extensions>
      </trkpt>
      <trkpt lat="32.012788" lon="118.780916">
        <ele>31.4</ele>
        <time>2026-05-29T23:02:06Z</time>
        <extensions><gpxtpx:TrackPointExtension>
          <gpxtpx:hr>161</gpxtpx:hr>
        </gpxtpx:TrackPointExtension></extensions>
      </trkpt>
      <trkpt lat="32.012779" lon="118.780945">
        <ele>31.4</ele>
        <time>2026-05-29T23:02:07Z</time>
        <extensions><gpxtpx:TrackPointExtension>
          <gpxtpx:hr>161</gpxtpx:hr>
        </gpxtpx:TrackPointExtension></extensions>
      </trkpt>
      <trkpt lat="32.012769" lon="118.78099">
        <ele>31.4</ele>
        <time>2026-05-29T23:02:08Z</time>
        <extensions><gpxtpx:TrackPointExtension>
          <gpxtpx:hr>161</gpxtpx:hr>
        </gpxtpx:TrackPointExtension></extensions>
      </trkpt>
      <trkpt lat="32.012759" lon="118.781021">
        <ele>31.6</ele>
        <time>2026-05-29T23:02:09Z</time>
        <extensions><gpxtpx:TrackPointExtension>
          <gpxtpx:hr>161</gpxtpx:hr>
        </gpxtpx:TrackPointExtension></extensions>
      </trkpt>
      <trkpt lat="32.012755" lon="118.781063">
        <ele>31.8</ele>
        <time>2026-05-29T23:02:10Z</time>
        <extensions><gpxtpx:TrackPointExtension>
          <gpxtpx:hr>159</gpxtpx:hr>
        </gpxtpx:TrackPointExtension></extensions>
      </trkpt>
      <trkpt lat="32.012745" lon="118.781092">
        <ele>31.8</ele>
        <time>2026-05-29T23:02:11Z</time>
        <extensions><gpxtpx:TrackPointExtension>
          <gpxtpx:hr>161</gpxtpx:hr>
        </gpxtpx:TrackPointExtension></extensions>
      </trkpt>
      <trkpt lat="32.012734" lon="118.781138">
        <ele>31.8</ele>
        <time>2026-05-29T23:02:12Z</time>
        <extensions><gpxtpx:TrackPointExtension>
          <gpxtpx:hr>163</gpxtpx:hr>
        </gpxtpx:TrackPointExtension></extensions>
      </trkpt>
      <trkpt lat="32.01272" lon="118.781166">
        <ele>31.8</ele>
        <time>2026-05-29T23:02:13Z</time>
        <extensions><gpxtpx:TrackPointExtension>
          <gpxtpx:hr>161</gpxtpx:hr>
        </gpxtpx:TrackPointExtension></extensions>
      </trkpt>
      <trkpt lat="32.012706" lon="118.781209">
        <ele>31.8</ele>
        <time>2026-05-29T23:02:14Z</time>
        <extensions><gpxtpx:TrackPointExtension>
          <gpxtpx:hr>163</gpxtpx:hr>
        </gpxtpx:TrackPointExtension></extensions>
      </trkpt>
      <trkpt lat="32.012692" lon="118.781245">
        <ele>31.8</ele>
        <time>2026-05-29T23:02:15Z</time>
        <extensions><gpxtpx:TrackPointExtension>
          <gpxtpx:hr>162</gpxtpx:hr>
        </gpxtpx:TrackPointExtension></extensions>
      </trkpt>
      <trkpt lat="32.012678" lon="118.781281">
        <ele>31.6</ele>
        <time>2026-05-29T23:02:16Z</time>
        <extensions><gpxtpx:TrackPointExtension>
          <gpxtpx:hr>163</gpxtpx:hr>
        </gpxtpx:TrackPointExtension></extensions>
      </trkpt>
      <trkpt lat="32.012668" lon="118.781321">
        <ele>31.6</ele>
        <time>2026-05-29T23:02:17Z</time>
        <extensions><gpxtpx:TrackPointExtension>
          <gpxtpx:hr>164</gpxtpx:hr>
        </gpxtpx:TrackPointExtension></extensions>
      </trkpt>
      <trkpt lat="32.012653" lon="118.781355">
        <ele>31.8</ele>
        <time>2026-05-29T23:02:18Z</time>
        <extensions><gpxtpx:TrackPointExtension>
          <gpxtpx:hr>162</gpxtpx:hr>
        </gpxtpx:TrackPointExtension></extensions>
      </trkpt>
      <trkpt lat="32.012642" lon="118.781398">
        <ele>31.8</ele>
        <time>2026-05-29T23:02:19Z</time>
        <extensions><gpxtpx:TrackPointExtension>
          <gpxtpx:hr>161</gpxtpx:hr>
        </gpxtpx:TrackPointExtension></extensions>
      </trkpt>
      <trkpt lat="32.01263" lon="118.78143">
        <ele>31.8</ele>
        <time>2026-05-29T23:02:20Z</time>
        <extensions><gpxtpx:TrackPointExtension>
          <gpxtpx:hr>161</gpxtpx:hr>
        </gpxtpx:TrackPointExtension></extensions>
      </trkpt>
      <trkpt lat="32.012621" lon="118.781475">
        <ele>31.8</ele>
        <time>2026-05-29T23:02:21Z</time>
        <extensions><gpxtpx:TrackPointExtension>
          <gpxtpx:hr>162</gpxtpx:hr>
        </gpxtpx:TrackPointExtension></extensions>
      </trkpt>
      <trkpt lat="32.012612" lon="118.781503">
        <ele>31.8</ele>
        <time>2026-05-29T23:02:22Z</time>
        <extensions><gpxtpx:TrackPointExtension>
          <gpxtpx:hr>162</gpxtpx:hr>
        </gpxtpx:TrackPointExtension></extensions>
      </trkpt>
      <trkpt lat="32.012603" lon="118.781543">
        <ele>31.8</ele>
        <time>2026-05-29T23:02:23Z</time>
        <extensions><gpxtpx:TrackPointExtension>
          <gpxtpx:hr>162</gpxtpx:hr>
        </gpxtpx:TrackPointExtension></extensions>
      </trkpt>
      <trkpt lat="32.012592" lon="118.781572">
        <ele>31.8</ele>
        <time>2026-05-29T23:02:24Z</time>
        <extensions><gpxtpx:TrackPointExtension>
          <gpxtpx:hr>161</gpxtpx:hr>
        </gpxtpx:TrackPointExtension></extensions>
      </trkpt>
      <trkpt lat="32.012586" lon="118.781613">
        <ele>31.8</ele>
        <time>2026-05-29T23:02:25Z</time>
        <extensions><gpxtpx:TrackPointExtension>
          <gpxtpx:hr>163</gpxtpx:hr>
        </gpxtpx:TrackPointExtension></extensions>
      </trkpt>
      <trkpt lat="32.012574" lon="118.781643">
        <ele>32.0</ele>
        <time>2026-05-29T23:02:26Z</time>
        <extensions><gpxtpx:TrackPointExtension>
          <gpxtpx:hr>162</gpxtpx:hr>
        </gpxtpx:TrackPointExtension></extensions>
      </trkpt>
      <trkpt lat="32.012567" lon="118.781684">
        <ele>31.8</ele>
        <time>2026-05-29T23:02:27Z</time>
        <extensions><gpxtpx:TrackPointExtension>
          <gpxtpx:hr>162</gpxtpx:hr>
        </gpxtpx:TrackPointExtension></extensions>
      </trkpt>
      <trkpt lat="32.012559" lon="118.781715">
        <ele>31.8</ele>
        <time>2026-05-29T23:02:28Z</time>
        <extensions><gpxtpx:TrackPointExtension>
          <gpxtpx:hr>162</gpxtpx:hr>
        </gpxtpx:TrackPointExtension></extensions>
      </trkpt>
      <trkpt lat="32.012552" lon="118.781759">
        <ele>31.8</ele>
        <time>2026-05-29T23:02:29Z</time>
        <extensions><gpxtpx:TrackPointExtension>
          <gpxtpx:hr>162</gpxtpx:hr>
        </gpxtpx:TrackPointExtension></extensions>
      </trkpt>
      <trkpt lat="32.012541" lon="118.781786">
        <ele>31.8</ele>
        <time>2026-05-29T23:02:30Z</time>
        <extensions><gpxtpx:TrackPointExtension>
          <gpxtpx:hr>162</gpxtpx:hr>
        </gpxtpx:TrackPointExtension></extensions>
      </trkpt>
      <trkpt lat="32.012532" lon="118.781831">
        <ele>31.8</ele>
        <time>2026-05-29T23:02:31Z</time>
        <extensions><gpxtpx:TrackPointExtension>
          <gpxtpx:hr>162</gpxtpx:hr>
        </gpxtpx:TrackPointExtension></extensions>
      </trkpt>
      <trkpt lat="32.012521" lon="118.78186">
        <ele>31.8</ele>
        <time>2026-05-29T23:02:32Z</time>
        <extensions><gpxtpx:TrackPointExtension>
          <gpxtpx:hr>162</gpxtpx:hr>
        </gpxtpx:TrackPointExtension></extensions>
      </trkpt>
      <trkpt lat="32.012515" lon="118.781898">
        <ele>32.0</ele>
        <time>2026-05-29T23:02:33Z</time>
        <extensions><gpxtpx:TrackPointExtension>
          <gpxtpx:hr>161</gpxtpx:hr>
        </gpxtpx:TrackPointExtension></extensions>
      </trkpt>
      <trkpt lat="32.012504" lon="118.781924">
        <ele>32.0</ele>
        <time>2026-05-29T23:02:34Z</time>
        <extensions><gpxtpx:TrackPointExtension>
          <gpxtpx:hr>162</gpxtpx:hr>
        </gpxtpx:TrackPointExtension></extensions>
      </trkpt>
      <trkpt lat="32.012495" lon="118.781967">
        <ele>32.0</ele>
        <time>2026-05-29T23:02:35Z</time>
        <extensions><gpxtpx:TrackPointExtension>
          <gpxtpx:hr>162</gpxtpx:hr>
        </gpxtpx:TrackPointExtension></extensions>
      </trkpt>
      <trkpt lat="32.012486" lon="118.781995">
        <ele>32.0</ele>
        <time>2026-05-29T23:02:36Z</time>
        <extensions><gpxtpx:TrackPointExtension>
          <gpxtpx:hr>163</gpxtpx:hr>
        </gpxtpx:TrackPointExtension></extensions>
      </trkpt>
      <trkpt lat="32.012478" lon="118.782039">
        <ele>32.0</ele>
        <time>2026-05-29T23:02:37Z</time>
        <extensions><gpxtpx:TrackPointExtension>
          <gpxtpx:hr>161</gpxtpx:hr>
        </gpxtpx:TrackPointExtension></extensions>
      </trkpt>
      <trkpt lat="32.012469" lon="118.782067">
        <ele>32.0</ele>
        <time>2026-05-29T23:02:38Z</time>
        <extensions><gpxtpx:TrackPointExtension>
          <gpxtpx:hr>162</gpxtpx:hr>
        </gpxtpx:TrackPointExtension></extensions>
      </trkpt>
      <trkpt lat="32.012455" lon="118.782108">
        <ele>31.8</ele>
        <time>2026-05-29T23:02:39Z</time>
        <extensions><gpxtpx:TrackPointExtension>
          <gpxtpx:hr>163</gpxtpx:hr>
        </gpxtpx:TrackPointExtension></extensions>
      </trkpt>
      <trkpt lat="32.012441" lon="118.782141">
        <ele>31.8</ele>
        <time>2026-05-29T23:02:40Z</time>
        <extensions><gpxtpx:TrackPointExtension>
          <gpxtpx:hr>162</gpxtpx:hr>
        </gpxtpx:TrackPointExtension></extensions>
      </trkpt>
      <trkpt lat="32.012427" lon="118.782175">
        <ele>31.8</ele>
        <time>2026-05-29T23:02:41Z</time>
        <extensions><gpxtpx:TrackPointExtension>
          <gpxtpx:hr>161</gpxtpx:hr>
        </gpxtpx:TrackPointExtension></extensions>
      </trkpt>
      <trkpt lat="32.012415" lon="118.782212">
        <ele>31.8</ele>
        <time>2026-05-29T23:02:42Z</time>
        <extensions><gpxtpx:TrackPointExtension>
          <gpxtpx:hr>162</gpxtpx:hr>
        </gpxtpx:TrackPointExtension></extensions>
      </trkpt>
      <trkpt lat="32.012403" lon="118.782245">
        <ele>31.8</ele>
        <time>2026-05-29T23:02:43Z</time>
        <extensions><gpxtpx:TrackPointExtension>
          <gpxtpx:hr>163</gpxtpx:hr>
        </gpxtpx:TrackPointExtension></extensions>
      </trkpt>
      <trkpt lat="32.012392" lon="118.782284">
        <ele>31.8</ele>
        <time>2026-05-29T23:02:44Z</time>
        <extensions><gpxtpx:TrackPointExtension>
          <gpxtpx:hr>162</gpxtpx:hr>
        </gpxtpx:TrackPointExtension></extensions>
      </trkpt>
      <trkpt lat="32.012378" lon="118.782315">
        <ele>31.6</ele>
        <time>2026-05-29T23:02:45Z</time>
        <extensions><gpxtpx:TrackPointExtension>
          <gpxtpx:hr>162</gpxtpx:hr>
        </gpxtpx:TrackPointExtension></extensions>
      </trkpt>
      <trkpt lat="32.012371" lon="118.782358">
        <ele>31.8</ele>
        <time>2026-05-29T23:02:46Z</time>
        <extensions><gpxtpx:TrackPointExtension>
          <gpxtpx:hr>161</gpxtpx:hr>
        </gpxtpx:TrackPointExtension></extensions>
      </trkpt>
      <trkpt lat="32.012362" lon="118.782389">
        <ele>31.8</ele>
        <time>2026-05-29T23:02:47Z</time>
        <extensions><gpxtpx:TrackPointExtension>
          <gpxtpx:hr>161</gpxtpx:hr>
        </gpxtpx:TrackPointExtension></extensions>
      </trkpt>
      <trkpt lat="32.012351" lon="118.782429">
        <ele>31.8</ele>
        <time>2026-05-29T23:02:48Z</time>
        <extensions><gpxtpx:TrackPointExtension>
          <gpxtpx:hr>165</gpxtpx:hr>
        </gpxtpx:TrackPointExtension></extensions>
      </trkpt>
      <trkpt lat="32.012338" lon="118.78246">
        <ele>31.8</ele>
        <time>2026-05-29T23:02:49Z</time>
        <extensions><gpxtpx:TrackPointExtension>
          <gpxtpx:hr>163</gpxtpx:hr>
        </gpxtpx:TrackPointExtension></extensions>
      </trkpt>
      <trkpt lat="32.012327" lon="118.7825">
        <ele>32.0</ele>
        <time>2026-05-29T23:02:50Z</time>
        <extensions><gpxtpx:TrackPointExtension>
          <gpxtpx:hr>165</gpxtpx:hr>
        </gpxtpx:TrackPointExtension></extensions>
      </trkpt>
      <trkpt lat="32.012316" lon="118.782528">
        <ele>32.0</ele>
        <time>2026-05-29T23:02:51Z</time>
        <extensions><gpxtpx:TrackPointExtension>
          <gpxtpx:hr>165</gpxtpx:hr>
        </gpxtpx:TrackPointExtension></extensions>
      </trkpt>
      <trkpt lat="32.012306" lon="118.782566">
        <ele>32.0</ele>
        <time>2026-05-29T23:02:52Z</time>
        <extensions><gpxtpx:TrackPointExtension>
          <gpxtpx:hr>165</gpxtpx:hr>
        </gpxtpx:TrackPointExtension></extensions>
      </trkpt>
      <trkpt lat="32.012294" lon="118.782592">
        <ele>32.0</ele>
        <time>2026-05-29T23:02:53Z</time>
        <extensions><gpxtpx:TrackPointExtension>
          <gpxtpx:hr>162</gpxtpx:hr>
        </gpxtpx:TrackPointExtension></extensions>
      </trkpt>
      <trkpt lat="32.012285" lon="118.782629">
        <ele>32.0</ele>
        <time>2026-05-29T23:02:54Z</time>
        <extensions><gpxtpx:TrackPointExtension>
          <gpxtpx:hr>162</gpxtpx:hr>
        </gpxtpx:TrackPointExtension></extensions>
      </trkpt>
      <trkpt lat="32.012273" lon="118.782656">
        <ele>32.0</ele>
        <time>2026-05-29T23:02:55Z</time>
        <extensions><gpxtpx:TrackPointExtension>
          <gpxtpx:hr>164</gpxtpx:hr>
        </gpxtpx:TrackPointExtension></extensions>
      </trkpt>
      <trkpt lat="32.012264" lon="118.782693">
        <ele>32.0</ele>
        <time>2026-05-29T23:02:56Z</time>
        <extensions><gpxtpx:TrackPointExtension>
          <gpxtpx:hr>163</gpxtpx:hr>
        </gpxtpx:TrackPointExtension></extensions>
      </trkpt>
      <trkpt lat="32.012251" lon="118.782726">
        <ele>32.0</ele>
        <time>2026-05-29T23:02:57Z</time>
        <extensions><gpxtpx:TrackPointExtension>
          <gpxtpx:hr>163</gpxtpx:hr>
        </gpxtpx:TrackPointExtension></extensions>
      </trkpt>
      <trkpt lat="32.012236" lon="118.782769">
        <ele>32.0</ele>
        <time>2026-05-29T23:02:58Z</time>
        <extensions><gpxtpx:TrackPointExtension>
          <gpxtpx:hr>164</gpxtpx:hr>
        </gpxtpx:TrackPointExtension></extensions>
      </trkpt>
      <trkpt lat="32.012223" lon="118.782799">
        <ele>31.8</ele>
        <time>2026-05-29T23:02:59Z</time>
        <extensions><gpxtpx:TrackPointExtension>
          <gpxtpx:hr>163</gpxtpx:hr>
        </gpxtpx:TrackPointExtension></extensions>
      </trkpt>
      <trkpt lat="32.012206" lon="118.78284">
        <ele>32.0</ele>
        <time>2026-05-29T23:03:00Z</time>
        <extensions><gpxtpx:TrackPointExtension>
          <gpxtpx:hr>164</gpxtpx:hr>
        </gpxtpx:TrackPointExtension></extensions>
      </trkpt>
      <trkpt lat="32.012193" lon="118.782873">
        <ele>31.8</ele>
        <time>2026-05-29T23:03:01Z</time>
        <extensions><gpxtpx:TrackPointExtension>
          <gpxtpx:hr>164</gpxtpx:hr>
        </gpxtpx:TrackPointExtension></extensions>
      </trkpt>
      <trkpt lat="32.012184" lon="118.782914">
        <ele>31.8</ele>
        <time>2026-05-29T23:03:02Z</time>
        <extensions><gpxtpx:TrackPointExtension>
          <gpxtpx:hr>165</gpxtpx:hr>
        </gpxtpx:TrackPointExtension></extensions>
      </trkpt>
      <trkpt lat="32.012174" lon="118.782946">
        <ele>32.0</ele>
        <time>2026-05-29T23:03:03Z</time>
        <extensions><gpxtpx:TrackPointExtension>
          <gpxtpx:hr>164</gpxtpx:hr>
        </gpxtpx:TrackPointExtension></extensions>
      </trkpt>
      <trkpt lat="32.012161" lon="118.782988">
        <ele>31.8</ele>
        <time>2026-05-29T23:03:04Z</time>
        <extensions><gpxtpx:TrackPointExtension>
          <gpxtpx:hr>164</gpxtpx:hr>
        </gpxtpx:TrackPointExtension></extensions>
      </trkpt>
      <trkpt lat="32.01215" lon="118.783015">
        <ele>31.8</ele>
        <time>2026-05-29T23:03:05Z</time>
        <extensions><gpxtpx:TrackPointExtension>
          <gpxtpx:hr>163</gpxtpx:hr>
        </gpxtpx:TrackPointExtension></extensions>
      </trkpt>
      <trkpt lat="32.012136" lon="118.783054">
        <ele>31.8</ele>
        <time>2026-05-29T23:03:06Z</time>
        <extensions><gpxtpx:TrackPointExtension>
          <gpxtpx:hr>166</gpxtpx:hr>
        </gpxtpx:TrackPointExtension></extensions>
      </trkpt>
      <trkpt lat="32.012123" lon="118.783082">
        <ele>31.8</ele>
        <time>2026-05-29T23:03:07Z</time>
        <extensions><gpxtpx:TrackPointExtension>
          <gpxtpx:hr>165</gpxtpx:hr>
        </gpxtpx:TrackPointExtension></extensions>
      </trkpt>
      <trkpt lat="32.012107" lon="118.783125">
        <ele>31.8</ele>
        <time>2026-05-29T23:03:08Z</time>
        <extensions><gpxtpx:TrackPointExtension>
          <gpxtpx:hr>165</gpxtpx:hr>
        </gpxtpx:TrackPointExtension></extensions>
      </trkpt>
      <trkpt lat="32.012091" lon="118.783153">
        <ele>31.8</ele>
        <time>2026-05-29T23:03:09Z</time>
        <extensions><gpxtpx:TrackPointExtension>
          <gpxtpx:hr>164</gpxtpx:hr>
        </gpxtpx:TrackPointExtension></extensions>
      </trkpt>
      <trkpt lat="32.012074" lon="118.783195">
        <ele>31.8</ele>
        <time>2026-05-29T23:03:10Z</time>
        <extensions><gpxtpx:TrackPointExtension>
          <gpxtpx:hr>165</gpxtpx:hr>
        </gpxtpx:TrackPointExtension></extensions>
      </trkpt>
      <trkpt lat="32.012056" lon="118.78322">
        <ele>31.8</ele>
        <time>2026-05-29T23:03:11Z</time>
        <extensions><gpxtpx:TrackPointExtension>
          <gpxtpx:hr>164</gpxtpx:hr>
        </gpxtpx:TrackPointExtension></extensions>
      </trkpt>
      <trkpt lat="32.01204" lon="118.783258">
        <ele>31.8</ele>
        <time>2026-05-29T23:03:12Z</time>
        <extensions><gpxtpx:TrackPointExtension>
          <gpxtpx:hr>164</gpxtpx:hr>
        </gpxtpx:TrackPointExtension></extensions>
      </trkpt>
      <trkpt lat="32.012026" lon="118.783282">
        <ele>31.8</ele>
        <time>2026-05-29T23:03:13Z</time>
        <extensions><gpxtpx:TrackPointExtension>
          <gpxtpx:hr>164</gpxtpx:hr>
        </gpxtpx:TrackPointExtension></extensions>
      </trkpt>
      <trkpt lat="32.012008" lon="118.783319">
        <ele>31.8</ele>
        <time>2026-05-29T23:03:14Z</time>
        <extensions><gpxtpx:TrackPointExtension>
          <gpxtpx:hr>166</gpxtpx:hr>
        </gpxtpx:TrackPointExtension></extensions>
      </trkpt>
      <trkpt lat="32.011993" lon="118.783347">
        <ele>31.8</ele>
        <time>2026-05-29T23:03:15Z</time>
        <extensions><gpxtpx:TrackPointExtension>
          <gpxtpx:hr>164</gpxtpx:hr>
        </gpxtpx:TrackPointExtension></extensions>
      </trkpt>
      <trkpt lat="32.011977" lon="118.783383">
        <ele>32.0</ele>
        <time>2026-05-29T23:03:16Z</time>
        <extensions><gpxtpx:TrackPointExtension>
          <gpxtpx:hr>163</gpxtpx:hr>
        </gpxtpx:TrackPointExtension></extensions>
      </trkpt>
      <trkpt lat="32.01196" lon="118.783406">
        <ele>32.0</ele>
        <time>2026-05-29T23:03:17Z</time>
        <extensions><gpxtpx:TrackPointExtension>
          <gpxtpx:hr>164</gpxtpx:hr>
        </gpxtpx:TrackPointExtension></extensions>
      </trkpt>
      <trkpt lat="32.011941" lon="118.783443">
        <ele>32.0</ele>
        <time>2026-05-29T23:03:18Z</time>
        <extensions><gpxtpx:TrackPointExtension>
          <gpxtpx:hr>165</gpxtpx:hr>
        </gpxtpx:TrackPointExtension></extensions>
      </trkpt>
      <trkpt lat="32.011925" lon="118.783468">
        <ele>32.0</ele>
        <time>2026-05-29T23:03:19Z</time>
        <extensions><gpxtpx:TrackPointExtension>
          <gpxtpx:hr>164</gpxtpx:hr>
        </gpxtpx:TrackPointExtension></extensions>
      </trkpt>
      <trkpt lat="32.011907" lon="118.783505">
        <ele>32.0</ele>
        <time>2026-05-29T23:03:20Z</time>
        <extensions><gpxtpx:TrackPointExtension>
          <gpxtpx:hr>164</gpxtpx:hr>
        </gpxtpx:TrackPointExtension></extensions>
      </trkpt>
      <trkpt lat="32.011887" lon="118.783527">
        <ele>32.0</ele>
        <time>2026-05-29T23:03:21Z</time>
        <extensions><gpxtpx:TrackPointExtension>
          <gpxtpx:hr>166</gpxtpx:hr>
        </gpxtpx:TrackPointExtension></extensions>
      </trkpt>
      <trkpt lat="32.011864" lon="118.783562">
        <ele>32.2</ele>
        <time>2026-05-29T23:03:22Z</time>
        <extensions><gpxtpx:TrackPointExtension>
          <gpxtpx:hr>165</gpxtpx:hr>
        </gpxtpx:TrackPointExtension></extensions>
      </trkpt>
      <trkpt lat="32.011846" lon="118.783584">
        <ele>32.2</ele>
        <time>2026-05-29T23:03:23Z</time>
        <extensions><gpxtpx:TrackPointExtension>
          <gpxtpx:hr>164</gpxtpx:hr>
        </gpxtpx:TrackPointExtension></extensions>
      </trkpt>
      <trkpt lat="32.011827" lon="118.783617">
        <ele>32.4</ele>
        <time>2026-05-29T23:03:24Z</time>
        <extensions><gpxtpx:TrackPointExtension>
          <gpxtpx:hr>164</gpxtpx:hr>
        </gpxtpx:TrackPointExtension></extensions>
      </trkpt>
      <trkpt lat="32.011807" lon="118.783638">
        <ele>32.4</ele>
        <time>2026-05-29T23:03:25Z</time>
        <extensions><gpxtpx:TrackPointExtension>
          <gpxtpx:hr>165</gpxtpx:hr>
        </gpxtpx:TrackPointExtension></extensions>
      </trkpt>
      <trkpt lat="32.011784" lon="118.783672">
        <ele>32.4</ele>
        <time>2026-05-29T23:03:26Z</time>
        <extensions><gpxtpx:TrackPointExtension>
          <gpxtpx:hr>164</gpxtpx:hr>
        </gpxtpx:TrackPointExtension></extensions>
      </trkpt>
      <trkpt lat="32.011768" lon="118.783693">
        <ele>32.4</ele>
        <time>2026-05-29T23:03:27Z</time>
        <extensions><gpxtpx:TrackPointExtension>
          <gpxtpx:hr>164</gpxtpx:hr>
        </gpxtpx:TrackPointExtension></extensions>
      </trkpt>
      <trkpt lat="32.011749" lon="118.783726">
        <ele>32.4</ele>
        <time>2026-05-29T23:03:28Z</time>
        <extensions><gpxtpx:TrackPointExtension>
          <gpxtpx:hr>164</gpxtpx:hr>
        </gpxtpx:TrackPointExtension></extensions>
      </trkpt>
      <trkpt lat="32.011731" lon="118.783746">
        <ele>32.4</ele>
        <time>2026-05-29T23:03:29Z</time>
        <extensions><gpxtpx:TrackPointExtension>
          <gpxtpx:hr>165</gpxtpx:hr>
        </gpxtpx:TrackPointExtension></extensions>
      </trkpt>
      <trkpt lat="32.01171" lon="118.783777">
        <ele>32.6</ele>
        <time>2026-05-29T23:03:30Z</time>
        <extensions><gpxtpx:TrackPointExtension>
          <gpxtpx:hr>163</gpxtpx:hr>
        </gpxtpx:TrackPointExtension></extensions>
      </trkpt>
      <trkpt lat="32.011692" lon="118.783796">
        <ele>32.6</ele>
        <time>2026-05-29T23:03:31Z</time>
        <extensions><gpxtpx:TrackPointExtension>
          <gpxtpx:hr>163</gpxtpx:hr>
        </gpxtpx:TrackPointExtension></extensions>
      </trkpt>
      <trkpt lat="32.011671" lon="118.783827">
        <ele>32.6</ele>
        <time>2026-05-29T23:03:32Z</time>
        <extensions><gpxtpx:TrackPointExtension>
          <gpxtpx:hr>164</gpxtpx:hr>
        </gpxtpx:TrackPointExtension></extensions>
      </trkpt>
      <trkpt lat="32.011653" lon="118.783849">
        <ele>32.8</ele>
        <time>2026-05-29T23:03:33Z</time>
        <extensions><gpxtpx:TrackPointExtension>
          <gpxtpx:hr>164</gpxtpx:hr>
        </gpxtpx:TrackPointExtension></extensions>
      </trkpt>
      <trkpt lat="32.01163" lon="118.783879">
        <ele>32.8</ele>
        <time>2026-05-29T23:03:34Z</time>
        <extensions><gpxtpx:TrackPointExtension>
          <gpxtpx:hr>163</gpxtpx:hr>
        </gpxtpx:TrackPointExtension></extensions>
      </trkpt>
      <trkpt lat="32.011612" lon="118.783903">
        <ele>32.8</ele>
        <time>2026-05-29T23:03:35Z</time>
        <extensions><gpxtpx:TrackPointExtension>
          <gpxtpx:hr>165</gpxtpx:hr>
        </gpxtpx:TrackPointExtension></extensions>
      </trkpt>
      <trkpt lat="32.011589" lon="118.78393">
        <ele>33.0</ele>
        <time>2026-05-29T23:03:36Z</time>
        <extensions><gpxtpx:TrackPointExtension>
          <gpxtpx:hr>165</gpxtpx:hr>
        </gpxtpx:TrackPointExtension></extensions>
      </trkpt>
      <trkpt lat="32.01157" lon="118.78395">
        <ele>33.2</ele>
        <time>2026-05-29T23:03:37Z</time>
        <extensions><gpxtpx:TrackPointExtension>
          <gpxtpx:hr>162</gpxtpx:hr>
        </gpxtpx:TrackPointExtension></extensions>
      </trkpt>
      <trkpt lat="32.011542" lon="118.783975">
        <ele>33.2</ele>
        <time>2026-05-29T23:03:38Z</time>
        <extensions><gpxtpx:TrackPointExtension>
          <gpxtpx:hr>163</gpxtpx:hr>
        </gpxtpx:TrackPointExtension></extensions>
      </trkpt>
      <trkpt lat="32.01152" lon="118.78399">
        <ele>33.4</ele>
        <time>2026-05-29T23:03:39Z</time>
        <extensions><gpxtpx:TrackPointExtension>
          <gpxtpx:hr>164</gpxtpx:hr>
        </gpxtpx:TrackPointExtension></extensions>
      </trkpt>
      <trkpt lat="32.011496" lon="118.784018">
        <ele>33.4</ele>
        <time>2026-05-29T23:03:40Z</time>
        <extensions><gpxtpx:TrackPointExtension>
          <gpxtpx:hr>165</gpxtpx:hr>
        </gpxtpx:TrackPointExtension></extensions>
      </trkpt>
      <trkpt lat="32.011475" lon="118.784035">
        <ele>33.4</ele>
        <time>2026-05-29T23:03:41Z</time>
        <extensions><gpxtpx:TrackPointExtension>
          <gpxtpx:hr>164</gpxtpx:hr>
        </gpxtpx:TrackPointExtension></extensions>
      </trkpt>
      <trkpt lat="32.011448" lon="118.784063">
        <ele>33.4</ele>
        <time>2026-05-29T23:03:42Z</time>
        <extensions><gpxtpx:TrackPointExtension>
          <gpxtpx:hr>163</gpxtpx:hr>
        </gpxtpx:TrackPointExtension></extensions>
      </trkpt>
      <trkpt lat="32.011426" lon="118.784077">
        <ele>33.4</ele>
        <time>2026-05-29T23:03:43Z</time>
        <extensions><gpxtpx:TrackPointExtension>
          <gpxtpx:hr>164</gpxtpx:hr>
        </gpxtpx:TrackPointExtension></extensions>
      </trkpt>
      <trkpt lat="32.011399" lon="118.784103">
        <ele>33.6</ele>
        <time>2026-05-29T23:03:44Z</time>
        <extensions><gpxtpx:TrackPointExtension>
          <gpxtpx:hr>165</gpxtpx:hr>
        </gpxtpx:TrackPointExtension></extensions>
      </trkpt>
      <trkpt lat="32.011379" lon="118.784115">
        <ele>33.6</ele>
        <time>2026-05-29T23:03:45Z</time>
        <extensions><gpxtpx:TrackPointExtension>
          <gpxtpx:hr>164</gpxtpx:hr>
        </gpxtpx:TrackPointExtension></extensions>
      </trkpt>
      <trkpt lat="32.011353" lon="118.784137">
        <ele>33.8</ele>
        <time>2026-05-29T23:03:46Z</time>
        <extensions><gpxtpx:TrackPointExtension>
          <gpxtpx:hr>165</gpxtpx:hr>
        </gpxtpx:TrackPointExtension></extensions>
      </trkpt>
      <trkpt lat="32.011332" lon="118.784153">
        <ele>34.0</ele>
        <time>2026-05-29T23:03:47Z</time>
        <extensions><gpxtpx:TrackPointExtension>
          <gpxtpx:hr>165</gpxtpx:hr>
        </gpxtpx:TrackPointExtension></extensions>
      </trkpt>
      <trkpt lat="32.011306" lon="118.784177">
        <ele>34.2</ele>
        <time>2026-05-29T23:03:48Z</time>
        <extensions><gpxtpx:TrackPointExtension>
          <gpxtpx:hr>165</gpxtpx:hr>
        </gpxtpx:TrackPointExtension></extensions>
      </trkpt>
      <trkpt lat="32.011286" lon="118.784196">
        <ele>34.4</ele>
        <time>2026-05-29T23:03:49Z</time>
        <extensions><gpxtpx:TrackPointExtension>
          <gpxtpx:hr>165</gpxtpx:hr>
        </gpxtpx:TrackPointExtension></extensions>
      </trkpt>
      <trkpt lat="32.01126" lon="118.784225">
        <ele>34.6</ele>
        <time>2026-05-29T23:03:50Z</time>
        <extensions><gpxtpx:TrackPointExtension>
          <gpxtpx:hr>165</gpxtpx:hr>
        </gpxtpx:TrackPointExtension></extensions>
      </trkpt>
      <trkpt lat="32.011238" lon="118.784242">
        <ele>34.6</ele>
        <time>2026-05-29T23:03:51Z</time>
        <extensions><gpxtpx:TrackPointExtension>
          <gpxtpx:hr>166</gpxtpx:hr>
        </gpxtpx:TrackPointExtension></extensions>
      </trkpt>
      <trkpt lat="32.011209" lon="118.784269">
        <ele>34.8</ele>
        <time>2026-05-29T23:03:52Z</time>
        <extensions><gpxtpx:TrackPointExtension>
          <gpxtpx:hr>166</gpxtpx:hr>
        </gpxtpx:TrackPointExtension></extensions>
      </trkpt>
      <trkpt lat="32.011186" lon="118.784286">
        <ele>34.8</ele>
        <time>2026-05-29T23:03:53Z</time>
        <extensions><gpxtpx:TrackPointExtension>
          <gpxtpx:hr>165</gpxtpx:hr>
        </gpxtpx:TrackPointExtension></extensions>
      </trkpt>
      <trkpt lat="32.011155" lon="118.784308">
        <ele>35.0</ele>
        <time>2026-05-29T23:03:54Z</time>
        <extensions><gpxtpx:TrackPointExtension>
          <gpxtpx:hr>165</gpxtpx:hr>
        </gpxtpx:TrackPointExtension></extensions>
      </trkpt>
      <trkpt lat="32.011129" lon="118.784321">
        <ele>35.0</ele>
        <time>2026-05-29T23:03:55Z</time>
        <extensions><gpxtpx:TrackPointExtension>
          <gpxtpx:hr>165</gpxtpx:hr>
        </gpxtpx:TrackPointExtension></extensions>
      </trkpt>
      <trkpt lat="32.011098" lon="118.784342">
        <ele>35.0</ele>
        <time>2026-05-29T23:03:56Z</time>
        <extensions><gpxtpx:TrackPointExtension>
          <gpxtpx:hr>167</gpxtpx:hr>
        </gpxtpx:TrackPointExtension></extensions>
      </trkpt>
      <trkpt lat="32.011074" lon="118.784356">
        <ele>35.0</ele>
        <time>2026-05-29T23:03:57Z</time>
        <extensions><gpxtpx:TrackPointExtension>
          <gpxtpx:hr>167</gpxtpx:hr>
        </gpxtpx:TrackPointExtension></extensions>
      </trkpt>
      <trkpt lat="32.011042" lon="118.78438">
        <ele>35.0</ele>
        <time>2026-05-29T23:03:58Z</time>
        <extensions><gpxtpx:TrackPointExtension>
          <gpxtpx:hr>164</gpxtpx:hr>
        </gpxtpx:TrackPointExtension></extensions>
      </trkpt>
      <trkpt lat="32.011018" lon="118.784393">
        <ele>35.0</ele>
        <time>2026-05-29T23:03:59Z</time>
        <extensions><gpxtpx:TrackPointExtension>
          <gpxtpx:hr>164</gpxtpx:hr>
        </gpxtpx:TrackPointExtension></extensions>
      </trkpt>
      <trkpt lat="32.010986" lon="118.784414">
        <ele>35.0</ele>
        <time>2026-05-29T23:04:00Z</time>
        <extensions><gpxtpx:TrackPointExtension>
          <gpxtpx:hr>166</gpxtpx:hr>
        </gpxtpx:TrackPointExtension></extensions>
      </trkpt>
      <trkpt lat="32.010962" lon="118.784429">
        <ele>35.0</ele>
        <time>2026-05-29T23:04:01Z</time>
        <extensions><gpxtpx:TrackPointExtension>
          <gpxtpx:hr>165</gpxtpx:hr>
        </gpxtpx:TrackPointExtension></extensions>
      </trkpt>
      <trkpt lat="32.010935" lon="118.784456">
        <ele>35.0</ele>
        <time>2026-05-29T23:04:02Z</time>
        <extensions><gpxtpx:TrackPointExtension>
          <gpxtpx:hr>164</gpxtpx:hr>
        </gpxtpx:TrackPointExtension></extensions>
      </trkpt>
      <trkpt lat="32.010914" lon="118.784472">
        <ele>35.0</ele>
        <time>2026-05-29T23:04:03Z</time>
        <extensions><gpxtpx:TrackPointExtension>
          <gpxtpx:hr>165</gpxtpx:hr>
        </gpxtpx:TrackPointExtension></extensions>
      </trkpt>
      <trkpt lat="32.010885" lon="118.784496">
        <ele>35.0</ele>
        <time>2026-05-29T23:04:04Z</time>
        <extensions><gpxtpx:TrackPointExtension>
          <gpxtpx:hr>166</gpxtpx:hr>
        </gpxtpx:TrackPointExtension></extensions>
      </trkpt>
      <trkpt lat="32.010863" lon="118.784512">
        <ele>35.0</ele>
        <time>2026-05-29T23:04:05Z</time>
        <extensions><gpxtpx:TrackPointExtension>
          <gpxtpx:hr>164</gpxtpx:hr>
        </gpxtpx:TrackPointExtension></extensions>
      </trkpt>
      <trkpt lat="32.010833" lon="118.784534">
        <ele>35.0</ele>
        <time>2026-05-29T23:04:06Z</time>
        <extensions><gpxtpx:TrackPointExtension>
          <gpxtpx:hr>164</gpxtpx:hr>
        </gpxtpx:TrackPointExtension></extensions>
      </trkpt>
      <trkpt lat="32.010812" lon="118.784551">
        <ele>35.0</ele>
        <time>2026-05-29T23:04:07Z</time>
        <extensions><gpxtpx:TrackPointExtension>
          <gpxtpx:hr>164</gpxtpx:hr>
        </gpxtpx:TrackPointExtension></extensions>
      </trkpt>
      <trkpt lat="32.010782" lon="118.784576">
        <ele>35.0</ele>
        <time>2026-05-29T23:04:08Z</time>
        <extensions><gpxtpx:TrackPointExtension>
          <gpxtpx:hr>165</gpxtpx:hr>
        </gpxtpx:TrackPointExtension></extensions>
      </trkpt>
      <trkpt lat="32.01076" lon="118.784593">
        <ele>35.0</ele>
        <time>2026-05-29T23:04:09Z</time>
        <extensions><gpxtpx:TrackPointExtension>
          <gpxtpx:hr>164</gpxtpx:hr>
        </gpxtpx:TrackPointExtension></extensions>
      </trkpt>
      <trkpt lat="32.010729" lon="118.784615">
        <ele>35.0</ele>
        <time>2026-05-29T23:04:10Z</time>
        <extensions><gpxtpx:TrackPointExtension>
          <gpxtpx:hr>163</gpxtpx:hr>
        </gpxtpx:TrackPointExtension></extensions>
      </trkpt>
      <trkpt lat="32.010706" lon="118.784627">
        <ele>35.0</ele>
        <time>2026-05-29T23:04:11Z</time>
        <extensions><gpxtpx:TrackPointExtension>
          <gpxtpx:hr>164</gpxtpx:hr>
        </gpxtpx:TrackPointExtension></extensions>
      </trkpt>
      <trkpt lat="32.010673" lon="118.784648">
        <ele>35.0</ele>
        <time>2026-05-29T23:04:12Z</time>
        <extensions><gpxtpx:TrackPointExtension>
          <gpxtpx:hr>164</gpxtpx:hr>
        </gpxtpx:TrackPointExtension></extensions>
      </trkpt>
      <trkpt lat="32.010648" lon="118.784658">
        <ele>35.0</ele>
        <time>2026-05-29T23:04:13Z</time>
        <extensions><gpxtpx:TrackPointExtension>
          <gpxtpx:hr>164</gpxtpx:hr>
        </gpxtpx:TrackPointExtension></extensions>
      </trkpt>
      <trkpt lat="32.010615" lon="118.784678">
        <ele>35.0</ele>
        <time>2026-05-29T23:04:14Z</time>
        <extensions><gpxtpx:TrackPointExtension>
          <gpxtpx:hr>162</gpxtpx:hr>
        </gpxtpx:TrackPointExtension></extensions>
      </trkpt>
      <trkpt lat="32.010589" lon="118.784687">
        <ele>35.0</ele>
        <time>2026-05-29T23:04:15Z</time>
        <extensions><gpxtpx:TrackPointExtension>
          <gpxtpx:hr>164</gpxtpx:hr>
        </gpxtpx:TrackPointExtension></extensions>
      </trkpt>
      <trkpt lat="32.010559" lon="118.784709">
        <ele>35.0</ele>
        <time>2026-05-29T23:04:16Z</time>
        <extensions><gpxtpx:TrackPointExtension>
          <gpxtpx:hr>163</gpxtpx:hr>
        </gpxtpx:TrackPointExtension></extensions>
      </trkpt>
      <trkpt lat="32.010535" lon="118.784721">
        <ele>35.0</ele>
        <time>2026-05-29T23:04:17Z</time>
        <extensions><gpxtpx:TrackPointExtension>
          <gpxtpx:hr>162</gpxtpx:hr>
        </gpxtpx:TrackPointExtension></extensions>
      </trkpt>
      <trkpt lat="32.010504" lon="118.784743">
        <ele>35.0</ele>
        <time>2026-05-29T23:04:18Z</time>
        <extensions><gpxtpx:TrackPointExtension>
          <gpxtpx:hr>163</gpxtpx:hr>
        </gpxtpx:TrackPointExtension></extensions>
      </trkpt>
      <trkpt lat="32.010478" lon="118.784756">
        <ele>35.0</ele>
        <time>2026-05-29T23:04:19Z</time>
        <extensions><gpxtpx:TrackPointExtension>
          <gpxtpx:hr>164</gpxtpx:hr>
        </gpxtpx:TrackPointExtension></extensions>
      </trkpt>
      <trkpt lat="32.010449" lon="118.784772">
        <ele>35.0</ele>
        <time>2026-05-29T23:04:20Z</time>
        <extensions><gpxtpx:TrackPointExtension>
          <gpxtpx:hr>163</gpxtpx:hr>
        </gpxtpx:TrackPointExtension></extensions>
      </trkpt>
      <trkpt lat="32.01042" lon="118.784782">
        <ele>35.0</ele>
        <time>2026-05-29T23:04:21Z</time>
        <extensions><gpxtpx:TrackPointExtension>
          <gpxtpx:hr>164</gpxtpx:hr>
        </gpxtpx:TrackPointExtension></extensions>
      </trkpt>
      <trkpt lat="32.010388" lon="118.784796">
        <ele>35.0</ele>
        <time>2026-05-29T23:04:22Z</time>
        <extensions><gpxtpx:TrackPointExtension>
          <gpxtpx:hr>163</gpxtpx:hr>
        </gpxtpx:TrackPointExtension></extensions>
      </trkpt>
      <trkpt lat="32.010363" lon="118.784807">
        <ele>35.0</ele>
        <time>2026-05-29T23:04:23Z</time>
        <extensions><gpxtpx:TrackPointExtension>
          <gpxtpx:hr>162</gpxtpx:hr>
        </gpxtpx:TrackPointExtension></extensions>
      </trkpt>
      <trkpt lat="32.010337" lon="118.78483">
        <ele>35.0</ele>
        <time>2026-05-29T23:04:24Z</time>
        <extensions><gpxtpx:TrackPointExtension>
          <gpxtpx:hr>163</gpxtpx:hr>
        </gpxtpx:TrackPointExtension></extensions>
      </trkpt>
      <trkpt lat="32.010315" lon="118.78485">
        <ele>35.0</ele>
        <time>2026-05-29T23:04:25Z</time>
        <extensions><gpxtpx:TrackPointExtension>
          <gpxtpx:hr>163</gpxtpx:hr>
        </gpxtpx:TrackPointExtension></extensions>
      </trkpt>
      <trkpt lat="32.010289" lon="118.784879">
        <ele>35.0</ele>
        <time>2026-05-29T23:04:26Z</time>
        <extensions><gpxtpx:TrackPointExtension>
          <gpxtpx:hr>163</gpxtpx:hr>
        </gpxtpx:TrackPointExtension></extensions>
      </trkpt>
      <trkpt lat="32.010272" lon="118.7849">
        <ele>35.0</ele>
        <time>2026-05-29T23:04:27Z</time>
        <extensions><gpxtpx:TrackPointExtension>
          <gpxtpx:hr>162</gpxtpx:hr>
        </gpxtpx:TrackPointExtension></extensions>
      </trkpt>
      <trkpt lat="32.010249" lon="118.784934">
        <ele>35.0</ele>
        <time>2026-05-29T23:04:28Z</time>
        <extensions><gpxtpx:TrackPointExtension>
          <gpxtpx:hr>162</gpxtpx:hr>
        </gpxtpx:TrackPointExtension></extensions>
      </trkpt>
      <trkpt lat="32.010229" lon="118.784958">
        <ele>34.8</ele>
        <time>2026-05-29T23:04:29Z</time>
        <extensions><gpxtpx:TrackPointExtension>
          <gpxtpx:hr>162</gpxtpx:hr>
        </gpxtpx:TrackPointExtension></extensions>
      </trkpt>
      <trkpt lat="32.010213" lon="118.784993">
        <ele>34.8</ele>
        <time>2026-05-29T23:04:30Z</time>
        <extensions><gpxtpx:TrackPointExtension>
          <gpxtpx:hr>162</gpxtpx:hr>
        </gpxtpx:TrackPointExtension></extensions>
      </trkpt>
      <trkpt lat="32.010197" lon="118.785017">
        <ele>34.8</ele>
        <time>2026-05-29T23:04:31Z</time>
        <extensions><gpxtpx:TrackPointExtension>
          <gpxtpx:hr>163</gpxtpx:hr>
        </gpxtpx:TrackPointExtension></extensions>
      </trkpt>
      <trkpt lat="32.010174" lon="118.78505">
        <ele>34.8</ele>
        <time>2026-05-29T23:04:32Z</time>
        <extensions><gpxtpx:TrackPointExtension>
          <gpxtpx:hr>163</gpxtpx:hr>
        </gpxtpx:TrackPointExtension></extensions>
      </trkpt>
      <trkpt lat="32.010154" lon="118.785077">
        <ele>34.8</ele>
        <time>2026-05-29T23:04:33Z</time>
        <extensions><gpxtpx:TrackPointExtension>
          <gpxtpx:hr>162</gpxtpx:hr>
        </gpxtpx:TrackPointExtension></extensions>
      </trkpt>
      <trkpt lat="32.010135" lon="118.785111">
        <ele>34.8</ele>
        <time>2026-05-29T23:04:34Z</time>
        <extensions><gpxtpx:TrackPointExtension>
          <gpxtpx:hr>162</gpxtpx:hr>
        </gpxtpx:TrackPointExtension></extensions>
      </trkpt>
      <trkpt lat="32.010117" lon="118.785141">
        <ele>34.8</ele>
        <time>2026-05-29T23:04:35Z</time>
        <extensions><gpxtpx:TrackPointExtension>
          <gpxtpx:hr>162</gpxtpx:hr>
        </gpxtpx:TrackPointExtension></extensions>
      </trkpt>
      <trkpt lat="32.010105" lon="118.785177">
        <ele>34.8</ele>
        <time>2026-05-29T23:04:36Z</time>
        <extensions><gpxtpx:TrackPointExtension>
          <gpxtpx:hr>162</gpxtpx:hr>
        </gpxtpx:TrackPointExtension></extensions>
      </trkpt>
      <trkpt lat="32.010092" lon="118.78521">
        <ele>34.8</ele>
        <time>2026-05-29T23:04:37Z</time>
        <extensions><gpxtpx:TrackPointExtension>
          <gpxtpx:hr>160</gpxtpx:hr>
        </gpxtpx:TrackPointExtension></extensions>
      </trkpt>
      <trkpt lat="32.01008" lon="118.785248">
        <ele>34.8</ele>
        <time>2026-05-29T23:04:38Z</time>
        <extensions><gpxtpx:TrackPointExtension>
          <gpxtpx:hr>164</gpxtpx:hr>
        </gpxtpx:TrackPointExtension></extensions>
      </trkpt>
      <trkpt lat="32.010072" lon="118.785282">
        <ele>34.8</ele>
        <time>2026-05-29T23:04:39Z</time>
        <extensions><gpxtpx:TrackPointExtension>
          <gpxtpx:hr>162</gpxtpx:hr>
        </gpxtpx:TrackPointExtension></extensions>
      </trkpt>
      <trkpt lat="32.010066" lon="118.785319">
        <ele>34.8</ele>
        <time>2026-05-29T23:04:40Z</time>
        <extensions><gpxtpx:TrackPointExtension>
          <gpxtpx:hr>161</gpxtpx:hr>
        </gpxtpx:TrackPointExtension></extensions>
      </trkpt>
      <trkpt lat="32.010057" lon="118.785356">
        <ele>34.8</ele>
        <time>2026-05-29T23:04:41Z</time>
        <extensions><gpxtpx:TrackPointExtension>
          <gpxtpx:hr>161</gpxtpx:hr>
        </gpxtpx:TrackPointExtension></extensions>
      </trkpt>
      <trkpt lat="32.010052" lon="118.785395">
        <ele>34.8</ele>
        <time>2026-05-29T23:04:42Z</time>
        <extensions><gpxtpx:TrackPointExtension>
          <gpxtpx:hr>162</gpxtpx:hr>
        </gpxtpx:TrackPointExtension></extensions>
      </trkpt>
      <trkpt lat="32.010048" lon="118.785429">
        <ele>34.8</ele>
        <time>2026-05-29T23:04:43Z</time>
        <extensions><gpxtpx:TrackPointExtension>
          <gpxtpx:hr>162</gpxtpx:hr>
        </gpxtpx:TrackPointExtension></extensions>
      </trkpt>
      <trkpt lat="32.010045" lon="118.785466">
        <ele>35.0</ele>
        <time>2026-05-29T23:04:44Z</time>
        <extensions><gpxtpx:TrackPointExtension>
          <gpxtpx:hr>162</gpxtpx:hr>
        </gpxtpx:TrackPointExtension></extensions>
      </trkpt>
      <trkpt lat="32.010039" lon="118.785498">
        <ele>35.0</ele>
        <time>2026-05-29T23:04:45Z</time>
        <extensions><gpxtpx:TrackPointExtension>
          <gpxtpx:hr>162</gpxtpx:hr>
        </gpxtpx:TrackPointExtension></extensions>
      </trkpt>
      <trkpt lat="32.010038" lon="118.785538">
        <ele>35.0</ele>
        <time>2026-05-29T23:04:46Z</time>
        <extensions><gpxtpx:TrackPointExtension>
          <gpxtpx:hr>162</gpxtpx:hr>
        </gpxtpx:TrackPointExtension></extensions>
      </trkpt>
      <trkpt lat="32.01003" lon="118.785568">
        <ele>35.0</ele>
        <time>2026-05-29T23:04:47Z</time>
        <extensions><gpxtpx:TrackPointExtension>
          <gpxtpx:hr>162</gpxtpx:hr>
        </gpxtpx:TrackPointExtension></extensions>
      </trkpt>
      <trkpt lat="32.010025" lon="118.785609">
        <ele>35.0</ele>
        <time>2026-05-29T23:04:48Z</time>
        <extensions><gpxtpx:TrackPointExtension>
          <gpxtpx:hr>162</gpxtpx:hr>
        </gpxtpx:TrackPointExtension></extensions>
      </trkpt>
      <trkpt lat="32.010017" lon="118.785641">
        <ele>35.0</ele>
        <time>2026-05-29T23:04:49Z</time>
        <extensions><gpxtpx:TrackPointExtension>
          <gpxtpx:hr>162</gpxtpx:hr>
        </gpxtpx:TrackPointExtension></extensions>
      </trkpt>
      <trkpt lat="32.010014" lon="118.785685">
        <ele>35.2</ele>
        <time>2026-05-29T23:04:50Z</time>
        <extensions><gpxtpx:TrackPointExtension>
          <gpxtpx:hr>163</gpxtpx:hr>
        </gpxtpx:TrackPointExtension></extensions>
      </trkpt>
      <trkpt lat="32.010009" lon="118.78572">
        <ele>35.2</ele>
        <time>2026-05-29T23:04:51Z</time>
        <extensions><gpxtpx:TrackPointExtension>
          <gpxtpx:hr>162</gpxtpx:hr>
        </gpxtpx:TrackPointExtension></extensions>
      </trkpt>
      <trkpt lat="32.010012" lon="118.785762">
        <ele>35.2</ele>
        <time>2026-05-29T23:04:52Z</time>
        <extensions><gpxtpx:TrackPointExtension>
          <gpxtpx:hr>165</gpxtpx:hr>
        </gpxtpx:TrackPointExtension></extensions>
      </trkpt>
      <trkpt lat="32.010009" lon="118.785799">
        <ele>35.2</ele>
        <time>2026-05-29T23:04:53Z</time>
        <extensions><gpxtpx:TrackPointExtension>
          <gpxtpx:hr>164</gpxtpx:hr>
        </gpxtpx:TrackPointExtension></extensions>
      </trkpt>
      <trkpt lat="32.010012" lon="118.785844">
        <ele>35.2</ele>
        <time>2026-05-29T23:04:54Z</time>
        <extensions><gpxtpx:TrackPointExtension>
          <gpxtpx:hr>164</gpxtpx:hr>
        </gpxtpx:TrackPointExtension></extensions>
      </trkpt>
      <trkpt lat="32.010011" lon="118.785881">
        <ele>35.0</ele>
        <time>2026-05-29T23:04:55Z</time>
        <extensions><gpxtpx:TrackPointExtension>
          <gpxtpx:hr>164</gpxtpx:hr>
        </gpxtpx:TrackPointExtension></extensions>
      </trkpt>
      <trkpt lat="32.010012" lon="118.785923">
        <ele>35.0</ele>
        <time>2026-05-29T23:04:56Z</time>
        <extensions><gpxtpx:TrackPointExtension>
          <gpxtpx:hr>165</gpxtpx:hr>
        </gpxtpx:TrackPointExtension></extensions>
      </trkpt>
      <trkpt lat="32.010009" lon="118.785956">
        <ele>35.0</ele>
        <time>2026-05-29T23:04:57Z</time>
        <extensions><gpxtpx:TrackPointExtension>
          <gpxtpx:hr>164</gpxtpx:hr>
        </gpxtpx:TrackPointExtension></extensions>
      </trkpt>
      <trkpt lat="32.010006" lon="118.786001">
        <ele>34.8</ele>
        <time>2026-05-29T23:04:58Z</time>
        <extensions><gpxtpx:TrackPointExtension>
          <gpxtpx:hr>163</gpxtpx:hr>
        </gpxtpx:TrackPointExtension></extensions>
      </trkpt>
      <trkpt lat="32.010003" lon="118.786036">
        <ele>34.8</ele>
        <time>2026-05-29T23:04:59Z</time>
        <extensions><gpxtpx:TrackPointExtension>
          <gpxtpx:hr>165</gpxtpx:hr>
        </gpxtpx:TrackPointExtension></extensions>
      </trkpt>
      <trkpt lat="32.01" lon="118.786077">
        <ele>34.8</ele>
        <time>2026-05-29T23:05:00Z</time>
        <extensions><gpxtpx:TrackPointExtension>
          <gpxtpx:hr>165</gpxtpx:hr>
        </gpxtpx:TrackPointExtension></extensions>
      </trkpt>
      <trkpt lat="32.010001" lon="118.786111">
        <ele>35.0</ele>
        <time>2026-05-29T23:05:01Z</time>
        <extensions><gpxtpx:TrackPointExtension>
          <gpxtpx:hr>162</gpxtpx:hr>
        </gpxtpx:TrackPointExtension></extensions>
      </trkpt>
      <trkpt lat="32.010001" lon="118.786151">
        <ele>35.0</ele>
        <time>2026-05-29T23:05:02Z</time>
        <extensions><gpxtpx:TrackPointExtension>
          <gpxtpx:hr>163</gpxtpx:hr>
        </gpxtpx:TrackPointExtension></extensions>
      </trkpt>
      <trkpt lat="32.01" lon="118.786183">
        <ele>35.0</ele>
        <time>2026-05-29T23:05:03Z</time>
        <extensions><gpxtpx:TrackPointExtension>
          <gpxtpx:hr>164</gpxtpx:hr>
        </gpxtpx:TrackPointExtension></extensions>
      </trkpt>
      <trkpt lat="32.010006" lon="118.786224">
        <ele>35.0</ele>
        <time>2026-05-29T23:05:04Z</time>
        <extensions><gpxtpx:TrackPointExtension>
          <gpxtpx:hr>163</gpxtpx:hr>
        </gpxtpx:TrackPointExtension></extensions>
      </trkpt>
      <trkpt lat="32.010005" lon="118.786261">
        <ele>35.0</ele>
        <time>2026-05-29T23:05:05Z</time>
        <extensions><gpxtpx:TrackPointExtension>
          <gpxtpx:hr>164</gpxtpx:hr>
        </gpxtpx:TrackPointExtension></extensions>
      </trkpt>
      <trkpt lat="32.010006" lon="118.786303">
        <ele>34.8</ele>
        <time>2026-05-29T23:05:06Z</time>
        <extensions><gpxtpx:TrackPointExtension>
          <gpxtpx:hr>164</gpxtpx:hr>
        </gpxtpx:TrackPointExtension></extensions>
      </trkpt>
      <trkpt lat="32.010007" lon="118.786339">
        <ele>34.8</ele>
        <time>2026-05-29T23:05:07Z</time>
        <extensions><gpxtpx:TrackPointExtension>
          <gpxtpx:hr>165</gpxtpx:hr>
        </gpxtpx:TrackPointExtension></extensions>
      </trkpt>
      <trkpt lat="32.010008" lon="118.786381">
        <ele>34.8</ele>
        <time>2026-05-29T23:05:08Z</time>
        <extensions><gpxtpx:TrackPointExtension>
          <gpxtpx:hr>164</gpxtpx:hr>
        </gpxtpx:TrackPointExtension></extensions>
      </trkpt>
      <trkpt lat="32.010009" lon="118.786419">
        <ele>34.8</ele>
        <time>2026-05-29T23:05:09Z</time>
        <extensions><gpxtpx:TrackPointExtension>
          <gpxtpx:hr>163</gpxtpx:hr>
        </gpxtpx:TrackPointExtension></extensions>
      </trkpt>
      <trkpt lat="32.010012" lon="118.786461">
        <ele>34.8</ele>
        <time>2026-05-29T23:05:10Z</time>
        <extensions><gpxtpx:TrackPointExtension>
          <gpxtpx:hr>163</gpxtpx:hr>
        </gpxtpx:TrackPointExtension></extensions>
      </trkpt>
      <trkpt lat="32.010012" lon="118.786498">
        <ele>34.8</ele>
        <time>2026-05-29T23:05:11Z</time>
        <extensions><gpxtpx:TrackPointExtension>
          <gpxtpx:hr>163</gpxtpx:hr>
        </gpxtpx:TrackPointExtension></extensions>
      </trkpt>
      <trkpt lat="32.010016" lon="118.78654">
        <ele>34.8</ele>
        <time>2026-05-29T23:05:12Z</time>
        <extensions><gpxtpx:TrackPointExtension>
          <gpxtpx:hr>162</gpxtpx:hr>
        </gpxtpx:TrackPointExtension></extensions>
      </trkpt>
      <trkpt lat="32.010015" lon="118.786573">
        <ele>34.8</ele>
        <time>2026-05-29T23:05:13Z</time>
        <extensions><gpxtpx:TrackPointExtension>
          <gpxtpx:hr>163</gpxtpx:hr>
        </gpxtpx:TrackPointExtension></extensions>
      </trkpt>
      <trkpt lat="32.010019" lon="118.786613">
        <ele>34.8</ele>
        <time>2026-05-29T23:05:14Z</time>
        <extensions><gpxtpx:TrackPointExtension>
          <gpxtpx:hr>163</gpxtpx:hr>
        </gpxtpx:TrackPointExtension></extensions>
      </trkpt>
      <trkpt lat="32.010018" lon="118.786647">
        <ele>34.8</ele>
        <time>2026-05-29T23:05:15Z</time>
        <extensions><gpxtpx:TrackPointExtension>
          <gpxtpx:hr>162</gpxtpx:hr>
        </gpxtpx:TrackPointExtension></extensions>
      </trkpt>
      <trkpt lat="32.010024" lon="118.786691">
        <ele>35.0</ele>
        <time>2026-05-29T23:05:16Z</time>
        <extensions><gpxtpx:TrackPointExtension>
          <gpxtpx:hr>161</gpxtpx:hr>
        </gpxtpx:TrackPointExtension></extensions>
      </trkpt>
      <trkpt lat="32.010022" lon="118.786726">
        <ele>35.0</ele>
        <time>2026-05-29T23:05:17Z</time>
        <extensions><gpxtpx:TrackPointExtension>
          <gpxtpx:hr>162</gpxtpx:hr>
        </gpxtpx:TrackPointExtension></extensions>
      </trkpt>
      <trkpt lat="32.010023" lon="118.786768">
        <ele>35.0</ele>
        <time>2026-05-29T23:05:18Z</time>
        <extensions><gpxtpx:TrackPointExtension>
          <gpxtpx:hr>162</gpxtpx:hr>
        </gpxtpx:TrackPointExtension></extensions>
      </trkpt>
      <trkpt lat="32.010022" lon="118.786802">
        <ele>35.0</ele>
        <time>2026-05-29T23:05:19Z</time>
        <extensions><gpxtpx:TrackPointExtension>
          <gpxtpx:hr>163</gpxtpx:hr>
        </gpxtpx:TrackPointExtension></extensions>
      </trkpt>
      <trkpt lat="32.010024" lon="118.786845">
        <ele>35.0</ele>
        <time>2026-05-29T23:05:20Z</time>
        <extensions><gpxtpx:TrackPointExtension>
          <gpxtpx:hr>163</gpxtpx:hr>
        </gpxtpx:TrackPointExtension></extensions>
      </trkpt>
      <trkpt lat="32.010024" lon="118.786881">
        <ele>35.0</ele>
        <time>2026-05-29T23:05:21Z</time>
        <extensions><gpxtpx:TrackPointExtension>
          <gpxtpx:hr>163</gpxtpx:hr>
        </gpxtpx:TrackPointExtension></extensions>
      </trkpt>
      <trkpt lat="32.010026" lon="118.786924">
        <ele>35.0</ele>
        <time>2026-05-29T23:05:22Z</time>
        <extensions><gpxtpx:TrackPointExtension>
          <gpxtpx:hr>163</gpxtpx:hr>
        </gpxtpx:TrackPointExtension></extensions>
      </trkpt>
      <trkpt lat="32.010025" lon="118.786957">
        <ele>35.0</ele>
        <time>2026-05-29T23:05:23Z</time>
        <extensions><gpxtpx:TrackPointExtension>
          <gpxtpx:hr>164</gpxtpx:hr>
        </gpxtpx:TrackPointExtension></extensions>
      </trkpt>
      <trkpt lat="32.010029" lon="118.786998">
        <ele>35.0</ele>
        <time>2026-05-29T23:05:24Z</time>
        <extensions><gpxtpx:TrackPointExtension>
          <gpxtpx:hr>164</gpxtpx:hr>
        </gpxtpx:TrackPointExtension></extensions>
      </trkpt>
      <trkpt lat="32.010026" lon="118.787032">
        <ele>35.0</ele>
        <time>2026-05-29T23:05:25Z</time>
        <extensions><gpxtpx:TrackPointExtension>
          <gpxtpx:hr>163</gpxtpx:hr>
        </gpxtpx:TrackPointExtension></extensions>
      </trkpt>
      <trkpt lat="32.010027" lon="118.787072">
        <ele>35.0</ele>
        <time>2026-05-29T23:05:26Z</time>
        <extensions><gpxtpx:TrackPointExtension>
          <gpxtpx:hr>163</gpxtpx:hr>
        </gpxtpx:TrackPointExtension></extensions>
      </trkpt>
      <trkpt lat="32.010024" lon="118.787102">
        <ele>35.0</ele>
        <time>2026-05-29T23:05:27Z</time>
        <extensions><gpxtpx:TrackPointExtension>
          <gpxtpx:hr>164</gpxtpx:hr>
        </gpxtpx:TrackPointExtension></extensions>
      </trkpt>
      <trkpt lat="32.010021" lon="118.787141">
        <ele>35.0</ele>
        <time>2026-05-29T23:05:28Z</time>
        <extensions><gpxtpx:TrackPointExtension>
          <gpxtpx:hr>164</gpxtpx:hr>
        </gpxtpx:TrackPointExtension></extensions>
      </trkpt>
      <trkpt lat="32.010012" lon="118.787173">
        <ele>35.0</ele>
        <time>2026-05-29T23:05:29Z</time>
        <extensions><gpxtpx:TrackPointExtension>
          <gpxtpx:hr>162</gpxtpx:hr>
        </gpxtpx:TrackPointExtension></extensions>
      </trkpt>
      <trkpt lat="32.010004" lon="118.787213">
        <ele>35.0</ele>
        <time>2026-05-29T23:05:30Z</time>
        <extensions><gpxtpx:TrackPointExtension>
          <gpxtpx:hr>163</gpxtpx:hr>
        </gpxtpx:TrackPointExtension></extensions>
      </trkpt>
      <trkpt lat="32.009994" lon="118.787242">
        <ele>35.0</ele>
        <time>2026-05-29T23:05:31Z</time>
        <extensions><gpxtpx:TrackPointExtension>
          <gpxtpx:hr>164</gpxtpx:hr>
        </gpxtpx:TrackPointExtension></extensions>
      </trkpt>
      <trkpt lat="32.009987" lon="118.787283">
        <ele>35.0</ele>
        <time>2026-05-29T23:05:32Z</time>
        <extensions><gpxtpx:TrackPointExtension>
          <gpxtpx:hr>164</gpxtpx:hr>
        </gpxtpx:TrackPointExtension></extensions>
      </trkpt>
      <trkpt lat="32.009977" lon="118.787313">
        <ele>35.0</ele>
        <time>2026-05-29T23:05:33Z</time>
        <extensions><gpxtpx:TrackPointExtension>
          <gpxtpx:hr>164</gpxtpx:hr>
        </gpxtpx:TrackPointExtension></extensions>
      </trkpt>
      <trkpt lat="32.009974" lon="118.787353">
        <ele>35.0</ele>
        <time>2026-05-29T23:05:34Z</time>
        <extensions><gpxtpx:TrackPointExtension>
          <gpxtpx:hr>164</gpxtpx:hr>
        </gpxtpx:TrackPointExtension></extensions>
      </trkpt>
      <trkpt lat="32.009963" lon="118.787387">
        <ele>35.0</ele>
        <time>2026-05-29T23:05:35Z</time>
        <extensions><gpxtpx:TrackPointExtension>
          <gpxtpx:hr>165</gpxtpx:hr>
        </gpxtpx:TrackPointExtension></extensions>
      </trkpt>
      <trkpt lat="32.009956" lon="118.787427">
        <ele>35.2</ele>
        <time>2026-05-29T23:05:36Z</time>
        <extensions><gpxtpx:TrackPointExtension>
          <gpxtpx:hr>164</gpxtpx:hr>
        </gpxtpx:TrackPointExtension></extensions>
      </trkpt>
      <trkpt lat="32.009949" lon="118.787462">
        <ele>35.2</ele>
        <time>2026-05-29T23:05:37Z</time>
        <extensions><gpxtpx:TrackPointExtension>
          <gpxtpx:hr>162</gpxtpx:hr>
        </gpxtpx:TrackPointExtension></extensions>
      </trkpt>
      <trkpt lat="32.009941" lon="118.7875">
        <ele>35.2</ele>
        <time>2026-05-29T23:05:38Z</time>
        <extensions><gpxtpx:TrackPointExtension>
          <gpxtpx:hr>164</gpxtpx:hr>
        </gpxtpx:TrackPointExtension></extensions>
      </trkpt>
      <trkpt lat="32.009931" lon="118.787532">
        <ele>35.2</ele>
        <time>2026-05-29T23:05:39Z</time>
        <extensions><gpxtpx:TrackPointExtension>
          <gpxtpx:hr>166</gpxtpx:hr>
        </gpxtpx:TrackPointExtension></extensions>
      </trkpt>
      <trkpt lat="32.009922" lon="118.787571">
        <ele>35.2</ele>
        <time>2026-05-29T23:05:40Z</time>
        <extensions><gpxtpx:TrackPointExtension>
          <gpxtpx:hr>164</gpxtpx:hr>
        </gpxtpx:TrackPointExtension></extensions>
      </trkpt>
      <trkpt lat="32.009912" lon="118.787606">
        <ele>35.2</ele>
        <time>2026-05-29T23:05:41Z</time>
        <extensions><gpxtpx:TrackPointExtension>
          <gpxtpx:hr>164</gpxtpx:hr>
        </gpxtpx:TrackPointExtension></extensions>
      </trkpt>
      <trkpt lat="32.009905" lon="118.787647">
        <ele>35.0</ele>
        <time>2026-05-29T23:05:42Z</time>
        <extensions><gpxtpx:TrackPointExtension>
          <gpxtpx:hr>166</gpxtpx:hr>
        </gpxtpx:TrackPointExtension></extensions>
      </trkpt>
      <trkpt lat="32.009896" lon="118.787678">
        <ele>35.0</ele>
        <time>2026-05-29T23:05:43Z</time>
        <extensions><gpxtpx:TrackPointExtension>
          <gpxtpx:hr>165</gpxtpx:hr>
        </gpxtpx:TrackPointExtension></extensions>
      </trkpt>
      <trkpt lat="32.009889" lon="118.787723">
        <ele>35.0</ele>
        <time>2026-05-29T23:05:44Z</time>
        <extensions><gpxtpx:TrackPointExtension>
          <gpxtpx:hr>164</gpxtpx:hr>
        </gpxtpx:TrackPointExtension></extensions>
      </trkpt>
      <trkpt lat="32.009883" lon="118.787755">
        <ele>34.8</ele>
        <time>2026-05-29T23:05:45Z</time>
        <extensions><gpxtpx:TrackPointExtension>
          <gpxtpx:hr>164</gpxtpx:hr>
        </gpxtpx:TrackPointExtension></extensions>
      </trkpt>
      <trkpt lat="32.009878" lon="118.787801">
        <ele>34.8</ele>
        <time>2026-05-29T23:05:46Z</time>
        <extensions><gpxtpx:TrackPointExtension>
          <gpxtpx:hr>164</gpxtpx:hr>
        </gpxtpx:TrackPointExtension></extensions>
      </trkpt>
      <trkpt lat="32.009869" lon="118.787834">
        <ele>34.6</ele>
        <time>2026-05-29T23:05:47Z</time>
        <extensions><gpxtpx:TrackPointExtension>
          <gpxtpx:hr>164</gpxtpx:hr>
        </gpxtpx:TrackPointExtension></extensions>
      </trkpt>
      <trkpt lat="32.009861" lon="118.78788">
        <ele>34.6</ele>
        <time>2026-05-29T23:05:48Z</time>
        <extensions><gpxtpx:TrackPointExtension>
          <gpxtpx:hr>165</gpxtpx:hr>
        </gpxtpx:TrackPointExtension></extensions>
      </trkpt>
      <trkpt lat="32.009854" lon="118.787916">
        <ele>34.6</ele>
        <time>2026-05-29T23:05:49Z</time>
        <extensions><gpxtpx:TrackPointExtension>
          <gpxtpx:hr>164</gpxtpx:hr>
        </gpxtpx:TrackPointExtension></extensions>
      </trkpt>
      <trkpt lat="32.009848" lon="118.787961">
        <ele>34.4</ele>
        <time>2026-05-29T23:05:50Z</time>
        <extensions><gpxtpx:TrackPointExtension>
          <gpxtpx:hr>167</gpxtpx:hr>
        </gpxtpx:TrackPointExtension></extensions>
      </trkpt>
      <trkpt lat="32.009838" lon="118.787997">
        <ele>34.4</ele>
        <time>2026-05-29T23:05:51Z</time>
        <extensions><gpxtpx:TrackPointExtension>
          <gpxtpx:hr>166</gpxtpx:hr>
        </gpxtpx:TrackPointExtension></extensions>
      </trkpt>
      <trkpt lat="32.009835" lon="118.788043">
        <ele>34.4</ele>
        <time>2026-05-29T23:05:52Z</time>
        <extensions><gpxtpx:TrackPointExtension>
          <gpxtpx:hr>165</gpxtpx:hr>
        </gpxtpx:TrackPointExtension></extensions>
      </trkpt>
      <trkpt lat="32.009828" lon="118.788079">
        <ele>34.2</ele>
        <time>2026-05-29T23:05:53Z</time>
        <extensions><gpxtpx:TrackPointExtension>
          <gpxtpx:hr>166</gpxtpx:hr>
        </gpxtpx:TrackPointExtension></extensions>
      </trkpt>
      <trkpt lat="32.009824" lon="118.788126">
        <ele>34.0</ele>
        <time>2026-05-29T23:05:54Z</time>
        <extensions><gpxtpx:TrackPointExtension>
          <gpxtpx:hr>166</gpxtpx:hr>
        </gpxtpx:TrackPointExtension></extensions>
      </trkpt>
      <trkpt lat="32.009818" lon="118.788163">
        <ele>33.8</ele>
        <time>2026-05-29T23:05:55Z</time>
        <extensions><gpxtpx:TrackPointExtension>
          <gpxtpx:hr>166</gpxtpx:hr>
        </gpxtpx:TrackPointExtension></extensions>
      </trkpt>
      <trkpt lat="32.009813" lon="118.78821">
        <ele>33.8</ele>
        <time>2026-05-29T23:05:56Z</time>
        <extensions><gpxtpx:TrackPointExtension>
          <gpxtpx:hr>166</gpxtpx:hr>
        </gpxtpx:TrackPointExtension></extensions>
      </trkpt>
      <trkpt lat="32.009807" lon="118.788245">
        <ele>33.4</ele>
        <time>2026-05-29T23:05:57Z</time>
        <extensions><gpxtpx:TrackPointExtension>
          <gpxtpx:hr>166</gpxtpx:hr>
        </gpxtpx:TrackPointExtension></extensions>
      </trkpt>
      <trkpt lat="32.009805" lon="118.788288">
        <ele>33.4</ele>
        <time>2026-05-29T23:05:58Z</time>
        <extensions><gpxtpx:TrackPointExtension>
          <gpxtpx:hr>166</gpxtpx:hr>
        </gpxtpx:TrackPointExtension></extensions>
      </trkpt>
      <trkpt lat="32.009798" lon="118.788322">
        <ele>33.2</ele>
        <time>2026-05-29T23:05:59Z</time>
        <extensions><gpxtpx:TrackPointExtension>
          <gpxtpx:hr>167</gpxtpx:hr>
        </gpxtpx:TrackPointExtension></extensions>
      </trkpt>
      <trkpt lat="32.009793" lon="118.788369">
        <ele>33.0</ele>
        <time>2026-05-29T23:06:00Z</time>
        <extensions><gpxtpx:TrackPointExtension>
          <gpxtpx:hr>166</gpxtpx:hr>
        </gpxtpx:TrackPointExtension></extensions>
      </trkpt>
      <trkpt lat="32.009786" lon="118.788403">
        <ele>33.0</ele>
        <time>2026-05-29T23:06:01Z</time>
        <extensions><gpxtpx:TrackPointExtension>
          <gpxtpx:hr>167</gpxtpx:hr>
        </gpxtpx:TrackPointExtension></extensions>
      </trkpt>
      <trkpt lat="32.009785" lon="118.78845">
        <ele>32.8</ele>
        <time>2026-05-29T23:06:02Z</time>
        <extensions><gpxtpx:TrackPointExtension>
          <gpxtpx:hr>166</gpxtpx:hr>
        </gpxtpx:TrackPointExtension></extensions>
      </trkpt>
      <trkpt lat="32.009779" lon="118.788484">
        <ele>32.6</ele>
        <time>2026-05-29T23:06:03Z</time>
        <extensions><gpxtpx:TrackPointExtension>
          <gpxtpx:hr>167</gpxtpx:hr>
        </gpxtpx:TrackPointExtension></extensions>
      </trkpt>
      <trkpt lat="32.00978" lon="118.788532">
        <ele>32.6</ele>
        <time>2026-05-29T23:06:04Z</time>
        <extensions><gpxtpx:TrackPointExtension>
          <gpxtpx:hr>166</gpxtpx:hr>
        </gpxtpx:TrackPointExtension></extensions>
      </trkpt>
      <trkpt lat="32.009775" lon="118.788568">
        <ele>32.4</ele>
        <time>2026-05-29T23:06:05Z</time>
        <extensions><gpxtpx:TrackPointExtension>
          <gpxtpx:hr>165</gpxtpx:hr>
        </gpxtpx:TrackPointExtension></extensions>
      </trkpt>
      <trkpt lat="32.009769" lon="118.788616">
        <ele>32.2</ele>
        <time>2026-05-29T23:06:06Z</time>
        <extensions><gpxtpx:TrackPointExtension>
          <gpxtpx:hr>166</gpxtpx:hr>
        </gpxtpx:TrackPointExtension></extensions>
      </trkpt>
      <trkpt lat="32.009764" lon="118.788655">
        <ele>32.2</ele>
        <time>2026-05-29T23:06:07Z</time>
        <extensions><gpxtpx:TrackPointExtension>
          <gpxtpx:hr>166</gpxtpx:hr>
        </gpxtpx:TrackPointExtension></extensions>
      </trkpt>
      <trkpt lat="32.009762" lon="118.788702">
        <ele>32.0</ele>
        <time>2026-05-29T23:06:08Z</time>
        <extensions><gpxtpx:TrackPointExtension>
          <gpxtpx:hr>166</gpxtpx:hr>
        </gpxtpx:TrackPointExtension></extensions>
      </trkpt>
      <trkpt lat="32.009757" lon="118.788739">
        <ele>31.8</ele>
        <time>2026-05-29T23:06:09Z</time>
        <extensions><gpxtpx:TrackPointExtension>
          <gpxtpx:hr>166</gpxtpx:hr>
        </gpxtpx:TrackPointExtension></extensions>
      </trkpt>
      <trkpt lat="32.00975" lon="118.788786">
        <ele>31.8</ele>
        <time>2026-05-29T23:06:10Z</time>
        <extensions><gpxtpx:TrackPointExtension>
          <gpxtpx:hr>166</gpxtpx:hr>
        </gpxtpx:TrackPointExtension></extensions>
      </trkpt>
      <trkpt lat="32.009743" lon="118.788821">
        <ele>31.6</ele>
        <time>2026-05-29T23:06:11Z</time>
        <extensions><gpxtpx:TrackPointExtension>
          <gpxtpx:hr>164</gpxtpx:hr>
        </gpxtpx:TrackPointExtension></extensions>
      </trkpt>
      <trkpt lat="32.009741" lon="118.788869">
        <ele>31.4</ele>
        <time>2026-05-29T23:06:12Z</time>
        <extensions><gpxtpx:TrackPointExtension>
          <gpxtpx:hr>166</gpxtpx:hr>
        </gpxtpx:TrackPointExtension></extensions>
      </trkpt>
      <trkpt lat="32.009743" lon="118.788905">
        <ele>31.4</ele>
        <time>2026-05-29T23:06:13Z</time>
        <extensions><gpxtpx:TrackPointExtension>
          <gpxtpx:hr>165</gpxtpx:hr>
        </gpxtpx:TrackPointExtension></extensions>
      </trkpt>
      <trkpt lat="32.009763" lon="118.788946">
        <ele>31.2</ele>
        <time>2026-05-29T23:06:14Z</time>
        <extensions><gpxtpx:TrackPointExtension>
          <gpxtpx:hr>163</gpxtpx:hr>
        </gpxtpx:TrackPointExtension></extensions>
      </trkpt>
      <trkpt lat="32.009781" lon="118.788977">
        <ele>31.2</ele>
        <time>2026-05-29T23:06:15Z</time>
        <extensions><gpxtpx:TrackPointExtension>
          <gpxtpx:hr>165</gpxtpx:hr>
        </gpxtpx:TrackPointExtension></extensions>
      </trkpt>
      <trkpt lat="32.009812" lon="118.789003">
        <ele>31.2</ele>
        <time>2026-05-29T23:06:16Z</time>
        <extensions><gpxtpx:TrackPointExtension>
          <gpxtpx:hr>166</gpxtpx:hr>
        </gpxtpx:TrackPointExtension></extensions>
      </trkpt>
      <trkpt lat="32.00984" lon="118.789023">
        <ele>31.2</ele>
        <time>2026-05-29T23:06:17Z</time>
        <extensions><gpxtpx:TrackPointExtension>
          <gpxtpx:hr>163</gpxtpx:hr>
        </gpxtpx:TrackPointExtension></extensions>
      </trkpt>
      <trkpt lat="32.009875" lon="118.789037">
        <ele>31.0</ele>
        <time>2026-05-29T23:06:18Z</time>
        <extensions><gpxtpx:TrackPointExtension>
          <gpxtpx:hr>163</gpxtpx:hr>
        </gpxtpx:TrackPointExtension></extensions>
      </trkpt>
      <trkpt lat="32.009906" lon="118.789047">
        <ele>31.0</ele>
        <time>2026-05-29T23:06:19Z</time>
        <extensions><gpxtpx:TrackPointExtension>
          <gpxtpx:hr>166</gpxtpx:hr>
        </gpxtpx:TrackPointExtension></extensions>
      </trkpt>
      <trkpt lat="32.009944" lon="118.789057">
        <ele>31.0</ele>
        <time>2026-05-29T23:06:20Z</time>
        <extensions><gpxtpx:TrackPointExtension>
          <gpxtpx:hr>165</gpxtpx:hr>
        </gpxtpx:TrackPointExtension></extensions>
      </trkpt>
      <trkpt lat="32.009977" lon="118.789065">
        <ele>30.8</ele>
        <time>2026-05-29T23:06:21Z</time>
        <extensions><gpxtpx:TrackPointExtension>
          <gpxtpx:hr>165</gpxtpx:hr>
        </gpxtpx:TrackPointExtension></extensions>
      </trkpt>
      <trkpt lat="32.010017" lon="118.789071">
        <ele>30.8</ele>
        <time>2026-05-29T23:06:22Z</time>
        <extensions><gpxtpx:TrackPointExtension>
          <gpxtpx:hr>166</gpxtpx:hr>
        </gpxtpx:TrackPointExtension></extensions>
      </trkpt>
      <trkpt lat="32.010051" lon="118.789079">
        <ele>30.8</ele>
        <time>2026-05-29T23:06:23Z</time>
        <extensions><gpxtpx:TrackPointExtension>
          <gpxtpx:hr>166</gpxtpx:hr>
        </gpxtpx:TrackPointExtension></extensions>
      </trkpt>
      <trkpt lat="32.010091" lon="118.789089">
        <ele>30.8</ele>
        <time>2026-05-29T23:06:24Z</time>
        <extensions><gpxtpx:TrackPointExtension>
          <gpxtpx:hr>167</gpxtpx:hr>
        </gpxtpx:TrackPointExtension></extensions>
      </trkpt>
      <trkpt lat="32.010124" lon="118.789098">
        <ele>30.8</ele>
        <time>2026-05-29T23:06:25Z</time>
        <extensions><gpxtpx:TrackPointExtension>
          <gpxtpx:hr>166</gpxtpx:hr>
        </gpxtpx:TrackPointExtension></extensions>
      </trkpt>
      <trkpt lat="32.010162" lon="118.789105">
        <ele>30.8</ele>
        <time>2026-05-29T23:06:26Z</time>
        <extensions><gpxtpx:TrackPointExtension>
          <gpxtpx:hr>167</gpxtpx:hr>
        </gpxtpx:TrackPointExtension></extensions>
      </trkpt>
      <trkpt lat="32.010192" lon="118.789114">
        <ele>30.8</ele>
        <time>2026-05-29T23:06:27Z</time>
        <extensions><gpxtpx:TrackPointExtension>
          <gpxtpx:hr>167</gpxtpx:hr>
        </gpxtpx:TrackPointExtension></extensions>
      </trkpt>
      <trkpt lat="32.010227" lon="118.789124">
        <ele>30.8</ele>
        <time>2026-05-29T23:06:28Z</time>
        <extensions><gpxtpx:TrackPointExtension>
          <gpxtpx:hr>168</gpxtpx:hr>
        </gpxtpx:TrackPointExtension></extensions>
      </trkpt>
      <trkpt lat="32.010258" lon="118.789132">
        <ele>30.8</ele>
        <time>2026-05-29T23:06:29Z</time>
        <extensions><gpxtpx:TrackPointExtension>
          <gpxtpx:hr>167</gpxtpx:hr>
        </gpxtpx:TrackPointExtension></extensions>
      </trkpt>
      <trkpt lat="32.01029" lon="118.789142">
        <ele>30.8</ele>
        <time>2026-05-29T23:06:30Z</time>
        <extensions><gpxtpx:TrackPointExtension>
          <gpxtpx:hr>168</gpxtpx:hr>
        </gpxtpx:TrackPointExtension></extensions>
      </trkpt>
      <trkpt lat="32.010323" lon="118.78915">
        <ele>30.8</ele>
        <time>2026-05-29T23:06:31Z</time>
        <extensions><gpxtpx:TrackPointExtension>
          <gpxtpx:hr>167</gpxtpx:hr>
        </gpxtpx:TrackPointExtension></extensions>
      </trkpt>
      <trkpt lat="32.010358" lon="118.789156">
        <ele>31.0</ele>
        <time>2026-05-29T23:06:32Z</time>
        <extensions><gpxtpx:TrackPointExtension>
          <gpxtpx:hr>167</gpxtpx:hr>
        </gpxtpx:TrackPointExtension></extensions>
      </trkpt>
      <trkpt lat="32.010387" lon="118.789167">
        <ele>31.0</ele>
        <time>2026-05-29T23:06:33Z</time>
        <extensions><gpxtpx:TrackPointExtension>
          <gpxtpx:hr>168</gpxtpx:hr>
        </gpxtpx:TrackPointExtension></extensions>
      </trkpt>
      <trkpt lat="32.010424" lon="118.789174">
        <ele>31.0</ele>
        <time>2026-05-29T23:06:34Z</time>
        <extensions><gpxtpx:TrackPointExtension>
          <gpxtpx:hr>167</gpxtpx:hr>
        </gpxtpx:TrackPointExtension></extensions>
      </trkpt>
      <trkpt lat="32.010451" lon="118.789182">
        <ele>31.0</ele>
        <time>2026-05-29T23:06:35Z</time>
        <extensions><gpxtpx:TrackPointExtension>
          <gpxtpx:hr>167</gpxtpx:hr>
        </gpxtpx:TrackPointExtension></extensions>
      </trkpt>
      <trkpt lat="32.010488" lon="118.789193">
        <ele>30.8</ele>
        <time>2026-05-29T23:06:36Z</time>
        <extensions><gpxtpx:TrackPointExtension>
          <gpxtpx:hr>167</gpxtpx:hr>
        </gpxtpx:TrackPointExtension></extensions>
      </trkpt>
      <trkpt lat="32.010517" lon="118.789201">
        <ele>30.8</ele>
        <time>2026-05-29T23:06:37Z</time>
        <extensions><gpxtpx:TrackPointExtension>
          <gpxtpx:hr>168</gpxtpx:hr>
        </gpxtpx:TrackPointExtension></extensions>
      </trkpt>
      <trkpt lat="32.010554" lon="118.789211">
        <ele>30.6</ele>
        <time>2026-05-29T23:06:38Z</time>
        <extensions><gpxtpx:TrackPointExtension>
          <gpxtpx:hr>167</gpxtpx:hr>
        </gpxtpx:TrackPointExtension></extensions>
      </trkpt>
      <trkpt lat="32.010583" lon="118.789221">
        <ele>30.6</ele>
        <time>2026-05-29T23:06:39Z</time>
        <extensions><gpxtpx:TrackPointExtension>
          <gpxtpx:hr>167</gpxtpx:hr>
        </gpxtpx:TrackPointExtension></extensions>
      </trkpt>
      <trkpt lat="32.010618" lon="118.789229">
        <ele>30.6</ele>
        <time>2026-05-29T23:06:40Z</time>
        <extensions><gpxtpx:TrackPointExtension>
          <gpxtpx:hr>167</gpxtpx:hr>
        </gpxtpx:TrackPointExtension></extensions>
      </trkpt>
      <trkpt lat="32.010647" lon="118.789238">
        <ele>30.6</ele>
        <time>2026-05-29T23:06:41Z</time>
        <extensions><gpxtpx:TrackPointExtension>
          <gpxtpx:hr>166</gpxtpx:hr>
        </gpxtpx:TrackPointExtension></extensions>
      </trkpt>
      <trkpt lat="32.010684" lon="118.789241">
        <ele>30.6</ele>
        <time>2026-05-29T23:06:42Z</time>
        <extensions><gpxtpx:TrackPointExtension>
          <gpxtpx:hr>168</gpxtpx:hr>
        </gpxtpx:TrackPointExtension></extensions>
      </trkpt>
      <trkpt lat="32.010709" lon="118.789244">
        <ele>30.6</ele>
        <time>2026-05-29T23:06:43Z</time>
        <extensions><gpxtpx:TrackPointExtension>
          <gpxtpx:hr>168</gpxtpx:hr>
        </gpxtpx:TrackPointExtension></extensions>
      </trkpt>
      <trkpt lat="32.010745" lon="118.789237">
        <ele>30.6</ele>
        <time>2026-05-29T23:06:44Z</time>
        <extensions><gpxtpx:TrackPointExtension>
          <gpxtpx:hr>166</gpxtpx:hr>
        </gpxtpx:TrackPointExtension></extensions>
      </trkpt>
      <trkpt lat="32.010775" lon="118.789238">
        <ele>30.8</ele>
        <time>2026-05-29T23:06:45Z</time>
        <extensions><gpxtpx:TrackPointExtension>
          <gpxtpx:hr>165</gpxtpx:hr>
        </gpxtpx:TrackPointExtension></extensions>
      </trkpt>
      <trkpt lat="32.010811" lon="118.789233">
        <ele>30.8</ele>
        <time>2026-05-29T23:06:46Z</time>
        <extensions><gpxtpx:TrackPointExtension>
          <gpxtpx:hr>166</gpxtpx:hr>
        </gpxtpx:TrackPointExtension></extensions>
      </trkpt>
      <trkpt lat="32.010838" lon="118.789242">
        <ele>30.8</ele>
        <time>2026-05-29T23:06:47Z</time>
        <extensions><gpxtpx:TrackPointExtension>
          <gpxtpx:hr>166</gpxtpx:hr>
        </gpxtpx:TrackPointExtension></extensions>
      </trkpt>
      <trkpt lat="32.010875" lon="118.789253">
        <ele>30.8</ele>
        <time>2026-05-29T23:06:48Z</time>
        <extensions><gpxtpx:TrackPointExtension>
          <gpxtpx:hr>165</gpxtpx:hr>
        </gpxtpx:TrackPointExtension></extensions>
      </trkpt>
      <trkpt lat="32.010903" lon="118.789264">
        <ele>30.8</ele>
        <time>2026-05-29T23:06:49Z</time>
        <extensions><gpxtpx:TrackPointExtension>
          <gpxtpx:hr>166</gpxtpx:hr>
        </gpxtpx:TrackPointExtension></extensions>
      </trkpt>
      <trkpt lat="32.010943" lon="118.789273">
        <ele>30.6</ele>
        <time>2026-05-29T23:06:50Z</time>
        <extensions><gpxtpx:TrackPointExtension>
          <gpxtpx:hr>166</gpxtpx:hr>
        </gpxtpx:TrackPointExtension></extensions>
      </trkpt>
      <trkpt lat="32.010973" lon="118.78928">
        <ele>30.6</ele>
        <time>2026-05-29T23:06:51Z</time>
        <extensions><gpxtpx:TrackPointExtension>
          <gpxtpx:hr>167</gpxtpx:hr>
        </gpxtpx:TrackPointExtension></extensions>
      </trkpt>
      <trkpt lat="32.011008" lon="118.789288">
        <ele>30.6</ele>
        <time>2026-05-29T23:06:52Z</time>
        <extensions><gpxtpx:TrackPointExtension>
          <gpxtpx:hr>167</gpxtpx:hr>
        </gpxtpx:TrackPointExtension></extensions>
      </trkpt>
      <trkpt lat="32.011037" lon="118.789297">
        <ele>30.6</ele>
        <time>2026-05-29T23:06:53Z</time>
        <extensions><gpxtpx:TrackPointExtension>
          <gpxtpx:hr>166</gpxtpx:hr>
        </gpxtpx:TrackPointExtension></extensions>
      </trkpt>
      <trkpt lat="32.011072" lon="118.789307">
        <ele>30.8</ele>
        <time>2026-05-29T23:06:54Z</time>
        <extensions><gpxtpx:TrackPointExtension>
          <gpxtpx:hr>166</gpxtpx:hr>
        </gpxtpx:TrackPointExtension></extensions>
      </trkpt>
      <trkpt lat="32.0111" lon="118.789319">
        <ele>30.8</ele>
        <time>2026-05-29T23:06:55Z</time>
        <extensions><gpxtpx:TrackPointExtension>
          <gpxtpx:hr>169</gpxtpx:hr>
        </gpxtpx:TrackPointExtension></extensions>
      </trkpt>
      <trkpt lat="32.011137" lon="118.789332">
        <ele>30.6</ele>
        <time>2026-05-29T23:06:56Z</time>
        <extensions><gpxtpx:TrackPointExtension>
          <gpxtpx:hr>167</gpxtpx:hr>
        </gpxtpx:TrackPointExtension></extensions>
      </trkpt>
      <trkpt lat="32.011169" lon="118.789342">
        <ele>30.6</ele>
        <time>2026-05-29T23:06:57Z</time>
        <extensions><gpxtpx:TrackPointExtension>
          <gpxtpx:hr>167</gpxtpx:hr>
        </gpxtpx:TrackPointExtension></extensions>
      </trkpt>
      <trkpt lat="32.011205" lon="118.789351">
        <ele>30.8</ele>
        <time>2026-05-29T23:06:58Z</time>
        <extensions><gpxtpx:TrackPointExtension>
          <gpxtpx:hr>167</gpxtpx:hr>
        </gpxtpx:TrackPointExtension></extensions>
      </trkpt>
      <trkpt lat="32.011233" lon="118.789362">
        <ele>30.6</ele>
        <time>2026-05-29T23:06:59Z</time>
        <extensions><gpxtpx:TrackPointExtension>
          <gpxtpx:hr>168</gpxtpx:hr>
        </gpxtpx:TrackPointExtension></extensions>
      </trkpt>
      <trkpt lat="32.011267" lon="118.789371">
        <ele>30.8</ele>
        <time>2026-05-29T23:07:00Z</time>
        <extensions><gpxtpx:TrackPointExtension>
          <gpxtpx:hr>169</gpxtpx:hr>
        </gpxtpx:TrackPointExtension></extensions>
      </trkpt>
      <trkpt lat="32.011296" lon="118.78938">
        <ele>30.8</ele>
        <time>2026-05-29T23:07:01Z</time>
        <extensions><gpxtpx:TrackPointExtension>
          <gpxtpx:hr>167</gpxtpx:hr>
        </gpxtpx:TrackPointExtension></extensions>
      </trkpt>
      <trkpt lat="32.011331" lon="118.789387">
        <ele>30.8</ele>
        <time>2026-05-29T23:07:02Z</time>
        <extensions><gpxtpx:TrackPointExtension>
          <gpxtpx:hr>167</gpxtpx:hr>
        </gpxtpx:TrackPointExtension></extensions>
      </trkpt>
      <trkpt lat="32.011363" lon="118.789394">
        <ele>30.8</ele>
        <time>2026-05-29T23:07:03Z</time>
        <extensions><gpxtpx:TrackPointExtension>
          <gpxtpx:hr>167</gpxtpx:hr>
        </gpxtpx:TrackPointExtension></extensions>
      </trkpt>
      <trkpt lat="32.0114" lon="118.789399">
        <ele>30.8</ele>
        <time>2026-05-29T23:07:04Z</time>
        <extensions><gpxtpx:TrackPointExtension>
          <gpxtpx:hr>168</gpxtpx:hr>
        </gpxtpx:TrackPointExtension></extensions>
      </trkpt>
      <trkpt lat="32.011428" lon="118.789408">
        <ele>30.8</ele>
        <time>2026-05-29T23:07:05Z</time>
        <extensions><gpxtpx:TrackPointExtension>
          <gpxtpx:hr>167</gpxtpx:hr>
        </gpxtpx:TrackPointExtension></extensions>
      </trkpt>
      <trkpt lat="32.011462" lon="118.789414">
        <ele>30.8</ele>
        <time>2026-05-29T23:07:06Z</time>
        <extensions><gpxtpx:TrackPointExtension>
          <gpxtpx:hr>167</gpxtpx:hr>
        </gpxtpx:TrackPointExtension></extensions>
      </trkpt>
      <trkpt lat="32.01149" lon="118.789422">
        <ele>30.8</ele>
        <time>2026-05-29T23:07:07Z</time>
        <extensions><gpxtpx:TrackPointExtension>
          <gpxtpx:hr>166</gpxtpx:hr>
        </gpxtpx:TrackPointExtension></extensions>
      </trkpt>
      <trkpt lat="32.011527" lon="118.789434">
        <ele>30.8</ele>
        <time>2026-05-29T23:07:08Z</time>
        <extensions><gpxtpx:TrackPointExtension>
          <gpxtpx:hr>168</gpxtpx:hr>
        </gpxtpx:TrackPointExtension></extensions>
      </trkpt>
      <trkpt lat="32.011556" lon="118.789445">
        <ele>30.8</ele>
        <time>2026-05-29T23:07:09Z</time>
        <extensions><gpxtpx:TrackPointExtension>
          <gpxtpx:hr>167</gpxtpx:hr>
        </gpxtpx:TrackPointExtension></extensions>
      </trkpt>
      <trkpt lat="32.011591" lon="118.789455">
        <ele>30.8</ele>
        <time>2026-05-29T23:07:10Z</time>
        <extensions><gpxtpx:TrackPointExtension>
          <gpxtpx:hr>166</gpxtpx:hr>
        </gpxtpx:TrackPointExtension></extensions>
      </trkpt>
      <trkpt lat="32.011619" lon="118.789464">
        <ele>30.6</ele>
        <time>2026-05-29T23:07:11Z</time>
        <extensions><gpxtpx:TrackPointExtension>
          <gpxtpx:hr>166</gpxtpx:hr>
        </gpxtpx:TrackPointExtension></extensions>
      </trkpt>
      <trkpt lat="32.011655" lon="118.789464">
        <ele>30.8</ele>
        <time>2026-05-29T23:07:12Z</time>
        <extensions><gpxtpx:TrackPointExtension>
          <gpxtpx:hr>167</gpxtpx:hr>
        </gpxtpx:TrackPointExtension></extensions>
      </trkpt>
      <trkpt lat="32.011683" lon="118.789472">
        <ele>30.8</ele>
        <time>2026-05-29T23:07:13Z</time>
        <extensions><gpxtpx:TrackPointExtension>
          <gpxtpx:hr>167</gpxtpx:hr>
        </gpxtpx:TrackPointExtension></extensions>
      </trkpt>
      <trkpt lat="32.011723" lon="118.789479">
        <ele>30.6</ele>
        <time>2026-05-29T23:07:14Z</time>
        <extensions><gpxtpx:TrackPointExtension>
          <gpxtpx:hr>167</gpxtpx:hr>
        </gpxtpx:TrackPointExtension></extensions>
      </trkpt>
      <trkpt lat="32.011754" lon="118.789486">
        <ele>30.6</ele>
        <time>2026-05-29T23:07:15Z</time>
        <extensions><gpxtpx:TrackPointExtension>
          <gpxtpx:hr>167</gpxtpx:hr>
        </gpxtpx:TrackPointExtension></extensions>
      </trkpt>
      <trkpt lat="32.011791" lon="118.789495">
        <ele>30.6</ele>
        <time>2026-05-29T23:07:16Z</time>
        <extensions><gpxtpx:TrackPointExtension>
          <gpxtpx:hr>165</gpxtpx:hr>
        </gpxtpx:TrackPointExtension></extensions>
      </trkpt>
      <trkpt lat="32.011822" lon="118.789504">
        <ele>30.4</ele>
        <time>2026-05-29T23:07:17Z</time>
        <extensions><gpxtpx:TrackPointExtension>
          <gpxtpx:hr>165</gpxtpx:hr>
        </gpxtpx:TrackPointExtension></extensions>
      </trkpt>
      <trkpt lat="32.011859" lon="118.789516">
        <ele>30.4</ele>
        <time>2026-05-29T23:07:18Z</time>
        <extensions><gpxtpx:TrackPointExtension>
          <gpxtpx:hr>168</gpxtpx:hr>
        </gpxtpx:TrackPointExtension></extensions>
      </trkpt>
      <trkpt lat="32.01189" lon="118.789525">
        <ele>30.4</ele>
        <time>2026-05-29T23:07:19Z</time>
        <extensions><gpxtpx:TrackPointExtension>
          <gpxtpx:hr>167</gpxtpx:hr>
        </gpxtpx:TrackPointExtension></extensions>
      </trkpt>
      <trkpt lat="32.011927" lon="118.789533">
        <ele>30.4</ele>
        <time>2026-05-29T23:07:20Z</time>
        <extensions><gpxtpx:TrackPointExtension>
          <gpxtpx:hr>167</gpxtpx:hr>
        </gpxtpx:TrackPointExtension></extensions>
      </trkpt>
      <trkpt lat="32.011959" lon="118.789542">
        <ele>30.4</ele>
        <time>2026-05-29T23:07:21Z</time>
        <extensions><gpxtpx:TrackPointExtension>
          <gpxtpx:hr>168</gpxtpx:hr>
        </gpxtpx:TrackPointExtension></extensions>
      </trkpt>
      <trkpt lat="32.011997" lon="118.789549">
        <ele>30.4</ele>
        <time>2026-05-29T23:07:22Z</time>
        <extensions><gpxtpx:TrackPointExtension>
          <gpxtpx:hr>169</gpxtpx:hr>
        </gpxtpx:TrackPointExtension></extensions>
      </trkpt>
      <trkpt lat="32.012028" lon="118.789557">
        <ele>30.4</ele>
        <time>2026-05-29T23:07:23Z</time>
        <extensions><gpxtpx:TrackPointExtension>
          <gpxtpx:hr>170</gpxtpx:hr>
        </gpxtpx:TrackPointExtension></extensions>
      </trkpt>
      <trkpt lat="32.012066" lon="118.789564">
        <ele>30.4</ele>
        <time>2026-05-29T23:07:24Z</time>
        <extensions><gpxtpx:TrackPointExtension>
          <gpxtpx:hr>167</gpxtpx:hr>
        </gpxtpx:TrackPointExtension></extensions>
      </trkpt>
      <trkpt lat="32.012094" lon="118.789571">
        <ele>30.4</ele>
        <time>2026-05-29T23:07:25Z</time>
        <extensions><gpxtpx:TrackPointExtension>
          <gpxtpx:hr>168</gpxtpx:hr>
        </gpxtpx:TrackPointExtension></extensions>
      </trkpt>
      <trkpt lat="32.012129" lon="118.789579">
        <ele>30.4</ele>
        <time>2026-05-29T23:07:26Z</time>
        <extensions><gpxtpx:TrackPointExtension>
          <gpxtpx:hr>168</gpxtpx:hr>
        </gpxtpx:TrackPointExtension></extensions>
      </trkpt>
      <trkpt lat="32.012157" lon="118.789584">
        <ele>30.4</ele>
        <time>2026-05-29T23:07:27Z</time>
        <extensions><gpxtpx:TrackPointExtension>
          <gpxtpx:hr>168</gpxtpx:hr>
        </gpxtpx:TrackPointExtension></extensions>
      </trkpt>
      <trkpt lat="32.01219" lon="118.789593">
        <ele>30.4</ele>
        <time>2026-05-29T23:07:28Z</time>
        <extensions><gpxtpx:TrackPointExtension>
          <gpxtpx:hr>169</gpxtpx:hr>
        </gpxtpx:TrackPointExtension></extensions>
      </trkpt>
      <trkpt lat="32.012219" lon="118.789601">
        <ele>30.4</ele>
        <time>2026-05-29T23:07:29Z</time>
        <extensions><gpxtpx:TrackPointExtension>
          <gpxtpx:hr>169</gpxtpx:hr>
        </gpxtpx:TrackPointExtension></extensions>
      </trkpt>
      <trkpt lat="32.012254" lon="118.789608">
        <ele>30.4</ele>
        <time>2026-05-29T23:07:30Z</time>
        <extensions><gpxtpx:TrackPointExtension>
          <gpxtpx:hr>169</gpxtpx:hr>
        </gpxtpx:TrackPointExtension></extensions>
      </trkpt>
      <trkpt lat="32.012282" lon="118.789617">
        <ele>30.2</ele>
        <time>2026-05-29T23:07:31Z</time>
        <extensions><gpxtpx:TrackPointExtension>
          <gpxtpx:hr>167</gpxtpx:hr>
        </gpxtpx:TrackPointExtension></extensions>
      </trkpt>
      <trkpt lat="32.012318" lon="118.789624">
        <ele>30.2</ele>
        <time>2026-05-29T23:07:32Z</time>
        <extensions><gpxtpx:TrackPointExtension>
          <gpxtpx:hr>167</gpxtpx:hr>
        </gpxtpx:TrackPointExtension></extensions>
      </trkpt>
      <trkpt lat="32.012348" lon="118.789634">
        <ele>30.2</ele>
        <time>2026-05-29T23:07:33Z</time>
        <extensions><gpxtpx:TrackPointExtension>
          <gpxtpx:hr>169</gpxtpx:hr>
        </gpxtpx:TrackPointExtension></extensions>
      </trkpt>
      <trkpt lat="32.012384" lon="118.789648">
        <ele>30.2</ele>
        <time>2026-05-29T23:07:34Z</time>
        <extensions><gpxtpx:TrackPointExtension>
          <gpxtpx:hr>170</gpxtpx:hr>
        </gpxtpx:TrackPointExtension></extensions>
      </trkpt>
      <trkpt lat="32.012412" lon="118.789656">
        <ele>30.0</ele>
        <time>2026-05-29T23:07:35Z</time>
        <extensions><gpxtpx:TrackPointExtension>
          <gpxtpx:hr>169</gpxtpx:hr>
        </gpxtpx:TrackPointExtension></extensions>
      </trkpt>
      <trkpt lat="32.012447" lon="118.789667">
        <ele>30.2</ele>
        <time>2026-05-29T23:07:36Z</time>
        <extensions><gpxtpx:TrackPointExtension>
          <gpxtpx:hr>169</gpxtpx:hr>
        </gpxtpx:TrackPointExtension></extensions>
      </trkpt>
      <trkpt lat="32.012475" lon="118.789679">
        <ele>30.2</ele>
        <time>2026-05-29T23:07:37Z</time>
        <extensions><gpxtpx:TrackPointExtension>
          <gpxtpx:hr>169</gpxtpx:hr>
        </gpxtpx:TrackPointExtension></extensions>
      </trkpt>
      <trkpt lat="32.01251" lon="118.789692">
        <ele>30.2</ele>
        <time>2026-05-29T23:07:38Z</time>
        <extensions><gpxtpx:TrackPointExtension>
          <gpxtpx:hr>169</gpxtpx:hr>
        </gpxtpx:TrackPointExtension></extensions>
      </trkpt>
      <trkpt lat="32.012538" lon="118.789702">
        <ele>30.2</ele>
        <time>2026-05-29T23:07:39Z</time>
        <extensions><gpxtpx:TrackPointExtension>
          <gpxtpx:hr>170</gpxtpx:hr>
        </gpxtpx:TrackPointExtension></extensions>
      </trkpt>
      <trkpt lat="32.012577" lon="118.789715">
        <ele>30.2</ele>
        <time>2026-05-29T23:07:40Z</time>
        <extensions><gpxtpx:TrackPointExtension>
          <gpxtpx:hr>171</gpxtpx:hr>
        </gpxtpx:TrackPointExtension></extensions>
      </trkpt>
      <trkpt lat="32.012605" lon="118.789726">
        <ele>30.2</ele>
        <time>2026-05-29T23:07:41Z</time>
        <extensions><gpxtpx:TrackPointExtension>
          <gpxtpx:hr>169</gpxtpx:hr>
        </gpxtpx:TrackPointExtension></extensions>
      </trkpt>
      <trkpt lat="32.012641" lon="118.789735">
        <ele>30.4</ele>
        <time>2026-05-29T23:07:42Z</time>
        <extensions><gpxtpx:TrackPointExtension>
          <gpxtpx:hr>170</gpxtpx:hr>
        </gpxtpx:TrackPointExtension></extensions>
      </trkpt>
      <trkpt lat="32.01267" lon="118.789742">
        <ele>30.4</ele>
        <time>2026-05-29T23:07:43Z</time>
        <extensions><gpxtpx:TrackPointExtension>
          <gpxtpx:hr>168</gpxtpx:hr>
        </gpxtpx:TrackPointExtension></extensions>
      </trkpt>
      <trkpt lat="32.012707" lon="118.789752">
        <ele>30.4</ele>
        <time>2026-05-29T23:07:44Z</time>
        <extensions><gpxtpx:TrackPointExtension>
          <gpxtpx:hr>171</gpxtpx:hr>
        </gpxtpx:TrackPointExtension></extensions>
      </trkpt>
      <trkpt lat="32.012732" lon="118.789765">
        <ele>30.4</ele>
        <time>2026-05-29T23:07:45Z</time>
        <extensions><gpxtpx:TrackPointExtension>
          <gpxtpx:hr>171</gpxtpx:hr>
        </gpxtpx:TrackPointExtension></extensions>
      </trkpt>
      <trkpt lat="32.012769" lon="118.789774">
        <ele>30.4</ele>
        <time>2026-05-29T23:07:46Z</time>
        <extensions><gpxtpx:TrackPointExtension>
          <gpxtpx:hr>170</gpxtpx:hr>
        </gpxtpx:TrackPointExtension></extensions>
      </trkpt>
      <trkpt lat="32.012794" lon="118.789782">
        <ele>30.6</ele>
        <time>2026-05-29T23:07:47Z</time>
        <extensions><gpxtpx:TrackPointExtension>
          <gpxtpx:hr>171</gpxtpx:hr>
        </gpxtpx:TrackPointExtension></extensions>
      </trkpt>
      <trkpt lat="32.012829" lon="118.789792">
        <ele>30.6</ele>
        <time>2026-05-29T23:07:48Z</time>
        <extensions><gpxtpx:TrackPointExtension>
          <gpxtpx:hr>169</gpxtpx:hr>
        </gpxtpx:TrackPointExtension></extensions>
      </trkpt>
      <trkpt lat="32.012857" lon="118.789802">
        <ele>30.4</ele>
        <time>2026-05-29T23:07:49Z</time>
        <extensions><gpxtpx:TrackPointExtension>
          <gpxtpx:hr>169</gpxtpx:hr>
        </gpxtpx:TrackPointExtension></extensions>
      </trkpt>
      <trkpt lat="32.012893" lon="118.789809">
        <ele>30.4</ele>
        <time>2026-05-29T23:07:50Z</time>
        <extensions><gpxtpx:TrackPointExtension>
          <gpxtpx:hr>169</gpxtpx:hr>
        </gpxtpx:TrackPointExtension></extensions>
      </trkpt>
      <trkpt lat="32.01292" lon="118.789815">
        <ele>30.4</ele>
        <time>2026-05-29T23:07:51Z</time>
        <extensions><gpxtpx:TrackPointExtension>
          <gpxtpx:hr>171</gpxtpx:hr>
        </gpxtpx:TrackPointExtension></extensions>
      </trkpt>
      <trkpt lat="32.012957" lon="118.789825">
        <ele>30.4</ele>
        <time>2026-05-29T23:07:52Z</time>
        <extensions><gpxtpx:TrackPointExtension>
          <gpxtpx:hr>171</gpxtpx:hr>
        </gpxtpx:TrackPointExtension></extensions>
      </trkpt>
      <trkpt lat="32.012982" lon="118.789833">
        <ele>30.4</ele>
        <time>2026-05-29T23:07:53Z</time>
        <extensions><gpxtpx:TrackPointExtension>
          <gpxtpx:hr>169</gpxtpx:hr>
        </gpxtpx:TrackPointExtension></extensions>
      </trkpt>
      <trkpt lat="32.013021" lon="118.789839">
        <ele>30.4</ele>
        <time>2026-05-29T23:07:54Z</time>
        <extensions><gpxtpx:TrackPointExtension>
          <gpxtpx:hr>170</gpxtpx:hr>
        </gpxtpx:TrackPointExtension></extensions>
      </trkpt>
      <trkpt lat="32.013047" lon="118.789846">
        <ele>30.4</ele>
        <time>2026-05-29T23:07:55Z</time>
        <extensions><gpxtpx:TrackPointExtension>
          <gpxtpx:hr>170</gpxtpx:hr>
        </gpxtpx:TrackPointExtension></extensions>
      </trkpt>
      <trkpt lat="32.013085" lon="118.789857">
        <ele>30.4</ele>
        <time>2026-05-29T23:07:56Z</time>
        <extensions><gpxtpx:TrackPointExtension>
          <gpxtpx:hr>171</gpxtpx:hr>
        </gpxtpx:TrackPointExtension></extensions>
      </trkpt>
      <trkpt lat="32.013112" lon="118.789867">
        <ele>30.4</ele>
        <time>2026-05-29T23:07:57Z</time>
        <extensions><gpxtpx:TrackPointExtension>
          <gpxtpx:hr>171</gpxtpx:hr>
        </gpxtpx:TrackPointExtension></extensions>
      </trkpt>
      <trkpt lat="32.013147" lon="118.789878">
        <ele>30.4</ele>
        <time>2026-05-29T23:07:58Z</time>
        <extensions><gpxtpx:TrackPointExtension>
          <gpxtpx:hr>171</gpxtpx:hr>
        </gpxtpx:TrackPointExtension></extensions>
      </trkpt>
      <trkpt lat="32.013173" lon="118.789889">
        <ele>30.4</ele>
        <time>2026-05-29T23:07:59Z</time>
        <extensions><gpxtpx:TrackPointExtension>
          <gpxtpx:hr>170</gpxtpx:hr>
        </gpxtpx:TrackPointExtension></extensions>
      </trkpt>
      <trkpt lat="32.013211" lon="118.789897">
        <ele>30.4</ele>
        <time>2026-05-29T23:08:00Z</time>
        <extensions><gpxtpx:TrackPointExtension>
          <gpxtpx:hr>168</gpxtpx:hr>
        </gpxtpx:TrackPointExtension></extensions>
      </trkpt>
      <trkpt lat="32.013235" lon="118.789907">
        <ele>30.4</ele>
        <time>2026-05-29T23:08:01Z</time>
        <extensions><gpxtpx:TrackPointExtension>
          <gpxtpx:hr>169</gpxtpx:hr>
        </gpxtpx:TrackPointExtension></extensions>
      </trkpt>
      <trkpt lat="32.013271" lon="118.789923">
        <ele>30.2</ele>
        <time>2026-05-29T23:08:02Z</time>
        <extensions><gpxtpx:TrackPointExtension>
          <gpxtpx:hr>171</gpxtpx:hr>
        </gpxtpx:TrackPointExtension></extensions>
      </trkpt>
      <trkpt lat="32.013297" lon="118.789933">
        <ele>30.2</ele>
        <time>2026-05-29T23:08:03Z</time>
        <extensions><gpxtpx:TrackPointExtension>
          <gpxtpx:hr>169</gpxtpx:hr>
        </gpxtpx:TrackPointExtension></extensions>
      </trkpt>
      <trkpt lat="32.013333" lon="118.789943">
        <ele>30.2</ele>
        <time>2026-05-29T23:08:04Z</time>
        <extensions><gpxtpx:TrackPointExtension>
          <gpxtpx:hr>169</gpxtpx:hr>
        </gpxtpx:TrackPointExtension></extensions>
      </trkpt>
      <trkpt lat="32.013361" lon="118.789954">
        <ele>30.2</ele>
        <time>2026-05-29T23:08:05Z</time>
        <extensions><gpxtpx:TrackPointExtension>
          <gpxtpx:hr>168</gpxtpx:hr>
        </gpxtpx:TrackPointExtension></extensions>
      </trkpt>
      <trkpt lat="32.013397" lon="118.789962">
        <ele>30.2</ele>
        <time>2026-05-29T23:08:06Z</time>
        <extensions><gpxtpx:TrackPointExtension>
          <gpxtpx:hr>167</gpxtpx:hr>
        </gpxtpx:TrackPointExtension></extensions>
      </trkpt>
      <trkpt lat="32.013425" lon="118.789968">
        <ele>30.2</ele>
        <time>2026-05-29T23:08:07Z</time>
        <extensions><gpxtpx:TrackPointExtension>
          <gpxtpx:hr>169</gpxtpx:hr>
        </gpxtpx:TrackPointExtension></extensions>
      </trkpt>
      <trkpt lat="32.013462" lon="118.789978">
        <ele>30.2</ele>
        <time>2026-05-29T23:08:08Z</time>
        <extensions><gpxtpx:TrackPointExtension>
          <gpxtpx:hr>168</gpxtpx:hr>
        </gpxtpx:TrackPointExtension></extensions>
      </trkpt>
      <trkpt lat="32.013488" lon="118.789989">
        <ele>30.2</ele>
        <time>2026-05-29T23:08:09Z</time>
        <extensions><gpxtpx:TrackPointExtension>
          <gpxtpx:hr>168</gpxtpx:hr>
        </gpxtpx:TrackPointExtension></extensions>
      </trkpt>
      <trkpt lat="32.013525" lon="118.790005">
        <ele>30.2</ele>
        <time>2026-05-29T23:08:10Z</time>
        <extensions><gpxtpx:TrackPointExtension>
          <gpxtpx:hr>168</gpxtpx:hr>
        </gpxtpx:TrackPointExtension></extensions>
      </trkpt>
      <trkpt lat="32.01355" lon="118.790017">
        <ele>30.2</ele>
        <time>2026-05-29T23:08:11Z</time>
        <extensions><gpxtpx:TrackPointExtension>
          <gpxtpx:hr>166</gpxtpx:hr>
        </gpxtpx:TrackPointExtension></extensions>
      </trkpt>
      <trkpt lat="32.013584" lon="118.790025">
        <ele>30.2</ele>
        <time>2026-05-29T23:08:12Z</time>
        <extensions><gpxtpx:TrackPointExtension>
          <gpxtpx:hr>168</gpxtpx:hr>
        </gpxtpx:TrackPointExtension></extensions>
      </trkpt>
      <trkpt lat="32.013608" lon="118.790033">
        <ele>30.2</ele>
        <time>2026-05-29T23:08:13Z</time>
        <extensions><gpxtpx:TrackPointExtension>
          <gpxtpx:hr>168</gpxtpx:hr>
        </gpxtpx:TrackPointExtension></extensions>
      </trkpt>
      <trkpt lat="32.013641" lon="118.79004">
        <ele>30.2</ele>
        <time>2026-05-29T23:08:14Z</time>
        <extensions><gpxtpx:TrackPointExtension>
          <gpxtpx:hr>167</gpxtpx:hr>
        </gpxtpx:TrackPointExtension></extensions>
      </trkpt>
      <trkpt lat="32.013665" lon="118.790048">
        <ele>30.2</ele>
        <time>2026-05-29T23:08:15Z</time>
        <extensions><gpxtpx:TrackPointExtension>
          <gpxtpx:hr>166</gpxtpx:hr>
        </gpxtpx:TrackPointExtension></extensions>
      </trkpt>
      <trkpt lat="32.013701" lon="118.79006">
        <ele>30.2</ele>
        <time>2026-05-29T23:08:16Z</time>
        <extensions><gpxtpx:TrackPointExtension>
          <gpxtpx:hr>167</gpxtpx:hr>
        </gpxtpx:TrackPointExtension></extensions>
      </trkpt>
      <trkpt lat="32.013726" lon="118.79007">
        <ele>30.2</ele>
        <time>2026-05-29T23:08:17Z</time>
        <extensions><gpxtpx:TrackPointExtension>
          <gpxtpx:hr>166</gpxtpx:hr>
        </gpxtpx:TrackPointExtension></extensions>
      </trkpt>
      <trkpt lat="32.013763" lon="118.790079">
        <ele>30.0</ele>
        <time>2026-05-29T23:08:18Z</time>
        <extensions><gpxtpx:TrackPointExtension>
          <gpxtpx:hr>167</gpxtpx:hr>
        </gpxtpx:TrackPointExtension></extensions>
      </trkpt>
      <trkpt lat="32.01379" lon="118.790085">
        <ele>30.0</ele>
        <time>2026-05-29T23:08:19Z</time>
        <extensions><gpxtpx:TrackPointExtension>
          <gpxtpx:hr>167</gpxtpx:hr>
        </gpxtpx:TrackPointExtension></extensions>
      </trkpt>
      <trkpt lat="32.013825" lon="118.790091">
        <ele>30.0</ele>
        <time>2026-05-29T23:08:20Z</time>
        <extensions><gpxtpx:TrackPointExtension>
          <gpxtpx:hr>167</gpxtpx:hr>
        </gpxtpx:TrackPointExtension></extensions>
      </trkpt>
      <trkpt lat="32.013849" lon="118.790095">
        <ele>30.0</ele>
        <time>2026-05-29T23:08:21Z</time>
        <extensions><gpxtpx:TrackPointExtension>
          <gpxtpx:hr>166</gpxtpx:hr>
        </gpxtpx:TrackPointExtension></extensions>
      </trkpt>
      <trkpt lat="32.013882" lon="118.790101">
        <ele>30.0</ele>
        <time>2026-05-29T23:08:22Z</time>
        <extensions><gpxtpx:TrackPointExtension>
          <gpxtpx:hr>167</gpxtpx:hr>
        </gpxtpx:TrackPointExtension></extensions>
      </trkpt>
      <trkpt lat="32.013908" lon="118.79011">
        <ele>30.0</ele>
        <time>2026-05-29T23:08:23Z</time>
        <extensions><gpxtpx:TrackPointExtension>
          <gpxtpx:hr>168</gpxtpx:hr>
        </gpxtpx:TrackPointExtension></extensions>
      </trkpt>
      <trkpt lat="32.013942" lon="118.790117">
        <ele>30.0</ele>
        <time>2026-05-29T23:08:24Z</time>
        <extensions><gpxtpx:TrackPointExtension>
          <gpxtpx:hr>167</gpxtpx:hr>
        </gpxtpx:TrackPointExtension></extensions>
      </trkpt>
      <trkpt lat="32.013971" lon="118.790123">
        <ele>30.0</ele>
        <time>2026-05-29T23:08:25Z</time>
        <extensions><gpxtpx:TrackPointExtension>
          <gpxtpx:hr>167</gpxtpx:hr>
        </gpxtpx:TrackPointExtension></extensions>
      </trkpt>
      <trkpt lat="32.014009" lon="118.790133">
        <ele>30.2</ele>
        <time>2026-05-29T23:08:26Z</time>
        <extensions><gpxtpx:TrackPointExtension>
          <gpxtpx:hr>168</gpxtpx:hr>
        </gpxtpx:TrackPointExtension></extensions>
      </trkpt>
      <trkpt lat="32.014036" lon="118.790144">
        <ele>30.2</ele>
        <time>2026-05-29T23:08:27Z</time>
        <extensions><gpxtpx:TrackPointExtension>
          <gpxtpx:hr>169</gpxtpx:hr>
        </gpxtpx:TrackPointExtension></extensions>
      </trkpt>
      <trkpt lat="32.014071" lon="118.790155">
        <ele>30.2</ele>
        <time>2026-05-29T23:08:28Z</time>
        <extensions><gpxtpx:TrackPointExtension>
          <gpxtpx:hr>169</gpxtpx:hr>
        </gpxtpx:TrackPointExtension></extensions>
      </trkpt>
      <trkpt lat="32.014095" lon="118.790166">
        <ele>30.2</ele>
        <time>2026-05-29T23:08:29Z</time>
        <extensions><gpxtpx:TrackPointExtension>
          <gpxtpx:hr>168</gpxtpx:hr>
        </gpxtpx:TrackPointExtension></extensions>
      </trkpt>
      <trkpt lat="32.014131" lon="118.790181">
        <ele>30.2</ele>
        <time>2026-05-29T23:08:30Z</time>
        <extensions><gpxtpx:TrackPointExtension>
          <gpxtpx:hr>168</gpxtpx:hr>
        </gpxtpx:TrackPointExtension></extensions>
      </trkpt>
      <trkpt lat="32.014157" lon="118.790189">
        <ele>30.2</ele>
        <time>2026-05-29T23:08:31Z</time>
        <extensions><gpxtpx:TrackPointExtension>
          <gpxtpx:hr>170</gpxtpx:hr>
        </gpxtpx:TrackPointExtension></extensions>
      </trkpt>
      <trkpt lat="32.014194" lon="118.790199">
        <ele>30.2</ele>
        <time>2026-05-29T23:08:32Z</time>
        <extensions><gpxtpx:TrackPointExtension>
          <gpxtpx:hr>171</gpxtpx:hr>
        </gpxtpx:TrackPointExtension></extensions>
      </trkpt>
      <trkpt lat="32.014223" lon="118.790207">
        <ele>30.2</ele>
        <time>2026-05-29T23:08:33Z</time>
        <extensions><gpxtpx:TrackPointExtension>
          <gpxtpx:hr>169</gpxtpx:hr>
        </gpxtpx:TrackPointExtension></extensions>
      </trkpt>
      <trkpt lat="32.01426" lon="118.790212">
        <ele>30.2</ele>
        <time>2026-05-29T23:08:34Z</time>
        <extensions><gpxtpx:TrackPointExtension>
          <gpxtpx:hr>170</gpxtpx:hr>
        </gpxtpx:TrackPointExtension></extensions>
      </trkpt>
      <trkpt lat="32.014288" lon="118.79022">
        <ele>30.2</ele>
        <time>2026-05-29T23:08:35Z</time>
        <extensions><gpxtpx:TrackPointExtension>
          <gpxtpx:hr>170</gpxtpx:hr>
        </gpxtpx:TrackPointExtension></extensions>
      </trkpt>
      <trkpt lat="32.014323" lon="118.790233">
        <ele>30.2</ele>
        <time>2026-05-29T23:08:36Z</time>
        <extensions><gpxtpx:TrackPointExtension>
          <gpxtpx:hr>170</gpxtpx:hr>
        </gpxtpx:TrackPointExtension></extensions>
      </trkpt>
      <trkpt lat="32.014348" lon="118.790243">
        <ele>30.2</ele>
        <time>2026-05-29T23:08:37Z</time>
        <extensions><gpxtpx:TrackPointExtension>
          <gpxtpx:hr>169</gpxtpx:hr>
        </gpxtpx:TrackPointExtension></extensions>
      </trkpt>
      <trkpt lat="32.01438" lon="118.790254">
        <ele>30.2</ele>
        <time>2026-05-29T23:08:38Z</time>
        <extensions><gpxtpx:TrackPointExtension>
          <gpxtpx:hr>168</gpxtpx:hr>
        </gpxtpx:TrackPointExtension></extensions>
      </trkpt>
      <trkpt lat="32.014405" lon="118.790263">
        <ele>30.2</ele>
        <time>2026-05-29T23:08:39Z</time>
        <extensions><gpxtpx:TrackPointExtension>
          <gpxtpx:hr>168</gpxtpx:hr>
        </gpxtpx:TrackPointExtension></extensions>
      </trkpt>
      <trkpt lat="32.01444" lon="118.790271">
        <ele>30.2</ele>
        <time>2026-05-29T23:08:40Z</time>
        <extensions><gpxtpx:TrackPointExtension>
          <gpxtpx:hr>167</gpxtpx:hr>
        </gpxtpx:TrackPointExtension></extensions>
      </trkpt>
      <trkpt lat="32.014465" lon="118.79028">
        <ele>30.2</ele>
        <time>2026-05-29T23:08:41Z</time>
        <extensions><gpxtpx:TrackPointExtension>
          <gpxtpx:hr>167</gpxtpx:hr>
        </gpxtpx:TrackPointExtension></extensions>
      </trkpt>
      <trkpt lat="32.014502" lon="118.790286">
        <ele>30.2</ele>
        <time>2026-05-29T23:08:42Z</time>
        <extensions><gpxtpx:TrackPointExtension>
          <gpxtpx:hr>168</gpxtpx:hr>
        </gpxtpx:TrackPointExtension></extensions>
      </trkpt>
      <trkpt lat="32.014527" lon="118.790295">
        <ele>30.2</ele>
        <time>2026-05-29T23:08:43Z</time>
        <extensions><gpxtpx:TrackPointExtension>
          <gpxtpx:hr>169</gpxtpx:hr>
        </gpxtpx:TrackPointExtension></extensions>
      </trkpt>
      <trkpt lat="32.014563" lon="118.790302">
        <ele>30.2</ele>
        <time>2026-05-29T23:08:44Z</time>
        <extensions><gpxtpx:TrackPointExtension>
          <gpxtpx:hr>167</gpxtpx:hr>
        </gpxtpx:TrackPointExtension></extensions>
      </trkpt>
      <trkpt lat="32.01459" lon="118.790314">
        <ele>30.2</ele>
        <time>2026-05-29T23:08:45Z</time>
        <extensions><gpxtpx:TrackPointExtension>
          <gpxtpx:hr>166</gpxtpx:hr>
        </gpxtpx:TrackPointExtension></extensions>
      </trkpt>
      <trkpt lat="32.014623" lon="118.790322">
        <ele>30.0</ele>
        <time>2026-05-29T23:08:46Z</time>
        <extensions><gpxtpx:TrackPointExtension>
          <gpxtpx:hr>167</gpxtpx:hr>
        </gpxtpx:TrackPointExtension></extensions>
      </trkpt>
      <trkpt lat="32.014651" lon="118.790329">
        <ele>30.0</ele>
        <time>2026-05-29T23:08:47Z</time>
        <extensions><gpxtpx:TrackPointExtension>
          <gpxtpx:hr>167</gpxtpx:hr>
        </gpxtpx:TrackPointExtension></extensions>
      </trkpt>
      <trkpt lat="32.014687" lon="118.790335">
        <ele>30.0</ele>
        <time>2026-05-29T23:08:48Z</time>
        <extensions><gpxtpx:TrackPointExtension>
          <gpxtpx:hr>166</gpxtpx:hr>
        </gpxtpx:TrackPointExtension></extensions>
      </trkpt>
      <trkpt lat="32.014712" lon="118.790343">
        <ele>30.0</ele>
        <time>2026-05-29T23:08:49Z</time>
        <extensions><gpxtpx:TrackPointExtension>
          <gpxtpx:hr>166</gpxtpx:hr>
        </gpxtpx:TrackPointExtension></extensions>
      </trkpt>
      <trkpt lat="32.014745" lon="118.790351">
        <ele>30.0</ele>
        <time>2026-05-29T23:08:50Z</time>
        <extensions><gpxtpx:TrackPointExtension>
          <gpxtpx:hr>166</gpxtpx:hr>
        </gpxtpx:TrackPointExtension></extensions>
      </trkpt>
      <trkpt lat="32.01477" lon="118.790359">
        <ele>30.0</ele>
        <time>2026-05-29T23:08:51Z</time>
        <extensions><gpxtpx:TrackPointExtension>
          <gpxtpx:hr>165</gpxtpx:hr>
        </gpxtpx:TrackPointExtension></extensions>
      </trkpt>
      <trkpt lat="32.014801" lon="118.790365">
        <ele>30.0</ele>
        <time>2026-05-29T23:08:52Z</time>
        <extensions><gpxtpx:TrackPointExtension>
          <gpxtpx:hr>166</gpxtpx:hr>
        </gpxtpx:TrackPointExtension></extensions>
      </trkpt>
      <trkpt lat="32.014826" lon="118.790371">
        <ele>30.0</ele>
        <time>2026-05-29T23:08:53Z</time>
        <extensions><gpxtpx:TrackPointExtension>
          <gpxtpx:hr>166</gpxtpx:hr>
        </gpxtpx:TrackPointExtension></extensions>
      </trkpt>
      <trkpt lat="32.01486" lon="118.790377">
        <ele>30.0</ele>
        <time>2026-05-29T23:08:54Z</time>
        <extensions><gpxtpx:TrackPointExtension>
          <gpxtpx:hr>166</gpxtpx:hr>
        </gpxtpx:TrackPointExtension></extensions>
      </trkpt>
      <trkpt lat="32.014883" lon="118.790382">
        <ele>30.0</ele>
        <time>2026-05-29T23:08:55Z</time>
        <extensions><gpxtpx:TrackPointExtension>
          <gpxtpx:hr>167</gpxtpx:hr>
        </gpxtpx:TrackPointExtension></extensions>
      </trkpt>
      <trkpt lat="32.014918" lon="118.790388">
        <ele>30.0</ele>
        <time>2026-05-29T23:08:56Z</time>
        <extensions><gpxtpx:TrackPointExtension>
          <gpxtpx:hr>167</gpxtpx:hr>
        </gpxtpx:TrackPointExtension></extensions>
      </trkpt>
      <trkpt lat="32.014944" lon="118.790406">
        <ele>30.0</ele>
        <time>2026-05-29T23:08:57Z</time>
        <extensions><gpxtpx:TrackPointExtension>
          <gpxtpx:hr>166</gpxtpx:hr>
        </gpxtpx:TrackPointExtension></extensions>
      </trkpt>
      <trkpt lat="32.014978" lon="118.790419">
        <ele>29.8</ele>
        <time>2026-05-29T23:08:58Z</time>
        <extensions><gpxtpx:TrackPointExtension>
          <gpxtpx:hr>166</gpxtpx:hr>
        </gpxtpx:TrackPointExtension></extensions>
      </trkpt>
      <trkpt lat="32.015008" lon="118.790421">
        <ele>29.8</ele>
        <time>2026-05-29T23:08:59Z</time>
        <extensions><gpxtpx:TrackPointExtension>
          <gpxtpx:hr>166</gpxtpx:hr>
        </gpxtpx:TrackPointExtension></extensions>
      </trkpt>
      <trkpt lat="32.015042" lon="118.790426">
        <ele>29.8</ele>
        <time>2026-05-29T23:09:00Z</time>
        <extensions><gpxtpx:TrackPointExtension>
          <gpxtpx:hr>167</gpxtpx:hr>
        </gpxtpx:TrackPointExtension></extensions>
      </trkpt>
      <trkpt lat="32.015071" lon="118.790436">
        <ele>30.0</ele>
        <time>2026-05-29T23:09:01Z</time>
        <extensions><gpxtpx:TrackPointExtension>
          <gpxtpx:hr>166</gpxtpx:hr>
        </gpxtpx:TrackPointExtension></extensions>
      </trkpt>
      <trkpt lat="32.015104" lon="118.790446">
        <ele>30.0</ele>
        <time>2026-05-29T23:09:02Z</time>
        <extensions><gpxtpx:TrackPointExtension>
          <gpxtpx:hr>166</gpxtpx:hr>
        </gpxtpx:TrackPointExtension></extensions>
      </trkpt>
      <trkpt lat="32.015129" lon="118.790456">
        <ele>30.0</ele>
        <time>2026-05-29T23:09:03Z</time>
        <extensions><gpxtpx:TrackPointExtension>
          <gpxtpx:hr>168</gpxtpx:hr>
        </gpxtpx:TrackPointExtension></extensions>
      </trkpt>
      <trkpt lat="32.015163" lon="118.790464">
        <ele>30.2</ele>
        <time>2026-05-29T23:09:04Z</time>
        <extensions><gpxtpx:TrackPointExtension>
          <gpxtpx:hr>168</gpxtpx:hr>
        </gpxtpx:TrackPointExtension></extensions>
      </trkpt>
      <trkpt lat="32.015192" lon="118.790473">
        <ele>30.0</ele>
        <time>2026-05-29T23:09:05Z</time>
        <extensions><gpxtpx:TrackPointExtension>
          <gpxtpx:hr>166</gpxtpx:hr>
        </gpxtpx:TrackPointExtension></extensions>
      </trkpt>
      <trkpt lat="32.015226" lon="118.79048">
        <ele>30.0</ele>
        <time>2026-05-29T23:09:06Z</time>
        <extensions><gpxtpx:TrackPointExtension>
          <gpxtpx:hr>166</gpxtpx:hr>
        </gpxtpx:TrackPointExtension></extensions>
      </trkpt>
      <trkpt lat="32.01525" lon="118.790489">
        <ele>30.0</ele>
        <time>2026-05-29T23:09:07Z</time>
        <extensions><gpxtpx:TrackPointExtension>
          <gpxtpx:hr>166</gpxtpx:hr>
        </gpxtpx:TrackPointExtension></extensions>
      </trkpt>
      <trkpt lat="32.015285" lon="118.790502">
        <ele>30.2</ele>
        <time>2026-05-29T23:09:08Z</time>
        <extensions><gpxtpx:TrackPointExtension>
          <gpxtpx:hr>167</gpxtpx:hr>
        </gpxtpx:TrackPointExtension></extensions>
      </trkpt>
      <trkpt lat="32.01531" lon="118.790512">
        <ele>30.2</ele>
        <time>2026-05-29T23:09:09Z</time>
        <extensions><gpxtpx:TrackPointExtension>
          <gpxtpx:hr>166</gpxtpx:hr>
        </gpxtpx:TrackPointExtension></extensions>
      </trkpt>
      <trkpt lat="32.015345" lon="118.790524">
        <ele>30.0</ele>
        <time>2026-05-29T23:09:10Z</time>
        <extensions><gpxtpx:TrackPointExtension>
          <gpxtpx:hr>166</gpxtpx:hr>
        </gpxtpx:TrackPointExtension></extensions>
      </trkpt>
      <trkpt lat="32.01537" lon="118.790538">
        <ele>29.8</ele>
        <time>2026-05-29T23:09:11Z</time>
        <extensions><gpxtpx:TrackPointExtension>
          <gpxtpx:hr>166</gpxtpx:hr>
        </gpxtpx:TrackPointExtension></extensions>
      </trkpt>
      <trkpt lat="32.015406" lon="118.790546">
        <ele>29.8</ele>
        <time>2026-05-29T23:09:12Z</time>
        <extensions><gpxtpx:TrackPointExtension>
          <gpxtpx:hr>166</gpxtpx:hr>
        </gpxtpx:TrackPointExtension></extensions>
      </trkpt>
      <trkpt lat="32.015434" lon="118.790553">
        <ele>29.6</ele>
        <time>2026-05-29T23:09:13Z</time>
        <extensions><gpxtpx:TrackPointExtension>
          <gpxtpx:hr>167</gpxtpx:hr>
        </gpxtpx:TrackPointExtension></extensions>
      </trkpt>
      <trkpt lat="32.015472" lon="118.790562">
        <ele>29.6</ele>
        <time>2026-05-29T23:09:14Z</time>
        <extensions><gpxtpx:TrackPointExtension>
          <gpxtpx:hr>167</gpxtpx:hr>
        </gpxtpx:TrackPointExtension></extensions>
      </trkpt>
      <trkpt lat="32.015502" lon="118.790573">
        <ele>29.8</ele>
        <time>2026-05-29T23:09:15Z</time>
        <extensions><gpxtpx:TrackPointExtension>
          <gpxtpx:hr>166</gpxtpx:hr>
        </gpxtpx:TrackPointExtension></extensions>
      </trkpt>
      <trkpt lat="32.015538" lon="118.79058">
        <ele>30.0</ele>
        <time>2026-05-29T23:09:16Z</time>
        <extensions><gpxtpx:TrackPointExtension>
          <gpxtpx:hr>166</gpxtpx:hr>
        </gpxtpx:TrackPointExtension></extensions>
      </trkpt>
      <trkpt lat="32.01556" lon="118.790591">
        <ele>30.0</ele>
        <time>2026-05-29T23:09:17Z</time>
        <extensions><gpxtpx:TrackPointExtension>
          <gpxtpx:hr>167</gpxtpx:hr>
        </gpxtpx:TrackPointExtension></extensions>
      </trkpt>
      <trkpt lat="32.015597" lon="118.790601">
        <ele>30.0</ele>
        <time>2026-05-29T23:09:18Z</time>
        <extensions><gpxtpx:TrackPointExtension>
          <gpxtpx:hr>167</gpxtpx:hr>
        </gpxtpx:TrackPointExtension></extensions>
      </trkpt>
      <trkpt lat="32.015624" lon="118.790607">
        <ele>29.8</ele>
        <time>2026-05-29T23:09:19Z</time>
        <extensions><gpxtpx:TrackPointExtension>
          <gpxtpx:hr>168</gpxtpx:hr>
        </gpxtpx:TrackPointExtension></extensions>
      </trkpt>
      <trkpt lat="32.015663" lon="118.790612">
        <ele>29.8</ele>
        <time>2026-05-29T23:09:20Z</time>
        <extensions><gpxtpx:TrackPointExtension>
          <gpxtpx:hr>168</gpxtpx:hr>
        </gpxtpx:TrackPointExtension></extensions>
      </trkpt>
      <trkpt lat="32.015692" lon="118.790621">
        <ele>29.6</ele>
        <time>2026-05-29T23:09:21Z</time>
        <extensions><gpxtpx:TrackPointExtension>
          <gpxtpx:hr>169</gpxtpx:hr>
        </gpxtpx:TrackPointExtension></extensions>
      </trkpt>
      <trkpt lat="32.015732" lon="118.790629">
        <ele>29.6</ele>
        <time>2026-05-29T23:09:22Z</time>
        <extensions><gpxtpx:TrackPointExtension>
          <gpxtpx:hr>171</gpxtpx:hr>
        </gpxtpx:TrackPointExtension></extensions>
      </trkpt>
      <trkpt lat="32.015759" lon="118.79064">
        <ele>29.6</ele>
        <time>2026-05-29T23:09:23Z</time>
        <extensions><gpxtpx:TrackPointExtension>
          <gpxtpx:hr>169</gpxtpx:hr>
        </gpxtpx:TrackPointExtension></extensions>
      </trkpt>
      <trkpt lat="32.015798" lon="118.790649">
        <ele>29.6</ele>
        <time>2026-05-29T23:09:24Z</time>
        <extensions><gpxtpx:TrackPointExtension>
          <gpxtpx:hr>170</gpxtpx:hr>
        </gpxtpx:TrackPointExtension></extensions>
      </trkpt>
      <trkpt lat="32.015827" lon="118.790663">
        <ele>29.6</ele>
        <time>2026-05-29T23:09:25Z</time>
        <extensions><gpxtpx:TrackPointExtension>
          <gpxtpx:hr>170</gpxtpx:hr>
        </gpxtpx:TrackPointExtension></extensions>
      </trkpt>
      <trkpt lat="32.015863" lon="118.790672">
        <ele>29.6</ele>
        <time>2026-05-29T23:09:26Z</time>
        <extensions><gpxtpx:TrackPointExtension>
          <gpxtpx:hr>168</gpxtpx:hr>
        </gpxtpx:TrackPointExtension></extensions>
      </trkpt>
      <trkpt lat="32.01589" lon="118.790688">
        <ele>29.6</ele>
        <time>2026-05-29T23:09:27Z</time>
        <extensions><gpxtpx:TrackPointExtension>
          <gpxtpx:hr>170</gpxtpx:hr>
        </gpxtpx:TrackPointExtension></extensions>
      </trkpt>
      <trkpt lat="32.015925" lon="118.7907">
        <ele>29.4</ele>
        <time>2026-05-29T23:09:28Z</time>
        <extensions><gpxtpx:TrackPointExtension>
          <gpxtpx:hr>170</gpxtpx:hr>
        </gpxtpx:TrackPointExtension></extensions>
      </trkpt>
      <trkpt lat="32.015951" lon="118.79071">
        <ele>29.6</ele>
        <time>2026-05-29T23:09:29Z</time>
        <extensions><gpxtpx:TrackPointExtension>
          <gpxtpx:hr>170</gpxtpx:hr>
        </gpxtpx:TrackPointExtension></extensions>
      </trkpt>
      <trkpt lat="32.015986" lon="118.790718">
        <ele>29.4</ele>
        <time>2026-05-29T23:09:30Z</time>
        <extensions><gpxtpx:TrackPointExtension>
          <gpxtpx:hr>169</gpxtpx:hr>
        </gpxtpx:TrackPointExtension></extensions>
      </trkpt>
      <trkpt lat="32.016011" lon="118.790727">
        <ele>29.4</ele>
        <time>2026-05-29T23:09:31Z</time>
        <extensions><gpxtpx:TrackPointExtension>
          <gpxtpx:hr>169</gpxtpx:hr>
        </gpxtpx:TrackPointExtension></extensions>
      </trkpt>
      <trkpt lat="32.016047" lon="118.790736">
        <ele>29.4</ele>
        <time>2026-05-29T23:09:32Z</time>
        <extensions><gpxtpx:TrackPointExtension>
          <gpxtpx:hr>169</gpxtpx:hr>
        </gpxtpx:TrackPointExtension></extensions>
      </trkpt>
      <trkpt lat="32.016068" lon="118.790746">
        <ele>29.6</ele>
        <time>2026-05-29T23:09:33Z</time>
        <extensions><gpxtpx:TrackPointExtension>
          <gpxtpx:hr>168</gpxtpx:hr>
        </gpxtpx:TrackPointExtension></extensions>
      </trkpt>
      <trkpt lat="32.016101" lon="118.790757">
        <ele>29.6</ele>
        <time>2026-05-29T23:09:34Z</time>
        <extensions><gpxtpx:TrackPointExtension>
          <gpxtpx:hr>170</gpxtpx:hr>
        </gpxtpx:TrackPointExtension></extensions>
      </trkpt>
      <trkpt lat="32.016124" lon="118.790773">
        <ele>29.6</ele>
        <time>2026-05-29T23:09:35Z</time>
        <extensions><gpxtpx:TrackPointExtension>
          <gpxtpx:hr>169</gpxtpx:hr>
        </gpxtpx:TrackPointExtension></extensions>
      </trkpt>
      <trkpt lat="32.016155" lon="118.790789">
        <ele>29.4</ele>
        <time>2026-05-29T23:09:36Z</time>
        <extensions><gpxtpx:TrackPointExtension>
          <gpxtpx:hr>168</gpxtpx:hr>
        </gpxtpx:TrackPointExtension></extensions>
      </trkpt>
      <trkpt lat="32.016181" lon="118.790798">
        <ele>29.4</ele>
        <time>2026-05-29T23:09:37Z</time>
        <extensions><gpxtpx:TrackPointExtension>
          <gpxtpx:hr>168</gpxtpx:hr>
        </gpxtpx:TrackPointExtension></extensions>
      </trkpt>
      <trkpt lat="32.016214" lon="118.790813">
        <ele>29.4</ele>
        <time>2026-05-29T23:09:38Z</time>
        <extensions><gpxtpx:TrackPointExtension>
          <gpxtpx:hr>169</gpxtpx:hr>
        </gpxtpx:TrackPointExtension></extensions>
      </trkpt>
      <trkpt lat="32.016242" lon="118.790826">
        <ele>29.4</ele>
        <time>2026-05-29T23:09:39Z</time>
        <extensions><gpxtpx:TrackPointExtension>
          <gpxtpx:hr>168</gpxtpx:hr>
        </gpxtpx:TrackPointExtension></extensions>
      </trkpt>
      <trkpt lat="32.016275" lon="118.790833">
        <ele>29.4</ele>
        <time>2026-05-29T23:09:40Z</time>
        <extensions><gpxtpx:TrackPointExtension>
          <gpxtpx:hr>167</gpxtpx:hr>
        </gpxtpx:TrackPointExtension></extensions>
      </trkpt>
      <trkpt lat="32.016304" lon="118.790839">
        <ele>29.2</ele>
        <time>2026-05-29T23:09:41Z</time>
        <extensions><gpxtpx:TrackPointExtension>
          <gpxtpx:hr>167</gpxtpx:hr>
        </gpxtpx:TrackPointExtension></extensions>
      </trkpt>
      <trkpt lat="32.016344" lon="118.790847">
        <ele>29.2</ele>
        <time>2026-05-29T23:09:42Z</time>
        <extensions><gpxtpx:TrackPointExtension>
          <gpxtpx:hr>166</gpxtpx:hr>
        </gpxtpx:TrackPointExtension></extensions>
      </trkpt>
      <trkpt lat="32.016373" lon="118.790857">
        <ele>29.2</ele>
        <time>2026-05-29T23:09:43Z</time>
        <extensions><gpxtpx:TrackPointExtension>
          <gpxtpx:hr>167</gpxtpx:hr>
        </gpxtpx:TrackPointExtension></extensions>
      </trkpt>
      <trkpt lat="32.016411" lon="118.790863">
        <ele>29.2</ele>
        <time>2026-05-29T23:09:44Z</time>
        <extensions><gpxtpx:TrackPointExtension>
          <gpxtpx:hr>168</gpxtpx:hr>
        </gpxtpx:TrackPointExtension></extensions>
      </trkpt>
      <trkpt lat="32.016439" lon="118.790868">
        <ele>29.4</ele>
        <time>2026-05-29T23:09:45Z</time>
        <extensions><gpxtpx:TrackPointExtension>
          <gpxtpx:hr>166</gpxtpx:hr>
        </gpxtpx:TrackPointExtension></extensions>
      </trkpt>
      <trkpt lat="32.016472" lon="118.790871">
        <ele>29.4</ele>
        <time>2026-05-29T23:09:46Z</time>
        <extensions><gpxtpx:TrackPointExtension>
          <gpxtpx:hr>166</gpxtpx:hr>
        </gpxtpx:TrackPointExtension></extensions>
      </trkpt>
      <trkpt lat="32.0165" lon="118.790877">
        <ele>29.4</ele>
        <time>2026-05-29T23:09:47Z</time>
        <extensions><gpxtpx:TrackPointExtension>
          <gpxtpx:hr>166</gpxtpx:hr>
        </gpxtpx:TrackPointExtension></extensions>
      </trkpt>
      <trkpt lat="32.016539" lon="118.790879">
        <ele>29.4</ele>
        <time>2026-05-29T23:09:48Z</time>
        <extensions><gpxtpx:TrackPointExtension>
          <gpxtpx:hr>166</gpxtpx:hr>
        </gpxtpx:TrackPointExtension></extensions>
      </trkpt>
      <trkpt lat="32.016571" lon="118.790883">
        <ele>29.4</ele>
        <time>2026-05-29T23:09:49Z</time>
        <extensions><gpxtpx:TrackPointExtension>
          <gpxtpx:hr>166</gpxtpx:hr>
        </gpxtpx:TrackPointExtension></extensions>
      </trkpt>
      <trkpt lat="32.01661" lon="118.790882">
        <ele>29.4</ele>
        <time>2026-05-29T23:09:50Z</time>
        <extensions><gpxtpx:TrackPointExtension>
          <gpxtpx:hr>165</gpxtpx:hr>
        </gpxtpx:TrackPointExtension></extensions>
      </trkpt>
      <trkpt lat="32.016639" lon="118.790887">
        <ele>29.4</ele>
        <time>2026-05-29T23:09:51Z</time>
        <extensions><gpxtpx:TrackPointExtension>
          <gpxtpx:hr>166</gpxtpx:hr>
        </gpxtpx:TrackPointExtension></extensions>
      </trkpt>
      <trkpt lat="32.016676" lon="118.790896">
        <ele>29.4</ele>
        <time>2026-05-29T23:09:52Z</time>
        <extensions><gpxtpx:TrackPointExtension>
          <gpxtpx:hr>167</gpxtpx:hr>
        </gpxtpx:TrackPointExtension></extensions>
      </trkpt>
      <trkpt lat="32.016704" lon="118.790906">
        <ele>29.4</ele>
        <time>2026-05-29T23:09:53Z</time>
        <extensions><gpxtpx:TrackPointExtension>
          <gpxtpx:hr>165</gpxtpx:hr>
        </gpxtpx:TrackPointExtension></extensions>
      </trkpt>
      <trkpt lat="32.016744" lon="118.790913">
        <ele>29.4</ele>
        <time>2026-05-29T23:09:54Z</time>
        <extensions><gpxtpx:TrackPointExtension>
          <gpxtpx:hr>165</gpxtpx:hr>
        </gpxtpx:TrackPointExtension></extensions>
      </trkpt>
      <trkpt lat="32.01677" lon="118.790923">
        <ele>29.4</ele>
        <time>2026-05-29T23:09:55Z</time>
        <extensions><gpxtpx:TrackPointExtension>
          <gpxtpx:hr>165</gpxtpx:hr>
        </gpxtpx:TrackPointExtension></extensions>
      </trkpt>
      <trkpt lat="32.016809" lon="118.790929">
        <ele>29.4</ele>
        <time>2026-05-29T23:09:56Z</time>
        <extensions><gpxtpx:TrackPointExtension>
          <gpxtpx:hr>166</gpxtpx:hr>
        </gpxtpx:TrackPointExtension></extensions>
      </trkpt>
      <trkpt lat="32.016836" lon="118.790937">
        <ele>29.2</ele>
        <time>2026-05-29T23:09:57Z</time>
        <extensions><gpxtpx:TrackPointExtension>
          <gpxtpx:hr>166</gpxtpx:hr>
        </gpxtpx:TrackPointExtension></extensions>
      </trkpt>
      <trkpt lat="32.016876" lon="118.790945">
        <ele>29.2</ele>
        <time>2026-05-29T23:09:58Z</time>
        <extensions><gpxtpx:TrackPointExtension>
          <gpxtpx:hr>165</gpxtpx:hr>
        </gpxtpx:TrackPointExtension></extensions>
      </trkpt>
      <trkpt lat="32.016904" lon="118.790953">
        <ele>29.0</ele>
        <time>2026-05-29T23:09:59Z</time>
        <extensions><gpxtpx:TrackPointExtension>
          <gpxtpx:hr>165</gpxtpx:hr>
        </gpxtpx:TrackPointExtension></extensions>
      </trkpt>
      <trkpt lat="32.016942" lon="118.790969">
        <ele>28.8</ele>
        <time>2026-05-29T23:10:00Z</time>
        <extensions><gpxtpx:TrackPointExtension>
          <gpxtpx:hr>167</gpxtpx:hr>
        </gpxtpx:TrackPointExtension></extensions>
      </trkpt>
      <trkpt lat="32.016971" lon="118.790979">
        <ele>28.8</ele>
        <time>2026-05-29T23:10:01Z</time>
        <extensions><gpxtpx:TrackPointExtension>
          <gpxtpx:hr>167</gpxtpx:hr>
        </gpxtpx:TrackPointExtension></extensions>
      </trkpt>
      <trkpt lat="32.017007" lon="118.790989">
        <ele>28.8</ele>
        <time>2026-05-29T23:10:02Z</time>
        <extensions><gpxtpx:TrackPointExtension>
          <gpxtpx:hr>167</gpxtpx:hr>
        </gpxtpx:TrackPointExtension></extensions>
      </trkpt>
      <trkpt lat="32.017037" lon="118.790999">
        <ele>28.8</ele>
        <time>2026-05-29T23:10:03Z</time>
        <extensions><gpxtpx:TrackPointExtension>
          <gpxtpx:hr>166</gpxtpx:hr>
        </gpxtpx:TrackPointExtension></extensions>
      </trkpt>
      <trkpt lat="32.017074" lon="118.791009">
        <ele>28.8</ele>
        <time>2026-05-29T23:10:04Z</time>
        <extensions><gpxtpx:TrackPointExtension>
          <gpxtpx:hr>167</gpxtpx:hr>
        </gpxtpx:TrackPointExtension></extensions>
      </trkpt>
      <trkpt lat="32.017103" lon="118.79102">
        <ele>28.8</ele>
        <time>2026-05-29T23:10:05Z</time>
        <extensions><gpxtpx:TrackPointExtension>
          <gpxtpx:hr>168</gpxtpx:hr>
        </gpxtpx:TrackPointExtension></extensions>
      </trkpt>
      <trkpt lat="32.017139" lon="118.791034">
        <ele>28.8</ele>
        <time>2026-05-29T23:10:06Z</time>
        <extensions><gpxtpx:TrackPointExtension>
          <gpxtpx:hr>169</gpxtpx:hr>
        </gpxtpx:TrackPointExtension></extensions>
      </trkpt>
      <trkpt lat="32.017169" lon="118.791048">
        <ele>28.8</ele>
        <time>2026-05-29T23:10:07Z</time>
        <extensions><gpxtpx:TrackPointExtension>
          <gpxtpx:hr>168</gpxtpx:hr>
        </gpxtpx:TrackPointExtension></extensions>
      </trkpt>
      <trkpt lat="32.017207" lon="118.791059">
        <ele>28.8</ele>
        <time>2026-05-29T23:10:08Z</time>
        <extensions><gpxtpx:TrackPointExtension>
          <gpxtpx:hr>168</gpxtpx:hr>
        </gpxtpx:TrackPointExtension></extensions>
      </trkpt>
      <trkpt lat="32.017235" lon="118.791068">
        <ele>28.6</ele>
        <time>2026-05-29T23:10:09Z</time>
        <extensions><gpxtpx:TrackPointExtension>
          <gpxtpx:hr>168</gpxtpx:hr>
        </gpxtpx:TrackPointExtension></extensions>
      </trkpt>
      <trkpt lat="32.017271" lon="118.791078">
        <ele>28.8</ele>
        <time>2026-05-29T23:10:10Z</time>
        <extensions><gpxtpx:TrackPointExtension>
          <gpxtpx:hr>170</gpxtpx:hr>
        </gpxtpx:TrackPointExtension></extensions>
      </trkpt>
      <trkpt lat="32.017301" lon="118.79109">
        <ele>28.8</ele>
        <time>2026-05-29T23:10:11Z</time>
        <extensions><gpxtpx:TrackPointExtension>
          <gpxtpx:hr>170</gpxtpx:hr>
        </gpxtpx:TrackPointExtension></extensions>
      </trkpt>
      <trkpt lat="32.017337" lon="118.791101">
        <ele>28.6</ele>
        <time>2026-05-29T23:10:12Z</time>
        <extensions><gpxtpx:TrackPointExtension>
          <gpxtpx:hr>169</gpxtpx:hr>
        </gpxtpx:TrackPointExtension></extensions>
      </trkpt>
      <trkpt lat="32.017365" lon="118.791103">
        <ele>28.8</ele>
        <time>2026-05-29T23:10:13Z</time>
        <extensions><gpxtpx:TrackPointExtension>
          <gpxtpx:hr>169</gpxtpx:hr>
        </gpxtpx:TrackPointExtension></extensions>
      </trkpt>
      <trkpt lat="32.017412" lon="118.791107">
        <ele>29.0</ele>
        <time>2026-05-29T23:10:14Z</time>
        <extensions><gpxtpx:TrackPointExtension>
          <gpxtpx:hr>168</gpxtpx:hr>
        </gpxtpx:TrackPointExtension></extensions>
      </trkpt>
      <trkpt lat="32.017447" lon="118.791116">
        <ele>29.0</ele>
        <time>2026-05-29T23:10:15Z</time>
        <extensions><gpxtpx:TrackPointExtension>
          <gpxtpx:hr>170</gpxtpx:hr>
        </gpxtpx:TrackPointExtension></extensions>
      </trkpt>
      <trkpt lat="32.017491" lon="118.791127">
        <ele>29.0</ele>
        <time>2026-05-29T23:10:16Z</time>
        <extensions><gpxtpx:TrackPointExtension>
          <gpxtpx:hr>170</gpxtpx:hr>
        </gpxtpx:TrackPointExtension></extensions>
      </trkpt>
      <trkpt lat="32.017524" lon="118.791134">
        <ele>29.0</ele>
        <time>2026-05-29T23:10:17Z</time>
        <extensions><gpxtpx:TrackPointExtension>
          <gpxtpx:hr>170</gpxtpx:hr>
        </gpxtpx:TrackPointExtension></extensions>
      </trkpt>
      <trkpt lat="32.01756" lon="118.791148">
        <ele>28.8</ele>
        <time>2026-05-29T23:10:18Z</time>
        <extensions><gpxtpx:TrackPointExtension>
          <gpxtpx:hr>170</gpxtpx:hr>
        </gpxtpx:TrackPointExtension></extensions>
      </trkpt>
      <trkpt lat="32.017591" lon="118.791158">
        <ele>28.4</ele>
        <time>2026-05-29T23:10:19Z</time>
        <extensions><gpxtpx:TrackPointExtension>
          <gpxtpx:hr>168</gpxtpx:hr>
        </gpxtpx:TrackPointExtension></extensions>
      </trkpt>
      <trkpt lat="32.017631" lon="118.791168">
        <ele>28.2</ele>
        <time>2026-05-29T23:10:20Z</time>
        <extensions><gpxtpx:TrackPointExtension>
          <gpxtpx:hr>170</gpxtpx:hr>
        </gpxtpx:TrackPointExtension></extensions>
      </trkpt>
      <trkpt lat="32.017662" lon="118.791178">
        <ele>28.2</ele>
        <time>2026-05-29T23:10:21Z</time>
        <extensions><gpxtpx:TrackPointExtension>
          <gpxtpx:hr>170</gpxtpx:hr>
        </gpxtpx:TrackPointExtension></extensions>
      </trkpt>
      <trkpt lat="32.017699" lon="118.791186">
        <ele>28.2</ele>
        <time>2026-05-29T23:10:22Z</time>
        <extensions><gpxtpx:TrackPointExtension>
          <gpxtpx:hr>170</gpxtpx:hr>
        </gpxtpx:TrackPointExtension></extensions>
      </trkpt>
      <trkpt lat="32.017729" lon="118.791193">
        <ele>28.4</ele>
        <time>2026-05-29T23:10:23Z</time>
        <extensions><gpxtpx:TrackPointExtension>
          <gpxtpx:hr>170</gpxtpx:hr>
        </gpxtpx:TrackPointExtension></extensions>
      </trkpt>
      <trkpt lat="32.017766" lon="118.791205">
        <ele>28.4</ele>
        <time>2026-05-29T23:10:24Z</time>
        <extensions><gpxtpx:TrackPointExtension>
          <gpxtpx:hr>169</gpxtpx:hr>
        </gpxtpx:TrackPointExtension></extensions>
      </trkpt>
      <trkpt lat="32.017794" lon="118.791216">
        <ele>28.4</ele>
        <time>2026-05-29T23:10:25Z</time>
        <extensions><gpxtpx:TrackPointExtension>
          <gpxtpx:hr>169</gpxtpx:hr>
        </gpxtpx:TrackPointExtension></extensions>
      </trkpt>
      <trkpt lat="32.01783" lon="118.791228">
        <ele>28.4</ele>
        <time>2026-05-29T23:10:26Z</time>
        <extensions><gpxtpx:TrackPointExtension>
          <gpxtpx:hr>170</gpxtpx:hr>
        </gpxtpx:TrackPointExtension></extensions>
      </trkpt>
      <trkpt lat="32.017862" lon="118.791235">
        <ele>28.6</ele>
        <time>2026-05-29T23:10:27Z</time>
        <extensions><gpxtpx:TrackPointExtension>
          <gpxtpx:hr>169</gpxtpx:hr>
        </gpxtpx:TrackPointExtension></extensions>
      </trkpt>
      <trkpt lat="32.017901" lon="118.791249">
        <ele>28.8</ele>
        <time>2026-05-29T23:10:28Z</time>
        <extensions><gpxtpx:TrackPointExtension>
          <gpxtpx:hr>171</gpxtpx:hr>
        </gpxtpx:TrackPointExtension></extensions>
      </trkpt>
      <trkpt lat="32.017932" lon="118.791262">
        <ele>28.8</ele>
        <time>2026-05-29T23:10:29Z</time>
        <extensions><gpxtpx:TrackPointExtension>
          <gpxtpx:hr>170</gpxtpx:hr>
        </gpxtpx:TrackPointExtension></extensions>
      </trkpt>
      <trkpt lat="32.017972" lon="118.791271">
        <ele>28.6</ele>
        <time>2026-05-29T23:10:30Z</time>
        <extensions><gpxtpx:TrackPointExtension>
          <gpxtpx:hr>170</gpxtpx:hr>
        </gpxtpx:TrackPointExtension></extensions>
      </trkpt>
      <trkpt lat="32.018005" lon="118.791276">
        <ele>28.6</ele>
        <time>2026-05-29T23:10:31Z</time>
        <extensions><gpxtpx:TrackPointExtension>
          <gpxtpx:hr>169</gpxtpx:hr>
        </gpxtpx:TrackPointExtension></extensions>
      </trkpt>
      <trkpt lat="32.018043" lon="118.791282">
        <ele>28.4</ele>
        <time>2026-05-29T23:10:32Z</time>
        <extensions><gpxtpx:TrackPointExtension>
          <gpxtpx:hr>170</gpxtpx:hr>
        </gpxtpx:TrackPointExtension></extensions>
      </trkpt>
      <trkpt lat="32.018076" lon="118.791289">
        <ele>28.4</ele>
        <time>2026-05-29T23:10:33Z</time>
        <extensions><gpxtpx:TrackPointExtension>
          <gpxtpx:hr>171</gpxtpx:hr>
        </gpxtpx:TrackPointExtension></extensions>
      </trkpt>
      <trkpt lat="32.018117" lon="118.791297">
        <ele>28.4</ele>
        <time>2026-05-29T23:10:34Z</time>
        <extensions><gpxtpx:TrackPointExtension>
          <gpxtpx:hr>171</gpxtpx:hr>
        </gpxtpx:TrackPointExtension></extensions>
      </trkpt>
      <trkpt lat="32.018149" lon="118.791304">
        <ele>28.4</ele>
        <time>2026-05-29T23:10:35Z</time>
        <extensions><gpxtpx:TrackPointExtension>
          <gpxtpx:hr>170</gpxtpx:hr>
        </gpxtpx:TrackPointExtension></extensions>
      </trkpt>
      <trkpt lat="32.018191" lon="118.791311">
        <ele>28.4</ele>
        <time>2026-05-29T23:10:36Z</time>
        <extensions><gpxtpx:TrackPointExtension>
          <gpxtpx:hr>170</gpxtpx:hr>
        </gpxtpx:TrackPointExtension></extensions>
      </trkpt>
      <trkpt lat="32.018221" lon="118.791306">
        <ele>28.4</ele>
        <time>2026-05-29T23:10:37Z</time>
        <extensions><gpxtpx:TrackPointExtension>
          <gpxtpx:hr>169</gpxtpx:hr>
        </gpxtpx:TrackPointExtension></extensions>
      </trkpt>
      <trkpt lat="32.018237" lon="118.791276">
        <ele>28.4</ele>
        <time>2026-05-29T23:10:38Z</time>
        <extensions><gpxtpx:TrackPointExtension>
          <gpxtpx:hr>170</gpxtpx:hr>
        </gpxtpx:TrackPointExtension></extensions>
      </trkpt>
      <trkpt lat="32.01822" lon="118.79125">
        <ele>28.2</ele>
        <time>2026-05-29T23:10:39Z</time>
        <extensions><gpxtpx:TrackPointExtension>
          <gpxtpx:hr>172</gpxtpx:hr>
        </gpxtpx:TrackPointExtension></extensions>
      </trkpt>
      <trkpt lat="32.018187" lon="118.791236">
        <ele>28.2</ele>
        <time>2026-05-29T23:10:40Z</time>
        <extensions><gpxtpx:TrackPointExtension>
          <gpxtpx:hr>172</gpxtpx:hr>
        </gpxtpx:TrackPointExtension></extensions>
      </trkpt>
      <trkpt lat="32.01816" lon="118.791225">
        <ele>28.2</ele>
        <time>2026-05-29T23:10:41Z</time>
        <extensions><gpxtpx:TrackPointExtension>
          <gpxtpx:hr>172</gpxtpx:hr>
        </gpxtpx:TrackPointExtension></extensions>
      </trkpt>
      <trkpt lat="32.018122" lon="118.791217">
        <ele>28.0</ele>
        <time>2026-05-29T23:10:42Z</time>
        <extensions><gpxtpx:TrackPointExtension>
          <gpxtpx:hr>171</gpxtpx:hr>
        </gpxtpx:TrackPointExtension></extensions>
      </trkpt>
      <trkpt lat="32.018094" lon="118.791206">
        <ele>28.0</ele>
        <time>2026-05-29T23:10:43Z</time>
        <extensions><gpxtpx:TrackPointExtension>
          <gpxtpx:hr>171</gpxtpx:hr>
        </gpxtpx:TrackPointExtension></extensions>
      </trkpt>
      <trkpt lat="32.018054" lon="118.791196">
        <ele>28.0</ele>
        <time>2026-05-29T23:10:44Z</time>
        <extensions><gpxtpx:TrackPointExtension>
          <gpxtpx:hr>172</gpxtpx:hr>
        </gpxtpx:TrackPointExtension></extensions>
      </trkpt>
      <trkpt lat="32.018024" lon="118.791187">
        <ele>28.2</ele>
        <time>2026-05-29T23:10:45Z</time>
        <extensions><gpxtpx:TrackPointExtension>
          <gpxtpx:hr>170</gpxtpx:hr>
        </gpxtpx:TrackPointExtension></extensions>
      </trkpt>
      <trkpt lat="32.017986" lon="118.791182">
        <ele>28.2</ele>
        <time>2026-05-29T23:10:46Z</time>
        <extensions><gpxtpx:TrackPointExtension>
          <gpxtpx:hr>173</gpxtpx:hr>
        </gpxtpx:TrackPointExtension></extensions>
      </trkpt>
      <trkpt lat="32.017957" lon="118.791174">
        <ele>28.2</ele>
        <time>2026-05-29T23:10:47Z</time>
        <extensions><gpxtpx:TrackPointExtension>
          <gpxtpx:hr>173</gpxtpx:hr>
        </gpxtpx:TrackPointExtension></extensions>
      </trkpt>
      <trkpt lat="32.017918" lon="118.791167">
        <ele>28.4</ele>
        <time>2026-05-29T23:10:48Z</time>
        <extensions><gpxtpx:TrackPointExtension>
          <gpxtpx:hr>173</gpxtpx:hr>
        </gpxtpx:TrackPointExtension></extensions>
      </trkpt>
      <trkpt lat="32.017889" lon="118.791156">
        <ele>28.2</ele>
        <time>2026-05-29T23:10:49Z</time>
        <extensions><gpxtpx:TrackPointExtension>
          <gpxtpx:hr>173</gpxtpx:hr>
        </gpxtpx:TrackPointExtension></extensions>
      </trkpt>
      <trkpt lat="32.017851" lon="118.791147">
        <ele>28.4</ele>
        <time>2026-05-29T23:10:50Z</time>
        <extensions><gpxtpx:TrackPointExtension>
          <gpxtpx:hr>172</gpxtpx:hr>
        </gpxtpx:TrackPointExtension></extensions>
      </trkpt>
      <trkpt lat="32.017824" lon="118.791132">
        <ele>28.4</ele>
        <time>2026-05-29T23:10:51Z</time>
        <extensions><gpxtpx:TrackPointExtension>
          <gpxtpx:hr>172</gpxtpx:hr>
        </gpxtpx:TrackPointExtension></extensions>
      </trkpt>
      <trkpt lat="32.017785" lon="118.791119">
        <ele>28.4</ele>
        <time>2026-05-29T23:10:52Z</time>
        <extensions><gpxtpx:TrackPointExtension>
          <gpxtpx:hr>172</gpxtpx:hr>
        </gpxtpx:TrackPointExtension></extensions>
      </trkpt>
      <trkpt lat="32.017755" lon="118.791108">
        <ele>28.4</ele>
        <time>2026-05-29T23:10:53Z</time>
        <extensions><gpxtpx:TrackPointExtension>
          <gpxtpx:hr>172</gpxtpx:hr>
        </gpxtpx:TrackPointExtension></extensions>
      </trkpt>
      <trkpt lat="32.017718" lon="118.791099">
        <ele>28.4</ele>
        <time>2026-05-29T23:10:54Z</time>
        <extensions><gpxtpx:TrackPointExtension>
          <gpxtpx:hr>174</gpxtpx:hr>
        </gpxtpx:TrackPointExtension></extensions>
      </trkpt>
      <trkpt lat="32.017688" lon="118.791092">
        <ele>28.4</ele>
        <time>2026-05-29T23:10:55Z</time>
        <extensions><gpxtpx:TrackPointExtension>
          <gpxtpx:hr>173</gpxtpx:hr>
        </gpxtpx:TrackPointExtension></extensions>
      </trkpt>
      <trkpt lat="32.017651" lon="118.791084">
        <ele>28.4</ele>
        <time>2026-05-29T23:10:56Z</time>
        <extensions><gpxtpx:TrackPointExtension>
          <gpxtpx:hr>172</gpxtpx:hr>
        </gpxtpx:TrackPointExtension></extensions>
      </trkpt>
      <trkpt lat="32.017622" lon="118.791075">
        <ele>28.4</ele>
        <time>2026-05-29T23:10:57Z</time>
        <extensions><gpxtpx:TrackPointExtension>
          <gpxtpx:hr>170</gpxtpx:hr>
        </gpxtpx:TrackPointExtension></extensions>
      </trkpt>
      <trkpt lat="32.017584" lon="118.791068">
        <ele>28.4</ele>
        <time>2026-05-29T23:10:58Z</time>
        <extensions><gpxtpx:TrackPointExtension>
          <gpxtpx:hr>169</gpxtpx:hr>
        </gpxtpx:TrackPointExtension></extensions>
      </trkpt>
      <trkpt lat="32.017555" lon="118.791059">
        <ele>28.4</ele>
        <time>2026-05-29T23:10:59Z</time>
        <extensions><gpxtpx:TrackPointExtension>
          <gpxtpx:hr>169</gpxtpx:hr>
        </gpxtpx:TrackPointExtension></extensions>
      </trkpt>
      <trkpt lat="32.017518" lon="118.791049">
        <ele>28.4</ele>
        <time>2026-05-29T23:11:00Z</time>
        <extensions><gpxtpx:TrackPointExtension>
          <gpxtpx:hr>170</gpxtpx:hr>
        </gpxtpx:TrackPointExtension></extensions>
      </trkpt>
      <trkpt lat="32.01749" lon="118.791041">
        <ele>28.4</ele>
        <time>2026-05-29T23:11:01Z</time>
        <extensions><gpxtpx:TrackPointExtension>
          <gpxtpx:hr>170</gpxtpx:hr>
        </gpxtpx:TrackPointExtension></extensions>
      </trkpt>
      <trkpt lat="32.017456" lon="118.791037">
        <ele>28.4</ele>
        <time>2026-05-29T23:11:02Z</time>
        <extensions><gpxtpx:TrackPointExtension>
          <gpxtpx:hr>170</gpxtpx:hr>
        </gpxtpx:TrackPointExtension></extensions>
      </trkpt>
      <trkpt lat="32.017429" lon="118.791025">
        <ele>28.6</ele>
        <time>2026-05-29T23:11:03Z</time>
        <extensions><gpxtpx:TrackPointExtension>
          <gpxtpx:hr>169</gpxtpx:hr>
        </gpxtpx:TrackPointExtension></extensions>
      </trkpt>
      <trkpt lat="32.017396" lon="118.791012">
        <ele>28.8</ele>
        <time>2026-05-29T23:11:04Z</time>
        <extensions><gpxtpx:TrackPointExtension>
          <gpxtpx:hr>169</gpxtpx:hr>
        </gpxtpx:TrackPointExtension></extensions>
      </trkpt>
      <trkpt lat="32.017372" lon="118.791">
        <ele>28.8</ele>
        <time>2026-05-29T23:11:05Z</time>
        <extensions><gpxtpx:TrackPointExtension>
          <gpxtpx:hr>169</gpxtpx:hr>
        </gpxtpx:TrackPointExtension></extensions>
      </trkpt>
      <trkpt lat="32.017336" lon="118.790993">
        <ele>28.8</ele>
        <time>2026-05-29T23:11:06Z</time>
        <extensions><gpxtpx:TrackPointExtension>
          <gpxtpx:hr>170</gpxtpx:hr>
        </gpxtpx:TrackPointExtension></extensions>
      </trkpt>
      <trkpt lat="32.017308" lon="118.790987">
        <ele>28.6</ele>
        <time>2026-05-29T23:11:07Z</time>
        <extensions><gpxtpx:TrackPointExtension>
          <gpxtpx:hr>172</gpxtpx:hr>
        </gpxtpx:TrackPointExtension></extensions>
      </trkpt>
      <trkpt lat="32.017272" lon="118.790984">
        <ele>28.6</ele>
        <time>2026-05-29T23:11:08Z</time>
        <extensions><gpxtpx:TrackPointExtension>
          <gpxtpx:hr>172</gpxtpx:hr>
        </gpxtpx:TrackPointExtension></extensions>
      </trkpt>
      <trkpt lat="32.017237" lon="118.790975">
        <ele>28.6</ele>
        <time>2026-05-29T23:11:09Z</time>
        <extensions><gpxtpx:TrackPointExtension>
          <gpxtpx:hr>172</gpxtpx:hr>
        </gpxtpx:TrackPointExtension></extensions>
      </trkpt>
      <trkpt lat="32.0172" lon="118.790969">
        <ele>28.8</ele>
        <time>2026-05-29T23:11:10Z</time>
        <extensions><gpxtpx:TrackPointExtension>
          <gpxtpx:hr>171</gpxtpx:hr>
        </gpxtpx:TrackPointExtension></extensions>
      </trkpt>
      <trkpt lat="32.017171" lon="118.790958">
        <ele>28.8</ele>
        <time>2026-05-29T23:11:11Z</time>
        <extensions><gpxtpx:TrackPointExtension>
          <gpxtpx:hr>171</gpxtpx:hr>
        </gpxtpx:TrackPointExtension></extensions>
      </trkpt>
      <trkpt lat="32.017133" lon="118.790949">
        <ele>28.8</ele>
        <time>2026-05-29T23:11:12Z</time>
        <extensions><gpxtpx:TrackPointExtension>
          <gpxtpx:hr>172</gpxtpx:hr>
        </gpxtpx:TrackPointExtension></extensions>
      </trkpt>
      <trkpt lat="32.017108" lon="118.790939">
        <ele>28.8</ele>
        <time>2026-05-29T23:11:13Z</time>
        <extensions><gpxtpx:TrackPointExtension>
          <gpxtpx:hr>172</gpxtpx:hr>
        </gpxtpx:TrackPointExtension></extensions>
      </trkpt>
      <trkpt lat="32.017072" lon="118.790933">
        <ele>28.8</ele>
        <time>2026-05-29T23:11:14Z</time>
        <extensions><gpxtpx:TrackPointExtension>
          <gpxtpx:hr>172</gpxtpx:hr>
        </gpxtpx:TrackPointExtension></extensions>
      </trkpt>
      <trkpt lat="32.017044" lon="118.790926">
        <ele>29.0</ele>
        <time>2026-05-29T23:11:15Z</time>
        <extensions><gpxtpx:TrackPointExtension>
          <gpxtpx:hr>173</gpxtpx:hr>
        </gpxtpx:TrackPointExtension></extensions>
      </trkpt>
      <trkpt lat="32.017008" lon="118.79092">
        <ele>29.0</ele>
        <time>2026-05-29T23:11:16Z</time>
        <extensions><gpxtpx:TrackPointExtension>
          <gpxtpx:hr>173</gpxtpx:hr>
        </gpxtpx:TrackPointExtension></extensions>
      </trkpt>
      <trkpt lat="32.01698" lon="118.790911">
        <ele>29.0</ele>
        <time>2026-05-29T23:11:17Z</time>
        <extensions><gpxtpx:TrackPointExtension>
          <gpxtpx:hr>172</gpxtpx:hr>
        </gpxtpx:TrackPointExtension></extensions>
      </trkpt>
      <trkpt lat="32.016942" lon="118.790904">
        <ele>29.0</ele>
        <time>2026-05-29T23:11:18Z</time>
        <extensions><gpxtpx:TrackPointExtension>
          <gpxtpx:hr>173</gpxtpx:hr>
        </gpxtpx:TrackPointExtension></extensions>
      </trkpt>
      <trkpt lat="32.016912" lon="118.790891">
        <ele>29.0</ele>
        <time>2026-05-29T23:11:19Z</time>
        <extensions><gpxtpx:TrackPointExtension>
          <gpxtpx:hr>172</gpxtpx:hr>
        </gpxtpx:TrackPointExtension></extensions>
      </trkpt>
      <trkpt lat="32.016875" lon="118.790883">
        <ele>29.2</ele>
        <time>2026-05-29T23:11:20Z</time>
        <extensions><gpxtpx:TrackPointExtension>
          <gpxtpx:hr>172</gpxtpx:hr>
        </gpxtpx:TrackPointExtension></extensions>
      </trkpt>
      <trkpt lat="32.016845" lon="118.790873">
        <ele>29.2</ele>
        <time>2026-05-29T23:11:21Z</time>
        <extensions><gpxtpx:TrackPointExtension>
          <gpxtpx:hr>173</gpxtpx:hr>
        </gpxtpx:TrackPointExtension></extensions>
      </trkpt>
      <trkpt lat="32.01681" lon="118.79087">
        <ele>29.4</ele>
        <time>2026-05-29T23:11:22Z</time>
        <extensions><gpxtpx:TrackPointExtension>
          <gpxtpx:hr>174</gpxtpx:hr>
        </gpxtpx:TrackPointExtension></extensions>
      </trkpt>
      <trkpt lat="32.016781" lon="118.790861">
        <ele>29.4</ele>
        <time>2026-05-29T23:11:23Z</time>
        <extensions><gpxtpx:TrackPointExtension>
          <gpxtpx:hr>172</gpxtpx:hr>
        </gpxtpx:TrackPointExtension></extensions>
      </trkpt>
      <trkpt lat="32.016743" lon="118.790857">
        <ele>29.6</ele>
        <time>2026-05-29T23:11:24Z</time>
        <extensions><gpxtpx:TrackPointExtension>
          <gpxtpx:hr>173</gpxtpx:hr>
        </gpxtpx:TrackPointExtension></extensions>
      </trkpt>
      <trkpt lat="32.016714" lon="118.790845">
        <ele>29.6</ele>
        <time>2026-05-29T23:11:25Z</time>
        <extensions><gpxtpx:TrackPointExtension>
          <gpxtpx:hr>172</gpxtpx:hr>
        </gpxtpx:TrackPointExtension></extensions>
      </trkpt>
      <trkpt lat="32.016679" lon="118.790842">
        <ele>29.8</ele>
        <time>2026-05-29T23:11:26Z</time>
        <extensions><gpxtpx:TrackPointExtension>
          <gpxtpx:hr>173</gpxtpx:hr>
        </gpxtpx:TrackPointExtension></extensions>
      </trkpt>
      <trkpt lat="32.016651" lon="118.790835">
        <ele>30.0</ele>
        <time>2026-05-29T23:11:27Z</time>
        <extensions><gpxtpx:TrackPointExtension>
          <gpxtpx:hr>173</gpxtpx:hr>
        </gpxtpx:TrackPointExtension></extensions>
      </trkpt>
      <trkpt lat="32.016611" lon="118.790834">
        <ele>30.0</ele>
        <time>2026-05-29T23:11:28Z</time>
        <extensions><gpxtpx:TrackPointExtension>
          <gpxtpx:hr>174</gpxtpx:hr>
        </gpxtpx:TrackPointExtension></extensions>
      </trkpt>
      <trkpt lat="32.016582" lon="118.790828">
        <ele>30.2</ele>
        <time>2026-05-29T23:11:29Z</time>
        <extensions><gpxtpx:TrackPointExtension>
          <gpxtpx:hr>173</gpxtpx:hr>
        </gpxtpx:TrackPointExtension></extensions>
      </trkpt>
      <trkpt lat="32.016544" lon="118.790822">
        <ele>30.4</ele>
        <time>2026-05-29T23:11:30Z</time>
        <extensions><gpxtpx:TrackPointExtension>
          <gpxtpx:hr>172</gpxtpx:hr>
        </gpxtpx:TrackPointExtension></extensions>
      </trkpt>
      <trkpt lat="32.016514" lon="118.790814">
        <ele>30.4</ele>
        <time>2026-05-29T23:11:31Z</time>
        <extensions><gpxtpx:TrackPointExtension>
          <gpxtpx:hr>172</gpxtpx:hr>
        </gpxtpx:TrackPointExtension></extensions>
      </trkpt>
      <trkpt lat="32.016476" lon="118.790811">
        <ele>30.4</ele>
        <time>2026-05-29T23:11:32Z</time>
        <extensions><gpxtpx:TrackPointExtension>
          <gpxtpx:hr>172</gpxtpx:hr>
        </gpxtpx:TrackPointExtension></extensions>
      </trkpt>
      <trkpt lat="32.016446" lon="118.790803">
        <ele>30.4</ele>
        <time>2026-05-29T23:11:33Z</time>
        <extensions><gpxtpx:TrackPointExtension>
          <gpxtpx:hr>172</gpxtpx:hr>
        </gpxtpx:TrackPointExtension></extensions>
      </trkpt>
      <trkpt lat="32.016407" lon="118.790797">
        <ele>30.4</ele>
        <time>2026-05-29T23:11:34Z</time>
        <extensions><gpxtpx:TrackPointExtension>
          <gpxtpx:hr>172</gpxtpx:hr>
        </gpxtpx:TrackPointExtension></extensions>
      </trkpt>
      <trkpt lat="32.016379" lon="118.790788">
        <ele>30.2</ele>
        <time>2026-05-29T23:11:35Z</time>
        <extensions><gpxtpx:TrackPointExtension>
          <gpxtpx:hr>173</gpxtpx:hr>
        </gpxtpx:TrackPointExtension></extensions>
      </trkpt>
      <trkpt lat="32.016343" lon="118.790785">
        <ele>30.2</ele>
        <time>2026-05-29T23:11:36Z</time>
        <extensions><gpxtpx:TrackPointExtension>
          <gpxtpx:hr>171</gpxtpx:hr>
        </gpxtpx:TrackPointExtension></extensions>
      </trkpt>
      <trkpt lat="32.016314" lon="118.790777">
        <ele>30.0</ele>
        <time>2026-05-29T23:11:37Z</time>
        <extensions><gpxtpx:TrackPointExtension>
          <gpxtpx:hr>172</gpxtpx:hr>
        </gpxtpx:TrackPointExtension></extensions>
      </trkpt>
      <trkpt lat="32.016275" lon="118.790773">
        <ele>30.2</ele>
        <time>2026-05-29T23:11:38Z</time>
        <extensions><gpxtpx:TrackPointExtension>
          <gpxtpx:hr>173</gpxtpx:hr>
        </gpxtpx:TrackPointExtension></extensions>
      </trkpt>
      <trkpt lat="32.016247" lon="118.790761">
        <ele>30.2</ele>
        <time>2026-05-29T23:11:39Z</time>
        <extensions><gpxtpx:TrackPointExtension>
          <gpxtpx:hr>174</gpxtpx:hr>
        </gpxtpx:TrackPointExtension></extensions>
      </trkpt>
      <trkpt lat="32.016211" lon="118.790748">
        <ele>30.4</ele>
        <time>2026-05-29T23:11:40Z</time>
        <extensions><gpxtpx:TrackPointExtension>
          <gpxtpx:hr>174</gpxtpx:hr>
        </gpxtpx:TrackPointExtension></extensions>
      </trkpt>
      <trkpt lat="32.016184" lon="118.79073">
        <ele>30.4</ele>
        <time>2026-05-29T23:11:41Z</time>
        <extensions><gpxtpx:TrackPointExtension>
          <gpxtpx:hr>174</gpxtpx:hr>
        </gpxtpx:TrackPointExtension></extensions>
      </trkpt>
      <trkpt lat="32.016146" lon="118.790715">
        <ele>30.4</ele>
        <time>2026-05-29T23:11:42Z</time>
        <extensions><gpxtpx:TrackPointExtension>
          <gpxtpx:hr>174</gpxtpx:hr>
        </gpxtpx:TrackPointExtension></extensions>
      </trkpt>
      <trkpt lat="32.016118" lon="118.790698">
        <ele>30.4</ele>
        <time>2026-05-29T23:11:43Z</time>
        <extensions><gpxtpx:TrackPointExtension>
          <gpxtpx:hr>174</gpxtpx:hr>
        </gpxtpx:TrackPointExtension></extensions>
      </trkpt>
      <trkpt lat="32.016084" lon="118.790686">
        <ele>30.2</ele>
        <time>2026-05-29T23:11:44Z</time>
        <extensions><gpxtpx:TrackPointExtension>
          <gpxtpx:hr>174</gpxtpx:hr>
        </gpxtpx:TrackPointExtension></extensions>
      </trkpt>
      <trkpt lat="32.016059" lon="118.790673">
        <ele>30.2</ele>
        <time>2026-05-29T23:11:45Z</time>
        <extensions><gpxtpx:TrackPointExtension>
          <gpxtpx:hr>173</gpxtpx:hr>
        </gpxtpx:TrackPointExtension></extensions>
      </trkpt>
      <trkpt lat="32.016025" lon="118.790662">
        <ele>30.2</ele>
        <time>2026-05-29T23:11:46Z</time>
        <extensions><gpxtpx:TrackPointExtension>
          <gpxtpx:hr>173</gpxtpx:hr>
        </gpxtpx:TrackPointExtension></extensions>
      </trkpt>
      <trkpt lat="32.015995" lon="118.790649">
        <ele>30.2</ele>
        <time>2026-05-29T23:11:47Z</time>
        <extensions><gpxtpx:TrackPointExtension>
          <gpxtpx:hr>175</gpxtpx:hr>
        </gpxtpx:TrackPointExtension></extensions>
      </trkpt>
      <trkpt lat="32.015957" lon="118.790638">
        <ele>30.4</ele>
        <time>2026-05-29T23:11:48Z</time>
        <extensions><gpxtpx:TrackPointExtension>
          <gpxtpx:hr>174</gpxtpx:hr>
        </gpxtpx:TrackPointExtension></extensions>
      </trkpt>
      <trkpt lat="32.01593" lon="118.790623">
        <ele>30.4</ele>
        <time>2026-05-29T23:11:49Z</time>
        <extensions><gpxtpx:TrackPointExtension>
          <gpxtpx:hr>174</gpxtpx:hr>
        </gpxtpx:TrackPointExtension></extensions>
      </trkpt>
      <trkpt lat="32.015891" lon="118.790613">
        <ele>30.4</ele>
        <time>2026-05-29T23:11:50Z</time>
        <extensions><gpxtpx:TrackPointExtension>
          <gpxtpx:hr>174</gpxtpx:hr>
        </gpxtpx:TrackPointExtension></extensions>
      </trkpt>
      <trkpt lat="32.015862" lon="118.7906">
        <ele>30.4</ele>
        <time>2026-05-29T23:11:51Z</time>
        <extensions><gpxtpx:TrackPointExtension>
          <gpxtpx:hr>175</gpxtpx:hr>
        </gpxtpx:TrackPointExtension></extensions>
      </trkpt>
      <trkpt lat="32.015825" lon="118.790588">
        <ele>30.6</ele>
        <time>2026-05-29T23:11:52Z</time>
        <extensions><gpxtpx:TrackPointExtension>
          <gpxtpx:hr>174</gpxtpx:hr>
        </gpxtpx:TrackPointExtension></extensions>
      </trkpt>
      <trkpt lat="32.015797" lon="118.790572">
        <ele>30.6</ele>
        <time>2026-05-29T23:11:53Z</time>
        <extensions><gpxtpx:TrackPointExtension>
          <gpxtpx:hr>174</gpxtpx:hr>
        </gpxtpx:TrackPointExtension></extensions>
      </trkpt>
      <trkpt lat="32.015762" lon="118.790563">
        <ele>30.6</ele>
        <time>2026-05-29T23:11:54Z</time>
        <extensions><gpxtpx:TrackPointExtension>
          <gpxtpx:hr>175</gpxtpx:hr>
        </gpxtpx:TrackPointExtension></extensions>
      </trkpt>
      <trkpt lat="32.015734" lon="118.790551">
        <ele>30.6</ele>
        <time>2026-05-29T23:11:55Z</time>
        <extensions><gpxtpx:TrackPointExtension>
          <gpxtpx:hr>173</gpxtpx:hr>
        </gpxtpx:TrackPointExtension></extensions>
      </trkpt>
      <trkpt lat="32.015695" lon="118.790543">
        <ele>30.6</ele>
        <time>2026-05-29T23:11:56Z</time>
        <extensions><gpxtpx:TrackPointExtension>
          <gpxtpx:hr>175</gpxtpx:hr>
        </gpxtpx:TrackPointExtension></extensions>
      </trkpt>
      <trkpt lat="32.015671" lon="118.790531">
        <ele>30.6</ele>
        <time>2026-05-29T23:11:57Z</time>
        <extensions><gpxtpx:TrackPointExtension>
          <gpxtpx:hr>174</gpxtpx:hr>
        </gpxtpx:TrackPointExtension></extensions>
      </trkpt>
      <trkpt lat="32.015635" lon="118.790525">
        <ele>30.6</ele>
        <time>2026-05-29T23:11:58Z</time>
        <extensions><gpxtpx:TrackPointExtension>
          <gpxtpx:hr>175</gpxtpx:hr>
        </gpxtpx:TrackPointExtension></extensions>
      </trkpt>
      <trkpt lat="32.015609" lon="118.790515">
        <ele>30.6</ele>
        <time>2026-05-29T23:11:59Z</time>
        <extensions><gpxtpx:TrackPointExtension>
          <gpxtpx:hr>174</gpxtpx:hr>
        </gpxtpx:TrackPointExtension></extensions>
      </trkpt>
      <trkpt lat="32.015572" lon="118.790504">
        <ele>30.6</ele>
        <time>2026-05-29T23:12:00Z</time>
        <extensions><gpxtpx:TrackPointExtension>
          <gpxtpx:hr>174</gpxtpx:hr>
        </gpxtpx:TrackPointExtension></extensions>
      </trkpt>
      <trkpt lat="32.015546" lon="118.790492">
        <ele>30.6</ele>
        <time>2026-05-29T23:12:01Z</time>
        <extensions><gpxtpx:TrackPointExtension>
          <gpxtpx:hr>174</gpxtpx:hr>
        </gpxtpx:TrackPointExtension></extensions>
      </trkpt>
      <trkpt lat="32.015507" lon="118.790489">
        <ele>30.6</ele>
        <time>2026-05-29T23:12:02Z</time>
        <extensions><gpxtpx:TrackPointExtension>
          <gpxtpx:hr>173</gpxtpx:hr>
        </gpxtpx:TrackPointExtension></extensions>
      </trkpt>
      <trkpt lat="32.015477" lon="118.79048">
        <ele>30.6</ele>
        <time>2026-05-29T23:12:03Z</time>
        <extensions><gpxtpx:TrackPointExtension>
          <gpxtpx:hr>173</gpxtpx:hr>
        </gpxtpx:TrackPointExtension></extensions>
      </trkpt>
      <trkpt lat="32.015438" lon="118.790469">
        <ele>30.4</ele>
        <time>2026-05-29T23:12:04Z</time>
        <extensions><gpxtpx:TrackPointExtension>
          <gpxtpx:hr>174</gpxtpx:hr>
        </gpxtpx:TrackPointExtension></extensions>
      </trkpt>
      <trkpt lat="32.015405" lon="118.790458">
        <ele>30.6</ele>
        <time>2026-05-29T23:12:05Z</time>
        <extensions><gpxtpx:TrackPointExtension>
          <gpxtpx:hr>173</gpxtpx:hr>
        </gpxtpx:TrackPointExtension></extensions>
      </trkpt>
      <trkpt lat="32.015367" lon="118.790452">
        <ele>30.6</ele>
        <time>2026-05-29T23:12:06Z</time>
        <extensions><gpxtpx:TrackPointExtension>
          <gpxtpx:hr>172</gpxtpx:hr>
        </gpxtpx:TrackPointExtension></extensions>
      </trkpt>
      <trkpt lat="32.015336" lon="118.790439">
        <ele>30.6</ele>
        <time>2026-05-29T23:12:07Z</time>
        <extensions><gpxtpx:TrackPointExtension>
          <gpxtpx:hr>174</gpxtpx:hr>
        </gpxtpx:TrackPointExtension></extensions>
      </trkpt>
      <trkpt lat="32.0153" lon="118.79043">
        <ele>30.6</ele>
        <time>2026-05-29T23:12:08Z</time>
        <extensions><gpxtpx:TrackPointExtension>
          <gpxtpx:hr>174</gpxtpx:hr>
        </gpxtpx:TrackPointExtension></extensions>
      </trkpt>
      <trkpt lat="32.015272" lon="118.790413">
        <ele>30.6</ele>
        <time>2026-05-29T23:12:09Z</time>
        <extensions><gpxtpx:TrackPointExtension>
          <gpxtpx:hr>174</gpxtpx:hr>
        </gpxtpx:TrackPointExtension></extensions>
      </trkpt>
      <trkpt lat="32.015233" lon="118.7904">
        <ele>30.6</ele>
        <time>2026-05-29T23:12:10Z</time>
        <extensions><gpxtpx:TrackPointExtension>
          <gpxtpx:hr>173</gpxtpx:hr>
        </gpxtpx:TrackPointExtension></extensions>
      </trkpt>
      <trkpt lat="32.015206" lon="118.790388">
        <ele>30.6</ele>
        <time>2026-05-29T23:12:11Z</time>
        <extensions><gpxtpx:TrackPointExtension>
          <gpxtpx:hr>173</gpxtpx:hr>
        </gpxtpx:TrackPointExtension></extensions>
      </trkpt>
      <trkpt lat="32.015169" lon="118.790381">
        <ele>30.6</ele>
        <time>2026-05-29T23:12:12Z</time>
        <extensions><gpxtpx:TrackPointExtension>
          <gpxtpx:hr>173</gpxtpx:hr>
        </gpxtpx:TrackPointExtension></extensions>
      </trkpt>
      <trkpt lat="32.015141" lon="118.790372">
        <ele>30.6</ele>
        <time>2026-05-29T23:12:13Z</time>
        <extensions><gpxtpx:TrackPointExtension>
          <gpxtpx:hr>173</gpxtpx:hr>
        </gpxtpx:TrackPointExtension></extensions>
      </trkpt>
      <trkpt lat="32.015105" lon="118.79037">
        <ele>30.6</ele>
        <time>2026-05-29T23:12:14Z</time>
        <extensions><gpxtpx:TrackPointExtension>
          <gpxtpx:hr>174</gpxtpx:hr>
        </gpxtpx:TrackPointExtension></extensions>
      </trkpt>
      <trkpt lat="32.015077" lon="118.790359">
        <ele>30.6</ele>
        <time>2026-05-29T23:12:15Z</time>
        <extensions><gpxtpx:TrackPointExtension>
          <gpxtpx:hr>175</gpxtpx:hr>
        </gpxtpx:TrackPointExtension></extensions>
      </trkpt>
      <trkpt lat="32.015039" lon="118.790349">
        <ele>30.6</ele>
        <time>2026-05-29T23:12:16Z</time>
        <extensions><gpxtpx:TrackPointExtension>
          <gpxtpx:hr>175</gpxtpx:hr>
        </gpxtpx:TrackPointExtension></extensions>
      </trkpt>
      <trkpt lat="32.015012" lon="118.790339">
        <ele>30.6</ele>
        <time>2026-05-29T23:12:17Z</time>
        <extensions><gpxtpx:TrackPointExtension>
          <gpxtpx:hr>174</gpxtpx:hr>
        </gpxtpx:TrackPointExtension></extensions>
      </trkpt>
      <trkpt lat="32.014971" lon="118.790333">
        <ele>30.6</ele>
        <time>2026-05-29T23:12:18Z</time>
        <extensions><gpxtpx:TrackPointExtension>
          <gpxtpx:hr>176</gpxtpx:hr>
        </gpxtpx:TrackPointExtension></extensions>
      </trkpt>
      <trkpt lat="32.014942" lon="118.79032">
        <ele>30.6</ele>
        <time>2026-05-29T23:12:19Z</time>
        <extensions><gpxtpx:TrackPointExtension>
          <gpxtpx:hr>175</gpxtpx:hr>
        </gpxtpx:TrackPointExtension></extensions>
      </trkpt>
      <trkpt lat="32.014904" lon="118.790307">
        <ele>30.6</ele>
        <time>2026-05-29T23:12:20Z</time>
        <extensions><gpxtpx:TrackPointExtension>
          <gpxtpx:hr>173</gpxtpx:hr>
        </gpxtpx:TrackPointExtension></extensions>
      </trkpt>
      <trkpt lat="32.014879" lon="118.790299">
        <ele>30.6</ele>
        <time>2026-05-29T23:12:21Z</time>
        <extensions><gpxtpx:TrackPointExtension>
          <gpxtpx:hr>174</gpxtpx:hr>
        </gpxtpx:TrackPointExtension></extensions>
      </trkpt>
      <trkpt lat="32.014843" lon="118.790292">
        <ele>30.6</ele>
        <time>2026-05-29T23:12:22Z</time>
        <extensions><gpxtpx:TrackPointExtension>
          <gpxtpx:hr>175</gpxtpx:hr>
        </gpxtpx:TrackPointExtension></extensions>
      </trkpt>
      <trkpt lat="32.014815" lon="118.79028">
        <ele>30.6</ele>
        <time>2026-05-29T23:12:23Z</time>
        <extensions><gpxtpx:TrackPointExtension>
          <gpxtpx:hr>174</gpxtpx:hr>
        </gpxtpx:TrackPointExtension></extensions>
      </trkpt>
      <trkpt lat="32.014776" lon="118.790272">
        <ele>30.6</ele>
        <time>2026-05-29T23:12:24Z</time>
        <extensions><gpxtpx:TrackPointExtension>
          <gpxtpx:hr>174</gpxtpx:hr>
        </gpxtpx:TrackPointExtension></extensions>
      </trkpt>
      <trkpt lat="32.01475" lon="118.79026">
        <ele>30.6</ele>
        <time>2026-05-29T23:12:25Z</time>
        <extensions><gpxtpx:TrackPointExtension>
          <gpxtpx:hr>174</gpxtpx:hr>
        </gpxtpx:TrackPointExtension></extensions>
      </trkpt>
      <trkpt lat="32.014715" lon="118.790254">
        <ele>30.6</ele>
        <time>2026-05-29T23:12:26Z</time>
        <extensions><gpxtpx:TrackPointExtension>
          <gpxtpx:hr>174</gpxtpx:hr>
        </gpxtpx:TrackPointExtension></extensions>
      </trkpt>
      <trkpt lat="32.01469" lon="118.790244">
        <ele>30.6</ele>
        <time>2026-05-29T23:12:27Z</time>
        <extensions><gpxtpx:TrackPointExtension>
          <gpxtpx:hr>174</gpxtpx:hr>
        </gpxtpx:TrackPointExtension></extensions>
      </trkpt>
      <trkpt lat="32.014652" lon="118.790238">
        <ele>30.6</ele>
        <time>2026-05-29T23:12:28Z</time>
        <extensions><gpxtpx:TrackPointExtension>
          <gpxtpx:hr>177</gpxtpx:hr>
        </gpxtpx:TrackPointExtension></extensions>
      </trkpt>
      <trkpt lat="32.014624" lon="118.790228">
        <ele>30.6</ele>
        <time>2026-05-29T23:12:29Z</time>
        <extensions><gpxtpx:TrackPointExtension>
          <gpxtpx:hr>177</gpxtpx:hr>
        </gpxtpx:TrackPointExtension></extensions>
      </trkpt>
      <trkpt lat="32.01459" lon="118.790216">
        <ele>30.6</ele>
        <time>2026-05-29T23:12:30Z</time>
        <extensions><gpxtpx:TrackPointExtension>
          <gpxtpx:hr>177</gpxtpx:hr>
        </gpxtpx:TrackPointExtension></extensions>
      </trkpt>
      <trkpt lat="32.014561" lon="118.790209">
        <ele>30.8</ele>
        <time>2026-05-29T23:12:31Z</time>
        <extensions><gpxtpx:TrackPointExtension>
          <gpxtpx:hr>176</gpxtpx:hr>
        </gpxtpx:TrackPointExtension></extensions>
      </trkpt>
      <trkpt lat="32.014524" lon="118.790201">
        <ele>30.6</ele>
        <time>2026-05-29T23:12:32Z</time>
        <extensions><gpxtpx:TrackPointExtension>
          <gpxtpx:hr>175</gpxtpx:hr>
        </gpxtpx:TrackPointExtension></extensions>
      </trkpt>
      <trkpt lat="32.014498" lon="118.790191">
        <ele>30.8</ele>
        <time>2026-05-29T23:12:33Z</time>
        <extensions><gpxtpx:TrackPointExtension>
          <gpxtpx:hr>175</gpxtpx:hr>
        </gpxtpx:TrackPointExtension></extensions>
      </trkpt>
      <trkpt lat="32.014464" lon="118.790183">
        <ele>30.8</ele>
        <time>2026-05-29T23:12:34Z</time>
        <extensions><gpxtpx:TrackPointExtension>
          <gpxtpx:hr>174</gpxtpx:hr>
        </gpxtpx:TrackPointExtension></extensions>
      </trkpt>
      <trkpt lat="32.014434" lon="118.790175">
        <ele>30.8</ele>
        <time>2026-05-29T23:12:35Z</time>
        <extensions><gpxtpx:TrackPointExtension>
          <gpxtpx:hr>174</gpxtpx:hr>
        </gpxtpx:TrackPointExtension></extensions>
      </trkpt>
      <trkpt lat="32.014397" lon="118.790166">
        <ele>30.8</ele>
        <time>2026-05-29T23:12:36Z</time>
        <extensions><gpxtpx:TrackPointExtension>
          <gpxtpx:hr>173</gpxtpx:hr>
        </gpxtpx:TrackPointExtension></extensions>
      </trkpt>
      <trkpt lat="32.014368" lon="118.790154">
        <ele>30.8</ele>
        <time>2026-05-29T23:12:37Z</time>
        <extensions><gpxtpx:TrackPointExtension>
          <gpxtpx:hr>173</gpxtpx:hr>
        </gpxtpx:TrackPointExtension></extensions>
      </trkpt>
      <trkpt lat="32.014329" lon="118.790149">
        <ele>30.8</ele>
        <time>2026-05-29T23:12:38Z</time>
        <extensions><gpxtpx:TrackPointExtension>
          <gpxtpx:hr>173</gpxtpx:hr>
        </gpxtpx:TrackPointExtension></extensions>
      </trkpt>
      <trkpt lat="32.014303" lon="118.790138">
        <ele>30.8</ele>
        <time>2026-05-29T23:12:39Z</time>
        <extensions><gpxtpx:TrackPointExtension>
          <gpxtpx:hr>174</gpxtpx:hr>
        </gpxtpx:TrackPointExtension></extensions>
      </trkpt>
      <trkpt lat="32.014267" lon="118.790128">
        <ele>30.8</ele>
        <time>2026-05-29T23:12:40Z</time>
        <extensions><gpxtpx:TrackPointExtension>
          <gpxtpx:hr>174</gpxtpx:hr>
        </gpxtpx:TrackPointExtension></extensions>
      </trkpt>
      <trkpt lat="32.01424" lon="118.790116">
        <ele>31.0</ele>
        <time>2026-05-29T23:12:41Z</time>
        <extensions><gpxtpx:TrackPointExtension>
          <gpxtpx:hr>174</gpxtpx:hr>
        </gpxtpx:TrackPointExtension></extensions>
      </trkpt>
      <trkpt lat="32.014205" lon="118.790109">
        <ele>31.0</ele>
        <time>2026-05-29T23:12:42Z</time>
        <extensions><gpxtpx:TrackPointExtension>
          <gpxtpx:hr>173</gpxtpx:hr>
        </gpxtpx:TrackPointExtension></extensions>
      </trkpt>
      <trkpt lat="32.014181" lon="118.790099">
        <ele>31.0</ele>
        <time>2026-05-29T23:12:43Z</time>
        <extensions><gpxtpx:TrackPointExtension>
          <gpxtpx:hr>174</gpxtpx:hr>
        </gpxtpx:TrackPointExtension></extensions>
      </trkpt>
      <trkpt lat="32.014145" lon="118.790089">
        <ele>31.0</ele>
        <time>2026-05-29T23:12:44Z</time>
        <extensions><gpxtpx:TrackPointExtension>
          <gpxtpx:hr>172</gpxtpx:hr>
        </gpxtpx:TrackPointExtension></extensions>
      </trkpt>
      <trkpt lat="32.014119" lon="118.790078">
        <ele>31.0</ele>
        <time>2026-05-29T23:12:45Z</time>
        <extensions><gpxtpx:TrackPointExtension>
          <gpxtpx:hr>172</gpxtpx:hr>
        </gpxtpx:TrackPointExtension></extensions>
      </trkpt>
      <trkpt lat="32.014081" lon="118.790069">
        <ele>31.0</ele>
        <time>2026-05-29T23:12:46Z</time>
        <extensions><gpxtpx:TrackPointExtension>
          <gpxtpx:hr>171</gpxtpx:hr>
        </gpxtpx:TrackPointExtension></extensions>
      </trkpt>
      <trkpt lat="32.014052" lon="118.790057">
        <ele>31.0</ele>
        <time>2026-05-29T23:12:47Z</time>
        <extensions><gpxtpx:TrackPointExtension>
          <gpxtpx:hr>171</gpxtpx:hr>
        </gpxtpx:TrackPointExtension></extensions>
      </trkpt>
      <trkpt lat="32.014016" lon="118.790046">
        <ele>31.0</ele>
        <time>2026-05-29T23:12:48Z</time>
        <extensions><gpxtpx:TrackPointExtension>
          <gpxtpx:hr>173</gpxtpx:hr>
        </gpxtpx:TrackPointExtension></extensions>
      </trkpt>
      <trkpt lat="32.013986" lon="118.790038">
        <ele>31.0</ele>
        <time>2026-05-29T23:12:49Z</time>
        <extensions><gpxtpx:TrackPointExtension>
          <gpxtpx:hr>173</gpxtpx:hr>
        </gpxtpx:TrackPointExtension></extensions>
      </trkpt>
      <trkpt lat="32.01395" lon="118.790029">
        <ele>30.8</ele>
        <time>2026-05-29T23:12:50Z</time>
        <extensions><gpxtpx:TrackPointExtension>
          <gpxtpx:hr>173</gpxtpx:hr>
        </gpxtpx:TrackPointExtension></extensions>
      </trkpt>
      <trkpt lat="32.013921" lon="118.790021">
        <ele>30.8</ele>
        <time>2026-05-29T23:12:51Z</time>
        <extensions><gpxtpx:TrackPointExtension>
          <gpxtpx:hr>172</gpxtpx:hr>
        </gpxtpx:TrackPointExtension></extensions>
      </trkpt>
      <trkpt lat="32.013887" lon="118.790014">
        <ele>30.8</ele>
        <time>2026-05-29T23:12:52Z</time>
        <extensions><gpxtpx:TrackPointExtension>
          <gpxtpx:hr>173</gpxtpx:hr>
        </gpxtpx:TrackPointExtension></extensions>
      </trkpt>
      <trkpt lat="32.013859" lon="118.790003">
        <ele>30.8</ele>
        <time>2026-05-29T23:12:53Z</time>
        <extensions><gpxtpx:TrackPointExtension>
          <gpxtpx:hr>173</gpxtpx:hr>
        </gpxtpx:TrackPointExtension></extensions>
      </trkpt>
      <trkpt lat="32.013821" lon="118.789992">
        <ele>30.8</ele>
        <time>2026-05-29T23:12:54Z</time>
        <extensions><gpxtpx:TrackPointExtension>
          <gpxtpx:hr>172</gpxtpx:hr>
        </gpxtpx:TrackPointExtension></extensions>
      </trkpt>
      <trkpt lat="32.013793" lon="118.789978">
        <ele>30.8</ele>
        <time>2026-05-29T23:12:55Z</time>
        <extensions><gpxtpx:TrackPointExtension>
          <gpxtpx:hr>172</gpxtpx:hr>
        </gpxtpx:TrackPointExtension></extensions>
      </trkpt>
      <trkpt lat="32.013756" lon="118.789969">
        <ele>30.8</ele>
        <time>2026-05-29T23:12:56Z</time>
        <extensions><gpxtpx:TrackPointExtension>
          <gpxtpx:hr>174</gpxtpx:hr>
        </gpxtpx:TrackPointExtension></extensions>
      </trkpt>
      <trkpt lat="32.013726" lon="118.78996">
        <ele>30.8</ele>
        <time>2026-05-29T23:12:57Z</time>
        <extensions><gpxtpx:TrackPointExtension>
          <gpxtpx:hr>173</gpxtpx:hr>
        </gpxtpx:TrackPointExtension></extensions>
      </trkpt>
      <trkpt lat="32.013692" lon="118.789957">
        <ele>30.8</ele>
        <time>2026-05-29T23:12:58Z</time>
        <extensions><gpxtpx:TrackPointExtension>
          <gpxtpx:hr>174</gpxtpx:hr>
        </gpxtpx:TrackPointExtension></extensions>
      </trkpt>
      <trkpt lat="32.013664" lon="118.789948">
        <ele>30.8</ele>
        <time>2026-05-29T23:12:59Z</time>
        <extensions><gpxtpx:TrackPointExtension>
          <gpxtpx:hr>173</gpxtpx:hr>
        </gpxtpx:TrackPointExtension></extensions>
      </trkpt>
      <trkpt lat="32.013628" lon="118.789941">
        <ele>30.8</ele>
        <time>2026-05-29T23:13:00Z</time>
        <extensions><gpxtpx:TrackPointExtension>
          <gpxtpx:hr>174</gpxtpx:hr>
        </gpxtpx:TrackPointExtension></extensions>
      </trkpt>
      <trkpt lat="32.013601" lon="118.789931">
        <ele>30.8</ele>
        <time>2026-05-29T23:13:01Z</time>
        <extensions><gpxtpx:TrackPointExtension>
          <gpxtpx:hr>173</gpxtpx:hr>
        </gpxtpx:TrackPointExtension></extensions>
      </trkpt>
      <trkpt lat="32.013564" lon="118.789925">
        <ele>30.8</ele>
        <time>2026-05-29T23:13:02Z</time>
        <extensions><gpxtpx:TrackPointExtension>
          <gpxtpx:hr>173</gpxtpx:hr>
        </gpxtpx:TrackPointExtension></extensions>
      </trkpt>
      <trkpt lat="32.013536" lon="118.78991">
        <ele>30.8</ele>
        <time>2026-05-29T23:13:03Z</time>
        <extensions><gpxtpx:TrackPointExtension>
          <gpxtpx:hr>173</gpxtpx:hr>
        </gpxtpx:TrackPointExtension></extensions>
      </trkpt>
      <trkpt lat="32.013498" lon="118.789899">
        <ele>31.0</ele>
        <time>2026-05-29T23:13:04Z</time>
        <extensions><gpxtpx:TrackPointExtension>
          <gpxtpx:hr>173</gpxtpx:hr>
        </gpxtpx:TrackPointExtension></extensions>
      </trkpt>
      <trkpt lat="32.01347" lon="118.789889">
        <ele>31.0</ele>
        <time>2026-05-29T23:13:05Z</time>
        <extensions><gpxtpx:TrackPointExtension>
          <gpxtpx:hr>174</gpxtpx:hr>
        </gpxtpx:TrackPointExtension></extensions>
      </trkpt>
      <trkpt lat="32.01343" lon="118.789879">
        <ele>31.0</ele>
        <time>2026-05-29T23:13:06Z</time>
        <extensions><gpxtpx:TrackPointExtension>
          <gpxtpx:hr>174</gpxtpx:hr>
        </gpxtpx:TrackPointExtension></extensions>
      </trkpt>
      <trkpt lat="32.013403" lon="118.789867">
        <ele>31.0</ele>
        <time>2026-05-29T23:13:07Z</time>
        <extensions><gpxtpx:TrackPointExtension>
          <gpxtpx:hr>175</gpxtpx:hr>
        </gpxtpx:TrackPointExtension></extensions>
      </trkpt>
      <trkpt lat="32.013366" lon="118.78986">
        <ele>31.0</ele>
        <time>2026-05-29T23:13:08Z</time>
        <extensions><gpxtpx:TrackPointExtension>
          <gpxtpx:hr>175</gpxtpx:hr>
        </gpxtpx:TrackPointExtension></extensions>
      </trkpt>
      <trkpt lat="32.01334" lon="118.789846">
        <ele>31.2</ele>
        <time>2026-05-29T23:13:09Z</time>
        <extensions><gpxtpx:TrackPointExtension>
          <gpxtpx:hr>175</gpxtpx:hr>
        </gpxtpx:TrackPointExtension></extensions>
      </trkpt>
      <trkpt lat="32.013305" lon="118.789837">
        <ele>31.4</ele>
        <time>2026-05-29T23:13:10Z</time>
        <extensions><gpxtpx:TrackPointExtension>
          <gpxtpx:hr>175</gpxtpx:hr>
        </gpxtpx:TrackPointExtension></extensions>
      </trkpt>
      <trkpt lat="32.013277" lon="118.789826">
        <ele>31.4</ele>
        <time>2026-05-29T23:13:11Z</time>
        <extensions><gpxtpx:TrackPointExtension>
          <gpxtpx:hr>175</gpxtpx:hr>
        </gpxtpx:TrackPointExtension></extensions>
      </trkpt>
      <trkpt lat="32.013239" lon="118.789822">
        <ele>31.4</ele>
        <time>2026-05-29T23:13:12Z</time>
        <extensions><gpxtpx:TrackPointExtension>
          <gpxtpx:hr>175</gpxtpx:hr>
        </gpxtpx:TrackPointExtension></extensions>
      </trkpt>
      <trkpt lat="32.013212" lon="118.789813">
        <ele>31.2</ele>
        <time>2026-05-29T23:13:13Z</time>
        <extensions><gpxtpx:TrackPointExtension>
          <gpxtpx:hr>175</gpxtpx:hr>
        </gpxtpx:TrackPointExtension></extensions>
      </trkpt>
      <trkpt lat="32.013171" lon="118.789805">
        <ele>31.2</ele>
        <time>2026-05-29T23:13:14Z</time>
        <extensions><gpxtpx:TrackPointExtension>
          <gpxtpx:hr>174</gpxtpx:hr>
        </gpxtpx:TrackPointExtension></extensions>
      </trkpt>
      <trkpt lat="32.013143" lon="118.789793">
        <ele>31.0</ele>
        <time>2026-05-29T23:13:15Z</time>
        <extensions><gpxtpx:TrackPointExtension>
          <gpxtpx:hr>174</gpxtpx:hr>
        </gpxtpx:TrackPointExtension></extensions>
      </trkpt>
      <trkpt lat="32.013105" lon="118.789785">
        <ele>31.0</ele>
        <time>2026-05-29T23:13:16Z</time>
        <extensions><gpxtpx:TrackPointExtension>
          <gpxtpx:hr>175</gpxtpx:hr>
        </gpxtpx:TrackPointExtension></extensions>
      </trkpt>
      <trkpt lat="32.013076" lon="118.789777">
        <ele>31.0</ele>
        <time>2026-05-29T23:13:17Z</time>
        <extensions><gpxtpx:TrackPointExtension>
          <gpxtpx:hr>175</gpxtpx:hr>
        </gpxtpx:TrackPointExtension></extensions>
      </trkpt>
      <trkpt lat="32.013036" lon="118.789769">
        <ele>31.0</ele>
        <time>2026-05-29T23:13:18Z</time>
        <extensions><gpxtpx:TrackPointExtension>
          <gpxtpx:hr>174</gpxtpx:hr>
        </gpxtpx:TrackPointExtension></extensions>
      </trkpt>
      <trkpt lat="32.01301" lon="118.789761">
        <ele>31.2</ele>
        <time>2026-05-29T23:13:19Z</time>
        <extensions><gpxtpx:TrackPointExtension>
          <gpxtpx:hr>175</gpxtpx:hr>
        </gpxtpx:TrackPointExtension></extensions>
      </trkpt>
      <trkpt lat="32.012974" lon="118.789754">
        <ele>31.2</ele>
        <time>2026-05-29T23:13:20Z</time>
        <extensions><gpxtpx:TrackPointExtension>
          <gpxtpx:hr>174</gpxtpx:hr>
        </gpxtpx:TrackPointExtension></extensions>
      </trkpt>
      <trkpt lat="32.012948" lon="118.789746">
        <ele>31.2</ele>
        <time>2026-05-29T23:13:21Z</time>
        <extensions><gpxtpx:TrackPointExtension>
          <gpxtpx:hr>173</gpxtpx:hr>
        </gpxtpx:TrackPointExtension></extensions>
      </trkpt>
      <trkpt lat="32.012912" lon="118.789738">
        <ele>31.2</ele>
        <time>2026-05-29T23:13:22Z</time>
        <extensions><gpxtpx:TrackPointExtension>
          <gpxtpx:hr>175</gpxtpx:hr>
        </gpxtpx:TrackPointExtension></extensions>
      </trkpt>
      <trkpt lat="32.012885" lon="118.789726">
        <ele>31.2</ele>
        <time>2026-05-29T23:13:23Z</time>
        <extensions><gpxtpx:TrackPointExtension>
          <gpxtpx:hr>174</gpxtpx:hr>
        </gpxtpx:TrackPointExtension></extensions>
      </trkpt>
      <trkpt lat="32.012849" lon="118.789718">
        <ele>31.2</ele>
        <time>2026-05-29T23:13:24Z</time>
        <extensions><gpxtpx:TrackPointExtension>
          <gpxtpx:hr>174</gpxtpx:hr>
        </gpxtpx:TrackPointExtension></extensions>
      </trkpt>
      <trkpt lat="32.012819" lon="118.789707">
        <ele>31.2</ele>
        <time>2026-05-29T23:13:25Z</time>
        <extensions><gpxtpx:TrackPointExtension>
          <gpxtpx:hr>174</gpxtpx:hr>
        </gpxtpx:TrackPointExtension></extensions>
      </trkpt>
      <trkpt lat="32.012783" lon="118.789695">
        <ele>31.2</ele>
        <time>2026-05-29T23:13:26Z</time>
        <extensions><gpxtpx:TrackPointExtension>
          <gpxtpx:hr>176</gpxtpx:hr>
        </gpxtpx:TrackPointExtension></extensions>
      </trkpt>
      <trkpt lat="32.01276" lon="118.789684">
        <ele>31.2</ele>
        <time>2026-05-29T23:13:27Z</time>
        <extensions><gpxtpx:TrackPointExtension>
          <gpxtpx:hr>174</gpxtpx:hr>
        </gpxtpx:TrackPointExtension></extensions>
      </trkpt>
      <trkpt lat="32.012721" lon="118.789676">
        <ele>31.4</ele>
        <time>2026-05-29T23:13:28Z</time>
        <extensions><gpxtpx:TrackPointExtension>
          <gpxtpx:hr>174</gpxtpx:hr>
        </gpxtpx:TrackPointExtension></extensions>
      </trkpt>
      <trkpt lat="32.012693" lon="118.789666">
        <ele>31.4</ele>
        <time>2026-05-29T23:13:29Z</time>
        <extensions><gpxtpx:TrackPointExtension>
          <gpxtpx:hr>175</gpxtpx:hr>
        </gpxtpx:TrackPointExtension></extensions>
      </trkpt>
      <trkpt lat="32.012654" lon="118.789661">
        <ele>31.4</ele>
        <time>2026-05-29T23:13:30Z</time>
        <extensions><gpxtpx:TrackPointExtension>
          <gpxtpx:hr>174</gpxtpx:hr>
        </gpxtpx:TrackPointExtension></extensions>
      </trkpt>
      <trkpt lat="32.012626" lon="118.789648">
        <ele>31.4</ele>
        <time>2026-05-29T23:13:31Z</time>
        <extensions><gpxtpx:TrackPointExtension>
          <gpxtpx:hr>174</gpxtpx:hr>
        </gpxtpx:TrackPointExtension></extensions>
      </trkpt>
      <trkpt lat="32.012589" lon="118.789638">
        <ele>31.4</ele>
        <time>2026-05-29T23:13:32Z</time>
        <extensions><gpxtpx:TrackPointExtension>
          <gpxtpx:hr>173</gpxtpx:hr>
        </gpxtpx:TrackPointExtension></extensions>
      </trkpt>
      <trkpt lat="32.012561" lon="118.789626">
        <ele>31.4</ele>
        <time>2026-05-29T23:13:33Z</time>
        <extensions><gpxtpx:TrackPointExtension>
          <gpxtpx:hr>173</gpxtpx:hr>
        </gpxtpx:TrackPointExtension></extensions>
      </trkpt>
      <trkpt lat="32.012522" lon="118.78962">
        <ele>31.4</ele>
        <time>2026-05-29T23:13:34Z</time>
        <extensions><gpxtpx:TrackPointExtension>
          <gpxtpx:hr>174</gpxtpx:hr>
        </gpxtpx:TrackPointExtension></extensions>
      </trkpt>
      <trkpt lat="32.012492" lon="118.789609">
        <ele>31.2</ele>
        <time>2026-05-29T23:13:35Z</time>
        <extensions><gpxtpx:TrackPointExtension>
          <gpxtpx:hr>175</gpxtpx:hr>
        </gpxtpx:TrackPointExtension></extensions>
      </trkpt>
      <trkpt lat="32.012452" lon="118.789604">
        <ele>31.2</ele>
        <time>2026-05-29T23:13:36Z</time>
        <extensions><gpxtpx:TrackPointExtension>
          <gpxtpx:hr>176</gpxtpx:hr>
        </gpxtpx:TrackPointExtension></extensions>
      </trkpt>
      <trkpt lat="32.012421" lon="118.789593">
        <ele>31.2</ele>
        <time>2026-05-29T23:13:37Z</time>
        <extensions><gpxtpx:TrackPointExtension>
          <gpxtpx:hr>176</gpxtpx:hr>
        </gpxtpx:TrackPointExtension></extensions>
      </trkpt>
      <trkpt lat="32.012383" lon="118.789586">
        <ele>31.2</ele>
        <time>2026-05-29T23:13:38Z</time>
        <extensions><gpxtpx:TrackPointExtension>
          <gpxtpx:hr>175</gpxtpx:hr>
        </gpxtpx:TrackPointExtension></extensions>
      </trkpt>
      <trkpt lat="32.012355" lon="118.789577">
        <ele>31.2</ele>
        <time>2026-05-29T23:13:39Z</time>
        <extensions><gpxtpx:TrackPointExtension>
          <gpxtpx:hr>176</gpxtpx:hr>
        </gpxtpx:TrackPointExtension></extensions>
      </trkpt>
      <trkpt lat="32.012319" lon="118.789571">
        <ele>31.2</ele>
        <time>2026-05-29T23:13:40Z</time>
        <extensions><gpxtpx:TrackPointExtension>
          <gpxtpx:hr>174</gpxtpx:hr>
        </gpxtpx:TrackPointExtension></extensions>
      </trkpt>
      <trkpt lat="32.012289" lon="118.789563">
        <ele>31.2</ele>
        <time>2026-05-29T23:13:41Z</time>
        <extensions><gpxtpx:TrackPointExtension>
          <gpxtpx:hr>174</gpxtpx:hr>
        </gpxtpx:TrackPointExtension></extensions>
      </trkpt>
      <trkpt lat="32.012253" lon="118.789558">
        <ele>31.2</ele>
        <time>2026-05-29T23:13:42Z</time>
        <extensions><gpxtpx:TrackPointExtension>
          <gpxtpx:hr>173</gpxtpx:hr>
        </gpxtpx:TrackPointExtension></extensions>
      </trkpt>
      <trkpt lat="32.012225" lon="118.789547">
        <ele>31.2</ele>
        <time>2026-05-29T23:13:43Z</time>
        <extensions><gpxtpx:TrackPointExtension>
          <gpxtpx:hr>173</gpxtpx:hr>
        </gpxtpx:TrackPointExtension></extensions>
      </trkpt>
      <trkpt lat="32.012189" lon="118.789539">
        <ele>31.2</ele>
        <time>2026-05-29T23:13:44Z</time>
        <extensions><gpxtpx:TrackPointExtension>
          <gpxtpx:hr>174</gpxtpx:hr>
        </gpxtpx:TrackPointExtension></extensions>
      </trkpt>
      <trkpt lat="32.012161" lon="118.789527">
        <ele>31.2</ele>
        <time>2026-05-29T23:13:45Z</time>
        <extensions><gpxtpx:TrackPointExtension>
          <gpxtpx:hr>175</gpxtpx:hr>
        </gpxtpx:TrackPointExtension></extensions>
      </trkpt>
      <trkpt lat="32.012124" lon="118.78952">
        <ele>31.2</ele>
        <time>2026-05-29T23:13:46Z</time>
        <extensions><gpxtpx:TrackPointExtension>
          <gpxtpx:hr>174</gpxtpx:hr>
        </gpxtpx:TrackPointExtension></extensions>
      </trkpt>
      <trkpt lat="32.012094" lon="118.789508">
        <ele>31.2</ele>
        <time>2026-05-29T23:13:47Z</time>
        <extensions><gpxtpx:TrackPointExtension>
          <gpxtpx:hr>175</gpxtpx:hr>
        </gpxtpx:TrackPointExtension></extensions>
      </trkpt>
      <trkpt lat="32.012059" lon="118.789495">
        <ele>31.2</ele>
        <time>2026-05-29T23:13:48Z</time>
        <extensions><gpxtpx:TrackPointExtension>
          <gpxtpx:hr>176</gpxtpx:hr>
        </gpxtpx:TrackPointExtension></extensions>
      </trkpt>
      <trkpt lat="32.01203" lon="118.789485">
        <ele>31.2</ele>
        <time>2026-05-29T23:13:49Z</time>
        <extensions><gpxtpx:TrackPointExtension>
          <gpxtpx:hr>174</gpxtpx:hr>
        </gpxtpx:TrackPointExtension></extensions>
      </trkpt>
      <trkpt lat="32.011993" lon="118.789474">
        <ele>31.2</ele>
        <time>2026-05-29T23:13:50Z</time>
        <extensions><gpxtpx:TrackPointExtension>
          <gpxtpx:hr>175</gpxtpx:hr>
        </gpxtpx:TrackPointExtension></extensions>
      </trkpt>
      <trkpt lat="32.011965" lon="118.789463">
        <ele>31.2</ele>
        <time>2026-05-29T23:13:51Z</time>
        <extensions><gpxtpx:TrackPointExtension>
          <gpxtpx:hr>174</gpxtpx:hr>
        </gpxtpx:TrackPointExtension></extensions>
      </trkpt>
      <trkpt lat="32.011926" lon="118.789449">
        <ele>31.2</ele>
        <time>2026-05-29T23:13:52Z</time>
        <extensions><gpxtpx:TrackPointExtension>
          <gpxtpx:hr>174</gpxtpx:hr>
        </gpxtpx:TrackPointExtension></extensions>
      </trkpt>
      <trkpt lat="32.011898" lon="118.789436">
        <ele>31.2</ele>
        <time>2026-05-29T23:13:53Z</time>
        <extensions><gpxtpx:TrackPointExtension>
          <gpxtpx:hr>173</gpxtpx:hr>
        </gpxtpx:TrackPointExtension></extensions>
      </trkpt>
      <trkpt lat="32.01186" lon="118.789424">
        <ele>31.2</ele>
        <time>2026-05-29T23:13:54Z</time>
        <extensions><gpxtpx:TrackPointExtension>
          <gpxtpx:hr>175</gpxtpx:hr>
        </gpxtpx:TrackPointExtension></extensions>
      </trkpt>
      <trkpt lat="32.011828" lon="118.789411">
        <ele>31.2</ele>
        <time>2026-05-29T23:13:55Z</time>
        <extensions><gpxtpx:TrackPointExtension>
          <gpxtpx:hr>175</gpxtpx:hr>
        </gpxtpx:TrackPointExtension></extensions>
      </trkpt>
      <trkpt lat="32.011791" lon="118.789403">
        <ele>31.2</ele>
        <time>2026-05-29T23:13:56Z</time>
        <extensions><gpxtpx:TrackPointExtension>
          <gpxtpx:hr>174</gpxtpx:hr>
        </gpxtpx:TrackPointExtension></extensions>
      </trkpt>
      <trkpt lat="32.011761" lon="118.789392">
        <ele>31.2</ele>
        <time>2026-05-29T23:13:57Z</time>
        <extensions><gpxtpx:TrackPointExtension>
          <gpxtpx:hr>174</gpxtpx:hr>
        </gpxtpx:TrackPointExtension></extensions>
      </trkpt>
      <trkpt lat="32.011723" lon="118.789389">
        <ele>31.2</ele>
        <time>2026-05-29T23:13:58Z</time>
        <extensions><gpxtpx:TrackPointExtension>
          <gpxtpx:hr>175</gpxtpx:hr>
        </gpxtpx:TrackPointExtension></extensions>
      </trkpt>
      <trkpt lat="32.011696" lon="118.789378">
        <ele>31.2</ele>
        <time>2026-05-29T23:13:59Z</time>
        <extensions><gpxtpx:TrackPointExtension>
          <gpxtpx:hr>175</gpxtpx:hr>
        </gpxtpx:TrackPointExtension></extensions>
      </trkpt>
      <trkpt lat="32.011658" lon="118.789372">
        <ele>31.4</ele>
        <time>2026-05-29T23:14:00Z</time>
        <extensions><gpxtpx:TrackPointExtension>
          <gpxtpx:hr>174</gpxtpx:hr>
        </gpxtpx:TrackPointExtension></extensions>
      </trkpt>
      <trkpt lat="32.011628" lon="118.78936">
        <ele>31.4</ele>
        <time>2026-05-29T23:14:01Z</time>
        <extensions><gpxtpx:TrackPointExtension>
          <gpxtpx:hr>175</gpxtpx:hr>
        </gpxtpx:TrackPointExtension></extensions>
      </trkpt>
      <trkpt lat="32.011589" lon="118.789353">
        <ele>31.4</ele>
        <time>2026-05-29T23:14:02Z</time>
        <extensions><gpxtpx:TrackPointExtension>
          <gpxtpx:hr>176</gpxtpx:hr>
        </gpxtpx:TrackPointExtension></extensions>
      </trkpt>
      <trkpt lat="32.011559" lon="118.789344">
        <ele>31.4</ele>
        <time>2026-05-29T23:14:03Z</time>
        <extensions><gpxtpx:TrackPointExtension>
          <gpxtpx:hr>176</gpxtpx:hr>
        </gpxtpx:TrackPointExtension></extensions>
      </trkpt>
      <trkpt lat="32.01152" lon="118.789335">
        <ele>31.4</ele>
        <time>2026-05-29T23:14:04Z</time>
        <extensions><gpxtpx:TrackPointExtension>
          <gpxtpx:hr>176</gpxtpx:hr>
        </gpxtpx:TrackPointExtension></extensions>
      </trkpt>
      <trkpt lat="32.011494" lon="118.789325">
        <ele>31.4</ele>
        <time>2026-05-29T23:14:05Z</time>
        <extensions><gpxtpx:TrackPointExtension>
          <gpxtpx:hr>175</gpxtpx:hr>
        </gpxtpx:TrackPointExtension></extensions>
      </trkpt>
      <trkpt lat="32.011457" lon="118.789319">
        <ele>31.4</ele>
        <time>2026-05-29T23:14:06Z</time>
        <extensions><gpxtpx:TrackPointExtension>
          <gpxtpx:hr>175</gpxtpx:hr>
        </gpxtpx:TrackPointExtension></extensions>
      </trkpt>
      <trkpt lat="32.011431" lon="118.789308">
        <ele>31.6</ele>
        <time>2026-05-29T23:14:07Z</time>
        <extensions><gpxtpx:TrackPointExtension>
          <gpxtpx:hr>176</gpxtpx:hr>
        </gpxtpx:TrackPointExtension></extensions>
      </trkpt>
      <trkpt lat="32.011397" lon="118.789299">
        <ele>31.6</ele>
        <time>2026-05-29T23:14:08Z</time>
        <extensions><gpxtpx:TrackPointExtension>
          <gpxtpx:hr>176</gpxtpx:hr>
        </gpxtpx:TrackPointExtension></extensions>
      </trkpt>
      <trkpt lat="32.01137" lon="118.789282">
        <ele>31.6</ele>
        <time>2026-05-29T23:14:09Z</time>
        <extensions><gpxtpx:TrackPointExtension>
          <gpxtpx:hr>176</gpxtpx:hr>
        </gpxtpx:TrackPointExtension></extensions>
      </trkpt>
      <trkpt lat="32.011332" lon="118.789274">
        <ele>31.6</ele>
        <time>2026-05-29T23:14:10Z</time>
        <extensions><gpxtpx:TrackPointExtension>
          <gpxtpx:hr>176</gpxtpx:hr>
        </gpxtpx:TrackPointExtension></extensions>
      </trkpt>
      <trkpt lat="32.011305" lon="118.789259">
        <ele>31.8</ele>
        <time>2026-05-29T23:14:11Z</time>
        <extensions><gpxtpx:TrackPointExtension>
          <gpxtpx:hr>177</gpxtpx:hr>
        </gpxtpx:TrackPointExtension></extensions>
      </trkpt>
      <trkpt lat="32.011267" lon="118.789251">
        <ele>31.8</ele>
        <time>2026-05-29T23:14:12Z</time>
        <extensions><gpxtpx:TrackPointExtension>
          <gpxtpx:hr>177</gpxtpx:hr>
        </gpxtpx:TrackPointExtension></extensions>
      </trkpt>
      <trkpt lat="32.011237" lon="118.789243">
        <ele>31.8</ele>
        <time>2026-05-29T23:14:13Z</time>
        <extensions><gpxtpx:TrackPointExtension>
          <gpxtpx:hr>177</gpxtpx:hr>
        </gpxtpx:TrackPointExtension></extensions>
      </trkpt>
      <trkpt lat="32.011198" lon="118.78925">
        <ele>31.8</ele>
        <time>2026-05-29T23:14:14Z</time>
        <extensions><gpxtpx:TrackPointExtension>
          <gpxtpx:hr>178</gpxtpx:hr>
        </gpxtpx:TrackPointExtension></extensions>
      </trkpt>
      <trkpt lat="32.011167" lon="118.789258">
        <ele>32.0</ele>
        <time>2026-05-29T23:14:15Z</time>
        <extensions><gpxtpx:TrackPointExtension>
          <gpxtpx:hr>177</gpxtpx:hr>
        </gpxtpx:TrackPointExtension></extensions>
      </trkpt>
      <trkpt lat="32.011126" lon="118.789266">
        <ele>32.0</ele>
        <time>2026-05-29T23:14:16Z</time>
        <extensions><gpxtpx:TrackPointExtension>
          <gpxtpx:hr>177</gpxtpx:hr>
        </gpxtpx:TrackPointExtension></extensions>
      </trkpt>
      <trkpt lat="32.011099" lon="118.789268">
        <ele>32.2</ele>
        <time>2026-05-29T23:14:17Z</time>
        <extensions><gpxtpx:TrackPointExtension>
          <gpxtpx:hr>177</gpxtpx:hr>
        </gpxtpx:TrackPointExtension></extensions>
      </trkpt>
      <trkpt lat="32.011059" lon="118.789269">
        <ele>32.2</ele>
        <time>2026-05-29T23:14:18Z</time>
        <extensions><gpxtpx:TrackPointExtension>
          <gpxtpx:hr>176</gpxtpx:hr>
        </gpxtpx:TrackPointExtension></extensions>
      </trkpt>
      <trkpt lat="32.011034" lon="118.789261">
        <ele>32.2</ele>
        <time>2026-05-29T23:14:19Z</time>
        <extensions><gpxtpx:TrackPointExtension>
          <gpxtpx:hr>177</gpxtpx:hr>
        </gpxtpx:TrackPointExtension></extensions>
      </trkpt>
      <trkpt lat="32.010998" lon="118.789255">
        <ele>32.2</ele>
        <time>2026-05-29T23:14:20Z</time>
        <extensions><gpxtpx:TrackPointExtension>
          <gpxtpx:hr>177</gpxtpx:hr>
        </gpxtpx:TrackPointExtension></extensions>
      </trkpt>
      <trkpt lat="32.010969" lon="118.789246">
        <ele>32.0</ele>
        <time>2026-05-29T23:14:21Z</time>
        <extensions><gpxtpx:TrackPointExtension>
          <gpxtpx:hr>177</gpxtpx:hr>
        </gpxtpx:TrackPointExtension></extensions>
      </trkpt>
      <trkpt lat="32.010928" lon="118.789237">
        <ele>32.0</ele>
        <time>2026-05-29T23:14:22Z</time>
        <extensions><gpxtpx:TrackPointExtension>
          <gpxtpx:hr>177</gpxtpx:hr>
        </gpxtpx:TrackPointExtension></extensions>
      </trkpt>
      <trkpt lat="32.010901" lon="118.789227">
        <ele>32.0</ele>
        <time>2026-05-29T23:14:23Z</time>
        <extensions><gpxtpx:TrackPointExtension>
          <gpxtpx:hr>176</gpxtpx:hr>
        </gpxtpx:TrackPointExtension></extensions>
      </trkpt>
      <trkpt lat="32.010862" lon="118.789218">
        <ele>32.0</ele>
        <time>2026-05-29T23:14:24Z</time>
        <extensions><gpxtpx:TrackPointExtension>
          <gpxtpx:hr>178</gpxtpx:hr>
        </gpxtpx:TrackPointExtension></extensions>
      </trkpt>
      <trkpt lat="32.010831" lon="118.78921">
        <ele>32.0</ele>
        <time>2026-05-29T23:14:25Z</time>
        <extensions><gpxtpx:TrackPointExtension>
          <gpxtpx:hr>177</gpxtpx:hr>
        </gpxtpx:TrackPointExtension></extensions>
      </trkpt>
      <trkpt lat="32.010787" lon="118.789208">
        <ele>32.0</ele>
        <time>2026-05-29T23:14:26Z</time>
        <extensions><gpxtpx:TrackPointExtension>
          <gpxtpx:hr>177</gpxtpx:hr>
        </gpxtpx:TrackPointExtension></extensions>
      </trkpt>
      <trkpt lat="32.01076" lon="118.78921">
        <ele>32.0</ele>
        <time>2026-05-29T23:14:27Z</time>
        <extensions><gpxtpx:TrackPointExtension>
          <gpxtpx:hr>177</gpxtpx:hr>
        </gpxtpx:TrackPointExtension></extensions>
      </trkpt>
      <trkpt lat="32.010718" lon="118.789216">
        <ele>32.0</ele>
        <time>2026-05-29T23:14:28Z</time>
        <extensions><gpxtpx:TrackPointExtension>
          <gpxtpx:hr>177</gpxtpx:hr>
        </gpxtpx:TrackPointExtension></extensions>
      </trkpt>
      <trkpt lat="32.010689" lon="118.789215">
        <ele>32.0</ele>
        <time>2026-05-29T23:14:29Z</time>
        <extensions><gpxtpx:TrackPointExtension>
          <gpxtpx:hr>177</gpxtpx:hr>
        </gpxtpx:TrackPointExtension></extensions>
      </trkpt>
      <trkpt lat="32.010651" lon="118.789217">
        <ele>32.0</ele>
        <time>2026-05-29T23:14:30Z</time>
        <extensions><gpxtpx:TrackPointExtension>
          <gpxtpx:hr>179</gpxtpx:hr>
        </gpxtpx:TrackPointExtension></extensions>
      </trkpt>
      <trkpt lat="32.010622" lon="118.789207">
        <ele>32.0</ele>
        <time>2026-05-29T23:14:31Z</time>
        <extensions><gpxtpx:TrackPointExtension>
          <gpxtpx:hr>178</gpxtpx:hr>
        </gpxtpx:TrackPointExtension></extensions>
      </trkpt>
      <trkpt lat="32.010587" lon="118.789201">
        <ele>32.2</ele>
        <time>2026-05-29T23:14:32Z</time>
        <extensions><gpxtpx:TrackPointExtension>
          <gpxtpx:hr>178</gpxtpx:hr>
        </gpxtpx:TrackPointExtension></extensions>
      </trkpt>
      <trkpt lat="32.010561" lon="118.78919">
        <ele>32.2</ele>
        <time>2026-05-29T23:14:33Z</time>
        <extensions><gpxtpx:TrackPointExtension>
          <gpxtpx:hr>177</gpxtpx:hr>
        </gpxtpx:TrackPointExtension></extensions>
      </trkpt>
      <trkpt lat="32.010527" lon="118.789182">
        <ele>32.2</ele>
        <time>2026-05-29T23:14:34Z</time>
        <extensions><gpxtpx:TrackPointExtension>
          <gpxtpx:hr>177</gpxtpx:hr>
        </gpxtpx:TrackPointExtension></extensions>
      </trkpt>
      <trkpt lat="32.010502" lon="118.789174">
        <ele>32.0</ele>
        <time>2026-05-29T23:14:35Z</time>
        <extensions><gpxtpx:TrackPointExtension>
          <gpxtpx:hr>177</gpxtpx:hr>
        </gpxtpx:TrackPointExtension></extensions>
      </trkpt>
      <trkpt lat="32.010468" lon="118.789166">
        <ele>32.0</ele>
        <time>2026-05-29T23:14:36Z</time>
        <extensions><gpxtpx:TrackPointExtension>
          <gpxtpx:hr>177</gpxtpx:hr>
        </gpxtpx:TrackPointExtension></extensions>
      </trkpt>
      <trkpt lat="32.010439" lon="118.789157">
        <ele>31.8</ele>
        <time>2026-05-29T23:14:37Z</time>
        <extensions><gpxtpx:TrackPointExtension>
          <gpxtpx:hr>178</gpxtpx:hr>
        </gpxtpx:TrackPointExtension></extensions>
      </trkpt>
      <trkpt lat="32.010401" lon="118.789145">
        <ele>31.8</ele>
        <time>2026-05-29T23:14:38Z</time>
        <extensions><gpxtpx:TrackPointExtension>
          <gpxtpx:hr>178</gpxtpx:hr>
        </gpxtpx:TrackPointExtension></extensions>
      </trkpt>
      <trkpt lat="32.010371" lon="118.789131">
        <ele>31.8</ele>
        <time>2026-05-29T23:14:39Z</time>
        <extensions><gpxtpx:TrackPointExtension>
          <gpxtpx:hr>176</gpxtpx:hr>
        </gpxtpx:TrackPointExtension></extensions>
      </trkpt>
      <trkpt lat="32.010332" lon="118.789128">
        <ele>31.8</ele>
        <time>2026-05-29T23:14:40Z</time>
        <extensions><gpxtpx:TrackPointExtension>
          <gpxtpx:hr>176</gpxtpx:hr>
        </gpxtpx:TrackPointExtension></extensions>
      </trkpt>
      <trkpt lat="32.010304" lon="118.789117">
        <ele>31.8</ele>
        <time>2026-05-29T23:14:41Z</time>
        <extensions><gpxtpx:TrackPointExtension>
          <gpxtpx:hr>177</gpxtpx:hr>
        </gpxtpx:TrackPointExtension></extensions>
      </trkpt>
      <trkpt lat="32.010266" lon="118.789112">
        <ele>32.0</ele>
        <time>2026-05-29T23:14:42Z</time>
        <extensions><gpxtpx:TrackPointExtension>
          <gpxtpx:hr>177</gpxtpx:hr>
        </gpxtpx:TrackPointExtension></extensions>
      </trkpt>
      <trkpt lat="32.01024" lon="118.789099">
        <ele>32.0</ele>
        <time>2026-05-29T23:14:43Z</time>
        <extensions><gpxtpx:TrackPointExtension>
          <gpxtpx:hr>177</gpxtpx:hr>
        </gpxtpx:TrackPointExtension></extensions>
      </trkpt>
      <trkpt lat="32.010204" lon="118.789091">
        <ele>32.0</ele>
        <time>2026-05-29T23:14:44Z</time>
        <extensions><gpxtpx:TrackPointExtension>
          <gpxtpx:hr>176</gpxtpx:hr>
        </gpxtpx:TrackPointExtension></extensions>
      </trkpt>
      <trkpt lat="32.010176" lon="118.789081">
        <ele>32.2</ele>
        <time>2026-05-29T23:14:45Z</time>
        <extensions><gpxtpx:TrackPointExtension>
          <gpxtpx:hr>176</gpxtpx:hr>
        </gpxtpx:TrackPointExtension></extensions>
      </trkpt>
      <trkpt lat="32.010138" lon="118.789072">
        <ele>32.2</ele>
        <time>2026-05-29T23:14:46Z</time>
        <extensions><gpxtpx:TrackPointExtension>
          <gpxtpx:hr>176</gpxtpx:hr>
        </gpxtpx:TrackPointExtension></extensions>
      </trkpt>
      <trkpt lat="32.010111" lon="118.789061">
        <ele>32.0</ele>
        <time>2026-05-29T23:14:47Z</time>
        <extensions><gpxtpx:TrackPointExtension>
          <gpxtpx:hr>177</gpxtpx:hr>
        </gpxtpx:TrackPointExtension></extensions>
      </trkpt>
      <trkpt lat="32.010072" lon="118.789054">
        <ele>32.0</ele>
        <time>2026-05-29T23:14:48Z</time>
        <extensions><gpxtpx:TrackPointExtension>
          <gpxtpx:hr>175</gpxtpx:hr>
        </gpxtpx:TrackPointExtension></extensions>
      </trkpt>
      <trkpt lat="32.010043" lon="118.789045">
        <ele>32.0</ele>
        <time>2026-05-29T23:14:49Z</time>
        <extensions><gpxtpx:TrackPointExtension>
          <gpxtpx:hr>176</gpxtpx:hr>
        </gpxtpx:TrackPointExtension></extensions>
      </trkpt>
      <trkpt lat="32.010005" lon="118.789041">
        <ele>32.0</ele>
        <time>2026-05-29T23:14:50Z</time>
        <extensions><gpxtpx:TrackPointExtension>
          <gpxtpx:hr>178</gpxtpx:hr>
        </gpxtpx:TrackPointExtension></extensions>
      </trkpt>
      <trkpt lat="32.009975" lon="118.789031">
        <ele>32.2</ele>
        <time>2026-05-29T23:14:51Z</time>
        <extensions><gpxtpx:TrackPointExtension>
          <gpxtpx:hr>178</gpxtpx:hr>
        </gpxtpx:TrackPointExtension></extensions>
      </trkpt>
      <trkpt lat="32.00994" lon="118.789021">
        <ele>32.2</ele>
        <time>2026-05-29T23:14:52Z</time>
        <extensions><gpxtpx:TrackPointExtension>
          <gpxtpx:hr>178</gpxtpx:hr>
        </gpxtpx:TrackPointExtension></extensions>
      </trkpt>
      <trkpt lat="32.009915" lon="118.789014">
        <ele>32.2</ele>
        <time>2026-05-29T23:14:53Z</time>
        <extensions><gpxtpx:TrackPointExtension>
          <gpxtpx:hr>177</gpxtpx:hr>
        </gpxtpx:TrackPointExtension></extensions>
      </trkpt>
      <trkpt lat="32.00988" lon="118.789001">
        <ele>32.2</ele>
        <time>2026-05-29T23:14:54Z</time>
        <extensions><gpxtpx:TrackPointExtension>
          <gpxtpx:hr>176</gpxtpx:hr>
        </gpxtpx:TrackPointExtension></extensions>
      </trkpt>
      <trkpt lat="32.009855" lon="118.788989">
        <ele>32.2</ele>
        <time>2026-05-29T23:14:55Z</time>
        <extensions><gpxtpx:TrackPointExtension>
          <gpxtpx:hr>174</gpxtpx:hr>
        </gpxtpx:TrackPointExtension></extensions>
      </trkpt>
      <trkpt lat="32.009822" lon="118.788966">
        <ele>32.2</ele>
        <time>2026-05-29T23:14:56Z</time>
        <extensions><gpxtpx:TrackPointExtension>
          <gpxtpx:hr>175</gpxtpx:hr>
        </gpxtpx:TrackPointExtension></extensions>
      </trkpt>
      <trkpt lat="32.009802" lon="118.788945">
        <ele>32.2</ele>
        <time>2026-05-29T23:14:57Z</time>
        <extensions><gpxtpx:TrackPointExtension>
          <gpxtpx:hr>175</gpxtpx:hr>
        </gpxtpx:TrackPointExtension></extensions>
      </trkpt>
      <trkpt lat="32.009778" lon="118.788916">
        <ele>32.2</ele>
        <time>2026-05-29T23:14:58Z</time>
        <extensions><gpxtpx:TrackPointExtension>
          <gpxtpx:hr>175</gpxtpx:hr>
        </gpxtpx:TrackPointExtension></extensions>
      </trkpt>
      <trkpt lat="32.009765" lon="118.788889">
        <ele>32.4</ele>
        <time>2026-05-29T23:14:59Z</time>
        <extensions><gpxtpx:TrackPointExtension>
          <gpxtpx:hr>175</gpxtpx:hr>
        </gpxtpx:TrackPointExtension></extensions>
      </trkpt>
      <trkpt lat="32.009764" lon="118.788846">
        <ele>32.4</ele>
        <time>2026-05-29T23:15:00Z</time>
        <extensions><gpxtpx:TrackPointExtension>
          <gpxtpx:hr>175</gpxtpx:hr>
        </gpxtpx:TrackPointExtension></extensions>
      </trkpt>
      <trkpt lat="32.009768" lon="118.788815">
        <ele>32.4</ele>
        <time>2026-05-29T23:15:01Z</time>
        <extensions><gpxtpx:TrackPointExtension>
          <gpxtpx:hr>175</gpxtpx:hr>
        </gpxtpx:TrackPointExtension></extensions>
      </trkpt>
      <trkpt lat="32.009773" lon="118.788774">
        <ele>32.4</ele>
        <time>2026-05-29T23:15:02Z</time>
        <extensions><gpxtpx:TrackPointExtension>
          <gpxtpx:hr>176</gpxtpx:hr>
        </gpxtpx:TrackPointExtension></extensions>
      </trkpt>
      <trkpt lat="32.009784" lon="118.788741">
        <ele>32.4</ele>
        <time>2026-05-29T23:15:03Z</time>
        <extensions><gpxtpx:TrackPointExtension>
          <gpxtpx:hr>177</gpxtpx:hr>
        </gpxtpx:TrackPointExtension></extensions>
      </trkpt>
      <trkpt lat="32.009789" lon="118.788698">
        <ele>32.4</ele>
        <time>2026-05-29T23:15:04Z</time>
        <extensions><gpxtpx:TrackPointExtension>
          <gpxtpx:hr>177</gpxtpx:hr>
        </gpxtpx:TrackPointExtension></extensions>
      </trkpt>
      <trkpt lat="32.009796" lon="118.788668">
        <ele>32.6</ele>
        <time>2026-05-29T23:15:05Z</time>
        <extensions><gpxtpx:TrackPointExtension>
          <gpxtpx:hr>177</gpxtpx:hr>
        </gpxtpx:TrackPointExtension></extensions>
      </trkpt>
      <trkpt lat="32.009799" lon="118.788625">
        <ele>32.6</ele>
        <time>2026-05-29T23:15:06Z</time>
        <extensions><gpxtpx:TrackPointExtension>
          <gpxtpx:hr>177</gpxtpx:hr>
        </gpxtpx:TrackPointExtension></extensions>
      </trkpt>
      <trkpt lat="32.009804" lon="118.788593">
        <ele>32.8</ele>
        <time>2026-05-29T23:15:07Z</time>
        <extensions><gpxtpx:TrackPointExtension>
          <gpxtpx:hr>177</gpxtpx:hr>
        </gpxtpx:TrackPointExtension></extensions>
      </trkpt>
      <trkpt lat="32.009805" lon="118.788553">
        <ele>33.0</ele>
        <time>2026-05-29T23:15:08Z</time>
        <extensions><gpxtpx:TrackPointExtension>
          <gpxtpx:hr>177</gpxtpx:hr>
        </gpxtpx:TrackPointExtension></extensions>
      </trkpt>
      <trkpt lat="32.009807" lon="118.788523">
        <ele>33.0</ele>
        <time>2026-05-29T23:15:09Z</time>
        <extensions><gpxtpx:TrackPointExtension>
          <gpxtpx:hr>177</gpxtpx:hr>
        </gpxtpx:TrackPointExtension></extensions>
      </trkpt>
      <trkpt lat="32.009808" lon="118.78848">
        <ele>33.2</ele>
        <time>2026-05-29T23:15:10Z</time>
        <extensions><gpxtpx:TrackPointExtension>
          <gpxtpx:hr>177</gpxtpx:hr>
        </gpxtpx:TrackPointExtension></extensions>
      </trkpt>
      <trkpt lat="32.009813" lon="118.788449">
        <ele>33.4</ele>
        <time>2026-05-29T23:15:11Z</time>
        <extensions><gpxtpx:TrackPointExtension>
          <gpxtpx:hr>178</gpxtpx:hr>
        </gpxtpx:TrackPointExtension></extensions>
      </trkpt>
      <trkpt lat="32.009817" lon="118.788409">
        <ele>33.4</ele>
        <time>2026-05-29T23:15:12Z</time>
        <extensions><gpxtpx:TrackPointExtension>
          <gpxtpx:hr>179</gpxtpx:hr>
        </gpxtpx:TrackPointExtension></extensions>
      </trkpt>
      <trkpt lat="32.009825" lon="118.788377">
        <ele>33.6</ele>
        <time>2026-05-29T23:15:13Z</time>
        <extensions><gpxtpx:TrackPointExtension>
          <gpxtpx:hr>178</gpxtpx:hr>
        </gpxtpx:TrackPointExtension></extensions>
      </trkpt>
      <trkpt lat="32.00983" lon="118.788334">
        <ele>33.6</ele>
        <time>2026-05-29T23:15:14Z</time>
        <extensions><gpxtpx:TrackPointExtension>
          <gpxtpx:hr>178</gpxtpx:hr>
        </gpxtpx:TrackPointExtension></extensions>
      </trkpt>
      <trkpt lat="32.009838" lon="118.788302">
        <ele>33.8</ele>
        <time>2026-05-29T23:15:15Z</time>
        <extensions><gpxtpx:TrackPointExtension>
          <gpxtpx:hr>178</gpxtpx:hr>
        </gpxtpx:TrackPointExtension></extensions>
      </trkpt>
      <trkpt lat="32.009839" lon="118.78826">
        <ele>33.8</ele>
        <time>2026-05-29T23:15:16Z</time>
        <extensions><gpxtpx:TrackPointExtension>
          <gpxtpx:hr>178</gpxtpx:hr>
        </gpxtpx:TrackPointExtension></extensions>
      </trkpt>
      <trkpt lat="32.009847" lon="118.788228">
        <ele>34.0</ele>
        <time>2026-05-29T23:15:17Z</time>
        <extensions><gpxtpx:TrackPointExtension>
          <gpxtpx:hr>178</gpxtpx:hr>
        </gpxtpx:TrackPointExtension></extensions>
      </trkpt>
      <trkpt lat="32.009852" lon="118.788184">
        <ele>34.0</ele>
        <time>2026-05-29T23:15:18Z</time>
        <extensions><gpxtpx:TrackPointExtension>
          <gpxtpx:hr>178</gpxtpx:hr>
        </gpxtpx:TrackPointExtension></extensions>
      </trkpt>
      <trkpt lat="32.009856" lon="118.788153">
        <ele>34.2</ele>
        <time>2026-05-29T23:15:19Z</time>
        <extensions><gpxtpx:TrackPointExtension>
          <gpxtpx:hr>177</gpxtpx:hr>
        </gpxtpx:TrackPointExtension></extensions>
      </trkpt>
      <trkpt lat="32.009862" lon="118.788111">
        <ele>34.2</ele>
        <time>2026-05-29T23:15:20Z</time>
        <extensions><gpxtpx:TrackPointExtension>
          <gpxtpx:hr>177</gpxtpx:hr>
        </gpxtpx:TrackPointExtension></extensions>
      </trkpt>
      <trkpt lat="32.009867" lon="118.788081">
        <ele>34.4</ele>
        <time>2026-05-29T23:15:21Z</time>
        <extensions><gpxtpx:TrackPointExtension>
          <gpxtpx:hr>177</gpxtpx:hr>
        </gpxtpx:TrackPointExtension></extensions>
      </trkpt>
      <trkpt lat="32.00987" lon="118.788039">
        <ele>34.4</ele>
        <time>2026-05-29T23:15:22Z</time>
        <extensions><gpxtpx:TrackPointExtension>
          <gpxtpx:hr>177</gpxtpx:hr>
        </gpxtpx:TrackPointExtension></extensions>
      </trkpt>
      <trkpt lat="32.009877" lon="118.788009">
        <ele>34.6</ele>
        <time>2026-05-29T23:15:23Z</time>
        <extensions><gpxtpx:TrackPointExtension>
          <gpxtpx:hr>177</gpxtpx:hr>
        </gpxtpx:TrackPointExtension></extensions>
      </trkpt>
      <trkpt lat="32.00988" lon="118.787971">
        <ele>34.8</ele>
        <time>2026-05-29T23:15:24Z</time>
        <extensions><gpxtpx:TrackPointExtension>
          <gpxtpx:hr>177</gpxtpx:hr>
        </gpxtpx:TrackPointExtension></extensions>
      </trkpt>
      <trkpt lat="32.009885" lon="118.787937">
        <ele>34.8</ele>
        <time>2026-05-29T23:15:25Z</time>
        <extensions><gpxtpx:TrackPointExtension>
          <gpxtpx:hr>176</gpxtpx:hr>
        </gpxtpx:TrackPointExtension></extensions>
      </trkpt>
      <trkpt lat="32.009894" lon="118.787895">
        <ele>35.0</ele>
        <time>2026-05-29T23:15:26Z</time>
        <extensions><gpxtpx:TrackPointExtension>
          <gpxtpx:hr>176</gpxtpx:hr>
        </gpxtpx:TrackPointExtension></extensions>
      </trkpt>
      <trkpt lat="32.009904" lon="118.787863">
        <ele>35.0</ele>
        <time>2026-05-29T23:15:27Z</time>
        <extensions><gpxtpx:TrackPointExtension>
          <gpxtpx:hr>176</gpxtpx:hr>
        </gpxtpx:TrackPointExtension></extensions>
      </trkpt>
      <trkpt lat="32.00991" lon="118.787823">
        <ele>35.2</ele>
        <time>2026-05-29T23:15:28Z</time>
        <extensions><gpxtpx:TrackPointExtension>
          <gpxtpx:hr>178</gpxtpx:hr>
        </gpxtpx:TrackPointExtension></extensions>
      </trkpt>
      <trkpt lat="32.009917" lon="118.78779">
        <ele>35.2</ele>
        <time>2026-05-29T23:15:29Z</time>
        <extensions><gpxtpx:TrackPointExtension>
          <gpxtpx:hr>177</gpxtpx:hr>
        </gpxtpx:TrackPointExtension></extensions>
      </trkpt>
      <trkpt lat="32.009922" lon="118.787746">
        <ele>35.4</ele>
        <time>2026-05-29T23:15:30Z</time>
        <extensions><gpxtpx:TrackPointExtension>
          <gpxtpx:hr>178</gpxtpx:hr>
        </gpxtpx:TrackPointExtension></extensions>
      </trkpt>
      <trkpt lat="32.009932" lon="118.787713">
        <ele>35.6</ele>
        <time>2026-05-29T23:15:31Z</time>
        <extensions><gpxtpx:TrackPointExtension>
          <gpxtpx:hr>178</gpxtpx:hr>
        </gpxtpx:TrackPointExtension></extensions>
      </trkpt>
      <trkpt lat="32.009939" lon="118.787672">
        <ele>35.6</ele>
        <time>2026-05-29T23:15:32Z</time>
        <extensions><gpxtpx:TrackPointExtension>
          <gpxtpx:hr>177</gpxtpx:hr>
        </gpxtpx:TrackPointExtension></extensions>
      </trkpt>
      <trkpt lat="32.00995" lon="118.787643">
        <ele>35.8</ele>
        <time>2026-05-29T23:15:33Z</time>
        <extensions><gpxtpx:TrackPointExtension>
          <gpxtpx:hr>177</gpxtpx:hr>
        </gpxtpx:TrackPointExtension></extensions>
      </trkpt>
      <trkpt lat="32.009961" lon="118.787605">
        <ele>35.8</ele>
        <time>2026-05-29T23:15:34Z</time>
        <extensions><gpxtpx:TrackPointExtension>
          <gpxtpx:hr>179</gpxtpx:hr>
        </gpxtpx:TrackPointExtension></extensions>
      </trkpt>
      <trkpt lat="32.00997" lon="118.787575">
        <ele>35.8</ele>
        <time>2026-05-29T23:15:35Z</time>
        <extensions><gpxtpx:TrackPointExtension>
          <gpxtpx:hr>178</gpxtpx:hr>
        </gpxtpx:TrackPointExtension></extensions>
      </trkpt>
      <trkpt lat="32.009979" lon="118.787535">
        <ele>36.0</ele>
        <time>2026-05-29T23:15:36Z</time>
        <extensions><gpxtpx:TrackPointExtension>
          <gpxtpx:hr>179</gpxtpx:hr>
        </gpxtpx:TrackPointExtension></extensions>
      </trkpt>
      <trkpt lat="32.009984" lon="118.787508">
        <ele>36.0</ele>
        <time>2026-05-29T23:15:37Z</time>
        <extensions><gpxtpx:TrackPointExtension>
          <gpxtpx:hr>179</gpxtpx:hr>
        </gpxtpx:TrackPointExtension></extensions>
      </trkpt>
      <trkpt lat="32.009992" lon="118.787465">
        <ele>36.0</ele>
        <time>2026-05-29T23:15:38Z</time>
        <extensions><gpxtpx:TrackPointExtension>
          <gpxtpx:hr>180</gpxtpx:hr>
        </gpxtpx:TrackPointExtension></extensions>
      </trkpt>
      <trkpt lat="32.01" lon="118.78743">
        <ele>36.0</ele>
        <time>2026-05-29T23:15:39Z</time>
        <extensions><gpxtpx:TrackPointExtension>
          <gpxtpx:hr>179</gpxtpx:hr>
        </gpxtpx:TrackPointExtension></extensions>
      </trkpt>
      <trkpt lat="32.010007" lon="118.787386">
        <ele>36.0</ele>
        <time>2026-05-29T23:15:40Z</time>
        <extensions><gpxtpx:TrackPointExtension>
          <gpxtpx:hr>179</gpxtpx:hr>
        </gpxtpx:TrackPointExtension></extensions>
      </trkpt>
      <trkpt lat="32.010017" lon="118.787358">
        <ele>35.8</ele>
        <time>2026-05-29T23:15:41Z</time>
        <extensions><gpxtpx:TrackPointExtension>
          <gpxtpx:hr>178</gpxtpx:hr>
        </gpxtpx:TrackPointExtension></extensions>
      </trkpt>
      <trkpt lat="32.010027" lon="118.787315">
        <ele>35.8</ele>
        <time>2026-05-29T23:15:42Z</time>
        <extensions><gpxtpx:TrackPointExtension>
          <gpxtpx:hr>179</gpxtpx:hr>
        </gpxtpx:TrackPointExtension></extensions>
      </trkpt>
      <trkpt lat="32.010036" lon="118.787284">
        <ele>35.8</ele>
        <time>2026-05-29T23:15:43Z</time>
        <extensions><gpxtpx:TrackPointExtension>
          <gpxtpx:hr>178</gpxtpx:hr>
        </gpxtpx:TrackPointExtension></extensions>
      </trkpt>
      <trkpt lat="32.010044" lon="118.787236">
        <ele>35.8</ele>
        <time>2026-05-29T23:15:44Z</time>
        <extensions><gpxtpx:TrackPointExtension>
          <gpxtpx:hr>177</gpxtpx:hr>
        </gpxtpx:TrackPointExtension></extensions>
      </trkpt>
      <trkpt lat="32.010054" lon="118.787203">
        <ele>35.8</ele>
        <time>2026-05-29T23:15:45Z</time>
        <extensions><gpxtpx:TrackPointExtension>
          <gpxtpx:hr>176</gpxtpx:hr>
        </gpxtpx:TrackPointExtension></extensions>
      </trkpt>
      <trkpt lat="32.010061" lon="118.787162">
        <ele>35.8</ele>
        <time>2026-05-29T23:15:46Z</time>
        <extensions><gpxtpx:TrackPointExtension>
          <gpxtpx:hr>177</gpxtpx:hr>
        </gpxtpx:TrackPointExtension></extensions>
      </trkpt>
      <trkpt lat="32.010067" lon="118.787128">
        <ele>35.8</ele>
        <time>2026-05-29T23:15:47Z</time>
        <extensions><gpxtpx:TrackPointExtension>
          <gpxtpx:hr>177</gpxtpx:hr>
        </gpxtpx:TrackPointExtension></extensions>
      </trkpt>
      <trkpt lat="32.010066" lon="118.787085">
        <ele>35.8</ele>
        <time>2026-05-29T23:15:48Z</time>
        <extensions><gpxtpx:TrackPointExtension>
          <gpxtpx:hr>177</gpxtpx:hr>
        </gpxtpx:TrackPointExtension></extensions>
      </trkpt>
      <trkpt lat="32.010071" lon="118.787053">
        <ele>35.8</ele>
        <time>2026-05-29T23:15:49Z</time>
        <extensions><gpxtpx:TrackPointExtension>
          <gpxtpx:hr>175</gpxtpx:hr>
        </gpxtpx:TrackPointExtension></extensions>
      </trkpt>
      <trkpt lat="32.010071" lon="118.787006">
        <ele>36.0</ele>
        <time>2026-05-29T23:15:50Z</time>
        <extensions><gpxtpx:TrackPointExtension>
          <gpxtpx:hr>177</gpxtpx:hr>
        </gpxtpx:TrackPointExtension></extensions>
      </trkpt>
      <trkpt lat="32.010075" lon="118.786974">
        <ele>36.0</ele>
        <time>2026-05-29T23:15:51Z</time>
        <extensions><gpxtpx:TrackPointExtension>
          <gpxtpx:hr>176</gpxtpx:hr>
        </gpxtpx:TrackPointExtension></extensions>
      </trkpt>
      <trkpt lat="32.010081" lon="118.78693">
        <ele>36.0</ele>
        <time>2026-05-29T23:15:52Z</time>
        <extensions><gpxtpx:TrackPointExtension>
          <gpxtpx:hr>177</gpxtpx:hr>
        </gpxtpx:TrackPointExtension></extensions>
      </trkpt>
      <trkpt lat="32.010086" lon="118.786894">
        <ele>36.0</ele>
        <time>2026-05-29T23:15:53Z</time>
        <extensions><gpxtpx:TrackPointExtension>
          <gpxtpx:hr>178</gpxtpx:hr>
        </gpxtpx:TrackPointExtension></extensions>
      </trkpt>
      <trkpt lat="32.01009" lon="118.78685">
        <ele>36.0</ele>
        <time>2026-05-29T23:15:54Z</time>
        <extensions><gpxtpx:TrackPointExtension>
          <gpxtpx:hr>178</gpxtpx:hr>
        </gpxtpx:TrackPointExtension></extensions>
      </trkpt>
      <trkpt lat="32.010091" lon="118.786818">
        <ele>36.2</ele>
        <time>2026-05-29T23:15:55Z</time>
        <extensions><gpxtpx:TrackPointExtension>
          <gpxtpx:hr>178</gpxtpx:hr>
        </gpxtpx:TrackPointExtension></extensions>
      </trkpt>
      <trkpt lat="32.010093" lon="118.786775">
        <ele>36.0</ele>
        <time>2026-05-29T23:15:56Z</time>
        <extensions><gpxtpx:TrackPointExtension>
          <gpxtpx:hr>176</gpxtpx:hr>
        </gpxtpx:TrackPointExtension></extensions>
      </trkpt>
      <trkpt lat="32.010094" lon="118.786743">
        <ele>36.0</ele>
        <time>2026-05-29T23:15:57Z</time>
        <extensions><gpxtpx:TrackPointExtension>
          <gpxtpx:hr>175</gpxtpx:hr>
        </gpxtpx:TrackPointExtension></extensions>
      </trkpt>
      <trkpt lat="32.010086" lon="118.786698">
        <ele>36.0</ele>
        <time>2026-05-29T23:15:58Z</time>
        <extensions><gpxtpx:TrackPointExtension>
          <gpxtpx:hr>176</gpxtpx:hr>
        </gpxtpx:TrackPointExtension></extensions>
      </trkpt>
      <trkpt lat="32.010088" lon="118.786661">
        <ele>36.0</ele>
        <time>2026-05-29T23:15:59Z</time>
        <extensions><gpxtpx:TrackPointExtension>
          <gpxtpx:hr>176</gpxtpx:hr>
        </gpxtpx:TrackPointExtension></extensions>
      </trkpt>
      <trkpt lat="32.01009" lon="118.786614">
        <ele>36.0</ele>
        <time>2026-05-29T23:16:00Z</time>
        <extensions><gpxtpx:TrackPointExtension>
          <gpxtpx:hr>176</gpxtpx:hr>
        </gpxtpx:TrackPointExtension></extensions>
      </trkpt>
      <trkpt lat="32.010092" lon="118.786577">
        <ele>36.2</ele>
        <time>2026-05-29T23:16:01Z</time>
        <extensions><gpxtpx:TrackPointExtension>
          <gpxtpx:hr>177</gpxtpx:hr>
        </gpxtpx:TrackPointExtension></extensions>
      </trkpt>
      <trkpt lat="32.01009" lon="118.786535">
        <ele>36.2</ele>
        <time>2026-05-29T23:16:02Z</time>
        <extensions><gpxtpx:TrackPointExtension>
          <gpxtpx:hr>176</gpxtpx:hr>
        </gpxtpx:TrackPointExtension></extensions>
      </trkpt>
      <trkpt lat="32.010091" lon="118.786503">
        <ele>36.4</ele>
        <time>2026-05-29T23:16:03Z</time>
        <extensions><gpxtpx:TrackPointExtension>
          <gpxtpx:hr>176</gpxtpx:hr>
        </gpxtpx:TrackPointExtension></extensions>
      </trkpt>
      <trkpt lat="32.010088" lon="118.786456">
        <ele>36.2</ele>
        <time>2026-05-29T23:16:04Z</time>
        <extensions><gpxtpx:TrackPointExtension>
          <gpxtpx:hr>176</gpxtpx:hr>
        </gpxtpx:TrackPointExtension></extensions>
      </trkpt>
      <trkpt lat="32.010087" lon="118.786425">
        <ele>36.2</ele>
        <time>2026-05-29T23:16:05Z</time>
        <extensions><gpxtpx:TrackPointExtension>
          <gpxtpx:hr>176</gpxtpx:hr>
        </gpxtpx:TrackPointExtension></extensions>
      </trkpt>
      <trkpt lat="32.010082" lon="118.786383">
        <ele>36.2</ele>
        <time>2026-05-29T23:16:06Z</time>
        <extensions><gpxtpx:TrackPointExtension>
          <gpxtpx:hr>177</gpxtpx:hr>
        </gpxtpx:TrackPointExtension></extensions>
      </trkpt>
      <trkpt lat="32.010084" lon="118.786352">
        <ele>36.2</ele>
        <time>2026-05-29T23:16:07Z</time>
        <extensions><gpxtpx:TrackPointExtension>
          <gpxtpx:hr>176</gpxtpx:hr>
        </gpxtpx:TrackPointExtension></extensions>
      </trkpt>
      <trkpt lat="32.010082" lon="118.786313">
        <ele>36.0</ele>
        <time>2026-05-29T23:16:08Z</time>
        <extensions><gpxtpx:TrackPointExtension>
          <gpxtpx:hr>177</gpxtpx:hr>
        </gpxtpx:TrackPointExtension></extensions>
      </trkpt>
      <trkpt lat="32.010084" lon="118.786282">
        <ele>36.2</ele>
        <time>2026-05-29T23:16:09Z</time>
        <extensions><gpxtpx:TrackPointExtension>
          <gpxtpx:hr>177</gpxtpx:hr>
        </gpxtpx:TrackPointExtension></extensions>
      </trkpt>
      <trkpt lat="32.010083" lon="118.786236">
        <ele>36.0</ele>
        <time>2026-05-29T23:16:10Z</time>
        <extensions><gpxtpx:TrackPointExtension>
          <gpxtpx:hr>178</gpxtpx:hr>
        </gpxtpx:TrackPointExtension></extensions>
      </trkpt>
      <trkpt lat="32.010084" lon="118.786209">
        <ele>36.0</ele>
        <time>2026-05-29T23:16:11Z</time>
        <extensions><gpxtpx:TrackPointExtension>
          <gpxtpx:hr>176</gpxtpx:hr>
        </gpxtpx:TrackPointExtension></extensions>
      </trkpt>
      <trkpt lat="32.010083" lon="118.786167">
        <ele>36.0</ele>
        <time>2026-05-29T23:16:12Z</time>
        <extensions><gpxtpx:TrackPointExtension>
          <gpxtpx:hr>176</gpxtpx:hr>
        </gpxtpx:TrackPointExtension></extensions>
      </trkpt>
      <trkpt lat="32.010083" lon="118.786134">
        <ele>36.2</ele>
        <time>2026-05-29T23:16:13Z</time>
        <extensions><gpxtpx:TrackPointExtension>
          <gpxtpx:hr>176</gpxtpx:hr>
        </gpxtpx:TrackPointExtension></extensions>
      </trkpt>
      <trkpt lat="32.01008" lon="118.786086">
        <ele>36.2</ele>
        <time>2026-05-29T23:16:14Z</time>
        <extensions><gpxtpx:TrackPointExtension>
          <gpxtpx:hr>176</gpxtpx:hr>
        </gpxtpx:TrackPointExtension></extensions>
      </trkpt>
      <trkpt lat="32.010081" lon="118.78605">
        <ele>36.2</ele>
        <time>2026-05-29T23:16:15Z</time>
        <extensions><gpxtpx:TrackPointExtension>
          <gpxtpx:hr>175</gpxtpx:hr>
        </gpxtpx:TrackPointExtension></extensions>
      </trkpt>
      <trkpt lat="32.010076" lon="118.78601">
        <ele>36.2</ele>
        <time>2026-05-29T23:16:16Z</time>
        <extensions><gpxtpx:TrackPointExtension>
          <gpxtpx:hr>175</gpxtpx:hr>
        </gpxtpx:TrackPointExtension></extensions>
      </trkpt>
      <trkpt lat="32.010076" lon="118.785973">
        <ele>36.4</ele>
        <time>2026-05-29T23:16:17Z</time>
        <extensions><gpxtpx:TrackPointExtension>
          <gpxtpx:hr>174</gpxtpx:hr>
        </gpxtpx:TrackPointExtension></extensions>
      </trkpt>
      <trkpt lat="32.010069" lon="118.785929">
        <ele>36.2</ele>
        <time>2026-05-29T23:16:18Z</time>
        <extensions><gpxtpx:TrackPointExtension>
          <gpxtpx:hr>174</gpxtpx:hr>
        </gpxtpx:TrackPointExtension></extensions>
      </trkpt>
      <trkpt lat="32.01007" lon="118.785895">
        <ele>36.2</ele>
        <time>2026-05-29T23:16:19Z</time>
        <extensions><gpxtpx:TrackPointExtension>
          <gpxtpx:hr>175</gpxtpx:hr>
        </gpxtpx:TrackPointExtension></extensions>
      </trkpt>
      <trkpt lat="32.010066" lon="118.785853">
        <ele>36.2</ele>
        <time>2026-05-29T23:16:20Z</time>
        <extensions><gpxtpx:TrackPointExtension>
          <gpxtpx:hr>175</gpxtpx:hr>
        </gpxtpx:TrackPointExtension></extensions>
      </trkpt>
      <trkpt lat="32.010067" lon="118.785822">
        <ele>36.2</ele>
        <time>2026-05-29T23:16:21Z</time>
        <extensions><gpxtpx:TrackPointExtension>
          <gpxtpx:hr>175</gpxtpx:hr>
        </gpxtpx:TrackPointExtension></extensions>
      </trkpt>
      <trkpt lat="32.010062" lon="118.785781">
        <ele>36.2</ele>
        <time>2026-05-29T23:16:22Z</time>
        <extensions><gpxtpx:TrackPointExtension>
          <gpxtpx:hr>176</gpxtpx:hr>
        </gpxtpx:TrackPointExtension></extensions>
      </trkpt>
      <trkpt lat="32.010063" lon="118.785748">
        <ele>36.2</ele>
        <time>2026-05-29T23:16:23Z</time>
        <extensions><gpxtpx:TrackPointExtension>
          <gpxtpx:hr>175</gpxtpx:hr>
        </gpxtpx:TrackPointExtension></extensions>
      </trkpt>
      <trkpt lat="32.010058" lon="118.785706">
        <ele>36.2</ele>
        <time>2026-05-29T23:16:24Z</time>
        <extensions><gpxtpx:TrackPointExtension>
          <gpxtpx:hr>175</gpxtpx:hr>
        </gpxtpx:TrackPointExtension></extensions>
      </trkpt>
      <trkpt lat="32.01006" lon="118.785672">
        <ele>36.2</ele>
        <time>2026-05-29T23:16:25Z</time>
        <extensions><gpxtpx:TrackPointExtension>
          <gpxtpx:hr>174</gpxtpx:hr>
        </gpxtpx:TrackPointExtension></extensions>
      </trkpt>
      <trkpt lat="32.010057" lon="118.785628">
        <ele>36.2</ele>
        <time>2026-05-29T23:16:26Z</time>
        <extensions><gpxtpx:TrackPointExtension>
          <gpxtpx:hr>175</gpxtpx:hr>
        </gpxtpx:TrackPointExtension></extensions>
      </trkpt>
      <trkpt lat="32.010059" lon="118.785595">
        <ele>36.4</ele>
        <time>2026-05-29T23:16:27Z</time>
        <extensions><gpxtpx:TrackPointExtension>
          <gpxtpx:hr>173</gpxtpx:hr>
        </gpxtpx:TrackPointExtension></extensions>
      </trkpt>
      <trkpt lat="32.010056" lon="118.785552">
        <ele>36.4</ele>
        <time>2026-05-29T23:16:28Z</time>
        <extensions><gpxtpx:TrackPointExtension>
          <gpxtpx:hr>173</gpxtpx:hr>
        </gpxtpx:TrackPointExtension></extensions>
      </trkpt>
      <trkpt lat="32.010056" lon="118.785522">
        <ele>36.4</ele>
        <time>2026-05-29T23:16:29Z</time>
        <extensions><gpxtpx:TrackPointExtension>
          <gpxtpx:hr>173</gpxtpx:hr>
        </gpxtpx:TrackPointExtension></extensions>
      </trkpt>
      <trkpt lat="32.010057" lon="118.78548">
        <ele>36.4</ele>
        <time>2026-05-29T23:16:30Z</time>
        <extensions><gpxtpx:TrackPointExtension>
          <gpxtpx:hr>173</gpxtpx:hr>
        </gpxtpx:TrackPointExtension></extensions>
      </trkpt>
      <trkpt lat="32.010059" lon="118.785448">
        <ele>36.4</ele>
        <time>2026-05-29T23:16:31Z</time>
        <extensions><gpxtpx:TrackPointExtension>
          <gpxtpx:hr>174</gpxtpx:hr>
        </gpxtpx:TrackPointExtension></extensions>
      </trkpt>
      <trkpt lat="32.010055" lon="118.785408">
        <ele>36.4</ele>
        <time>2026-05-29T23:16:32Z</time>
        <extensions><gpxtpx:TrackPointExtension>
          <gpxtpx:hr>175</gpxtpx:hr>
        </gpxtpx:TrackPointExtension></extensions>
      </trkpt>
      <trkpt lat="32.010059" lon="118.785376">
        <ele>36.4</ele>
        <time>2026-05-29T23:16:33Z</time>
        <extensions><gpxtpx:TrackPointExtension>
          <gpxtpx:hr>174</gpxtpx:hr>
        </gpxtpx:TrackPointExtension></extensions>
      </trkpt>
      <trkpt lat="32.010065" lon="118.785336">
        <ele>36.4</ele>
        <time>2026-05-29T23:16:34Z</time>
        <extensions><gpxtpx:TrackPointExtension>
          <gpxtpx:hr>175</gpxtpx:hr>
        </gpxtpx:TrackPointExtension></extensions>
      </trkpt>
      <trkpt lat="32.01007" lon="118.785306">
        <ele>36.4</ele>
        <time>2026-05-29T23:16:35Z</time>
        <extensions><gpxtpx:TrackPointExtension>
          <gpxtpx:hr>175</gpxtpx:hr>
        </gpxtpx:TrackPointExtension></extensions>
      </trkpt>
      <trkpt lat="32.01008" lon="118.785271">
        <ele>36.4</ele>
        <time>2026-05-29T23:16:36Z</time>
        <extensions><gpxtpx:TrackPointExtension>
          <gpxtpx:hr>175</gpxtpx:hr>
        </gpxtpx:TrackPointExtension></extensions>
      </trkpt>
      <trkpt lat="32.01009" lon="118.785247">
        <ele>36.4</ele>
        <time>2026-05-29T23:16:37Z</time>
        <extensions><gpxtpx:TrackPointExtension>
          <gpxtpx:hr>174</gpxtpx:hr>
        </gpxtpx:TrackPointExtension></extensions>
      </trkpt>
      <trkpt lat="32.010103" lon="118.785212">
        <ele>36.4</ele>
        <time>2026-05-29T23:16:38Z</time>
        <extensions><gpxtpx:TrackPointExtension>
          <gpxtpx:hr>173</gpxtpx:hr>
        </gpxtpx:TrackPointExtension></extensions>
      </trkpt>
      <trkpt lat="32.010115" lon="118.785185">
        <ele>36.4</ele>
        <time>2026-05-29T23:16:39Z</time>
        <extensions><gpxtpx:TrackPointExtension>
          <gpxtpx:hr>173</gpxtpx:hr>
        </gpxtpx:TrackPointExtension></extensions>
      </trkpt>
      <trkpt lat="32.010129" lon="118.785145">
        <ele>36.4</ele>
        <time>2026-05-29T23:16:40Z</time>
        <extensions><gpxtpx:TrackPointExtension>
          <gpxtpx:hr>174</gpxtpx:hr>
        </gpxtpx:TrackPointExtension></extensions>
      </trkpt>
      <trkpt lat="32.010146" lon="118.78512">
        <ele>36.4</ele>
        <time>2026-05-29T23:16:41Z</time>
        <extensions><gpxtpx:TrackPointExtension>
          <gpxtpx:hr>173</gpxtpx:hr>
        </gpxtpx:TrackPointExtension></extensions>
      </trkpt>
      <trkpt lat="32.010167" lon="118.785085">
        <ele>36.4</ele>
        <time>2026-05-29T23:16:42Z</time>
        <extensions><gpxtpx:TrackPointExtension>
          <gpxtpx:hr>173</gpxtpx:hr>
        </gpxtpx:TrackPointExtension></extensions>
      </trkpt>
      <trkpt lat="32.010189" lon="118.785063">
        <ele>36.4</ele>
        <time>2026-05-29T23:16:43Z</time>
        <extensions><gpxtpx:TrackPointExtension>
          <gpxtpx:hr>174</gpxtpx:hr>
        </gpxtpx:TrackPointExtension></extensions>
      </trkpt>
      <trkpt lat="32.010215" lon="118.785034">
        <ele>36.4</ele>
        <time>2026-05-29T23:16:44Z</time>
        <extensions><gpxtpx:TrackPointExtension>
          <gpxtpx:hr>173</gpxtpx:hr>
        </gpxtpx:TrackPointExtension></extensions>
      </trkpt>
      <trkpt lat="32.010235" lon="118.78501">
        <ele>36.4</ele>
        <time>2026-05-29T23:16:45Z</time>
        <extensions><gpxtpx:TrackPointExtension>
          <gpxtpx:hr>173</gpxtpx:hr>
        </gpxtpx:TrackPointExtension></extensions>
      </trkpt>
      <trkpt lat="32.010256" lon="118.784978">
        <ele>36.4</ele>
        <time>2026-05-29T23:16:46Z</time>
        <extensions><gpxtpx:TrackPointExtension>
          <gpxtpx:hr>172</gpxtpx:hr>
        </gpxtpx:TrackPointExtension></extensions>
      </trkpt>
      <trkpt lat="32.010275" lon="118.784955">
        <ele>36.4</ele>
        <time>2026-05-29T23:16:47Z</time>
        <extensions><gpxtpx:TrackPointExtension>
          <gpxtpx:hr>171</gpxtpx:hr>
        </gpxtpx:TrackPointExtension></extensions>
      </trkpt>
      <trkpt lat="32.010299" lon="118.784921">
        <ele>36.4</ele>
        <time>2026-05-29T23:16:48Z</time>
        <extensions><gpxtpx:TrackPointExtension>
          <gpxtpx:hr>171</gpxtpx:hr>
        </gpxtpx:TrackPointExtension></extensions>
      </trkpt>
      <trkpt lat="32.010319" lon="118.784898">
        <ele>36.4</ele>
        <time>2026-05-29T23:16:49Z</time>
        <extensions><gpxtpx:TrackPointExtension>
          <gpxtpx:hr>171</gpxtpx:hr>
        </gpxtpx:TrackPointExtension></extensions>
      </trkpt>
      <trkpt lat="32.010344" lon="118.784863">
        <ele>36.4</ele>
        <time>2026-05-29T23:16:50Z</time>
        <extensions><gpxtpx:TrackPointExtension>
          <gpxtpx:hr>171</gpxtpx:hr>
        </gpxtpx:TrackPointExtension></extensions>
      </trkpt>
      <trkpt lat="32.010369" lon="118.78484">
        <ele>36.4</ele>
        <time>2026-05-29T23:16:51Z</time>
        <extensions><gpxtpx:TrackPointExtension>
          <gpxtpx:hr>173</gpxtpx:hr>
        </gpxtpx:TrackPointExtension></extensions>
      </trkpt>
      <trkpt lat="32.010408" lon="118.784815">
        <ele>36.4</ele>
        <time>2026-05-29T23:16:52Z</time>
        <extensions><gpxtpx:TrackPointExtension>
          <gpxtpx:hr>173</gpxtpx:hr>
        </gpxtpx:TrackPointExtension></extensions>
      </trkpt>
      <trkpt lat="32.010438" lon="118.784803">
        <ele>36.4</ele>
        <time>2026-05-29T23:16:53Z</time>
        <extensions><gpxtpx:TrackPointExtension>
          <gpxtpx:hr>172</gpxtpx:hr>
        </gpxtpx:TrackPointExtension></extensions>
      </trkpt>
      <trkpt lat="32.010474" lon="118.784781">
        <ele>36.4</ele>
        <time>2026-05-29T23:16:54Z</time>
        <extensions><gpxtpx:TrackPointExtension>
          <gpxtpx:hr>172</gpxtpx:hr>
        </gpxtpx:TrackPointExtension></extensions>
      </trkpt>
      <trkpt lat="32.0105" lon="118.784771">
        <ele>36.4</ele>
        <time>2026-05-29T23:16:55Z</time>
        <extensions><gpxtpx:TrackPointExtension>
          <gpxtpx:hr>171</gpxtpx:hr>
        </gpxtpx:TrackPointExtension></extensions>
      </trkpt>
      <trkpt lat="32.010535" lon="118.784751">
        <ele>36.6</ele>
        <time>2026-05-29T23:16:56Z</time>
        <extensions><gpxtpx:TrackPointExtension>
          <gpxtpx:hr>172</gpxtpx:hr>
        </gpxtpx:TrackPointExtension></extensions>
      </trkpt>
      <trkpt lat="32.010562" lon="118.78474">
        <ele>36.6</ele>
        <time>2026-05-29T23:16:57Z</time>
        <extensions><gpxtpx:TrackPointExtension>
          <gpxtpx:hr>172</gpxtpx:hr>
        </gpxtpx:TrackPointExtension></extensions>
      </trkpt>
      <trkpt lat="32.010598" lon="118.784722">
        <ele>36.6</ele>
        <time>2026-05-29T23:16:58Z</time>
        <extensions><gpxtpx:TrackPointExtension>
          <gpxtpx:hr>173</gpxtpx:hr>
        </gpxtpx:TrackPointExtension></extensions>
      </trkpt>
      <trkpt lat="32.010628" lon="118.78471">
        <ele>36.6</ele>
        <time>2026-05-29T23:16:59Z</time>
        <extensions><gpxtpx:TrackPointExtension>
          <gpxtpx:hr>173</gpxtpx:hr>
        </gpxtpx:TrackPointExtension></extensions>
      </trkpt>
      <trkpt lat="32.010661" lon="118.784687">
        <ele>36.6</ele>
        <time>2026-05-29T23:17:00Z</time>
        <extensions><gpxtpx:TrackPointExtension>
          <gpxtpx:hr>173</gpxtpx:hr>
        </gpxtpx:TrackPointExtension></extensions>
      </trkpt>
      <trkpt lat="32.010685" lon="118.784672">
        <ele>36.6</ele>
        <time>2026-05-29T23:17:01Z</time>
        <extensions><gpxtpx:TrackPointExtension>
          <gpxtpx:hr>174</gpxtpx:hr>
        </gpxtpx:TrackPointExtension></extensions>
      </trkpt>
      <trkpt lat="32.010716" lon="118.784652">
        <ele>36.6</ele>
        <time>2026-05-29T23:17:02Z</time>
        <extensions><gpxtpx:TrackPointExtension>
          <gpxtpx:hr>172</gpxtpx:hr>
        </gpxtpx:TrackPointExtension></extensions>
      </trkpt>
      <trkpt lat="32.010744" lon="118.784636">
        <ele>36.6</ele>
        <time>2026-05-29T23:17:03Z</time>
        <extensions><gpxtpx:TrackPointExtension>
          <gpxtpx:hr>172</gpxtpx:hr>
        </gpxtpx:TrackPointExtension></extensions>
      </trkpt>
      <trkpt lat="32.010775" lon="118.784609">
        <ele>36.6</ele>
        <time>2026-05-29T23:17:04Z</time>
        <extensions><gpxtpx:TrackPointExtension>
          <gpxtpx:hr>171</gpxtpx:hr>
        </gpxtpx:TrackPointExtension></extensions>
      </trkpt>
      <trkpt lat="32.010801" lon="118.784595">
        <ele>36.4</ele>
        <time>2026-05-29T23:17:05Z</time>
        <extensions><gpxtpx:TrackPointExtension>
          <gpxtpx:hr>172</gpxtpx:hr>
        </gpxtpx:TrackPointExtension></extensions>
      </trkpt>
      <trkpt lat="32.010836" lon="118.784574">
        <ele>36.4</ele>
        <time>2026-05-29T23:17:06Z</time>
        <extensions><gpxtpx:TrackPointExtension>
          <gpxtpx:hr>173</gpxtpx:hr>
        </gpxtpx:TrackPointExtension></extensions>
      </trkpt>
      <trkpt lat="32.010864" lon="118.784563">
        <ele>36.4</ele>
        <time>2026-05-29T23:17:07Z</time>
        <extensions><gpxtpx:TrackPointExtension>
          <gpxtpx:hr>174</gpxtpx:hr>
        </gpxtpx:TrackPointExtension></extensions>
      </trkpt>
      <trkpt lat="32.010895" lon="118.784541">
        <ele>36.4</ele>
        <time>2026-05-29T23:17:08Z</time>
        <extensions><gpxtpx:TrackPointExtension>
          <gpxtpx:hr>174</gpxtpx:hr>
        </gpxtpx:TrackPointExtension></extensions>
      </trkpt>
      <trkpt lat="32.010924" lon="118.784522">
        <ele>36.4</ele>
        <time>2026-05-29T23:17:09Z</time>
        <extensions><gpxtpx:TrackPointExtension>
          <gpxtpx:hr>175</gpxtpx:hr>
        </gpxtpx:TrackPointExtension></extensions>
      </trkpt>
      <trkpt lat="32.010956" lon="118.784495">
        <ele>36.6</ele>
        <time>2026-05-29T23:17:10Z</time>
        <extensions><gpxtpx:TrackPointExtension>
          <gpxtpx:hr>175</gpxtpx:hr>
        </gpxtpx:TrackPointExtension></extensions>
      </trkpt>
      <trkpt lat="32.01098" lon="118.784479">
        <ele>36.6</ele>
        <time>2026-05-29T23:17:11Z</time>
        <extensions><gpxtpx:TrackPointExtension>
          <gpxtpx:hr>175</gpxtpx:hr>
        </gpxtpx:TrackPointExtension></extensions>
      </trkpt>
      <trkpt lat="32.011011" lon="118.784453">
        <ele>36.6</ele>
        <time>2026-05-29T23:17:12Z</time>
        <extensions><gpxtpx:TrackPointExtension>
          <gpxtpx:hr>174</gpxtpx:hr>
        </gpxtpx:TrackPointExtension></extensions>
      </trkpt>
      <trkpt lat="32.011036" lon="118.784435">
        <ele>36.6</ele>
        <time>2026-05-29T23:17:13Z</time>
        <extensions><gpxtpx:TrackPointExtension>
          <gpxtpx:hr>174</gpxtpx:hr>
        </gpxtpx:TrackPointExtension></extensions>
      </trkpt>
      <trkpt lat="32.011064" lon="118.784411">
        <ele>36.6</ele>
        <time>2026-05-29T23:17:14Z</time>
        <extensions><gpxtpx:TrackPointExtension>
          <gpxtpx:hr>175</gpxtpx:hr>
        </gpxtpx:TrackPointExtension></extensions>
      </trkpt>
      <trkpt lat="32.01109" lon="118.784396">
        <ele>36.6</ele>
        <time>2026-05-29T23:17:15Z</time>
        <extensions><gpxtpx:TrackPointExtension>
          <gpxtpx:hr>175</gpxtpx:hr>
        </gpxtpx:TrackPointExtension></extensions>
      </trkpt>
      <trkpt lat="32.011121" lon="118.784373">
        <ele>36.6</ele>
        <time>2026-05-29T23:17:16Z</time>
        <extensions><gpxtpx:TrackPointExtension>
          <gpxtpx:hr>174</gpxtpx:hr>
        </gpxtpx:TrackPointExtension></extensions>
      </trkpt>
      <trkpt lat="32.011147" lon="118.784358">
        <ele>36.6</ele>
        <time>2026-05-29T23:17:17Z</time>
        <extensions><gpxtpx:TrackPointExtension>
          <gpxtpx:hr>176</gpxtpx:hr>
        </gpxtpx:TrackPointExtension></extensions>
      </trkpt>
      <trkpt lat="32.011177" lon="118.784335">
        <ele>36.6</ele>
        <time>2026-05-29T23:17:18Z</time>
        <extensions><gpxtpx:TrackPointExtension>
          <gpxtpx:hr>175</gpxtpx:hr>
        </gpxtpx:TrackPointExtension></extensions>
      </trkpt>
      <trkpt lat="32.011199" lon="118.784314">
        <ele>36.6</ele>
        <time>2026-05-29T23:17:19Z</time>
        <extensions><gpxtpx:TrackPointExtension>
          <gpxtpx:hr>175</gpxtpx:hr>
        </gpxtpx:TrackPointExtension></extensions>
      </trkpt>
      <trkpt lat="32.011228" lon="118.78429">
        <ele>36.6</ele>
        <time>2026-05-29T23:17:20Z</time>
        <extensions><gpxtpx:TrackPointExtension>
          <gpxtpx:hr>175</gpxtpx:hr>
        </gpxtpx:TrackPointExtension></extensions>
      </trkpt>
      <trkpt lat="32.011254" lon="118.78427">
        <ele>36.6</ele>
        <time>2026-05-29T23:17:21Z</time>
        <extensions><gpxtpx:TrackPointExtension>
          <gpxtpx:hr>176</gpxtpx:hr>
        </gpxtpx:TrackPointExtension></extensions>
      </trkpt>
      <trkpt lat="32.011281" lon="118.784256">
        <ele>36.6</ele>
        <time>2026-05-29T23:17:22Z</time>
        <extensions><gpxtpx:TrackPointExtension>
          <gpxtpx:hr>174</gpxtpx:hr>
        </gpxtpx:TrackPointExtension></extensions>
      </trkpt>
      <trkpt lat="32.011313" lon="118.784239">
        <ele>36.6</ele>
        <time>2026-05-29T23:17:23Z</time>
        <extensions><gpxtpx:TrackPointExtension>
          <gpxtpx:hr>175</gpxtpx:hr>
        </gpxtpx:TrackPointExtension></extensions>
      </trkpt>
      <trkpt lat="32.011344" lon="118.784229">
        <ele>36.6</ele>
        <time>2026-05-29T23:17:24Z</time>
        <extensions><gpxtpx:TrackPointExtension>
          <gpxtpx:hr>175</gpxtpx:hr>
        </gpxtpx:TrackPointExtension></extensions>
      </trkpt>
      <trkpt lat="32.011377" lon="118.784207">
        <ele>36.4</ele>
        <time>2026-05-29T23:17:25Z</time>
        <extensions><gpxtpx:TrackPointExtension>
          <gpxtpx:hr>175</gpxtpx:hr>
        </gpxtpx:TrackPointExtension></extensions>
      </trkpt>
      <trkpt lat="32.011408" lon="118.784194">
        <ele>36.4</ele>
        <time>2026-05-29T23:17:26Z</time>
        <extensions><gpxtpx:TrackPointExtension>
          <gpxtpx:hr>174</gpxtpx:hr>
        </gpxtpx:TrackPointExtension></extensions>
      </trkpt>
      <trkpt lat="32.011445" lon="118.784171">
        <ele>36.2</ele>
        <time>2026-05-29T23:17:27Z</time>
        <extensions><gpxtpx:TrackPointExtension>
          <gpxtpx:hr>175</gpxtpx:hr>
        </gpxtpx:TrackPointExtension></extensions>
      </trkpt>
      <trkpt lat="32.011473" lon="118.784155">
        <ele>36.0</ele>
        <time>2026-05-29T23:17:28Z</time>
        <extensions><gpxtpx:TrackPointExtension>
          <gpxtpx:hr>175</gpxtpx:hr>
        </gpxtpx:TrackPointExtension></extensions>
      </trkpt>
      <trkpt lat="32.011508" lon="118.784125">
        <ele>35.8</ele>
        <time>2026-05-29T23:17:29Z</time>
        <extensions><gpxtpx:TrackPointExtension>
          <gpxtpx:hr>172</gpxtpx:hr>
        </gpxtpx:TrackPointExtension></extensions>
      </trkpt>
      <trkpt lat="32.011534" lon="118.784104">
        <ele>35.6</ele>
        <time>2026-05-29T23:17:30Z</time>
        <extensions><gpxtpx:TrackPointExtension>
          <gpxtpx:hr>172</gpxtpx:hr>
        </gpxtpx:TrackPointExtension></extensions>
      </trkpt>
      <trkpt lat="32.011563" lon="118.784076">
        <ele>35.4</ele>
        <time>2026-05-29T23:17:31Z</time>
        <extensions><gpxtpx:TrackPointExtension>
          <gpxtpx:hr>172</gpxtpx:hr>
        </gpxtpx:TrackPointExtension></extensions>
      </trkpt>
      <trkpt lat="32.01159" lon="118.784057">
        <ele>35.2</ele>
        <time>2026-05-29T23:17:32Z</time>
        <extensions><gpxtpx:TrackPointExtension>
          <gpxtpx:hr>172</gpxtpx:hr>
        </gpxtpx:TrackPointExtension></extensions>
      </trkpt>
      <trkpt lat="32.011624" lon="118.784027">
        <ele>35.2</ele>
        <time>2026-05-29T23:17:33Z</time>
        <extensions><gpxtpx:TrackPointExtension>
          <gpxtpx:hr>175</gpxtpx:hr>
        </gpxtpx:TrackPointExtension></extensions>
      </trkpt>
      <trkpt lat="32.011652" lon="118.784006">
        <ele>35.2</ele>
        <time>2026-05-29T23:17:34Z</time>
        <extensions><gpxtpx:TrackPointExtension>
          <gpxtpx:hr>179</gpxtpx:hr>
        </gpxtpx:TrackPointExtension></extensions>
      </trkpt>
      <trkpt lat="32.011681" lon="118.783976">
        <ele>35.2</ele>
        <time>2026-05-29T23:17:35Z</time>
        <extensions><gpxtpx:TrackPointExtension>
          <gpxtpx:hr>178</gpxtpx:hr>
        </gpxtpx:TrackPointExtension></extensions>
      </trkpt>
      <trkpt lat="32.011707" lon="118.783954">
        <ele>35.0</ele>
        <time>2026-05-29T23:17:36Z</time>
        <extensions><gpxtpx:TrackPointExtension>
          <gpxtpx:hr>178</gpxtpx:hr>
        </gpxtpx:TrackPointExtension></extensions>
      </trkpt>
      <trkpt lat="32.011735" lon="118.783924">
        <ele>35.0</ele>
        <time>2026-05-29T23:17:37Z</time>
        <extensions><gpxtpx:TrackPointExtension>
          <gpxtpx:hr>178</gpxtpx:hr>
        </gpxtpx:TrackPointExtension></extensions>
      </trkpt>
      <trkpt lat="32.011758" lon="118.783895">
        <ele>35.0</ele>
        <time>2026-05-29T23:17:38Z</time>
        <extensions><gpxtpx:TrackPointExtension>
          <gpxtpx:hr>176</gpxtpx:hr>
        </gpxtpx:TrackPointExtension></extensions>
      </trkpt>
      <trkpt lat="32.01178" lon="118.783869">
        <ele>34.8</ele>
        <time>2026-05-29T23:17:39Z</time>
        <extensions><gpxtpx:TrackPointExtension>
          <gpxtpx:hr>177</gpxtpx:hr>
        </gpxtpx:TrackPointExtension></extensions>
      </trkpt>
      <trkpt lat="32.011799" lon="118.783833">
        <ele>34.8</ele>
        <time>2026-05-29T23:17:40Z</time>
        <extensions><gpxtpx:TrackPointExtension>
          <gpxtpx:hr>175</gpxtpx:hr>
        </gpxtpx:TrackPointExtension></extensions>
      </trkpt>
      <trkpt lat="32.011819" lon="118.783808">
        <ele>34.8</ele>
        <time>2026-05-29T23:17:41Z</time>
        <extensions><gpxtpx:TrackPointExtension>
          <gpxtpx:hr>174</gpxtpx:hr>
        </gpxtpx:TrackPointExtension></extensions>
      </trkpt>
      <trkpt lat="32.011843" lon="118.78377">
        <ele>34.8</ele>
        <time>2026-05-29T23:17:42Z</time>
        <extensions><gpxtpx:TrackPointExtension>
          <gpxtpx:hr>174</gpxtpx:hr>
        </gpxtpx:TrackPointExtension></extensions>
      </trkpt>
      <trkpt lat="32.011863" lon="118.783744">
        <ele>34.6</ele>
        <time>2026-05-29T23:17:43Z</time>
        <extensions><gpxtpx:TrackPointExtension>
          <gpxtpx:hr>174</gpxtpx:hr>
        </gpxtpx:TrackPointExtension></extensions>
      </trkpt>
      <trkpt lat="32.011882" lon="118.783703">
        <ele>34.6</ele>
        <time>2026-05-29T23:17:44Z</time>
        <extensions><gpxtpx:TrackPointExtension>
          <gpxtpx:hr>174</gpxtpx:hr>
        </gpxtpx:TrackPointExtension></extensions>
      </trkpt>
      <trkpt lat="32.011905" lon="118.783678">
        <ele>34.6</ele>
        <time>2026-05-29T23:17:45Z</time>
        <extensions><gpxtpx:TrackPointExtension>
          <gpxtpx:hr>174</gpxtpx:hr>
        </gpxtpx:TrackPointExtension></extensions>
      </trkpt>
      <trkpt lat="32.011928" lon="118.783646">
        <ele>34.6</ele>
        <time>2026-05-29T23:17:46Z</time>
        <extensions><gpxtpx:TrackPointExtension>
          <gpxtpx:hr>174</gpxtpx:hr>
        </gpxtpx:TrackPointExtension></extensions>
      </trkpt>
      <trkpt lat="32.011948" lon="118.783624">
        <ele>34.6</ele>
        <time>2026-05-29T23:17:47Z</time>
        <extensions><gpxtpx:TrackPointExtension>
          <gpxtpx:hr>174</gpxtpx:hr>
        </gpxtpx:TrackPointExtension></extensions>
      </trkpt>
      <trkpt lat="32.011965" lon="118.783585">
        <ele>34.6</ele>
        <time>2026-05-29T23:17:48Z</time>
        <extensions><gpxtpx:TrackPointExtension>
          <gpxtpx:hr>174</gpxtpx:hr>
        </gpxtpx:TrackPointExtension></extensions>
      </trkpt>
      <trkpt lat="32.01198" lon="118.783558">
        <ele>34.6</ele>
        <time>2026-05-29T23:17:49Z</time>
        <extensions><gpxtpx:TrackPointExtension>
          <gpxtpx:hr>174</gpxtpx:hr>
        </gpxtpx:TrackPointExtension></extensions>
      </trkpt>
      <trkpt lat="32.011995" lon="118.78352">
        <ele>34.4</ele>
        <time>2026-05-29T23:17:50Z</time>
        <extensions><gpxtpx:TrackPointExtension>
          <gpxtpx:hr>174</gpxtpx:hr>
        </gpxtpx:TrackPointExtension></extensions>
      </trkpt>
      <trkpt lat="32.012009" lon="118.783491">
        <ele>34.2</ele>
        <time>2026-05-29T23:17:51Z</time>
        <extensions><gpxtpx:TrackPointExtension>
          <gpxtpx:hr>173</gpxtpx:hr>
        </gpxtpx:TrackPointExtension></extensions>
      </trkpt>
      <trkpt lat="32.012028" lon="118.783454">
        <ele>34.0</ele>
        <time>2026-05-29T23:17:52Z</time>
        <extensions><gpxtpx:TrackPointExtension>
          <gpxtpx:hr>173</gpxtpx:hr>
        </gpxtpx:TrackPointExtension></extensions>
      </trkpt>
      <trkpt lat="32.012044" lon="118.783426">
        <ele>34.0</ele>
        <time>2026-05-29T23:17:53Z</time>
        <extensions><gpxtpx:TrackPointExtension>
          <gpxtpx:hr>173</gpxtpx:hr>
        </gpxtpx:TrackPointExtension></extensions>
      </trkpt>
      <trkpt lat="32.012065" lon="118.783388">
        <ele>33.8</ele>
        <time>2026-05-29T23:17:54Z</time>
        <extensions><gpxtpx:TrackPointExtension>
          <gpxtpx:hr>174</gpxtpx:hr>
        </gpxtpx:TrackPointExtension></extensions>
      </trkpt>
      <trkpt lat="32.012081" lon="118.783363">
        <ele>33.8</ele>
        <time>2026-05-29T23:17:55Z</time>
        <extensions><gpxtpx:TrackPointExtension>
          <gpxtpx:hr>174</gpxtpx:hr>
        </gpxtpx:TrackPointExtension></extensions>
      </trkpt>
      <trkpt lat="32.0121" lon="118.783322">
        <ele>33.8</ele>
        <time>2026-05-29T23:17:56Z</time>
        <extensions><gpxtpx:TrackPointExtension>
          <gpxtpx:hr>174</gpxtpx:hr>
        </gpxtpx:TrackPointExtension></extensions>
      </trkpt>
      <trkpt lat="32.012119" lon="118.783292">
        <ele>33.8</ele>
        <time>2026-05-29T23:17:57Z</time>
        <extensions><gpxtpx:TrackPointExtension>
          <gpxtpx:hr>173</gpxtpx:hr>
        </gpxtpx:TrackPointExtension></extensions>
      </trkpt>
      <trkpt lat="32.012133" lon="118.78325">
        <ele>33.8</ele>
        <time>2026-05-29T23:17:58Z</time>
        <extensions><gpxtpx:TrackPointExtension>
          <gpxtpx:hr>174</gpxtpx:hr>
        </gpxtpx:TrackPointExtension></extensions>
      </trkpt>
      <trkpt lat="32.012147" lon="118.783219">
        <ele>33.8</ele>
        <time>2026-05-29T23:17:59Z</time>
        <extensions><gpxtpx:TrackPointExtension>
          <gpxtpx:hr>174</gpxtpx:hr>
        </gpxtpx:TrackPointExtension></extensions>
      </trkpt>
      <trkpt lat="32.012166" lon="118.783179">
        <ele>33.6</ele>
        <time>2026-05-29T23:18:00Z</time>
        <extensions><gpxtpx:TrackPointExtension>
          <gpxtpx:hr>174</gpxtpx:hr>
        </gpxtpx:TrackPointExtension></extensions>
      </trkpt>
      <trkpt lat="32.012177" lon="118.783151">
        <ele>33.8</ele>
        <time>2026-05-29T23:18:01Z</time>
        <extensions><gpxtpx:TrackPointExtension>
          <gpxtpx:hr>172</gpxtpx:hr>
        </gpxtpx:TrackPointExtension></extensions>
      </trkpt>
      <trkpt lat="32.012186" lon="118.783109">
        <ele>33.8</ele>
        <time>2026-05-29T23:18:02Z</time>
        <extensions><gpxtpx:TrackPointExtension>
          <gpxtpx:hr>173</gpxtpx:hr>
        </gpxtpx:TrackPointExtension></extensions>
      </trkpt>
      <trkpt lat="32.012197" lon="118.783077">
        <ele>33.8</ele>
        <time>2026-05-29T23:18:03Z</time>
        <extensions><gpxtpx:TrackPointExtension>
          <gpxtpx:hr>173</gpxtpx:hr>
        </gpxtpx:TrackPointExtension></extensions>
      </trkpt>
      <trkpt lat="32.012209" lon="118.783034">
        <ele>33.8</ele>
        <time>2026-05-29T23:18:04Z</time>
        <extensions><gpxtpx:TrackPointExtension>
          <gpxtpx:hr>172</gpxtpx:hr>
        </gpxtpx:TrackPointExtension></extensions>
      </trkpt>
      <trkpt lat="32.01222" lon="118.783004">
        <ele>33.8</ele>
        <time>2026-05-29T23:18:05Z</time>
        <extensions><gpxtpx:TrackPointExtension>
          <gpxtpx:hr>172</gpxtpx:hr>
        </gpxtpx:TrackPointExtension></extensions>
      </trkpt>
      <trkpt lat="32.012234" lon="118.782964">
        <ele>33.8</ele>
        <time>2026-05-29T23:18:06Z</time>
        <extensions><gpxtpx:TrackPointExtension>
          <gpxtpx:hr>174</gpxtpx:hr>
        </gpxtpx:TrackPointExtension></extensions>
      </trkpt>
      <trkpt lat="32.012248" lon="118.782935">
        <ele>33.8</ele>
        <time>2026-05-29T23:18:07Z</time>
        <extensions><gpxtpx:TrackPointExtension>
          <gpxtpx:hr>174</gpxtpx:hr>
        </gpxtpx:TrackPointExtension></extensions>
      </trkpt>
      <trkpt lat="32.012261" lon="118.782895">
        <ele>33.8</ele>
        <time>2026-05-29T23:18:08Z</time>
        <extensions><gpxtpx:TrackPointExtension>
          <gpxtpx:hr>174</gpxtpx:hr>
        </gpxtpx:TrackPointExtension></extensions>
      </trkpt>
      <trkpt lat="32.012273" lon="118.782864">
        <ele>33.6</ele>
        <time>2026-05-29T23:18:09Z</time>
        <extensions><gpxtpx:TrackPointExtension>
          <gpxtpx:hr>174</gpxtpx:hr>
        </gpxtpx:TrackPointExtension></extensions>
      </trkpt>
      <trkpt lat="32.012287" lon="118.782818">
        <ele>33.6</ele>
        <time>2026-05-29T23:18:10Z</time>
        <extensions><gpxtpx:TrackPointExtension>
          <gpxtpx:hr>174</gpxtpx:hr>
        </gpxtpx:TrackPointExtension></extensions>
      </trkpt>
      <trkpt lat="32.012301" lon="118.782785">
        <ele>33.6</ele>
        <time>2026-05-29T23:18:11Z</time>
        <extensions><gpxtpx:TrackPointExtension>
          <gpxtpx:hr>172</gpxtpx:hr>
        </gpxtpx:TrackPointExtension></extensions>
      </trkpt>
      <trkpt lat="32.012311" lon="118.782743">
        <ele>33.6</ele>
        <time>2026-05-29T23:18:12Z</time>
        <extensions><gpxtpx:TrackPointExtension>
          <gpxtpx:hr>172</gpxtpx:hr>
        </gpxtpx:TrackPointExtension></extensions>
      </trkpt>
      <trkpt lat="32.012324" lon="118.78271">
        <ele>33.6</ele>
        <time>2026-05-29T23:18:13Z</time>
        <extensions><gpxtpx:TrackPointExtension>
          <gpxtpx:hr>172</gpxtpx:hr>
        </gpxtpx:TrackPointExtension></extensions>
      </trkpt>
      <trkpt lat="32.012333" lon="118.782669">
        <ele>33.6</ele>
        <time>2026-05-29T23:18:14Z</time>
        <extensions><gpxtpx:TrackPointExtension>
          <gpxtpx:hr>172</gpxtpx:hr>
        </gpxtpx:TrackPointExtension></extensions>
      </trkpt>
      <trkpt lat="32.012344" lon="118.782639">
        <ele>33.6</ele>
        <time>2026-05-29T23:18:15Z</time>
        <extensions><gpxtpx:TrackPointExtension>
          <gpxtpx:hr>172</gpxtpx:hr>
        </gpxtpx:TrackPointExtension></extensions>
      </trkpt>
      <trkpt lat="32.012356" lon="118.782597">
        <ele>33.6</ele>
        <time>2026-05-29T23:18:16Z</time>
        <extensions><gpxtpx:TrackPointExtension>
          <gpxtpx:hr>173</gpxtpx:hr>
        </gpxtpx:TrackPointExtension></extensions>
      </trkpt>
      <trkpt lat="32.012369" lon="118.782567">
        <ele>33.6</ele>
        <time>2026-05-29T23:18:17Z</time>
        <extensions><gpxtpx:TrackPointExtension>
          <gpxtpx:hr>173</gpxtpx:hr>
        </gpxtpx:TrackPointExtension></extensions>
      </trkpt>
      <trkpt lat="32.012377" lon="118.782523">
        <ele>33.8</ele>
        <time>2026-05-29T23:18:18Z</time>
        <extensions><gpxtpx:TrackPointExtension>
          <gpxtpx:hr>172</gpxtpx:hr>
        </gpxtpx:TrackPointExtension></extensions>
      </trkpt>
      <trkpt lat="32.012386" lon="118.782493">
        <ele>33.8</ele>
        <time>2026-05-29T23:18:19Z</time>
        <extensions><gpxtpx:TrackPointExtension>
          <gpxtpx:hr>173</gpxtpx:hr>
        </gpxtpx:TrackPointExtension></extensions>
      </trkpt>
      <trkpt lat="32.012395" lon="118.782447">
        <ele>33.8</ele>
        <time>2026-05-29T23:18:20Z</time>
        <extensions><gpxtpx:TrackPointExtension>
          <gpxtpx:hr>174</gpxtpx:hr>
        </gpxtpx:TrackPointExtension></extensions>
      </trkpt>
      <trkpt lat="32.012405" lon="118.782414">
        <ele>33.8</ele>
        <time>2026-05-29T23:18:21Z</time>
        <extensions><gpxtpx:TrackPointExtension>
          <gpxtpx:hr>173</gpxtpx:hr>
        </gpxtpx:TrackPointExtension></extensions>
      </trkpt>
      <trkpt lat="32.012415" lon="118.782367">
        <ele>33.8</ele>
        <time>2026-05-29T23:18:22Z</time>
        <extensions><gpxtpx:TrackPointExtension>
          <gpxtpx:hr>176</gpxtpx:hr>
        </gpxtpx:TrackPointExtension></extensions>
      </trkpt>
      <trkpt lat="32.012427" lon="118.782327">
        <ele>33.8</ele>
        <time>2026-05-29T23:18:23Z</time>
        <extensions><gpxtpx:TrackPointExtension>
          <gpxtpx:hr>176</gpxtpx:hr>
        </gpxtpx:TrackPointExtension></extensions>
      </trkpt>
      <trkpt lat="32.01244" lon="118.782283">
        <ele>33.8</ele>
        <time>2026-05-29T23:18:24Z</time>
        <extensions><gpxtpx:TrackPointExtension>
          <gpxtpx:hr>176</gpxtpx:hr>
        </gpxtpx:TrackPointExtension></extensions>
      </trkpt>
      <trkpt lat="32.012453" lon="118.782254">
        <ele>33.8</ele>
        <time>2026-05-29T23:18:25Z</time>
        <extensions><gpxtpx:TrackPointExtension>
          <gpxtpx:hr>175</gpxtpx:hr>
        </gpxtpx:TrackPointExtension></extensions>
      </trkpt>
      <trkpt lat="32.012468" lon="118.782211">
        <ele>33.8</ele>
        <time>2026-05-29T23:18:26Z</time>
        <extensions><gpxtpx:TrackPointExtension>
          <gpxtpx:hr>174</gpxtpx:hr>
        </gpxtpx:TrackPointExtension></extensions>
      </trkpt>
      <trkpt lat="32.01248" lon="118.782181">
        <ele>33.8</ele>
        <time>2026-05-29T23:18:27Z</time>
        <extensions><gpxtpx:TrackPointExtension>
          <gpxtpx:hr>175</gpxtpx:hr>
        </gpxtpx:TrackPointExtension></extensions>
      </trkpt>
      <trkpt lat="32.012491" lon="118.782137">
        <ele>33.8</ele>
        <time>2026-05-29T23:18:28Z</time>
        <extensions><gpxtpx:TrackPointExtension>
          <gpxtpx:hr>175</gpxtpx:hr>
        </gpxtpx:TrackPointExtension></extensions>
      </trkpt>
      <trkpt lat="32.012506" lon="118.782104">
        <ele>33.8</ele>
        <time>2026-05-29T23:18:29Z</time>
        <extensions><gpxtpx:TrackPointExtension>
          <gpxtpx:hr>175</gpxtpx:hr>
        </gpxtpx:TrackPointExtension></extensions>
      </trkpt>
      <trkpt lat="32.012518" lon="118.78206">
        <ele>34.0</ele>
        <time>2026-05-29T23:18:30Z</time>
        <extensions><gpxtpx:TrackPointExtension>
          <gpxtpx:hr>174</gpxtpx:hr>
        </gpxtpx:TrackPointExtension></extensions>
      </trkpt>
      <trkpt lat="32.012528" lon="118.782028">
        <ele>34.0</ele>
        <time>2026-05-29T23:18:31Z</time>
        <extensions><gpxtpx:TrackPointExtension>
          <gpxtpx:hr>174</gpxtpx:hr>
        </gpxtpx:TrackPointExtension></extensions>
      </trkpt>
      <trkpt lat="32.012539" lon="118.781987">
        <ele>33.8</ele>
        <time>2026-05-29T23:18:32Z</time>
        <extensions><gpxtpx:TrackPointExtension>
          <gpxtpx:hr>173</gpxtpx:hr>
        </gpxtpx:TrackPointExtension></extensions>
      </trkpt>
      <trkpt lat="32.012549" lon="118.781956">
        <ele>33.8</ele>
        <time>2026-05-29T23:18:33Z</time>
        <extensions><gpxtpx:TrackPointExtension>
          <gpxtpx:hr>174</gpxtpx:hr>
        </gpxtpx:TrackPointExtension></extensions>
      </trkpt>
      <trkpt lat="32.012558" lon="118.781916">
        <ele>33.8</ele>
        <time>2026-05-29T23:18:34Z</time>
        <extensions><gpxtpx:TrackPointExtension>
          <gpxtpx:hr>174</gpxtpx:hr>
        </gpxtpx:TrackPointExtension></extensions>
      </trkpt>
      <trkpt lat="32.012569" lon="118.781885">
        <ele>33.8</ele>
        <time>2026-05-29T23:18:35Z</time>
        <extensions><gpxtpx:TrackPointExtension>
          <gpxtpx:hr>174</gpxtpx:hr>
        </gpxtpx:TrackPointExtension></extensions>
      </trkpt>
      <trkpt lat="32.012583" lon="118.781844">
        <ele>33.8</ele>
        <time>2026-05-29T23:18:36Z</time>
        <extensions><gpxtpx:TrackPointExtension>
          <gpxtpx:hr>174</gpxtpx:hr>
        </gpxtpx:TrackPointExtension></extensions>
      </trkpt>
      <trkpt lat="32.012594" lon="118.781816">
        <ele>33.8</ele>
        <time>2026-05-29T23:18:37Z</time>
        <extensions><gpxtpx:TrackPointExtension>
          <gpxtpx:hr>172</gpxtpx:hr>
        </gpxtpx:TrackPointExtension></extensions>
      </trkpt>
      <trkpt lat="32.012604" lon="118.781772">
        <ele>34.0</ele>
        <time>2026-05-29T23:18:38Z</time>
        <extensions><gpxtpx:TrackPointExtension>
          <gpxtpx:hr>172</gpxtpx:hr>
        </gpxtpx:TrackPointExtension></extensions>
      </trkpt>
      <trkpt lat="32.012615" lon="118.781745">
        <ele>34.0</ele>
        <time>2026-05-29T23:18:39Z</time>
        <extensions><gpxtpx:TrackPointExtension>
          <gpxtpx:hr>173</gpxtpx:hr>
        </gpxtpx:TrackPointExtension></extensions>
      </trkpt>
      <trkpt lat="32.012626" lon="118.781703">
        <ele>34.0</ele>
        <time>2026-05-29T23:18:40Z</time>
        <extensions><gpxtpx:TrackPointExtension>
          <gpxtpx:hr>172</gpxtpx:hr>
        </gpxtpx:TrackPointExtension></extensions>
      </trkpt>
      <trkpt lat="32.012638" lon="118.78167">
        <ele>34.0</ele>
        <time>2026-05-29T23:18:41Z</time>
        <extensions><gpxtpx:TrackPointExtension>
          <gpxtpx:hr>173</gpxtpx:hr>
        </gpxtpx:TrackPointExtension></extensions>
      </trkpt>
      <trkpt lat="32.012648" lon="118.781627">
        <ele>34.0</ele>
        <time>2026-05-29T23:18:42Z</time>
        <extensions><gpxtpx:TrackPointExtension>
          <gpxtpx:hr>174</gpxtpx:hr>
        </gpxtpx:TrackPointExtension></extensions>
      </trkpt>
      <trkpt lat="32.012663" lon="118.781596">
        <ele>34.0</ele>
        <time>2026-05-29T23:18:43Z</time>
        <extensions><gpxtpx:TrackPointExtension>
          <gpxtpx:hr>172</gpxtpx:hr>
        </gpxtpx:TrackPointExtension></extensions>
      </trkpt>
      <trkpt lat="32.012675" lon="118.78155">
        <ele>34.0</ele>
        <time>2026-05-29T23:18:44Z</time>
        <extensions><gpxtpx:TrackPointExtension>
          <gpxtpx:hr>173</gpxtpx:hr>
        </gpxtpx:TrackPointExtension></extensions>
      </trkpt>
      <trkpt lat="32.012688" lon="118.781519">
        <ele>34.0</ele>
        <time>2026-05-29T23:18:45Z</time>
        <extensions><gpxtpx:TrackPointExtension>
          <gpxtpx:hr>172</gpxtpx:hr>
        </gpxtpx:TrackPointExtension></extensions>
      </trkpt>
      <trkpt lat="32.012698" lon="118.781475">
        <ele>34.0</ele>
        <time>2026-05-29T23:18:46Z</time>
        <extensions><gpxtpx:TrackPointExtension>
          <gpxtpx:hr>173</gpxtpx:hr>
        </gpxtpx:TrackPointExtension></extensions>
      </trkpt>
      <trkpt lat="32.012713" lon="118.781444">
        <ele>34.0</ele>
        <time>2026-05-29T23:18:47Z</time>
        <extensions><gpxtpx:TrackPointExtension>
          <gpxtpx:hr>172</gpxtpx:hr>
        </gpxtpx:TrackPointExtension></extensions>
      </trkpt>
      <trkpt lat="32.012725" lon="118.781401">
        <ele>34.0</ele>
        <time>2026-05-29T23:18:48Z</time>
        <extensions><gpxtpx:TrackPointExtension>
          <gpxtpx:hr>172</gpxtpx:hr>
        </gpxtpx:TrackPointExtension></extensions>
      </trkpt>
      <trkpt lat="32.012734" lon="118.78137">
        <ele>34.2</ele>
        <time>2026-05-29T23:18:49Z</time>
        <extensions><gpxtpx:TrackPointExtension>
          <gpxtpx:hr>173</gpxtpx:hr>
        </gpxtpx:TrackPointExtension></extensions>
      </trkpt>
      <trkpt lat="32.012744" lon="118.781326">
        <ele>34.2</ele>
        <time>2026-05-29T23:18:50Z</time>
        <extensions><gpxtpx:TrackPointExtension>
          <gpxtpx:hr>173</gpxtpx:hr>
        </gpxtpx:TrackPointExtension></extensions>
      </trkpt>
      <trkpt lat="32.012754" lon="118.781298">
        <ele>34.2</ele>
        <time>2026-05-29T23:18:51Z</time>
        <extensions><gpxtpx:TrackPointExtension>
          <gpxtpx:hr>174</gpxtpx:hr>
        </gpxtpx:TrackPointExtension></extensions>
      </trkpt>
      <trkpt lat="32.012764" lon="118.781256">
        <ele>34.2</ele>
        <time>2026-05-29T23:18:52Z</time>
        <extensions><gpxtpx:TrackPointExtension>
          <gpxtpx:hr>175</gpxtpx:hr>
        </gpxtpx:TrackPointExtension></extensions>
      </trkpt>
      <trkpt lat="32.012776" lon="118.781228">
        <ele>34.2</ele>
        <time>2026-05-29T23:18:53Z</time>
        <extensions><gpxtpx:TrackPointExtension>
          <gpxtpx:hr>174</gpxtpx:hr>
        </gpxtpx:TrackPointExtension></extensions>
      </trkpt>
      <trkpt lat="32.012782" lon="118.781186">
        <ele>34.2</ele>
        <time>2026-05-29T23:18:54Z</time>
        <extensions><gpxtpx:TrackPointExtension>
          <gpxtpx:hr>173</gpxtpx:hr>
        </gpxtpx:TrackPointExtension></extensions>
      </trkpt>
      <trkpt lat="32.012794" lon="118.781157">
        <ele>34.2</ele>
        <time>2026-05-29T23:18:55Z</time>
        <extensions><gpxtpx:TrackPointExtension>
          <gpxtpx:hr>174</gpxtpx:hr>
        </gpxtpx:TrackPointExtension></extensions>
      </trkpt>
      <trkpt lat="32.012803" lon="118.781112">
        <ele>34.0</ele>
        <time>2026-05-29T23:18:56Z</time>
        <extensions><gpxtpx:TrackPointExtension>
          <gpxtpx:hr>174</gpxtpx:hr>
        </gpxtpx:TrackPointExtension></extensions>
      </trkpt>
      <trkpt lat="32.012811" lon="118.78108">
        <ele>34.0</ele>
        <time>2026-05-29T23:18:57Z</time>
        <extensions><gpxtpx:TrackPointExtension>
          <gpxtpx:hr>173</gpxtpx:hr>
        </gpxtpx:TrackPointExtension></extensions>
      </trkpt>
      <trkpt lat="32.012817" lon="118.781036">
        <ele>34.0</ele>
        <time>2026-05-29T23:18:58Z</time>
        <extensions><gpxtpx:TrackPointExtension>
          <gpxtpx:hr>174</gpxtpx:hr>
        </gpxtpx:TrackPointExtension></extensions>
      </trkpt>
      <trkpt lat="32.012828" lon="118.781001">
        <ele>34.0</ele>
        <time>2026-05-29T23:18:59Z</time>
        <extensions><gpxtpx:TrackPointExtension>
          <gpxtpx:hr>175</gpxtpx:hr>
        </gpxtpx:TrackPointExtension></extensions>
      </trkpt>
      <trkpt lat="32.012838" lon="118.780956">
        <ele>33.8</ele>
        <time>2026-05-29T23:19:00Z</time>
        <extensions><gpxtpx:TrackPointExtension>
          <gpxtpx:hr>175</gpxtpx:hr>
        </gpxtpx:TrackPointExtension></extensions>
      </trkpt>
      <trkpt lat="32.012852" lon="118.780923">
        <ele>33.8</ele>
        <time>2026-05-29T23:19:01Z</time>
        <extensions><gpxtpx:TrackPointExtension>
          <gpxtpx:hr>174</gpxtpx:hr>
        </gpxtpx:TrackPointExtension></extensions>
      </trkpt>
      <trkpt lat="32.012858" lon="118.78088">
        <ele>34.0</ele>
        <time>2026-05-29T23:19:02Z</time>
        <extensions><gpxtpx:TrackPointExtension>
          <gpxtpx:hr>175</gpxtpx:hr>
        </gpxtpx:TrackPointExtension></extensions>
      </trkpt>
      <trkpt lat="32.012866" lon="118.780844">
        <ele>33.8</ele>
        <time>2026-05-29T23:19:03Z</time>
        <extensions><gpxtpx:TrackPointExtension>
          <gpxtpx:hr>176</gpxtpx:hr>
        </gpxtpx:TrackPointExtension></extensions>
      </trkpt>
      <trkpt lat="32.012875" lon="118.780798">
        <ele>33.8</ele>
        <time>2026-05-29T23:19:04Z</time>
        <extensions><gpxtpx:TrackPointExtension>
          <gpxtpx:hr>175</gpxtpx:hr>
        </gpxtpx:TrackPointExtension></extensions>
      </trkpt>
      <trkpt lat="32.012884" lon="118.780768">
        <ele>33.8</ele>
        <time>2026-05-29T23:19:05Z</time>
        <extensions><gpxtpx:TrackPointExtension>
          <gpxtpx:hr>174</gpxtpx:hr>
        </gpxtpx:TrackPointExtension></extensions>
      </trkpt>
      <trkpt lat="32.012896" lon="118.780722">
        <ele>33.8</ele>
        <time>2026-05-29T23:19:06Z</time>
        <extensions><gpxtpx:TrackPointExtension>
          <gpxtpx:hr>174</gpxtpx:hr>
        </gpxtpx:TrackPointExtension></extensions>
      </trkpt>
      <trkpt lat="32.012908" lon="118.780691">
        <ele>33.8</ele>
        <time>2026-05-29T23:19:07Z</time>
        <extensions><gpxtpx:TrackPointExtension>
          <gpxtpx:hr>173</gpxtpx:hr>
        </gpxtpx:TrackPointExtension></extensions>
      </trkpt>
      <trkpt lat="32.012918" lon="118.78065">
        <ele>33.6</ele>
        <time>2026-05-29T23:19:08Z</time>
        <extensions><gpxtpx:TrackPointExtension>
          <gpxtpx:hr>174</gpxtpx:hr>
        </gpxtpx:TrackPointExtension></extensions>
      </trkpt>
      <trkpt lat="32.01293" lon="118.78062">
        <ele>33.6</ele>
        <time>2026-05-29T23:19:09Z</time>
        <extensions><gpxtpx:TrackPointExtension>
          <gpxtpx:hr>173</gpxtpx:hr>
        </gpxtpx:TrackPointExtension></extensions>
      </trkpt>
      <trkpt lat="32.012944" lon="118.780582">
        <ele>33.4</ele>
        <time>2026-05-29T23:19:10Z</time>
        <extensions><gpxtpx:TrackPointExtension>
          <gpxtpx:hr>174</gpxtpx:hr>
        </gpxtpx:TrackPointExtension></extensions>
      </trkpt>
      <trkpt lat="32.012953" lon="118.780549">
        <ele>33.4</ele>
        <time>2026-05-29T23:19:11Z</time>
        <extensions><gpxtpx:TrackPointExtension>
          <gpxtpx:hr>174</gpxtpx:hr>
        </gpxtpx:TrackPointExtension></extensions>
      </trkpt>
      <trkpt lat="32.012958" lon="118.780501">
        <ele>33.4</ele>
        <time>2026-05-29T23:19:12Z</time>
        <extensions><gpxtpx:TrackPointExtension>
          <gpxtpx:hr>174</gpxtpx:hr>
        </gpxtpx:TrackPointExtension></extensions>
      </trkpt>
      <trkpt lat="32.012967" lon="118.780469">
        <ele>33.4</ele>
        <time>2026-05-29T23:19:13Z</time>
        <extensions><gpxtpx:TrackPointExtension>
          <gpxtpx:hr>174</gpxtpx:hr>
        </gpxtpx:TrackPointExtension></extensions>
      </trkpt>
      <trkpt lat="32.012976" lon="118.780424">
        <ele>33.4</ele>
        <time>2026-05-29T23:19:14Z</time>
        <extensions><gpxtpx:TrackPointExtension>
          <gpxtpx:hr>173</gpxtpx:hr>
        </gpxtpx:TrackPointExtension></extensions>
      </trkpt>
      <trkpt lat="32.012985" lon="118.780391">
        <ele>33.4</ele>
        <time>2026-05-29T23:19:15Z</time>
        <extensions><gpxtpx:TrackPointExtension>
          <gpxtpx:hr>174</gpxtpx:hr>
        </gpxtpx:TrackPointExtension></extensions>
      </trkpt>
      <trkpt lat="32.012999" lon="118.780351">
        <ele>33.6</ele>
        <time>2026-05-29T23:19:16Z</time>
        <extensions><gpxtpx:TrackPointExtension>
          <gpxtpx:hr>174</gpxtpx:hr>
        </gpxtpx:TrackPointExtension></extensions>
      </trkpt>
      <trkpt lat="32.01301" lon="118.780321">
        <ele>33.6</ele>
        <time>2026-05-29T23:19:17Z</time>
        <extensions><gpxtpx:TrackPointExtension>
          <gpxtpx:hr>174</gpxtpx:hr>
        </gpxtpx:TrackPointExtension></extensions>
      </trkpt>
      <trkpt lat="32.013021" lon="118.780278">
        <ele>33.4</ele>
        <time>2026-05-29T23:19:18Z</time>
        <extensions><gpxtpx:TrackPointExtension>
          <gpxtpx:hr>174</gpxtpx:hr>
        </gpxtpx:TrackPointExtension></extensions>
      </trkpt>
      <trkpt lat="32.013031" lon="118.780249">
        <ele>33.4</ele>
        <time>2026-05-29T23:19:19Z</time>
        <extensions><gpxtpx:TrackPointExtension>
          <gpxtpx:hr>173</gpxtpx:hr>
        </gpxtpx:TrackPointExtension></extensions>
      </trkpt>
      <trkpt lat="32.013042" lon="118.780206">
        <ele>33.4</ele>
        <time>2026-05-29T23:19:20Z</time>
        <extensions><gpxtpx:TrackPointExtension>
          <gpxtpx:hr>174</gpxtpx:hr>
        </gpxtpx:TrackPointExtension></extensions>
      </trkpt>
      <trkpt lat="32.013047" lon="118.780178">
        <ele>33.4</ele>
        <time>2026-05-29T23:19:21Z</time>
        <extensions><gpxtpx:TrackPointExtension>
          <gpxtpx:hr>174</gpxtpx:hr>
        </gpxtpx:TrackPointExtension></extensions>
      </trkpt>
      <trkpt lat="32.013053" lon="118.780133">
        <ele>33.4</ele>
        <time>2026-05-29T23:19:22Z</time>
        <extensions><gpxtpx:TrackPointExtension>
          <gpxtpx:hr>175</gpxtpx:hr>
        </gpxtpx:TrackPointExtension></extensions>
      </trkpt>
      <trkpt lat="32.013064" lon="118.780103">
        <ele>33.4</ele>
        <time>2026-05-29T23:19:23Z</time>
        <extensions><gpxtpx:TrackPointExtension>
          <gpxtpx:hr>175</gpxtpx:hr>
        </gpxtpx:TrackPointExtension></extensions>
      </trkpt>
      <trkpt lat="32.013076" lon="118.780062">
        <ele>33.4</ele>
        <time>2026-05-29T23:19:24Z</time>
        <extensions><gpxtpx:TrackPointExtension>
          <gpxtpx:hr>175</gpxtpx:hr>
        </gpxtpx:TrackPointExtension></extensions>
      </trkpt>
      <trkpt lat="32.013085" lon="118.780034">
        <ele>33.6</ele>
        <time>2026-05-29T23:19:25Z</time>
        <extensions><gpxtpx:TrackPointExtension>
          <gpxtpx:hr>175</gpxtpx:hr>
        </gpxtpx:TrackPointExtension></extensions>
      </trkpt>
      <trkpt lat="32.013091" lon="118.779994">
        <ele>33.6</ele>
        <time>2026-05-29T23:19:26Z</time>
        <extensions><gpxtpx:TrackPointExtension>
          <gpxtpx:hr>175</gpxtpx:hr>
        </gpxtpx:TrackPointExtension></extensions>
      </trkpt>
      <trkpt lat="32.013101" lon="118.779959">
        <ele>33.6</ele>
        <time>2026-05-29T23:19:27Z</time>
        <extensions><gpxtpx:TrackPointExtension>
          <gpxtpx:hr>176</gpxtpx:hr>
        </gpxtpx:TrackPointExtension></extensions>
      </trkpt>
      <trkpt lat="32.013113" lon="118.779924">
        <ele>33.6</ele>
        <time>2026-05-29T23:19:28Z</time>
        <extensions><gpxtpx:TrackPointExtension>
          <gpxtpx:hr>175</gpxtpx:hr>
        </gpxtpx:TrackPointExtension></extensions>
      </trkpt>
      <trkpt lat="32.013123" lon="118.77989">
        <ele>33.6</ele>
        <time>2026-05-29T23:19:29Z</time>
        <extensions><gpxtpx:TrackPointExtension>
          <gpxtpx:hr>175</gpxtpx:hr>
        </gpxtpx:TrackPointExtension></extensions>
      </trkpt>
      <trkpt lat="32.013133" lon="118.779859">
        <ele>33.6</ele>
        <time>2026-05-29T23:19:30Z</time>
        <extensions><gpxtpx:TrackPointExtension>
          <gpxtpx:hr>175</gpxtpx:hr>
        </gpxtpx:TrackPointExtension></extensions>
      </trkpt>
      <trkpt lat="32.013142" lon="118.779821">
        <ele>33.6</ele>
        <time>2026-05-29T23:19:31Z</time>
        <extensions><gpxtpx:TrackPointExtension>
          <gpxtpx:hr>174</gpxtpx:hr>
        </gpxtpx:TrackPointExtension></extensions>
      </trkpt>
      <trkpt lat="32.013153" lon="118.779791">
        <ele>33.6</ele>
        <time>2026-05-29T23:19:32Z</time>
        <extensions><gpxtpx:TrackPointExtension>
          <gpxtpx:hr>175</gpxtpx:hr>
        </gpxtpx:TrackPointExtension></extensions>
      </trkpt>
      <trkpt lat="32.013164" lon="118.779749">
        <ele>33.4</ele>
        <time>2026-05-29T23:19:33Z</time>
        <extensions><gpxtpx:TrackPointExtension>
          <gpxtpx:hr>175</gpxtpx:hr>
        </gpxtpx:TrackPointExtension></extensions>
      </trkpt>
      <trkpt lat="32.013174" lon="118.779717">
        <ele>33.4</ele>
        <time>2026-05-29T23:19:34Z</time>
        <extensions><gpxtpx:TrackPointExtension>
          <gpxtpx:hr>175</gpxtpx:hr>
        </gpxtpx:TrackPointExtension></extensions>
      </trkpt>
      <trkpt lat="32.013181" lon="118.779674">
        <ele>33.4</ele>
        <time>2026-05-29T23:19:35Z</time>
        <extensions><gpxtpx:TrackPointExtension>
          <gpxtpx:hr>175</gpxtpx:hr>
        </gpxtpx:TrackPointExtension></extensions>
      </trkpt>
      <trkpt lat="32.013193" lon="118.779643">
        <ele>33.6</ele>
        <time>2026-05-29T23:19:36Z</time>
        <extensions><gpxtpx:TrackPointExtension>
          <gpxtpx:hr>176</gpxtpx:hr>
        </gpxtpx:TrackPointExtension></extensions>
      </trkpt>
      <trkpt lat="32.0132" lon="118.779602">
        <ele>33.6</ele>
        <time>2026-05-29T23:19:37Z</time>
        <extensions><gpxtpx:TrackPointExtension>
          <gpxtpx:hr>176</gpxtpx:hr>
        </gpxtpx:TrackPointExtension></extensions>
      </trkpt>
      <trkpt lat="32.01321" lon="118.779574">
        <ele>33.6</ele>
        <time>2026-05-29T23:19:38Z</time>
        <extensions><gpxtpx:TrackPointExtension>
          <gpxtpx:hr>175</gpxtpx:hr>
        </gpxtpx:TrackPointExtension></extensions>
      </trkpt>
      <trkpt lat="32.013218" lon="118.779532">
        <ele>33.6</ele>
        <time>2026-05-29T23:19:39Z</time>
        <extensions><gpxtpx:TrackPointExtension>
          <gpxtpx:hr>176</gpxtpx:hr>
        </gpxtpx:TrackPointExtension></extensions>
      </trkpt>
      <trkpt lat="32.013228" lon="118.779501">
        <ele>33.6</ele>
        <time>2026-05-29T23:19:40Z</time>
        <extensions><gpxtpx:TrackPointExtension>
          <gpxtpx:hr>175</gpxtpx:hr>
        </gpxtpx:TrackPointExtension></extensions>
      </trkpt>
      <trkpt lat="32.013241" lon="118.779455">
        <ele>33.6</ele>
        <time>2026-05-29T23:19:41Z</time>
        <extensions><gpxtpx:TrackPointExtension>
          <gpxtpx:hr>175</gpxtpx:hr>
        </gpxtpx:TrackPointExtension></extensions>
      </trkpt>
      <trkpt lat="32.013254" lon="118.779422">
        <ele>33.4</ele>
        <time>2026-05-29T23:19:42Z</time>
        <extensions><gpxtpx:TrackPointExtension>
          <gpxtpx:hr>175</gpxtpx:hr>
        </gpxtpx:TrackPointExtension></extensions>
      </trkpt>
      <trkpt lat="32.013266" lon="118.779375">
        <ele>33.4</ele>
        <time>2026-05-29T23:19:43Z</time>
        <extensions><gpxtpx:TrackPointExtension>
          <gpxtpx:hr>176</gpxtpx:hr>
        </gpxtpx:TrackPointExtension></extensions>
      </trkpt>
      <trkpt lat="32.013274" lon="118.779342">
        <ele>33.4</ele>
        <time>2026-05-29T23:19:44Z</time>
        <extensions><gpxtpx:TrackPointExtension>
          <gpxtpx:hr>176</gpxtpx:hr>
        </gpxtpx:TrackPointExtension></extensions>
      </trkpt>
      <trkpt lat="32.013284" lon="118.7793">
        <ele>33.2</ele>
        <time>2026-05-29T23:19:45Z</time>
        <extensions><gpxtpx:TrackPointExtension>
          <gpxtpx:hr>177</gpxtpx:hr>
        </gpxtpx:TrackPointExtension></extensions>
      </trkpt>
      <trkpt lat="32.013295" lon="118.77927">
        <ele>33.2</ele>
        <time>2026-05-29T23:19:46Z</time>
        <extensions><gpxtpx:TrackPointExtension>
          <gpxtpx:hr>175</gpxtpx:hr>
        </gpxtpx:TrackPointExtension></extensions>
      </trkpt>
      <trkpt lat="32.013302" lon="118.779224">
        <ele>33.2</ele>
        <time>2026-05-29T23:19:47Z</time>
        <extensions><gpxtpx:TrackPointExtension>
          <gpxtpx:hr>176</gpxtpx:hr>
        </gpxtpx:TrackPointExtension></extensions>
      </trkpt>
      <trkpt lat="32.01331" lon="118.779193">
        <ele>33.2</ele>
        <time>2026-05-29T23:19:48Z</time>
        <extensions><gpxtpx:TrackPointExtension>
          <gpxtpx:hr>176</gpxtpx:hr>
        </gpxtpx:TrackPointExtension></extensions>
      </trkpt>
      <trkpt lat="32.013327" lon="118.779154">
        <ele>33.0</ele>
        <time>2026-05-29T23:19:49Z</time>
        <extensions><gpxtpx:TrackPointExtension>
          <gpxtpx:hr>175</gpxtpx:hr>
        </gpxtpx:TrackPointExtension></extensions>
      </trkpt>
      <trkpt lat="32.013339" lon="118.779125">
        <ele>33.0</ele>
        <time>2026-05-29T23:19:50Z</time>
        <extensions><gpxtpx:TrackPointExtension>
          <gpxtpx:hr>175</gpxtpx:hr>
        </gpxtpx:TrackPointExtension></extensions>
      </trkpt>
      <trkpt lat="32.013353" lon="118.779084">
        <ele>33.0</ele>
        <time>2026-05-29T23:19:51Z</time>
        <extensions><gpxtpx:TrackPointExtension>
          <gpxtpx:hr>175</gpxtpx:hr>
        </gpxtpx:TrackPointExtension></extensions>
      </trkpt>
      <trkpt lat="32.013364" lon="118.779051">
        <ele>33.0</ele>
        <time>2026-05-29T23:19:52Z</time>
        <extensions><gpxtpx:TrackPointExtension>
          <gpxtpx:hr>175</gpxtpx:hr>
        </gpxtpx:TrackPointExtension></extensions>
      </trkpt>
      <trkpt lat="32.013374" lon="118.779006">
        <ele>33.0</ele>
        <time>2026-05-29T23:19:53Z</time>
        <extensions><gpxtpx:TrackPointExtension>
          <gpxtpx:hr>174</gpxtpx:hr>
        </gpxtpx:TrackPointExtension></extensions>
      </trkpt>
      <trkpt lat="32.013388" lon="118.778974">
        <ele>33.0</ele>
        <time>2026-05-29T23:19:54Z</time>
        <extensions><gpxtpx:TrackPointExtension>
          <gpxtpx:hr>174</gpxtpx:hr>
        </gpxtpx:TrackPointExtension></extensions>
      </trkpt>
      <trkpt lat="32.013398" lon="118.778932">
        <ele>33.0</ele>
        <time>2026-05-29T23:19:55Z</time>
        <extensions><gpxtpx:TrackPointExtension>
          <gpxtpx:hr>175</gpxtpx:hr>
        </gpxtpx:TrackPointExtension></extensions>
      </trkpt>
      <trkpt lat="32.013409" lon="118.778904">
        <ele>33.0</ele>
        <time>2026-05-29T23:19:56Z</time>
        <extensions><gpxtpx:TrackPointExtension>
          <gpxtpx:hr>175</gpxtpx:hr>
        </gpxtpx:TrackPointExtension></extensions>
      </trkpt>
      <trkpt lat="32.01342" lon="118.778861">
        <ele>33.0</ele>
        <time>2026-05-29T23:19:57Z</time>
        <extensions><gpxtpx:TrackPointExtension>
          <gpxtpx:hr>175</gpxtpx:hr>
        </gpxtpx:TrackPointExtension></extensions>
      </trkpt>
      <trkpt lat="32.01343" lon="118.778833">
        <ele>33.2</ele>
        <time>2026-05-29T23:19:58Z</time>
        <extensions><gpxtpx:TrackPointExtension>
          <gpxtpx:hr>175</gpxtpx:hr>
        </gpxtpx:TrackPointExtension></extensions>
      </trkpt>
      <trkpt lat="32.013438" lon="118.77879">
        <ele>33.2</ele>
        <time>2026-05-29T23:19:59Z</time>
        <extensions><gpxtpx:TrackPointExtension>
          <gpxtpx:hr>174</gpxtpx:hr>
        </gpxtpx:TrackPointExtension></extensions>
      </trkpt>
      <trkpt lat="32.013451" lon="118.778759">
        <ele>33.2</ele>
        <time>2026-05-29T23:20:00Z</time>
        <extensions><gpxtpx:TrackPointExtension>
          <gpxtpx:hr>175</gpxtpx:hr>
        </gpxtpx:TrackPointExtension></extensions>
      </trkpt>
      <trkpt lat="32.013461" lon="118.778717">
        <ele>33.2</ele>
        <time>2026-05-29T23:20:01Z</time>
        <extensions><gpxtpx:TrackPointExtension>
          <gpxtpx:hr>174</gpxtpx:hr>
        </gpxtpx:TrackPointExtension></extensions>
      </trkpt>
      <trkpt lat="32.01347" lon="118.778684">
        <ele>33.2</ele>
        <time>2026-05-29T23:20:02Z</time>
        <extensions><gpxtpx:TrackPointExtension>
          <gpxtpx:hr>174</gpxtpx:hr>
        </gpxtpx:TrackPointExtension></extensions>
      </trkpt>
      <trkpt lat="32.013481" lon="118.778643">
        <ele>33.2</ele>
        <time>2026-05-29T23:20:03Z</time>
        <extensions><gpxtpx:TrackPointExtension>
          <gpxtpx:hr>173</gpxtpx:hr>
        </gpxtpx:TrackPointExtension></extensions>
      </trkpt>
      <trkpt lat="32.013489" lon="118.778612">
        <ele>33.2</ele>
        <time>2026-05-29T23:20:04Z</time>
        <extensions><gpxtpx:TrackPointExtension>
          <gpxtpx:hr>174</gpxtpx:hr>
        </gpxtpx:TrackPointExtension></extensions>
      </trkpt>
      <trkpt lat="32.013497" lon="118.778572">
        <ele>33.2</ele>
        <time>2026-05-29T23:20:05Z</time>
        <extensions><gpxtpx:TrackPointExtension>
          <gpxtpx:hr>173</gpxtpx:hr>
        </gpxtpx:TrackPointExtension></extensions>
      </trkpt>
      <trkpt lat="32.01351" lon="118.778543">
        <ele>33.2</ele>
        <time>2026-05-29T23:20:06Z</time>
        <extensions><gpxtpx:TrackPointExtension>
          <gpxtpx:hr>175</gpxtpx:hr>
        </gpxtpx:TrackPointExtension></extensions>
      </trkpt>
      <trkpt lat="32.013521" lon="118.778502">
        <ele>33.2</ele>
        <time>2026-05-29T23:20:07Z</time>
        <extensions><gpxtpx:TrackPointExtension>
          <gpxtpx:hr>175</gpxtpx:hr>
        </gpxtpx:TrackPointExtension></extensions>
      </trkpt>
      <trkpt lat="32.01353" lon="118.77847">
        <ele>33.2</ele>
        <time>2026-05-29T23:20:08Z</time>
        <extensions><gpxtpx:TrackPointExtension>
          <gpxtpx:hr>174</gpxtpx:hr>
        </gpxtpx:TrackPointExtension></extensions>
      </trkpt>
      <trkpt lat="32.013542" lon="118.778433">
        <ele>33.2</ele>
        <time>2026-05-29T23:20:09Z</time>
        <extensions><gpxtpx:TrackPointExtension>
          <gpxtpx:hr>176</gpxtpx:hr>
        </gpxtpx:TrackPointExtension></extensions>
      </trkpt>
      <trkpt lat="32.013556" lon="118.778403">
        <ele>33.2</ele>
        <time>2026-05-29T23:20:10Z</time>
        <extensions><gpxtpx:TrackPointExtension>
          <gpxtpx:hr>175</gpxtpx:hr>
        </gpxtpx:TrackPointExtension></extensions>
      </trkpt>
      <trkpt lat="32.01357" lon="118.778361">
        <ele>33.2</ele>
        <time>2026-05-29T23:20:11Z</time>
        <extensions><gpxtpx:TrackPointExtension>
          <gpxtpx:hr>174</gpxtpx:hr>
        </gpxtpx:TrackPointExtension></extensions>
      </trkpt>
      <trkpt lat="32.013585" lon="118.778331">
        <ele>33.2</ele>
        <time>2026-05-29T23:20:12Z</time>
        <extensions><gpxtpx:TrackPointExtension>
          <gpxtpx:hr>174</gpxtpx:hr>
        </gpxtpx:TrackPointExtension></extensions>
      </trkpt>
      <trkpt lat="32.013592" lon="118.778289">
        <ele>33.2</ele>
        <time>2026-05-29T23:20:13Z</time>
        <extensions><gpxtpx:TrackPointExtension>
          <gpxtpx:hr>174</gpxtpx:hr>
        </gpxtpx:TrackPointExtension></extensions>
      </trkpt>
      <trkpt lat="32.013603" lon="118.77826">
        <ele>33.2</ele>
        <time>2026-05-29T23:20:14Z</time>
        <extensions><gpxtpx:TrackPointExtension>
          <gpxtpx:hr>174</gpxtpx:hr>
        </gpxtpx:TrackPointExtension></extensions>
      </trkpt>
      <trkpt lat="32.013613" lon="118.778219">
        <ele>33.2</ele>
        <time>2026-05-29T23:20:15Z</time>
        <extensions><gpxtpx:TrackPointExtension>
          <gpxtpx:hr>174</gpxtpx:hr>
        </gpxtpx:TrackPointExtension></extensions>
      </trkpt>
      <trkpt lat="32.013621" lon="118.778187">
        <ele>33.2</ele>
        <time>2026-05-29T23:20:16Z</time>
        <extensions><gpxtpx:TrackPointExtension>
          <gpxtpx:hr>174</gpxtpx:hr>
        </gpxtpx:TrackPointExtension></extensions>
      </trkpt>
      <trkpt lat="32.013627" lon="118.778143">
        <ele>33.2</ele>
        <time>2026-05-29T23:20:17Z</time>
        <extensions><gpxtpx:TrackPointExtension>
          <gpxtpx:hr>174</gpxtpx:hr>
        </gpxtpx:TrackPointExtension></extensions>
      </trkpt>
      <trkpt lat="32.013638" lon="118.778111">
        <ele>33.2</ele>
        <time>2026-05-29T23:20:18Z</time>
        <extensions><gpxtpx:TrackPointExtension>
          <gpxtpx:hr>176</gpxtpx:hr>
        </gpxtpx:TrackPointExtension></extensions>
      </trkpt>
      <trkpt lat="32.013647" lon="118.778066">
        <ele>33.0</ele>
        <time>2026-05-29T23:20:19Z</time>
        <extensions><gpxtpx:TrackPointExtension>
          <gpxtpx:hr>176</gpxtpx:hr>
        </gpxtpx:TrackPointExtension></extensions>
      </trkpt>
      <trkpt lat="32.013659" lon="118.778036">
        <ele>33.2</ele>
        <time>2026-05-29T23:20:20Z</time>
        <extensions><gpxtpx:TrackPointExtension>
          <gpxtpx:hr>174</gpxtpx:hr>
        </gpxtpx:TrackPointExtension></extensions>
      </trkpt>
      <trkpt lat="32.013675" lon="118.777992">
        <ele>33.2</ele>
        <time>2026-05-29T23:20:21Z</time>
        <extensions><gpxtpx:TrackPointExtension>
          <gpxtpx:hr>174</gpxtpx:hr>
        </gpxtpx:TrackPointExtension></extensions>
      </trkpt>
      <trkpt lat="32.013684" lon="118.777961">
        <ele>33.2</ele>
        <time>2026-05-29T23:20:22Z</time>
        <extensions><gpxtpx:TrackPointExtension>
          <gpxtpx:hr>174</gpxtpx:hr>
        </gpxtpx:TrackPointExtension></extensions>
      </trkpt>
      <trkpt lat="32.013693" lon="118.777917">
        <ele>33.2</ele>
        <time>2026-05-29T23:20:23Z</time>
        <extensions><gpxtpx:TrackPointExtension>
          <gpxtpx:hr>175</gpxtpx:hr>
        </gpxtpx:TrackPointExtension></extensions>
      </trkpt>
      <trkpt lat="32.013702" lon="118.777884">
        <ele>33.2</ele>
        <time>2026-05-29T23:20:24Z</time>
        <extensions><gpxtpx:TrackPointExtension>
          <gpxtpx:hr>173</gpxtpx:hr>
        </gpxtpx:TrackPointExtension></extensions>
      </trkpt>
      <trkpt lat="32.013713" lon="118.777841">
        <ele>33.2</ele>
        <time>2026-05-29T23:20:25Z</time>
        <extensions><gpxtpx:TrackPointExtension>
          <gpxtpx:hr>173</gpxtpx:hr>
        </gpxtpx:TrackPointExtension></extensions>
      </trkpt>
      <trkpt lat="32.013722" lon="118.777813">
        <ele>33.2</ele>
        <time>2026-05-29T23:20:26Z</time>
        <extensions><gpxtpx:TrackPointExtension>
          <gpxtpx:hr>172</gpxtpx:hr>
        </gpxtpx:TrackPointExtension></extensions>
      </trkpt>
      <trkpt lat="32.013731" lon="118.777773">
        <ele>33.2</ele>
        <time>2026-05-29T23:20:27Z</time>
        <extensions><gpxtpx:TrackPointExtension>
          <gpxtpx:hr>172</gpxtpx:hr>
        </gpxtpx:TrackPointExtension></extensions>
      </trkpt>
      <trkpt lat="32.013743" lon="118.777743">
        <ele>33.2</ele>
        <time>2026-05-29T23:20:28Z</time>
        <extensions><gpxtpx:TrackPointExtension>
          <gpxtpx:hr>172</gpxtpx:hr>
        </gpxtpx:TrackPointExtension></extensions>
      </trkpt>
      <trkpt lat="32.013752" lon="118.777704">
        <ele>33.0</ele>
        <time>2026-05-29T23:20:29Z</time>
        <extensions><gpxtpx:TrackPointExtension>
          <gpxtpx:hr>173</gpxtpx:hr>
        </gpxtpx:TrackPointExtension></extensions>
      </trkpt>
      <trkpt lat="32.013765" lon="118.777676">
        <ele>33.0</ele>
        <time>2026-05-29T23:20:30Z</time>
        <extensions><gpxtpx:TrackPointExtension>
          <gpxtpx:hr>172</gpxtpx:hr>
        </gpxtpx:TrackPointExtension></extensions>
      </trkpt>
      <trkpt lat="32.013775" lon="118.777632">
        <ele>33.2</ele>
        <time>2026-05-29T23:20:31Z</time>
        <extensions><gpxtpx:TrackPointExtension>
          <gpxtpx:hr>172</gpxtpx:hr>
        </gpxtpx:TrackPointExtension></extensions>
      </trkpt>
      <trkpt lat="32.013788" lon="118.7776">
        <ele>33.2</ele>
        <time>2026-05-29T23:20:32Z</time>
        <extensions><gpxtpx:TrackPointExtension>
          <gpxtpx:hr>172</gpxtpx:hr>
        </gpxtpx:TrackPointExtension></extensions>
      </trkpt>
      <trkpt lat="32.013795" lon="118.777558">
        <ele>33.2</ele>
        <time>2026-05-29T23:20:33Z</time>
        <extensions><gpxtpx:TrackPointExtension>
          <gpxtpx:hr>173</gpxtpx:hr>
        </gpxtpx:TrackPointExtension></extensions>
      </trkpt>
      <trkpt lat="32.013807" lon="118.777526">
        <ele>33.2</ele>
        <time>2026-05-29T23:20:34Z</time>
        <extensions><gpxtpx:TrackPointExtension>
          <gpxtpx:hr>172</gpxtpx:hr>
        </gpxtpx:TrackPointExtension></extensions>
      </trkpt>
      <trkpt lat="32.013821" lon="118.777483">
        <ele>33.2</ele>
        <time>2026-05-29T23:20:35Z</time>
        <extensions><gpxtpx:TrackPointExtension>
          <gpxtpx:hr>174</gpxtpx:hr>
        </gpxtpx:TrackPointExtension></extensions>
      </trkpt>
      <trkpt lat="32.01383" lon="118.777452">
        <ele>33.2</ele>
        <time>2026-05-29T23:20:36Z</time>
        <extensions><gpxtpx:TrackPointExtension>
          <gpxtpx:hr>174</gpxtpx:hr>
        </gpxtpx:TrackPointExtension></extensions>
      </trkpt>
      <trkpt lat="32.01384" lon="118.777406">
        <ele>33.0</ele>
        <time>2026-05-29T23:20:37Z</time>
        <extensions><gpxtpx:TrackPointExtension>
          <gpxtpx:hr>174</gpxtpx:hr>
        </gpxtpx:TrackPointExtension></extensions>
      </trkpt>
      <trkpt lat="32.013855" lon="118.777377">
        <ele>33.0</ele>
        <time>2026-05-29T23:20:38Z</time>
        <extensions><gpxtpx:TrackPointExtension>
          <gpxtpx:hr>173</gpxtpx:hr>
        </gpxtpx:TrackPointExtension></extensions>
      </trkpt>
      <trkpt lat="32.013873" lon="118.777331">
        <ele>33.0</ele>
        <time>2026-05-29T23:20:39Z</time>
        <extensions><gpxtpx:TrackPointExtension>
          <gpxtpx:hr>173</gpxtpx:hr>
        </gpxtpx:TrackPointExtension></extensions>
      </trkpt>
      <trkpt lat="32.013884" lon="118.777302">
        <ele>33.2</ele>
        <time>2026-05-29T23:20:40Z</time>
        <extensions><gpxtpx:TrackPointExtension>
          <gpxtpx:hr>175</gpxtpx:hr>
        </gpxtpx:TrackPointExtension></extensions>
      </trkpt>
      <trkpt lat="32.013894" lon="118.777264">
        <ele>33.6</ele>
        <time>2026-05-29T23:20:41Z</time>
        <extensions><gpxtpx:TrackPointExtension>
          <gpxtpx:hr>174</gpxtpx:hr>
        </gpxtpx:TrackPointExtension></extensions>
      </trkpt>
      <trkpt lat="32.013911" lon="118.777242">
        <ele>34.0</ele>
        <time>2026-05-29T23:20:42Z</time>
        <extensions><gpxtpx:TrackPointExtension>
          <gpxtpx:hr>176</gpxtpx:hr>
        </gpxtpx:TrackPointExtension></extensions>
      </trkpt>
      <trkpt lat="32.013919" lon="118.777208">
        <ele>34.4</ele>
        <time>2026-05-29T23:20:43Z</time>
        <extensions><gpxtpx:TrackPointExtension>
          <gpxtpx:hr>176</gpxtpx:hr>
        </gpxtpx:TrackPointExtension></extensions>
      </trkpt>
      <trkpt lat="32.01393" lon="118.777177">
        <ele>35.0</ele>
        <time>2026-05-29T23:20:44Z</time>
        <extensions><gpxtpx:TrackPointExtension>
          <gpxtpx:hr>177</gpxtpx:hr>
        </gpxtpx:TrackPointExtension></extensions>
      </trkpt>
      <trkpt lat="32.013939" lon="118.77714">
        <ele>35.2</ele>
        <time>2026-05-29T23:20:45Z</time>
        <extensions><gpxtpx:TrackPointExtension>
          <gpxtpx:hr>176</gpxtpx:hr>
        </gpxtpx:TrackPointExtension></extensions>
      </trkpt>
      <trkpt lat="32.013948" lon="118.777102">
        <ele>35.4</ele>
        <time>2026-05-29T23:20:46Z</time>
        <extensions><gpxtpx:TrackPointExtension>
          <gpxtpx:hr>177</gpxtpx:hr>
        </gpxtpx:TrackPointExtension></extensions>
      </trkpt>
      <trkpt lat="32.013957" lon="118.777071">
        <ele>35.4</ele>
        <time>2026-05-29T23:20:47Z</time>
        <extensions><gpxtpx:TrackPointExtension>
          <gpxtpx:hr>176</gpxtpx:hr>
        </gpxtpx:TrackPointExtension></extensions>
      </trkpt>
      <trkpt lat="32.013967" lon="118.777029">
        <ele>35.4</ele>
        <time>2026-05-29T23:20:48Z</time>
        <extensions><gpxtpx:TrackPointExtension>
          <gpxtpx:hr>177</gpxtpx:hr>
        </gpxtpx:TrackPointExtension></extensions>
      </trkpt>
      <trkpt lat="32.013975" lon="118.776999">
        <ele>35.4</ele>
        <time>2026-05-29T23:20:49Z</time>
        <extensions><gpxtpx:TrackPointExtension>
          <gpxtpx:hr>178</gpxtpx:hr>
        </gpxtpx:TrackPointExtension></extensions>
      </trkpt>
      <trkpt lat="32.013981" lon="118.776958">
        <ele>35.4</ele>
        <time>2026-05-29T23:20:50Z</time>
        <extensions><gpxtpx:TrackPointExtension>
          <gpxtpx:hr>179</gpxtpx:hr>
        </gpxtpx:TrackPointExtension></extensions>
      </trkpt>
      <trkpt lat="32.01399" lon="118.776929">
        <ele>35.4</ele>
        <time>2026-05-29T23:20:51Z</time>
        <extensions><gpxtpx:TrackPointExtension>
          <gpxtpx:hr>180</gpxtpx:hr>
        </gpxtpx:TrackPointExtension></extensions>
      </trkpt>
      <trkpt lat="32.013999" lon="118.776894">
        <ele>35.4</ele>
        <time>2026-05-29T23:20:52Z</time>
        <extensions><gpxtpx:TrackPointExtension>
          <gpxtpx:hr>179</gpxtpx:hr>
        </gpxtpx:TrackPointExtension></extensions>
      </trkpt>
      <trkpt lat="32.014003" lon="118.776869">
        <ele>35.6</ele>
        <time>2026-05-29T23:20:53Z</time>
        <extensions><gpxtpx:TrackPointExtension>
          <gpxtpx:hr>179</gpxtpx:hr>
        </gpxtpx:TrackPointExtension></extensions>
      </trkpt>
      <trkpt lat="32.014014" lon="118.776825">
        <ele>35.6</ele>
        <time>2026-05-29T23:20:54Z</time>
        <extensions><gpxtpx:TrackPointExtension>
          <gpxtpx:hr>179</gpxtpx:hr>
        </gpxtpx:TrackPointExtension></extensions>
      </trkpt>
      <trkpt lat="32.014026" lon="118.776792">
        <ele>35.8</ele>
        <time>2026-05-29T23:20:55Z</time>
        <extensions><gpxtpx:TrackPointExtension>
          <gpxtpx:hr>179</gpxtpx:hr>
        </gpxtpx:TrackPointExtension></extensions>
      </trkpt>
      <trkpt lat="32.014039" lon="118.776748">
        <ele>35.8</ele>
        <time>2026-05-29T23:20:56Z</time>
        <extensions><gpxtpx:TrackPointExtension>
          <gpxtpx:hr>180</gpxtpx:hr>
        </gpxtpx:TrackPointExtension></extensions>
      </trkpt>
      <trkpt lat="32.01405" lon="118.776715">
        <ele>35.8</ele>
        <time>2026-05-29T23:20:57Z</time>
        <extensions><gpxtpx:TrackPointExtension>
          <gpxtpx:hr>180</gpxtpx:hr>
        </gpxtpx:TrackPointExtension></extensions>
      </trkpt>
      <trkpt lat="32.014055" lon="118.776667">
        <ele>35.8</ele>
        <time>2026-05-29T23:20:58Z</time>
        <extensions><gpxtpx:TrackPointExtension>
          <gpxtpx:hr>178</gpxtpx:hr>
        </gpxtpx:TrackPointExtension></extensions>
      </trkpt>
      <trkpt lat="32.014067" lon="118.776633">
        <ele>36.0</ele>
        <time>2026-05-29T23:20:59Z</time>
        <extensions><gpxtpx:TrackPointExtension>
          <gpxtpx:hr>180</gpxtpx:hr>
        </gpxtpx:TrackPointExtension></extensions>
      </trkpt>
      <trkpt lat="32.014077" lon="118.776589">
        <ele>36.0</ele>
        <time>2026-05-29T23:21:00Z</time>
        <extensions><gpxtpx:TrackPointExtension>
          <gpxtpx:hr>178</gpxtpx:hr>
        </gpxtpx:TrackPointExtension></extensions>
      </trkpt>
      <trkpt lat="32.01409" lon="118.776563">
        <ele>36.2</ele>
        <time>2026-05-29T23:21:01Z</time>
        <extensions><gpxtpx:TrackPointExtension>
          <gpxtpx:hr>178</gpxtpx:hr>
        </gpxtpx:TrackPointExtension></extensions>
      </trkpt>
      <trkpt lat="32.0141" lon="118.776521">
        <ele>36.2</ele>
        <time>2026-05-29T23:21:02Z</time>
        <extensions><gpxtpx:TrackPointExtension>
          <gpxtpx:hr>180</gpxtpx:hr>
        </gpxtpx:TrackPointExtension></extensions>
      </trkpt>
      <trkpt lat="32.014114" lon="118.776493">
        <ele>36.2</ele>
        <time>2026-05-29T23:21:03Z</time>
        <extensions><gpxtpx:TrackPointExtension>
          <gpxtpx:hr>180</gpxtpx:hr>
        </gpxtpx:TrackPointExtension></extensions>
      </trkpt>
      <trkpt lat="32.014128" lon="118.776451">
        <ele>36.4</ele>
        <time>2026-05-29T23:21:04Z</time>
        <extensions><gpxtpx:TrackPointExtension>
          <gpxtpx:hr>179</gpxtpx:hr>
        </gpxtpx:TrackPointExtension></extensions>
      </trkpt>
      <trkpt lat="32.014139" lon="118.776423">
        <ele>36.4</ele>
        <time>2026-05-29T23:21:05Z</time>
        <extensions><gpxtpx:TrackPointExtension>
          <gpxtpx:hr>179</gpxtpx:hr>
        </gpxtpx:TrackPointExtension></extensions>
      </trkpt>
      <trkpt lat="32.014146" lon="118.776378">
        <ele>36.4</ele>
        <time>2026-05-29T23:21:06Z</time>
        <extensions><gpxtpx:TrackPointExtension>
          <gpxtpx:hr>180</gpxtpx:hr>
        </gpxtpx:TrackPointExtension></extensions>
      </trkpt>
      <trkpt lat="32.01416" lon="118.776349">
        <ele>36.4</ele>
        <time>2026-05-29T23:21:07Z</time>
        <extensions><gpxtpx:TrackPointExtension>
          <gpxtpx:hr>181</gpxtpx:hr>
        </gpxtpx:TrackPointExtension></extensions>
      </trkpt>
      <trkpt lat="32.01417" lon="118.776305">
        <ele>36.4</ele>
        <time>2026-05-29T23:21:08Z</time>
        <extensions><gpxtpx:TrackPointExtension>
          <gpxtpx:hr>181</gpxtpx:hr>
        </gpxtpx:TrackPointExtension></extensions>
      </trkpt>
      <trkpt lat="32.014181" lon="118.776273">
        <ele>36.4</ele>
        <time>2026-05-29T23:21:09Z</time>
        <extensions><gpxtpx:TrackPointExtension>
          <gpxtpx:hr>180</gpxtpx:hr>
        </gpxtpx:TrackPointExtension></extensions>
      </trkpt>
      <trkpt lat="32.014191" lon="118.776232">
        <ele>36.2</ele>
        <time>2026-05-29T23:21:10Z</time>
        <extensions><gpxtpx:TrackPointExtension>
          <gpxtpx:hr>180</gpxtpx:hr>
        </gpxtpx:TrackPointExtension></extensions>
      </trkpt>
      <trkpt lat="32.0142" lon="118.776204">
        <ele>36.2</ele>
        <time>2026-05-29T23:21:11Z</time>
        <extensions><gpxtpx:TrackPointExtension>
          <gpxtpx:hr>181</gpxtpx:hr>
        </gpxtpx:TrackPointExtension></extensions>
      </trkpt>
      <trkpt lat="32.014209" lon="118.77616">
        <ele>36.2</ele>
        <time>2026-05-29T23:21:12Z</time>
        <extensions><gpxtpx:TrackPointExtension>
          <gpxtpx:hr>180</gpxtpx:hr>
        </gpxtpx:TrackPointExtension></extensions>
      </trkpt>
      <trkpt lat="32.014223" lon="118.77613">
        <ele>36.2</ele>
        <time>2026-05-29T23:21:13Z</time>
        <extensions><gpxtpx:TrackPointExtension>
          <gpxtpx:hr>181</gpxtpx:hr>
        </gpxtpx:TrackPointExtension></extensions>
      </trkpt>
      <trkpt lat="32.014231" lon="118.776088">
        <ele>36.2</ele>
        <time>2026-05-29T23:21:14Z</time>
        <extensions><gpxtpx:TrackPointExtension>
          <gpxtpx:hr>180</gpxtpx:hr>
        </gpxtpx:TrackPointExtension></extensions>
      </trkpt>
      <trkpt lat="32.014239" lon="118.776056">
        <ele>36.2</ele>
        <time>2026-05-29T23:21:15Z</time>
        <extensions><gpxtpx:TrackPointExtension>
          <gpxtpx:hr>181</gpxtpx:hr>
        </gpxtpx:TrackPointExtension></extensions>
      </trkpt>
      <trkpt lat="32.014246" lon="118.77601">
        <ele>36.2</ele>
        <time>2026-05-29T23:21:16Z</time>
        <extensions><gpxtpx:TrackPointExtension>
          <gpxtpx:hr>179</gpxtpx:hr>
        </gpxtpx:TrackPointExtension></extensions>
      </trkpt>
      <trkpt lat="32.014255" lon="118.77598">
        <ele>36.0</ele>
        <time>2026-05-29T23:21:17Z</time>
        <extensions><gpxtpx:TrackPointExtension>
          <gpxtpx:hr>180</gpxtpx:hr>
        </gpxtpx:TrackPointExtension></extensions>
      </trkpt>
      <trkpt lat="32.014268" lon="118.775937">
        <ele>36.0</ele>
        <time>2026-05-29T23:21:18Z</time>
        <extensions><gpxtpx:TrackPointExtension>
          <gpxtpx:hr>180</gpxtpx:hr>
        </gpxtpx:TrackPointExtension></extensions>
      </trkpt>
      <trkpt lat="32.014282" lon="118.775907">
        <ele>36.0</ele>
        <time>2026-05-29T23:21:19Z</time>
        <extensions><gpxtpx:TrackPointExtension>
          <gpxtpx:hr>179</gpxtpx:hr>
        </gpxtpx:TrackPointExtension></extensions>
      </trkpt>
      <trkpt lat="32.014293" lon="118.775864">
        <ele>35.8</ele>
        <time>2026-05-29T23:21:20Z</time>
        <extensions><gpxtpx:TrackPointExtension>
          <gpxtpx:hr>180</gpxtpx:hr>
        </gpxtpx:TrackPointExtension></extensions>
      </trkpt>
      <trkpt lat="32.014306" lon="118.775832">
        <ele>35.6</ele>
        <time>2026-05-29T23:21:21Z</time>
        <extensions><gpxtpx:TrackPointExtension>
          <gpxtpx:hr>180</gpxtpx:hr>
        </gpxtpx:TrackPointExtension></extensions>
      </trkpt>
      <trkpt lat="32.01431" lon="118.775786">
        <ele>35.4</ele>
        <time>2026-05-29T23:21:22Z</time>
        <extensions><gpxtpx:TrackPointExtension>
          <gpxtpx:hr>180</gpxtpx:hr>
        </gpxtpx:TrackPointExtension></extensions>
      </trkpt>
      <trkpt lat="32.014318" lon="118.775753">
        <ele>35.4</ele>
        <time>2026-05-29T23:21:23Z</time>
        <extensions><gpxtpx:TrackPointExtension>
          <gpxtpx:hr>180</gpxtpx:hr>
        </gpxtpx:TrackPointExtension></extensions>
      </trkpt>
      <trkpt lat="32.014325" lon="118.775706">
        <ele>35.4</ele>
        <time>2026-05-29T23:21:24Z</time>
        <extensions><gpxtpx:TrackPointExtension>
          <gpxtpx:hr>180</gpxtpx:hr>
        </gpxtpx:TrackPointExtension></extensions>
      </trkpt>
      <trkpt lat="32.01434" lon="118.775676">
        <ele>35.2</ele>
        <time>2026-05-29T23:21:25Z</time>
        <extensions><gpxtpx:TrackPointExtension>
          <gpxtpx:hr>180</gpxtpx:hr>
        </gpxtpx:TrackPointExtension></extensions>
      </trkpt>
      <trkpt lat="32.014352" lon="118.775633">
        <ele>35.2</ele>
        <time>2026-05-29T23:21:26Z</time>
        <extensions><gpxtpx:TrackPointExtension>
          <gpxtpx:hr>180</gpxtpx:hr>
        </gpxtpx:TrackPointExtension></extensions>
      </trkpt>
      <trkpt lat="32.014365" lon="118.775603">
        <ele>35.2</ele>
        <time>2026-05-29T23:21:27Z</time>
        <extensions><gpxtpx:TrackPointExtension>
          <gpxtpx:hr>179</gpxtpx:hr>
        </gpxtpx:TrackPointExtension></extensions>
      </trkpt>
      <trkpt lat="32.014377" lon="118.775559">
        <ele>35.2</ele>
        <time>2026-05-29T23:21:28Z</time>
        <extensions><gpxtpx:TrackPointExtension>
          <gpxtpx:hr>180</gpxtpx:hr>
        </gpxtpx:TrackPointExtension></extensions>
      </trkpt>
      <trkpt lat="32.014392" lon="118.775528">
        <ele>35.2</ele>
        <time>2026-05-29T23:21:29Z</time>
        <extensions><gpxtpx:TrackPointExtension>
          <gpxtpx:hr>180</gpxtpx:hr>
        </gpxtpx:TrackPointExtension></extensions>
      </trkpt>
      <trkpt lat="32.014411" lon="118.775475">
        <ele>35.0</ele>
        <time>2026-05-29T23:21:30Z</time>
        <extensions><gpxtpx:TrackPointExtension>
          <gpxtpx:hr>180</gpxtpx:hr>
        </gpxtpx:TrackPointExtension></extensions>
      </trkpt>
      <trkpt lat="32.014432" lon="118.775425">
        <ele>34.6</ele>
        <time>2026-05-29T23:21:31Z</time>
        <extensions><gpxtpx:TrackPointExtension>
          <gpxtpx:hr>179</gpxtpx:hr>
        </gpxtpx:TrackPointExtension></extensions>
      </trkpt>
      <trkpt lat="32.014457" lon="118.775366">
        <ele>34.4</ele>
        <time>2026-05-29T23:21:32Z</time>
        <extensions><gpxtpx:TrackPointExtension>
          <gpxtpx:hr>179</gpxtpx:hr>
        </gpxtpx:TrackPointExtension></extensions>
      </trkpt>
      <trkpt lat="32.014482" lon="118.775321">
        <ele>33.6</ele>
        <time>2026-05-29T23:21:33Z</time>
        <extensions><gpxtpx:TrackPointExtension>
          <gpxtpx:hr>179</gpxtpx:hr>
        </gpxtpx:TrackPointExtension></extensions>
      </trkpt>
      <trkpt lat="32.014506" lon="118.775277">
        <ele>33.4</ele>
        <time>2026-05-29T23:21:34Z</time>
        <extensions><gpxtpx:TrackPointExtension>
          <gpxtpx:hr>181</gpxtpx:hr>
        </gpxtpx:TrackPointExtension></extensions>
      </trkpt>
      <trkpt lat="32.014528" lon="118.775235">
        <ele>33.2</ele>
        <time>2026-05-29T23:21:35Z</time>
        <extensions><gpxtpx:TrackPointExtension>
          <gpxtpx:hr>180</gpxtpx:hr>
        </gpxtpx:TrackPointExtension></extensions>
      </trkpt>
      <trkpt lat="32.014544" lon="118.775201">
        <ele>33.2</ele>
        <time>2026-05-29T23:21:36Z</time>
        <extensions><gpxtpx:TrackPointExtension>
          <gpxtpx:hr>178</gpxtpx:hr>
        </gpxtpx:TrackPointExtension></extensions>
      </trkpt>
      <trkpt lat="32.014557" lon="118.77516">
        <ele>33.2</ele>
        <time>2026-05-29T23:21:37Z</time>
        <extensions><gpxtpx:TrackPointExtension>
          <gpxtpx:hr>178</gpxtpx:hr>
        </gpxtpx:TrackPointExtension></extensions>
      </trkpt>
      <trkpt lat="32.014567" lon="118.775134">
        <ele>33.4</ele>
        <time>2026-05-29T23:21:38Z</time>
        <extensions><gpxtpx:TrackPointExtension>
          <gpxtpx:hr>178</gpxtpx:hr>
        </gpxtpx:TrackPointExtension></extensions>
      </trkpt>
      <trkpt lat="32.014578" lon="118.77509">
        <ele>33.4</ele>
        <time>2026-05-29T23:21:39Z</time>
        <extensions><gpxtpx:TrackPointExtension>
          <gpxtpx:hr>179</gpxtpx:hr>
        </gpxtpx:TrackPointExtension></extensions>
      </trkpt>
      <trkpt lat="32.014592" lon="118.775065">
        <ele>33.4</ele>
        <time>2026-05-29T23:21:40Z</time>
        <extensions><gpxtpx:TrackPointExtension>
          <gpxtpx:hr>178</gpxtpx:hr>
        </gpxtpx:TrackPointExtension></extensions>
      </trkpt>
      <trkpt lat="32.014599" lon="118.775022">
        <ele>33.4</ele>
        <time>2026-05-29T23:21:41Z</time>
        <extensions><gpxtpx:TrackPointExtension>
          <gpxtpx:hr>177</gpxtpx:hr>
        </gpxtpx:TrackPointExtension></extensions>
      </trkpt>
      <trkpt lat="32.01461" lon="118.774993">
        <ele>33.4</ele>
        <time>2026-05-29T23:21:42Z</time>
        <extensions><gpxtpx:TrackPointExtension>
          <gpxtpx:hr>180</gpxtpx:hr>
        </gpxtpx:TrackPointExtension></extensions>
      </trkpt>
      <trkpt lat="32.014622" lon="118.774952">
        <ele>33.4</ele>
        <time>2026-05-29T23:21:43Z</time>
        <extensions><gpxtpx:TrackPointExtension>
          <gpxtpx:hr>180</gpxtpx:hr>
        </gpxtpx:TrackPointExtension></extensions>
      </trkpt>
      <trkpt lat="32.014637" lon="118.774923">
        <ele>33.4</ele>
        <time>2026-05-29T23:21:44Z</time>
        <extensions><gpxtpx:TrackPointExtension>
          <gpxtpx:hr>180</gpxtpx:hr>
        </gpxtpx:TrackPointExtension></extensions>
      </trkpt>
      <trkpt lat="32.014645" lon="118.774882">
        <ele>33.4</ele>
        <time>2026-05-29T23:21:45Z</time>
        <extensions><gpxtpx:TrackPointExtension>
          <gpxtpx:hr>181</gpxtpx:hr>
        </gpxtpx:TrackPointExtension></extensions>
      </trkpt>
      <trkpt lat="32.014654" lon="118.774849">
        <ele>33.4</ele>
        <time>2026-05-29T23:21:46Z</time>
        <extensions><gpxtpx:TrackPointExtension>
          <gpxtpx:hr>180</gpxtpx:hr>
        </gpxtpx:TrackPointExtension></extensions>
      </trkpt>
      <trkpt lat="32.014665" lon="118.774809">
        <ele>33.4</ele>
        <time>2026-05-29T23:21:47Z</time>
        <extensions><gpxtpx:TrackPointExtension>
          <gpxtpx:hr>180</gpxtpx:hr>
        </gpxtpx:TrackPointExtension></extensions>
      </trkpt>
      <trkpt lat="32.01468" lon="118.774775">
        <ele>33.2</ele>
        <time>2026-05-29T23:21:48Z</time>
        <extensions><gpxtpx:TrackPointExtension>
          <gpxtpx:hr>180</gpxtpx:hr>
        </gpxtpx:TrackPointExtension></extensions>
      </trkpt>
      <trkpt lat="32.014692" lon="118.774732">
        <ele>33.2</ele>
        <time>2026-05-29T23:21:49Z</time>
        <extensions><gpxtpx:TrackPointExtension>
          <gpxtpx:hr>180</gpxtpx:hr>
        </gpxtpx:TrackPointExtension></extensions>
      </trkpt>
      <trkpt lat="32.014709" lon="118.774704">
        <ele>33.2</ele>
        <time>2026-05-29T23:21:50Z</time>
        <extensions><gpxtpx:TrackPointExtension>
          <gpxtpx:hr>180</gpxtpx:hr>
        </gpxtpx:TrackPointExtension></extensions>
      </trkpt>
      <trkpt lat="32.014717" lon="118.774662">
        <ele>33.2</ele>
        <time>2026-05-29T23:21:51Z</time>
        <extensions><gpxtpx:TrackPointExtension>
          <gpxtpx:hr>180</gpxtpx:hr>
        </gpxtpx:TrackPointExtension></extensions>
      </trkpt>
      <trkpt lat="32.014727" lon="118.774631">
        <ele>33.2</ele>
        <time>2026-05-29T23:21:52Z</time>
        <extensions><gpxtpx:TrackPointExtension>
          <gpxtpx:hr>180</gpxtpx:hr>
        </gpxtpx:TrackPointExtension></extensions>
      </trkpt>
      <trkpt lat="32.014735" lon="118.774586">
        <ele>33.2</ele>
        <time>2026-05-29T23:21:53Z</time>
        <extensions><gpxtpx:TrackPointExtension>
          <gpxtpx:hr>181</gpxtpx:hr>
        </gpxtpx:TrackPointExtension></extensions>
      </trkpt>
      <trkpt lat="32.014744" lon="118.774555">
        <ele>33.4</ele>
        <time>2026-05-29T23:21:54Z</time>
        <extensions><gpxtpx:TrackPointExtension>
          <gpxtpx:hr>180</gpxtpx:hr>
        </gpxtpx:TrackPointExtension></extensions>
      </trkpt>
      <trkpt lat="32.014757" lon="118.774509">
        <ele>33.2</ele>
        <time>2026-05-29T23:21:55Z</time>
        <extensions><gpxtpx:TrackPointExtension>
          <gpxtpx:hr>181</gpxtpx:hr>
        </gpxtpx:TrackPointExtension></extensions>
      </trkpt>
      <trkpt lat="32.014767" lon="118.774476">
        <ele>33.2</ele>
        <time>2026-05-29T23:21:56Z</time>
        <extensions><gpxtpx:TrackPointExtension>
          <gpxtpx:hr>181</gpxtpx:hr>
        </gpxtpx:TrackPointExtension></extensions>
      </trkpt>
      <trkpt lat="32.014777" lon="118.774431">
        <ele>33.2</ele>
        <time>2026-05-29T23:21:57Z</time>
        <extensions><gpxtpx:TrackPointExtension>
          <gpxtpx:hr>181</gpxtpx:hr>
        </gpxtpx:TrackPointExtension></extensions>
      </trkpt>
      <trkpt lat="32.014791" lon="118.774398">
        <ele>33.2</ele>
        <time>2026-05-29T23:21:58Z</time>
        <extensions><gpxtpx:TrackPointExtension>
          <gpxtpx:hr>182</gpxtpx:hr>
        </gpxtpx:TrackPointExtension></extensions>
      </trkpt>
      <trkpt lat="32.014806" lon="118.774354">
        <ele>33.2</ele>
        <time>2026-05-29T23:21:59Z</time>
        <extensions><gpxtpx:TrackPointExtension>
          <gpxtpx:hr>181</gpxtpx:hr>
        </gpxtpx:TrackPointExtension></extensions>
      </trkpt>
      <trkpt lat="32.014821" lon="118.774324">
        <ele>33.2</ele>
        <time>2026-05-29T23:22:00Z</time>
        <extensions><gpxtpx:TrackPointExtension>
          <gpxtpx:hr>183</gpxtpx:hr>
        </gpxtpx:TrackPointExtension></extensions>
      </trkpt>
      <trkpt lat="32.014832" lon="118.774279">
        <ele>33.2</ele>
        <time>2026-05-29T23:22:01Z</time>
        <extensions><gpxtpx:TrackPointExtension>
          <gpxtpx:hr>182</gpxtpx:hr>
        </gpxtpx:TrackPointExtension></extensions>
      </trkpt>
      <trkpt lat="32.014844" lon="118.77425">
        <ele>33.2</ele>
        <time>2026-05-29T23:22:02Z</time>
        <extensions><gpxtpx:TrackPointExtension>
          <gpxtpx:hr>181</gpxtpx:hr>
        </gpxtpx:TrackPointExtension></extensions>
      </trkpt>
      <trkpt lat="32.01485" lon="118.774209">
        <ele>33.4</ele>
        <time>2026-05-29T23:22:03Z</time>
        <extensions><gpxtpx:TrackPointExtension>
          <gpxtpx:hr>181</gpxtpx:hr>
        </gpxtpx:TrackPointExtension></extensions>
      </trkpt>
      <trkpt lat="32.014863" lon="118.774179">
        <ele>33.4</ele>
        <time>2026-05-29T23:22:04Z</time>
        <extensions><gpxtpx:TrackPointExtension>
          <gpxtpx:hr>180</gpxtpx:hr>
        </gpxtpx:TrackPointExtension></extensions>
      </trkpt>
      <trkpt lat="32.014874" lon="118.774135">
        <ele>33.4</ele>
        <time>2026-05-29T23:22:05Z</time>
        <extensions><gpxtpx:TrackPointExtension>
          <gpxtpx:hr>181</gpxtpx:hr>
        </gpxtpx:TrackPointExtension></extensions>
      </trkpt>
      <trkpt lat="32.014886" lon="118.774105">
        <ele>33.4</ele>
        <time>2026-05-29T23:22:06Z</time>
        <extensions><gpxtpx:TrackPointExtension>
          <gpxtpx:hr>181</gpxtpx:hr>
        </gpxtpx:TrackPointExtension></extensions>
      </trkpt>
      <trkpt lat="32.014896" lon="118.774062">
        <ele>33.4</ele>
        <time>2026-05-29T23:22:07Z</time>
        <extensions><gpxtpx:TrackPointExtension>
          <gpxtpx:hr>181</gpxtpx:hr>
        </gpxtpx:TrackPointExtension></extensions>
      </trkpt>
      <trkpt lat="32.01491" lon="118.774032">
        <ele>33.4</ele>
        <time>2026-05-29T23:22:08Z</time>
        <extensions><gpxtpx:TrackPointExtension>
          <gpxtpx:hr>180</gpxtpx:hr>
        </gpxtpx:TrackPointExtension></extensions>
      </trkpt>
      <trkpt lat="32.014925" lon="118.773992">
        <ele>33.4</ele>
        <time>2026-05-29T23:22:09Z</time>
        <extensions><gpxtpx:TrackPointExtension>
          <gpxtpx:hr>182</gpxtpx:hr>
        </gpxtpx:TrackPointExtension></extensions>
      </trkpt>
      <trkpt lat="32.014936" lon="118.773959">
        <ele>33.4</ele>
        <time>2026-05-29T23:22:10Z</time>
        <extensions><gpxtpx:TrackPointExtension>
          <gpxtpx:hr>182</gpxtpx:hr>
        </gpxtpx:TrackPointExtension></extensions>
      </trkpt>
      <trkpt lat="32.014952" lon="118.773918">
        <ele>33.4</ele>
        <time>2026-05-29T23:22:11Z</time>
        <extensions><gpxtpx:TrackPointExtension>
          <gpxtpx:hr>182</gpxtpx:hr>
        </gpxtpx:TrackPointExtension></extensions>
      </trkpt>
      <trkpt lat="32.014966" lon="118.773884">
        <ele>33.4</ele>
        <time>2026-05-29T23:22:12Z</time>
        <extensions><gpxtpx:TrackPointExtension>
          <gpxtpx:hr>182</gpxtpx:hr>
        </gpxtpx:TrackPointExtension></extensions>
      </trkpt>
      <trkpt lat="32.014983" lon="118.77384">
        <ele>33.4</ele>
        <time>2026-05-29T23:22:13Z</time>
        <extensions><gpxtpx:TrackPointExtension>
          <gpxtpx:hr>181</gpxtpx:hr>
        </gpxtpx:TrackPointExtension></extensions>
      </trkpt>
      <trkpt lat="32.014998" lon="118.773813">
        <ele>33.2</ele>
        <time>2026-05-29T23:22:14Z</time>
        <extensions><gpxtpx:TrackPointExtension>
          <gpxtpx:hr>180</gpxtpx:hr>
        </gpxtpx:TrackPointExtension></extensions>
      </trkpt>
      <trkpt lat="32.015014" lon="118.773773">
        <ele>33.2</ele>
        <time>2026-05-29T23:22:15Z</time>
        <extensions><gpxtpx:TrackPointExtension>
          <gpxtpx:hr>182</gpxtpx:hr>
        </gpxtpx:TrackPointExtension></extensions>
      </trkpt>
      <trkpt lat="32.015033" lon="118.773746">
        <ele>33.2</ele>
        <time>2026-05-29T23:22:16Z</time>
        <extensions><gpxtpx:TrackPointExtension>
          <gpxtpx:hr>183</gpxtpx:hr>
        </gpxtpx:TrackPointExtension></extensions>
      </trkpt>
      <trkpt lat="32.015047" lon="118.773708">
        <ele>33.2</ele>
        <time>2026-05-29T23:22:17Z</time>
        <extensions><gpxtpx:TrackPointExtension>
          <gpxtpx:hr>180</gpxtpx:hr>
        </gpxtpx:TrackPointExtension></extensions>
      </trkpt>
      <trkpt lat="32.015062" lon="118.773678">
        <ele>33.2</ele>
        <time>2026-05-29T23:22:18Z</time>
        <extensions><gpxtpx:TrackPointExtension>
          <gpxtpx:hr>180</gpxtpx:hr>
        </gpxtpx:TrackPointExtension></extensions>
      </trkpt>
      <trkpt lat="32.015076" lon="118.773637">
        <ele>33.2</ele>
        <time>2026-05-29T23:22:19Z</time>
        <extensions><gpxtpx:TrackPointExtension>
          <gpxtpx:hr>180</gpxtpx:hr>
        </gpxtpx:TrackPointExtension></extensions>
      </trkpt>
      <trkpt lat="32.015088" lon="118.773609">
        <ele>33.2</ele>
        <time>2026-05-29T23:22:20Z</time>
        <extensions><gpxtpx:TrackPointExtension>
          <gpxtpx:hr>179</gpxtpx:hr>
        </gpxtpx:TrackPointExtension></extensions>
      </trkpt>
      <trkpt lat="32.015096" lon="118.773567">
        <ele>33.2</ele>
        <time>2026-05-29T23:22:21Z</time>
        <extensions><gpxtpx:TrackPointExtension>
          <gpxtpx:hr>181</gpxtpx:hr>
        </gpxtpx:TrackPointExtension></extensions>
      </trkpt>
      <trkpt lat="32.015108" lon="118.773534">
        <ele>33.2</ele>
        <time>2026-05-29T23:22:22Z</time>
        <extensions><gpxtpx:TrackPointExtension>
          <gpxtpx:hr>180</gpxtpx:hr>
        </gpxtpx:TrackPointExtension></extensions>
      </trkpt>
      <trkpt lat="32.015122" lon="118.773493">
        <ele>33.2</ele>
        <time>2026-05-29T23:22:23Z</time>
        <extensions><gpxtpx:TrackPointExtension>
          <gpxtpx:hr>179</gpxtpx:hr>
        </gpxtpx:TrackPointExtension></extensions>
      </trkpt>
      <trkpt lat="32.015138" lon="118.77346">
        <ele>33.2</ele>
        <time>2026-05-29T23:22:24Z</time>
        <extensions><gpxtpx:TrackPointExtension>
          <gpxtpx:hr>178</gpxtpx:hr>
        </gpxtpx:TrackPointExtension></extensions>
      </trkpt>
      <trkpt lat="32.015151" lon="118.773418">
        <ele>33.2</ele>
        <time>2026-05-29T23:22:25Z</time>
        <extensions><gpxtpx:TrackPointExtension>
          <gpxtpx:hr>177</gpxtpx:hr>
        </gpxtpx:TrackPointExtension></extensions>
      </trkpt>
      <trkpt lat="32.015167" lon="118.773388">
        <ele>33.2</ele>
        <time>2026-05-29T23:22:26Z</time>
        <extensions><gpxtpx:TrackPointExtension>
          <gpxtpx:hr>178</gpxtpx:hr>
        </gpxtpx:TrackPointExtension></extensions>
      </trkpt>
      <trkpt lat="32.01518" lon="118.773346">
        <ele>33.2</ele>
        <time>2026-05-29T23:22:27Z</time>
        <extensions><gpxtpx:TrackPointExtension>
          <gpxtpx:hr>177</gpxtpx:hr>
        </gpxtpx:TrackPointExtension></extensions>
      </trkpt>
      <trkpt lat="32.015195" lon="118.773318">
        <ele>33.2</ele>
        <time>2026-05-29T23:22:28Z</time>
        <extensions><gpxtpx:TrackPointExtension>
          <gpxtpx:hr>178</gpxtpx:hr>
        </gpxtpx:TrackPointExtension></extensions>
      </trkpt>
      <trkpt lat="32.015209" lon="118.773278">
        <ele>33.2</ele>
        <time>2026-05-29T23:22:29Z</time>
        <extensions><gpxtpx:TrackPointExtension>
          <gpxtpx:hr>178</gpxtpx:hr>
        </gpxtpx:TrackPointExtension></extensions>
      </trkpt>
      <trkpt lat="32.015226" lon="118.773249">
        <ele>33.2</ele>
        <time>2026-05-29T23:22:30Z</time>
        <extensions><gpxtpx:TrackPointExtension>
          <gpxtpx:hr>178</gpxtpx:hr>
        </gpxtpx:TrackPointExtension></extensions>
      </trkpt>
      <trkpt lat="32.015239" lon="118.77321">
        <ele>33.4</ele>
        <time>2026-05-29T23:22:31Z</time>
        <extensions><gpxtpx:TrackPointExtension>
          <gpxtpx:hr>178</gpxtpx:hr>
        </gpxtpx:TrackPointExtension></extensions>
      </trkpt>
      <trkpt lat="32.015253" lon="118.77318">
        <ele>33.4</ele>
        <time>2026-05-29T23:22:32Z</time>
        <extensions><gpxtpx:TrackPointExtension>
          <gpxtpx:hr>179</gpxtpx:hr>
        </gpxtpx:TrackPointExtension></extensions>
      </trkpt>
      <trkpt lat="32.015267" lon="118.773137">
        <ele>33.4</ele>
        <time>2026-05-29T23:22:33Z</time>
        <extensions><gpxtpx:TrackPointExtension>
          <gpxtpx:hr>177</gpxtpx:hr>
        </gpxtpx:TrackPointExtension></extensions>
      </trkpt>
      <trkpt lat="32.015282" lon="118.773107">
        <ele>33.2</ele>
        <time>2026-05-29T23:22:34Z</time>
        <extensions><gpxtpx:TrackPointExtension>
          <gpxtpx:hr>177</gpxtpx:hr>
        </gpxtpx:TrackPointExtension></extensions>
      </trkpt>
      <trkpt lat="32.0153" lon="118.773063">
        <ele>33.2</ele>
        <time>2026-05-29T23:22:35Z</time>
        <extensions><gpxtpx:TrackPointExtension>
          <gpxtpx:hr>180</gpxtpx:hr>
        </gpxtpx:TrackPointExtension></extensions>
      </trkpt>
      <trkpt lat="32.015313" lon="118.773035">
        <ele>33.2</ele>
        <time>2026-05-29T23:22:36Z</time>
        <extensions><gpxtpx:TrackPointExtension>
          <gpxtpx:hr>180</gpxtpx:hr>
        </gpxtpx:TrackPointExtension></extensions>
      </trkpt>
      <trkpt lat="32.015326" lon="118.77299">
        <ele>33.2</ele>
        <time>2026-05-29T23:22:37Z</time>
        <extensions><gpxtpx:TrackPointExtension>
          <gpxtpx:hr>180</gpxtpx:hr>
        </gpxtpx:TrackPointExtension></extensions>
      </trkpt>
      <trkpt lat="32.015344" lon="118.772962">
        <ele>33.2</ele>
        <time>2026-05-29T23:22:38Z</time>
        <extensions><gpxtpx:TrackPointExtension>
          <gpxtpx:hr>180</gpxtpx:hr>
        </gpxtpx:TrackPointExtension></extensions>
      </trkpt>
      <trkpt lat="32.015358" lon="118.772922">
        <ele>33.2</ele>
        <time>2026-05-29T23:22:39Z</time>
        <extensions><gpxtpx:TrackPointExtension>
          <gpxtpx:hr>180</gpxtpx:hr>
        </gpxtpx:TrackPointExtension></extensions>
      </trkpt>
      <trkpt lat="32.015374" lon="118.772898">
        <ele>33.4</ele>
        <time>2026-05-29T23:22:40Z</time>
        <extensions><gpxtpx:TrackPointExtension>
          <gpxtpx:hr>178</gpxtpx:hr>
        </gpxtpx:TrackPointExtension></extensions>
      </trkpt>
      <trkpt lat="32.015388" lon="118.772867">
        <ele>33.6</ele>
        <time>2026-05-29T23:22:41Z</time>
        <extensions><gpxtpx:TrackPointExtension>
          <gpxtpx:hr>179</gpxtpx:hr>
        </gpxtpx:TrackPointExtension></extensions>
      </trkpt>
      <trkpt lat="32.015402" lon="118.772846">
        <ele>33.8</ele>
        <time>2026-05-29T23:22:42Z</time>
        <extensions><gpxtpx:TrackPointExtension>
          <gpxtpx:hr>179</gpxtpx:hr>
        </gpxtpx:TrackPointExtension></extensions>
      </trkpt>
      <trkpt lat="32.015414" lon="118.772813">
        <ele>34.2</ele>
        <time>2026-05-29T23:22:43Z</time>
        <extensions><gpxtpx:TrackPointExtension>
          <gpxtpx:hr>179</gpxtpx:hr>
        </gpxtpx:TrackPointExtension></extensions>
      </trkpt>
      <trkpt lat="32.015418" lon="118.77279">
        <ele>34.8</ele>
        <time>2026-05-29T23:22:44Z</time>
        <extensions><gpxtpx:TrackPointExtension>
          <gpxtpx:hr>179</gpxtpx:hr>
        </gpxtpx:TrackPointExtension></extensions>
      </trkpt>
      <trkpt lat="32.015427" lon="118.772758">
        <ele>35.2</ele>
        <time>2026-05-29T23:22:45Z</time>
        <extensions><gpxtpx:TrackPointExtension>
          <gpxtpx:hr>179</gpxtpx:hr>
        </gpxtpx:TrackPointExtension></extensions>
      </trkpt>
      <trkpt lat="32.015439" lon="118.772735">
        <ele>35.6</ele>
        <time>2026-05-29T23:22:46Z</time>
        <extensions><gpxtpx:TrackPointExtension>
          <gpxtpx:hr>179</gpxtpx:hr>
        </gpxtpx:TrackPointExtension></extensions>
      </trkpt>
      <trkpt lat="32.015448" lon="118.772711">
        <ele>36.0</ele>
        <time>2026-05-29T23:22:47Z</time>
        <extensions><gpxtpx:TrackPointExtension>
          <gpxtpx:hr>179</gpxtpx:hr>
        </gpxtpx:TrackPointExtension></extensions>
      </trkpt>
      <trkpt lat="32.015457" lon="118.772678">
        <ele>36.4</ele>
        <time>2026-05-29T23:22:48Z</time>
        <extensions><gpxtpx:TrackPointExtension>
          <gpxtpx:hr>178</gpxtpx:hr>
        </gpxtpx:TrackPointExtension></extensions>
      </trkpt>
      <trkpt lat="32.015468" lon="118.77265">
        <ele>36.6</ele>
        <time>2026-05-29T23:22:49Z</time>
        <extensions><gpxtpx:TrackPointExtension>
          <gpxtpx:hr>178</gpxtpx:hr>
        </gpxtpx:TrackPointExtension></extensions>
      </trkpt>
      <trkpt lat="32.015473" lon="118.772609">
        <ele>36.8</ele>
        <time>2026-05-29T23:22:50Z</time>
        <extensions><gpxtpx:TrackPointExtension>
          <gpxtpx:hr>178</gpxtpx:hr>
        </gpxtpx:TrackPointExtension></extensions>
      </trkpt>
      <trkpt lat="32.015481" lon="118.772581">
        <ele>36.8</ele>
        <time>2026-05-29T23:22:51Z</time>
        <extensions><gpxtpx:TrackPointExtension>
          <gpxtpx:hr>177</gpxtpx:hr>
        </gpxtpx:TrackPointExtension></extensions>
      </trkpt>
      <trkpt lat="32.015484" lon="118.772536">
        <ele>36.8</ele>
        <time>2026-05-29T23:22:52Z</time>
        <extensions><gpxtpx:TrackPointExtension>
          <gpxtpx:hr>177</gpxtpx:hr>
        </gpxtpx:TrackPointExtension></extensions>
      </trkpt>
      <trkpt lat="32.015489" lon="118.772505">
        <ele>36.8</ele>
        <time>2026-05-29T23:22:53Z</time>
        <extensions><gpxtpx:TrackPointExtension>
          <gpxtpx:hr>177</gpxtpx:hr>
        </gpxtpx:TrackPointExtension></extensions>
      </trkpt>
      <trkpt lat="32.015496" lon="118.772463">
        <ele>36.8</ele>
        <time>2026-05-29T23:22:54Z</time>
        <extensions><gpxtpx:TrackPointExtension>
          <gpxtpx:hr>177</gpxtpx:hr>
        </gpxtpx:TrackPointExtension></extensions>
      </trkpt>
      <trkpt lat="32.015505" lon="118.772435">
        <ele>36.8</ele>
        <time>2026-05-29T23:22:55Z</time>
        <extensions><gpxtpx:TrackPointExtension>
          <gpxtpx:hr>177</gpxtpx:hr>
        </gpxtpx:TrackPointExtension></extensions>
      </trkpt>
      <trkpt lat="32.015517" lon="118.772396">
        <ele>36.8</ele>
        <time>2026-05-29T23:22:56Z</time>
        <extensions><gpxtpx:TrackPointExtension>
          <gpxtpx:hr>178</gpxtpx:hr>
        </gpxtpx:TrackPointExtension></extensions>
      </trkpt>
      <trkpt lat="32.015524" lon="118.772365">
        <ele>37.0</ele>
        <time>2026-05-29T23:22:57Z</time>
        <extensions><gpxtpx:TrackPointExtension>
          <gpxtpx:hr>177</gpxtpx:hr>
        </gpxtpx:TrackPointExtension></extensions>
      </trkpt>
      <trkpt lat="32.015532" lon="118.77232">
        <ele>37.0</ele>
        <time>2026-05-29T23:22:58Z</time>
        <extensions><gpxtpx:TrackPointExtension>
          <gpxtpx:hr>177</gpxtpx:hr>
        </gpxtpx:TrackPointExtension></extensions>
      </trkpt>
      <trkpt lat="32.015538" lon="118.772288">
        <ele>37.0</ele>
        <time>2026-05-29T23:22:59Z</time>
        <extensions><gpxtpx:TrackPointExtension>
          <gpxtpx:hr>177</gpxtpx:hr>
        </gpxtpx:TrackPointExtension></extensions>
      </trkpt>
      <trkpt lat="32.015542" lon="118.772241">
        <ele>37.0</ele>
        <time>2026-05-29T23:23:00Z</time>
        <extensions><gpxtpx:TrackPointExtension>
          <gpxtpx:hr>177</gpxtpx:hr>
        </gpxtpx:TrackPointExtension></extensions>
      </trkpt>
      <trkpt lat="32.015553" lon="118.772211">
        <ele>37.2</ele>
        <time>2026-05-29T23:23:01Z</time>
        <extensions><gpxtpx:TrackPointExtension>
          <gpxtpx:hr>177</gpxtpx:hr>
        </gpxtpx:TrackPointExtension></extensions>
      </trkpt>
      <trkpt lat="32.015563" lon="118.772166">
        <ele>37.0</ele>
        <time>2026-05-29T23:23:02Z</time>
        <extensions><gpxtpx:TrackPointExtension>
          <gpxtpx:hr>177</gpxtpx:hr>
        </gpxtpx:TrackPointExtension></extensions>
      </trkpt>
      <trkpt lat="32.015573" lon="118.772134">
        <ele>37.0</ele>
        <time>2026-05-29T23:23:03Z</time>
        <extensions><gpxtpx:TrackPointExtension>
          <gpxtpx:hr>176</gpxtpx:hr>
        </gpxtpx:TrackPointExtension></extensions>
      </trkpt>
      <trkpt lat="32.015584" lon="118.772092">
        <ele>37.0</ele>
        <time>2026-05-29T23:23:04Z</time>
        <extensions><gpxtpx:TrackPointExtension>
          <gpxtpx:hr>177</gpxtpx:hr>
        </gpxtpx:TrackPointExtension></extensions>
      </trkpt>
      <trkpt lat="32.015598" lon="118.772061">
        <ele>36.8</ele>
        <time>2026-05-29T23:23:05Z</time>
        <extensions><gpxtpx:TrackPointExtension>
          <gpxtpx:hr>179</gpxtpx:hr>
        </gpxtpx:TrackPointExtension></extensions>
      </trkpt>
      <trkpt lat="32.015607" lon="118.772023">
        <ele>36.8</ele>
        <time>2026-05-29T23:23:06Z</time>
        <extensions><gpxtpx:TrackPointExtension>
          <gpxtpx:hr>177</gpxtpx:hr>
        </gpxtpx:TrackPointExtension></extensions>
      </trkpt>
      <trkpt lat="32.015608" lon="118.771984">
        <ele>37.0</ele>
        <time>2026-05-29T23:23:07Z</time>
        <extensions><gpxtpx:TrackPointExtension>
          <gpxtpx:hr>176</gpxtpx:hr>
        </gpxtpx:TrackPointExtension></extensions>
      </trkpt>
      <trkpt lat="32.015614" lon="118.771946">
        <ele>37.0</ele>
        <time>2026-05-29T23:23:08Z</time>
        <extensions><gpxtpx:TrackPointExtension>
          <gpxtpx:hr>176</gpxtpx:hr>
        </gpxtpx:TrackPointExtension></extensions>
      </trkpt>
      <trkpt lat="32.015623" lon="118.771893">
        <ele>36.6</ele>
        <time>2026-05-29T23:23:09Z</time>
        <extensions><gpxtpx:TrackPointExtension>
          <gpxtpx:hr>176</gpxtpx:hr>
        </gpxtpx:TrackPointExtension></extensions>
      </trkpt>
      <trkpt lat="32.015629" lon="118.771854">
        <ele>36.6</ele>
        <time>2026-05-29T23:23:10Z</time>
        <extensions><gpxtpx:TrackPointExtension>
          <gpxtpx:hr>176</gpxtpx:hr>
        </gpxtpx:TrackPointExtension></extensions>
      </trkpt>
      <trkpt lat="32.01564" lon="118.771791">
        <ele>36.2</ele>
        <time>2026-05-29T23:23:11Z</time>
        <extensions><gpxtpx:TrackPointExtension>
          <gpxtpx:hr>176</gpxtpx:hr>
        </gpxtpx:TrackPointExtension></extensions>
      </trkpt>
      <trkpt lat="32.015648" lon="118.77174">
        <ele>35.4</ele>
        <time>2026-05-29T23:23:12Z</time>
        <extensions><gpxtpx:TrackPointExtension>
          <gpxtpx:hr>176</gpxtpx:hr>
        </gpxtpx:TrackPointExtension></extensions>
      </trkpt>
      <trkpt lat="32.015654" lon="118.771667">
        <ele>34.6</ele>
        <time>2026-05-29T23:23:13Z</time>
        <extensions><gpxtpx:TrackPointExtension>
          <gpxtpx:hr>176</gpxtpx:hr>
        </gpxtpx:TrackPointExtension></extensions>
      </trkpt>
      <trkpt lat="32.01566" lon="118.771616">
        <ele>34.0</ele>
        <time>2026-05-29T23:23:14Z</time>
        <extensions><gpxtpx:TrackPointExtension>
          <gpxtpx:hr>176</gpxtpx:hr>
        </gpxtpx:TrackPointExtension></extensions>
      </trkpt>
      <trkpt lat="32.015668" lon="118.77155">
        <ele>33.8</ele>
        <time>2026-05-29T23:23:15Z</time>
        <extensions><gpxtpx:TrackPointExtension>
          <gpxtpx:hr>176</gpxtpx:hr>
        </gpxtpx:TrackPointExtension></extensions>
      </trkpt>
      <trkpt lat="32.015677" lon="118.771507">
        <ele>33.6</ele>
        <time>2026-05-29T23:23:16Z</time>
        <extensions><gpxtpx:TrackPointExtension>
          <gpxtpx:hr>175</gpxtpx:hr>
        </gpxtpx:TrackPointExtension></extensions>
      </trkpt>
      <trkpt lat="32.015681" lon="118.77146">
        <ele>33.6</ele>
        <time>2026-05-29T23:23:17Z</time>
        <extensions><gpxtpx:TrackPointExtension>
          <gpxtpx:hr>176</gpxtpx:hr>
        </gpxtpx:TrackPointExtension></extensions>
      </trkpt>
      <trkpt lat="32.015684" lon="118.771415">
        <ele>33.6</ele>
        <time>2026-05-29T23:23:18Z</time>
        <extensions><gpxtpx:TrackPointExtension>
          <gpxtpx:hr>176</gpxtpx:hr>
        </gpxtpx:TrackPointExtension></extensions>
      </trkpt>
      <trkpt lat="32.01569" lon="118.771376">
        <ele>33.8</ele>
        <time>2026-05-29T23:23:19Z</time>
        <extensions><gpxtpx:TrackPointExtension>
          <gpxtpx:hr>177</gpxtpx:hr>
        </gpxtpx:TrackPointExtension></extensions>
      </trkpt>
      <trkpt lat="32.01569" lon="118.77133">
        <ele>33.8</ele>
        <time>2026-05-29T23:23:20Z</time>
        <extensions><gpxtpx:TrackPointExtension>
          <gpxtpx:hr>177</gpxtpx:hr>
        </gpxtpx:TrackPointExtension></extensions>
      </trkpt>
      <trkpt lat="32.01569" lon="118.771299">
        <ele>33.8</ele>
        <time>2026-05-29T23:23:21Z</time>
        <extensions><gpxtpx:TrackPointExtension>
          <gpxtpx:hr>177</gpxtpx:hr>
        </gpxtpx:TrackPointExtension></extensions>
      </trkpt>
      <trkpt lat="32.015684" lon="118.771254">
        <ele>33.8</ele>
        <time>2026-05-29T23:23:22Z</time>
        <extensions><gpxtpx:TrackPointExtension>
          <gpxtpx:hr>177</gpxtpx:hr>
        </gpxtpx:TrackPointExtension></extensions>
      </trkpt>
      <trkpt lat="32.015688" lon="118.771224">
        <ele>33.8</ele>
        <time>2026-05-29T23:23:23Z</time>
        <extensions><gpxtpx:TrackPointExtension>
          <gpxtpx:hr>177</gpxtpx:hr>
        </gpxtpx:TrackPointExtension></extensions>
      </trkpt>
      <trkpt lat="32.015681" lon="118.771186">
        <ele>33.8</ele>
        <time>2026-05-29T23:23:24Z</time>
        <extensions><gpxtpx:TrackPointExtension>
          <gpxtpx:hr>177</gpxtpx:hr>
        </gpxtpx:TrackPointExtension></extensions>
      </trkpt>
      <trkpt lat="32.015679" lon="118.771155">
        <ele>33.8</ele>
        <time>2026-05-29T23:23:25Z</time>
        <extensions><gpxtpx:TrackPointExtension>
          <gpxtpx:hr>177</gpxtpx:hr>
        </gpxtpx:TrackPointExtension></extensions>
      </trkpt>
      <trkpt lat="32.015669" lon="118.771116">
        <ele>33.8</ele>
        <time>2026-05-29T23:23:26Z</time>
        <extensions><gpxtpx:TrackPointExtension>
          <gpxtpx:hr>176</gpxtpx:hr>
        </gpxtpx:TrackPointExtension></extensions>
      </trkpt>
      <trkpt lat="32.015666" lon="118.771084">
        <ele>33.8</ele>
        <time>2026-05-29T23:23:27Z</time>
        <extensions><gpxtpx:TrackPointExtension>
          <gpxtpx:hr>177</gpxtpx:hr>
        </gpxtpx:TrackPointExtension></extensions>
      </trkpt>
      <trkpt lat="32.015654" lon="118.77105">
        <ele>33.8</ele>
        <time>2026-05-29T23:23:28Z</time>
        <extensions><gpxtpx:TrackPointExtension>
          <gpxtpx:hr>177</gpxtpx:hr>
        </gpxtpx:TrackPointExtension></extensions>
      </trkpt>
      <trkpt lat="32.015651" lon="118.771018">
        <ele>33.8</ele>
        <time>2026-05-29T23:23:29Z</time>
        <extensions><gpxtpx:TrackPointExtension>
          <gpxtpx:hr>176</gpxtpx:hr>
        </gpxtpx:TrackPointExtension></extensions>
      </trkpt>
      <trkpt lat="32.015644" lon="118.770976">
        <ele>33.8</ele>
        <time>2026-05-29T23:23:30Z</time>
        <extensions><gpxtpx:TrackPointExtension>
          <gpxtpx:hr>176</gpxtpx:hr>
        </gpxtpx:TrackPointExtension></extensions>
      </trkpt>
      <trkpt lat="32.015642" lon="118.770942">
        <ele>33.8</ele>
        <time>2026-05-29T23:23:31Z</time>
        <extensions><gpxtpx:TrackPointExtension>
          <gpxtpx:hr>176</gpxtpx:hr>
        </gpxtpx:TrackPointExtension></extensions>
      </trkpt>
      <trkpt lat="32.015632" lon="118.770901">
        <ele>33.8</ele>
        <time>2026-05-29T23:23:32Z</time>
        <extensions><gpxtpx:TrackPointExtension>
          <gpxtpx:hr>176</gpxtpx:hr>
        </gpxtpx:TrackPointExtension></extensions>
      </trkpt>
      <trkpt lat="32.015627" lon="118.770867">
        <ele>33.8</ele>
        <time>2026-05-29T23:23:33Z</time>
        <extensions><gpxtpx:TrackPointExtension>
          <gpxtpx:hr>177</gpxtpx:hr>
        </gpxtpx:TrackPointExtension></extensions>
      </trkpt>
      <trkpt lat="32.015617" lon="118.770824">
        <ele>33.8</ele>
        <time>2026-05-29T23:23:34Z</time>
        <extensions><gpxtpx:TrackPointExtension>
          <gpxtpx:hr>178</gpxtpx:hr>
        </gpxtpx:TrackPointExtension></extensions>
      </trkpt>
      <trkpt lat="32.015615" lon="118.770795">
        <ele>34.0</ele>
        <time>2026-05-29T23:23:35Z</time>
        <extensions><gpxtpx:TrackPointExtension>
          <gpxtpx:hr>178</gpxtpx:hr>
        </gpxtpx:TrackPointExtension></extensions>
      </trkpt>
      <trkpt lat="32.015609" lon="118.770756">
        <ele>34.0</ele>
        <time>2026-05-29T23:23:36Z</time>
        <extensions><gpxtpx:TrackPointExtension>
          <gpxtpx:hr>178</gpxtpx:hr>
        </gpxtpx:TrackPointExtension></extensions>
      </trkpt>
      <trkpt lat="32.015605" lon="118.770728">
        <ele>34.0</ele>
        <time>2026-05-29T23:23:37Z</time>
        <extensions><gpxtpx:TrackPointExtension>
          <gpxtpx:hr>179</gpxtpx:hr>
        </gpxtpx:TrackPointExtension></extensions>
      </trkpt>
      <trkpt lat="32.015595" lon="118.770687">
        <ele>34.0</ele>
        <time>2026-05-29T23:23:38Z</time>
        <extensions><gpxtpx:TrackPointExtension>
          <gpxtpx:hr>179</gpxtpx:hr>
        </gpxtpx:TrackPointExtension></extensions>
      </trkpt>
      <trkpt lat="32.01559" lon="118.770656">
        <ele>34.0</ele>
        <time>2026-05-29T23:23:39Z</time>
        <extensions><gpxtpx:TrackPointExtension>
          <gpxtpx:hr>180</gpxtpx:hr>
        </gpxtpx:TrackPointExtension></extensions>
      </trkpt>
      <trkpt lat="32.015583" lon="118.770615">
        <ele>34.0</ele>
        <time>2026-05-29T23:23:40Z</time>
        <extensions><gpxtpx:TrackPointExtension>
          <gpxtpx:hr>180</gpxtpx:hr>
        </gpxtpx:TrackPointExtension></extensions>
      </trkpt>
      <trkpt lat="32.01558" lon="118.770584">
        <ele>34.2</ele>
        <time>2026-05-29T23:23:41Z</time>
        <extensions><gpxtpx:TrackPointExtension>
          <gpxtpx:hr>180</gpxtpx:hr>
        </gpxtpx:TrackPointExtension></extensions>
      </trkpt>
      <trkpt lat="32.015567" lon="118.770545">
        <ele>34.2</ele>
        <time>2026-05-29T23:23:42Z</time>
        <extensions><gpxtpx:TrackPointExtension>
          <gpxtpx:hr>179</gpxtpx:hr>
        </gpxtpx:TrackPointExtension></extensions>
      </trkpt>
      <trkpt lat="32.015566" lon="118.770515">
        <ele>34.2</ele>
        <time>2026-05-29T23:23:43Z</time>
        <extensions><gpxtpx:TrackPointExtension>
          <gpxtpx:hr>179</gpxtpx:hr>
        </gpxtpx:TrackPointExtension></extensions>
      </trkpt>
      <trkpt lat="32.015554" lon="118.770474">
        <ele>34.4</ele>
        <time>2026-05-29T23:23:44Z</time>
        <extensions><gpxtpx:TrackPointExtension>
          <gpxtpx:hr>178</gpxtpx:hr>
        </gpxtpx:TrackPointExtension></extensions>
      </trkpt>
      <trkpt lat="32.01555" lon="118.770441">
        <ele>34.4</ele>
        <time>2026-05-29T23:23:45Z</time>
        <extensions><gpxtpx:TrackPointExtension>
          <gpxtpx:hr>178</gpxtpx:hr>
        </gpxtpx:TrackPointExtension></extensions>
      </trkpt>
      <trkpt lat="32.015544" lon="118.770397">
        <ele>34.4</ele>
        <time>2026-05-29T23:23:46Z</time>
        <extensions><gpxtpx:TrackPointExtension>
          <gpxtpx:hr>179</gpxtpx:hr>
        </gpxtpx:TrackPointExtension></extensions>
      </trkpt>
      <trkpt lat="32.015542" lon="118.770362">
        <ele>34.4</ele>
        <time>2026-05-29T23:23:47Z</time>
        <extensions><gpxtpx:TrackPointExtension>
          <gpxtpx:hr>178</gpxtpx:hr>
        </gpxtpx:TrackPointExtension></extensions>
      </trkpt>
      <trkpt lat="32.01553" lon="118.770319">
        <ele>34.4</ele>
        <time>2026-05-29T23:23:48Z</time>
        <extensions><gpxtpx:TrackPointExtension>
          <gpxtpx:hr>179</gpxtpx:hr>
        </gpxtpx:TrackPointExtension></extensions>
      </trkpt>
      <trkpt lat="32.015526" lon="118.770286">
        <ele>34.4</ele>
        <time>2026-05-29T23:23:49Z</time>
        <extensions><gpxtpx:TrackPointExtension>
          <gpxtpx:hr>179</gpxtpx:hr>
        </gpxtpx:TrackPointExtension></extensions>
      </trkpt>
      <trkpt lat="32.015516" lon="118.770241">
        <ele>34.4</ele>
        <time>2026-05-29T23:23:50Z</time>
        <extensions><gpxtpx:TrackPointExtension>
          <gpxtpx:hr>178</gpxtpx:hr>
        </gpxtpx:TrackPointExtension></extensions>
      </trkpt>
      <trkpt lat="32.015512" lon="118.770213">
        <ele>34.6</ele>
        <time>2026-05-29T23:23:51Z</time>
        <extensions><gpxtpx:TrackPointExtension>
          <gpxtpx:hr>178</gpxtpx:hr>
        </gpxtpx:TrackPointExtension></extensions>
      </trkpt>
      <trkpt lat="32.015503" lon="118.770172">
        <ele>34.6</ele>
        <time>2026-05-29T23:23:52Z</time>
        <extensions><gpxtpx:TrackPointExtension>
          <gpxtpx:hr>178</gpxtpx:hr>
        </gpxtpx:TrackPointExtension></extensions>
      </trkpt>
      <trkpt lat="32.015501" lon="118.770139">
        <ele>34.6</ele>
        <time>2026-05-29T23:23:53Z</time>
        <extensions><gpxtpx:TrackPointExtension>
          <gpxtpx:hr>179</gpxtpx:hr>
        </gpxtpx:TrackPointExtension></extensions>
      </trkpt>
      <trkpt lat="32.015488" lon="118.770097">
        <ele>34.6</ele>
        <time>2026-05-29T23:23:54Z</time>
        <extensions><gpxtpx:TrackPointExtension>
          <gpxtpx:hr>177</gpxtpx:hr>
        </gpxtpx:TrackPointExtension></extensions>
      </trkpt>
      <trkpt lat="32.015487" lon="118.770066">
        <ele>34.4</ele>
        <time>2026-05-29T23:23:55Z</time>
        <extensions><gpxtpx:TrackPointExtension>
          <gpxtpx:hr>178</gpxtpx:hr>
        </gpxtpx:TrackPointExtension></extensions>
      </trkpt>
      <trkpt lat="32.015477" lon="118.770025">
        <ele>34.4</ele>
        <time>2026-05-29T23:23:56Z</time>
        <extensions><gpxtpx:TrackPointExtension>
          <gpxtpx:hr>179</gpxtpx:hr>
        </gpxtpx:TrackPointExtension></extensions>
      </trkpt>
      <trkpt lat="32.015477" lon="118.769994">
        <ele>34.4</ele>
        <time>2026-05-29T23:23:57Z</time>
        <extensions><gpxtpx:TrackPointExtension>
          <gpxtpx:hr>179</gpxtpx:hr>
        </gpxtpx:TrackPointExtension></extensions>
      </trkpt>
      <trkpt lat="32.01547" lon="118.769948">
        <ele>34.4</ele>
        <time>2026-05-29T23:23:58Z</time>
        <extensions><gpxtpx:TrackPointExtension>
          <gpxtpx:hr>179</gpxtpx:hr>
        </gpxtpx:TrackPointExtension></extensions>
      </trkpt>
      <trkpt lat="32.015469" lon="118.769917">
        <ele>34.4</ele>
        <time>2026-05-29T23:23:59Z</time>
        <extensions><gpxtpx:TrackPointExtension>
          <gpxtpx:hr>180</gpxtpx:hr>
        </gpxtpx:TrackPointExtension></extensions>
      </trkpt>
      <trkpt lat="32.015461" lon="118.769873">
        <ele>34.4</ele>
        <time>2026-05-29T23:24:00Z</time>
        <extensions><gpxtpx:TrackPointExtension>
          <gpxtpx:hr>180</gpxtpx:hr>
        </gpxtpx:TrackPointExtension></extensions>
      </trkpt>
      <trkpt lat="32.015461" lon="118.769847">
        <ele>34.4</ele>
        <time>2026-05-29T23:24:01Z</time>
        <extensions><gpxtpx:TrackPointExtension>
          <gpxtpx:hr>180</gpxtpx:hr>
        </gpxtpx:TrackPointExtension></extensions>
      </trkpt>
      <trkpt lat="32.015452" lon="118.769806">
        <ele>34.4</ele>
        <time>2026-05-29T23:24:02Z</time>
        <extensions><gpxtpx:TrackPointExtension>
          <gpxtpx:hr>180</gpxtpx:hr>
        </gpxtpx:TrackPointExtension></extensions>
      </trkpt>
      <trkpt lat="32.01545" lon="118.769777">
        <ele>34.4</ele>
        <time>2026-05-29T23:24:03Z</time>
        <extensions><gpxtpx:TrackPointExtension>
          <gpxtpx:hr>180</gpxtpx:hr>
        </gpxtpx:TrackPointExtension></extensions>
      </trkpt>
      <trkpt lat="32.015443" lon="118.769736">
        <ele>34.4</ele>
        <time>2026-05-29T23:24:04Z</time>
        <extensions><gpxtpx:TrackPointExtension>
          <gpxtpx:hr>180</gpxtpx:hr>
        </gpxtpx:TrackPointExtension></extensions>
      </trkpt>
      <trkpt lat="32.015444" lon="118.769706">
        <ele>34.4</ele>
        <time>2026-05-29T23:24:05Z</time>
        <extensions><gpxtpx:TrackPointExtension>
          <gpxtpx:hr>179</gpxtpx:hr>
        </gpxtpx:TrackPointExtension></extensions>
      </trkpt>
      <trkpt lat="32.015435" lon="118.769665">
        <ele>34.4</ele>
        <time>2026-05-29T23:24:06Z</time>
        <extensions><gpxtpx:TrackPointExtension>
          <gpxtpx:hr>179</gpxtpx:hr>
        </gpxtpx:TrackPointExtension></extensions>
      </trkpt>
      <trkpt lat="32.015435" lon="118.769635">
        <ele>34.2</ele>
        <time>2026-05-29T23:24:07Z</time>
        <extensions><gpxtpx:TrackPointExtension>
          <gpxtpx:hr>179</gpxtpx:hr>
        </gpxtpx:TrackPointExtension></extensions>
      </trkpt>
      <trkpt lat="32.01543" lon="118.769593">
        <ele>34.2</ele>
        <time>2026-05-29T23:24:08Z</time>
        <extensions><gpxtpx:TrackPointExtension>
          <gpxtpx:hr>179</gpxtpx:hr>
        </gpxtpx:TrackPointExtension></extensions>
      </trkpt>
      <trkpt lat="32.015428" lon="118.769565">
        <ele>34.2</ele>
        <time>2026-05-29T23:24:09Z</time>
        <extensions><gpxtpx:TrackPointExtension>
          <gpxtpx:hr>179</gpxtpx:hr>
        </gpxtpx:TrackPointExtension></extensions>
      </trkpt>
      <trkpt lat="32.015422" lon="118.769522">
        <ele>34.2</ele>
        <time>2026-05-29T23:24:10Z</time>
        <extensions><gpxtpx:TrackPointExtension>
          <gpxtpx:hr>178</gpxtpx:hr>
        </gpxtpx:TrackPointExtension></extensions>
      </trkpt>
      <trkpt lat="32.015422" lon="118.769492">
        <ele>34.2</ele>
        <time>2026-05-29T23:24:11Z</time>
        <extensions><gpxtpx:TrackPointExtension>
          <gpxtpx:hr>177</gpxtpx:hr>
        </gpxtpx:TrackPointExtension></extensions>
      </trkpt>
      <trkpt lat="32.015414" lon="118.76945">
        <ele>34.2</ele>
        <time>2026-05-29T23:24:12Z</time>
        <extensions><gpxtpx:TrackPointExtension>
          <gpxtpx:hr>178</gpxtpx:hr>
        </gpxtpx:TrackPointExtension></extensions>
      </trkpt>
      <trkpt lat="32.015415" lon="118.76942">
        <ele>34.2</ele>
        <time>2026-05-29T23:24:13Z</time>
        <extensions><gpxtpx:TrackPointExtension>
          <gpxtpx:hr>179</gpxtpx:hr>
        </gpxtpx:TrackPointExtension></extensions>
      </trkpt>
      <trkpt lat="32.015405" lon="118.76938">
        <ele>34.2</ele>
        <time>2026-05-29T23:24:14Z</time>
        <extensions><gpxtpx:TrackPointExtension>
          <gpxtpx:hr>177</gpxtpx:hr>
        </gpxtpx:TrackPointExtension></extensions>
      </trkpt>
      <trkpt lat="32.015405" lon="118.769346">
        <ele>34.2</ele>
        <time>2026-05-29T23:24:15Z</time>
        <extensions><gpxtpx:TrackPointExtension>
          <gpxtpx:hr>177</gpxtpx:hr>
        </gpxtpx:TrackPointExtension></extensions>
      </trkpt>
      <trkpt lat="32.015397" lon="118.769304">
        <ele>34.2</ele>
        <time>2026-05-29T23:24:16Z</time>
        <extensions><gpxtpx:TrackPointExtension>
          <gpxtpx:hr>176</gpxtpx:hr>
        </gpxtpx:TrackPointExtension></extensions>
      </trkpt>
      <trkpt lat="32.015398" lon="118.769275">
        <ele>34.2</ele>
        <time>2026-05-29T23:24:17Z</time>
        <extensions><gpxtpx:TrackPointExtension>
          <gpxtpx:hr>176</gpxtpx:hr>
        </gpxtpx:TrackPointExtension></extensions>
      </trkpt>
      <trkpt lat="32.015389" lon="118.769231">
        <ele>34.2</ele>
        <time>2026-05-29T23:24:18Z</time>
        <extensions><gpxtpx:TrackPointExtension>
          <gpxtpx:hr>177</gpxtpx:hr>
        </gpxtpx:TrackPointExtension></extensions>
      </trkpt>
      <trkpt lat="32.015389" lon="118.769197">
        <ele>34.0</ele>
        <time>2026-05-29T23:24:19Z</time>
        <extensions><gpxtpx:TrackPointExtension>
          <gpxtpx:hr>175</gpxtpx:hr>
        </gpxtpx:TrackPointExtension></extensions>
      </trkpt>
      <trkpt lat="32.015382" lon="118.769154">
        <ele>34.0</ele>
        <time>2026-05-29T23:24:20Z</time>
        <extensions><gpxtpx:TrackPointExtension>
          <gpxtpx:hr>177</gpxtpx:hr>
        </gpxtpx:TrackPointExtension></extensions>
      </trkpt>
      <trkpt lat="32.015379" lon="118.769121">
        <ele>34.0</ele>
        <time>2026-05-29T23:24:21Z</time>
        <extensions><gpxtpx:TrackPointExtension>
          <gpxtpx:hr>177</gpxtpx:hr>
        </gpxtpx:TrackPointExtension></extensions>
      </trkpt>
      <trkpt lat="32.015369" lon="118.769081">
        <ele>34.0</ele>
        <time>2026-05-29T23:24:22Z</time>
        <extensions><gpxtpx:TrackPointExtension>
          <gpxtpx:hr>176</gpxtpx:hr>
        </gpxtpx:TrackPointExtension></extensions>
      </trkpt>
      <trkpt lat="32.015368" lon="118.76905">
        <ele>34.0</ele>
        <time>2026-05-29T23:24:23Z</time>
        <extensions><gpxtpx:TrackPointExtension>
          <gpxtpx:hr>177</gpxtpx:hr>
        </gpxtpx:TrackPointExtension></extensions>
      </trkpt>
      <trkpt lat="32.01536" lon="118.769011">
        <ele>33.8</ele>
        <time>2026-05-29T23:24:24Z</time>
        <extensions><gpxtpx:TrackPointExtension>
          <gpxtpx:hr>176</gpxtpx:hr>
        </gpxtpx:TrackPointExtension></extensions>
      </trkpt>
      <trkpt lat="32.015358" lon="118.768978">
        <ele>33.8</ele>
        <time>2026-05-29T23:24:25Z</time>
        <extensions><gpxtpx:TrackPointExtension>
          <gpxtpx:hr>174</gpxtpx:hr>
        </gpxtpx:TrackPointExtension></extensions>
      </trkpt>
      <trkpt lat="32.015349" lon="118.768936">
        <ele>33.8</ele>
        <time>2026-05-29T23:24:26Z</time>
        <extensions><gpxtpx:TrackPointExtension>
          <gpxtpx:hr>175</gpxtpx:hr>
        </gpxtpx:TrackPointExtension></extensions>
      </trkpt>
      <trkpt lat="32.015344" lon="118.7689">
        <ele>33.8</ele>
        <time>2026-05-29T23:24:27Z</time>
        <extensions><gpxtpx:TrackPointExtension>
          <gpxtpx:hr>175</gpxtpx:hr>
        </gpxtpx:TrackPointExtension></extensions>
      </trkpt>
      <trkpt lat="32.015333" lon="118.768858">
        <ele>33.8</ele>
        <time>2026-05-29T23:24:28Z</time>
        <extensions><gpxtpx:TrackPointExtension>
          <gpxtpx:hr>175</gpxtpx:hr>
        </gpxtpx:TrackPointExtension></extensions>
      </trkpt>
      <trkpt lat="32.015331" lon="118.768825">
        <ele>33.8</ele>
        <time>2026-05-29T23:24:29Z</time>
        <extensions><gpxtpx:TrackPointExtension>
          <gpxtpx:hr>175</gpxtpx:hr>
        </gpxtpx:TrackPointExtension></extensions>
      </trkpt>
      <trkpt lat="32.015326" lon="118.768783">
        <ele>33.8</ele>
        <time>2026-05-29T23:24:30Z</time>
        <extensions><gpxtpx:TrackPointExtension>
          <gpxtpx:hr>175</gpxtpx:hr>
        </gpxtpx:TrackPointExtension></extensions>
      </trkpt>
      <trkpt lat="32.015328" lon="118.768752">
        <ele>33.8</ele>
        <time>2026-05-29T23:24:31Z</time>
        <extensions><gpxtpx:TrackPointExtension>
          <gpxtpx:hr>174</gpxtpx:hr>
        </gpxtpx:TrackPointExtension></extensions>
      </trkpt>
      <trkpt lat="32.015325" lon="118.768707">
        <ele>33.8</ele>
        <time>2026-05-29T23:24:32Z</time>
        <extensions><gpxtpx:TrackPointExtension>
          <gpxtpx:hr>175</gpxtpx:hr>
        </gpxtpx:TrackPointExtension></extensions>
      </trkpt>
      <trkpt lat="32.015326" lon="118.768674">
        <ele>33.8</ele>
        <time>2026-05-29T23:24:33Z</time>
        <extensions><gpxtpx:TrackPointExtension>
          <gpxtpx:hr>176</gpxtpx:hr>
        </gpxtpx:TrackPointExtension></extensions>
      </trkpt>
      <trkpt lat="32.015317" lon="118.768632">
        <ele>33.8</ele>
        <time>2026-05-29T23:24:34Z</time>
        <extensions><gpxtpx:TrackPointExtension>
          <gpxtpx:hr>176</gpxtpx:hr>
        </gpxtpx:TrackPointExtension></extensions>
      </trkpt>
      <trkpt lat="32.015315" lon="118.768604">
        <ele>33.8</ele>
        <time>2026-05-29T23:24:35Z</time>
        <extensions><gpxtpx:TrackPointExtension>
          <gpxtpx:hr>176</gpxtpx:hr>
        </gpxtpx:TrackPointExtension></extensions>
      </trkpt>
      <trkpt lat="32.015311" lon="118.76856">
        <ele>33.8</ele>
        <time>2026-05-29T23:24:36Z</time>
        <extensions><gpxtpx:TrackPointExtension>
          <gpxtpx:hr>174</gpxtpx:hr>
        </gpxtpx:TrackPointExtension></extensions>
      </trkpt>
      <trkpt lat="32.015308" lon="118.768529">
        <ele>33.8</ele>
        <time>2026-05-29T23:24:37Z</time>
        <extensions><gpxtpx:TrackPointExtension>
          <gpxtpx:hr>174</gpxtpx:hr>
        </gpxtpx:TrackPointExtension></extensions>
      </trkpt>
      <trkpt lat="32.015303" lon="118.768491">
        <ele>33.8</ele>
        <time>2026-05-29T23:24:38Z</time>
        <extensions><gpxtpx:TrackPointExtension>
          <gpxtpx:hr>175</gpxtpx:hr>
        </gpxtpx:TrackPointExtension></extensions>
      </trkpt>
      <trkpt lat="32.015308" lon="118.768459">
        <ele>34.0</ele>
        <time>2026-05-29T23:24:39Z</time>
        <extensions><gpxtpx:TrackPointExtension>
          <gpxtpx:hr>173</gpxtpx:hr>
        </gpxtpx:TrackPointExtension></extensions>
      </trkpt>
      <trkpt lat="32.015307" lon="118.768416">
        <ele>34.0</ele>
        <time>2026-05-29T23:24:40Z</time>
        <extensions><gpxtpx:TrackPointExtension>
          <gpxtpx:hr>174</gpxtpx:hr>
        </gpxtpx:TrackPointExtension></extensions>
      </trkpt>
      <trkpt lat="32.015309" lon="118.768385">
        <ele>34.0</ele>
        <time>2026-05-29T23:24:41Z</time>
        <extensions><gpxtpx:TrackPointExtension>
          <gpxtpx:hr>174</gpxtpx:hr>
        </gpxtpx:TrackPointExtension></extensions>
      </trkpt>
      <trkpt lat="32.015307" lon="118.768339">
        <ele>34.0</ele>
        <time>2026-05-29T23:24:42Z</time>
        <extensions><gpxtpx:TrackPointExtension>
          <gpxtpx:hr>174</gpxtpx:hr>
        </gpxtpx:TrackPointExtension></extensions>
      </trkpt>
      <trkpt lat="32.015309" lon="118.768308">
        <ele>34.0</ele>
        <time>2026-05-29T23:24:43Z</time>
        <extensions><gpxtpx:TrackPointExtension>
          <gpxtpx:hr>173</gpxtpx:hr>
        </gpxtpx:TrackPointExtension></extensions>
      </trkpt>
      <trkpt lat="32.015308" lon="118.768264">
        <ele>34.0</ele>
        <time>2026-05-29T23:24:44Z</time>
        <extensions><gpxtpx:TrackPointExtension>
          <gpxtpx:hr>175</gpxtpx:hr>
        </gpxtpx:TrackPointExtension></extensions>
      </trkpt>
      <trkpt lat="32.015309" lon="118.768234">
        <ele>33.8</ele>
        <time>2026-05-29T23:24:45Z</time>
        <extensions><gpxtpx:TrackPointExtension>
          <gpxtpx:hr>175</gpxtpx:hr>
        </gpxtpx:TrackPointExtension></extensions>
      </trkpt>
      <trkpt lat="32.015303" lon="118.768191">
        <ele>33.8</ele>
        <time>2026-05-29T23:24:46Z</time>
        <extensions><gpxtpx:TrackPointExtension>
          <gpxtpx:hr>175</gpxtpx:hr>
        </gpxtpx:TrackPointExtension></extensions>
      </trkpt>
      <trkpt lat="32.015307" lon="118.76816">
        <ele>34.0</ele>
        <time>2026-05-29T23:24:47Z</time>
        <extensions><gpxtpx:TrackPointExtension>
          <gpxtpx:hr>175</gpxtpx:hr>
        </gpxtpx:TrackPointExtension></extensions>
      </trkpt>
      <trkpt lat="32.015302" lon="118.768115">
        <ele>34.0</ele>
        <time>2026-05-29T23:24:48Z</time>
        <extensions><gpxtpx:TrackPointExtension>
          <gpxtpx:hr>176</gpxtpx:hr>
        </gpxtpx:TrackPointExtension></extensions>
      </trkpt>
      <trkpt lat="32.015304" lon="118.768088">
        <ele>34.0</ele>
        <time>2026-05-29T23:24:49Z</time>
        <extensions><gpxtpx:TrackPointExtension>
          <gpxtpx:hr>173</gpxtpx:hr>
        </gpxtpx:TrackPointExtension></extensions>
      </trkpt>
      <trkpt lat="32.015301" lon="118.768045">
        <ele>34.0</ele>
        <time>2026-05-29T23:24:50Z</time>
        <extensions><gpxtpx:TrackPointExtension>
          <gpxtpx:hr>174</gpxtpx:hr>
        </gpxtpx:TrackPointExtension></extensions>
      </trkpt>
      <trkpt lat="32.015301" lon="118.768013">
        <ele>34.0</ele>
        <time>2026-05-29T23:24:51Z</time>
        <extensions><gpxtpx:TrackPointExtension>
          <gpxtpx:hr>175</gpxtpx:hr>
        </gpxtpx:TrackPointExtension></extensions>
      </trkpt>
      <trkpt lat="32.015301" lon="118.767973">
        <ele>34.0</ele>
        <time>2026-05-29T23:24:52Z</time>
        <extensions><gpxtpx:TrackPointExtension>
          <gpxtpx:hr>174</gpxtpx:hr>
        </gpxtpx:TrackPointExtension></extensions>
      </trkpt>
      <trkpt lat="32.015303" lon="118.767943">
        <ele>34.0</ele>
        <time>2026-05-29T23:24:53Z</time>
        <extensions><gpxtpx:TrackPointExtension>
          <gpxtpx:hr>174</gpxtpx:hr>
        </gpxtpx:TrackPointExtension></extensions>
      </trkpt>
      <trkpt lat="32.015299" lon="118.7679">
        <ele>33.8</ele>
        <time>2026-05-29T23:24:54Z</time>
        <extensions><gpxtpx:TrackPointExtension>
          <gpxtpx:hr>174</gpxtpx:hr>
        </gpxtpx:TrackPointExtension></extensions>
      </trkpt>
      <trkpt lat="32.015303" lon="118.767867">
        <ele>33.8</ele>
        <time>2026-05-29T23:24:55Z</time>
        <extensions><gpxtpx:TrackPointExtension>
          <gpxtpx:hr>175</gpxtpx:hr>
        </gpxtpx:TrackPointExtension></extensions>
      </trkpt>
      <trkpt lat="32.015301" lon="118.767827">
        <ele>34.0</ele>
        <time>2026-05-29T23:24:56Z</time>
        <extensions><gpxtpx:TrackPointExtension>
          <gpxtpx:hr>175</gpxtpx:hr>
        </gpxtpx:TrackPointExtension></extensions>
      </trkpt>
      <trkpt lat="32.015305" lon="118.767797">
        <ele>33.8</ele>
        <time>2026-05-29T23:24:57Z</time>
        <extensions><gpxtpx:TrackPointExtension>
          <gpxtpx:hr>175</gpxtpx:hr>
        </gpxtpx:TrackPointExtension></extensions>
      </trkpt>
      <trkpt lat="32.015304" lon="118.767753">
        <ele>33.8</ele>
        <time>2026-05-29T23:24:58Z</time>
        <extensions><gpxtpx:TrackPointExtension>
          <gpxtpx:hr>174</gpxtpx:hr>
        </gpxtpx:TrackPointExtension></extensions>
      </trkpt>
      <trkpt lat="32.015312" lon="118.767723">
        <ele>33.8</ele>
        <time>2026-05-29T23:24:59Z</time>
        <extensions><gpxtpx:TrackPointExtension>
          <gpxtpx:hr>175</gpxtpx:hr>
        </gpxtpx:TrackPointExtension></extensions>
      </trkpt>
      <trkpt lat="32.015311" lon="118.767679">
        <ele>33.8</ele>
        <time>2026-05-29T23:25:00Z</time>
        <extensions><gpxtpx:TrackPointExtension>
          <gpxtpx:hr>175</gpxtpx:hr>
        </gpxtpx:TrackPointExtension></extensions>
      </trkpt>
      <trkpt lat="32.015316" lon="118.767645">
        <ele>33.8</ele>
        <time>2026-05-29T23:25:01Z</time>
        <extensions><gpxtpx:TrackPointExtension>
          <gpxtpx:hr>174</gpxtpx:hr>
        </gpxtpx:TrackPointExtension></extensions>
      </trkpt>
      <trkpt lat="32.01532" lon="118.7676">
        <ele>33.8</ele>
        <time>2026-05-29T23:25:02Z</time>
        <extensions><gpxtpx:TrackPointExtension>
          <gpxtpx:hr>174</gpxtpx:hr>
        </gpxtpx:TrackPointExtension></extensions>
      </trkpt>
      <trkpt lat="32.015324" lon="118.767569">
        <ele>33.8</ele>
        <time>2026-05-29T23:25:03Z</time>
        <extensions><gpxtpx:TrackPointExtension>
          <gpxtpx:hr>174</gpxtpx:hr>
        </gpxtpx:TrackPointExtension></extensions>
      </trkpt>
      <trkpt lat="32.015325" lon="118.767526">
        <ele>33.6</ele>
        <time>2026-05-29T23:25:04Z</time>
        <extensions><gpxtpx:TrackPointExtension>
          <gpxtpx:hr>175</gpxtpx:hr>
        </gpxtpx:TrackPointExtension></extensions>
      </trkpt>
      <trkpt lat="32.015332" lon="118.767495">
        <ele>33.6</ele>
        <time>2026-05-29T23:25:05Z</time>
        <extensions><gpxtpx:TrackPointExtension>
          <gpxtpx:hr>175</gpxtpx:hr>
        </gpxtpx:TrackPointExtension></extensions>
      </trkpt>
      <trkpt lat="32.015338" lon="118.767453">
        <ele>33.6</ele>
        <time>2026-05-29T23:25:06Z</time>
        <extensions><gpxtpx:TrackPointExtension>
          <gpxtpx:hr>175</gpxtpx:hr>
        </gpxtpx:TrackPointExtension></extensions>
      </trkpt>
      <trkpt lat="32.015346" lon="118.767424">
        <ele>33.8</ele>
        <time>2026-05-29T23:25:07Z</time>
        <extensions><gpxtpx:TrackPointExtension>
          <gpxtpx:hr>175</gpxtpx:hr>
        </gpxtpx:TrackPointExtension></extensions>
      </trkpt>
      <trkpt lat="32.015347" lon="118.76738">
        <ele>33.8</ele>
        <time>2026-05-29T23:25:08Z</time>
        <extensions><gpxtpx:TrackPointExtension>
          <gpxtpx:hr>176</gpxtpx:hr>
        </gpxtpx:TrackPointExtension></extensions>
      </trkpt>
      <trkpt lat="32.015355" lon="118.767352">
        <ele>34.0</ele>
        <time>2026-05-29T23:25:09Z</time>
        <extensions><gpxtpx:TrackPointExtension>
          <gpxtpx:hr>176</gpxtpx:hr>
        </gpxtpx:TrackPointExtension></extensions>
      </trkpt>
      <trkpt lat="32.015359" lon="118.767308">
        <ele>34.0</ele>
        <time>2026-05-29T23:25:10Z</time>
        <extensions><gpxtpx:TrackPointExtension>
          <gpxtpx:hr>176</gpxtpx:hr>
        </gpxtpx:TrackPointExtension></extensions>
      </trkpt>
      <trkpt lat="32.015365" lon="118.767277">
        <ele>34.0</ele>
        <time>2026-05-29T23:25:11Z</time>
        <extensions><gpxtpx:TrackPointExtension>
          <gpxtpx:hr>176</gpxtpx:hr>
        </gpxtpx:TrackPointExtension></extensions>
      </trkpt>
      <trkpt lat="32.01537" lon="118.767237">
        <ele>34.0</ele>
        <time>2026-05-29T23:25:12Z</time>
        <extensions><gpxtpx:TrackPointExtension>
          <gpxtpx:hr>176</gpxtpx:hr>
        </gpxtpx:TrackPointExtension></extensions>
      </trkpt>
      <trkpt lat="32.015374" lon="118.767206">
        <ele>34.0</ele>
        <time>2026-05-29T23:25:13Z</time>
        <extensions><gpxtpx:TrackPointExtension>
          <gpxtpx:hr>175</gpxtpx:hr>
        </gpxtpx:TrackPointExtension></extensions>
      </trkpt>
      <trkpt lat="32.015374" lon="118.767164">
        <ele>34.0</ele>
        <time>2026-05-29T23:25:14Z</time>
        <extensions><gpxtpx:TrackPointExtension>
          <gpxtpx:hr>175</gpxtpx:hr>
        </gpxtpx:TrackPointExtension></extensions>
      </trkpt>
      <trkpt lat="32.015379" lon="118.767133">
        <ele>34.0</ele>
        <time>2026-05-29T23:25:15Z</time>
        <extensions><gpxtpx:TrackPointExtension>
          <gpxtpx:hr>174</gpxtpx:hr>
        </gpxtpx:TrackPointExtension></extensions>
      </trkpt>
      <trkpt lat="32.015383" lon="118.767091">
        <ele>34.0</ele>
        <time>2026-05-29T23:25:16Z</time>
        <extensions><gpxtpx:TrackPointExtension>
          <gpxtpx:hr>175</gpxtpx:hr>
        </gpxtpx:TrackPointExtension></extensions>
      </trkpt>
      <trkpt lat="32.015389" lon="118.767062">
        <ele>34.0</ele>
        <time>2026-05-29T23:25:17Z</time>
        <extensions><gpxtpx:TrackPointExtension>
          <gpxtpx:hr>174</gpxtpx:hr>
        </gpxtpx:TrackPointExtension></extensions>
      </trkpt>
      <trkpt lat="32.015395" lon="118.767021">
        <ele>34.0</ele>
        <time>2026-05-29T23:25:18Z</time>
        <extensions><gpxtpx:TrackPointExtension>
          <gpxtpx:hr>175</gpxtpx:hr>
        </gpxtpx:TrackPointExtension></extensions>
      </trkpt>
      <trkpt lat="32.015404" lon="118.766995">
        <ele>34.0</ele>
        <time>2026-05-29T23:25:19Z</time>
        <extensions><gpxtpx:TrackPointExtension>
          <gpxtpx:hr>174</gpxtpx:hr>
        </gpxtpx:TrackPointExtension></extensions>
      </trkpt>
      <trkpt lat="32.015408" lon="118.766952">
        <ele>34.0</ele>
        <time>2026-05-29T23:25:20Z</time>
        <extensions><gpxtpx:TrackPointExtension>
          <gpxtpx:hr>176</gpxtpx:hr>
        </gpxtpx:TrackPointExtension></extensions>
      </trkpt>
      <trkpt lat="32.015421" lon="118.766923">
        <ele>34.2</ele>
        <time>2026-05-29T23:25:21Z</time>
        <extensions><gpxtpx:TrackPointExtension>
          <gpxtpx:hr>174</gpxtpx:hr>
        </gpxtpx:TrackPointExtension></extensions>
      </trkpt>
      <trkpt lat="32.015427" lon="118.766881">
        <ele>34.2</ele>
        <time>2026-05-29T23:25:22Z</time>
        <extensions><gpxtpx:TrackPointExtension>
          <gpxtpx:hr>174</gpxtpx:hr>
        </gpxtpx:TrackPointExtension></extensions>
      </trkpt>
      <trkpt lat="32.015437" lon="118.766854">
        <ele>34.2</ele>
        <time>2026-05-29T23:25:23Z</time>
        <extensions><gpxtpx:TrackPointExtension>
          <gpxtpx:hr>173</gpxtpx:hr>
        </gpxtpx:TrackPointExtension></extensions>
      </trkpt>
      <trkpt lat="32.015441" lon="118.766811">
        <ele>34.2</ele>
        <time>2026-05-29T23:25:24Z</time>
        <extensions><gpxtpx:TrackPointExtension>
          <gpxtpx:hr>173</gpxtpx:hr>
        </gpxtpx:TrackPointExtension></extensions>
      </trkpt>
      <trkpt lat="32.01545" lon="118.766783">
        <ele>34.4</ele>
        <time>2026-05-29T23:25:25Z</time>
        <extensions><gpxtpx:TrackPointExtension>
          <gpxtpx:hr>173</gpxtpx:hr>
        </gpxtpx:TrackPointExtension></extensions>
      </trkpt>
      <trkpt lat="32.015458" lon="118.766742">
        <ele>34.4</ele>
        <time>2026-05-29T23:25:26Z</time>
        <extensions><gpxtpx:TrackPointExtension>
          <gpxtpx:hr>173</gpxtpx:hr>
        </gpxtpx:TrackPointExtension></extensions>
      </trkpt>
      <trkpt lat="32.015468" lon="118.766712">
        <ele>34.4</ele>
        <time>2026-05-29T23:25:27Z</time>
        <extensions><gpxtpx:TrackPointExtension>
          <gpxtpx:hr>172</gpxtpx:hr>
        </gpxtpx:TrackPointExtension></extensions>
      </trkpt>
      <trkpt lat="32.015473" lon="118.766668">
        <ele>34.4</ele>
        <time>2026-05-29T23:25:28Z</time>
        <extensions><gpxtpx:TrackPointExtension>
          <gpxtpx:hr>173</gpxtpx:hr>
        </gpxtpx:TrackPointExtension></extensions>
      </trkpt>
      <trkpt lat="32.015486" lon="118.766639">
        <ele>34.4</ele>
        <time>2026-05-29T23:25:29Z</time>
        <extensions><gpxtpx:TrackPointExtension>
          <gpxtpx:hr>173</gpxtpx:hr>
        </gpxtpx:TrackPointExtension></extensions>
      </trkpt>
      <trkpt lat="32.015499" lon="118.766595">
        <ele>34.4</ele>
        <time>2026-05-29T23:25:30Z</time>
        <extensions><gpxtpx:TrackPointExtension>
          <gpxtpx:hr>174</gpxtpx:hr>
        </gpxtpx:TrackPointExtension></extensions>
      </trkpt>
      <trkpt lat="32.015507" lon="118.766568">
        <ele>34.4</ele>
        <time>2026-05-29T23:25:31Z</time>
        <extensions><gpxtpx:TrackPointExtension>
          <gpxtpx:hr>172</gpxtpx:hr>
        </gpxtpx:TrackPointExtension></extensions>
      </trkpt>
      <trkpt lat="32.015512" lon="118.766527">
        <ele>34.4</ele>
        <time>2026-05-29T23:25:32Z</time>
        <extensions><gpxtpx:TrackPointExtension>
          <gpxtpx:hr>172</gpxtpx:hr>
        </gpxtpx:TrackPointExtension></extensions>
      </trkpt>
      <trkpt lat="32.015524" lon="118.766502">
        <ele>34.2</ele>
        <time>2026-05-29T23:25:33Z</time>
        <extensions><gpxtpx:TrackPointExtension>
          <gpxtpx:hr>173</gpxtpx:hr>
        </gpxtpx:TrackPointExtension></extensions>
      </trkpt>
      <trkpt lat="32.015533" lon="118.766459">
        <ele>34.2</ele>
        <time>2026-05-29T23:25:34Z</time>
        <extensions><gpxtpx:TrackPointExtension>
          <gpxtpx:hr>172</gpxtpx:hr>
        </gpxtpx:TrackPointExtension></extensions>
      </trkpt>
      <trkpt lat="32.015545" lon="118.76643">
        <ele>34.4</ele>
        <time>2026-05-29T23:25:35Z</time>
        <extensions><gpxtpx:TrackPointExtension>
          <gpxtpx:hr>172</gpxtpx:hr>
        </gpxtpx:TrackPointExtension></extensions>
      </trkpt>
      <trkpt lat="32.015554" lon="118.766388">
        <ele>34.2</ele>
        <time>2026-05-29T23:25:36Z</time>
        <extensions><gpxtpx:TrackPointExtension>
          <gpxtpx:hr>172</gpxtpx:hr>
        </gpxtpx:TrackPointExtension></extensions>
      </trkpt>
      <trkpt lat="32.015568" lon="118.766361">
        <ele>34.2</ele>
        <time>2026-05-29T23:25:37Z</time>
        <extensions><gpxtpx:TrackPointExtension>
          <gpxtpx:hr>173</gpxtpx:hr>
        </gpxtpx:TrackPointExtension></extensions>
      </trkpt>
      <trkpt lat="32.01558" lon="118.766314">
        <ele>34.2</ele>
        <time>2026-05-29T23:25:38Z</time>
        <extensions><gpxtpx:TrackPointExtension>
          <gpxtpx:hr>173</gpxtpx:hr>
        </gpxtpx:TrackPointExtension></extensions>
      </trkpt>
      <trkpt lat="32.01559" lon="118.766276">
        <ele>34.2</ele>
        <time>2026-05-29T23:25:39Z</time>
        <extensions><gpxtpx:TrackPointExtension>
          <gpxtpx:hr>173</gpxtpx:hr>
        </gpxtpx:TrackPointExtension></extensions>
      </trkpt>
      <trkpt lat="32.015599" lon="118.766238">
        <ele>34.2</ele>
        <time>2026-05-29T23:25:40Z</time>
        <extensions><gpxtpx:TrackPointExtension>
          <gpxtpx:hr>173</gpxtpx:hr>
        </gpxtpx:TrackPointExtension></extensions>
      </trkpt>
      <trkpt lat="32.015612" lon="118.766207">
        <ele>34.2</ele>
        <time>2026-05-29T23:25:41Z</time>
        <extensions><gpxtpx:TrackPointExtension>
          <gpxtpx:hr>173</gpxtpx:hr>
        </gpxtpx:TrackPointExtension></extensions>
      </trkpt>
      <trkpt lat="32.015624" lon="118.766166">
        <ele>34.2</ele>
        <time>2026-05-29T23:25:42Z</time>
        <extensions><gpxtpx:TrackPointExtension>
          <gpxtpx:hr>173</gpxtpx:hr>
        </gpxtpx:TrackPointExtension></extensions>
      </trkpt>
      <trkpt lat="32.015638" lon="118.766139">
        <ele>34.2</ele>
        <time>2026-05-29T23:25:43Z</time>
        <extensions><gpxtpx:TrackPointExtension>
          <gpxtpx:hr>173</gpxtpx:hr>
        </gpxtpx:TrackPointExtension></extensions>
      </trkpt>
      <trkpt lat="32.015643" lon="118.766101">
        <ele>34.2</ele>
        <time>2026-05-29T23:25:44Z</time>
        <extensions><gpxtpx:TrackPointExtension>
          <gpxtpx:hr>174</gpxtpx:hr>
        </gpxtpx:TrackPointExtension></extensions>
      </trkpt>
      <trkpt lat="32.015655" lon="118.766073">
        <ele>34.2</ele>
        <time>2026-05-29T23:25:45Z</time>
        <extensions><gpxtpx:TrackPointExtension>
          <gpxtpx:hr>176</gpxtpx:hr>
        </gpxtpx:TrackPointExtension></extensions>
      </trkpt>
      <trkpt lat="32.015658" lon="118.766031">
        <ele>34.2</ele>
        <time>2026-05-29T23:25:46Z</time>
        <extensions><gpxtpx:TrackPointExtension>
          <gpxtpx:hr>174</gpxtpx:hr>
        </gpxtpx:TrackPointExtension></extensions>
      </trkpt>
      <trkpt lat="32.015673" lon="118.766006">
        <ele>34.2</ele>
        <time>2026-05-29T23:25:47Z</time>
        <extensions><gpxtpx:TrackPointExtension>
          <gpxtpx:hr>174</gpxtpx:hr>
        </gpxtpx:TrackPointExtension></extensions>
      </trkpt>
      <trkpt lat="32.015684" lon="118.765964">
        <ele>34.2</ele>
        <time>2026-05-29T23:25:48Z</time>
        <extensions><gpxtpx:TrackPointExtension>
          <gpxtpx:hr>174</gpxtpx:hr>
        </gpxtpx:TrackPointExtension></extensions>
      </trkpt>
      <trkpt lat="32.015699" lon="118.765938">
        <ele>34.2</ele>
        <time>2026-05-29T23:25:49Z</time>
        <extensions><gpxtpx:TrackPointExtension>
          <gpxtpx:hr>175</gpxtpx:hr>
        </gpxtpx:TrackPointExtension></extensions>
      </trkpt>
      <trkpt lat="32.01571" lon="118.765899">
        <ele>34.0</ele>
        <time>2026-05-29T23:25:50Z</time>
        <extensions><gpxtpx:TrackPointExtension>
          <gpxtpx:hr>174</gpxtpx:hr>
        </gpxtpx:TrackPointExtension></extensions>
      </trkpt>
      <trkpt lat="32.015722" lon="118.765872">
        <ele>34.0</ele>
        <time>2026-05-29T23:25:51Z</time>
        <extensions><gpxtpx:TrackPointExtension>
          <gpxtpx:hr>174</gpxtpx:hr>
        </gpxtpx:TrackPointExtension></extensions>
      </trkpt>
      <trkpt lat="32.015734" lon="118.765828">
        <ele>34.0</ele>
        <time>2026-05-29T23:25:52Z</time>
        <extensions><gpxtpx:TrackPointExtension>
          <gpxtpx:hr>174</gpxtpx:hr>
        </gpxtpx:TrackPointExtension></extensions>
      </trkpt>
      <trkpt lat="32.015748" lon="118.765796">
        <ele>34.0</ele>
        <time>2026-05-29T23:25:53Z</time>
        <extensions><gpxtpx:TrackPointExtension>
          <gpxtpx:hr>174</gpxtpx:hr>
        </gpxtpx:TrackPointExtension></extensions>
      </trkpt>
      <trkpt lat="32.015764" lon="118.765747">
        <ele>34.0</ele>
        <time>2026-05-29T23:25:54Z</time>
        <extensions><gpxtpx:TrackPointExtension>
          <gpxtpx:hr>175</gpxtpx:hr>
        </gpxtpx:TrackPointExtension></extensions>
      </trkpt>
      <trkpt lat="32.015778" lon="118.765718">
        <ele>33.8</ele>
        <time>2026-05-29T23:25:55Z</time>
        <extensions><gpxtpx:TrackPointExtension>
          <gpxtpx:hr>175</gpxtpx:hr>
        </gpxtpx:TrackPointExtension></extensions>
      </trkpt>
      <trkpt lat="32.015789" lon="118.765675">
        <ele>33.8</ele>
        <time>2026-05-29T23:25:56Z</time>
        <extensions><gpxtpx:TrackPointExtension>
          <gpxtpx:hr>175</gpxtpx:hr>
        </gpxtpx:TrackPointExtension></extensions>
      </trkpt>
      <trkpt lat="32.015801" lon="118.765648">
        <ele>33.8</ele>
        <time>2026-05-29T23:25:57Z</time>
        <extensions><gpxtpx:TrackPointExtension>
          <gpxtpx:hr>175</gpxtpx:hr>
        </gpxtpx:TrackPointExtension></extensions>
      </trkpt>
      <trkpt lat="32.015813" lon="118.765603">
        <ele>33.8</ele>
        <time>2026-05-29T23:25:58Z</time>
        <extensions><gpxtpx:TrackPointExtension>
          <gpxtpx:hr>175</gpxtpx:hr>
        </gpxtpx:TrackPointExtension></extensions>
      </trkpt>
      <trkpt lat="32.015826" lon="118.765576">
        <ele>33.6</ele>
        <time>2026-05-29T23:25:59Z</time>
        <extensions><gpxtpx:TrackPointExtension>
          <gpxtpx:hr>174</gpxtpx:hr>
        </gpxtpx:TrackPointExtension></extensions>
      </trkpt>
      <trkpt lat="32.015836" lon="118.765535">
        <ele>33.6</ele>
        <time>2026-05-29T23:26:00Z</time>
        <extensions><gpxtpx:TrackPointExtension>
          <gpxtpx:hr>174</gpxtpx:hr>
        </gpxtpx:TrackPointExtension></extensions>
      </trkpt>
      <trkpt lat="32.015848" lon="118.765512">
        <ele>33.6</ele>
        <time>2026-05-29T23:26:01Z</time>
        <extensions><gpxtpx:TrackPointExtension>
          <gpxtpx:hr>174</gpxtpx:hr>
        </gpxtpx:TrackPointExtension></extensions>
      </trkpt>
      <trkpt lat="32.015861" lon="118.76547">
        <ele>33.6</ele>
        <time>2026-05-29T23:26:02Z</time>
        <extensions><gpxtpx:TrackPointExtension>
          <gpxtpx:hr>172</gpxtpx:hr>
        </gpxtpx:TrackPointExtension></extensions>
      </trkpt>
      <trkpt lat="32.01587" lon="118.765442">
        <ele>33.6</ele>
        <time>2026-05-29T23:26:03Z</time>
        <extensions><gpxtpx:TrackPointExtension>
          <gpxtpx:hr>172</gpxtpx:hr>
        </gpxtpx:TrackPointExtension></extensions>
      </trkpt>
      <trkpt lat="32.01588" lon="118.765398">
        <ele>33.6</ele>
        <time>2026-05-29T23:26:04Z</time>
        <extensions><gpxtpx:TrackPointExtension>
          <gpxtpx:hr>172</gpxtpx:hr>
        </gpxtpx:TrackPointExtension></extensions>
      </trkpt>
      <trkpt lat="32.01589" lon="118.765367">
        <ele>33.6</ele>
        <time>2026-05-29T23:26:05Z</time>
        <extensions><gpxtpx:TrackPointExtension>
          <gpxtpx:hr>172</gpxtpx:hr>
        </gpxtpx:TrackPointExtension></extensions>
      </trkpt>
      <trkpt lat="32.015902" lon="118.765326">
        <ele>33.6</ele>
        <time>2026-05-29T23:26:06Z</time>
        <extensions><gpxtpx:TrackPointExtension>
          <gpxtpx:hr>174</gpxtpx:hr>
        </gpxtpx:TrackPointExtension></extensions>
      </trkpt>
      <trkpt lat="32.015913" lon="118.765301">
        <ele>33.6</ele>
        <time>2026-05-29T23:26:07Z</time>
        <extensions><gpxtpx:TrackPointExtension>
          <gpxtpx:hr>173</gpxtpx:hr>
        </gpxtpx:TrackPointExtension></extensions>
      </trkpt>
      <trkpt lat="32.015921" lon="118.765262">
        <ele>33.6</ele>
        <time>2026-05-29T23:26:08Z</time>
        <extensions><gpxtpx:TrackPointExtension>
          <gpxtpx:hr>171</gpxtpx:hr>
        </gpxtpx:TrackPointExtension></extensions>
      </trkpt>
      <trkpt lat="32.015933" lon="118.765235">
        <ele>33.6</ele>
        <time>2026-05-29T23:26:09Z</time>
        <extensions><gpxtpx:TrackPointExtension>
          <gpxtpx:hr>173</gpxtpx:hr>
        </gpxtpx:TrackPointExtension></extensions>
      </trkpt>
      <trkpt lat="32.015939" lon="118.765192">
        <ele>33.6</ele>
        <time>2026-05-29T23:26:10Z</time>
        <extensions><gpxtpx:TrackPointExtension>
          <gpxtpx:hr>172</gpxtpx:hr>
        </gpxtpx:TrackPointExtension></extensions>
      </trkpt>
      <trkpt lat="32.015951" lon="118.765161">
        <ele>33.6</ele>
        <time>2026-05-29T23:26:11Z</time>
        <extensions><gpxtpx:TrackPointExtension>
          <gpxtpx:hr>171</gpxtpx:hr>
        </gpxtpx:TrackPointExtension></extensions>
      </trkpt>
      <trkpt lat="32.01596" lon="118.76512">
        <ele>33.6</ele>
        <time>2026-05-29T23:26:12Z</time>
        <extensions><gpxtpx:TrackPointExtension>
          <gpxtpx:hr>173</gpxtpx:hr>
        </gpxtpx:TrackPointExtension></extensions>
      </trkpt>
      <trkpt lat="32.015974" lon="118.765092">
        <ele>33.6</ele>
        <time>2026-05-29T23:26:13Z</time>
        <extensions><gpxtpx:TrackPointExtension>
          <gpxtpx:hr>172</gpxtpx:hr>
        </gpxtpx:TrackPointExtension></extensions>
      </trkpt>
      <trkpt lat="32.015987" lon="118.765049">
        <ele>33.6</ele>
        <time>2026-05-29T23:26:14Z</time>
        <extensions><gpxtpx:TrackPointExtension>
          <gpxtpx:hr>173</gpxtpx:hr>
        </gpxtpx:TrackPointExtension></extensions>
      </trkpt>
      <trkpt lat="32.016" lon="118.765021">
        <ele>33.6</ele>
        <time>2026-05-29T23:26:15Z</time>
        <extensions><gpxtpx:TrackPointExtension>
          <gpxtpx:hr>174</gpxtpx:hr>
        </gpxtpx:TrackPointExtension></extensions>
      </trkpt>
      <trkpt lat="32.016009" lon="118.764979">
        <ele>33.4</ele>
        <time>2026-05-29T23:26:16Z</time>
        <extensions><gpxtpx:TrackPointExtension>
          <gpxtpx:hr>174</gpxtpx:hr>
        </gpxtpx:TrackPointExtension></extensions>
      </trkpt>
      <trkpt lat="32.016021" lon="118.76495">
        <ele>33.4</ele>
        <time>2026-05-29T23:26:17Z</time>
        <extensions><gpxtpx:TrackPointExtension>
          <gpxtpx:hr>174</gpxtpx:hr>
        </gpxtpx:TrackPointExtension></extensions>
      </trkpt>
      <trkpt lat="32.016031" lon="118.764911">
        <ele>33.4</ele>
        <time>2026-05-29T23:26:18Z</time>
        <extensions><gpxtpx:TrackPointExtension>
          <gpxtpx:hr>171</gpxtpx:hr>
        </gpxtpx:TrackPointExtension></extensions>
      </trkpt>
      <trkpt lat="32.016043" lon="118.764884">
        <ele>33.4</ele>
        <time>2026-05-29T23:26:19Z</time>
        <extensions><gpxtpx:TrackPointExtension>
          <gpxtpx:hr>171</gpxtpx:hr>
        </gpxtpx:TrackPointExtension></extensions>
      </trkpt>
      <trkpt lat="32.016049" lon="118.764844">
        <ele>33.6</ele>
        <time>2026-05-29T23:26:20Z</time>
        <extensions><gpxtpx:TrackPointExtension>
          <gpxtpx:hr>172</gpxtpx:hr>
        </gpxtpx:TrackPointExtension></extensions>
      </trkpt>
      <trkpt lat="32.01606" lon="118.764812">
        <ele>33.6</ele>
        <time>2026-05-29T23:26:21Z</time>
        <extensions><gpxtpx:TrackPointExtension>
          <gpxtpx:hr>171</gpxtpx:hr>
        </gpxtpx:TrackPointExtension></extensions>
      </trkpt>
      <trkpt lat="32.01607" lon="118.764773">
        <ele>33.4</ele>
        <time>2026-05-29T23:26:22Z</time>
        <extensions><gpxtpx:TrackPointExtension>
          <gpxtpx:hr>170</gpxtpx:hr>
        </gpxtpx:TrackPointExtension></extensions>
      </trkpt>
      <trkpt lat="32.016084" lon="118.764746">
        <ele>33.4</ele>
        <time>2026-05-29T23:26:23Z</time>
        <extensions><gpxtpx:TrackPointExtension>
          <gpxtpx:hr>171</gpxtpx:hr>
        </gpxtpx:TrackPointExtension></extensions>
      </trkpt>
      <trkpt lat="32.016098" lon="118.764704">
        <ele>33.4</ele>
        <time>2026-05-29T23:26:24Z</time>
        <extensions><gpxtpx:TrackPointExtension>
          <gpxtpx:hr>171</gpxtpx:hr>
        </gpxtpx:TrackPointExtension></extensions>
      </trkpt>
      <trkpt lat="32.01611" lon="118.764675">
        <ele>33.4</ele>
        <time>2026-05-29T23:26:25Z</time>
        <extensions><gpxtpx:TrackPointExtension>
          <gpxtpx:hr>170</gpxtpx:hr>
        </gpxtpx:TrackPointExtension></extensions>
      </trkpt>
      <trkpt lat="32.016122" lon="118.76463">
        <ele>33.2</ele>
        <time>2026-05-29T23:26:26Z</time>
        <extensions><gpxtpx:TrackPointExtension>
          <gpxtpx:hr>170</gpxtpx:hr>
        </gpxtpx:TrackPointExtension></extensions>
      </trkpt>
      <trkpt lat="32.016134" lon="118.764601">
        <ele>33.2</ele>
        <time>2026-05-29T23:26:27Z</time>
        <extensions><gpxtpx:TrackPointExtension>
          <gpxtpx:hr>170</gpxtpx:hr>
        </gpxtpx:TrackPointExtension></extensions>
      </trkpt>
      <trkpt lat="32.016146" lon="118.76456">
        <ele>33.2</ele>
        <time>2026-05-29T23:26:28Z</time>
        <extensions><gpxtpx:TrackPointExtension>
          <gpxtpx:hr>171</gpxtpx:hr>
        </gpxtpx:TrackPointExtension></extensions>
      </trkpt>
      <trkpt lat="32.01616" lon="118.764531">
        <ele>33.2</ele>
        <time>2026-05-29T23:26:29Z</time>
        <extensions><gpxtpx:TrackPointExtension>
          <gpxtpx:hr>171</gpxtpx:hr>
        </gpxtpx:TrackPointExtension></extensions>
      </trkpt>
      <trkpt lat="32.016173" lon="118.764491">
        <ele>33.2</ele>
        <time>2026-05-29T23:26:30Z</time>
        <extensions><gpxtpx:TrackPointExtension>
          <gpxtpx:hr>171</gpxtpx:hr>
        </gpxtpx:TrackPointExtension></extensions>
      </trkpt>
      <trkpt lat="32.016189" lon="118.764462">
        <ele>33.2</ele>
        <time>2026-05-29T23:26:31Z</time>
        <extensions><gpxtpx:TrackPointExtension>
          <gpxtpx:hr>172</gpxtpx:hr>
        </gpxtpx:TrackPointExtension></extensions>
      </trkpt>
      <trkpt lat="32.0162" lon="118.764424">
        <ele>33.2</ele>
        <time>2026-05-29T23:26:32Z</time>
        <extensions><gpxtpx:TrackPointExtension>
          <gpxtpx:hr>173</gpxtpx:hr>
        </gpxtpx:TrackPointExtension></extensions>
      </trkpt>
      <trkpt lat="32.016216" lon="118.764392">
        <ele>33.2</ele>
        <time>2026-05-29T23:26:33Z</time>
        <extensions><gpxtpx:TrackPointExtension>
          <gpxtpx:hr>173</gpxtpx:hr>
        </gpxtpx:TrackPointExtension></extensions>
      </trkpt>
      <trkpt lat="32.016226" lon="118.764352">
        <ele>33.2</ele>
        <time>2026-05-29T23:26:34Z</time>
        <extensions><gpxtpx:TrackPointExtension>
          <gpxtpx:hr>172</gpxtpx:hr>
        </gpxtpx:TrackPointExtension></extensions>
      </trkpt>
      <trkpt lat="32.016241" lon="118.76432">
        <ele>33.2</ele>
        <time>2026-05-29T23:26:35Z</time>
        <extensions><gpxtpx:TrackPointExtension>
          <gpxtpx:hr>172</gpxtpx:hr>
        </gpxtpx:TrackPointExtension></extensions>
      </trkpt>
      <trkpt lat="32.016252" lon="118.764285">
        <ele>33.2</ele>
        <time>2026-05-29T23:26:36Z</time>
        <extensions><gpxtpx:TrackPointExtension>
          <gpxtpx:hr>172</gpxtpx:hr>
        </gpxtpx:TrackPointExtension></extensions>
      </trkpt>
      <trkpt lat="32.016263" lon="118.764253">
        <ele>33.2</ele>
        <time>2026-05-29T23:26:37Z</time>
        <extensions><gpxtpx:TrackPointExtension>
          <gpxtpx:hr>172</gpxtpx:hr>
        </gpxtpx:TrackPointExtension></extensions>
      </trkpt>
      <trkpt lat="32.01627" lon="118.764219">
        <ele>33.2</ele>
        <time>2026-05-29T23:26:38Z</time>
        <extensions><gpxtpx:TrackPointExtension>
          <gpxtpx:hr>173</gpxtpx:hr>
        </gpxtpx:TrackPointExtension></extensions>
      </trkpt>
      <trkpt lat="32.016282" lon="118.764179">
        <ele>33.0</ele>
        <time>2026-05-29T23:26:39Z</time>
        <extensions><gpxtpx:TrackPointExtension>
          <gpxtpx:hr>172</gpxtpx:hr>
        </gpxtpx:TrackPointExtension></extensions>
      </trkpt>
      <trkpt lat="32.016294" lon="118.764154">
        <ele>33.2</ele>
        <time>2026-05-29T23:26:40Z</time>
        <extensions><gpxtpx:TrackPointExtension>
          <gpxtpx:hr>172</gpxtpx:hr>
        </gpxtpx:TrackPointExtension></extensions>
      </trkpt>
      <trkpt lat="32.016304" lon="118.764116">
        <ele>33.0</ele>
        <time>2026-05-29T23:26:41Z</time>
        <extensions><gpxtpx:TrackPointExtension>
          <gpxtpx:hr>173</gpxtpx:hr>
        </gpxtpx:TrackPointExtension></extensions>
      </trkpt>
      <trkpt lat="32.016312" lon="118.76409">
        <ele>33.0</ele>
        <time>2026-05-29T23:26:42Z</time>
        <extensions><gpxtpx:TrackPointExtension>
          <gpxtpx:hr>173</gpxtpx:hr>
        </gpxtpx:TrackPointExtension></extensions>
      </trkpt>
      <trkpt lat="32.016322" lon="118.764052">
        <ele>33.0</ele>
        <time>2026-05-29T23:26:43Z</time>
        <extensions><gpxtpx:TrackPointExtension>
          <gpxtpx:hr>174</gpxtpx:hr>
        </gpxtpx:TrackPointExtension></extensions>
      </trkpt>
      <trkpt lat="32.016333" lon="118.764028">
        <ele>33.0</ele>
        <time>2026-05-29T23:26:44Z</time>
        <extensions><gpxtpx:TrackPointExtension>
          <gpxtpx:hr>174</gpxtpx:hr>
        </gpxtpx:TrackPointExtension></extensions>
      </trkpt>
      <trkpt lat="32.016338" lon="118.763985">
        <ele>33.0</ele>
        <time>2026-05-29T23:26:45Z</time>
        <extensions><gpxtpx:TrackPointExtension>
          <gpxtpx:hr>173</gpxtpx:hr>
        </gpxtpx:TrackPointExtension></extensions>
      </trkpt>
      <trkpt lat="32.016346" lon="118.763958">
        <ele>33.0</ele>
        <time>2026-05-29T23:26:46Z</time>
        <extensions><gpxtpx:TrackPointExtension>
          <gpxtpx:hr>174</gpxtpx:hr>
        </gpxtpx:TrackPointExtension></extensions>
      </trkpt>
      <trkpt lat="32.016356" lon="118.763922">
        <ele>33.0</ele>
        <time>2026-05-29T23:26:47Z</time>
        <extensions><gpxtpx:TrackPointExtension>
          <gpxtpx:hr>174</gpxtpx:hr>
        </gpxtpx:TrackPointExtension></extensions>
      </trkpt>
      <trkpt lat="32.016371" lon="118.763894">
        <ele>33.0</ele>
        <time>2026-05-29T23:26:48Z</time>
        <extensions><gpxtpx:TrackPointExtension>
          <gpxtpx:hr>173</gpxtpx:hr>
        </gpxtpx:TrackPointExtension></extensions>
      </trkpt>
      <trkpt lat="32.016387" lon="118.763854">
        <ele>33.0</ele>
        <time>2026-05-29T23:26:49Z</time>
        <extensions><gpxtpx:TrackPointExtension>
          <gpxtpx:hr>173</gpxtpx:hr>
        </gpxtpx:TrackPointExtension></extensions>
      </trkpt>
      <trkpt lat="32.016402" lon="118.763824">
        <ele>33.0</ele>
        <time>2026-05-29T23:26:50Z</time>
        <extensions><gpxtpx:TrackPointExtension>
          <gpxtpx:hr>172</gpxtpx:hr>
        </gpxtpx:TrackPointExtension></extensions>
      </trkpt>
      <trkpt lat="32.016416" lon="118.763783">
        <ele>33.0</ele>
        <time>2026-05-29T23:26:51Z</time>
        <extensions><gpxtpx:TrackPointExtension>
          <gpxtpx:hr>171</gpxtpx:hr>
        </gpxtpx:TrackPointExtension></extensions>
      </trkpt>
      <trkpt lat="32.01643" lon="118.763754">
        <ele>32.8</ele>
        <time>2026-05-29T23:26:52Z</time>
        <extensions><gpxtpx:TrackPointExtension>
          <gpxtpx:hr>172</gpxtpx:hr>
        </gpxtpx:TrackPointExtension></extensions>
      </trkpt>
      <trkpt lat="32.016442" lon="118.763712">
        <ele>32.8</ele>
        <time>2026-05-29T23:26:53Z</time>
        <extensions><gpxtpx:TrackPointExtension>
          <gpxtpx:hr>173</gpxtpx:hr>
        </gpxtpx:TrackPointExtension></extensions>
      </trkpt>
      <trkpt lat="32.01645" lon="118.76368">
        <ele>32.8</ele>
        <time>2026-05-29T23:26:54Z</time>
        <extensions><gpxtpx:TrackPointExtension>
          <gpxtpx:hr>173</gpxtpx:hr>
        </gpxtpx:TrackPointExtension></extensions>
      </trkpt>
      <trkpt lat="32.016458" lon="118.763634">
        <ele>32.8</ele>
        <time>2026-05-29T23:26:55Z</time>
        <extensions><gpxtpx:TrackPointExtension>
          <gpxtpx:hr>173</gpxtpx:hr>
        </gpxtpx:TrackPointExtension></extensions>
      </trkpt>
      <trkpt lat="32.016468" lon="118.763607">
        <ele>32.8</ele>
        <time>2026-05-29T23:26:56Z</time>
        <extensions><gpxtpx:TrackPointExtension>
          <gpxtpx:hr>172</gpxtpx:hr>
        </gpxtpx:TrackPointExtension></extensions>
      </trkpt>
      <trkpt lat="32.016479" lon="118.763563">
        <ele>32.8</ele>
        <time>2026-05-29T23:26:57Z</time>
        <extensions><gpxtpx:TrackPointExtension>
          <gpxtpx:hr>172</gpxtpx:hr>
        </gpxtpx:TrackPointExtension></extensions>
      </trkpt>
      <trkpt lat="32.016489" lon="118.763534">
        <ele>32.8</ele>
        <time>2026-05-29T23:26:58Z</time>
        <extensions><gpxtpx:TrackPointExtension>
          <gpxtpx:hr>171</gpxtpx:hr>
        </gpxtpx:TrackPointExtension></extensions>
      </trkpt>
      <trkpt lat="32.016499" lon="118.763491">
        <ele>32.8</ele>
        <time>2026-05-29T23:26:59Z</time>
        <extensions><gpxtpx:TrackPointExtension>
          <gpxtpx:hr>172</gpxtpx:hr>
        </gpxtpx:TrackPointExtension></extensions>
      </trkpt>
      <trkpt lat="32.016511" lon="118.763459">
        <ele>32.8</ele>
        <time>2026-05-29T23:27:00Z</time>
        <extensions><gpxtpx:TrackPointExtension>
          <gpxtpx:hr>172</gpxtpx:hr>
        </gpxtpx:TrackPointExtension></extensions>
      </trkpt>
      <trkpt lat="32.016517" lon="118.763417">
        <ele>32.8</ele>
        <time>2026-05-29T23:27:01Z</time>
        <extensions><gpxtpx:TrackPointExtension>
          <gpxtpx:hr>174</gpxtpx:hr>
        </gpxtpx:TrackPointExtension></extensions>
      </trkpt>
      <trkpt lat="32.016531" lon="118.76339">
        <ele>33.0</ele>
        <time>2026-05-29T23:27:02Z</time>
        <extensions><gpxtpx:TrackPointExtension>
          <gpxtpx:hr>174</gpxtpx:hr>
        </gpxtpx:TrackPointExtension></extensions>
      </trkpt>
      <trkpt lat="32.016541" lon="118.763349">
        <ele>32.8</ele>
        <time>2026-05-29T23:27:03Z</time>
        <extensions><gpxtpx:TrackPointExtension>
          <gpxtpx:hr>172</gpxtpx:hr>
        </gpxtpx:TrackPointExtension></extensions>
      </trkpt>
      <trkpt lat="32.016553" lon="118.763322">
        <ele>32.8</ele>
        <time>2026-05-29T23:27:04Z</time>
        <extensions><gpxtpx:TrackPointExtension>
          <gpxtpx:hr>172</gpxtpx:hr>
        </gpxtpx:TrackPointExtension></extensions>
      </trkpt>
      <trkpt lat="32.016559" lon="118.763279">
        <ele>32.8</ele>
        <time>2026-05-29T23:27:05Z</time>
        <extensions><gpxtpx:TrackPointExtension>
          <gpxtpx:hr>173</gpxtpx:hr>
        </gpxtpx:TrackPointExtension></extensions>
      </trkpt>
      <trkpt lat="32.016571" lon="118.763253">
        <ele>32.8</ele>
        <time>2026-05-29T23:27:06Z</time>
        <extensions><gpxtpx:TrackPointExtension>
          <gpxtpx:hr>172</gpxtpx:hr>
        </gpxtpx:TrackPointExtension></extensions>
      </trkpt>
      <trkpt lat="32.01658" lon="118.763214">
        <ele>32.8</ele>
        <time>2026-05-29T23:27:07Z</time>
        <extensions><gpxtpx:TrackPointExtension>
          <gpxtpx:hr>172</gpxtpx:hr>
        </gpxtpx:TrackPointExtension></extensions>
      </trkpt>
      <trkpt lat="32.016591" lon="118.763188">
        <ele>32.8</ele>
        <time>2026-05-29T23:27:08Z</time>
        <extensions><gpxtpx:TrackPointExtension>
          <gpxtpx:hr>172</gpxtpx:hr>
        </gpxtpx:TrackPointExtension></extensions>
      </trkpt>
      <trkpt lat="32.016601" lon="118.763143">
        <ele>32.8</ele>
        <time>2026-05-29T23:27:09Z</time>
        <extensions><gpxtpx:TrackPointExtension>
          <gpxtpx:hr>174</gpxtpx:hr>
        </gpxtpx:TrackPointExtension></extensions>
      </trkpt>
      <trkpt lat="32.016612" lon="118.763114">
        <ele>32.8</ele>
        <time>2026-05-29T23:27:10Z</time>
        <extensions><gpxtpx:TrackPointExtension>
          <gpxtpx:hr>174</gpxtpx:hr>
        </gpxtpx:TrackPointExtension></extensions>
      </trkpt>
      <trkpt lat="32.016623" lon="118.763072">
        <ele>32.8</ele>
        <time>2026-05-29T23:27:11Z</time>
        <extensions><gpxtpx:TrackPointExtension>
          <gpxtpx:hr>173</gpxtpx:hr>
        </gpxtpx:TrackPointExtension></extensions>
      </trkpt>
      <trkpt lat="32.016634" lon="118.763044">
        <ele>32.8</ele>
        <time>2026-05-29T23:27:12Z</time>
        <extensions><gpxtpx:TrackPointExtension>
          <gpxtpx:hr>174</gpxtpx:hr>
        </gpxtpx:TrackPointExtension></extensions>
      </trkpt>
      <trkpt lat="32.016644" lon="118.763003">
        <ele>32.8</ele>
        <time>2026-05-29T23:27:13Z</time>
        <extensions><gpxtpx:TrackPointExtension>
          <gpxtpx:hr>175</gpxtpx:hr>
        </gpxtpx:TrackPointExtension></extensions>
      </trkpt>
      <trkpt lat="32.01666" lon="118.762973">
        <ele>33.0</ele>
        <time>2026-05-29T23:27:14Z</time>
        <extensions><gpxtpx:TrackPointExtension>
          <gpxtpx:hr>173</gpxtpx:hr>
        </gpxtpx:TrackPointExtension></extensions>
      </trkpt>
      <trkpt lat="32.016671" lon="118.762942">
        <ele>33.0</ele>
        <time>2026-05-29T23:27:15Z</time>
        <extensions><gpxtpx:TrackPointExtension>
          <gpxtpx:hr>174</gpxtpx:hr>
        </gpxtpx:TrackPointExtension></extensions>
      </trkpt>
      <trkpt lat="32.016681" lon="118.762912">
        <ele>33.0</ele>
        <time>2026-05-29T23:27:16Z</time>
        <extensions><gpxtpx:TrackPointExtension>
          <gpxtpx:hr>173</gpxtpx:hr>
        </gpxtpx:TrackPointExtension></extensions>
      </trkpt>
      <trkpt lat="32.01669" lon="118.762881">
        <ele>33.2</ele>
        <time>2026-05-29T23:27:17Z</time>
        <extensions><gpxtpx:TrackPointExtension>
          <gpxtpx:hr>173</gpxtpx:hr>
        </gpxtpx:TrackPointExtension></extensions>
      </trkpt>
      <trkpt lat="32.0167" lon="118.762844">
        <ele>33.0</ele>
        <time>2026-05-29T23:27:18Z</time>
        <extensions><gpxtpx:TrackPointExtension>
          <gpxtpx:hr>174</gpxtpx:hr>
        </gpxtpx:TrackPointExtension></extensions>
      </trkpt>
      <trkpt lat="32.016712" lon="118.762813">
        <ele>33.0</ele>
        <time>2026-05-29T23:27:19Z</time>
        <extensions><gpxtpx:TrackPointExtension>
          <gpxtpx:hr>174</gpxtpx:hr>
        </gpxtpx:TrackPointExtension></extensions>
      </trkpt>
      <trkpt lat="32.016726" lon="118.762775">
        <ele>33.0</ele>
        <time>2026-05-29T23:27:20Z</time>
        <extensions><gpxtpx:TrackPointExtension>
          <gpxtpx:hr>173</gpxtpx:hr>
        </gpxtpx:TrackPointExtension></extensions>
      </trkpt>
      <trkpt lat="32.016738" lon="118.762746">
        <ele>33.0</ele>
        <time>2026-05-29T23:27:21Z</time>
        <extensions><gpxtpx:TrackPointExtension>
          <gpxtpx:hr>173</gpxtpx:hr>
        </gpxtpx:TrackPointExtension></extensions>
      </trkpt>
      <trkpt lat="32.016753" lon="118.762702">
        <ele>33.0</ele>
        <time>2026-05-29T23:27:22Z</time>
        <extensions><gpxtpx:TrackPointExtension>
          <gpxtpx:hr>173</gpxtpx:hr>
        </gpxtpx:TrackPointExtension></extensions>
      </trkpt>
      <trkpt lat="32.016767" lon="118.762674">
        <ele>33.0</ele>
        <time>2026-05-29T23:27:23Z</time>
        <extensions><gpxtpx:TrackPointExtension>
          <gpxtpx:hr>174</gpxtpx:hr>
        </gpxtpx:TrackPointExtension></extensions>
      </trkpt>
      <trkpt lat="32.01678" lon="118.76263">
        <ele>33.2</ele>
        <time>2026-05-29T23:27:24Z</time>
        <extensions><gpxtpx:TrackPointExtension>
          <gpxtpx:hr>174</gpxtpx:hr>
        </gpxtpx:TrackPointExtension></extensions>
      </trkpt>
      <trkpt lat="32.016794" lon="118.762601">
        <ele>33.2</ele>
        <time>2026-05-29T23:27:25Z</time>
        <extensions><gpxtpx:TrackPointExtension>
          <gpxtpx:hr>173</gpxtpx:hr>
        </gpxtpx:TrackPointExtension></extensions>
      </trkpt>
      <trkpt lat="32.016809" lon="118.76256">
        <ele>33.2</ele>
        <time>2026-05-29T23:27:26Z</time>
        <extensions><gpxtpx:TrackPointExtension>
          <gpxtpx:hr>173</gpxtpx:hr>
        </gpxtpx:TrackPointExtension></extensions>
      </trkpt>
      <trkpt lat="32.016823" lon="118.762531">
        <ele>33.2</ele>
        <time>2026-05-29T23:27:27Z</time>
        <extensions><gpxtpx:TrackPointExtension>
          <gpxtpx:hr>173</gpxtpx:hr>
        </gpxtpx:TrackPointExtension></extensions>
      </trkpt>
      <trkpt lat="32.016833" lon="118.762492">
        <ele>33.2</ele>
        <time>2026-05-29T23:27:28Z</time>
        <extensions><gpxtpx:TrackPointExtension>
          <gpxtpx:hr>175</gpxtpx:hr>
        </gpxtpx:TrackPointExtension></extensions>
      </trkpt>
      <trkpt lat="32.016845" lon="118.762463">
        <ele>33.2</ele>
        <time>2026-05-29T23:27:29Z</time>
        <extensions><gpxtpx:TrackPointExtension>
          <gpxtpx:hr>174</gpxtpx:hr>
        </gpxtpx:TrackPointExtension></extensions>
      </trkpt>
      <trkpt lat="32.016856" lon="118.762427">
        <ele>33.2</ele>
        <time>2026-05-29T23:27:30Z</time>
        <extensions><gpxtpx:TrackPointExtension>
          <gpxtpx:hr>173</gpxtpx:hr>
        </gpxtpx:TrackPointExtension></extensions>
      </trkpt>
      <trkpt lat="32.016865" lon="118.762389">
        <ele>33.2</ele>
        <time>2026-05-29T23:27:31Z</time>
        <extensions><gpxtpx:TrackPointExtension>
          <gpxtpx:hr>173</gpxtpx:hr>
        </gpxtpx:TrackPointExtension></extensions>
      </trkpt>
      <trkpt lat="32.016874" lon="118.762352">
        <ele>33.2</ele>
        <time>2026-05-29T23:27:32Z</time>
        <extensions><gpxtpx:TrackPointExtension>
          <gpxtpx:hr>173</gpxtpx:hr>
        </gpxtpx:TrackPointExtension></extensions>
      </trkpt>
      <trkpt lat="32.016879" lon="118.762311">
        <ele>33.2</ele>
        <time>2026-05-29T23:27:33Z</time>
        <extensions><gpxtpx:TrackPointExtension>
          <gpxtpx:hr>174</gpxtpx:hr>
        </gpxtpx:TrackPointExtension></extensions>
      </trkpt>
      <trkpt lat="32.016892" lon="118.762279">
        <ele>33.2</ele>
        <time>2026-05-29T23:27:34Z</time>
        <extensions><gpxtpx:TrackPointExtension>
          <gpxtpx:hr>174</gpxtpx:hr>
        </gpxtpx:TrackPointExtension></extensions>
      </trkpt>
      <trkpt lat="32.016905" lon="118.762241">
        <ele>33.2</ele>
        <time>2026-05-29T23:27:35Z</time>
        <extensions><gpxtpx:TrackPointExtension>
          <gpxtpx:hr>175</gpxtpx:hr>
        </gpxtpx:TrackPointExtension></extensions>
      </trkpt>
      <trkpt lat="32.016918" lon="118.762218">
        <ele>33.2</ele>
        <time>2026-05-29T23:27:36Z</time>
        <extensions><gpxtpx:TrackPointExtension>
          <gpxtpx:hr>174</gpxtpx:hr>
        </gpxtpx:TrackPointExtension></extensions>
      </trkpt>
      <trkpt lat="32.016932" lon="118.762179">
        <ele>33.0</ele>
        <time>2026-05-29T23:27:37Z</time>
        <extensions><gpxtpx:TrackPointExtension>
          <gpxtpx:hr>175</gpxtpx:hr>
        </gpxtpx:TrackPointExtension></extensions>
      </trkpt>
      <trkpt lat="32.016944" lon="118.762152">
        <ele>33.0</ele>
        <time>2026-05-29T23:27:38Z</time>
        <extensions><gpxtpx:TrackPointExtension>
          <gpxtpx:hr>176</gpxtpx:hr>
        </gpxtpx:TrackPointExtension></extensions>
      </trkpt>
      <trkpt lat="32.016958" lon="118.762112">
        <ele>33.0</ele>
        <time>2026-05-29T23:27:39Z</time>
        <extensions><gpxtpx:TrackPointExtension>
          <gpxtpx:hr>175</gpxtpx:hr>
        </gpxtpx:TrackPointExtension></extensions>
      </trkpt>
      <trkpt lat="32.016971" lon="118.762085">
        <ele>33.0</ele>
        <time>2026-05-29T23:27:40Z</time>
        <extensions><gpxtpx:TrackPointExtension>
          <gpxtpx:hr>176</gpxtpx:hr>
        </gpxtpx:TrackPointExtension></extensions>
      </trkpt>
      <trkpt lat="32.016979" lon="118.762046">
        <ele>33.0</ele>
        <time>2026-05-29T23:27:41Z</time>
        <extensions><gpxtpx:TrackPointExtension>
          <gpxtpx:hr>176</gpxtpx:hr>
        </gpxtpx:TrackPointExtension></extensions>
      </trkpt>
      <trkpt lat="32.016984" lon="118.762015">
        <ele>33.0</ele>
        <time>2026-05-29T23:27:42Z</time>
        <extensions><gpxtpx:TrackPointExtension>
          <gpxtpx:hr>176</gpxtpx:hr>
        </gpxtpx:TrackPointExtension></extensions>
      </trkpt>
      <trkpt lat="32.016988" lon="118.761981">
        <ele>33.0</ele>
        <time>2026-05-29T23:27:43Z</time>
        <extensions><gpxtpx:TrackPointExtension>
          <gpxtpx:hr>176</gpxtpx:hr>
        </gpxtpx:TrackPointExtension></extensions>
      </trkpt>
      <trkpt lat="32.016993" lon="118.761942">
        <ele>33.0</ele>
        <time>2026-05-29T23:27:44Z</time>
        <extensions><gpxtpx:TrackPointExtension>
          <gpxtpx:hr>175</gpxtpx:hr>
        </gpxtpx:TrackPointExtension></extensions>
      </trkpt>
      <trkpt lat="32.017005" lon="118.76191">
        <ele>33.0</ele>
        <time>2026-05-29T23:27:45Z</time>
        <extensions><gpxtpx:TrackPointExtension>
          <gpxtpx:hr>175</gpxtpx:hr>
        </gpxtpx:TrackPointExtension></extensions>
      </trkpt>
      <trkpt lat="32.017012" lon="118.761869">
        <ele>33.0</ele>
        <time>2026-05-29T23:27:46Z</time>
        <extensions><gpxtpx:TrackPointExtension>
          <gpxtpx:hr>174</gpxtpx:hr>
        </gpxtpx:TrackPointExtension></extensions>
      </trkpt>
      <trkpt lat="32.017023" lon="118.761844">
        <ele>33.0</ele>
        <time>2026-05-29T23:27:47Z</time>
        <extensions><gpxtpx:TrackPointExtension>
          <gpxtpx:hr>173</gpxtpx:hr>
        </gpxtpx:TrackPointExtension></extensions>
      </trkpt>
      <trkpt lat="32.017032" lon="118.761807">
        <ele>33.0</ele>
        <time>2026-05-29T23:27:48Z</time>
        <extensions><gpxtpx:TrackPointExtension>
          <gpxtpx:hr>174</gpxtpx:hr>
        </gpxtpx:TrackPointExtension></extensions>
      </trkpt>
      <trkpt lat="32.017044" lon="118.761781">
        <ele>33.0</ele>
        <time>2026-05-29T23:27:49Z</time>
        <extensions><gpxtpx:TrackPointExtension>
          <gpxtpx:hr>174</gpxtpx:hr>
        </gpxtpx:TrackPointExtension></extensions>
      </trkpt>
      <trkpt lat="32.017061" lon="118.761762">
        <ele>33.0</ele>
        <time>2026-05-29T23:27:50Z</time>
        <extensions><gpxtpx:TrackPointExtension>
          <gpxtpx:hr>175</gpxtpx:hr>
        </gpxtpx:TrackPointExtension></extensions>
      </trkpt>
      <trkpt lat="32.017081" lon="118.76176">
        <ele>32.8</ele>
        <time>2026-05-29T23:27:51Z</time>
        <extensions><gpxtpx:TrackPointExtension>
          <gpxtpx:hr>174</gpxtpx:hr>
        </gpxtpx:TrackPointExtension></extensions>
      </trkpt>
      <trkpt lat="32.017106" lon="118.761763">
        <ele>32.8</ele>
        <time>2026-05-29T23:27:52Z</time>
        <extensions><gpxtpx:TrackPointExtension>
          <gpxtpx:hr>173</gpxtpx:hr>
        </gpxtpx:TrackPointExtension></extensions>
      </trkpt>
      <trkpt lat="32.01713" lon="118.761769">
        <ele>32.8</ele>
        <time>2026-05-29T23:27:53Z</time>
        <extensions><gpxtpx:TrackPointExtension>
          <gpxtpx:hr>173</gpxtpx:hr>
        </gpxtpx:TrackPointExtension></extensions>
      </trkpt>
      <trkpt lat="32.017154" lon="118.76178">
        <ele>32.8</ele>
        <time>2026-05-29T23:27:54Z</time>
        <extensions><gpxtpx:TrackPointExtension>
          <gpxtpx:hr>173</gpxtpx:hr>
        </gpxtpx:TrackPointExtension></extensions>
      </trkpt>
      <trkpt lat="32.01719" lon="118.761784">
        <ele>32.8</ele>
        <time>2026-05-29T23:27:55Z</time>
        <extensions><gpxtpx:TrackPointExtension>
          <gpxtpx:hr>174</gpxtpx:hr>
        </gpxtpx:TrackPointExtension></extensions>
      </trkpt>
      <trkpt lat="32.017215" lon="118.761794">
        <ele>32.8</ele>
        <time>2026-05-29T23:27:56Z</time>
        <extensions><gpxtpx:TrackPointExtension>
          <gpxtpx:hr>174</gpxtpx:hr>
        </gpxtpx:TrackPointExtension></extensions>
      </trkpt>
      <trkpt lat="32.017253" lon="118.761805">
        <ele>32.8</ele>
        <time>2026-05-29T23:27:57Z</time>
        <extensions><gpxtpx:TrackPointExtension>
          <gpxtpx:hr>174</gpxtpx:hr>
        </gpxtpx:TrackPointExtension></extensions>
      </trkpt>
      <trkpt lat="32.01728" lon="118.76182">
        <ele>32.8</ele>
        <time>2026-05-29T23:27:58Z</time>
        <extensions><gpxtpx:TrackPointExtension>
          <gpxtpx:hr>175</gpxtpx:hr>
        </gpxtpx:TrackPointExtension></extensions>
      </trkpt>
      <trkpt lat="32.017314" lon="118.761835">
        <ele>32.8</ele>
        <time>2026-05-29T23:27:59Z</time>
        <extensions><gpxtpx:TrackPointExtension>
          <gpxtpx:hr>175</gpxtpx:hr>
        </gpxtpx:TrackPointExtension></extensions>
      </trkpt>
      <trkpt lat="32.01734" lon="118.761846">
        <ele>32.8</ele>
        <time>2026-05-29T23:28:00Z</time>
        <extensions><gpxtpx:TrackPointExtension>
          <gpxtpx:hr>175</gpxtpx:hr>
        </gpxtpx:TrackPointExtension></extensions>
      </trkpt>
      <trkpt lat="32.017379" lon="118.761855">
        <ele>32.8</ele>
        <time>2026-05-29T23:28:01Z</time>
        <extensions><gpxtpx:TrackPointExtension>
          <gpxtpx:hr>175</gpxtpx:hr>
        </gpxtpx:TrackPointExtension></extensions>
      </trkpt>
      <trkpt lat="32.017406" lon="118.761866">
        <ele>32.6</ele>
        <time>2026-05-29T23:28:02Z</time>
        <extensions><gpxtpx:TrackPointExtension>
          <gpxtpx:hr>174</gpxtpx:hr>
        </gpxtpx:TrackPointExtension></extensions>
      </trkpt>
      <trkpt lat="32.017439" lon="118.761877">
        <ele>32.6</ele>
        <time>2026-05-29T23:28:03Z</time>
        <extensions><gpxtpx:TrackPointExtension>
          <gpxtpx:hr>175</gpxtpx:hr>
        </gpxtpx:TrackPointExtension></extensions>
      </trkpt>
      <trkpt lat="32.017463" lon="118.761895">
        <ele>32.4</ele>
        <time>2026-05-29T23:28:04Z</time>
        <extensions><gpxtpx:TrackPointExtension>
          <gpxtpx:hr>173</gpxtpx:hr>
        </gpxtpx:TrackPointExtension></extensions>
      </trkpt>
      <trkpt lat="32.017492" lon="118.761909">
        <ele>32.4</ele>
        <time>2026-05-29T23:28:05Z</time>
        <extensions><gpxtpx:TrackPointExtension>
          <gpxtpx:hr>173</gpxtpx:hr>
        </gpxtpx:TrackPointExtension></extensions>
      </trkpt>
      <trkpt lat="32.01752" lon="118.76192">
        <ele>32.4</ele>
        <time>2026-05-29T23:28:06Z</time>
        <extensions><gpxtpx:TrackPointExtension>
          <gpxtpx:hr>173</gpxtpx:hr>
        </gpxtpx:TrackPointExtension></extensions>
      </trkpt>
      <trkpt lat="32.017546" lon="118.761936">
        <ele>32.4</ele>
        <time>2026-05-29T23:28:07Z</time>
        <extensions><gpxtpx:TrackPointExtension>
          <gpxtpx:hr>173</gpxtpx:hr>
        </gpxtpx:TrackPointExtension></extensions>
      </trkpt>
      <trkpt lat="32.017577" lon="118.76195">
        <ele>32.4</ele>
        <time>2026-05-29T23:28:08Z</time>
        <extensions><gpxtpx:TrackPointExtension>
          <gpxtpx:hr>174</gpxtpx:hr>
        </gpxtpx:TrackPointExtension></extensions>
      </trkpt>
      <trkpt lat="32.017605" lon="118.761964">
        <ele>32.4</ele>
        <time>2026-05-29T23:28:09Z</time>
        <extensions><gpxtpx:TrackPointExtension>
          <gpxtpx:hr>173</gpxtpx:hr>
        </gpxtpx:TrackPointExtension></extensions>
      </trkpt>
      <trkpt lat="32.017642" lon="118.761974">
        <ele>32.4</ele>
        <time>2026-05-29T23:28:10Z</time>
        <extensions><gpxtpx:TrackPointExtension>
          <gpxtpx:hr>173</gpxtpx:hr>
        </gpxtpx:TrackPointExtension></extensions>
      </trkpt>
      <trkpt lat="32.017667" lon="118.761982">
        <ele>32.4</ele>
        <time>2026-05-29T23:28:11Z</time>
        <extensions><gpxtpx:TrackPointExtension>
          <gpxtpx:hr>174</gpxtpx:hr>
        </gpxtpx:TrackPointExtension></extensions>
      </trkpt>
      <trkpt lat="32.017701" lon="118.761993">
        <ele>32.4</ele>
        <time>2026-05-29T23:28:12Z</time>
        <extensions><gpxtpx:TrackPointExtension>
          <gpxtpx:hr>173</gpxtpx:hr>
        </gpxtpx:TrackPointExtension></extensions>
      </trkpt>
      <trkpt lat="32.017726" lon="118.762002">
        <ele>32.4</ele>
        <time>2026-05-29T23:28:13Z</time>
        <extensions><gpxtpx:TrackPointExtension>
          <gpxtpx:hr>173</gpxtpx:hr>
        </gpxtpx:TrackPointExtension></extensions>
      </trkpt>
      <trkpt lat="32.017762" lon="118.762014">
        <ele>32.2</ele>
        <time>2026-05-29T23:28:14Z</time>
        <extensions><gpxtpx:TrackPointExtension>
          <gpxtpx:hr>172</gpxtpx:hr>
        </gpxtpx:TrackPointExtension></extensions>
      </trkpt>
      <trkpt lat="32.017787" lon="118.762027">
        <ele>32.2</ele>
        <time>2026-05-29T23:28:15Z</time>
        <extensions><gpxtpx:TrackPointExtension>
          <gpxtpx:hr>172</gpxtpx:hr>
        </gpxtpx:TrackPointExtension></extensions>
      </trkpt>
      <trkpt lat="32.017824" lon="118.762036">
        <ele>32.2</ele>
        <time>2026-05-29T23:28:16Z</time>
        <extensions><gpxtpx:TrackPointExtension>
          <gpxtpx:hr>173</gpxtpx:hr>
        </gpxtpx:TrackPointExtension></extensions>
      </trkpt>
      <trkpt lat="32.01785" lon="118.76205">
        <ele>32.2</ele>
        <time>2026-05-29T23:28:17Z</time>
        <extensions><gpxtpx:TrackPointExtension>
          <gpxtpx:hr>172</gpxtpx:hr>
        </gpxtpx:TrackPointExtension></extensions>
      </trkpt>
      <trkpt lat="32.017883" lon="118.762058">
        <ele>32.0</ele>
        <time>2026-05-29T23:28:18Z</time>
        <extensions><gpxtpx:TrackPointExtension>
          <gpxtpx:hr>172</gpxtpx:hr>
        </gpxtpx:TrackPointExtension></extensions>
      </trkpt>
      <trkpt lat="32.017912" lon="118.762071">
        <ele>32.0</ele>
        <time>2026-05-29T23:28:19Z</time>
        <extensions><gpxtpx:TrackPointExtension>
          <gpxtpx:hr>172</gpxtpx:hr>
        </gpxtpx:TrackPointExtension></extensions>
      </trkpt>
      <trkpt lat="32.017944" lon="118.762084">
        <ele>32.0</ele>
        <time>2026-05-29T23:28:20Z</time>
        <extensions><gpxtpx:TrackPointExtension>
          <gpxtpx:hr>172</gpxtpx:hr>
        </gpxtpx:TrackPointExtension></extensions>
      </trkpt>
      <trkpt lat="32.01798" lon="118.762094">
        <ele>32.0</ele>
        <time>2026-05-29T23:28:21Z</time>
        <extensions><gpxtpx:TrackPointExtension>
          <gpxtpx:hr>173</gpxtpx:hr>
        </gpxtpx:TrackPointExtension></extensions>
      </trkpt>
      <trkpt lat="32.018006" lon="118.762103">
        <ele>32.0</ele>
        <time>2026-05-29T23:28:22Z</time>
        <extensions><gpxtpx:TrackPointExtension>
          <gpxtpx:hr>171</gpxtpx:hr>
        </gpxtpx:TrackPointExtension></extensions>
      </trkpt>
      <trkpt lat="32.018044" lon="118.762111">
        <ele>32.0</ele>
        <time>2026-05-29T23:28:23Z</time>
        <extensions><gpxtpx:TrackPointExtension>
          <gpxtpx:hr>173</gpxtpx:hr>
        </gpxtpx:TrackPointExtension></extensions>
      </trkpt>
      <trkpt lat="32.018067" lon="118.762126">
        <ele>32.0</ele>
        <time>2026-05-29T23:28:24Z</time>
        <extensions><gpxtpx:TrackPointExtension>
          <gpxtpx:hr>172</gpxtpx:hr>
        </gpxtpx:TrackPointExtension></extensions>
      </trkpt>
      <trkpt lat="32.018103" lon="118.762132">
        <ele>32.0</ele>
        <time>2026-05-29T23:28:25Z</time>
        <extensions><gpxtpx:TrackPointExtension>
          <gpxtpx:hr>171</gpxtpx:hr>
        </gpxtpx:TrackPointExtension></extensions>
      </trkpt>
      <trkpt lat="32.018123" lon="118.762144">
        <ele>32.0</ele>
        <time>2026-05-29T23:28:26Z</time>
        <extensions><gpxtpx:TrackPointExtension>
          <gpxtpx:hr>173</gpxtpx:hr>
        </gpxtpx:TrackPointExtension></extensions>
      </trkpt>
      <trkpt lat="32.018158" lon="118.762153">
        <ele>32.0</ele>
        <time>2026-05-29T23:28:27Z</time>
        <extensions><gpxtpx:TrackPointExtension>
          <gpxtpx:hr>172</gpxtpx:hr>
        </gpxtpx:TrackPointExtension></extensions>
      </trkpt>
      <trkpt lat="32.018181" lon="118.762166">
        <ele>32.2</ele>
        <time>2026-05-29T23:28:28Z</time>
        <extensions><gpxtpx:TrackPointExtension>
          <gpxtpx:hr>173</gpxtpx:hr>
        </gpxtpx:TrackPointExtension></extensions>
      </trkpt>
      <trkpt lat="32.018212" lon="118.762176">
        <ele>32.0</ele>
        <time>2026-05-29T23:28:29Z</time>
        <extensions><gpxtpx:TrackPointExtension>
          <gpxtpx:hr>172</gpxtpx:hr>
        </gpxtpx:TrackPointExtension></extensions>
      </trkpt>
      <trkpt lat="32.018243" lon="118.762187">
        <ele>32.0</ele>
        <time>2026-05-29T23:28:30Z</time>
        <extensions><gpxtpx:TrackPointExtension>
          <gpxtpx:hr>172</gpxtpx:hr>
        </gpxtpx:TrackPointExtension></extensions>
      </trkpt>
      <trkpt lat="32.018267" lon="118.762202">
        <ele>32.0</ele>
        <time>2026-05-29T23:28:31Z</time>
        <extensions><gpxtpx:TrackPointExtension>
          <gpxtpx:hr>171</gpxtpx:hr>
        </gpxtpx:TrackPointExtension></extensions>
      </trkpt>
      <trkpt lat="32.0183" lon="118.762213">
        <ele>32.0</ele>
        <time>2026-05-29T23:28:32Z</time>
        <extensions><gpxtpx:TrackPointExtension>
          <gpxtpx:hr>171</gpxtpx:hr>
        </gpxtpx:TrackPointExtension></extensions>
      </trkpt>
      <trkpt lat="32.018325" lon="118.762226">
        <ele>32.0</ele>
        <time>2026-05-29T23:28:33Z</time>
        <extensions><gpxtpx:TrackPointExtension>
          <gpxtpx:hr>171</gpxtpx:hr>
        </gpxtpx:TrackPointExtension></extensions>
      </trkpt>
      <trkpt lat="32.018358" lon="118.762238">
        <ele>32.0</ele>
        <time>2026-05-29T23:28:34Z</time>
        <extensions><gpxtpx:TrackPointExtension>
          <gpxtpx:hr>172</gpxtpx:hr>
        </gpxtpx:TrackPointExtension></extensions>
      </trkpt>
      <trkpt lat="32.018384" lon="118.762248">
        <ele>32.0</ele>
        <time>2026-05-29T23:28:35Z</time>
        <extensions><gpxtpx:TrackPointExtension>
          <gpxtpx:hr>172</gpxtpx:hr>
        </gpxtpx:TrackPointExtension></extensions>
      </trkpt>
      <trkpt lat="32.018419" lon="118.762258">
        <ele>32.0</ele>
        <time>2026-05-29T23:28:36Z</time>
        <extensions><gpxtpx:TrackPointExtension>
          <gpxtpx:hr>172</gpxtpx:hr>
        </gpxtpx:TrackPointExtension></extensions>
      </trkpt>
      <trkpt lat="32.01844" lon="118.762269">
        <ele>31.8</ele>
        <time>2026-05-29T23:28:37Z</time>
        <extensions><gpxtpx:TrackPointExtension>
          <gpxtpx:hr>173</gpxtpx:hr>
        </gpxtpx:TrackPointExtension></extensions>
      </trkpt>
      <trkpt lat="32.018477" lon="118.762277">
        <ele>31.8</ele>
        <time>2026-05-29T23:28:38Z</time>
        <extensions><gpxtpx:TrackPointExtension>
          <gpxtpx:hr>172</gpxtpx:hr>
        </gpxtpx:TrackPointExtension></extensions>
      </trkpt>
      <trkpt lat="32.018504" lon="118.762287">
        <ele>31.8</ele>
        <time>2026-05-29T23:28:39Z</time>
        <extensions><gpxtpx:TrackPointExtension>
          <gpxtpx:hr>172</gpxtpx:hr>
        </gpxtpx:TrackPointExtension></extensions>
      </trkpt>
      <trkpt lat="32.018541" lon="118.762293">
        <ele>31.8</ele>
        <time>2026-05-29T23:28:40Z</time>
        <extensions><gpxtpx:TrackPointExtension>
          <gpxtpx:hr>172</gpxtpx:hr>
        </gpxtpx:TrackPointExtension></extensions>
      </trkpt>
      <trkpt lat="32.018567" lon="118.762306">
        <ele>31.6</ele>
        <time>2026-05-29T23:28:41Z</time>
        <extensions><gpxtpx:TrackPointExtension>
          <gpxtpx:hr>171</gpxtpx:hr>
        </gpxtpx:TrackPointExtension></extensions>
      </trkpt>
      <trkpt lat="32.018603" lon="118.762318">
        <ele>31.8</ele>
        <time>2026-05-29T23:28:42Z</time>
        <extensions><gpxtpx:TrackPointExtension>
          <gpxtpx:hr>172</gpxtpx:hr>
        </gpxtpx:TrackPointExtension></extensions>
      </trkpt>
      <trkpt lat="32.018629" lon="118.762329">
        <ele>31.8</ele>
        <time>2026-05-29T23:28:43Z</time>
        <extensions><gpxtpx:TrackPointExtension>
          <gpxtpx:hr>172</gpxtpx:hr>
        </gpxtpx:TrackPointExtension></extensions>
      </trkpt>
      <trkpt lat="32.018661" lon="118.762339">
        <ele>31.8</ele>
        <time>2026-05-29T23:28:44Z</time>
        <extensions><gpxtpx:TrackPointExtension>
          <gpxtpx:hr>172</gpxtpx:hr>
        </gpxtpx:TrackPointExtension></extensions>
      </trkpt>
      <trkpt lat="32.018688" lon="118.76235">
        <ele>31.6</ele>
        <time>2026-05-29T23:28:45Z</time>
        <extensions><gpxtpx:TrackPointExtension>
          <gpxtpx:hr>172</gpxtpx:hr>
        </gpxtpx:TrackPointExtension></extensions>
      </trkpt>
      <trkpt lat="32.018725" lon="118.762361">
        <ele>31.6</ele>
        <time>2026-05-29T23:28:46Z</time>
        <extensions><gpxtpx:TrackPointExtension>
          <gpxtpx:hr>173</gpxtpx:hr>
        </gpxtpx:TrackPointExtension></extensions>
      </trkpt>
      <trkpt lat="32.018752" lon="118.762371">
        <ele>31.6</ele>
        <time>2026-05-29T23:28:47Z</time>
        <extensions><gpxtpx:TrackPointExtension>
          <gpxtpx:hr>172</gpxtpx:hr>
        </gpxtpx:TrackPointExtension></extensions>
      </trkpt>
      <trkpt lat="32.01879" lon="118.762384">
        <ele>31.6</ele>
        <time>2026-05-29T23:28:48Z</time>
        <extensions><gpxtpx:TrackPointExtension>
          <gpxtpx:hr>170</gpxtpx:hr>
        </gpxtpx:TrackPointExtension></extensions>
      </trkpt>
      <trkpt lat="32.018817" lon="118.762397">
        <ele>31.6</ele>
        <time>2026-05-29T23:28:49Z</time>
        <extensions><gpxtpx:TrackPointExtension>
          <gpxtpx:hr>173</gpxtpx:hr>
        </gpxtpx:TrackPointExtension></extensions>
      </trkpt>
      <trkpt lat="32.018852" lon="118.762409">
        <ele>31.6</ele>
        <time>2026-05-29T23:28:50Z</time>
        <extensions><gpxtpx:TrackPointExtension>
          <gpxtpx:hr>173</gpxtpx:hr>
        </gpxtpx:TrackPointExtension></extensions>
      </trkpt>
      <trkpt lat="32.018877" lon="118.762423">
        <ele>31.6</ele>
        <time>2026-05-29T23:28:51Z</time>
        <extensions><gpxtpx:TrackPointExtension>
          <gpxtpx:hr>172</gpxtpx:hr>
        </gpxtpx:TrackPointExtension></extensions>
      </trkpt>
      <trkpt lat="32.018916" lon="118.762436">
        <ele>31.6</ele>
        <time>2026-05-29T23:28:52Z</time>
        <extensions><gpxtpx:TrackPointExtension>
          <gpxtpx:hr>172</gpxtpx:hr>
        </gpxtpx:TrackPointExtension></extensions>
      </trkpt>
      <trkpt lat="32.018944" lon="118.762449">
        <ele>31.6</ele>
        <time>2026-05-29T23:28:53Z</time>
        <extensions><gpxtpx:TrackPointExtension>
          <gpxtpx:hr>173</gpxtpx:hr>
        </gpxtpx:TrackPointExtension></extensions>
      </trkpt>
      <trkpt lat="32.018979" lon="118.762456">
        <ele>31.6</ele>
        <time>2026-05-29T23:28:54Z</time>
        <extensions><gpxtpx:TrackPointExtension>
          <gpxtpx:hr>173</gpxtpx:hr>
        </gpxtpx:TrackPointExtension></extensions>
      </trkpt>
      <trkpt lat="32.019001" lon="118.762468">
        <ele>31.8</ele>
        <time>2026-05-29T23:28:55Z</time>
        <extensions><gpxtpx:TrackPointExtension>
          <gpxtpx:hr>173</gpxtpx:hr>
        </gpxtpx:TrackPointExtension></extensions>
      </trkpt>
      <trkpt lat="32.019038" lon="118.762482">
        <ele>31.6</ele>
        <time>2026-05-29T23:28:56Z</time>
        <extensions><gpxtpx:TrackPointExtension>
          <gpxtpx:hr>173</gpxtpx:hr>
        </gpxtpx:TrackPointExtension></extensions>
      </trkpt>
      <trkpt lat="32.019062" lon="118.762496">
        <ele>31.6</ele>
        <time>2026-05-29T23:28:57Z</time>
        <extensions><gpxtpx:TrackPointExtension>
          <gpxtpx:hr>172</gpxtpx:hr>
        </gpxtpx:TrackPointExtension></extensions>
      </trkpt>
      <trkpt lat="32.019096" lon="118.762514">
        <ele>31.6</ele>
        <time>2026-05-29T23:28:58Z</time>
        <extensions><gpxtpx:TrackPointExtension>
          <gpxtpx:hr>173</gpxtpx:hr>
        </gpxtpx:TrackPointExtension></extensions>
      </trkpt>
      <trkpt lat="32.01912" lon="118.76253">
        <ele>31.4</ele>
        <time>2026-05-29T23:28:59Z</time>
        <extensions><gpxtpx:TrackPointExtension>
          <gpxtpx:hr>174</gpxtpx:hr>
        </gpxtpx:TrackPointExtension></extensions>
      </trkpt>
      <trkpt lat="32.019156" lon="118.762546">
        <ele>31.4</ele>
        <time>2026-05-29T23:29:00Z</time>
        <extensions><gpxtpx:TrackPointExtension>
          <gpxtpx:hr>174</gpxtpx:hr>
        </gpxtpx:TrackPointExtension></extensions>
      </trkpt>
      <trkpt lat="32.019177" lon="118.762558">
        <ele>31.4</ele>
        <time>2026-05-29T23:29:01Z</time>
        <extensions><gpxtpx:TrackPointExtension>
          <gpxtpx:hr>174</gpxtpx:hr>
        </gpxtpx:TrackPointExtension></extensions>
      </trkpt>
      <trkpt lat="32.019212" lon="118.762572">
        <ele>31.4</ele>
        <time>2026-05-29T23:29:02Z</time>
        <extensions><gpxtpx:TrackPointExtension>
          <gpxtpx:hr>174</gpxtpx:hr>
        </gpxtpx:TrackPointExtension></extensions>
      </trkpt>
      <trkpt lat="32.019236" lon="118.762589">
        <ele>31.4</ele>
        <time>2026-05-29T23:29:03Z</time>
        <extensions><gpxtpx:TrackPointExtension>
          <gpxtpx:hr>174</gpxtpx:hr>
        </gpxtpx:TrackPointExtension></extensions>
      </trkpt>
      <trkpt lat="32.019268" lon="118.762602">
        <ele>31.4</ele>
        <time>2026-05-29T23:29:04Z</time>
        <extensions><gpxtpx:TrackPointExtension>
          <gpxtpx:hr>174</gpxtpx:hr>
        </gpxtpx:TrackPointExtension></extensions>
      </trkpt>
      <trkpt lat="32.019289" lon="118.762613">
        <ele>31.6</ele>
        <time>2026-05-29T23:29:05Z</time>
        <extensions><gpxtpx:TrackPointExtension>
          <gpxtpx:hr>175</gpxtpx:hr>
        </gpxtpx:TrackPointExtension></extensions>
      </trkpt>
      <trkpt lat="32.019327" lon="118.762622">
        <ele>31.4</ele>
        <time>2026-05-29T23:29:06Z</time>
        <extensions><gpxtpx:TrackPointExtension>
          <gpxtpx:hr>174</gpxtpx:hr>
        </gpxtpx:TrackPointExtension></extensions>
      </trkpt>
      <trkpt lat="32.019354" lon="118.76263">
        <ele>31.4</ele>
        <time>2026-05-29T23:29:07Z</time>
        <extensions><gpxtpx:TrackPointExtension>
          <gpxtpx:hr>174</gpxtpx:hr>
        </gpxtpx:TrackPointExtension></extensions>
      </trkpt>
      <trkpt lat="32.019389" lon="118.762638">
        <ele>31.4</ele>
        <time>2026-05-29T23:29:08Z</time>
        <extensions><gpxtpx:TrackPointExtension>
          <gpxtpx:hr>175</gpxtpx:hr>
        </gpxtpx:TrackPointExtension></extensions>
      </trkpt>
      <trkpt lat="32.019411" lon="118.762647">
        <ele>31.4</ele>
        <time>2026-05-29T23:29:09Z</time>
        <extensions><gpxtpx:TrackPointExtension>
          <gpxtpx:hr>175</gpxtpx:hr>
        </gpxtpx:TrackPointExtension></extensions>
      </trkpt>
      <trkpt lat="32.01945" lon="118.762658">
        <ele>31.2</ele>
        <time>2026-05-29T23:29:10Z</time>
        <extensions><gpxtpx:TrackPointExtension>
          <gpxtpx:hr>174</gpxtpx:hr>
        </gpxtpx:TrackPointExtension></extensions>
      </trkpt>
      <trkpt lat="32.019476" lon="118.76267">
        <ele>31.2</ele>
        <time>2026-05-29T23:29:11Z</time>
        <extensions><gpxtpx:TrackPointExtension>
          <gpxtpx:hr>174</gpxtpx:hr>
        </gpxtpx:TrackPointExtension></extensions>
      </trkpt>
      <trkpt lat="32.019513" lon="118.762682">
        <ele>31.2</ele>
        <time>2026-05-29T23:29:12Z</time>
        <extensions><gpxtpx:TrackPointExtension>
          <gpxtpx:hr>174</gpxtpx:hr>
        </gpxtpx:TrackPointExtension></extensions>
      </trkpt>
      <trkpt lat="32.019538" lon="118.762692">
        <ele>31.2</ele>
        <time>2026-05-29T23:29:13Z</time>
        <extensions><gpxtpx:TrackPointExtension>
          <gpxtpx:hr>175</gpxtpx:hr>
        </gpxtpx:TrackPointExtension></extensions>
      </trkpt>
      <trkpt lat="32.019577" lon="118.7627">
        <ele>31.2</ele>
        <time>2026-05-29T23:29:14Z</time>
        <extensions><gpxtpx:TrackPointExtension>
          <gpxtpx:hr>176</gpxtpx:hr>
        </gpxtpx:TrackPointExtension></extensions>
      </trkpt>
      <trkpt lat="32.0196" lon="118.762711">
        <ele>31.2</ele>
        <time>2026-05-29T23:29:15Z</time>
        <extensions><gpxtpx:TrackPointExtension>
          <gpxtpx:hr>176</gpxtpx:hr>
        </gpxtpx:TrackPointExtension></extensions>
      </trkpt>
      <trkpt lat="32.019639" lon="118.762723">
        <ele>31.2</ele>
        <time>2026-05-29T23:29:16Z</time>
        <extensions><gpxtpx:TrackPointExtension>
          <gpxtpx:hr>175</gpxtpx:hr>
        </gpxtpx:TrackPointExtension></extensions>
      </trkpt>
      <trkpt lat="32.019664" lon="118.762737">
        <ele>31.2</ele>
        <time>2026-05-29T23:29:17Z</time>
        <extensions><gpxtpx:TrackPointExtension>
          <gpxtpx:hr>175</gpxtpx:hr>
        </gpxtpx:TrackPointExtension></extensions>
      </trkpt>
      <trkpt lat="32.019699" lon="118.762745">
        <ele>31.2</ele>
        <time>2026-05-29T23:29:18Z</time>
        <extensions><gpxtpx:TrackPointExtension>
          <gpxtpx:hr>175</gpxtpx:hr>
        </gpxtpx:TrackPointExtension></extensions>
      </trkpt>
      <trkpt lat="32.019724" lon="118.762759">
        <ele>31.2</ele>
        <time>2026-05-29T23:29:19Z</time>
        <extensions><gpxtpx:TrackPointExtension>
          <gpxtpx:hr>175</gpxtpx:hr>
        </gpxtpx:TrackPointExtension></extensions>
      </trkpt>
      <trkpt lat="32.019758" lon="118.762776">
        <ele>31.2</ele>
        <time>2026-05-29T23:29:20Z</time>
        <extensions><gpxtpx:TrackPointExtension>
          <gpxtpx:hr>174</gpxtpx:hr>
        </gpxtpx:TrackPointExtension></extensions>
      </trkpt>
      <trkpt lat="32.019784" lon="118.76279">
        <ele>31.2</ele>
        <time>2026-05-29T23:29:21Z</time>
        <extensions><gpxtpx:TrackPointExtension>
          <gpxtpx:hr>175</gpxtpx:hr>
        </gpxtpx:TrackPointExtension></extensions>
      </trkpt>
      <trkpt lat="32.01982" lon="118.762801">
        <ele>31.2</ele>
        <time>2026-05-29T23:29:22Z</time>
        <extensions><gpxtpx:TrackPointExtension>
          <gpxtpx:hr>174</gpxtpx:hr>
        </gpxtpx:TrackPointExtension></extensions>
      </trkpt>
      <trkpt lat="32.019846" lon="118.762813">
        <ele>31.2</ele>
        <time>2026-05-29T23:29:23Z</time>
        <extensions><gpxtpx:TrackPointExtension>
          <gpxtpx:hr>175</gpxtpx:hr>
        </gpxtpx:TrackPointExtension></extensions>
      </trkpt>
      <trkpt lat="32.019879" lon="118.762824">
        <ele>31.4</ele>
        <time>2026-05-29T23:29:24Z</time>
        <extensions><gpxtpx:TrackPointExtension>
          <gpxtpx:hr>175</gpxtpx:hr>
        </gpxtpx:TrackPointExtension></extensions>
      </trkpt>
      <trkpt lat="32.019903" lon="118.762837">
        <ele>31.4</ele>
        <time>2026-05-29T23:29:25Z</time>
        <extensions><gpxtpx:TrackPointExtension>
          <gpxtpx:hr>175</gpxtpx:hr>
        </gpxtpx:TrackPointExtension></extensions>
      </trkpt>
      <trkpt lat="32.019936" lon="118.762849">
        <ele>31.4</ele>
        <time>2026-05-29T23:29:26Z</time>
        <extensions><gpxtpx:TrackPointExtension>
          <gpxtpx:hr>175</gpxtpx:hr>
        </gpxtpx:TrackPointExtension></extensions>
      </trkpt>
      <trkpt lat="32.019957" lon="118.76286">
        <ele>31.4</ele>
        <time>2026-05-29T23:29:27Z</time>
        <extensions><gpxtpx:TrackPointExtension>
          <gpxtpx:hr>175</gpxtpx:hr>
        </gpxtpx:TrackPointExtension></extensions>
      </trkpt>
      <trkpt lat="32.01999" lon="118.762869">
        <ele>31.4</ele>
        <time>2026-05-29T23:29:28Z</time>
        <extensions><gpxtpx:TrackPointExtension>
          <gpxtpx:hr>176</gpxtpx:hr>
        </gpxtpx:TrackPointExtension></extensions>
      </trkpt>
      <trkpt lat="32.020012" lon="118.762879">
        <ele>31.4</ele>
        <time>2026-05-29T23:29:29Z</time>
        <extensions><gpxtpx:TrackPointExtension>
          <gpxtpx:hr>175</gpxtpx:hr>
        </gpxtpx:TrackPointExtension></extensions>
      </trkpt>
      <trkpt lat="32.020047" lon="118.76289">
        <ele>31.4</ele>
        <time>2026-05-29T23:29:30Z</time>
        <extensions><gpxtpx:TrackPointExtension>
          <gpxtpx:hr>174</gpxtpx:hr>
        </gpxtpx:TrackPointExtension></extensions>
      </trkpt>
      <trkpt lat="32.020073" lon="118.762903">
        <ele>31.4</ele>
        <time>2026-05-29T23:29:31Z</time>
        <extensions><gpxtpx:TrackPointExtension>
          <gpxtpx:hr>174</gpxtpx:hr>
        </gpxtpx:TrackPointExtension></extensions>
      </trkpt>
      <trkpt lat="32.020109" lon="118.762916">
        <ele>31.4</ele>
        <time>2026-05-29T23:29:32Z</time>
        <extensions><gpxtpx:TrackPointExtension>
          <gpxtpx:hr>174</gpxtpx:hr>
        </gpxtpx:TrackPointExtension></extensions>
      </trkpt>
      <trkpt lat="32.020132" lon="118.762926">
        <ele>31.4</ele>
        <time>2026-05-29T23:29:33Z</time>
        <extensions><gpxtpx:TrackPointExtension>
          <gpxtpx:hr>174</gpxtpx:hr>
        </gpxtpx:TrackPointExtension></extensions>
      </trkpt>
      <trkpt lat="32.020168" lon="118.762933">
        <ele>31.6</ele>
        <time>2026-05-29T23:29:34Z</time>
        <extensions><gpxtpx:TrackPointExtension>
          <gpxtpx:hr>175</gpxtpx:hr>
        </gpxtpx:TrackPointExtension></extensions>
      </trkpt>
      <trkpt lat="32.020192" lon="118.76294">
        <ele>31.6</ele>
        <time>2026-05-29T23:29:35Z</time>
        <extensions><gpxtpx:TrackPointExtension>
          <gpxtpx:hr>176</gpxtpx:hr>
        </gpxtpx:TrackPointExtension></extensions>
      </trkpt>
      <trkpt lat="32.020228" lon="118.762948">
        <ele>31.4</ele>
        <time>2026-05-29T23:29:36Z</time>
        <extensions><gpxtpx:TrackPointExtension>
          <gpxtpx:hr>175</gpxtpx:hr>
        </gpxtpx:TrackPointExtension></extensions>
      </trkpt>
      <trkpt lat="32.020255" lon="118.76296">
        <ele>31.4</ele>
        <time>2026-05-29T23:29:37Z</time>
        <extensions><gpxtpx:TrackPointExtension>
          <gpxtpx:hr>175</gpxtpx:hr>
        </gpxtpx:TrackPointExtension></extensions>
      </trkpt>
      <trkpt lat="32.020293" lon="118.762965">
        <ele>31.4</ele>
        <time>2026-05-29T23:29:38Z</time>
        <extensions><gpxtpx:TrackPointExtension>
          <gpxtpx:hr>174</gpxtpx:hr>
        </gpxtpx:TrackPointExtension></extensions>
      </trkpt>
      <trkpt lat="32.020319" lon="118.762978">
        <ele>31.4</ele>
        <time>2026-05-29T23:29:39Z</time>
        <extensions><gpxtpx:TrackPointExtension>
          <gpxtpx:hr>174</gpxtpx:hr>
        </gpxtpx:TrackPointExtension></extensions>
      </trkpt>
      <trkpt lat="32.020359" lon="118.762989">
        <ele>31.4</ele>
        <time>2026-05-29T23:29:40Z</time>
        <extensions><gpxtpx:TrackPointExtension>
          <gpxtpx:hr>175</gpxtpx:hr>
        </gpxtpx:TrackPointExtension></extensions>
      </trkpt>
      <trkpt lat="32.020384" lon="118.763001">
        <ele>31.4</ele>
        <time>2026-05-29T23:29:41Z</time>
        <extensions><gpxtpx:TrackPointExtension>
          <gpxtpx:hr>175</gpxtpx:hr>
        </gpxtpx:TrackPointExtension></extensions>
      </trkpt>
      <trkpt lat="32.020424" lon="118.763011">
        <ele>31.2</ele>
        <time>2026-05-29T23:29:42Z</time>
        <extensions><gpxtpx:TrackPointExtension>
          <gpxtpx:hr>174</gpxtpx:hr>
        </gpxtpx:TrackPointExtension></extensions>
      </trkpt>
      <trkpt lat="32.020449" lon="118.763025">
        <ele>31.2</ele>
        <time>2026-05-29T23:29:43Z</time>
        <extensions><gpxtpx:TrackPointExtension>
          <gpxtpx:hr>175</gpxtpx:hr>
        </gpxtpx:TrackPointExtension></extensions>
      </trkpt>
      <trkpt lat="32.020484" lon="118.763035">
        <ele>31.2</ele>
        <time>2026-05-29T23:29:44Z</time>
        <extensions><gpxtpx:TrackPointExtension>
          <gpxtpx:hr>174</gpxtpx:hr>
        </gpxtpx:TrackPointExtension></extensions>
      </trkpt>
      <trkpt lat="32.020509" lon="118.763047">
        <ele>31.2</ele>
        <time>2026-05-29T23:29:45Z</time>
        <extensions><gpxtpx:TrackPointExtension>
          <gpxtpx:hr>174</gpxtpx:hr>
        </gpxtpx:TrackPointExtension></extensions>
      </trkpt>
      <trkpt lat="32.020546" lon="118.763059">
        <ele>31.4</ele>
        <time>2026-05-29T23:29:46Z</time>
        <extensions><gpxtpx:TrackPointExtension>
          <gpxtpx:hr>175</gpxtpx:hr>
        </gpxtpx:TrackPointExtension></extensions>
      </trkpt>
      <trkpt lat="32.02057" lon="118.76307">
        <ele>31.4</ele>
        <time>2026-05-29T23:29:47Z</time>
        <extensions><gpxtpx:TrackPointExtension>
          <gpxtpx:hr>175</gpxtpx:hr>
        </gpxtpx:TrackPointExtension></extensions>
      </trkpt>
      <trkpt lat="32.020605" lon="118.763078">
        <ele>31.4</ele>
        <time>2026-05-29T23:29:48Z</time>
        <extensions><gpxtpx:TrackPointExtension>
          <gpxtpx:hr>175</gpxtpx:hr>
        </gpxtpx:TrackPointExtension></extensions>
      </trkpt>
      <trkpt lat="32.020628" lon="118.763091">
        <ele>31.4</ele>
        <time>2026-05-29T23:29:49Z</time>
        <extensions><gpxtpx:TrackPointExtension>
          <gpxtpx:hr>171</gpxtpx:hr>
        </gpxtpx:TrackPointExtension></extensions>
      </trkpt>
      <trkpt lat="32.020662" lon="118.763104">
        <ele>31.2</ele>
        <time>2026-05-29T23:29:50Z</time>
        <extensions><gpxtpx:TrackPointExtension>
          <gpxtpx:hr>172</gpxtpx:hr>
        </gpxtpx:TrackPointExtension></extensions>
      </trkpt>
      <trkpt lat="32.020685" lon="118.763117">
        <ele>31.2</ele>
        <time>2026-05-29T23:29:51Z</time>
        <extensions><gpxtpx:TrackPointExtension>
          <gpxtpx:hr>174</gpxtpx:hr>
        </gpxtpx:TrackPointExtension></extensions>
      </trkpt>
      <trkpt lat="32.020721" lon="118.763128">
        <ele>31.2</ele>
        <time>2026-05-29T23:29:52Z</time>
        <extensions><gpxtpx:TrackPointExtension>
          <gpxtpx:hr>172</gpxtpx:hr>
        </gpxtpx:TrackPointExtension></extensions>
      </trkpt>
      <trkpt lat="32.020746" lon="118.76314">
        <ele>31.2</ele>
        <time>2026-05-29T23:29:53Z</time>
        <extensions><gpxtpx:TrackPointExtension>
          <gpxtpx:hr>172</gpxtpx:hr>
        </gpxtpx:TrackPointExtension></extensions>
      </trkpt>
      <trkpt lat="32.020779" lon="118.763147">
        <ele>31.0</ele>
        <time>2026-05-29T23:29:54Z</time>
        <extensions><gpxtpx:TrackPointExtension>
          <gpxtpx:hr>173</gpxtpx:hr>
        </gpxtpx:TrackPointExtension></extensions>
      </trkpt>
      <trkpt lat="32.020805" lon="118.76316">
        <ele>31.0</ele>
        <time>2026-05-29T23:29:55Z</time>
        <extensions><gpxtpx:TrackPointExtension>
          <gpxtpx:hr>173</gpxtpx:hr>
        </gpxtpx:TrackPointExtension></extensions>
      </trkpt>
      <trkpt lat="32.020837" lon="118.763174">
        <ele>31.0</ele>
        <time>2026-05-29T23:29:56Z</time>
        <extensions><gpxtpx:TrackPointExtension>
          <gpxtpx:hr>173</gpxtpx:hr>
        </gpxtpx:TrackPointExtension></extensions>
      </trkpt>
      <trkpt lat="32.02086" lon="118.763184">
        <ele>31.0</ele>
        <time>2026-05-29T23:29:57Z</time>
        <extensions><gpxtpx:TrackPointExtension>
          <gpxtpx:hr>172</gpxtpx:hr>
        </gpxtpx:TrackPointExtension></extensions>
      </trkpt>
      <trkpt lat="32.020897" lon="118.763189">
        <ele>31.0</ele>
        <time>2026-05-29T23:29:58Z</time>
        <extensions><gpxtpx:TrackPointExtension>
          <gpxtpx:hr>172</gpxtpx:hr>
        </gpxtpx:TrackPointExtension></extensions>
      </trkpt>
      <trkpt lat="32.02092" lon="118.763202">
        <ele>31.0</ele>
        <time>2026-05-29T23:29:59Z</time>
        <extensions><gpxtpx:TrackPointExtension>
          <gpxtpx:hr>173</gpxtpx:hr>
        </gpxtpx:TrackPointExtension></extensions>
      </trkpt>
      <trkpt lat="32.02095" lon="118.763215">
        <ele>31.0</ele>
        <time>2026-05-29T23:30:00Z</time>
        <extensions><gpxtpx:TrackPointExtension>
          <gpxtpx:hr>172</gpxtpx:hr>
        </gpxtpx:TrackPointExtension></extensions>
      </trkpt>
      <trkpt lat="32.020974" lon="118.763224">
        <ele>31.0</ele>
        <time>2026-05-29T23:30:01Z</time>
        <extensions><gpxtpx:TrackPointExtension>
          <gpxtpx:hr>173</gpxtpx:hr>
        </gpxtpx:TrackPointExtension></extensions>
      </trkpt>
      <trkpt lat="32.021013" lon="118.763234">
        <ele>31.0</ele>
        <time>2026-05-29T23:30:02Z</time>
        <extensions><gpxtpx:TrackPointExtension>
          <gpxtpx:hr>174</gpxtpx:hr>
        </gpxtpx:TrackPointExtension></extensions>
      </trkpt>
      <trkpt lat="32.021036" lon="118.76324">
        <ele>31.2</ele>
        <time>2026-05-29T23:30:03Z</time>
        <extensions><gpxtpx:TrackPointExtension>
          <gpxtpx:hr>174</gpxtpx:hr>
        </gpxtpx:TrackPointExtension></extensions>
      </trkpt>
      <trkpt lat="32.021068" lon="118.763247">
        <ele>31.4</ele>
        <time>2026-05-29T23:30:04Z</time>
        <extensions><gpxtpx:TrackPointExtension>
          <gpxtpx:hr>174</gpxtpx:hr>
        </gpxtpx:TrackPointExtension></extensions>
      </trkpt>
      <trkpt lat="32.021094" lon="118.763254">
        <ele>31.6</ele>
        <time>2026-05-29T23:30:05Z</time>
        <extensions><gpxtpx:TrackPointExtension>
          <gpxtpx:hr>174</gpxtpx:hr>
        </gpxtpx:TrackPointExtension></extensions>
      </trkpt>
      <trkpt lat="32.021128" lon="118.763256">
        <ele>31.8</ele>
        <time>2026-05-29T23:30:06Z</time>
        <extensions><gpxtpx:TrackPointExtension>
          <gpxtpx:hr>174</gpxtpx:hr>
        </gpxtpx:TrackPointExtension></extensions>
      </trkpt>
      <trkpt lat="32.021154" lon="118.763268">
        <ele>32.0</ele>
        <time>2026-05-29T23:30:07Z</time>
        <extensions><gpxtpx:TrackPointExtension>
          <gpxtpx:hr>173</gpxtpx:hr>
        </gpxtpx:TrackPointExtension></extensions>
      </trkpt>
      <trkpt lat="32.021191" lon="118.76327">
        <ele>32.0</ele>
        <time>2026-05-29T23:30:08Z</time>
        <extensions><gpxtpx:TrackPointExtension>
          <gpxtpx:hr>174</gpxtpx:hr>
        </gpxtpx:TrackPointExtension></extensions>
      </trkpt>
      <trkpt lat="32.021215" lon="118.763278">
        <ele>32.0</ele>
        <time>2026-05-29T23:30:09Z</time>
        <extensions><gpxtpx:TrackPointExtension>
          <gpxtpx:hr>174</gpxtpx:hr>
        </gpxtpx:TrackPointExtension></extensions>
      </trkpt>
      <trkpt lat="32.021256" lon="118.763287">
        <ele>32.0</ele>
        <time>2026-05-29T23:30:10Z</time>
        <extensions><gpxtpx:TrackPointExtension>
          <gpxtpx:hr>174</gpxtpx:hr>
        </gpxtpx:TrackPointExtension></extensions>
      </trkpt>
      <trkpt lat="32.021283" lon="118.763294">
        <ele>31.8</ele>
        <time>2026-05-29T23:30:11Z</time>
        <extensions><gpxtpx:TrackPointExtension>
          <gpxtpx:hr>174</gpxtpx:hr>
        </gpxtpx:TrackPointExtension></extensions>
      </trkpt>
      <trkpt lat="32.021317" lon="118.763302">
        <ele>32.0</ele>
        <time>2026-05-29T23:30:12Z</time>
        <extensions><gpxtpx:TrackPointExtension>
          <gpxtpx:hr>175</gpxtpx:hr>
        </gpxtpx:TrackPointExtension></extensions>
      </trkpt>
      <trkpt lat="32.021345" lon="118.763315">
        <ele>32.0</ele>
        <time>2026-05-29T23:30:13Z</time>
        <extensions><gpxtpx:TrackPointExtension>
          <gpxtpx:hr>174</gpxtpx:hr>
        </gpxtpx:TrackPointExtension></extensions>
      </trkpt>
      <trkpt lat="32.021376" lon="118.763326">
        <ele>32.0</ele>
        <time>2026-05-29T23:30:14Z</time>
        <extensions><gpxtpx:TrackPointExtension>
          <gpxtpx:hr>175</gpxtpx:hr>
        </gpxtpx:TrackPointExtension></extensions>
      </trkpt>
      <trkpt lat="32.021411" lon="118.763329">
        <ele>32.0</ele>
        <time>2026-05-29T23:30:15Z</time>
        <extensions><gpxtpx:TrackPointExtension>
          <gpxtpx:hr>174</gpxtpx:hr>
        </gpxtpx:TrackPointExtension></extensions>
      </trkpt>
      <trkpt lat="32.021445" lon="118.763338">
        <ele>31.8</ele>
        <time>2026-05-29T23:30:16Z</time>
        <extensions><gpxtpx:TrackPointExtension>
          <gpxtpx:hr>175</gpxtpx:hr>
        </gpxtpx:TrackPointExtension></extensions>
      </trkpt>
      <trkpt lat="32.021485" lon="118.763327">
        <ele>31.6</ele>
        <time>2026-05-29T23:30:17Z</time>
        <extensions><gpxtpx:TrackPointExtension>
          <gpxtpx:hr>175</gpxtpx:hr>
        </gpxtpx:TrackPointExtension></extensions>
      </trkpt>
      <trkpt lat="32.021521" lon="118.763324">
        <ele>31.6</ele>
        <time>2026-05-29T23:30:18Z</time>
        <extensions><gpxtpx:TrackPointExtension>
          <gpxtpx:hr>175</gpxtpx:hr>
        </gpxtpx:TrackPointExtension></extensions>
      </trkpt>
      <trkpt lat="32.021562" lon="118.76331">
        <ele>31.4</ele>
        <time>2026-05-29T23:30:19Z</time>
        <extensions><gpxtpx:TrackPointExtension>
          <gpxtpx:hr>175</gpxtpx:hr>
        </gpxtpx:TrackPointExtension></extensions>
      </trkpt>
      <trkpt lat="32.02159" lon="118.763306">
        <ele>31.2</ele>
        <time>2026-05-29T23:30:20Z</time>
        <extensions><gpxtpx:TrackPointExtension>
          <gpxtpx:hr>174</gpxtpx:hr>
        </gpxtpx:TrackPointExtension></extensions>
      </trkpt>
      <trkpt lat="32.021632" lon="118.763295">
        <ele>31.2</ele>
        <time>2026-05-29T23:30:21Z</time>
        <extensions><gpxtpx:TrackPointExtension>
          <gpxtpx:hr>174</gpxtpx:hr>
        </gpxtpx:TrackPointExtension></extensions>
      </trkpt>
      <trkpt lat="32.021659" lon="118.763298">
        <ele>31.0</ele>
        <time>2026-05-29T23:30:22Z</time>
        <extensions><gpxtpx:TrackPointExtension>
          <gpxtpx:hr>174</gpxtpx:hr>
        </gpxtpx:TrackPointExtension></extensions>
      </trkpt>
      <trkpt lat="32.021695" lon="118.763293">
        <ele>31.0</ele>
        <time>2026-05-29T23:30:23Z</time>
        <extensions><gpxtpx:TrackPointExtension>
          <gpxtpx:hr>175</gpxtpx:hr>
        </gpxtpx:TrackPointExtension></extensions>
      </trkpt>
      <trkpt lat="32.021728" lon="118.763289">
        <ele>31.0</ele>
        <time>2026-05-29T23:30:24Z</time>
        <extensions><gpxtpx:TrackPointExtension>
          <gpxtpx:hr>175</gpxtpx:hr>
        </gpxtpx:TrackPointExtension></extensions>
      </trkpt>
      <trkpt lat="32.021764" lon="118.763278">
        <ele>30.8</ele>
        <time>2026-05-29T23:30:25Z</time>
        <extensions><gpxtpx:TrackPointExtension>
          <gpxtpx:hr>175</gpxtpx:hr>
        </gpxtpx:TrackPointExtension></extensions>
      </trkpt>
      <trkpt lat="32.021791" lon="118.76327">
        <ele>30.8</ele>
        <time>2026-05-29T23:30:26Z</time>
        <extensions><gpxtpx:TrackPointExtension>
          <gpxtpx:hr>177</gpxtpx:hr>
        </gpxtpx:TrackPointExtension></extensions>
      </trkpt>
      <trkpt lat="32.021821" lon="118.76326">
        <ele>30.8</ele>
        <time>2026-05-29T23:30:27Z</time>
        <extensions><gpxtpx:TrackPointExtension>
          <gpxtpx:hr>176</gpxtpx:hr>
        </gpxtpx:TrackPointExtension></extensions>
      </trkpt>
      <trkpt lat="32.021851" lon="118.763264">
        <ele>30.8</ele>
        <time>2026-05-29T23:30:28Z</time>
        <extensions><gpxtpx:TrackPointExtension>
          <gpxtpx:hr>175</gpxtpx:hr>
        </gpxtpx:TrackPointExtension></extensions>
      </trkpt>
      <trkpt lat="32.021882" lon="118.763272">
        <ele>30.8</ele>
        <time>2026-05-29T23:30:29Z</time>
        <extensions><gpxtpx:TrackPointExtension>
          <gpxtpx:hr>176</gpxtpx:hr>
        </gpxtpx:TrackPointExtension></extensions>
      </trkpt>
      <trkpt lat="32.021914" lon="118.763273">
        <ele>30.6</ele>
        <time>2026-05-29T23:30:30Z</time>
        <extensions><gpxtpx:TrackPointExtension>
          <gpxtpx:hr>176</gpxtpx:hr>
        </gpxtpx:TrackPointExtension></extensions>
      </trkpt>
      <trkpt lat="32.021943" lon="118.763277">
        <ele>30.6</ele>
        <time>2026-05-29T23:30:31Z</time>
        <extensions><gpxtpx:TrackPointExtension>
          <gpxtpx:hr>174</gpxtpx:hr>
        </gpxtpx:TrackPointExtension></extensions>
      </trkpt>
      <trkpt lat="32.021978" lon="118.763274">
        <ele>30.6</ele>
        <time>2026-05-29T23:30:32Z</time>
        <extensions><gpxtpx:TrackPointExtension>
          <gpxtpx:hr>175</gpxtpx:hr>
        </gpxtpx:TrackPointExtension></extensions>
      </trkpt>
      <trkpt lat="32.022009" lon="118.763277">
        <ele>30.4</ele>
        <time>2026-05-29T23:30:33Z</time>
        <extensions><gpxtpx:TrackPointExtension>
          <gpxtpx:hr>175</gpxtpx:hr>
        </gpxtpx:TrackPointExtension></extensions>
      </trkpt>
      <trkpt lat="32.022047" lon="118.763279">
        <ele>30.4</ele>
        <time>2026-05-29T23:30:34Z</time>
        <extensions><gpxtpx:TrackPointExtension>
          <gpxtpx:hr>175</gpxtpx:hr>
        </gpxtpx:TrackPointExtension></extensions>
      </trkpt>
      <trkpt lat="32.022074" lon="118.763282">
        <ele>30.4</ele>
        <time>2026-05-29T23:30:35Z</time>
        <extensions><gpxtpx:TrackPointExtension>
          <gpxtpx:hr>174</gpxtpx:hr>
        </gpxtpx:TrackPointExtension></extensions>
      </trkpt>
      <trkpt lat="32.022111" lon="118.763285">
        <ele>30.4</ele>
        <time>2026-05-29T23:30:36Z</time>
        <extensions><gpxtpx:TrackPointExtension>
          <gpxtpx:hr>173</gpxtpx:hr>
        </gpxtpx:TrackPointExtension></extensions>
      </trkpt>
      <trkpt lat="32.022134" lon="118.763289">
        <ele>30.4</ele>
        <time>2026-05-29T23:30:37Z</time>
        <extensions><gpxtpx:TrackPointExtension>
          <gpxtpx:hr>173</gpxtpx:hr>
        </gpxtpx:TrackPointExtension></extensions>
      </trkpt>
      <trkpt lat="32.022173" lon="118.763288">
        <ele>30.2</ele>
        <time>2026-05-29T23:30:38Z</time>
        <extensions><gpxtpx:TrackPointExtension>
          <gpxtpx:hr>172</gpxtpx:hr>
        </gpxtpx:TrackPointExtension></extensions>
      </trkpt>
      <trkpt lat="32.022198" lon="118.763296">
        <ele>30.4</ele>
        <time>2026-05-29T23:30:39Z</time>
        <extensions><gpxtpx:TrackPointExtension>
          <gpxtpx:hr>173</gpxtpx:hr>
        </gpxtpx:TrackPointExtension></extensions>
      </trkpt>
      <trkpt lat="32.022233" lon="118.7633">
        <ele>30.4</ele>
        <time>2026-05-29T23:30:40Z</time>
        <extensions><gpxtpx:TrackPointExtension>
          <gpxtpx:hr>173</gpxtpx:hr>
        </gpxtpx:TrackPointExtension></extensions>
      </trkpt>
      <trkpt lat="32.022256" lon="118.763307">
        <ele>30.4</ele>
        <time>2026-05-29T23:30:41Z</time>
        <extensions><gpxtpx:TrackPointExtension>
          <gpxtpx:hr>172</gpxtpx:hr>
        </gpxtpx:TrackPointExtension></extensions>
      </trkpt>
      <trkpt lat="32.022292" lon="118.763308">
        <ele>30.4</ele>
        <time>2026-05-29T23:30:42Z</time>
        <extensions><gpxtpx:TrackPointExtension>
          <gpxtpx:hr>172</gpxtpx:hr>
        </gpxtpx:TrackPointExtension></extensions>
      </trkpt>
      <trkpt lat="32.022318" lon="118.763311">
        <ele>30.4</ele>
        <time>2026-05-29T23:30:43Z</time>
        <extensions><gpxtpx:TrackPointExtension>
          <gpxtpx:hr>172</gpxtpx:hr>
        </gpxtpx:TrackPointExtension></extensions>
      </trkpt>
      <trkpt lat="32.022357" lon="118.763311">
        <ele>30.4</ele>
        <time>2026-05-29T23:30:44Z</time>
        <extensions><gpxtpx:TrackPointExtension>
          <gpxtpx:hr>173</gpxtpx:hr>
        </gpxtpx:TrackPointExtension></extensions>
      </trkpt>
      <trkpt lat="32.022385" lon="118.76332">
        <ele>30.4</ele>
        <time>2026-05-29T23:30:45Z</time>
        <extensions><gpxtpx:TrackPointExtension>
          <gpxtpx:hr>173</gpxtpx:hr>
        </gpxtpx:TrackPointExtension></extensions>
      </trkpt>
      <trkpt lat="32.022423" lon="118.763323">
        <ele>30.4</ele>
        <time>2026-05-29T23:30:46Z</time>
        <extensions><gpxtpx:TrackPointExtension>
          <gpxtpx:hr>171</gpxtpx:hr>
        </gpxtpx:TrackPointExtension></extensions>
      </trkpt>
      <trkpt lat="32.022448" lon="118.763332">
        <ele>30.4</ele>
        <time>2026-05-29T23:30:47Z</time>
        <extensions><gpxtpx:TrackPointExtension>
          <gpxtpx:hr>171</gpxtpx:hr>
        </gpxtpx:TrackPointExtension></extensions>
      </trkpt>
      <trkpt lat="32.022484" lon="118.763334">
        <ele>30.4</ele>
        <time>2026-05-29T23:30:48Z</time>
        <extensions><gpxtpx:TrackPointExtension>
          <gpxtpx:hr>171</gpxtpx:hr>
        </gpxtpx:TrackPointExtension></extensions>
      </trkpt>
      <trkpt lat="32.02251" lon="118.76334">
        <ele>30.4</ele>
        <time>2026-05-29T23:30:49Z</time>
        <extensions><gpxtpx:TrackPointExtension>
          <gpxtpx:hr>171</gpxtpx:hr>
        </gpxtpx:TrackPointExtension></extensions>
      </trkpt>
      <trkpt lat="32.022544" lon="118.763344">
        <ele>30.4</ele>
        <time>2026-05-29T23:30:50Z</time>
        <extensions><gpxtpx:TrackPointExtension>
          <gpxtpx:hr>172</gpxtpx:hr>
        </gpxtpx:TrackPointExtension></extensions>
      </trkpt>
      <trkpt lat="32.022569" lon="118.763349">
        <ele>30.4</ele>
        <time>2026-05-29T23:30:51Z</time>
        <extensions><gpxtpx:TrackPointExtension>
          <gpxtpx:hr>172</gpxtpx:hr>
        </gpxtpx:TrackPointExtension></extensions>
      </trkpt>
      <trkpt lat="32.022602" lon="118.763346">
        <ele>30.6</ele>
        <time>2026-05-29T23:30:52Z</time>
        <extensions><gpxtpx:TrackPointExtension>
          <gpxtpx:hr>172</gpxtpx:hr>
        </gpxtpx:TrackPointExtension></extensions>
      </trkpt>
      <trkpt lat="32.022626" lon="118.76335">
        <ele>30.6</ele>
        <time>2026-05-29T23:30:53Z</time>
        <extensions><gpxtpx:TrackPointExtension>
          <gpxtpx:hr>171</gpxtpx:hr>
        </gpxtpx:TrackPointExtension></extensions>
      </trkpt>
      <trkpt lat="32.022663" lon="118.763352">
        <ele>30.6</ele>
        <time>2026-05-29T23:30:54Z</time>
        <extensions><gpxtpx:TrackPointExtension>
          <gpxtpx:hr>170</gpxtpx:hr>
        </gpxtpx:TrackPointExtension></extensions>
      </trkpt>
      <trkpt lat="32.022687" lon="118.763356">
        <ele>30.6</ele>
        <time>2026-05-29T23:30:55Z</time>
        <extensions><gpxtpx:TrackPointExtension>
          <gpxtpx:hr>171</gpxtpx:hr>
        </gpxtpx:TrackPointExtension></extensions>
      </trkpt>
      <trkpt lat="32.022723" lon="118.763361">
        <ele>30.6</ele>
        <time>2026-05-29T23:30:56Z</time>
        <extensions><gpxtpx:TrackPointExtension>
          <gpxtpx:hr>171</gpxtpx:hr>
        </gpxtpx:TrackPointExtension></extensions>
      </trkpt>
      <trkpt lat="32.022749" lon="118.763369">
        <ele>30.6</ele>
        <time>2026-05-29T23:30:57Z</time>
        <extensions><gpxtpx:TrackPointExtension>
          <gpxtpx:hr>172</gpxtpx:hr>
        </gpxtpx:TrackPointExtension></extensions>
      </trkpt>
      <trkpt lat="32.022786" lon="118.763375">
        <ele>30.4</ele>
        <time>2026-05-29T23:30:58Z</time>
        <extensions><gpxtpx:TrackPointExtension>
          <gpxtpx:hr>173</gpxtpx:hr>
        </gpxtpx:TrackPointExtension></extensions>
      </trkpt>
      <trkpt lat="32.022813" lon="118.763382">
        <ele>30.4</ele>
        <time>2026-05-29T23:30:59Z</time>
        <extensions><gpxtpx:TrackPointExtension>
          <gpxtpx:hr>174</gpxtpx:hr>
        </gpxtpx:TrackPointExtension></extensions>
      </trkpt>
      <trkpt lat="32.02285" lon="118.763385">
        <ele>30.4</ele>
        <time>2026-05-29T23:31:00Z</time>
        <extensions><gpxtpx:TrackPointExtension>
          <gpxtpx:hr>172</gpxtpx:hr>
        </gpxtpx:TrackPointExtension></extensions>
      </trkpt>
      <trkpt lat="32.022874" lon="118.763393">
        <ele>30.4</ele>
        <time>2026-05-29T23:31:01Z</time>
        <extensions><gpxtpx:TrackPointExtension>
          <gpxtpx:hr>172</gpxtpx:hr>
        </gpxtpx:TrackPointExtension></extensions>
      </trkpt>
      <trkpt lat="32.022909" lon="118.763393">
        <ele>30.4</ele>
        <time>2026-05-29T23:31:02Z</time>
        <extensions><gpxtpx:TrackPointExtension>
          <gpxtpx:hr>171</gpxtpx:hr>
        </gpxtpx:TrackPointExtension></extensions>
      </trkpt>
      <trkpt lat="32.022934" lon="118.763398">
        <ele>30.4</ele>
        <time>2026-05-29T23:31:03Z</time>
        <extensions><gpxtpx:TrackPointExtension>
          <gpxtpx:hr>172</gpxtpx:hr>
        </gpxtpx:TrackPointExtension></extensions>
      </trkpt>
      <trkpt lat="32.022968" lon="118.763394">
        <ele>30.4</ele>
        <time>2026-05-29T23:31:04Z</time>
        <extensions><gpxtpx:TrackPointExtension>
          <gpxtpx:hr>172</gpxtpx:hr>
        </gpxtpx:TrackPointExtension></extensions>
      </trkpt>
      <trkpt lat="32.022994" lon="118.763398">
        <ele>30.4</ele>
        <time>2026-05-29T23:31:05Z</time>
        <extensions><gpxtpx:TrackPointExtension>
          <gpxtpx:hr>173</gpxtpx:hr>
        </gpxtpx:TrackPointExtension></extensions>
      </trkpt>
      <trkpt lat="32.02303" lon="118.763402">
        <ele>30.4</ele>
        <time>2026-05-29T23:31:06Z</time>
        <extensions><gpxtpx:TrackPointExtension>
          <gpxtpx:hr>173</gpxtpx:hr>
        </gpxtpx:TrackPointExtension></extensions>
      </trkpt>
      <trkpt lat="32.023056" lon="118.763408">
        <ele>30.4</ele>
        <time>2026-05-29T23:31:07Z</time>
        <extensions><gpxtpx:TrackPointExtension>
          <gpxtpx:hr>173</gpxtpx:hr>
        </gpxtpx:TrackPointExtension></extensions>
      </trkpt>
      <trkpt lat="32.023092" lon="118.763412">
        <ele>30.2</ele>
        <time>2026-05-29T23:31:08Z</time>
        <extensions><gpxtpx:TrackPointExtension>
          <gpxtpx:hr>173</gpxtpx:hr>
        </gpxtpx:TrackPointExtension></extensions>
      </trkpt>
      <trkpt lat="32.023115" lon="118.763419">
        <ele>30.4</ele>
        <time>2026-05-29T23:31:09Z</time>
        <extensions><gpxtpx:TrackPointExtension>
          <gpxtpx:hr>173</gpxtpx:hr>
        </gpxtpx:TrackPointExtension></extensions>
      </trkpt>
      <trkpt lat="32.023152" lon="118.763424">
        <ele>30.4</ele>
        <time>2026-05-29T23:31:10Z</time>
        <extensions><gpxtpx:TrackPointExtension>
          <gpxtpx:hr>172</gpxtpx:hr>
        </gpxtpx:TrackPointExtension></extensions>
      </trkpt>
      <trkpt lat="32.023176" lon="118.763431">
        <ele>30.4</ele>
        <time>2026-05-29T23:31:11Z</time>
        <extensions><gpxtpx:TrackPointExtension>
          <gpxtpx:hr>173</gpxtpx:hr>
        </gpxtpx:TrackPointExtension></extensions>
      </trkpt>
      <trkpt lat="32.023212" lon="118.763437">
        <ele>30.4</ele>
        <time>2026-05-29T23:31:12Z</time>
        <extensions><gpxtpx:TrackPointExtension>
          <gpxtpx:hr>173</gpxtpx:hr>
        </gpxtpx:TrackPointExtension></extensions>
      </trkpt>
      <trkpt lat="32.023237" lon="118.763447">
        <ele>30.4</ele>
        <time>2026-05-29T23:31:13Z</time>
        <extensions><gpxtpx:TrackPointExtension>
          <gpxtpx:hr>172</gpxtpx:hr>
        </gpxtpx:TrackPointExtension></extensions>
      </trkpt>
      <trkpt lat="32.023273" lon="118.763451">
        <ele>30.4</ele>
        <time>2026-05-29T23:31:14Z</time>
        <extensions><gpxtpx:TrackPointExtension>
          <gpxtpx:hr>172</gpxtpx:hr>
        </gpxtpx:TrackPointExtension></extensions>
      </trkpt>
      <trkpt lat="32.023298" lon="118.763461">
        <ele>30.4</ele>
        <time>2026-05-29T23:31:15Z</time>
        <extensions><gpxtpx:TrackPointExtension>
          <gpxtpx:hr>173</gpxtpx:hr>
        </gpxtpx:TrackPointExtension></extensions>
      </trkpt>
      <trkpt lat="32.023336" lon="118.763469">
        <ele>30.4</ele>
        <time>2026-05-29T23:31:16Z</time>
        <extensions><gpxtpx:TrackPointExtension>
          <gpxtpx:hr>173</gpxtpx:hr>
        </gpxtpx:TrackPointExtension></extensions>
      </trkpt>
      <trkpt lat="32.023363" lon="118.763477">
        <ele>30.4</ele>
        <time>2026-05-29T23:31:17Z</time>
        <extensions><gpxtpx:TrackPointExtension>
          <gpxtpx:hr>173</gpxtpx:hr>
        </gpxtpx:TrackPointExtension></extensions>
      </trkpt>
      <trkpt lat="32.023399" lon="118.763482">
        <ele>30.4</ele>
        <time>2026-05-29T23:31:18Z</time>
        <extensions><gpxtpx:TrackPointExtension>
          <gpxtpx:hr>171</gpxtpx:hr>
        </gpxtpx:TrackPointExtension></extensions>
      </trkpt>
      <trkpt lat="32.023425" lon="118.763489">
        <ele>30.4</ele>
        <time>2026-05-29T23:31:19Z</time>
        <extensions><gpxtpx:TrackPointExtension>
          <gpxtpx:hr>172</gpxtpx:hr>
        </gpxtpx:TrackPointExtension></extensions>
      </trkpt>
      <trkpt lat="32.023445" lon="118.763489">
        <ele>30.4</ele>
        <time>2026-05-29T23:31:20Z</time>
        <extensions><gpxtpx:TrackPointExtension>
          <gpxtpx:hr>172</gpxtpx:hr>
        </gpxtpx:TrackPointExtension></extensions>
      </trkpt>
      <trkpt lat="32.023485" lon="118.763495">
        <ele>30.4</ele>
        <time>2026-05-29T23:31:21Z</time>
        <extensions><gpxtpx:TrackPointExtension>
          <gpxtpx:hr>173</gpxtpx:hr>
        </gpxtpx:TrackPointExtension></extensions>
      </trkpt>
      <trkpt lat="32.02352" lon="118.763497">
        <ele>30.4</ele>
        <time>2026-05-29T23:31:22Z</time>
        <extensions><gpxtpx:TrackPointExtension>
          <gpxtpx:hr>173</gpxtpx:hr>
        </gpxtpx:TrackPointExtension></extensions>
      </trkpt>
      <trkpt lat="32.023549" lon="118.763503">
        <ele>30.6</ele>
        <time>2026-05-29T23:31:23Z</time>
        <extensions><gpxtpx:TrackPointExtension>
          <gpxtpx:hr>173</gpxtpx:hr>
        </gpxtpx:TrackPointExtension></extensions>
      </trkpt>
      <trkpt lat="32.02358" lon="118.763511">
        <ele>30.8</ele>
        <time>2026-05-29T23:31:24Z</time>
        <extensions><gpxtpx:TrackPointExtension>
          <gpxtpx:hr>173</gpxtpx:hr>
        </gpxtpx:TrackPointExtension></extensions>
      </trkpt>
      <trkpt lat="32.023609" lon="118.763521">
        <ele>30.8</ele>
        <time>2026-05-29T23:31:25Z</time>
        <extensions><gpxtpx:TrackPointExtension>
          <gpxtpx:hr>173</gpxtpx:hr>
        </gpxtpx:TrackPointExtension></extensions>
      </trkpt>
      <trkpt lat="32.023641" lon="118.763526">
        <ele>30.8</ele>
        <time>2026-05-29T23:31:26Z</time>
        <extensions><gpxtpx:TrackPointExtension>
          <gpxtpx:hr>173</gpxtpx:hr>
        </gpxtpx:TrackPointExtension></extensions>
      </trkpt>
      <trkpt lat="32.023668" lon="118.763536">
        <ele>30.8</ele>
        <time>2026-05-29T23:31:27Z</time>
        <extensions><gpxtpx:TrackPointExtension>
          <gpxtpx:hr>173</gpxtpx:hr>
        </gpxtpx:TrackPointExtension></extensions>
      </trkpt>
      <trkpt lat="32.023698" lon="118.76354">
        <ele>30.8</ele>
        <time>2026-05-29T23:31:28Z</time>
        <extensions><gpxtpx:TrackPointExtension>
          <gpxtpx:hr>173</gpxtpx:hr>
        </gpxtpx:TrackPointExtension></extensions>
      </trkpt>
      <trkpt lat="32.023723" lon="118.763547">
        <ele>30.6</ele>
        <time>2026-05-29T23:31:29Z</time>
        <extensions><gpxtpx:TrackPointExtension>
          <gpxtpx:hr>172</gpxtpx:hr>
        </gpxtpx:TrackPointExtension></extensions>
      </trkpt>
      <trkpt lat="32.023758" lon="118.763552">
        <ele>30.6</ele>
        <time>2026-05-29T23:31:30Z</time>
        <extensions><gpxtpx:TrackPointExtension>
          <gpxtpx:hr>175</gpxtpx:hr>
        </gpxtpx:TrackPointExtension></extensions>
      </trkpt>
      <trkpt lat="32.023784" lon="118.763561">
        <ele>30.6</ele>
        <time>2026-05-29T23:31:31Z</time>
        <extensions><gpxtpx:TrackPointExtension>
          <gpxtpx:hr>176</gpxtpx:hr>
        </gpxtpx:TrackPointExtension></extensions>
      </trkpt>
      <trkpt lat="32.023821" lon="118.76357">
        <ele>30.6</ele>
        <time>2026-05-29T23:31:32Z</time>
        <extensions><gpxtpx:TrackPointExtension>
          <gpxtpx:hr>176</gpxtpx:hr>
        </gpxtpx:TrackPointExtension></extensions>
      </trkpt>
      <trkpt lat="32.023849" lon="118.763579">
        <ele>30.6</ele>
        <time>2026-05-29T23:31:33Z</time>
        <extensions><gpxtpx:TrackPointExtension>
          <gpxtpx:hr>174</gpxtpx:hr>
        </gpxtpx:TrackPointExtension></extensions>
      </trkpt>
      <trkpt lat="32.023883" lon="118.76359">
        <ele>30.6</ele>
        <time>2026-05-29T23:31:34Z</time>
        <extensions><gpxtpx:TrackPointExtension>
          <gpxtpx:hr>175</gpxtpx:hr>
        </gpxtpx:TrackPointExtension></extensions>
      </trkpt>
      <trkpt lat="32.023908" lon="118.763602">
        <ele>30.6</ele>
        <time>2026-05-29T23:31:35Z</time>
        <extensions><gpxtpx:TrackPointExtension>
          <gpxtpx:hr>175</gpxtpx:hr>
        </gpxtpx:TrackPointExtension></extensions>
      </trkpt>
      <trkpt lat="32.023943" lon="118.763614">
        <ele>30.6</ele>
        <time>2026-05-29T23:31:36Z</time>
        <extensions><gpxtpx:TrackPointExtension>
          <gpxtpx:hr>174</gpxtpx:hr>
        </gpxtpx:TrackPointExtension></extensions>
      </trkpt>
      <trkpt lat="32.023966" lon="118.763624">
        <ele>30.6</ele>
        <time>2026-05-29T23:31:37Z</time>
        <extensions><gpxtpx:TrackPointExtension>
          <gpxtpx:hr>174</gpxtpx:hr>
        </gpxtpx:TrackPointExtension></extensions>
      </trkpt>
      <trkpt lat="32.024004" lon="118.763631">
        <ele>30.4</ele>
        <time>2026-05-29T23:31:38Z</time>
        <extensions><gpxtpx:TrackPointExtension>
          <gpxtpx:hr>173</gpxtpx:hr>
        </gpxtpx:TrackPointExtension></extensions>
      </trkpt>
      <trkpt lat="32.024032" lon="118.76364">
        <ele>30.2</ele>
        <time>2026-05-29T23:31:39Z</time>
        <extensions><gpxtpx:TrackPointExtension>
          <gpxtpx:hr>173</gpxtpx:hr>
        </gpxtpx:TrackPointExtension></extensions>
      </trkpt>
      <trkpt lat="32.024068" lon="118.76365">
        <ele>30.2</ele>
        <time>2026-05-29T23:31:40Z</time>
        <extensions><gpxtpx:TrackPointExtension>
          <gpxtpx:hr>174</gpxtpx:hr>
        </gpxtpx:TrackPointExtension></extensions>
      </trkpt>
      <trkpt lat="32.024093" lon="118.763658">
        <ele>30.2</ele>
        <time>2026-05-29T23:31:41Z</time>
        <extensions><gpxtpx:TrackPointExtension>
          <gpxtpx:hr>175</gpxtpx:hr>
        </gpxtpx:TrackPointExtension></extensions>
      </trkpt>
      <trkpt lat="32.02413" lon="118.763663">
        <ele>30.2</ele>
        <time>2026-05-29T23:31:42Z</time>
        <extensions><gpxtpx:TrackPointExtension>
          <gpxtpx:hr>175</gpxtpx:hr>
        </gpxtpx:TrackPointExtension></extensions>
      </trkpt>
      <trkpt lat="32.024153" lon="118.763674">
        <ele>30.2</ele>
        <time>2026-05-29T23:31:43Z</time>
        <extensions><gpxtpx:TrackPointExtension>
          <gpxtpx:hr>175</gpxtpx:hr>
        </gpxtpx:TrackPointExtension></extensions>
      </trkpt>
      <trkpt lat="32.024188" lon="118.76368">
        <ele>30.2</ele>
        <time>2026-05-29T23:31:44Z</time>
        <extensions><gpxtpx:TrackPointExtension>
          <gpxtpx:hr>174</gpxtpx:hr>
        </gpxtpx:TrackPointExtension></extensions>
      </trkpt>
      <trkpt lat="32.024208" lon="118.763687">
        <ele>30.4</ele>
        <time>2026-05-29T23:31:45Z</time>
        <extensions><gpxtpx:TrackPointExtension>
          <gpxtpx:hr>174</gpxtpx:hr>
        </gpxtpx:TrackPointExtension></extensions>
      </trkpt>
      <trkpt lat="32.024248" lon="118.763692">
        <ele>30.4</ele>
        <time>2026-05-29T23:31:46Z</time>
        <extensions><gpxtpx:TrackPointExtension>
          <gpxtpx:hr>174</gpxtpx:hr>
        </gpxtpx:TrackPointExtension></extensions>
      </trkpt>
      <trkpt lat="32.024275" lon="118.763705">
        <ele>30.4</ele>
        <time>2026-05-29T23:31:47Z</time>
        <extensions><gpxtpx:TrackPointExtension>
          <gpxtpx:hr>173</gpxtpx:hr>
        </gpxtpx:TrackPointExtension></extensions>
      </trkpt>
      <trkpt lat="32.024309" lon="118.763719">
        <ele>30.4</ele>
        <time>2026-05-29T23:31:48Z</time>
        <extensions><gpxtpx:TrackPointExtension>
          <gpxtpx:hr>173</gpxtpx:hr>
        </gpxtpx:TrackPointExtension></extensions>
      </trkpt>
      <trkpt lat="32.024335" lon="118.763726">
        <ele>30.2</ele>
        <time>2026-05-29T23:31:49Z</time>
        <extensions><gpxtpx:TrackPointExtension>
          <gpxtpx:hr>173</gpxtpx:hr>
        </gpxtpx:TrackPointExtension></extensions>
      </trkpt>
      <trkpt lat="32.024373" lon="118.763732">
        <ele>30.2</ele>
        <time>2026-05-29T23:31:50Z</time>
        <extensions><gpxtpx:TrackPointExtension>
          <gpxtpx:hr>175</gpxtpx:hr>
        </gpxtpx:TrackPointExtension></extensions>
      </trkpt>
      <trkpt lat="32.024392" lon="118.763738">
        <ele>30.2</ele>
        <time>2026-05-29T23:31:51Z</time>
        <extensions><gpxtpx:TrackPointExtension>
          <gpxtpx:hr>175</gpxtpx:hr>
        </gpxtpx:TrackPointExtension></extensions>
      </trkpt>
      <trkpt lat="32.024426" lon="118.763742">
        <ele>30.2</ele>
        <time>2026-05-29T23:31:52Z</time>
        <extensions><gpxtpx:TrackPointExtension>
          <gpxtpx:hr>176</gpxtpx:hr>
        </gpxtpx:TrackPointExtension></extensions>
      </trkpt>
      <trkpt lat="32.02445" lon="118.763748">
        <ele>30.2</ele>
        <time>2026-05-29T23:31:53Z</time>
        <extensions><gpxtpx:TrackPointExtension>
          <gpxtpx:hr>174</gpxtpx:hr>
        </gpxtpx:TrackPointExtension></extensions>
      </trkpt>
      <trkpt lat="32.024487" lon="118.763756">
        <ele>30.2</ele>
        <time>2026-05-29T23:31:54Z</time>
        <extensions><gpxtpx:TrackPointExtension>
          <gpxtpx:hr>174</gpxtpx:hr>
        </gpxtpx:TrackPointExtension></extensions>
      </trkpt>
      <trkpt lat="32.024511" lon="118.763764">
        <ele>30.2</ele>
        <time>2026-05-29T23:31:55Z</time>
        <extensions><gpxtpx:TrackPointExtension>
          <gpxtpx:hr>173</gpxtpx:hr>
        </gpxtpx:TrackPointExtension></extensions>
      </trkpt>
      <trkpt lat="32.024549" lon="118.763765">
        <ele>30.2</ele>
        <time>2026-05-29T23:31:56Z</time>
        <extensions><gpxtpx:TrackPointExtension>
          <gpxtpx:hr>173</gpxtpx:hr>
        </gpxtpx:TrackPointExtension></extensions>
      </trkpt>
      <trkpt lat="32.024572" lon="118.763776">
        <ele>30.2</ele>
        <time>2026-05-29T23:31:57Z</time>
        <extensions><gpxtpx:TrackPointExtension>
          <gpxtpx:hr>172</gpxtpx:hr>
        </gpxtpx:TrackPointExtension></extensions>
      </trkpt>
      <trkpt lat="32.02461" lon="118.763781">
        <ele>30.2</ele>
        <time>2026-05-29T23:31:58Z</time>
        <extensions><gpxtpx:TrackPointExtension>
          <gpxtpx:hr>173</gpxtpx:hr>
        </gpxtpx:TrackPointExtension></extensions>
      </trkpt>
      <trkpt lat="32.024635" lon="118.763788">
        <ele>30.2</ele>
        <time>2026-05-29T23:31:59Z</time>
        <extensions><gpxtpx:TrackPointExtension>
          <gpxtpx:hr>174</gpxtpx:hr>
        </gpxtpx:TrackPointExtension></extensions>
      </trkpt>
      <trkpt lat="32.024668" lon="118.763792">
        <ele>30.2</ele>
        <time>2026-05-29T23:32:00Z</time>
        <extensions><gpxtpx:TrackPointExtension>
          <gpxtpx:hr>174</gpxtpx:hr>
        </gpxtpx:TrackPointExtension></extensions>
      </trkpt>
      <trkpt lat="32.024695" lon="118.763803">
        <ele>30.2</ele>
        <time>2026-05-29T23:32:01Z</time>
        <extensions><gpxtpx:TrackPointExtension>
          <gpxtpx:hr>174</gpxtpx:hr>
        </gpxtpx:TrackPointExtension></extensions>
      </trkpt>
      <trkpt lat="32.024731" lon="118.763806">
        <ele>30.2</ele>
        <time>2026-05-29T23:32:02Z</time>
        <extensions><gpxtpx:TrackPointExtension>
          <gpxtpx:hr>174</gpxtpx:hr>
        </gpxtpx:TrackPointExtension></extensions>
      </trkpt>
      <trkpt lat="32.024758" lon="118.763813">
        <ele>30.2</ele>
        <time>2026-05-29T23:32:03Z</time>
        <extensions><gpxtpx:TrackPointExtension>
          <gpxtpx:hr>175</gpxtpx:hr>
        </gpxtpx:TrackPointExtension></extensions>
      </trkpt>
      <trkpt lat="32.024795" lon="118.763819">
        <ele>30.2</ele>
        <time>2026-05-29T23:32:04Z</time>
        <extensions><gpxtpx:TrackPointExtension>
          <gpxtpx:hr>174</gpxtpx:hr>
        </gpxtpx:TrackPointExtension></extensions>
      </trkpt>
      <trkpt lat="32.024823" lon="118.763829">
        <ele>30.2</ele>
        <time>2026-05-29T23:32:05Z</time>
        <extensions><gpxtpx:TrackPointExtension>
          <gpxtpx:hr>174</gpxtpx:hr>
        </gpxtpx:TrackPointExtension></extensions>
      </trkpt>
      <trkpt lat="32.024864" lon="118.763841">
        <ele>30.2</ele>
        <time>2026-05-29T23:32:06Z</time>
        <extensions><gpxtpx:TrackPointExtension>
          <gpxtpx:hr>174</gpxtpx:hr>
        </gpxtpx:TrackPointExtension></extensions>
      </trkpt>
      <trkpt lat="32.024893" lon="118.763849">
        <ele>30.2</ele>
        <time>2026-05-29T23:32:07Z</time>
        <extensions><gpxtpx:TrackPointExtension>
          <gpxtpx:hr>174</gpxtpx:hr>
        </gpxtpx:TrackPointExtension></extensions>
      </trkpt>
      <trkpt lat="32.024932" lon="118.763851">
        <ele>30.2</ele>
        <time>2026-05-29T23:32:08Z</time>
        <extensions><gpxtpx:TrackPointExtension>
          <gpxtpx:hr>174</gpxtpx:hr>
        </gpxtpx:TrackPointExtension></extensions>
      </trkpt>
      <trkpt lat="32.02496" lon="118.76386">
        <ele>30.2</ele>
        <time>2026-05-29T23:32:09Z</time>
        <extensions><gpxtpx:TrackPointExtension>
          <gpxtpx:hr>177</gpxtpx:hr>
        </gpxtpx:TrackPointExtension></extensions>
      </trkpt>
      <trkpt lat="32.024995" lon="118.763868">
        <ele>30.2</ele>
        <time>2026-05-29T23:32:10Z</time>
        <extensions><gpxtpx:TrackPointExtension>
          <gpxtpx:hr>174</gpxtpx:hr>
        </gpxtpx:TrackPointExtension></extensions>
      </trkpt>
      <trkpt lat="32.025022" lon="118.763875">
        <ele>30.2</ele>
        <time>2026-05-29T23:32:11Z</time>
        <extensions><gpxtpx:TrackPointExtension>
          <gpxtpx:hr>175</gpxtpx:hr>
        </gpxtpx:TrackPointExtension></extensions>
      </trkpt>
      <trkpt lat="32.025057" lon="118.763878">
        <ele>30.4</ele>
        <time>2026-05-29T23:32:12Z</time>
        <extensions><gpxtpx:TrackPointExtension>
          <gpxtpx:hr>174</gpxtpx:hr>
        </gpxtpx:TrackPointExtension></extensions>
      </trkpt>
      <trkpt lat="32.025081" lon="118.763884">
        <ele>30.4</ele>
        <time>2026-05-29T23:32:13Z</time>
        <extensions><gpxtpx:TrackPointExtension>
          <gpxtpx:hr>175</gpxtpx:hr>
        </gpxtpx:TrackPointExtension></extensions>
      </trkpt>
      <trkpt lat="32.025117" lon="118.763887">
        <ele>30.4</ele>
        <time>2026-05-29T23:32:14Z</time>
        <extensions><gpxtpx:TrackPointExtension>
          <gpxtpx:hr>175</gpxtpx:hr>
        </gpxtpx:TrackPointExtension></extensions>
      </trkpt>
      <trkpt lat="32.025146" lon="118.763897">
        <ele>30.6</ele>
        <time>2026-05-29T23:32:15Z</time>
        <extensions><gpxtpx:TrackPointExtension>
          <gpxtpx:hr>174</gpxtpx:hr>
        </gpxtpx:TrackPointExtension></extensions>
      </trkpt>
      <trkpt lat="32.025184" lon="118.763896">
        <ele>30.6</ele>
        <time>2026-05-29T23:32:16Z</time>
        <extensions><gpxtpx:TrackPointExtension>
          <gpxtpx:hr>175</gpxtpx:hr>
        </gpxtpx:TrackPointExtension></extensions>
      </trkpt>
      <trkpt lat="32.025213" lon="118.763903">
        <ele>30.6</ele>
        <time>2026-05-29T23:32:17Z</time>
        <extensions><gpxtpx:TrackPointExtension>
          <gpxtpx:hr>175</gpxtpx:hr>
        </gpxtpx:TrackPointExtension></extensions>
      </trkpt>
      <trkpt lat="32.025254" lon="118.763908">
        <ele>30.6</ele>
        <time>2026-05-29T23:32:18Z</time>
        <extensions><gpxtpx:TrackPointExtension>
          <gpxtpx:hr>175</gpxtpx:hr>
        </gpxtpx:TrackPointExtension></extensions>
      </trkpt>
      <trkpt lat="32.025282" lon="118.763915">
        <ele>30.6</ele>
        <time>2026-05-29T23:32:19Z</time>
        <extensions><gpxtpx:TrackPointExtension>
          <gpxtpx:hr>175</gpxtpx:hr>
        </gpxtpx:TrackPointExtension></extensions>
      </trkpt>
      <trkpt lat="32.025316" lon="118.763925">
        <ele>30.4</ele>
        <time>2026-05-29T23:32:20Z</time>
        <extensions><gpxtpx:TrackPointExtension>
          <gpxtpx:hr>175</gpxtpx:hr>
        </gpxtpx:TrackPointExtension></extensions>
      </trkpt>
      <trkpt lat="32.025343" lon="118.763932">
        <ele>30.4</ele>
        <time>2026-05-29T23:32:21Z</time>
        <extensions><gpxtpx:TrackPointExtension>
          <gpxtpx:hr>175</gpxtpx:hr>
        </gpxtpx:TrackPointExtension></extensions>
      </trkpt>
      <trkpt lat="32.025377" lon="118.763937">
        <ele>30.4</ele>
        <time>2026-05-29T23:32:22Z</time>
        <extensions><gpxtpx:TrackPointExtension>
          <gpxtpx:hr>175</gpxtpx:hr>
        </gpxtpx:TrackPointExtension></extensions>
      </trkpt>
      <trkpt lat="32.025404" lon="118.763946">
        <ele>30.4</ele>
        <time>2026-05-29T23:32:23Z</time>
        <extensions><gpxtpx:TrackPointExtension>
          <gpxtpx:hr>174</gpxtpx:hr>
        </gpxtpx:TrackPointExtension></extensions>
      </trkpt>
      <trkpt lat="32.025441" lon="118.763952">
        <ele>30.4</ele>
        <time>2026-05-29T23:32:24Z</time>
        <extensions><gpxtpx:TrackPointExtension>
          <gpxtpx:hr>175</gpxtpx:hr>
        </gpxtpx:TrackPointExtension></extensions>
      </trkpt>
      <trkpt lat="32.025468" lon="118.76396">
        <ele>30.4</ele>
        <time>2026-05-29T23:32:25Z</time>
        <extensions><gpxtpx:TrackPointExtension>
          <gpxtpx:hr>176</gpxtpx:hr>
        </gpxtpx:TrackPointExtension></extensions>
      </trkpt>
      <trkpt lat="32.0255" lon="118.763965">
        <ele>30.4</ele>
        <time>2026-05-29T23:32:26Z</time>
        <extensions><gpxtpx:TrackPointExtension>
          <gpxtpx:hr>175</gpxtpx:hr>
        </gpxtpx:TrackPointExtension></extensions>
      </trkpt>
      <trkpt lat="32.025528" lon="118.763972">
        <ele>30.4</ele>
        <time>2026-05-29T23:32:27Z</time>
        <extensions><gpxtpx:TrackPointExtension>
          <gpxtpx:hr>175</gpxtpx:hr>
        </gpxtpx:TrackPointExtension></extensions>
      </trkpt>
      <trkpt lat="32.025564" lon="118.763975">
        <ele>30.4</ele>
        <time>2026-05-29T23:32:28Z</time>
        <extensions><gpxtpx:TrackPointExtension>
          <gpxtpx:hr>175</gpxtpx:hr>
        </gpxtpx:TrackPointExtension></extensions>
      </trkpt>
      <trkpt lat="32.025585" lon="118.763984">
        <ele>30.4</ele>
        <time>2026-05-29T23:32:29Z</time>
        <extensions><gpxtpx:TrackPointExtension>
          <gpxtpx:hr>175</gpxtpx:hr>
        </gpxtpx:TrackPointExtension></extensions>
      </trkpt>
      <trkpt lat="32.025622" lon="118.76399">
        <ele>30.4</ele>
        <time>2026-05-29T23:32:30Z</time>
        <extensions><gpxtpx:TrackPointExtension>
          <gpxtpx:hr>175</gpxtpx:hr>
        </gpxtpx:TrackPointExtension></extensions>
      </trkpt>
      <trkpt lat="32.025648" lon="118.763996">
        <ele>30.4</ele>
        <time>2026-05-29T23:32:31Z</time>
        <extensions><gpxtpx:TrackPointExtension>
          <gpxtpx:hr>174</gpxtpx:hr>
        </gpxtpx:TrackPointExtension></extensions>
      </trkpt>
      <trkpt lat="32.025682" lon="118.764003">
        <ele>30.4</ele>
        <time>2026-05-29T23:32:32Z</time>
        <extensions><gpxtpx:TrackPointExtension>
          <gpxtpx:hr>175</gpxtpx:hr>
        </gpxtpx:TrackPointExtension></extensions>
      </trkpt>
      <trkpt lat="32.025707" lon="118.764011">
        <ele>30.4</ele>
        <time>2026-05-29T23:32:33Z</time>
        <extensions><gpxtpx:TrackPointExtension>
          <gpxtpx:hr>174</gpxtpx:hr>
        </gpxtpx:TrackPointExtension></extensions>
      </trkpt>
      <trkpt lat="32.025739" lon="118.764014">
        <ele>30.6</ele>
        <time>2026-05-29T23:32:34Z</time>
        <extensions><gpxtpx:TrackPointExtension>
          <gpxtpx:hr>175</gpxtpx:hr>
        </gpxtpx:TrackPointExtension></extensions>
      </trkpt>
      <trkpt lat="32.025766" lon="118.764018">
        <ele>30.6</ele>
        <time>2026-05-29T23:32:35Z</time>
        <extensions><gpxtpx:TrackPointExtension>
          <gpxtpx:hr>175</gpxtpx:hr>
        </gpxtpx:TrackPointExtension></extensions>
      </trkpt>
      <trkpt lat="32.025794" lon="118.764019">
        <ele>30.8</ele>
        <time>2026-05-29T23:32:36Z</time>
        <extensions><gpxtpx:TrackPointExtension>
          <gpxtpx:hr>173</gpxtpx:hr>
        </gpxtpx:TrackPointExtension></extensions>
      </trkpt>
      <trkpt lat="32.025827" lon="118.764018">
        <ele>30.8</ele>
        <time>2026-05-29T23:32:37Z</time>
        <extensions><gpxtpx:TrackPointExtension>
          <gpxtpx:hr>174</gpxtpx:hr>
        </gpxtpx:TrackPointExtension></extensions>
      </trkpt>
      <trkpt lat="32.025855" lon="118.76402">
        <ele>30.8</ele>
        <time>2026-05-29T23:32:38Z</time>
        <extensions><gpxtpx:TrackPointExtension>
          <gpxtpx:hr>175</gpxtpx:hr>
        </gpxtpx:TrackPointExtension></extensions>
      </trkpt>
      <trkpt lat="32.025888" lon="118.764016">
        <ele>30.6</ele>
        <time>2026-05-29T23:32:39Z</time>
        <extensions><gpxtpx:TrackPointExtension>
          <gpxtpx:hr>173</gpxtpx:hr>
        </gpxtpx:TrackPointExtension></extensions>
      </trkpt>
      <trkpt lat="32.025914" lon="118.76402">
        <ele>30.6</ele>
        <time>2026-05-29T23:32:40Z</time>
        <extensions><gpxtpx:TrackPointExtension>
          <gpxtpx:hr>173</gpxtpx:hr>
        </gpxtpx:TrackPointExtension></extensions>
      </trkpt>
      <trkpt lat="32.025951" lon="118.76402">
        <ele>30.6</ele>
        <time>2026-05-29T23:32:41Z</time>
        <extensions><gpxtpx:TrackPointExtension>
          <gpxtpx:hr>174</gpxtpx:hr>
        </gpxtpx:TrackPointExtension></extensions>
      </trkpt>
      <trkpt lat="32.025978" lon="118.764025">
        <ele>30.6</ele>
        <time>2026-05-29T23:32:42Z</time>
        <extensions><gpxtpx:TrackPointExtension>
          <gpxtpx:hr>174</gpxtpx:hr>
        </gpxtpx:TrackPointExtension></extensions>
      </trkpt>
      <trkpt lat="32.026016" lon="118.764024">
        <ele>30.6</ele>
        <time>2026-05-29T23:32:43Z</time>
        <extensions><gpxtpx:TrackPointExtension>
          <gpxtpx:hr>173</gpxtpx:hr>
        </gpxtpx:TrackPointExtension></extensions>
      </trkpt>
      <trkpt lat="32.026043" lon="118.764032">
        <ele>30.6</ele>
        <time>2026-05-29T23:32:44Z</time>
        <extensions><gpxtpx:TrackPointExtension>
          <gpxtpx:hr>174</gpxtpx:hr>
        </gpxtpx:TrackPointExtension></extensions>
      </trkpt>
      <trkpt lat="32.026077" lon="118.764029">
        <ele>30.6</ele>
        <time>2026-05-29T23:32:45Z</time>
        <extensions><gpxtpx:TrackPointExtension>
          <gpxtpx:hr>173</gpxtpx:hr>
        </gpxtpx:TrackPointExtension></extensions>
      </trkpt>
      <trkpt lat="32.026104" lon="118.764038">
        <ele>30.6</ele>
        <time>2026-05-29T23:32:46Z</time>
        <extensions><gpxtpx:TrackPointExtension>
          <gpxtpx:hr>173</gpxtpx:hr>
        </gpxtpx:TrackPointExtension></extensions>
      </trkpt>
      <trkpt lat="32.026137" lon="118.764038">
        <ele>30.8</ele>
        <time>2026-05-29T23:32:47Z</time>
        <extensions><gpxtpx:TrackPointExtension>
          <gpxtpx:hr>173</gpxtpx:hr>
        </gpxtpx:TrackPointExtension></extensions>
      </trkpt>
      <trkpt lat="32.026157" lon="118.764043">
        <ele>30.8</ele>
        <time>2026-05-29T23:32:48Z</time>
        <extensions><gpxtpx:TrackPointExtension>
          <gpxtpx:hr>173</gpxtpx:hr>
        </gpxtpx:TrackPointExtension></extensions>
      </trkpt>
      <trkpt lat="32.026192" lon="118.764048">
        <ele>31.0</ele>
        <time>2026-05-29T23:32:49Z</time>
        <extensions><gpxtpx:TrackPointExtension>
          <gpxtpx:hr>173</gpxtpx:hr>
        </gpxtpx:TrackPointExtension></extensions>
      </trkpt>
      <trkpt lat="32.026218" lon="118.764055">
        <ele>30.8</ele>
        <time>2026-05-29T23:32:50Z</time>
        <extensions><gpxtpx:TrackPointExtension>
          <gpxtpx:hr>173</gpxtpx:hr>
        </gpxtpx:TrackPointExtension></extensions>
      </trkpt>
      <trkpt lat="32.026254" lon="118.764061">
        <ele>30.8</ele>
        <time>2026-05-29T23:32:51Z</time>
        <extensions><gpxtpx:TrackPointExtension>
          <gpxtpx:hr>174</gpxtpx:hr>
        </gpxtpx:TrackPointExtension></extensions>
      </trkpt>
      <trkpt lat="32.026282" lon="118.764068">
        <ele>30.6</ele>
        <time>2026-05-29T23:32:52Z</time>
        <extensions><gpxtpx:TrackPointExtension>
          <gpxtpx:hr>175</gpxtpx:hr>
        </gpxtpx:TrackPointExtension></extensions>
      </trkpt>
      <trkpt lat="32.026316" lon="118.76407">
        <ele>30.6</ele>
        <time>2026-05-29T23:32:53Z</time>
        <extensions><gpxtpx:TrackPointExtension>
          <gpxtpx:hr>173</gpxtpx:hr>
        </gpxtpx:TrackPointExtension></extensions>
      </trkpt>
      <trkpt lat="32.026344" lon="118.764076">
        <ele>30.4</ele>
        <time>2026-05-29T23:32:54Z</time>
        <extensions><gpxtpx:TrackPointExtension>
          <gpxtpx:hr>174</gpxtpx:hr>
        </gpxtpx:TrackPointExtension></extensions>
      </trkpt>
      <trkpt lat="32.026374" lon="118.764078">
        <ele>30.6</ele>
        <time>2026-05-29T23:32:55Z</time>
        <extensions><gpxtpx:TrackPointExtension>
          <gpxtpx:hr>174</gpxtpx:hr>
        </gpxtpx:TrackPointExtension></extensions>
      </trkpt>
      <trkpt lat="32.026404" lon="118.764077">
        <ele>30.8</ele>
        <time>2026-05-29T23:32:56Z</time>
        <extensions><gpxtpx:TrackPointExtension>
          <gpxtpx:hr>175</gpxtpx:hr>
        </gpxtpx:TrackPointExtension></extensions>
      </trkpt>
      <trkpt lat="32.02643" lon="118.764081">
        <ele>30.8</ele>
        <time>2026-05-29T23:32:57Z</time>
        <extensions><gpxtpx:TrackPointExtension>
          <gpxtpx:hr>175</gpxtpx:hr>
        </gpxtpx:TrackPointExtension></extensions>
      </trkpt>
      <trkpt lat="32.026464" lon="118.76408">
        <ele>30.8</ele>
        <time>2026-05-29T23:32:58Z</time>
        <extensions><gpxtpx:TrackPointExtension>
          <gpxtpx:hr>174</gpxtpx:hr>
        </gpxtpx:TrackPointExtension></extensions>
      </trkpt>
      <trkpt lat="32.026494" lon="118.764086">
        <ele>31.0</ele>
        <time>2026-05-29T23:32:59Z</time>
        <extensions><gpxtpx:TrackPointExtension>
          <gpxtpx:hr>173</gpxtpx:hr>
        </gpxtpx:TrackPointExtension></extensions>
      </trkpt>
      <trkpt lat="32.02653" lon="118.76409">
        <ele>31.0</ele>
        <time>2026-05-29T23:33:00Z</time>
        <extensions><gpxtpx:TrackPointExtension>
          <gpxtpx:hr>173</gpxtpx:hr>
        </gpxtpx:TrackPointExtension></extensions>
      </trkpt>
      <trkpt lat="32.026553" lon="118.764096">
        <ele>31.0</ele>
        <time>2026-05-29T23:33:01Z</time>
        <extensions><gpxtpx:TrackPointExtension>
          <gpxtpx:hr>174</gpxtpx:hr>
        </gpxtpx:TrackPointExtension></extensions>
      </trkpt>
      <trkpt lat="32.026587" lon="118.764102">
        <ele>31.0</ele>
        <time>2026-05-29T23:33:02Z</time>
        <extensions><gpxtpx:TrackPointExtension>
          <gpxtpx:hr>174</gpxtpx:hr>
        </gpxtpx:TrackPointExtension></extensions>
      </trkpt>
      <trkpt lat="32.026612" lon="118.764108">
        <ele>31.0</ele>
        <time>2026-05-29T23:33:03Z</time>
        <extensions><gpxtpx:TrackPointExtension>
          <gpxtpx:hr>175</gpxtpx:hr>
        </gpxtpx:TrackPointExtension></extensions>
      </trkpt>
      <trkpt lat="32.026643" lon="118.764112">
        <ele>30.8</ele>
        <time>2026-05-29T23:33:04Z</time>
        <extensions><gpxtpx:TrackPointExtension>
          <gpxtpx:hr>175</gpxtpx:hr>
        </gpxtpx:TrackPointExtension></extensions>
      </trkpt>
      <trkpt lat="32.026673" lon="118.764119">
        <ele>30.8</ele>
        <time>2026-05-29T23:33:05Z</time>
        <extensions><gpxtpx:TrackPointExtension>
          <gpxtpx:hr>174</gpxtpx:hr>
        </gpxtpx:TrackPointExtension></extensions>
      </trkpt>
      <trkpt lat="32.026703" lon="118.764123">
        <ele>30.8</ele>
        <time>2026-05-29T23:33:06Z</time>
        <extensions><gpxtpx:TrackPointExtension>
          <gpxtpx:hr>173</gpxtpx:hr>
        </gpxtpx:TrackPointExtension></extensions>
      </trkpt>
      <trkpt lat="32.026726" lon="118.764129">
        <ele>31.0</ele>
        <time>2026-05-29T23:33:07Z</time>
        <extensions><gpxtpx:TrackPointExtension>
          <gpxtpx:hr>175</gpxtpx:hr>
        </gpxtpx:TrackPointExtension></extensions>
      </trkpt>
      <trkpt lat="32.02676" lon="118.764133">
        <ele>31.0</ele>
        <time>2026-05-29T23:33:08Z</time>
        <extensions><gpxtpx:TrackPointExtension>
          <gpxtpx:hr>176</gpxtpx:hr>
        </gpxtpx:TrackPointExtension></extensions>
      </trkpt>
      <trkpt lat="32.026791" lon="118.764137">
        <ele>31.0</ele>
        <time>2026-05-29T23:33:09Z</time>
        <extensions><gpxtpx:TrackPointExtension>
          <gpxtpx:hr>174</gpxtpx:hr>
        </gpxtpx:TrackPointExtension></extensions>
      </trkpt>
      <trkpt lat="32.026818" lon="118.764144">
        <ele>31.2</ele>
        <time>2026-05-29T23:33:10Z</time>
        <extensions><gpxtpx:TrackPointExtension>
          <gpxtpx:hr>174</gpxtpx:hr>
        </gpxtpx:TrackPointExtension></extensions>
      </trkpt>
      <trkpt lat="32.026855" lon="118.764153">
        <ele>31.0</ele>
        <time>2026-05-29T23:33:11Z</time>
        <extensions><gpxtpx:TrackPointExtension>
          <gpxtpx:hr>175</gpxtpx:hr>
        </gpxtpx:TrackPointExtension></extensions>
      </trkpt>
      <trkpt lat="32.026884" lon="118.764163">
        <ele>31.0</ele>
        <time>2026-05-29T23:33:12Z</time>
        <extensions><gpxtpx:TrackPointExtension>
          <gpxtpx:hr>175</gpxtpx:hr>
        </gpxtpx:TrackPointExtension></extensions>
      </trkpt>
      <trkpt lat="32.026923" lon="118.764167">
        <ele>31.0</ele>
        <time>2026-05-29T23:33:13Z</time>
        <extensions><gpxtpx:TrackPointExtension>
          <gpxtpx:hr>176</gpxtpx:hr>
        </gpxtpx:TrackPointExtension></extensions>
      </trkpt>
      <trkpt lat="32.02695" lon="118.764174">
        <ele>30.8</ele>
        <time>2026-05-29T23:33:14Z</time>
        <extensions><gpxtpx:TrackPointExtension>
          <gpxtpx:hr>176</gpxtpx:hr>
        </gpxtpx:TrackPointExtension></extensions>
      </trkpt>
      <trkpt lat="32.026988" lon="118.764166">
        <ele>30.8</ele>
        <time>2026-05-29T23:33:15Z</time>
        <extensions><gpxtpx:TrackPointExtension>
          <gpxtpx:hr>175</gpxtpx:hr>
        </gpxtpx:TrackPointExtension></extensions>
      </trkpt>
      <trkpt lat="32.027016" lon="118.764173">
        <ele>30.8</ele>
        <time>2026-05-29T23:33:16Z</time>
        <extensions><gpxtpx:TrackPointExtension>
          <gpxtpx:hr>175</gpxtpx:hr>
        </gpxtpx:TrackPointExtension></extensions>
      </trkpt>
      <trkpt lat="32.027056" lon="118.764173">
        <ele>30.8</ele>
        <time>2026-05-29T23:33:17Z</time>
        <extensions><gpxtpx:TrackPointExtension>
          <gpxtpx:hr>176</gpxtpx:hr>
        </gpxtpx:TrackPointExtension></extensions>
      </trkpt>
      <trkpt lat="32.027083" lon="118.764181">
        <ele>30.8</ele>
        <time>2026-05-29T23:33:18Z</time>
        <extensions><gpxtpx:TrackPointExtension>
          <gpxtpx:hr>176</gpxtpx:hr>
        </gpxtpx:TrackPointExtension></extensions>
      </trkpt>
      <trkpt lat="32.027121" lon="118.764184">
        <ele>30.8</ele>
        <time>2026-05-29T23:33:19Z</time>
        <extensions><gpxtpx:TrackPointExtension>
          <gpxtpx:hr>176</gpxtpx:hr>
        </gpxtpx:TrackPointExtension></extensions>
      </trkpt>
      <trkpt lat="32.027146" lon="118.76419">
        <ele>30.8</ele>
        <time>2026-05-29T23:33:20Z</time>
        <extensions><gpxtpx:TrackPointExtension>
          <gpxtpx:hr>175</gpxtpx:hr>
        </gpxtpx:TrackPointExtension></extensions>
      </trkpt>
      <trkpt lat="32.027178" lon="118.764194">
        <ele>31.0</ele>
        <time>2026-05-29T23:33:21Z</time>
        <extensions><gpxtpx:TrackPointExtension>
          <gpxtpx:hr>174</gpxtpx:hr>
        </gpxtpx:TrackPointExtension></extensions>
      </trkpt>
      <trkpt lat="32.027209" lon="118.764198">
        <ele>31.0</ele>
        <time>2026-05-29T23:33:22Z</time>
        <extensions><gpxtpx:TrackPointExtension>
          <gpxtpx:hr>178</gpxtpx:hr>
        </gpxtpx:TrackPointExtension></extensions>
      </trkpt>
      <trkpt lat="32.027237" lon="118.764203">
        <ele>30.8</ele>
        <time>2026-05-29T23:33:23Z</time>
        <extensions><gpxtpx:TrackPointExtension>
          <gpxtpx:hr>177</gpxtpx:hr>
        </gpxtpx:TrackPointExtension></extensions>
      </trkpt>
      <trkpt lat="32.027269" lon="118.764202">
        <ele>30.8</ele>
        <time>2026-05-29T23:33:24Z</time>
        <extensions><gpxtpx:TrackPointExtension>
          <gpxtpx:hr>178</gpxtpx:hr>
        </gpxtpx:TrackPointExtension></extensions>
      </trkpt>
      <trkpt lat="32.027292" lon="118.764206">
        <ele>30.8</ele>
        <time>2026-05-29T23:33:25Z</time>
        <extensions><gpxtpx:TrackPointExtension>
          <gpxtpx:hr>177</gpxtpx:hr>
        </gpxtpx:TrackPointExtension></extensions>
      </trkpt>
      <trkpt lat="32.027327" lon="118.764208">
        <ele>31.0</ele>
        <time>2026-05-29T23:33:26Z</time>
        <extensions><gpxtpx:TrackPointExtension>
          <gpxtpx:hr>177</gpxtpx:hr>
        </gpxtpx:TrackPointExtension></extensions>
      </trkpt>
      <trkpt lat="32.02735" lon="118.764218">
        <ele>31.0</ele>
        <time>2026-05-29T23:33:27Z</time>
        <extensions><gpxtpx:TrackPointExtension>
          <gpxtpx:hr>178</gpxtpx:hr>
        </gpxtpx:TrackPointExtension></extensions>
      </trkpt>
      <trkpt lat="32.027384" lon="118.764216">
        <ele>31.0</ele>
        <time>2026-05-29T23:33:28Z</time>
        <extensions><gpxtpx:TrackPointExtension>
          <gpxtpx:hr>178</gpxtpx:hr>
        </gpxtpx:TrackPointExtension></extensions>
      </trkpt>
      <trkpt lat="32.027406" lon="118.764222">
        <ele>31.0</ele>
        <time>2026-05-29T23:33:29Z</time>
        <extensions><gpxtpx:TrackPointExtension>
          <gpxtpx:hr>177</gpxtpx:hr>
        </gpxtpx:TrackPointExtension></extensions>
      </trkpt>
      <trkpt lat="32.027439" lon="118.76423">
        <ele>31.0</ele>
        <time>2026-05-29T23:33:30Z</time>
        <extensions><gpxtpx:TrackPointExtension>
          <gpxtpx:hr>178</gpxtpx:hr>
        </gpxtpx:TrackPointExtension></extensions>
      </trkpt>
      <trkpt lat="32.027463" lon="118.764237">
        <ele>31.0</ele>
        <time>2026-05-29T23:33:31Z</time>
        <extensions><gpxtpx:TrackPointExtension>
          <gpxtpx:hr>177</gpxtpx:hr>
        </gpxtpx:TrackPointExtension></extensions>
      </trkpt>
      <trkpt lat="32.027501" lon="118.76424">
        <ele>31.0</ele>
        <time>2026-05-29T23:33:32Z</time>
        <extensions><gpxtpx:TrackPointExtension>
          <gpxtpx:hr>177</gpxtpx:hr>
        </gpxtpx:TrackPointExtension></extensions>
      </trkpt>
      <trkpt lat="32.027531" lon="118.764246">
        <ele>31.0</ele>
        <time>2026-05-29T23:33:33Z</time>
        <extensions><gpxtpx:TrackPointExtension>
          <gpxtpx:hr>177</gpxtpx:hr>
        </gpxtpx:TrackPointExtension></extensions>
      </trkpt>
      <trkpt lat="32.027565" lon="118.764254">
        <ele>31.0</ele>
        <time>2026-05-29T23:33:34Z</time>
        <extensions><gpxtpx:TrackPointExtension>
          <gpxtpx:hr>176</gpxtpx:hr>
        </gpxtpx:TrackPointExtension></extensions>
      </trkpt>
      <trkpt lat="32.027599" lon="118.764256">
        <ele>31.0</ele>
        <time>2026-05-29T23:33:35Z</time>
        <extensions><gpxtpx:TrackPointExtension>
          <gpxtpx:hr>176</gpxtpx:hr>
        </gpxtpx:TrackPointExtension></extensions>
      </trkpt>
      <trkpt lat="32.027633" lon="118.764258">
        <ele>31.0</ele>
        <time>2026-05-29T23:33:36Z</time>
        <extensions><gpxtpx:TrackPointExtension>
          <gpxtpx:hr>175</gpxtpx:hr>
        </gpxtpx:TrackPointExtension></extensions>
      </trkpt>
      <trkpt lat="32.027665" lon="118.764255">
        <ele>31.0</ele>
        <time>2026-05-29T23:33:37Z</time>
        <extensions><gpxtpx:TrackPointExtension>
          <gpxtpx:hr>175</gpxtpx:hr>
        </gpxtpx:TrackPointExtension></extensions>
      </trkpt>
      <trkpt lat="32.027694" lon="118.764262">
        <ele>31.0</ele>
        <time>2026-05-29T23:33:38Z</time>
        <extensions><gpxtpx:TrackPointExtension>
          <gpxtpx:hr>175</gpxtpx:hr>
        </gpxtpx:TrackPointExtension></extensions>
      </trkpt>
      <trkpt lat="32.027724" lon="118.76428">
        <ele>31.0</ele>
        <time>2026-05-29T23:33:39Z</time>
        <extensions><gpxtpx:TrackPointExtension>
          <gpxtpx:hr>174</gpxtpx:hr>
        </gpxtpx:TrackPointExtension></extensions>
      </trkpt>
      <trkpt lat="32.027719" lon="118.764299">
        <ele>31.0</ele>
        <time>2026-05-29T23:33:40Z</time>
        <extensions><gpxtpx:TrackPointExtension>
          <gpxtpx:hr>175</gpxtpx:hr>
        </gpxtpx:TrackPointExtension></extensions>
      </trkpt>
      <trkpt lat="32.027698" lon="118.764319">
        <ele>30.8</ele>
        <time>2026-05-29T23:33:41Z</time>
        <extensions><gpxtpx:TrackPointExtension>
          <gpxtpx:hr>175</gpxtpx:hr>
        </gpxtpx:TrackPointExtension></extensions>
      </trkpt>
      <trkpt lat="32.027672" lon="118.764321">
        <ele>30.8</ele>
        <time>2026-05-29T23:33:42Z</time>
        <extensions><gpxtpx:TrackPointExtension>
          <gpxtpx:hr>175</gpxtpx:hr>
        </gpxtpx:TrackPointExtension></extensions>
      </trkpt>
      <trkpt lat="32.027638" lon="118.764321">
        <ele>30.8</ele>
        <time>2026-05-29T23:33:43Z</time>
        <extensions><gpxtpx:TrackPointExtension>
          <gpxtpx:hr>176</gpxtpx:hr>
        </gpxtpx:TrackPointExtension></extensions>
      </trkpt>
      <trkpt lat="32.027608" lon="118.764312">
        <ele>31.0</ele>
        <time>2026-05-29T23:33:44Z</time>
        <extensions><gpxtpx:TrackPointExtension>
          <gpxtpx:hr>177</gpxtpx:hr>
        </gpxtpx:TrackPointExtension></extensions>
      </trkpt>
      <trkpt lat="32.027569" lon="118.76431">
        <ele>31.0</ele>
        <time>2026-05-29T23:33:45Z</time>
        <extensions><gpxtpx:TrackPointExtension>
          <gpxtpx:hr>177</gpxtpx:hr>
        </gpxtpx:TrackPointExtension></extensions>
      </trkpt>
      <trkpt lat="32.02754" lon="118.764303">
        <ele>31.0</ele>
        <time>2026-05-29T23:33:46Z</time>
        <extensions><gpxtpx:TrackPointExtension>
          <gpxtpx:hr>176</gpxtpx:hr>
        </gpxtpx:TrackPointExtension></extensions>
      </trkpt>
      <trkpt lat="32.027504" lon="118.7643">
        <ele>31.0</ele>
        <time>2026-05-29T23:33:47Z</time>
        <extensions><gpxtpx:TrackPointExtension>
          <gpxtpx:hr>176</gpxtpx:hr>
        </gpxtpx:TrackPointExtension></extensions>
      </trkpt>
      <trkpt lat="32.027477" lon="118.764295">
        <ele>31.0</ele>
        <time>2026-05-29T23:33:48Z</time>
        <extensions><gpxtpx:TrackPointExtension>
          <gpxtpx:hr>175</gpxtpx:hr>
        </gpxtpx:TrackPointExtension></extensions>
      </trkpt>
      <trkpt lat="32.02744" lon="118.764291">
        <ele>31.0</ele>
        <time>2026-05-29T23:33:49Z</time>
        <extensions><gpxtpx:TrackPointExtension>
          <gpxtpx:hr>175</gpxtpx:hr>
        </gpxtpx:TrackPointExtension></extensions>
      </trkpt>
      <trkpt lat="32.027413" lon="118.764281">
        <ele>31.0</ele>
        <time>2026-05-29T23:33:50Z</time>
        <extensions><gpxtpx:TrackPointExtension>
          <gpxtpx:hr>175</gpxtpx:hr>
        </gpxtpx:TrackPointExtension></extensions>
      </trkpt>
      <trkpt lat="32.027378" lon="118.764278">
        <ele>31.0</ele>
        <time>2026-05-29T23:33:51Z</time>
        <extensions><gpxtpx:TrackPointExtension>
          <gpxtpx:hr>175</gpxtpx:hr>
        </gpxtpx:TrackPointExtension></extensions>
      </trkpt>
      <trkpt lat="32.027349" lon="118.764271">
        <ele>31.0</ele>
        <time>2026-05-29T23:33:52Z</time>
        <extensions><gpxtpx:TrackPointExtension>
          <gpxtpx:hr>174</gpxtpx:hr>
        </gpxtpx:TrackPointExtension></extensions>
      </trkpt>
      <trkpt lat="32.027314" lon="118.764269">
        <ele>30.8</ele>
        <time>2026-05-29T23:33:53Z</time>
        <extensions><gpxtpx:TrackPointExtension>
          <gpxtpx:hr>175</gpxtpx:hr>
        </gpxtpx:TrackPointExtension></extensions>
      </trkpt>
      <trkpt lat="32.027292" lon="118.76426">
        <ele>30.8</ele>
        <time>2026-05-29T23:33:54Z</time>
        <extensions><gpxtpx:TrackPointExtension>
          <gpxtpx:hr>174</gpxtpx:hr>
        </gpxtpx:TrackPointExtension></extensions>
      </trkpt>
      <trkpt lat="32.027256" lon="118.764255">
        <ele>31.0</ele>
        <time>2026-05-29T23:33:55Z</time>
        <extensions><gpxtpx:TrackPointExtension>
          <gpxtpx:hr>175</gpxtpx:hr>
        </gpxtpx:TrackPointExtension></extensions>
      </trkpt>
      <trkpt lat="32.027232" lon="118.764244">
        <ele>31.0</ele>
        <time>2026-05-29T23:33:56Z</time>
        <extensions><gpxtpx:TrackPointExtension>
          <gpxtpx:hr>175</gpxtpx:hr>
        </gpxtpx:TrackPointExtension></extensions>
      </trkpt>
      <trkpt lat="32.027199" lon="118.764243">
        <ele>30.8</ele>
        <time>2026-05-29T23:33:57Z</time>
        <extensions><gpxtpx:TrackPointExtension>
          <gpxtpx:hr>175</gpxtpx:hr>
        </gpxtpx:TrackPointExtension></extensions>
      </trkpt>
      <trkpt lat="32.02717" lon="118.764237">
        <ele>30.8</ele>
        <time>2026-05-29T23:33:58Z</time>
        <extensions><gpxtpx:TrackPointExtension>
          <gpxtpx:hr>174</gpxtpx:hr>
        </gpxtpx:TrackPointExtension></extensions>
      </trkpt>
      <trkpt lat="32.027138" lon="118.764234">
        <ele>30.8</ele>
        <time>2026-05-29T23:33:59Z</time>
        <extensions><gpxtpx:TrackPointExtension>
          <gpxtpx:hr>174</gpxtpx:hr>
        </gpxtpx:TrackPointExtension></extensions>
      </trkpt>
      <trkpt lat="32.027111" lon="118.764229">
        <ele>30.8</ele>
        <time>2026-05-29T23:34:00Z</time>
        <extensions><gpxtpx:TrackPointExtension>
          <gpxtpx:hr>174</gpxtpx:hr>
        </gpxtpx:TrackPointExtension></extensions>
      </trkpt>
      <trkpt lat="32.027075" lon="118.764227">
        <ele>30.8</ele>
        <time>2026-05-29T23:34:01Z</time>
        <extensions><gpxtpx:TrackPointExtension>
          <gpxtpx:hr>174</gpxtpx:hr>
        </gpxtpx:TrackPointExtension></extensions>
      </trkpt>
      <trkpt lat="32.027052" lon="118.764217">
        <ele>30.8</ele>
        <time>2026-05-29T23:34:02Z</time>
        <extensions><gpxtpx:TrackPointExtension>
          <gpxtpx:hr>173</gpxtpx:hr>
        </gpxtpx:TrackPointExtension></extensions>
      </trkpt>
      <trkpt lat="32.027019" lon="118.764208">
        <ele>30.8</ele>
        <time>2026-05-29T23:34:03Z</time>
        <extensions><gpxtpx:TrackPointExtension>
          <gpxtpx:hr>173</gpxtpx:hr>
        </gpxtpx:TrackPointExtension></extensions>
      </trkpt>
      <trkpt lat="32.026996" lon="118.7642">
        <ele>30.8</ele>
        <time>2026-05-29T23:34:04Z</time>
        <extensions><gpxtpx:TrackPointExtension>
          <gpxtpx:hr>173</gpxtpx:hr>
        </gpxtpx:TrackPointExtension></extensions>
      </trkpt>
      <trkpt lat="32.026964" lon="118.764195">
        <ele>30.8</ele>
        <time>2026-05-29T23:34:05Z</time>
        <extensions><gpxtpx:TrackPointExtension>
          <gpxtpx:hr>173</gpxtpx:hr>
        </gpxtpx:TrackPointExtension></extensions>
      </trkpt>
      <trkpt lat="32.02694" lon="118.764187">
        <ele>30.8</ele>
        <time>2026-05-29T23:34:06Z</time>
        <extensions><gpxtpx:TrackPointExtension>
          <gpxtpx:hr>172</gpxtpx:hr>
        </gpxtpx:TrackPointExtension></extensions>
      </trkpt>
      <trkpt lat="32.026908" lon="118.764188">
        <ele>30.8</ele>
        <time>2026-05-29T23:34:07Z</time>
        <extensions><gpxtpx:TrackPointExtension>
          <gpxtpx:hr>172</gpxtpx:hr>
        </gpxtpx:TrackPointExtension></extensions>
      </trkpt>
      <trkpt lat="32.026883" lon="118.764183">
        <ele>30.8</ele>
        <time>2026-05-29T23:34:08Z</time>
        <extensions><gpxtpx:TrackPointExtension>
          <gpxtpx:hr>171</gpxtpx:hr>
        </gpxtpx:TrackPointExtension></extensions>
      </trkpt>
      <trkpt lat="32.026853" lon="118.76418">
        <ele>30.8</ele>
        <time>2026-05-29T23:34:09Z</time>
        <extensions><gpxtpx:TrackPointExtension>
          <gpxtpx:hr>171</gpxtpx:hr>
        </gpxtpx:TrackPointExtension></extensions>
      </trkpt>
      <trkpt lat="32.02683" lon="118.764171">
        <ele>30.8</ele>
        <time>2026-05-29T23:34:10Z</time>
        <extensions><gpxtpx:TrackPointExtension>
          <gpxtpx:hr>171</gpxtpx:hr>
        </gpxtpx:TrackPointExtension></extensions>
      </trkpt>
      <trkpt lat="32.026792" lon="118.764169">
        <ele>30.6</ele>
        <time>2026-05-29T23:34:11Z</time>
        <extensions><gpxtpx:TrackPointExtension>
          <gpxtpx:hr>171</gpxtpx:hr>
        </gpxtpx:TrackPointExtension></extensions>
      </trkpt>
      <trkpt lat="32.026766" lon="118.764157">
        <ele>30.6</ele>
        <time>2026-05-29T23:34:12Z</time>
        <extensions><gpxtpx:TrackPointExtension>
          <gpxtpx:hr>171</gpxtpx:hr>
        </gpxtpx:TrackPointExtension></extensions>
      </trkpt>
      <trkpt lat="32.026731" lon="118.764148">
        <ele>30.6</ele>
        <time>2026-05-29T23:34:13Z</time>
        <extensions><gpxtpx:TrackPointExtension>
          <gpxtpx:hr>171</gpxtpx:hr>
        </gpxtpx:TrackPointExtension></extensions>
      </trkpt>
      <trkpt lat="32.026708" lon="118.764141">
        <ele>30.6</ele>
        <time>2026-05-29T23:34:14Z</time>
        <extensions><gpxtpx:TrackPointExtension>
          <gpxtpx:hr>172</gpxtpx:hr>
        </gpxtpx:TrackPointExtension></extensions>
      </trkpt>
      <trkpt lat="32.026675" lon="118.764141">
        <ele>30.6</ele>
        <time>2026-05-29T23:34:15Z</time>
        <extensions><gpxtpx:TrackPointExtension>
          <gpxtpx:hr>171</gpxtpx:hr>
        </gpxtpx:TrackPointExtension></extensions>
      </trkpt>
      <trkpt lat="32.026649" lon="118.764132">
        <ele>30.6</ele>
        <time>2026-05-29T23:34:16Z</time>
        <extensions><gpxtpx:TrackPointExtension>
          <gpxtpx:hr>172</gpxtpx:hr>
        </gpxtpx:TrackPointExtension></extensions>
      </trkpt>
      <trkpt lat="32.026616" lon="118.764134">
        <ele>30.6</ele>
        <time>2026-05-29T23:34:17Z</time>
        <extensions><gpxtpx:TrackPointExtension>
          <gpxtpx:hr>171</gpxtpx:hr>
        </gpxtpx:TrackPointExtension></extensions>
      </trkpt>
      <trkpt lat="32.026589" lon="118.764123">
        <ele>30.6</ele>
        <time>2026-05-29T23:34:18Z</time>
        <extensions><gpxtpx:TrackPointExtension>
          <gpxtpx:hr>171</gpxtpx:hr>
        </gpxtpx:TrackPointExtension></extensions>
      </trkpt>
      <trkpt lat="32.026554" lon="118.764117">
        <ele>30.6</ele>
        <time>2026-05-29T23:34:19Z</time>
        <extensions><gpxtpx:TrackPointExtension>
          <gpxtpx:hr>172</gpxtpx:hr>
        </gpxtpx:TrackPointExtension></extensions>
      </trkpt>
      <trkpt lat="32.026529" lon="118.76411">
        <ele>30.6</ele>
        <time>2026-05-29T23:34:20Z</time>
        <extensions><gpxtpx:TrackPointExtension>
          <gpxtpx:hr>172</gpxtpx:hr>
        </gpxtpx:TrackPointExtension></extensions>
      </trkpt>
      <trkpt lat="32.026493" lon="118.764112">
        <ele>30.4</ele>
        <time>2026-05-29T23:34:21Z</time>
        <extensions><gpxtpx:TrackPointExtension>
          <gpxtpx:hr>172</gpxtpx:hr>
        </gpxtpx:TrackPointExtension></extensions>
      </trkpt>
      <trkpt lat="32.026466" lon="118.764106">
        <ele>30.4</ele>
        <time>2026-05-29T23:34:22Z</time>
        <extensions><gpxtpx:TrackPointExtension>
          <gpxtpx:hr>172</gpxtpx:hr>
        </gpxtpx:TrackPointExtension></extensions>
      </trkpt>
      <trkpt lat="32.026432" lon="118.764108">
        <ele>30.4</ele>
        <time>2026-05-29T23:34:23Z</time>
        <extensions><gpxtpx:TrackPointExtension>
          <gpxtpx:hr>172</gpxtpx:hr>
        </gpxtpx:TrackPointExtension></extensions>
      </trkpt>
      <trkpt lat="32.026405" lon="118.764099">
        <ele>30.4</ele>
        <time>2026-05-29T23:34:24Z</time>
        <extensions><gpxtpx:TrackPointExtension>
          <gpxtpx:hr>171</gpxtpx:hr>
        </gpxtpx:TrackPointExtension></extensions>
      </trkpt>
      <trkpt lat="32.026373" lon="118.764094">
        <ele>30.4</ele>
        <time>2026-05-29T23:34:25Z</time>
        <extensions><gpxtpx:TrackPointExtension>
          <gpxtpx:hr>171</gpxtpx:hr>
        </gpxtpx:TrackPointExtension></extensions>
      </trkpt>
      <trkpt lat="32.026348" lon="118.764086">
        <ele>30.6</ele>
        <time>2026-05-29T23:34:26Z</time>
        <extensions><gpxtpx:TrackPointExtension>
          <gpxtpx:hr>171</gpxtpx:hr>
        </gpxtpx:TrackPointExtension></extensions>
      </trkpt>
      <trkpt lat="32.026312" lon="118.764085">
        <ele>30.4</ele>
        <time>2026-05-29T23:34:27Z</time>
        <extensions><gpxtpx:TrackPointExtension>
          <gpxtpx:hr>171</gpxtpx:hr>
        </gpxtpx:TrackPointExtension></extensions>
      </trkpt>
      <trkpt lat="32.026286" lon="118.764075">
        <ele>30.6</ele>
        <time>2026-05-29T23:34:28Z</time>
        <extensions><gpxtpx:TrackPointExtension>
          <gpxtpx:hr>171</gpxtpx:hr>
        </gpxtpx:TrackPointExtension></extensions>
      </trkpt>
      <trkpt lat="32.026247" lon="118.764072">
        <ele>30.6</ele>
        <time>2026-05-29T23:34:29Z</time>
        <extensions><gpxtpx:TrackPointExtension>
          <gpxtpx:hr>172</gpxtpx:hr>
        </gpxtpx:TrackPointExtension></extensions>
      </trkpt>
      <trkpt lat="32.02622" lon="118.764062">
        <ele>30.6</ele>
        <time>2026-05-29T23:34:30Z</time>
        <extensions><gpxtpx:TrackPointExtension>
          <gpxtpx:hr>173</gpxtpx:hr>
        </gpxtpx:TrackPointExtension></extensions>
      </trkpt>
      <trkpt lat="32.026185" lon="118.764063">
        <ele>30.4</ele>
        <time>2026-05-29T23:34:31Z</time>
        <extensions><gpxtpx:TrackPointExtension>
          <gpxtpx:hr>173</gpxtpx:hr>
        </gpxtpx:TrackPointExtension></extensions>
      </trkpt>
      <trkpt lat="32.02616" lon="118.764052">
        <ele>30.4</ele>
        <time>2026-05-29T23:34:32Z</time>
        <extensions><gpxtpx:TrackPointExtension>
          <gpxtpx:hr>171</gpxtpx:hr>
        </gpxtpx:TrackPointExtension></extensions>
      </trkpt>
      <trkpt lat="32.026128" lon="118.764046">
        <ele>30.4</ele>
        <time>2026-05-29T23:34:33Z</time>
        <extensions><gpxtpx:TrackPointExtension>
          <gpxtpx:hr>171</gpxtpx:hr>
        </gpxtpx:TrackPointExtension></extensions>
      </trkpt>
      <trkpt lat="32.0261" lon="118.76404">
        <ele>30.4</ele>
        <time>2026-05-29T23:34:34Z</time>
        <extensions><gpxtpx:TrackPointExtension>
          <gpxtpx:hr>171</gpxtpx:hr>
        </gpxtpx:TrackPointExtension></extensions>
      </trkpt>
      <trkpt lat="32.026069" lon="118.764035">
        <ele>30.4</ele>
        <time>2026-05-29T23:34:35Z</time>
        <extensions><gpxtpx:TrackPointExtension>
          <gpxtpx:hr>171</gpxtpx:hr>
        </gpxtpx:TrackPointExtension></extensions>
      </trkpt>
      <trkpt lat="32.026038" lon="118.764034">
        <ele>30.6</ele>
        <time>2026-05-29T23:34:36Z</time>
        <extensions><gpxtpx:TrackPointExtension>
          <gpxtpx:hr>171</gpxtpx:hr>
        </gpxtpx:TrackPointExtension></extensions>
      </trkpt>
      <trkpt lat="32.02601" lon="118.764023">
        <ele>30.6</ele>
        <time>2026-05-29T23:34:37Z</time>
        <extensions><gpxtpx:TrackPointExtension>
          <gpxtpx:hr>171</gpxtpx:hr>
        </gpxtpx:TrackPointExtension></extensions>
      </trkpt>
      <trkpt lat="32.025974" lon="118.764026">
        <ele>30.6</ele>
        <time>2026-05-29T23:34:38Z</time>
        <extensions><gpxtpx:TrackPointExtension>
          <gpxtpx:hr>172</gpxtpx:hr>
        </gpxtpx:TrackPointExtension></extensions>
      </trkpt>
      <trkpt lat="32.02595" lon="118.764021">
        <ele>30.6</ele>
        <time>2026-05-29T23:34:39Z</time>
        <extensions><gpxtpx:TrackPointExtension>
          <gpxtpx:hr>171</gpxtpx:hr>
        </gpxtpx:TrackPointExtension></extensions>
      </trkpt>
      <trkpt lat="32.025916" lon="118.764023">
        <ele>30.8</ele>
        <time>2026-05-29T23:34:40Z</time>
        <extensions><gpxtpx:TrackPointExtension>
          <gpxtpx:hr>172</gpxtpx:hr>
        </gpxtpx:TrackPointExtension></extensions>
      </trkpt>
      <trkpt lat="32.02589" lon="118.764011">
        <ele>30.8</ele>
        <time>2026-05-29T23:34:41Z</time>
        <extensions><gpxtpx:TrackPointExtension>
          <gpxtpx:hr>171</gpxtpx:hr>
        </gpxtpx:TrackPointExtension></extensions>
      </trkpt>
      <trkpt lat="32.025855" lon="118.764008">
        <ele>30.8</ele>
        <time>2026-05-29T23:34:42Z</time>
        <extensions><gpxtpx:TrackPointExtension>
          <gpxtpx:hr>173</gpxtpx:hr>
        </gpxtpx:TrackPointExtension></extensions>
      </trkpt>
      <trkpt lat="32.025834" lon="118.764001">
        <ele>30.8</ele>
        <time>2026-05-29T23:34:43Z</time>
        <extensions><gpxtpx:TrackPointExtension>
          <gpxtpx:hr>172</gpxtpx:hr>
        </gpxtpx:TrackPointExtension></extensions>
      </trkpt>
      <trkpt lat="32.025799" lon="118.763995">
        <ele>30.8</ele>
        <time>2026-05-29T23:34:44Z</time>
        <extensions><gpxtpx:TrackPointExtension>
          <gpxtpx:hr>171</gpxtpx:hr>
        </gpxtpx:TrackPointExtension></extensions>
      </trkpt>
      <trkpt lat="32.025775" lon="118.763984">
        <ele>30.6</ele>
        <time>2026-05-29T23:34:45Z</time>
        <extensions><gpxtpx:TrackPointExtension>
          <gpxtpx:hr>172</gpxtpx:hr>
        </gpxtpx:TrackPointExtension></extensions>
      </trkpt>
      <trkpt lat="32.025745" lon="118.763979">
        <ele>30.4</ele>
        <time>2026-05-29T23:34:46Z</time>
        <extensions><gpxtpx:TrackPointExtension>
          <gpxtpx:hr>171</gpxtpx:hr>
        </gpxtpx:TrackPointExtension></extensions>
      </trkpt>
      <trkpt lat="32.025717" lon="118.763975">
        <ele>30.6</ele>
        <time>2026-05-29T23:34:47Z</time>
        <extensions><gpxtpx:TrackPointExtension>
          <gpxtpx:hr>172</gpxtpx:hr>
        </gpxtpx:TrackPointExtension></extensions>
      </trkpt>
      <trkpt lat="32.025694" lon="118.763965">
        <ele>30.6</ele>
        <time>2026-05-29T23:34:48Z</time>
        <extensions><gpxtpx:TrackPointExtension>
          <gpxtpx:hr>172</gpxtpx:hr>
        </gpxtpx:TrackPointExtension></extensions>
      </trkpt>
      <trkpt lat="32.025664" lon="118.76396">
        <ele>30.8</ele>
        <time>2026-05-29T23:34:49Z</time>
        <extensions><gpxtpx:TrackPointExtension>
          <gpxtpx:hr>172</gpxtpx:hr>
        </gpxtpx:TrackPointExtension></extensions>
      </trkpt>
      <trkpt lat="32.025643" lon="118.763948">
        <ele>30.8</ele>
        <time>2026-05-29T23:34:50Z</time>
        <extensions><gpxtpx:TrackPointExtension>
          <gpxtpx:hr>172</gpxtpx:hr>
        </gpxtpx:TrackPointExtension></extensions>
      </trkpt>
      <trkpt lat="32.025608" lon="118.763943">
        <ele>30.8</ele>
        <time>2026-05-29T23:34:51Z</time>
        <extensions><gpxtpx:TrackPointExtension>
          <gpxtpx:hr>172</gpxtpx:hr>
        </gpxtpx:TrackPointExtension></extensions>
      </trkpt>
      <trkpt lat="32.025585" lon="118.76393">
        <ele>30.8</ele>
        <time>2026-05-29T23:34:52Z</time>
        <extensions><gpxtpx:TrackPointExtension>
          <gpxtpx:hr>173</gpxtpx:hr>
        </gpxtpx:TrackPointExtension></extensions>
      </trkpt>
      <trkpt lat="32.025549" lon="118.763925">
        <ele>30.8</ele>
        <time>2026-05-29T23:34:53Z</time>
        <extensions><gpxtpx:TrackPointExtension>
          <gpxtpx:hr>173</gpxtpx:hr>
        </gpxtpx:TrackPointExtension></extensions>
      </trkpt>
      <trkpt lat="32.025525" lon="118.763914">
        <ele>30.8</ele>
        <time>2026-05-29T23:34:54Z</time>
        <extensions><gpxtpx:TrackPointExtension>
          <gpxtpx:hr>173</gpxtpx:hr>
        </gpxtpx:TrackPointExtension></extensions>
      </trkpt>
      <trkpt lat="32.025489" lon="118.763911">
        <ele>30.8</ele>
        <time>2026-05-29T23:34:55Z</time>
        <extensions><gpxtpx:TrackPointExtension>
          <gpxtpx:hr>173</gpxtpx:hr>
        </gpxtpx:TrackPointExtension></extensions>
      </trkpt>
      <trkpt lat="32.025464" lon="118.763899">
        <ele>30.6</ele>
        <time>2026-05-29T23:34:56Z</time>
        <extensions><gpxtpx:TrackPointExtension>
          <gpxtpx:hr>174</gpxtpx:hr>
        </gpxtpx:TrackPointExtension></extensions>
      </trkpt>
      <trkpt lat="32.025424" lon="118.763894">
        <ele>30.6</ele>
        <time>2026-05-29T23:34:57Z</time>
        <extensions><gpxtpx:TrackPointExtension>
          <gpxtpx:hr>175</gpxtpx:hr>
        </gpxtpx:TrackPointExtension></extensions>
      </trkpt>
      <trkpt lat="32.025397" lon="118.763888">
        <ele>30.6</ele>
        <time>2026-05-29T23:34:58Z</time>
        <extensions><gpxtpx:TrackPointExtension>
          <gpxtpx:hr>175</gpxtpx:hr>
        </gpxtpx:TrackPointExtension></extensions>
      </trkpt>
      <trkpt lat="32.025359" lon="118.763883">
        <ele>30.4</ele>
        <time>2026-05-29T23:34:59Z</time>
        <extensions><gpxtpx:TrackPointExtension>
          <gpxtpx:hr>175</gpxtpx:hr>
        </gpxtpx:TrackPointExtension></extensions>
      </trkpt>
      <trkpt lat="32.025337" lon="118.763872">
        <ele>30.4</ele>
        <time>2026-05-29T23:35:00Z</time>
        <extensions><gpxtpx:TrackPointExtension>
          <gpxtpx:hr>175</gpxtpx:hr>
        </gpxtpx:TrackPointExtension></extensions>
      </trkpt>
      <trkpt lat="32.025302" lon="118.763865">
        <ele>30.4</ele>
        <time>2026-05-29T23:35:01Z</time>
        <extensions><gpxtpx:TrackPointExtension>
          <gpxtpx:hr>175</gpxtpx:hr>
        </gpxtpx:TrackPointExtension></extensions>
      </trkpt>
      <trkpt lat="32.025279" lon="118.763856">
        <ele>30.6</ele>
        <time>2026-05-29T23:35:02Z</time>
        <extensions><gpxtpx:TrackPointExtension>
          <gpxtpx:hr>173</gpxtpx:hr>
        </gpxtpx:TrackPointExtension></extensions>
      </trkpt>
      <trkpt lat="32.025243" lon="118.763849">
        <ele>30.6</ele>
        <time>2026-05-29T23:35:03Z</time>
        <extensions><gpxtpx:TrackPointExtension>
          <gpxtpx:hr>174</gpxtpx:hr>
        </gpxtpx:TrackPointExtension></extensions>
      </trkpt>
      <trkpt lat="32.025216" lon="118.76384">
        <ele>30.6</ele>
        <time>2026-05-29T23:35:04Z</time>
        <extensions><gpxtpx:TrackPointExtension>
          <gpxtpx:hr>174</gpxtpx:hr>
        </gpxtpx:TrackPointExtension></extensions>
      </trkpt>
      <trkpt lat="32.025182" lon="118.763837">
        <ele>30.6</ele>
        <time>2026-05-29T23:35:05Z</time>
        <extensions><gpxtpx:TrackPointExtension>
          <gpxtpx:hr>173</gpxtpx:hr>
        </gpxtpx:TrackPointExtension></extensions>
      </trkpt>
      <trkpt lat="32.025152" lon="118.763829">
        <ele>30.6</ele>
        <time>2026-05-29T23:35:06Z</time>
        <extensions><gpxtpx:TrackPointExtension>
          <gpxtpx:hr>175</gpxtpx:hr>
        </gpxtpx:TrackPointExtension></extensions>
      </trkpt>
      <trkpt lat="32.025116" lon="118.763829">
        <ele>30.6</ele>
        <time>2026-05-29T23:35:07Z</time>
        <extensions><gpxtpx:TrackPointExtension>
          <gpxtpx:hr>175</gpxtpx:hr>
        </gpxtpx:TrackPointExtension></extensions>
      </trkpt>
      <trkpt lat="32.02509" lon="118.76382">
        <ele>30.6</ele>
        <time>2026-05-29T23:35:08Z</time>
        <extensions><gpxtpx:TrackPointExtension>
          <gpxtpx:hr>175</gpxtpx:hr>
        </gpxtpx:TrackPointExtension></extensions>
      </trkpt>
      <trkpt lat="32.025052" lon="118.763818">
        <ele>30.6</ele>
        <time>2026-05-29T23:35:09Z</time>
        <extensions><gpxtpx:TrackPointExtension>
          <gpxtpx:hr>174</gpxtpx:hr>
        </gpxtpx:TrackPointExtension></extensions>
      </trkpt>
      <trkpt lat="32.025028" lon="118.763808">
        <ele>30.6</ele>
        <time>2026-05-29T23:35:10Z</time>
        <extensions><gpxtpx:TrackPointExtension>
          <gpxtpx:hr>174</gpxtpx:hr>
        </gpxtpx:TrackPointExtension></extensions>
      </trkpt>
      <trkpt lat="32.024993" lon="118.763801">
        <ele>30.6</ele>
        <time>2026-05-29T23:35:11Z</time>
        <extensions><gpxtpx:TrackPointExtension>
          <gpxtpx:hr>173</gpxtpx:hr>
        </gpxtpx:TrackPointExtension></extensions>
      </trkpt>
      <trkpt lat="32.024968" lon="118.763791">
        <ele>30.6</ele>
        <time>2026-05-29T23:35:12Z</time>
        <extensions><gpxtpx:TrackPointExtension>
          <gpxtpx:hr>173</gpxtpx:hr>
        </gpxtpx:TrackPointExtension></extensions>
      </trkpt>
      <trkpt lat="32.024931" lon="118.763786">
        <ele>30.6</ele>
        <time>2026-05-29T23:35:13Z</time>
        <extensions><gpxtpx:TrackPointExtension>
          <gpxtpx:hr>173</gpxtpx:hr>
        </gpxtpx:TrackPointExtension></extensions>
      </trkpt>
      <trkpt lat="32.024906" lon="118.763778">
        <ele>30.6</ele>
        <time>2026-05-29T23:35:14Z</time>
        <extensions><gpxtpx:TrackPointExtension>
          <gpxtpx:hr>173</gpxtpx:hr>
        </gpxtpx:TrackPointExtension></extensions>
      </trkpt>
      <trkpt lat="32.024871" lon="118.763774">
        <ele>30.6</ele>
        <time>2026-05-29T23:35:15Z</time>
        <extensions><gpxtpx:TrackPointExtension>
          <gpxtpx:hr>174</gpxtpx:hr>
        </gpxtpx:TrackPointExtension></extensions>
      </trkpt>
      <trkpt lat="32.024845" lon="118.763764">
        <ele>30.6</ele>
        <time>2026-05-29T23:35:16Z</time>
        <extensions><gpxtpx:TrackPointExtension>
          <gpxtpx:hr>175</gpxtpx:hr>
        </gpxtpx:TrackPointExtension></extensions>
      </trkpt>
      <trkpt lat="32.024809" lon="118.763756">
        <ele>30.6</ele>
        <time>2026-05-29T23:35:17Z</time>
        <extensions><gpxtpx:TrackPointExtension>
          <gpxtpx:hr>174</gpxtpx:hr>
        </gpxtpx:TrackPointExtension></extensions>
      </trkpt>
      <trkpt lat="32.024784" lon="118.763743">
        <ele>30.6</ele>
        <time>2026-05-29T23:35:18Z</time>
        <extensions><gpxtpx:TrackPointExtension>
          <gpxtpx:hr>174</gpxtpx:hr>
        </gpxtpx:TrackPointExtension></extensions>
      </trkpt>
      <trkpt lat="32.024748" lon="118.763736">
        <ele>30.6</ele>
        <time>2026-05-29T23:35:19Z</time>
        <extensions><gpxtpx:TrackPointExtension>
          <gpxtpx:hr>173</gpxtpx:hr>
        </gpxtpx:TrackPointExtension></extensions>
      </trkpt>
      <trkpt lat="32.024724" lon="118.763723">
        <ele>30.6</ele>
        <time>2026-05-29T23:35:20Z</time>
        <extensions><gpxtpx:TrackPointExtension>
          <gpxtpx:hr>174</gpxtpx:hr>
        </gpxtpx:TrackPointExtension></extensions>
      </trkpt>
      <trkpt lat="32.024689" lon="118.763717">
        <ele>30.6</ele>
        <time>2026-05-29T23:35:21Z</time>
        <extensions><gpxtpx:TrackPointExtension>
          <gpxtpx:hr>173</gpxtpx:hr>
        </gpxtpx:TrackPointExtension></extensions>
      </trkpt>
      <trkpt lat="32.024665" lon="118.763706">
        <ele>30.6</ele>
        <time>2026-05-29T23:35:22Z</time>
        <extensions><gpxtpx:TrackPointExtension>
          <gpxtpx:hr>172</gpxtpx:hr>
        </gpxtpx:TrackPointExtension></extensions>
      </trkpt>
      <trkpt lat="32.02463" lon="118.763701">
        <ele>30.6</ele>
        <time>2026-05-29T23:35:23Z</time>
        <extensions><gpxtpx:TrackPointExtension>
          <gpxtpx:hr>173</gpxtpx:hr>
        </gpxtpx:TrackPointExtension></extensions>
      </trkpt>
      <trkpt lat="32.024605" lon="118.763695">
        <ele>30.6</ele>
        <time>2026-05-29T23:35:24Z</time>
        <extensions><gpxtpx:TrackPointExtension>
          <gpxtpx:hr>172</gpxtpx:hr>
        </gpxtpx:TrackPointExtension></extensions>
      </trkpt>
      <trkpt lat="32.024571" lon="118.763694">
        <ele>30.6</ele>
        <time>2026-05-29T23:35:25Z</time>
        <extensions><gpxtpx:TrackPointExtension>
          <gpxtpx:hr>172</gpxtpx:hr>
        </gpxtpx:TrackPointExtension></extensions>
      </trkpt>
      <trkpt lat="32.024547" lon="118.763687">
        <ele>30.6</ele>
        <time>2026-05-29T23:35:26Z</time>
        <extensions><gpxtpx:TrackPointExtension>
          <gpxtpx:hr>171</gpxtpx:hr>
        </gpxtpx:TrackPointExtension></extensions>
      </trkpt>
      <trkpt lat="32.024512" lon="118.76368">
        <ele>30.6</ele>
        <time>2026-05-29T23:35:27Z</time>
        <extensions><gpxtpx:TrackPointExtension>
          <gpxtpx:hr>172</gpxtpx:hr>
        </gpxtpx:TrackPointExtension></extensions>
      </trkpt>
      <trkpt lat="32.024488" lon="118.763672">
        <ele>30.6</ele>
        <time>2026-05-29T23:35:28Z</time>
        <extensions><gpxtpx:TrackPointExtension>
          <gpxtpx:hr>171</gpxtpx:hr>
        </gpxtpx:TrackPointExtension></extensions>
      </trkpt>
      <trkpt lat="32.024451" lon="118.763665">
        <ele>30.6</ele>
        <time>2026-05-29T23:35:29Z</time>
        <extensions><gpxtpx:TrackPointExtension>
          <gpxtpx:hr>172</gpxtpx:hr>
        </gpxtpx:TrackPointExtension></extensions>
      </trkpt>
      <trkpt lat="32.024428" lon="118.763657">
        <ele>30.6</ele>
        <time>2026-05-29T23:35:30Z</time>
        <extensions><gpxtpx:TrackPointExtension>
          <gpxtpx:hr>171</gpxtpx:hr>
        </gpxtpx:TrackPointExtension></extensions>
      </trkpt>
      <trkpt lat="32.02439" lon="118.763653">
        <ele>30.6</ele>
        <time>2026-05-29T23:35:31Z</time>
        <extensions><gpxtpx:TrackPointExtension>
          <gpxtpx:hr>170</gpxtpx:hr>
        </gpxtpx:TrackPointExtension></extensions>
      </trkpt>
      <trkpt lat="32.024363" lon="118.763646">
        <ele>30.6</ele>
        <time>2026-05-29T23:35:32Z</time>
        <extensions><gpxtpx:TrackPointExtension>
          <gpxtpx:hr>172</gpxtpx:hr>
        </gpxtpx:TrackPointExtension></extensions>
      </trkpt>
      <trkpt lat="32.024326" lon="118.763643">
        <ele>30.6</ele>
        <time>2026-05-29T23:35:33Z</time>
        <extensions><gpxtpx:TrackPointExtension>
          <gpxtpx:hr>173</gpxtpx:hr>
        </gpxtpx:TrackPointExtension></extensions>
      </trkpt>
      <trkpt lat="32.024301" lon="118.763633">
        <ele>30.6</ele>
        <time>2026-05-29T23:35:34Z</time>
        <extensions><gpxtpx:TrackPointExtension>
          <gpxtpx:hr>172</gpxtpx:hr>
        </gpxtpx:TrackPointExtension></extensions>
      </trkpt>
      <trkpt lat="32.024262" lon="118.763627">
        <ele>30.6</ele>
        <time>2026-05-29T23:35:35Z</time>
        <extensions><gpxtpx:TrackPointExtension>
          <gpxtpx:hr>173</gpxtpx:hr>
        </gpxtpx:TrackPointExtension></extensions>
      </trkpt>
      <trkpt lat="32.02424" lon="118.763615">
        <ele>30.6</ele>
        <time>2026-05-29T23:35:36Z</time>
        <extensions><gpxtpx:TrackPointExtension>
          <gpxtpx:hr>172</gpxtpx:hr>
        </gpxtpx:TrackPointExtension></extensions>
      </trkpt>
      <trkpt lat="32.024201" lon="118.763608">
        <ele>30.6</ele>
        <time>2026-05-29T23:35:37Z</time>
        <extensions><gpxtpx:TrackPointExtension>
          <gpxtpx:hr>172</gpxtpx:hr>
        </gpxtpx:TrackPointExtension></extensions>
      </trkpt>
      <trkpt lat="32.024177" lon="118.763599">
        <ele>30.6</ele>
        <time>2026-05-29T23:35:38Z</time>
        <extensions><gpxtpx:TrackPointExtension>
          <gpxtpx:hr>173</gpxtpx:hr>
        </gpxtpx:TrackPointExtension></extensions>
      </trkpt>
      <trkpt lat="32.024141" lon="118.763595">
        <ele>30.6</ele>
        <time>2026-05-29T23:35:39Z</time>
        <extensions><gpxtpx:TrackPointExtension>
          <gpxtpx:hr>173</gpxtpx:hr>
        </gpxtpx:TrackPointExtension></extensions>
      </trkpt>
      <trkpt lat="32.024118" lon="118.763585">
        <ele>30.8</ele>
        <time>2026-05-29T23:35:40Z</time>
        <extensions><gpxtpx:TrackPointExtension>
          <gpxtpx:hr>173</gpxtpx:hr>
        </gpxtpx:TrackPointExtension></extensions>
      </trkpt>
      <trkpt lat="32.024082" lon="118.763581">
        <ele>30.8</ele>
        <time>2026-05-29T23:35:41Z</time>
        <extensions><gpxtpx:TrackPointExtension>
          <gpxtpx:hr>172</gpxtpx:hr>
        </gpxtpx:TrackPointExtension></extensions>
      </trkpt>
      <trkpt lat="32.024059" lon="118.763572">
        <ele>30.8</ele>
        <time>2026-05-29T23:35:42Z</time>
        <extensions><gpxtpx:TrackPointExtension>
          <gpxtpx:hr>174</gpxtpx:hr>
        </gpxtpx:TrackPointExtension></extensions>
      </trkpt>
      <trkpt lat="32.024023" lon="118.763567">
        <ele>30.8</ele>
        <time>2026-05-29T23:35:43Z</time>
        <extensions><gpxtpx:TrackPointExtension>
          <gpxtpx:hr>174</gpxtpx:hr>
        </gpxtpx:TrackPointExtension></extensions>
      </trkpt>
      <trkpt lat="32.024" lon="118.763558">
        <ele>30.6</ele>
        <time>2026-05-29T23:35:44Z</time>
        <extensions><gpxtpx:TrackPointExtension>
          <gpxtpx:hr>172</gpxtpx:hr>
        </gpxtpx:TrackPointExtension></extensions>
      </trkpt>
      <trkpt lat="32.023965" lon="118.763555">
        <ele>30.6</ele>
        <time>2026-05-29T23:35:45Z</time>
        <extensions><gpxtpx:TrackPointExtension>
          <gpxtpx:hr>173</gpxtpx:hr>
        </gpxtpx:TrackPointExtension></extensions>
      </trkpt>
      <trkpt lat="32.023944" lon="118.763545">
        <ele>30.8</ele>
        <time>2026-05-29T23:35:46Z</time>
        <extensions><gpxtpx:TrackPointExtension>
          <gpxtpx:hr>173</gpxtpx:hr>
        </gpxtpx:TrackPointExtension></extensions>
      </trkpt>
      <trkpt lat="32.02391" lon="118.763542">
        <ele>30.6</ele>
        <time>2026-05-29T23:35:47Z</time>
        <extensions><gpxtpx:TrackPointExtension>
          <gpxtpx:hr>172</gpxtpx:hr>
        </gpxtpx:TrackPointExtension></extensions>
      </trkpt>
      <trkpt lat="32.023888" lon="118.763534">
        <ele>30.6</ele>
        <time>2026-05-29T23:35:48Z</time>
        <extensions><gpxtpx:TrackPointExtension>
          <gpxtpx:hr>172</gpxtpx:hr>
        </gpxtpx:TrackPointExtension></extensions>
      </trkpt>
      <trkpt lat="32.023852" lon="118.763526">
        <ele>30.8</ele>
        <time>2026-05-29T23:35:49Z</time>
        <extensions><gpxtpx:TrackPointExtension>
          <gpxtpx:hr>172</gpxtpx:hr>
        </gpxtpx:TrackPointExtension></extensions>
      </trkpt>
      <trkpt lat="32.02383" lon="118.763514">
        <ele>30.8</ele>
        <time>2026-05-29T23:35:50Z</time>
        <extensions><gpxtpx:TrackPointExtension>
          <gpxtpx:hr>173</gpxtpx:hr>
        </gpxtpx:TrackPointExtension></extensions>
      </trkpt>
      <trkpt lat="32.023794" lon="118.763507">
        <ele>30.8</ele>
        <time>2026-05-29T23:35:51Z</time>
        <extensions><gpxtpx:TrackPointExtension>
          <gpxtpx:hr>173</gpxtpx:hr>
        </gpxtpx:TrackPointExtension></extensions>
      </trkpt>
      <trkpt lat="32.023771" lon="118.763494">
        <ele>30.8</ele>
        <time>2026-05-29T23:35:52Z</time>
        <extensions><gpxtpx:TrackPointExtension>
          <gpxtpx:hr>171</gpxtpx:hr>
        </gpxtpx:TrackPointExtension></extensions>
      </trkpt>
      <trkpt lat="32.023734" lon="118.76349">
        <ele>30.8</ele>
        <time>2026-05-29T23:35:53Z</time>
        <extensions><gpxtpx:TrackPointExtension>
          <gpxtpx:hr>173</gpxtpx:hr>
        </gpxtpx:TrackPointExtension></extensions>
      </trkpt>
      <trkpt lat="32.023712" lon="118.763475">
        <ele>30.8</ele>
        <time>2026-05-29T23:35:54Z</time>
        <extensions><gpxtpx:TrackPointExtension>
          <gpxtpx:hr>172</gpxtpx:hr>
        </gpxtpx:TrackPointExtension></extensions>
      </trkpt>
      <trkpt lat="32.023677" lon="118.763472">
        <ele>30.8</ele>
        <time>2026-05-29T23:35:55Z</time>
        <extensions><gpxtpx:TrackPointExtension>
          <gpxtpx:hr>172</gpxtpx:hr>
        </gpxtpx:TrackPointExtension></extensions>
      </trkpt>
      <trkpt lat="32.023654" lon="118.763462">
        <ele>30.8</ele>
        <time>2026-05-29T23:35:56Z</time>
        <extensions><gpxtpx:TrackPointExtension>
          <gpxtpx:hr>172</gpxtpx:hr>
        </gpxtpx:TrackPointExtension></extensions>
      </trkpt>
      <trkpt lat="32.023618" lon="118.763457">
        <ele>30.8</ele>
        <time>2026-05-29T23:35:57Z</time>
        <extensions><gpxtpx:TrackPointExtension>
          <gpxtpx:hr>173</gpxtpx:hr>
        </gpxtpx:TrackPointExtension></extensions>
      </trkpt>
      <trkpt lat="32.023594" lon="118.763447">
        <ele>30.8</ele>
        <time>2026-05-29T23:35:58Z</time>
        <extensions><gpxtpx:TrackPointExtension>
          <gpxtpx:hr>175</gpxtpx:hr>
        </gpxtpx:TrackPointExtension></extensions>
      </trkpt>
      <trkpt lat="32.023558" lon="118.763445">
        <ele>30.8</ele>
        <time>2026-05-29T23:35:59Z</time>
        <extensions><gpxtpx:TrackPointExtension>
          <gpxtpx:hr>173</gpxtpx:hr>
        </gpxtpx:TrackPointExtension></extensions>
      </trkpt>
      <trkpt lat="32.023534" lon="118.763434">
        <ele>30.8</ele>
        <time>2026-05-29T23:36:00Z</time>
        <extensions><gpxtpx:TrackPointExtension>
          <gpxtpx:hr>173</gpxtpx:hr>
        </gpxtpx:TrackPointExtension></extensions>
      </trkpt>
      <trkpt lat="32.023498" lon="118.763431">
        <ele>30.8</ele>
        <time>2026-05-29T23:36:01Z</time>
        <extensions><gpxtpx:TrackPointExtension>
          <gpxtpx:hr>172</gpxtpx:hr>
        </gpxtpx:TrackPointExtension></extensions>
      </trkpt>
      <trkpt lat="32.023474" lon="118.763423">
        <ele>30.8</ele>
        <time>2026-05-29T23:36:02Z</time>
        <extensions><gpxtpx:TrackPointExtension>
          <gpxtpx:hr>173</gpxtpx:hr>
        </gpxtpx:TrackPointExtension></extensions>
      </trkpt>
      <trkpt lat="32.023439" lon="118.763421">
        <ele>30.8</ele>
        <time>2026-05-29T23:36:03Z</time>
        <extensions><gpxtpx:TrackPointExtension>
          <gpxtpx:hr>173</gpxtpx:hr>
        </gpxtpx:TrackPointExtension></extensions>
      </trkpt>
      <trkpt lat="32.023414" lon="118.763407">
        <ele>30.8</ele>
        <time>2026-05-29T23:36:04Z</time>
        <extensions><gpxtpx:TrackPointExtension>
          <gpxtpx:hr>173</gpxtpx:hr>
        </gpxtpx:TrackPointExtension></extensions>
      </trkpt>
      <trkpt lat="32.023381" lon="118.763403">
        <ele>30.6</ele>
        <time>2026-05-29T23:36:05Z</time>
        <extensions><gpxtpx:TrackPointExtension>
          <gpxtpx:hr>175</gpxtpx:hr>
        </gpxtpx:TrackPointExtension></extensions>
      </trkpt>
      <trkpt lat="32.023359" lon="118.763396">
        <ele>30.8</ele>
        <time>2026-05-29T23:36:06Z</time>
        <extensions><gpxtpx:TrackPointExtension>
          <gpxtpx:hr>175</gpxtpx:hr>
        </gpxtpx:TrackPointExtension></extensions>
      </trkpt>
      <trkpt lat="32.023322" lon="118.763393">
        <ele>30.8</ele>
        <time>2026-05-29T23:36:07Z</time>
        <extensions><gpxtpx:TrackPointExtension>
          <gpxtpx:hr>175</gpxtpx:hr>
        </gpxtpx:TrackPointExtension></extensions>
      </trkpt>
      <trkpt lat="32.023299" lon="118.763384">
        <ele>31.0</ele>
        <time>2026-05-29T23:36:08Z</time>
        <extensions><gpxtpx:TrackPointExtension>
          <gpxtpx:hr>175</gpxtpx:hr>
        </gpxtpx:TrackPointExtension></extensions>
      </trkpt>
      <trkpt lat="32.023265" lon="118.763378">
        <ele>30.8</ele>
        <time>2026-05-29T23:36:09Z</time>
        <extensions><gpxtpx:TrackPointExtension>
          <gpxtpx:hr>174</gpxtpx:hr>
        </gpxtpx:TrackPointExtension></extensions>
      </trkpt>
      <trkpt lat="32.023244" lon="118.76337">
        <ele>30.8</ele>
        <time>2026-05-29T23:36:10Z</time>
        <extensions><gpxtpx:TrackPointExtension>
          <gpxtpx:hr>172</gpxtpx:hr>
        </gpxtpx:TrackPointExtension></extensions>
      </trkpt>
      <trkpt lat="32.023207" lon="118.763365">
        <ele>30.8</ele>
        <time>2026-05-29T23:36:11Z</time>
        <extensions><gpxtpx:TrackPointExtension>
          <gpxtpx:hr>173</gpxtpx:hr>
        </gpxtpx:TrackPointExtension></extensions>
      </trkpt>
      <trkpt lat="32.023184" lon="118.763356">
        <ele>30.8</ele>
        <time>2026-05-29T23:36:12Z</time>
        <extensions><gpxtpx:TrackPointExtension>
          <gpxtpx:hr>173</gpxtpx:hr>
        </gpxtpx:TrackPointExtension></extensions>
      </trkpt>
      <trkpt lat="32.023148" lon="118.763352">
        <ele>30.8</ele>
        <time>2026-05-29T23:36:13Z</time>
        <extensions><gpxtpx:TrackPointExtension>
          <gpxtpx:hr>173</gpxtpx:hr>
        </gpxtpx:TrackPointExtension></extensions>
      </trkpt>
      <trkpt lat="32.023126" lon="118.763339">
        <ele>30.8</ele>
        <time>2026-05-29T23:36:14Z</time>
        <extensions><gpxtpx:TrackPointExtension>
          <gpxtpx:hr>175</gpxtpx:hr>
        </gpxtpx:TrackPointExtension></extensions>
      </trkpt>
      <trkpt lat="32.023092" lon="118.763339">
        <ele>30.8</ele>
        <time>2026-05-29T23:36:15Z</time>
        <extensions><gpxtpx:TrackPointExtension>
          <gpxtpx:hr>174</gpxtpx:hr>
        </gpxtpx:TrackPointExtension></extensions>
      </trkpt>
      <trkpt lat="32.023069" lon="118.763333">
        <ele>30.8</ele>
        <time>2026-05-29T23:36:16Z</time>
        <extensions><gpxtpx:TrackPointExtension>
          <gpxtpx:hr>174</gpxtpx:hr>
        </gpxtpx:TrackPointExtension></extensions>
      </trkpt>
      <trkpt lat="32.023033" lon="118.763335">
        <ele>31.0</ele>
        <time>2026-05-29T23:36:17Z</time>
        <extensions><gpxtpx:TrackPointExtension>
          <gpxtpx:hr>173</gpxtpx:hr>
        </gpxtpx:TrackPointExtension></extensions>
      </trkpt>
      <trkpt lat="32.023007" lon="118.763329">
        <ele>31.0</ele>
        <time>2026-05-29T23:36:18Z</time>
        <extensions><gpxtpx:TrackPointExtension>
          <gpxtpx:hr>173</gpxtpx:hr>
        </gpxtpx:TrackPointExtension></extensions>
      </trkpt>
      <trkpt lat="32.022971" lon="118.763329">
        <ele>31.0</ele>
        <time>2026-05-29T23:36:19Z</time>
        <extensions><gpxtpx:TrackPointExtension>
          <gpxtpx:hr>172</gpxtpx:hr>
        </gpxtpx:TrackPointExtension></extensions>
      </trkpt>
      <trkpt lat="32.022942" lon="118.763325">
        <ele>30.8</ele>
        <time>2026-05-29T23:36:20Z</time>
        <extensions><gpxtpx:TrackPointExtension>
          <gpxtpx:hr>172</gpxtpx:hr>
        </gpxtpx:TrackPointExtension></extensions>
      </trkpt>
      <trkpt lat="32.022904" lon="118.763326">
        <ele>30.8</ele>
        <time>2026-05-29T23:36:21Z</time>
        <extensions><gpxtpx:TrackPointExtension>
          <gpxtpx:hr>172</gpxtpx:hr>
        </gpxtpx:TrackPointExtension></extensions>
      </trkpt>
      <trkpt lat="32.02288" lon="118.763317">
        <ele>30.8</ele>
        <time>2026-05-29T23:36:22Z</time>
        <extensions><gpxtpx:TrackPointExtension>
          <gpxtpx:hr>173</gpxtpx:hr>
        </gpxtpx:TrackPointExtension></extensions>
      </trkpt>
      <trkpt lat="32.022844" lon="118.763314">
        <ele>30.8</ele>
        <time>2026-05-29T23:36:23Z</time>
        <extensions><gpxtpx:TrackPointExtension>
          <gpxtpx:hr>173</gpxtpx:hr>
        </gpxtpx:TrackPointExtension></extensions>
      </trkpt>
      <trkpt lat="32.02282" lon="118.763308">
        <ele>30.8</ele>
        <time>2026-05-29T23:36:24Z</time>
        <extensions><gpxtpx:TrackPointExtension>
          <gpxtpx:hr>173</gpxtpx:hr>
        </gpxtpx:TrackPointExtension></extensions>
      </trkpt>
      <trkpt lat="32.022785" lon="118.763306">
        <ele>30.8</ele>
        <time>2026-05-29T23:36:25Z</time>
        <extensions><gpxtpx:TrackPointExtension>
          <gpxtpx:hr>172</gpxtpx:hr>
        </gpxtpx:TrackPointExtension></extensions>
      </trkpt>
      <trkpt lat="32.022762" lon="118.763296">
        <ele>30.8</ele>
        <time>2026-05-29T23:36:26Z</time>
        <extensions><gpxtpx:TrackPointExtension>
          <gpxtpx:hr>172</gpxtpx:hr>
        </gpxtpx:TrackPointExtension></extensions>
      </trkpt>
      <trkpt lat="32.022726" lon="118.76329">
        <ele>30.8</ele>
        <time>2026-05-29T23:36:27Z</time>
        <extensions><gpxtpx:TrackPointExtension>
          <gpxtpx:hr>170</gpxtpx:hr>
        </gpxtpx:TrackPointExtension></extensions>
      </trkpt>
      <trkpt lat="32.022701" lon="118.763282">
        <ele>30.6</ele>
        <time>2026-05-29T23:36:28Z</time>
        <extensions><gpxtpx:TrackPointExtension>
          <gpxtpx:hr>171</gpxtpx:hr>
        </gpxtpx:TrackPointExtension></extensions>
      </trkpt>
      <trkpt lat="32.022667" lon="118.763282">
        <ele>30.6</ele>
        <time>2026-05-29T23:36:29Z</time>
        <extensions><gpxtpx:TrackPointExtension>
          <gpxtpx:hr>171</gpxtpx:hr>
        </gpxtpx:TrackPointExtension></extensions>
      </trkpt>
      <trkpt lat="32.022645" lon="118.763272">
        <ele>30.6</ele>
        <time>2026-05-29T23:36:30Z</time>
        <extensions><gpxtpx:TrackPointExtension>
          <gpxtpx:hr>171</gpxtpx:hr>
        </gpxtpx:TrackPointExtension></extensions>
      </trkpt>
      <trkpt lat="32.02261" lon="118.763268">
        <ele>30.6</ele>
        <time>2026-05-29T23:36:31Z</time>
        <extensions><gpxtpx:TrackPointExtension>
          <gpxtpx:hr>170</gpxtpx:hr>
        </gpxtpx:TrackPointExtension></extensions>
      </trkpt>
      <trkpt lat="32.022584" lon="118.76326">
        <ele>30.6</ele>
        <time>2026-05-29T23:36:32Z</time>
        <extensions><gpxtpx:TrackPointExtension>
          <gpxtpx:hr>169</gpxtpx:hr>
        </gpxtpx:TrackPointExtension></extensions>
      </trkpt>
      <trkpt lat="32.022546" lon="118.763256">
        <ele>30.6</ele>
        <time>2026-05-29T23:36:33Z</time>
        <extensions><gpxtpx:TrackPointExtension>
          <gpxtpx:hr>169</gpxtpx:hr>
        </gpxtpx:TrackPointExtension></extensions>
      </trkpt>
      <trkpt lat="32.022521" lon="118.76325">
        <ele>30.8</ele>
        <time>2026-05-29T23:36:34Z</time>
        <extensions><gpxtpx:TrackPointExtension>
          <gpxtpx:hr>169</gpxtpx:hr>
        </gpxtpx:TrackPointExtension></extensions>
      </trkpt>
      <trkpt lat="32.022485" lon="118.763254">
        <ele>30.6</ele>
        <time>2026-05-29T23:36:35Z</time>
        <extensions><gpxtpx:TrackPointExtension>
          <gpxtpx:hr>172</gpxtpx:hr>
        </gpxtpx:TrackPointExtension></extensions>
      </trkpt>
      <trkpt lat="32.022463" lon="118.763248">
        <ele>30.8</ele>
        <time>2026-05-29T23:36:36Z</time>
        <extensions><gpxtpx:TrackPointExtension>
          <gpxtpx:hr>172</gpxtpx:hr>
        </gpxtpx:TrackPointExtension></extensions>
      </trkpt>
      <trkpt lat="32.022426" lon="118.763246">
        <ele>30.8</ele>
        <time>2026-05-29T23:36:37Z</time>
        <extensions><gpxtpx:TrackPointExtension>
          <gpxtpx:hr>171</gpxtpx:hr>
        </gpxtpx:TrackPointExtension></extensions>
      </trkpt>
      <trkpt lat="32.022402" lon="118.763239">
        <ele>30.8</ele>
        <time>2026-05-29T23:36:38Z</time>
        <extensions><gpxtpx:TrackPointExtension>
          <gpxtpx:hr>171</gpxtpx:hr>
        </gpxtpx:TrackPointExtension></extensions>
      </trkpt>
      <trkpt lat="32.022365" lon="118.763238">
        <ele>31.0</ele>
        <time>2026-05-29T23:36:39Z</time>
        <extensions><gpxtpx:TrackPointExtension>
          <gpxtpx:hr>171</gpxtpx:hr>
        </gpxtpx:TrackPointExtension></extensions>
      </trkpt>
      <trkpt lat="32.022339" lon="118.76323">
        <ele>31.0</ele>
        <time>2026-05-29T23:36:40Z</time>
        <extensions><gpxtpx:TrackPointExtension>
          <gpxtpx:hr>171</gpxtpx:hr>
        </gpxtpx:TrackPointExtension></extensions>
      </trkpt>
      <trkpt lat="32.022304" lon="118.763228">
        <ele>31.0</ele>
        <time>2026-05-29T23:36:41Z</time>
        <extensions><gpxtpx:TrackPointExtension>
          <gpxtpx:hr>172</gpxtpx:hr>
        </gpxtpx:TrackPointExtension></extensions>
      </trkpt>
      <trkpt lat="32.022281" lon="118.763221">
        <ele>31.0</ele>
        <time>2026-05-29T23:36:42Z</time>
        <extensions><gpxtpx:TrackPointExtension>
          <gpxtpx:hr>173</gpxtpx:hr>
        </gpxtpx:TrackPointExtension></extensions>
      </trkpt>
      <trkpt lat="32.022245" lon="118.763219">
        <ele>30.8</ele>
        <time>2026-05-29T23:36:43Z</time>
        <extensions><gpxtpx:TrackPointExtension>
          <gpxtpx:hr>173</gpxtpx:hr>
        </gpxtpx:TrackPointExtension></extensions>
      </trkpt>
      <trkpt lat="32.022222" lon="118.763211">
        <ele>30.8</ele>
        <time>2026-05-29T23:36:44Z</time>
        <extensions><gpxtpx:TrackPointExtension>
          <gpxtpx:hr>173</gpxtpx:hr>
        </gpxtpx:TrackPointExtension></extensions>
      </trkpt>
      <trkpt lat="32.022184" lon="118.763213">
        <ele>30.8</ele>
        <time>2026-05-29T23:36:45Z</time>
        <extensions><gpxtpx:TrackPointExtension>
          <gpxtpx:hr>172</gpxtpx:hr>
        </gpxtpx:TrackPointExtension></extensions>
      </trkpt>
      <trkpt lat="32.022157" lon="118.763209">
        <ele>30.8</ele>
        <time>2026-05-29T23:36:46Z</time>
        <extensions><gpxtpx:TrackPointExtension>
          <gpxtpx:hr>172</gpxtpx:hr>
        </gpxtpx:TrackPointExtension></extensions>
      </trkpt>
      <trkpt lat="32.022122" lon="118.763208">
        <ele>30.8</ele>
        <time>2026-05-29T23:36:47Z</time>
        <extensions><gpxtpx:TrackPointExtension>
          <gpxtpx:hr>171</gpxtpx:hr>
        </gpxtpx:TrackPointExtension></extensions>
      </trkpt>
      <trkpt lat="32.022099" lon="118.763203">
        <ele>30.8</ele>
        <time>2026-05-29T23:36:48Z</time>
        <extensions><gpxtpx:TrackPointExtension>
          <gpxtpx:hr>171</gpxtpx:hr>
        </gpxtpx:TrackPointExtension></extensions>
      </trkpt>
      <trkpt lat="32.022065" lon="118.763203">
        <ele>30.8</ele>
        <time>2026-05-29T23:36:49Z</time>
        <extensions><gpxtpx:TrackPointExtension>
          <gpxtpx:hr>173</gpxtpx:hr>
        </gpxtpx:TrackPointExtension></extensions>
      </trkpt>
      <trkpt lat="32.022042" lon="118.763191">
        <ele>30.8</ele>
        <time>2026-05-29T23:36:50Z</time>
        <extensions><gpxtpx:TrackPointExtension>
          <gpxtpx:hr>173</gpxtpx:hr>
        </gpxtpx:TrackPointExtension></extensions>
      </trkpt>
      <trkpt lat="32.022009" lon="118.76319">
        <ele>30.8</ele>
        <time>2026-05-29T23:36:51Z</time>
        <extensions><gpxtpx:TrackPointExtension>
          <gpxtpx:hr>173</gpxtpx:hr>
        </gpxtpx:TrackPointExtension></extensions>
      </trkpt>
      <trkpt lat="32.021983" lon="118.763187">
        <ele>30.8</ele>
        <time>2026-05-29T23:36:52Z</time>
        <extensions><gpxtpx:TrackPointExtension>
          <gpxtpx:hr>172</gpxtpx:hr>
        </gpxtpx:TrackPointExtension></extensions>
      </trkpt>
      <trkpt lat="32.021952" lon="118.763184">
        <ele>31.0</ele>
        <time>2026-05-29T23:36:53Z</time>
        <extensions><gpxtpx:TrackPointExtension>
          <gpxtpx:hr>173</gpxtpx:hr>
        </gpxtpx:TrackPointExtension></extensions>
      </trkpt>
      <trkpt lat="32.021919" lon="118.763183">
        <ele>31.0</ele>
        <time>2026-05-29T23:36:54Z</time>
        <extensions><gpxtpx:TrackPointExtension>
          <gpxtpx:hr>171</gpxtpx:hr>
        </gpxtpx:TrackPointExtension></extensions>
      </trkpt>
      <trkpt lat="32.021891" lon="118.76318">
        <ele>31.0</ele>
        <time>2026-05-29T23:36:55Z</time>
        <extensions><gpxtpx:TrackPointExtension>
          <gpxtpx:hr>171</gpxtpx:hr>
        </gpxtpx:TrackPointExtension></extensions>
      </trkpt>
      <trkpt lat="32.021858" lon="118.763185">
        <ele>31.0</ele>
        <time>2026-05-29T23:36:56Z</time>
        <extensions><gpxtpx:TrackPointExtension>
          <gpxtpx:hr>172</gpxtpx:hr>
        </gpxtpx:TrackPointExtension></extensions>
      </trkpt>
      <trkpt lat="32.021832" lon="118.763188">
        <ele>31.0</ele>
        <time>2026-05-29T23:36:57Z</time>
        <extensions><gpxtpx:TrackPointExtension>
          <gpxtpx:hr>172</gpxtpx:hr>
        </gpxtpx:TrackPointExtension></extensions>
      </trkpt>
      <trkpt lat="32.021801" lon="118.763209">
        <ele>31.0</ele>
        <time>2026-05-29T23:36:58Z</time>
        <extensions><gpxtpx:TrackPointExtension>
          <gpxtpx:hr>172</gpxtpx:hr>
        </gpxtpx:TrackPointExtension></extensions>
      </trkpt>
      <trkpt lat="32.021775" lon="118.763215">
        <ele>31.0</ele>
        <time>2026-05-29T23:36:59Z</time>
        <extensions><gpxtpx:TrackPointExtension>
          <gpxtpx:hr>172</gpxtpx:hr>
        </gpxtpx:TrackPointExtension></extensions>
      </trkpt>
      <trkpt lat="32.021742" lon="118.763229">
        <ele>31.2</ele>
        <time>2026-05-29T23:37:00Z</time>
        <extensions><gpxtpx:TrackPointExtension>
          <gpxtpx:hr>170</gpxtpx:hr>
        </gpxtpx:TrackPointExtension></extensions>
      </trkpt>
      <trkpt lat="32.021719" lon="118.763233">
        <ele>31.2</ele>
        <time>2026-05-29T23:37:01Z</time>
        <extensions><gpxtpx:TrackPointExtension>
          <gpxtpx:hr>172</gpxtpx:hr>
        </gpxtpx:TrackPointExtension></extensions>
      </trkpt>
      <trkpt lat="32.021684" lon="118.763234">
        <ele>31.2</ele>
        <time>2026-05-29T23:37:02Z</time>
        <extensions><gpxtpx:TrackPointExtension>
          <gpxtpx:hr>171</gpxtpx:hr>
        </gpxtpx:TrackPointExtension></extensions>
      </trkpt>
      <trkpt lat="32.021659" lon="118.76323">
        <ele>31.4</ele>
        <time>2026-05-29T23:37:03Z</time>
        <extensions><gpxtpx:TrackPointExtension>
          <gpxtpx:hr>171</gpxtpx:hr>
        </gpxtpx:TrackPointExtension></extensions>
      </trkpt>
      <trkpt lat="32.021625" lon="118.763229">
        <ele>31.4</ele>
        <time>2026-05-29T23:37:04Z</time>
        <extensions><gpxtpx:TrackPointExtension>
          <gpxtpx:hr>172</gpxtpx:hr>
        </gpxtpx:TrackPointExtension></extensions>
      </trkpt>
      <trkpt lat="32.021598" lon="118.763219">
        <ele>31.4</ele>
        <time>2026-05-29T23:37:05Z</time>
        <extensions><gpxtpx:TrackPointExtension>
          <gpxtpx:hr>172</gpxtpx:hr>
        </gpxtpx:TrackPointExtension></extensions>
      </trkpt>
      <trkpt lat="32.021567" lon="118.763215">
        <ele>31.4</ele>
        <time>2026-05-29T23:37:06Z</time>
        <extensions><gpxtpx:TrackPointExtension>
          <gpxtpx:hr>173</gpxtpx:hr>
        </gpxtpx:TrackPointExtension></extensions>
      </trkpt>
      <trkpt lat="32.021538" lon="118.763214">
        <ele>31.6</ele>
        <time>2026-05-29T23:37:07Z</time>
        <extensions><gpxtpx:TrackPointExtension>
          <gpxtpx:hr>174</gpxtpx:hr>
        </gpxtpx:TrackPointExtension></extensions>
      </trkpt>
      <trkpt lat="32.021512" lon="118.76321">
        <ele>31.6</ele>
        <time>2026-05-29T23:37:08Z</time>
        <extensions><gpxtpx:TrackPointExtension>
          <gpxtpx:hr>173</gpxtpx:hr>
        </gpxtpx:TrackPointExtension></extensions>
      </trkpt>
      <trkpt lat="32.021479" lon="118.763206">
        <ele>31.8</ele>
        <time>2026-05-29T23:37:09Z</time>
        <extensions><gpxtpx:TrackPointExtension>
          <gpxtpx:hr>173</gpxtpx:hr>
        </gpxtpx:TrackPointExtension></extensions>
      </trkpt>
      <trkpt lat="32.021457" lon="118.763203">
        <ele>31.8</ele>
        <time>2026-05-29T23:37:10Z</time>
        <extensions><gpxtpx:TrackPointExtension>
          <gpxtpx:hr>173</gpxtpx:hr>
        </gpxtpx:TrackPointExtension></extensions>
      </trkpt>
      <trkpt lat="32.021424" lon="118.7632">
        <ele>31.8</ele>
        <time>2026-05-29T23:37:11Z</time>
        <extensions><gpxtpx:TrackPointExtension>
          <gpxtpx:hr>173</gpxtpx:hr>
        </gpxtpx:TrackPointExtension></extensions>
      </trkpt>
      <trkpt lat="32.021404" lon="118.763192">
        <ele>32.0</ele>
        <time>2026-05-29T23:37:12Z</time>
        <extensions><gpxtpx:TrackPointExtension>
          <gpxtpx:hr>174</gpxtpx:hr>
        </gpxtpx:TrackPointExtension></extensions>
      </trkpt>
      <trkpt lat="32.02138" lon="118.763184">
        <ele>32.0</ele>
        <time>2026-05-29T23:37:13Z</time>
        <extensions><gpxtpx:TrackPointExtension>
          <gpxtpx:hr>173</gpxtpx:hr>
        </gpxtpx:TrackPointExtension></extensions>
      </trkpt>
      <trkpt lat="32.021351" lon="118.763174">
        <ele>32.2</ele>
        <time>2026-05-29T23:37:14Z</time>
        <extensions><gpxtpx:TrackPointExtension>
          <gpxtpx:hr>174</gpxtpx:hr>
        </gpxtpx:TrackPointExtension></extensions>
      </trkpt>
      <trkpt lat="32.021327" lon="118.763166">
        <ele>32.4</ele>
        <time>2026-05-29T23:37:15Z</time>
        <extensions><gpxtpx:TrackPointExtension>
          <gpxtpx:hr>173</gpxtpx:hr>
        </gpxtpx:TrackPointExtension></extensions>
      </trkpt>
      <trkpt lat="32.021292" lon="118.763159">
        <ele>32.4</ele>
        <time>2026-05-29T23:37:16Z</time>
        <extensions><gpxtpx:TrackPointExtension>
          <gpxtpx:hr>173</gpxtpx:hr>
        </gpxtpx:TrackPointExtension></extensions>
      </trkpt>
      <trkpt lat="32.021268" lon="118.763154">
        <ele>32.6</ele>
        <time>2026-05-29T23:37:17Z</time>
        <extensions><gpxtpx:TrackPointExtension>
          <gpxtpx:hr>173</gpxtpx:hr>
        </gpxtpx:TrackPointExtension></extensions>
      </trkpt>
      <trkpt lat="32.021234" lon="118.763149">
        <ele>32.6</ele>
        <time>2026-05-29T23:37:18Z</time>
        <extensions><gpxtpx:TrackPointExtension>
          <gpxtpx:hr>173</gpxtpx:hr>
        </gpxtpx:TrackPointExtension></extensions>
      </trkpt>
      <trkpt lat="32.021208" lon="118.763141">
        <ele>32.4</ele>
        <time>2026-05-29T23:37:19Z</time>
        <extensions><gpxtpx:TrackPointExtension>
          <gpxtpx:hr>173</gpxtpx:hr>
        </gpxtpx:TrackPointExtension></extensions>
      </trkpt>
      <trkpt lat="32.021169" lon="118.763136">
        <ele>32.4</ele>
        <time>2026-05-29T23:37:20Z</time>
        <extensions><gpxtpx:TrackPointExtension>
          <gpxtpx:hr>174</gpxtpx:hr>
        </gpxtpx:TrackPointExtension></extensions>
      </trkpt>
      <trkpt lat="32.021144" lon="118.763134">
        <ele>32.4</ele>
        <time>2026-05-29T23:37:21Z</time>
        <extensions><gpxtpx:TrackPointExtension>
          <gpxtpx:hr>174</gpxtpx:hr>
        </gpxtpx:TrackPointExtension></extensions>
      </trkpt>
      <trkpt lat="32.021109" lon="118.763128">
        <ele>32.4</ele>
        <time>2026-05-29T23:37:22Z</time>
        <extensions><gpxtpx:TrackPointExtension>
          <gpxtpx:hr>174</gpxtpx:hr>
        </gpxtpx:TrackPointExtension></extensions>
      </trkpt>
      <trkpt lat="32.021081" lon="118.76312">
        <ele>32.4</ele>
        <time>2026-05-29T23:37:23Z</time>
        <extensions><gpxtpx:TrackPointExtension>
          <gpxtpx:hr>174</gpxtpx:hr>
        </gpxtpx:TrackPointExtension></extensions>
      </trkpt>
      <trkpt lat="32.021053" lon="118.763116">
        <ele>32.4</ele>
        <time>2026-05-29T23:37:24Z</time>
        <extensions><gpxtpx:TrackPointExtension>
          <gpxtpx:hr>173</gpxtpx:hr>
        </gpxtpx:TrackPointExtension></extensions>
      </trkpt>
      <trkpt lat="32.021028" lon="118.763115">
        <ele>32.4</ele>
        <time>2026-05-29T23:37:25Z</time>
        <extensions><gpxtpx:TrackPointExtension>
          <gpxtpx:hr>174</gpxtpx:hr>
        </gpxtpx:TrackPointExtension></extensions>
      </trkpt>
      <trkpt lat="32.020994" lon="118.7631">
        <ele>32.4</ele>
        <time>2026-05-29T23:37:26Z</time>
        <extensions><gpxtpx:TrackPointExtension>
          <gpxtpx:hr>174</gpxtpx:hr>
        </gpxtpx:TrackPointExtension></extensions>
      </trkpt>
      <trkpt lat="32.020965" lon="118.76309">
        <ele>32.2</ele>
        <time>2026-05-29T23:37:27Z</time>
        <extensions><gpxtpx:TrackPointExtension>
          <gpxtpx:hr>173</gpxtpx:hr>
        </gpxtpx:TrackPointExtension></extensions>
      </trkpt>
      <trkpt lat="32.020937" lon="118.763084">
        <ele>32.0</ele>
        <time>2026-05-29T23:37:28Z</time>
        <extensions><gpxtpx:TrackPointExtension>
          <gpxtpx:hr>173</gpxtpx:hr>
        </gpxtpx:TrackPointExtension></extensions>
      </trkpt>
      <trkpt lat="32.020903" lon="118.763081">
        <ele>32.0</ele>
        <time>2026-05-29T23:37:29Z</time>
        <extensions><gpxtpx:TrackPointExtension>
          <gpxtpx:hr>175</gpxtpx:hr>
        </gpxtpx:TrackPointExtension></extensions>
      </trkpt>
      <trkpt lat="32.020879" lon="118.763078">
        <ele>31.8</ele>
        <time>2026-05-29T23:37:30Z</time>
        <extensions><gpxtpx:TrackPointExtension>
          <gpxtpx:hr>175</gpxtpx:hr>
        </gpxtpx:TrackPointExtension></extensions>
      </trkpt>
      <trkpt lat="32.020847" lon="118.763073">
        <ele>31.8</ele>
        <time>2026-05-29T23:37:31Z</time>
        <extensions><gpxtpx:TrackPointExtension>
          <gpxtpx:hr>175</gpxtpx:hr>
        </gpxtpx:TrackPointExtension></extensions>
      </trkpt>
      <trkpt lat="32.020823" lon="118.763066">
        <ele>31.8</ele>
        <time>2026-05-29T23:37:32Z</time>
        <extensions><gpxtpx:TrackPointExtension>
          <gpxtpx:hr>173</gpxtpx:hr>
        </gpxtpx:TrackPointExtension></extensions>
      </trkpt>
      <trkpt lat="32.020786" lon="118.763067">
        <ele>32.0</ele>
        <time>2026-05-29T23:37:33Z</time>
        <extensions><gpxtpx:TrackPointExtension>
          <gpxtpx:hr>173</gpxtpx:hr>
        </gpxtpx:TrackPointExtension></extensions>
      </trkpt>
      <trkpt lat="32.020761" lon="118.763059">
        <ele>31.8</ele>
        <time>2026-05-29T23:37:34Z</time>
        <extensions><gpxtpx:TrackPointExtension>
          <gpxtpx:hr>174</gpxtpx:hr>
        </gpxtpx:TrackPointExtension></extensions>
      </trkpt>
      <trkpt lat="32.020725" lon="118.763053">
        <ele>31.8</ele>
        <time>2026-05-29T23:37:35Z</time>
        <extensions><gpxtpx:TrackPointExtension>
          <gpxtpx:hr>173</gpxtpx:hr>
        </gpxtpx:TrackPointExtension></extensions>
      </trkpt>
      <trkpt lat="32.020699" lon="118.763038">
        <ele>31.8</ele>
        <time>2026-05-29T23:37:36Z</time>
        <extensions><gpxtpx:TrackPointExtension>
          <gpxtpx:hr>173</gpxtpx:hr>
        </gpxtpx:TrackPointExtension></extensions>
      </trkpt>
      <trkpt lat="32.020666" lon="118.763031">
        <ele>31.8</ele>
        <time>2026-05-29T23:37:37Z</time>
        <extensions><gpxtpx:TrackPointExtension>
          <gpxtpx:hr>173</gpxtpx:hr>
        </gpxtpx:TrackPointExtension></extensions>
      </trkpt>
      <trkpt lat="32.020644" lon="118.763019">
        <ele>31.8</ele>
        <time>2026-05-29T23:37:38Z</time>
        <extensions><gpxtpx:TrackPointExtension>
          <gpxtpx:hr>173</gpxtpx:hr>
        </gpxtpx:TrackPointExtension></extensions>
      </trkpt>
      <trkpt lat="32.020606" lon="118.763014">
        <ele>31.8</ele>
        <time>2026-05-29T23:37:39Z</time>
        <extensions><gpxtpx:TrackPointExtension>
          <gpxtpx:hr>174</gpxtpx:hr>
        </gpxtpx:TrackPointExtension></extensions>
      </trkpt>
      <trkpt lat="32.020581" lon="118.763004">
        <ele>31.8</ele>
        <time>2026-05-29T23:37:40Z</time>
        <extensions><gpxtpx:TrackPointExtension>
          <gpxtpx:hr>173</gpxtpx:hr>
        </gpxtpx:TrackPointExtension></extensions>
      </trkpt>
      <trkpt lat="32.020544" lon="118.762997">
        <ele>31.8</ele>
        <time>2026-05-29T23:37:41Z</time>
        <extensions><gpxtpx:TrackPointExtension>
          <gpxtpx:hr>175</gpxtpx:hr>
        </gpxtpx:TrackPointExtension></extensions>
      </trkpt>
      <trkpt lat="32.020522" lon="118.762984">
        <ele>32.0</ele>
        <time>2026-05-29T23:37:42Z</time>
        <extensions><gpxtpx:TrackPointExtension>
          <gpxtpx:hr>175</gpxtpx:hr>
        </gpxtpx:TrackPointExtension></extensions>
      </trkpt>
      <trkpt lat="32.020485" lon="118.762972">
        <ele>32.0</ele>
        <time>2026-05-29T23:37:43Z</time>
        <extensions><gpxtpx:TrackPointExtension>
          <gpxtpx:hr>175</gpxtpx:hr>
        </gpxtpx:TrackPointExtension></extensions>
      </trkpt>
      <trkpt lat="32.020458" lon="118.762959">
        <ele>32.0</ele>
        <time>2026-05-29T23:37:44Z</time>
        <extensions><gpxtpx:TrackPointExtension>
          <gpxtpx:hr>175</gpxtpx:hr>
        </gpxtpx:TrackPointExtension></extensions>
      </trkpt>
      <trkpt lat="32.020426" lon="118.762946">
        <ele>32.0</ele>
        <time>2026-05-29T23:37:45Z</time>
        <extensions><gpxtpx:TrackPointExtension>
          <gpxtpx:hr>175</gpxtpx:hr>
        </gpxtpx:TrackPointExtension></extensions>
      </trkpt>
      <trkpt lat="32.020398" lon="118.76294">
        <ele>32.0</ele>
        <time>2026-05-29T23:37:46Z</time>
        <extensions><gpxtpx:TrackPointExtension>
          <gpxtpx:hr>175</gpxtpx:hr>
        </gpxtpx:TrackPointExtension></extensions>
      </trkpt>
      <trkpt lat="32.020367" lon="118.762931">
        <ele>32.0</ele>
        <time>2026-05-29T23:37:47Z</time>
        <extensions><gpxtpx:TrackPointExtension>
          <gpxtpx:hr>175</gpxtpx:hr>
        </gpxtpx:TrackPointExtension></extensions>
      </trkpt>
      <trkpt lat="32.020332" lon="118.762922">
        <ele>32.0</ele>
        <time>2026-05-29T23:37:48Z</time>
        <extensions><gpxtpx:TrackPointExtension>
          <gpxtpx:hr>174</gpxtpx:hr>
        </gpxtpx:TrackPointExtension></extensions>
      </trkpt>
      <trkpt lat="32.020308" lon="118.762912">
        <ele>32.0</ele>
        <time>2026-05-29T23:37:49Z</time>
        <extensions><gpxtpx:TrackPointExtension>
          <gpxtpx:hr>175</gpxtpx:hr>
        </gpxtpx:TrackPointExtension></extensions>
      </trkpt>
      <trkpt lat="32.020272" lon="118.762906">
        <ele>31.8</ele>
        <time>2026-05-29T23:37:50Z</time>
        <extensions><gpxtpx:TrackPointExtension>
          <gpxtpx:hr>175</gpxtpx:hr>
        </gpxtpx:TrackPointExtension></extensions>
      </trkpt>
      <trkpt lat="32.020247" lon="118.762898">
        <ele>32.0</ele>
        <time>2026-05-29T23:37:51Z</time>
        <extensions><gpxtpx:TrackPointExtension>
          <gpxtpx:hr>175</gpxtpx:hr>
        </gpxtpx:TrackPointExtension></extensions>
      </trkpt>
      <trkpt lat="32.02021" lon="118.762893">
        <ele>32.0</ele>
        <time>2026-05-29T23:37:52Z</time>
        <extensions><gpxtpx:TrackPointExtension>
          <gpxtpx:hr>176</gpxtpx:hr>
        </gpxtpx:TrackPointExtension></extensions>
      </trkpt>
      <trkpt lat="32.020191" lon="118.762878">
        <ele>32.0</ele>
        <time>2026-05-29T23:37:53Z</time>
        <extensions><gpxtpx:TrackPointExtension>
          <gpxtpx:hr>174</gpxtpx:hr>
        </gpxtpx:TrackPointExtension></extensions>
      </trkpt>
      <trkpt lat="32.020155" lon="118.762867">
        <ele>32.0</ele>
        <time>2026-05-29T23:37:54Z</time>
        <extensions><gpxtpx:TrackPointExtension>
          <gpxtpx:hr>176</gpxtpx:hr>
        </gpxtpx:TrackPointExtension></extensions>
      </trkpt>
      <trkpt lat="32.020134" lon="118.762857">
        <ele>32.2</ele>
        <time>2026-05-29T23:37:55Z</time>
        <extensions><gpxtpx:TrackPointExtension>
          <gpxtpx:hr>175</gpxtpx:hr>
        </gpxtpx:TrackPointExtension></extensions>
      </trkpt>
      <trkpt lat="32.0201" lon="118.762848">
        <ele>32.2</ele>
        <time>2026-05-29T23:37:56Z</time>
        <extensions><gpxtpx:TrackPointExtension>
          <gpxtpx:hr>175</gpxtpx:hr>
        </gpxtpx:TrackPointExtension></extensions>
      </trkpt>
      <trkpt lat="32.020079" lon="118.762833">
        <ele>32.2</ele>
        <time>2026-05-29T23:37:57Z</time>
        <extensions><gpxtpx:TrackPointExtension>
          <gpxtpx:hr>175</gpxtpx:hr>
        </gpxtpx:TrackPointExtension></extensions>
      </trkpt>
      <trkpt lat="32.020051" lon="118.76282">
        <ele>32.2</ele>
        <time>2026-05-29T23:37:58Z</time>
        <extensions><gpxtpx:TrackPointExtension>
          <gpxtpx:hr>174</gpxtpx:hr>
        </gpxtpx:TrackPointExtension></extensions>
      </trkpt>
      <trkpt lat="32.020021" lon="118.762805">
        <ele>32.2</ele>
        <time>2026-05-29T23:37:59Z</time>
        <extensions><gpxtpx:TrackPointExtension>
          <gpxtpx:hr>175</gpxtpx:hr>
        </gpxtpx:TrackPointExtension></extensions>
      </trkpt>
      <trkpt lat="32.019995" lon="118.762794">
        <ele>32.2</ele>
        <time>2026-05-29T23:38:00Z</time>
        <extensions><gpxtpx:TrackPointExtension>
          <gpxtpx:hr>176</gpxtpx:hr>
        </gpxtpx:TrackPointExtension></extensions>
      </trkpt>
      <trkpt lat="32.019962" lon="118.762795">
        <ele>32.2</ele>
        <time>2026-05-29T23:38:01Z</time>
        <extensions><gpxtpx:TrackPointExtension>
          <gpxtpx:hr>175</gpxtpx:hr>
        </gpxtpx:TrackPointExtension></extensions>
      </trkpt>
      <trkpt lat="32.019941" lon="118.76279">
        <ele>32.4</ele>
        <time>2026-05-29T23:38:02Z</time>
        <extensions><gpxtpx:TrackPointExtension>
          <gpxtpx:hr>175</gpxtpx:hr>
        </gpxtpx:TrackPointExtension></extensions>
      </trkpt>
      <trkpt lat="32.019906" lon="118.762785">
        <ele>32.2</ele>
        <time>2026-05-29T23:38:03Z</time>
        <extensions><gpxtpx:TrackPointExtension>
          <gpxtpx:hr>175</gpxtpx:hr>
        </gpxtpx:TrackPointExtension></extensions>
      </trkpt>
      <trkpt lat="32.019886" lon="118.762773">
        <ele>32.2</ele>
        <time>2026-05-29T23:38:04Z</time>
        <extensions><gpxtpx:TrackPointExtension>
          <gpxtpx:hr>175</gpxtpx:hr>
        </gpxtpx:TrackPointExtension></extensions>
      </trkpt>
      <trkpt lat="32.019851" lon="118.762764">
        <ele>32.2</ele>
        <time>2026-05-29T23:38:05Z</time>
        <extensions><gpxtpx:TrackPointExtension>
          <gpxtpx:hr>175</gpxtpx:hr>
        </gpxtpx:TrackPointExtension></extensions>
      </trkpt>
      <trkpt lat="32.019831" lon="118.762755">
        <ele>32.2</ele>
        <time>2026-05-29T23:38:06Z</time>
        <extensions><gpxtpx:TrackPointExtension>
          <gpxtpx:hr>176</gpxtpx:hr>
        </gpxtpx:TrackPointExtension></extensions>
      </trkpt>
      <trkpt lat="32.019794" lon="118.762746">
        <ele>32.2</ele>
        <time>2026-05-29T23:38:07Z</time>
        <extensions><gpxtpx:TrackPointExtension>
          <gpxtpx:hr>175</gpxtpx:hr>
        </gpxtpx:TrackPointExtension></extensions>
      </trkpt>
      <trkpt lat="32.019773" lon="118.762733">
        <ele>32.2</ele>
        <time>2026-05-29T23:38:08Z</time>
        <extensions><gpxtpx:TrackPointExtension>
          <gpxtpx:hr>174</gpxtpx:hr>
        </gpxtpx:TrackPointExtension></extensions>
      </trkpt>
      <trkpt lat="32.019736" lon="118.76272">
        <ele>32.2</ele>
        <time>2026-05-29T23:38:09Z</time>
        <extensions><gpxtpx:TrackPointExtension>
          <gpxtpx:hr>174</gpxtpx:hr>
        </gpxtpx:TrackPointExtension></extensions>
      </trkpt>
      <trkpt lat="32.019714" lon="118.762707">
        <ele>32.2</ele>
        <time>2026-05-29T23:38:10Z</time>
        <extensions><gpxtpx:TrackPointExtension>
          <gpxtpx:hr>173</gpxtpx:hr>
        </gpxtpx:TrackPointExtension></extensions>
      </trkpt>
      <trkpt lat="32.019679" lon="118.762694">
        <ele>32.0</ele>
        <time>2026-05-29T23:38:11Z</time>
        <extensions><gpxtpx:TrackPointExtension>
          <gpxtpx:hr>174</gpxtpx:hr>
        </gpxtpx:TrackPointExtension></extensions>
      </trkpt>
      <trkpt lat="32.019659" lon="118.762679">
        <ele>32.0</ele>
        <time>2026-05-29T23:38:12Z</time>
        <extensions><gpxtpx:TrackPointExtension>
          <gpxtpx:hr>174</gpxtpx:hr>
        </gpxtpx:TrackPointExtension></extensions>
      </trkpt>
      <trkpt lat="32.019622" lon="118.762666">
        <ele>32.0</ele>
        <time>2026-05-29T23:38:13Z</time>
        <extensions><gpxtpx:TrackPointExtension>
          <gpxtpx:hr>175</gpxtpx:hr>
        </gpxtpx:TrackPointExtension></extensions>
      </trkpt>
      <trkpt lat="32.0196" lon="118.762652">
        <ele>32.0</ele>
        <time>2026-05-29T23:38:14Z</time>
        <extensions><gpxtpx:TrackPointExtension>
          <gpxtpx:hr>176</gpxtpx:hr>
        </gpxtpx:TrackPointExtension></extensions>
      </trkpt>
      <trkpt lat="32.019563" lon="118.762648">
        <ele>32.0</ele>
        <time>2026-05-29T23:38:15Z</time>
        <extensions><gpxtpx:TrackPointExtension>
          <gpxtpx:hr>175</gpxtpx:hr>
        </gpxtpx:TrackPointExtension></extensions>
      </trkpt>
      <trkpt lat="32.019541" lon="118.762636">
        <ele>32.0</ele>
        <time>2026-05-29T23:38:16Z</time>
        <extensions><gpxtpx:TrackPointExtension>
          <gpxtpx:hr>176</gpxtpx:hr>
        </gpxtpx:TrackPointExtension></extensions>
      </trkpt>
      <trkpt lat="32.019507" lon="118.762626">
        <ele>32.0</ele>
        <time>2026-05-29T23:38:17Z</time>
        <extensions><gpxtpx:TrackPointExtension>
          <gpxtpx:hr>176</gpxtpx:hr>
        </gpxtpx:TrackPointExtension></extensions>
      </trkpt>
      <trkpt lat="32.019484" lon="118.762615">
        <ele>32.0</ele>
        <time>2026-05-29T23:38:18Z</time>
        <extensions><gpxtpx:TrackPointExtension>
          <gpxtpx:hr>175</gpxtpx:hr>
        </gpxtpx:TrackPointExtension></extensions>
      </trkpt>
      <trkpt lat="32.019447" lon="118.762603">
        <ele>32.0</ele>
        <time>2026-05-29T23:38:19Z</time>
        <extensions><gpxtpx:TrackPointExtension>
          <gpxtpx:hr>173</gpxtpx:hr>
        </gpxtpx:TrackPointExtension></extensions>
      </trkpt>
      <trkpt lat="32.019428" lon="118.76259">
        <ele>32.0</ele>
        <time>2026-05-29T23:38:20Z</time>
        <extensions><gpxtpx:TrackPointExtension>
          <gpxtpx:hr>174</gpxtpx:hr>
        </gpxtpx:TrackPointExtension></extensions>
      </trkpt>
      <trkpt lat="32.019393" lon="118.762578">
        <ele>32.0</ele>
        <time>2026-05-29T23:38:21Z</time>
        <extensions><gpxtpx:TrackPointExtension>
          <gpxtpx:hr>173</gpxtpx:hr>
        </gpxtpx:TrackPointExtension></extensions>
      </trkpt>
      <trkpt lat="32.01937" lon="118.762563">
        <ele>32.0</ele>
        <time>2026-05-29T23:38:22Z</time>
        <extensions><gpxtpx:TrackPointExtension>
          <gpxtpx:hr>172</gpxtpx:hr>
        </gpxtpx:TrackPointExtension></extensions>
      </trkpt>
      <trkpt lat="32.019336" lon="118.762547">
        <ele>32.0</ele>
        <time>2026-05-29T23:38:23Z</time>
        <extensions><gpxtpx:TrackPointExtension>
          <gpxtpx:hr>172</gpxtpx:hr>
        </gpxtpx:TrackPointExtension></extensions>
      </trkpt>
      <trkpt lat="32.019314" lon="118.762532">
        <ele>32.0</ele>
        <time>2026-05-29T23:38:24Z</time>
        <extensions><gpxtpx:TrackPointExtension>
          <gpxtpx:hr>172</gpxtpx:hr>
        </gpxtpx:TrackPointExtension></extensions>
      </trkpt>
      <trkpt lat="32.019282" lon="118.762515">
        <ele>32.0</ele>
        <time>2026-05-29T23:38:25Z</time>
        <extensions><gpxtpx:TrackPointExtension>
          <gpxtpx:hr>172</gpxtpx:hr>
        </gpxtpx:TrackPointExtension></extensions>
      </trkpt>
      <trkpt lat="32.019255" lon="118.762503">
        <ele>32.0</ele>
        <time>2026-05-29T23:38:26Z</time>
        <extensions><gpxtpx:TrackPointExtension>
          <gpxtpx:hr>172</gpxtpx:hr>
        </gpxtpx:TrackPointExtension></extensions>
      </trkpt>
      <trkpt lat="32.01923" lon="118.762492">
        <ele>32.0</ele>
        <time>2026-05-29T23:38:27Z</time>
        <extensions><gpxtpx:TrackPointExtension>
          <gpxtpx:hr>171</gpxtpx:hr>
        </gpxtpx:TrackPointExtension></extensions>
      </trkpt>
      <trkpt lat="32.0192" lon="118.762478">
        <ele>32.0</ele>
        <time>2026-05-29T23:38:28Z</time>
        <extensions><gpxtpx:TrackPointExtension>
          <gpxtpx:hr>173</gpxtpx:hr>
        </gpxtpx:TrackPointExtension></extensions>
      </trkpt>
      <trkpt lat="32.019177" lon="118.762464">
        <ele>32.0</ele>
        <time>2026-05-29T23:38:29Z</time>
        <extensions><gpxtpx:TrackPointExtension>
          <gpxtpx:hr>172</gpxtpx:hr>
        </gpxtpx:TrackPointExtension></extensions>
      </trkpt>
      <trkpt lat="32.019143" lon="118.762453">
        <ele>32.0</ele>
        <time>2026-05-29T23:38:30Z</time>
        <extensions><gpxtpx:TrackPointExtension>
          <gpxtpx:hr>172</gpxtpx:hr>
        </gpxtpx:TrackPointExtension></extensions>
      </trkpt>
      <trkpt lat="32.019122" lon="118.762443">
        <ele>32.0</ele>
        <time>2026-05-29T23:38:31Z</time>
        <extensions><gpxtpx:TrackPointExtension>
          <gpxtpx:hr>171</gpxtpx:hr>
        </gpxtpx:TrackPointExtension></extensions>
      </trkpt>
      <trkpt lat="32.019088" lon="118.762438">
        <ele>32.2</ele>
        <time>2026-05-29T23:38:32Z</time>
        <extensions><gpxtpx:TrackPointExtension>
          <gpxtpx:hr>170</gpxtpx:hr>
        </gpxtpx:TrackPointExtension></extensions>
      </trkpt>
      <trkpt lat="32.01907" lon="118.762428">
        <ele>32.0</ele>
        <time>2026-05-29T23:38:33Z</time>
        <extensions><gpxtpx:TrackPointExtension>
          <gpxtpx:hr>170</gpxtpx:hr>
        </gpxtpx:TrackPointExtension></extensions>
      </trkpt>
      <trkpt lat="32.019037" lon="118.762416">
        <ele>32.2</ele>
        <time>2026-05-29T23:38:34Z</time>
        <extensions><gpxtpx:TrackPointExtension>
          <gpxtpx:hr>171</gpxtpx:hr>
        </gpxtpx:TrackPointExtension></extensions>
      </trkpt>
      <trkpt lat="32.019017" lon="118.762405">
        <ele>32.2</ele>
        <time>2026-05-29T23:38:35Z</time>
        <extensions><gpxtpx:TrackPointExtension>
          <gpxtpx:hr>171</gpxtpx:hr>
        </gpxtpx:TrackPointExtension></extensions>
      </trkpt>
      <trkpt lat="32.01898" lon="118.762394">
        <ele>32.2</ele>
        <time>2026-05-29T23:38:36Z</time>
        <extensions><gpxtpx:TrackPointExtension>
          <gpxtpx:hr>171</gpxtpx:hr>
        </gpxtpx:TrackPointExtension></extensions>
      </trkpt>
      <trkpt lat="32.01896" lon="118.762385">
        <ele>32.2</ele>
        <time>2026-05-29T23:38:37Z</time>
        <extensions><gpxtpx:TrackPointExtension>
          <gpxtpx:hr>171</gpxtpx:hr>
        </gpxtpx:TrackPointExtension></extensions>
      </trkpt>
      <trkpt lat="32.018926" lon="118.762379">
        <ele>32.2</ele>
        <time>2026-05-29T23:38:38Z</time>
        <extensions><gpxtpx:TrackPointExtension>
          <gpxtpx:hr>170</gpxtpx:hr>
        </gpxtpx:TrackPointExtension></extensions>
      </trkpt>
      <trkpt lat="32.018904" lon="118.762367">
        <ele>32.4</ele>
        <time>2026-05-29T23:38:39Z</time>
        <extensions><gpxtpx:TrackPointExtension>
          <gpxtpx:hr>170</gpxtpx:hr>
        </gpxtpx:TrackPointExtension></extensions>
      </trkpt>
      <trkpt lat="32.01887" lon="118.762362">
        <ele>32.4</ele>
        <time>2026-05-29T23:38:40Z</time>
        <extensions><gpxtpx:TrackPointExtension>
          <gpxtpx:hr>171</gpxtpx:hr>
        </gpxtpx:TrackPointExtension></extensions>
      </trkpt>
      <trkpt lat="32.018849" lon="118.762353">
        <ele>32.4</ele>
        <time>2026-05-29T23:38:41Z</time>
        <extensions><gpxtpx:TrackPointExtension>
          <gpxtpx:hr>171</gpxtpx:hr>
        </gpxtpx:TrackPointExtension></extensions>
      </trkpt>
      <trkpt lat="32.018815" lon="118.762347">
        <ele>32.4</ele>
        <time>2026-05-29T23:38:42Z</time>
        <extensions><gpxtpx:TrackPointExtension>
          <gpxtpx:hr>171</gpxtpx:hr>
        </gpxtpx:TrackPointExtension></extensions>
      </trkpt>
      <trkpt lat="32.018793" lon="118.762336">
        <ele>32.4</ele>
        <time>2026-05-29T23:38:43Z</time>
        <extensions><gpxtpx:TrackPointExtension>
          <gpxtpx:hr>172</gpxtpx:hr>
        </gpxtpx:TrackPointExtension></extensions>
      </trkpt>
      <trkpt lat="32.018756" lon="118.762327">
        <ele>32.4</ele>
        <time>2026-05-29T23:38:44Z</time>
        <extensions><gpxtpx:TrackPointExtension>
          <gpxtpx:hr>172</gpxtpx:hr>
        </gpxtpx:TrackPointExtension></extensions>
      </trkpt>
      <trkpt lat="32.018734" lon="118.762313">
        <ele>32.4</ele>
        <time>2026-05-29T23:38:45Z</time>
        <extensions><gpxtpx:TrackPointExtension>
          <gpxtpx:hr>171</gpxtpx:hr>
        </gpxtpx:TrackPointExtension></extensions>
      </trkpt>
      <trkpt lat="32.0187" lon="118.762299">
        <ele>32.4</ele>
        <time>2026-05-29T23:38:46Z</time>
        <extensions><gpxtpx:TrackPointExtension>
          <gpxtpx:hr>171</gpxtpx:hr>
        </gpxtpx:TrackPointExtension></extensions>
      </trkpt>
      <trkpt lat="32.018679" lon="118.762289">
        <ele>32.6</ele>
        <time>2026-05-29T23:38:47Z</time>
        <extensions><gpxtpx:TrackPointExtension>
          <gpxtpx:hr>171</gpxtpx:hr>
        </gpxtpx:TrackPointExtension></extensions>
      </trkpt>
      <trkpt lat="32.018643" lon="118.762279">
        <ele>32.6</ele>
        <time>2026-05-29T23:38:48Z</time>
        <extensions><gpxtpx:TrackPointExtension>
          <gpxtpx:hr>171</gpxtpx:hr>
        </gpxtpx:TrackPointExtension></extensions>
      </trkpt>
      <trkpt lat="32.018619" lon="118.762268">
        <ele>32.6</ele>
        <time>2026-05-29T23:38:49Z</time>
        <extensions><gpxtpx:TrackPointExtension>
          <gpxtpx:hr>172</gpxtpx:hr>
        </gpxtpx:TrackPointExtension></extensions>
      </trkpt>
      <trkpt lat="32.018586" lon="118.76226">
        <ele>32.6</ele>
        <time>2026-05-29T23:38:50Z</time>
        <extensions><gpxtpx:TrackPointExtension>
          <gpxtpx:hr>172</gpxtpx:hr>
        </gpxtpx:TrackPointExtension></extensions>
      </trkpt>
      <trkpt lat="32.018562" lon="118.762249">
        <ele>32.6</ele>
        <time>2026-05-29T23:38:51Z</time>
        <extensions><gpxtpx:TrackPointExtension>
          <gpxtpx:hr>171</gpxtpx:hr>
        </gpxtpx:TrackPointExtension></extensions>
      </trkpt>
      <trkpt lat="32.018527" lon="118.76224">
        <ele>32.6</ele>
        <time>2026-05-29T23:38:52Z</time>
        <extensions><gpxtpx:TrackPointExtension>
          <gpxtpx:hr>172</gpxtpx:hr>
        </gpxtpx:TrackPointExtension></extensions>
      </trkpt>
      <trkpt lat="32.0185" lon="118.762228">
        <ele>32.6</ele>
        <time>2026-05-29T23:38:53Z</time>
        <extensions><gpxtpx:TrackPointExtension>
          <gpxtpx:hr>172</gpxtpx:hr>
        </gpxtpx:TrackPointExtension></extensions>
      </trkpt>
      <trkpt lat="32.018467" lon="118.762216">
        <ele>32.6</ele>
        <time>2026-05-29T23:38:54Z</time>
        <extensions><gpxtpx:TrackPointExtension>
          <gpxtpx:hr>173</gpxtpx:hr>
        </gpxtpx:TrackPointExtension></extensions>
      </trkpt>
      <trkpt lat="32.01844" lon="118.762205">
        <ele>32.6</ele>
        <time>2026-05-29T23:38:55Z</time>
        <extensions><gpxtpx:TrackPointExtension>
          <gpxtpx:hr>173</gpxtpx:hr>
        </gpxtpx:TrackPointExtension></extensions>
      </trkpt>
      <trkpt lat="32.018404" lon="118.762195">
        <ele>32.8</ele>
        <time>2026-05-29T23:38:56Z</time>
        <extensions><gpxtpx:TrackPointExtension>
          <gpxtpx:hr>172</gpxtpx:hr>
        </gpxtpx:TrackPointExtension></extensions>
      </trkpt>
      <trkpt lat="32.01838" lon="118.762184">
        <ele>32.8</ele>
        <time>2026-05-29T23:38:57Z</time>
        <extensions><gpxtpx:TrackPointExtension>
          <gpxtpx:hr>173</gpxtpx:hr>
        </gpxtpx:TrackPointExtension></extensions>
      </trkpt>
      <trkpt lat="32.018344" lon="118.762174">
        <ele>32.8</ele>
        <time>2026-05-29T23:38:58Z</time>
        <extensions><gpxtpx:TrackPointExtension>
          <gpxtpx:hr>173</gpxtpx:hr>
        </gpxtpx:TrackPointExtension></extensions>
      </trkpt>
      <trkpt lat="32.018318" lon="118.762165">
        <ele>32.8</ele>
        <time>2026-05-29T23:38:59Z</time>
        <extensions><gpxtpx:TrackPointExtension>
          <gpxtpx:hr>175</gpxtpx:hr>
        </gpxtpx:TrackPointExtension></extensions>
      </trkpt>
      <trkpt lat="32.018281" lon="118.762154">
        <ele>32.8</ele>
        <time>2026-05-29T23:39:00Z</time>
        <extensions><gpxtpx:TrackPointExtension>
          <gpxtpx:hr>175</gpxtpx:hr>
        </gpxtpx:TrackPointExtension></extensions>
      </trkpt>
      <trkpt lat="32.018255" lon="118.762142">
        <ele>32.8</ele>
        <time>2026-05-29T23:39:01Z</time>
        <extensions><gpxtpx:TrackPointExtension>
          <gpxtpx:hr>174</gpxtpx:hr>
        </gpxtpx:TrackPointExtension></extensions>
      </trkpt>
      <trkpt lat="32.018218" lon="118.762131">
        <ele>32.8</ele>
        <time>2026-05-29T23:39:02Z</time>
        <extensions><gpxtpx:TrackPointExtension>
          <gpxtpx:hr>174</gpxtpx:hr>
        </gpxtpx:TrackPointExtension></extensions>
      </trkpt>
      <trkpt lat="32.018196" lon="118.76212">
        <ele>33.0</ele>
        <time>2026-05-29T23:39:03Z</time>
        <extensions><gpxtpx:TrackPointExtension>
          <gpxtpx:hr>175</gpxtpx:hr>
        </gpxtpx:TrackPointExtension></extensions>
      </trkpt>
      <trkpt lat="32.01816" lon="118.762114">
        <ele>33.0</ele>
        <time>2026-05-29T23:39:04Z</time>
        <extensions><gpxtpx:TrackPointExtension>
          <gpxtpx:hr>174</gpxtpx:hr>
        </gpxtpx:TrackPointExtension></extensions>
      </trkpt>
      <trkpt lat="32.018138" lon="118.762104">
        <ele>33.0</ele>
        <time>2026-05-29T23:39:05Z</time>
        <extensions><gpxtpx:TrackPointExtension>
          <gpxtpx:hr>174</gpxtpx:hr>
        </gpxtpx:TrackPointExtension></extensions>
      </trkpt>
      <trkpt lat="32.018102" lon="118.76209">
        <ele>33.0</ele>
        <time>2026-05-29T23:39:06Z</time>
        <extensions><gpxtpx:TrackPointExtension>
          <gpxtpx:hr>175</gpxtpx:hr>
        </gpxtpx:TrackPointExtension></extensions>
      </trkpt>
      <trkpt lat="32.018075" lon="118.762076">
        <ele>33.0</ele>
        <time>2026-05-29T23:39:07Z</time>
        <extensions><gpxtpx:TrackPointExtension>
          <gpxtpx:hr>175</gpxtpx:hr>
        </gpxtpx:TrackPointExtension></extensions>
      </trkpt>
      <trkpt lat="32.018037" lon="118.762068">
        <ele>33.0</ele>
        <time>2026-05-29T23:39:08Z</time>
        <extensions><gpxtpx:TrackPointExtension>
          <gpxtpx:hr>174</gpxtpx:hr>
        </gpxtpx:TrackPointExtension></extensions>
      </trkpt>
      <trkpt lat="32.018012" lon="118.762051">
        <ele>33.0</ele>
        <time>2026-05-29T23:39:09Z</time>
        <extensions><gpxtpx:TrackPointExtension>
          <gpxtpx:hr>174</gpxtpx:hr>
        </gpxtpx:TrackPointExtension></extensions>
      </trkpt>
      <trkpt lat="32.017975" lon="118.762037">
        <ele>33.0</ele>
        <time>2026-05-29T23:39:10Z</time>
        <extensions><gpxtpx:TrackPointExtension>
          <gpxtpx:hr>174</gpxtpx:hr>
        </gpxtpx:TrackPointExtension></extensions>
      </trkpt>
      <trkpt lat="32.01795" lon="118.762024">
        <ele>33.2</ele>
        <time>2026-05-29T23:39:11Z</time>
        <extensions><gpxtpx:TrackPointExtension>
          <gpxtpx:hr>175</gpxtpx:hr>
        </gpxtpx:TrackPointExtension></extensions>
      </trkpt>
      <trkpt lat="32.017921" lon="118.762011">
        <ele>33.2</ele>
        <time>2026-05-29T23:39:12Z</time>
        <extensions><gpxtpx:TrackPointExtension>
          <gpxtpx:hr>174</gpxtpx:hr>
        </gpxtpx:TrackPointExtension></extensions>
      </trkpt>
      <trkpt lat="32.017889" lon="118.762006">
        <ele>33.2</ele>
        <time>2026-05-29T23:39:13Z</time>
        <extensions><gpxtpx:TrackPointExtension>
          <gpxtpx:hr>175</gpxtpx:hr>
        </gpxtpx:TrackPointExtension></extensions>
      </trkpt>
      <trkpt lat="32.017866" lon="118.761996">
        <ele>33.2</ele>
        <time>2026-05-29T23:39:14Z</time>
        <extensions><gpxtpx:TrackPointExtension>
          <gpxtpx:hr>174</gpxtpx:hr>
        </gpxtpx:TrackPointExtension></extensions>
      </trkpt>
      <trkpt lat="32.017832" lon="118.76199">
        <ele>33.2</ele>
        <time>2026-05-29T23:39:15Z</time>
        <extensions><gpxtpx:TrackPointExtension>
          <gpxtpx:hr>174</gpxtpx:hr>
        </gpxtpx:TrackPointExtension></extensions>
      </trkpt>
      <trkpt lat="32.017808" lon="118.761978">
        <ele>33.4</ele>
        <time>2026-05-29T23:39:16Z</time>
        <extensions><gpxtpx:TrackPointExtension>
          <gpxtpx:hr>174</gpxtpx:hr>
        </gpxtpx:TrackPointExtension></extensions>
      </trkpt>
      <trkpt lat="32.017772" lon="118.761971">
        <ele>33.4</ele>
        <time>2026-05-29T23:39:17Z</time>
        <extensions><gpxtpx:TrackPointExtension>
          <gpxtpx:hr>173</gpxtpx:hr>
        </gpxtpx:TrackPointExtension></extensions>
      </trkpt>
      <trkpt lat="32.017746" lon="118.761958">
        <ele>33.4</ele>
        <time>2026-05-29T23:39:18Z</time>
        <extensions><gpxtpx:TrackPointExtension>
          <gpxtpx:hr>173</gpxtpx:hr>
        </gpxtpx:TrackPointExtension></extensions>
      </trkpt>
      <trkpt lat="32.017712" lon="118.761949">
        <ele>33.4</ele>
        <time>2026-05-29T23:39:19Z</time>
        <extensions><gpxtpx:TrackPointExtension>
          <gpxtpx:hr>174</gpxtpx:hr>
        </gpxtpx:TrackPointExtension></extensions>
      </trkpt>
      <trkpt lat="32.017691" lon="118.761933">
        <ele>33.4</ele>
        <time>2026-05-29T23:39:20Z</time>
        <extensions><gpxtpx:TrackPointExtension>
          <gpxtpx:hr>173</gpxtpx:hr>
        </gpxtpx:TrackPointExtension></extensions>
      </trkpt>
      <trkpt lat="32.017662" lon="118.76192">
        <ele>33.4</ele>
        <time>2026-05-29T23:39:21Z</time>
        <extensions><gpxtpx:TrackPointExtension>
          <gpxtpx:hr>173</gpxtpx:hr>
        </gpxtpx:TrackPointExtension></extensions>
      </trkpt>
      <trkpt lat="32.017634" lon="118.76191">
        <ele>33.2</ele>
        <time>2026-05-29T23:39:22Z</time>
        <extensions><gpxtpx:TrackPointExtension>
          <gpxtpx:hr>172</gpxtpx:hr>
        </gpxtpx:TrackPointExtension></extensions>
      </trkpt>
      <trkpt lat="32.017608" lon="118.761898">
        <ele>33.2</ele>
        <time>2026-05-29T23:39:23Z</time>
        <extensions><gpxtpx:TrackPointExtension>
          <gpxtpx:hr>172</gpxtpx:hr>
        </gpxtpx:TrackPointExtension></extensions>
      </trkpt>
      <trkpt lat="32.017575" lon="118.761894">
        <ele>33.2</ele>
        <time>2026-05-29T23:39:24Z</time>
        <extensions><gpxtpx:TrackPointExtension>
          <gpxtpx:hr>172</gpxtpx:hr>
        </gpxtpx:TrackPointExtension></extensions>
      </trkpt>
      <trkpt lat="32.017552" lon="118.761886">
        <ele>33.4</ele>
        <time>2026-05-29T23:39:25Z</time>
        <extensions><gpxtpx:TrackPointExtension>
          <gpxtpx:hr>171</gpxtpx:hr>
        </gpxtpx:TrackPointExtension></extensions>
      </trkpt>
      <trkpt lat="32.017516" lon="118.761881">
        <ele>33.4</ele>
        <time>2026-05-29T23:39:26Z</time>
        <extensions><gpxtpx:TrackPointExtension>
          <gpxtpx:hr>173</gpxtpx:hr>
        </gpxtpx:TrackPointExtension></extensions>
      </trkpt>
      <trkpt lat="32.017499" lon="118.76187">
        <ele>33.6</ele>
        <time>2026-05-29T23:39:27Z</time>
        <extensions><gpxtpx:TrackPointExtension>
          <gpxtpx:hr>172</gpxtpx:hr>
        </gpxtpx:TrackPointExtension></extensions>
      </trkpt>
      <trkpt lat="32.017464" lon="118.76186">
        <ele>33.6</ele>
        <time>2026-05-29T23:39:28Z</time>
        <extensions><gpxtpx:TrackPointExtension>
          <gpxtpx:hr>172</gpxtpx:hr>
        </gpxtpx:TrackPointExtension></extensions>
      </trkpt>
      <trkpt lat="32.017441" lon="118.761846">
        <ele>33.4</ele>
        <time>2026-05-29T23:39:29Z</time>
        <extensions><gpxtpx:TrackPointExtension>
          <gpxtpx:hr>172</gpxtpx:hr>
        </gpxtpx:TrackPointExtension></extensions>
      </trkpt>
      <trkpt lat="32.017406" lon="118.761834">
        <ele>33.4</ele>
        <time>2026-05-29T23:39:30Z</time>
        <extensions><gpxtpx:TrackPointExtension>
          <gpxtpx:hr>173</gpxtpx:hr>
        </gpxtpx:TrackPointExtension></extensions>
      </trkpt>
      <trkpt lat="32.017384" lon="118.761819">
        <ele>33.4</ele>
        <time>2026-05-29T23:39:31Z</time>
        <extensions><gpxtpx:TrackPointExtension>
          <gpxtpx:hr>173</gpxtpx:hr>
        </gpxtpx:TrackPointExtension></extensions>
      </trkpt>
      <trkpt lat="32.017351" lon="118.761804">
        <ele>33.4</ele>
        <time>2026-05-29T23:39:32Z</time>
        <extensions><gpxtpx:TrackPointExtension>
          <gpxtpx:hr>174</gpxtpx:hr>
        </gpxtpx:TrackPointExtension></extensions>
      </trkpt>
      <trkpt lat="32.01732" lon="118.761792">
        <ele>33.4</ele>
        <time>2026-05-29T23:39:33Z</time>
        <extensions><gpxtpx:TrackPointExtension>
          <gpxtpx:hr>173</gpxtpx:hr>
        </gpxtpx:TrackPointExtension></extensions>
      </trkpt>
      <trkpt lat="32.017292" lon="118.76178">
        <ele>33.6</ele>
        <time>2026-05-29T23:39:34Z</time>
        <extensions><gpxtpx:TrackPointExtension>
          <gpxtpx:hr>175</gpxtpx:hr>
        </gpxtpx:TrackPointExtension></extensions>
      </trkpt>
      <trkpt lat="32.017259" lon="118.761766">
        <ele>33.6</ele>
        <time>2026-05-29T23:39:35Z</time>
        <extensions><gpxtpx:TrackPointExtension>
          <gpxtpx:hr>174</gpxtpx:hr>
        </gpxtpx:TrackPointExtension></extensions>
      </trkpt>
      <trkpt lat="32.017237" lon="118.761753">
        <ele>33.8</ele>
        <time>2026-05-29T23:39:36Z</time>
        <extensions><gpxtpx:TrackPointExtension>
          <gpxtpx:hr>174</gpxtpx:hr>
        </gpxtpx:TrackPointExtension></extensions>
      </trkpt>
      <trkpt lat="32.0172" lon="118.761748">
        <ele>33.8</ele>
        <time>2026-05-29T23:39:37Z</time>
        <extensions><gpxtpx:TrackPointExtension>
          <gpxtpx:hr>175</gpxtpx:hr>
        </gpxtpx:TrackPointExtension></extensions>
      </trkpt>
      <trkpt lat="32.017176" lon="118.761736">
        <ele>34.0</ele>
        <time>2026-05-29T23:39:38Z</time>
        <extensions><gpxtpx:TrackPointExtension>
          <gpxtpx:hr>176</gpxtpx:hr>
        </gpxtpx:TrackPointExtension></extensions>
      </trkpt>
      <trkpt lat="32.017138" lon="118.761728">
        <ele>34.0</ele>
        <time>2026-05-29T23:39:39Z</time>
        <extensions><gpxtpx:TrackPointExtension>
          <gpxtpx:hr>176</gpxtpx:hr>
        </gpxtpx:TrackPointExtension></extensions>
      </trkpt>
      <trkpt lat="32.017109" lon="118.761718">
        <ele>34.0</ele>
        <time>2026-05-29T23:39:40Z</time>
        <extensions><gpxtpx:TrackPointExtension>
          <gpxtpx:hr>175</gpxtpx:hr>
        </gpxtpx:TrackPointExtension></extensions>
      </trkpt>
      <trkpt lat="32.017072" lon="118.761717">
        <ele>34.0</ele>
        <time>2026-05-29T23:39:41Z</time>
        <extensions><gpxtpx:TrackPointExtension>
          <gpxtpx:hr>176</gpxtpx:hr>
        </gpxtpx:TrackPointExtension></extensions>
      </trkpt>
      <trkpt lat="32.017037" lon="118.761729">
        <ele>34.0</ele>
        <time>2026-05-29T23:39:42Z</time>
        <extensions><gpxtpx:TrackPointExtension>
          <gpxtpx:hr>177</gpxtpx:hr>
        </gpxtpx:TrackPointExtension></extensions>
      </trkpt>
      <trkpt lat="32.017008" lon="118.761745">
        <ele>34.0</ele>
        <time>2026-05-29T23:39:43Z</time>
        <extensions><gpxtpx:TrackPointExtension>
          <gpxtpx:hr>177</gpxtpx:hr>
        </gpxtpx:TrackPointExtension></extensions>
      </trkpt>
      <trkpt lat="32.016983" lon="118.761779">
        <ele>34.0</ele>
        <time>2026-05-29T23:39:44Z</time>
        <extensions><gpxtpx:TrackPointExtension>
          <gpxtpx:hr>176</gpxtpx:hr>
        </gpxtpx:TrackPointExtension></extensions>
      </trkpt>
      <trkpt lat="32.016967" lon="118.761804">
        <ele>34.2</ele>
        <time>2026-05-29T23:39:45Z</time>
        <extensions><gpxtpx:TrackPointExtension>
          <gpxtpx:hr>176</gpxtpx:hr>
        </gpxtpx:TrackPointExtension></extensions>
      </trkpt>
      <trkpt lat="32.016947" lon="118.76185">
        <ele>34.0</ele>
        <time>2026-05-29T23:39:46Z</time>
        <extensions><gpxtpx:TrackPointExtension>
          <gpxtpx:hr>175</gpxtpx:hr>
        </gpxtpx:TrackPointExtension></extensions>
      </trkpt>
      <trkpt lat="32.016928" lon="118.76188">
        <ele>34.2</ele>
        <time>2026-05-29T23:39:47Z</time>
        <extensions><gpxtpx:TrackPointExtension>
          <gpxtpx:hr>175</gpxtpx:hr>
        </gpxtpx:TrackPointExtension></extensions>
      </trkpt>
      <trkpt lat="32.01691" lon="118.761919">
        <ele>34.0</ele>
        <time>2026-05-29T23:39:48Z</time>
        <extensions><gpxtpx:TrackPointExtension>
          <gpxtpx:hr>174</gpxtpx:hr>
        </gpxtpx:TrackPointExtension></extensions>
      </trkpt>
      <trkpt lat="32.016895" lon="118.761957">
        <ele>34.0</ele>
        <time>2026-05-29T23:39:49Z</time>
        <extensions><gpxtpx:TrackPointExtension>
          <gpxtpx:hr>174</gpxtpx:hr>
        </gpxtpx:TrackPointExtension></extensions>
      </trkpt>
      <trkpt lat="32.016882" lon="118.761994">
        <ele>34.0</ele>
        <time>2026-05-29T23:39:50Z</time>
        <extensions><gpxtpx:TrackPointExtension>
          <gpxtpx:hr>174</gpxtpx:hr>
        </gpxtpx:TrackPointExtension></extensions>
      </trkpt>
      <trkpt lat="32.016871" lon="118.762036">
        <ele>34.0</ele>
        <time>2026-05-29T23:39:51Z</time>
        <extensions><gpxtpx:TrackPointExtension>
          <gpxtpx:hr>174</gpxtpx:hr>
        </gpxtpx:TrackPointExtension></extensions>
      </trkpt>
      <trkpt lat="32.016856" lon="118.762065">
        <ele>34.0</ele>
        <time>2026-05-29T23:39:52Z</time>
        <extensions><gpxtpx:TrackPointExtension>
          <gpxtpx:hr>175</gpxtpx:hr>
        </gpxtpx:TrackPointExtension></extensions>
      </trkpt>
      <trkpt lat="32.016846" lon="118.762106">
        <ele>34.0</ele>
        <time>2026-05-29T23:39:53Z</time>
        <extensions><gpxtpx:TrackPointExtension>
          <gpxtpx:hr>175</gpxtpx:hr>
        </gpxtpx:TrackPointExtension></extensions>
      </trkpt>
      <trkpt lat="32.016833" lon="118.762134">
        <ele>33.8</ele>
        <time>2026-05-29T23:39:54Z</time>
        <extensions><gpxtpx:TrackPointExtension>
          <gpxtpx:hr>176</gpxtpx:hr>
        </gpxtpx:TrackPointExtension></extensions>
      </trkpt>
      <trkpt lat="32.016821" lon="118.762177">
        <ele>34.0</ele>
        <time>2026-05-29T23:39:55Z</time>
        <extensions><gpxtpx:TrackPointExtension>
          <gpxtpx:hr>176</gpxtpx:hr>
        </gpxtpx:TrackPointExtension></extensions>
      </trkpt>
      <trkpt lat="32.016809" lon="118.762205">
        <ele>34.0</ele>
        <time>2026-05-29T23:39:56Z</time>
        <extensions><gpxtpx:TrackPointExtension>
          <gpxtpx:hr>175</gpxtpx:hr>
        </gpxtpx:TrackPointExtension></extensions>
      </trkpt>
      <trkpt lat="32.016798" lon="118.762244">
        <ele>34.2</ele>
        <time>2026-05-29T23:39:57Z</time>
        <extensions><gpxtpx:TrackPointExtension>
          <gpxtpx:hr>177</gpxtpx:hr>
        </gpxtpx:TrackPointExtension></extensions>
      </trkpt>
      <trkpt lat="32.016786" lon="118.762275">
        <ele>34.2</ele>
        <time>2026-05-29T23:39:58Z</time>
        <extensions><gpxtpx:TrackPointExtension>
          <gpxtpx:hr>176</gpxtpx:hr>
        </gpxtpx:TrackPointExtension></extensions>
      </trkpt>
      <trkpt lat="32.016772" lon="118.762311">
        <ele>34.2</ele>
        <time>2026-05-29T23:39:59Z</time>
        <extensions><gpxtpx:TrackPointExtension>
          <gpxtpx:hr>175</gpxtpx:hr>
        </gpxtpx:TrackPointExtension></extensions>
      </trkpt>
      <trkpt lat="32.016761" lon="118.762343">
        <ele>34.2</ele>
        <time>2026-05-29T23:40:00Z</time>
        <extensions><gpxtpx:TrackPointExtension>
          <gpxtpx:hr>176</gpxtpx:hr>
        </gpxtpx:TrackPointExtension></extensions>
      </trkpt>
      <trkpt lat="32.016753" lon="118.762375">
        <ele>34.2</ele>
        <time>2026-05-29T23:40:01Z</time>
        <extensions><gpxtpx:TrackPointExtension>
          <gpxtpx:hr>176</gpxtpx:hr>
        </gpxtpx:TrackPointExtension></extensions>
      </trkpt>
      <trkpt lat="32.016746" lon="118.762414">
        <ele>34.2</ele>
        <time>2026-05-29T23:40:02Z</time>
        <extensions><gpxtpx:TrackPointExtension>
          <gpxtpx:hr>176</gpxtpx:hr>
        </gpxtpx:TrackPointExtension></extensions>
      </trkpt>
      <trkpt lat="32.016734" lon="118.762442">
        <ele>34.2</ele>
        <time>2026-05-29T23:40:03Z</time>
        <extensions><gpxtpx:TrackPointExtension>
          <gpxtpx:hr>176</gpxtpx:hr>
        </gpxtpx:TrackPointExtension></extensions>
      </trkpt>
      <trkpt lat="32.016725" lon="118.762486">
        <ele>34.2</ele>
        <time>2026-05-29T23:40:04Z</time>
        <extensions><gpxtpx:TrackPointExtension>
          <gpxtpx:hr>175</gpxtpx:hr>
        </gpxtpx:TrackPointExtension></extensions>
      </trkpt>
      <trkpt lat="32.016712" lon="118.762514">
        <ele>34.2</ele>
        <time>2026-05-29T23:40:05Z</time>
        <extensions><gpxtpx:TrackPointExtension>
          <gpxtpx:hr>176</gpxtpx:hr>
        </gpxtpx:TrackPointExtension></extensions>
      </trkpt>
      <trkpt lat="32.0167" lon="118.76256">
        <ele>34.2</ele>
        <time>2026-05-29T23:40:06Z</time>
        <extensions><gpxtpx:TrackPointExtension>
          <gpxtpx:hr>175</gpxtpx:hr>
        </gpxtpx:TrackPointExtension></extensions>
      </trkpt>
      <trkpt lat="32.016683" lon="118.76259">
        <ele>34.0</ele>
        <time>2026-05-29T23:40:07Z</time>
        <extensions><gpxtpx:TrackPointExtension>
          <gpxtpx:hr>177</gpxtpx:hr>
        </gpxtpx:TrackPointExtension></extensions>
      </trkpt>
      <trkpt lat="32.016668" lon="118.762632">
        <ele>34.0</ele>
        <time>2026-05-29T23:40:08Z</time>
        <extensions><gpxtpx:TrackPointExtension>
          <gpxtpx:hr>177</gpxtpx:hr>
        </gpxtpx:TrackPointExtension></extensions>
      </trkpt>
      <trkpt lat="32.016655" lon="118.762663">
        <ele>34.2</ele>
        <time>2026-05-29T23:40:09Z</time>
        <extensions><gpxtpx:TrackPointExtension>
          <gpxtpx:hr>176</gpxtpx:hr>
        </gpxtpx:TrackPointExtension></extensions>
      </trkpt>
      <trkpt lat="32.016642" lon="118.762701">
        <ele>34.4</ele>
        <time>2026-05-29T23:40:10Z</time>
        <extensions><gpxtpx:TrackPointExtension>
          <gpxtpx:hr>178</gpxtpx:hr>
        </gpxtpx:TrackPointExtension></extensions>
      </trkpt>
      <trkpt lat="32.016631" lon="118.762737">
        <ele>34.4</ele>
        <time>2026-05-29T23:40:11Z</time>
        <extensions><gpxtpx:TrackPointExtension>
          <gpxtpx:hr>176</gpxtpx:hr>
        </gpxtpx:TrackPointExtension></extensions>
      </trkpt>
      <trkpt lat="32.016618" lon="118.762769">
        <ele>34.4</ele>
        <time>2026-05-29T23:40:12Z</time>
        <extensions><gpxtpx:TrackPointExtension>
          <gpxtpx:hr>177</gpxtpx:hr>
        </gpxtpx:TrackPointExtension></extensions>
      </trkpt>
      <trkpt lat="32.016611" lon="118.762806">
        <ele>34.4</ele>
        <time>2026-05-29T23:40:13Z</time>
        <extensions><gpxtpx:TrackPointExtension>
          <gpxtpx:hr>179</gpxtpx:hr>
        </gpxtpx:TrackPointExtension></extensions>
      </trkpt>
      <trkpt lat="32.0166" lon="118.762837">
        <ele>34.2</ele>
        <time>2026-05-29T23:40:14Z</time>
        <extensions><gpxtpx:TrackPointExtension>
          <gpxtpx:hr>178</gpxtpx:hr>
        </gpxtpx:TrackPointExtension></extensions>
      </trkpt>
      <trkpt lat="32.016588" lon="118.762877">
        <ele>34.2</ele>
        <time>2026-05-29T23:40:15Z</time>
        <extensions><gpxtpx:TrackPointExtension>
          <gpxtpx:hr>180</gpxtpx:hr>
        </gpxtpx:TrackPointExtension></extensions>
      </trkpt>
      <trkpt lat="32.016579" lon="118.762906">
        <ele>34.2</ele>
        <time>2026-05-29T23:40:16Z</time>
        <extensions><gpxtpx:TrackPointExtension>
          <gpxtpx:hr>179</gpxtpx:hr>
        </gpxtpx:TrackPointExtension></extensions>
      </trkpt>
      <trkpt lat="32.016567" lon="118.762949">
        <ele>34.2</ele>
        <time>2026-05-29T23:40:17Z</time>
        <extensions><gpxtpx:TrackPointExtension>
          <gpxtpx:hr>178</gpxtpx:hr>
        </gpxtpx:TrackPointExtension></extensions>
      </trkpt>
      <trkpt lat="32.016553" lon="118.762979">
        <ele>34.2</ele>
        <time>2026-05-29T23:40:18Z</time>
        <extensions><gpxtpx:TrackPointExtension>
          <gpxtpx:hr>178</gpxtpx:hr>
        </gpxtpx:TrackPointExtension></extensions>
      </trkpt>
      <trkpt lat="32.016544" lon="118.76302">
        <ele>34.2</ele>
        <time>2026-05-29T23:40:19Z</time>
        <extensions><gpxtpx:TrackPointExtension>
          <gpxtpx:hr>178</gpxtpx:hr>
        </gpxtpx:TrackPointExtension></extensions>
      </trkpt>
      <trkpt lat="32.016536" lon="118.763049">
        <ele>34.2</ele>
        <time>2026-05-29T23:40:20Z</time>
        <extensions><gpxtpx:TrackPointExtension>
          <gpxtpx:hr>176</gpxtpx:hr>
        </gpxtpx:TrackPointExtension></extensions>
      </trkpt>
      <trkpt lat="32.016528" lon="118.763079">
        <ele>34.2</ele>
        <time>2026-05-29T23:40:21Z</time>
        <extensions><gpxtpx:TrackPointExtension>
          <gpxtpx:hr>175</gpxtpx:hr>
        </gpxtpx:TrackPointExtension></extensions>
      </trkpt>
      <trkpt lat="32.01652" lon="118.763118">
        <ele>34.2</ele>
        <time>2026-05-29T23:40:22Z</time>
        <extensions><gpxtpx:TrackPointExtension>
          <gpxtpx:hr>177</gpxtpx:hr>
        </gpxtpx:TrackPointExtension></extensions>
      </trkpt>
      <trkpt lat="32.016513" lon="118.763148">
        <ele>34.2</ele>
        <time>2026-05-29T23:40:23Z</time>
        <extensions><gpxtpx:TrackPointExtension>
          <gpxtpx:hr>176</gpxtpx:hr>
        </gpxtpx:TrackPointExtension></extensions>
      </trkpt>
      <trkpt lat="32.016502" lon="118.763191">
        <ele>34.2</ele>
        <time>2026-05-29T23:40:24Z</time>
        <extensions><gpxtpx:TrackPointExtension>
          <gpxtpx:hr>174</gpxtpx:hr>
        </gpxtpx:TrackPointExtension></extensions>
      </trkpt>
      <trkpt lat="32.016491" lon="118.763219">
        <ele>34.2</ele>
        <time>2026-05-29T23:40:25Z</time>
        <extensions><gpxtpx:TrackPointExtension>
          <gpxtpx:hr>178</gpxtpx:hr>
        </gpxtpx:TrackPointExtension></extensions>
      </trkpt>
      <trkpt lat="32.016481" lon="118.763262">
        <ele>34.2</ele>
        <time>2026-05-29T23:40:26Z</time>
        <extensions><gpxtpx:TrackPointExtension>
          <gpxtpx:hr>175</gpxtpx:hr>
        </gpxtpx:TrackPointExtension></extensions>
      </trkpt>
      <trkpt lat="32.016468" lon="118.763288">
        <ele>34.2</ele>
        <time>2026-05-29T23:40:27Z</time>
        <extensions><gpxtpx:TrackPointExtension>
          <gpxtpx:hr>176</gpxtpx:hr>
        </gpxtpx:TrackPointExtension></extensions>
      </trkpt>
      <trkpt lat="32.016455" lon="118.763325">
        <ele>34.0</ele>
        <time>2026-05-29T23:40:28Z</time>
        <extensions><gpxtpx:TrackPointExtension>
          <gpxtpx:hr>176</gpxtpx:hr>
        </gpxtpx:TrackPointExtension></extensions>
      </trkpt>
      <trkpt lat="32.016445" lon="118.763358">
        <ele>34.0</ele>
        <time>2026-05-29T23:40:29Z</time>
        <extensions><gpxtpx:TrackPointExtension>
          <gpxtpx:hr>175</gpxtpx:hr>
        </gpxtpx:TrackPointExtension></extensions>
      </trkpt>
      <trkpt lat="32.016434" lon="118.763389">
        <ele>33.8</ele>
        <time>2026-05-29T23:40:30Z</time>
        <extensions><gpxtpx:TrackPointExtension>
          <gpxtpx:hr>175</gpxtpx:hr>
        </gpxtpx:TrackPointExtension></extensions>
      </trkpt>
      <trkpt lat="32.016424" lon="118.763427">
        <ele>33.8</ele>
        <time>2026-05-29T23:40:31Z</time>
        <extensions><gpxtpx:TrackPointExtension>
          <gpxtpx:hr>177</gpxtpx:hr>
        </gpxtpx:TrackPointExtension></extensions>
      </trkpt>
      <trkpt lat="32.016416" lon="118.763454">
        <ele>33.8</ele>
        <time>2026-05-29T23:40:32Z</time>
        <extensions><gpxtpx:TrackPointExtension>
          <gpxtpx:hr>177</gpxtpx:hr>
        </gpxtpx:TrackPointExtension></extensions>
      </trkpt>
      <trkpt lat="32.016404" lon="118.763494">
        <ele>33.8</ele>
        <time>2026-05-29T23:40:33Z</time>
        <extensions><gpxtpx:TrackPointExtension>
          <gpxtpx:hr>176</gpxtpx:hr>
        </gpxtpx:TrackPointExtension></extensions>
      </trkpt>
      <trkpt lat="32.016392" lon="118.76352">
        <ele>33.8</ele>
        <time>2026-05-29T23:40:34Z</time>
        <extensions><gpxtpx:TrackPointExtension>
          <gpxtpx:hr>177</gpxtpx:hr>
        </gpxtpx:TrackPointExtension></extensions>
      </trkpt>
      <trkpt lat="32.016384" lon="118.763562">
        <ele>33.8</ele>
        <time>2026-05-29T23:40:35Z</time>
        <extensions><gpxtpx:TrackPointExtension>
          <gpxtpx:hr>175</gpxtpx:hr>
        </gpxtpx:TrackPointExtension></extensions>
      </trkpt>
      <trkpt lat="32.016372" lon="118.763588">
        <ele>33.8</ele>
        <time>2026-05-29T23:40:36Z</time>
        <extensions><gpxtpx:TrackPointExtension>
          <gpxtpx:hr>176</gpxtpx:hr>
        </gpxtpx:TrackPointExtension></extensions>
      </trkpt>
      <trkpt lat="32.016357" lon="118.76363">
        <ele>33.8</ele>
        <time>2026-05-29T23:40:37Z</time>
        <extensions><gpxtpx:TrackPointExtension>
          <gpxtpx:hr>176</gpxtpx:hr>
        </gpxtpx:TrackPointExtension></extensions>
      </trkpt>
      <trkpt lat="32.016345" lon="118.763658">
        <ele>33.8</ele>
        <time>2026-05-29T23:40:38Z</time>
        <extensions><gpxtpx:TrackPointExtension>
          <gpxtpx:hr>176</gpxtpx:hr>
        </gpxtpx:TrackPointExtension></extensions>
      </trkpt>
      <trkpt lat="32.016332" lon="118.763693">
        <ele>33.8</ele>
        <time>2026-05-29T23:40:39Z</time>
        <extensions><gpxtpx:TrackPointExtension>
          <gpxtpx:hr>176</gpxtpx:hr>
        </gpxtpx:TrackPointExtension></extensions>
      </trkpt>
      <trkpt lat="32.016325" lon="118.763726">
        <ele>33.8</ele>
        <time>2026-05-29T23:40:40Z</time>
        <extensions><gpxtpx:TrackPointExtension>
          <gpxtpx:hr>176</gpxtpx:hr>
        </gpxtpx:TrackPointExtension></extensions>
      </trkpt>
      <trkpt lat="32.016314" lon="118.763757">
        <ele>33.8</ele>
        <time>2026-05-29T23:40:41Z</time>
        <extensions><gpxtpx:TrackPointExtension>
          <gpxtpx:hr>176</gpxtpx:hr>
        </gpxtpx:TrackPointExtension></extensions>
      </trkpt>
      <trkpt lat="32.016306" lon="118.763796">
        <ele>33.8</ele>
        <time>2026-05-29T23:40:42Z</time>
        <extensions><gpxtpx:TrackPointExtension>
          <gpxtpx:hr>175</gpxtpx:hr>
        </gpxtpx:TrackPointExtension></extensions>
      </trkpt>
      <trkpt lat="32.016293" lon="118.763822">
        <ele>33.8</ele>
        <time>2026-05-29T23:40:43Z</time>
        <extensions><gpxtpx:TrackPointExtension>
          <gpxtpx:hr>176</gpxtpx:hr>
        </gpxtpx:TrackPointExtension></extensions>
      </trkpt>
      <trkpt lat="32.016278" lon="118.763864">
        <ele>33.8</ele>
        <time>2026-05-29T23:40:44Z</time>
        <extensions><gpxtpx:TrackPointExtension>
          <gpxtpx:hr>175</gpxtpx:hr>
        </gpxtpx:TrackPointExtension></extensions>
      </trkpt>
      <trkpt lat="32.016265" lon="118.763888">
        <ele>33.8</ele>
        <time>2026-05-29T23:40:45Z</time>
        <extensions><gpxtpx:TrackPointExtension>
          <gpxtpx:hr>176</gpxtpx:hr>
        </gpxtpx:TrackPointExtension></extensions>
      </trkpt>
      <trkpt lat="32.016255" lon="118.763928">
        <ele>34.0</ele>
        <time>2026-05-29T23:40:46Z</time>
        <extensions><gpxtpx:TrackPointExtension>
          <gpxtpx:hr>175</gpxtpx:hr>
        </gpxtpx:TrackPointExtension></extensions>
      </trkpt>
      <trkpt lat="32.016246" lon="118.763956">
        <ele>34.0</ele>
        <time>2026-05-29T23:40:47Z</time>
        <extensions><gpxtpx:TrackPointExtension>
          <gpxtpx:hr>175</gpxtpx:hr>
        </gpxtpx:TrackPointExtension></extensions>
      </trkpt>
      <trkpt lat="32.016236" lon="118.763996">
        <ele>34.0</ele>
        <time>2026-05-29T23:40:48Z</time>
        <extensions><gpxtpx:TrackPointExtension>
          <gpxtpx:hr>175</gpxtpx:hr>
        </gpxtpx:TrackPointExtension></extensions>
      </trkpt>
      <trkpt lat="32.016228" lon="118.764026">
        <ele>34.0</ele>
        <time>2026-05-29T23:40:49Z</time>
        <extensions><gpxtpx:TrackPointExtension>
          <gpxtpx:hr>175</gpxtpx:hr>
        </gpxtpx:TrackPointExtension></extensions>
      </trkpt>
      <trkpt lat="32.016214" lon="118.764059">
        <ele>34.0</ele>
        <time>2026-05-29T23:40:50Z</time>
        <extensions><gpxtpx:TrackPointExtension>
          <gpxtpx:hr>175</gpxtpx:hr>
        </gpxtpx:TrackPointExtension></extensions>
      </trkpt>
      <trkpt lat="32.016203" lon="118.764094">
        <ele>34.0</ele>
        <time>2026-05-29T23:40:51Z</time>
        <extensions><gpxtpx:TrackPointExtension>
          <gpxtpx:hr>174</gpxtpx:hr>
        </gpxtpx:TrackPointExtension></extensions>
      </trkpt>
      <trkpt lat="32.016188" lon="118.76412">
        <ele>34.0</ele>
        <time>2026-05-29T23:40:52Z</time>
        <extensions><gpxtpx:TrackPointExtension>
          <gpxtpx:hr>174</gpxtpx:hr>
        </gpxtpx:TrackPointExtension></extensions>
      </trkpt>
      <trkpt lat="32.016182" lon="118.764162">
        <ele>34.0</ele>
        <time>2026-05-29T23:40:53Z</time>
        <extensions><gpxtpx:TrackPointExtension>
          <gpxtpx:hr>173</gpxtpx:hr>
        </gpxtpx:TrackPointExtension></extensions>
      </trkpt>
      <trkpt lat="32.016169" lon="118.764191">
        <ele>34.0</ele>
        <time>2026-05-29T23:40:54Z</time>
        <extensions><gpxtpx:TrackPointExtension>
          <gpxtpx:hr>173</gpxtpx:hr>
        </gpxtpx:TrackPointExtension></extensions>
      </trkpt>
      <trkpt lat="32.01616" lon="118.764233">
        <ele>34.0</ele>
        <time>2026-05-29T23:40:55Z</time>
        <extensions><gpxtpx:TrackPointExtension>
          <gpxtpx:hr>174</gpxtpx:hr>
        </gpxtpx:TrackPointExtension></extensions>
      </trkpt>
      <trkpt lat="32.016151" lon="118.764258">
        <ele>34.0</ele>
        <time>2026-05-29T23:40:56Z</time>
        <extensions><gpxtpx:TrackPointExtension>
          <gpxtpx:hr>175</gpxtpx:hr>
        </gpxtpx:TrackPointExtension></extensions>
      </trkpt>
      <trkpt lat="32.016141" lon="118.764299">
        <ele>33.8</ele>
        <time>2026-05-29T23:40:57Z</time>
        <extensions><gpxtpx:TrackPointExtension>
          <gpxtpx:hr>174</gpxtpx:hr>
        </gpxtpx:TrackPointExtension></extensions>
      </trkpt>
      <trkpt lat="32.016135" lon="118.76433">
        <ele>33.8</ele>
        <time>2026-05-29T23:40:58Z</time>
        <extensions><gpxtpx:TrackPointExtension>
          <gpxtpx:hr>174</gpxtpx:hr>
        </gpxtpx:TrackPointExtension></extensions>
      </trkpt>
      <trkpt lat="32.016123" lon="118.764363">
        <ele>33.8</ele>
        <time>2026-05-29T23:40:59Z</time>
        <extensions><gpxtpx:TrackPointExtension>
          <gpxtpx:hr>174</gpxtpx:hr>
        </gpxtpx:TrackPointExtension></extensions>
      </trkpt>
      <trkpt lat="32.016113" lon="118.764399">
        <ele>33.8</ele>
        <time>2026-05-29T23:41:00Z</time>
        <extensions><gpxtpx:TrackPointExtension>
          <gpxtpx:hr>174</gpxtpx:hr>
        </gpxtpx:TrackPointExtension></extensions>
      </trkpt>
      <trkpt lat="32.016099" lon="118.764428">
        <ele>33.8</ele>
        <time>2026-05-29T23:41:01Z</time>
        <extensions><gpxtpx:TrackPointExtension>
          <gpxtpx:hr>174</gpxtpx:hr>
        </gpxtpx:TrackPointExtension></extensions>
      </trkpt>
      <trkpt lat="32.016092" lon="118.764468">
        <ele>34.0</ele>
        <time>2026-05-29T23:41:02Z</time>
        <extensions><gpxtpx:TrackPointExtension>
          <gpxtpx:hr>174</gpxtpx:hr>
        </gpxtpx:TrackPointExtension></extensions>
      </trkpt>
      <trkpt lat="32.016082" lon="118.764492">
        <ele>34.0</ele>
        <time>2026-05-29T23:41:03Z</time>
        <extensions><gpxtpx:TrackPointExtension>
          <gpxtpx:hr>174</gpxtpx:hr>
        </gpxtpx:TrackPointExtension></extensions>
      </trkpt>
      <trkpt lat="32.016074" lon="118.764535">
        <ele>34.0</ele>
        <time>2026-05-29T23:41:04Z</time>
        <extensions><gpxtpx:TrackPointExtension>
          <gpxtpx:hr>175</gpxtpx:hr>
        </gpxtpx:TrackPointExtension></extensions>
      </trkpt>
      <trkpt lat="32.016063" lon="118.764562">
        <ele>34.0</ele>
        <time>2026-05-29T23:41:05Z</time>
        <extensions><gpxtpx:TrackPointExtension>
          <gpxtpx:hr>175</gpxtpx:hr>
        </gpxtpx:TrackPointExtension></extensions>
      </trkpt>
      <trkpt lat="32.016055" lon="118.764604">
        <ele>34.0</ele>
        <time>2026-05-29T23:41:06Z</time>
        <extensions><gpxtpx:TrackPointExtension>
          <gpxtpx:hr>176</gpxtpx:hr>
        </gpxtpx:TrackPointExtension></extensions>
      </trkpt>
      <trkpt lat="32.016044" lon="118.764626">
        <ele>34.0</ele>
        <time>2026-05-29T23:41:07Z</time>
        <extensions><gpxtpx:TrackPointExtension>
          <gpxtpx:hr>177</gpxtpx:hr>
        </gpxtpx:TrackPointExtension></extensions>
      </trkpt>
      <trkpt lat="32.016035" lon="118.764665">
        <ele>34.2</ele>
        <time>2026-05-29T23:41:08Z</time>
        <extensions><gpxtpx:TrackPointExtension>
          <gpxtpx:hr>175</gpxtpx:hr>
        </gpxtpx:TrackPointExtension></extensions>
      </trkpt>
      <trkpt lat="32.016022" lon="118.764688">
        <ele>34.4</ele>
        <time>2026-05-29T23:41:09Z</time>
        <extensions><gpxtpx:TrackPointExtension>
          <gpxtpx:hr>175</gpxtpx:hr>
        </gpxtpx:TrackPointExtension></extensions>
      </trkpt>
      <trkpt lat="32.016013" lon="118.764723">
        <ele>34.6</ele>
        <time>2026-05-29T23:41:10Z</time>
        <extensions><gpxtpx:TrackPointExtension>
          <gpxtpx:hr>175</gpxtpx:hr>
        </gpxtpx:TrackPointExtension></extensions>
      </trkpt>
      <trkpt lat="32.015997" lon="118.764755">
        <ele>34.8</ele>
        <time>2026-05-29T23:41:11Z</time>
        <extensions><gpxtpx:TrackPointExtension>
          <gpxtpx:hr>175</gpxtpx:hr>
        </gpxtpx:TrackPointExtension></extensions>
      </trkpt>
      <trkpt lat="32.015986" lon="118.764786">
        <ele>35.0</ele>
        <time>2026-05-29T23:41:12Z</time>
        <extensions><gpxtpx:TrackPointExtension>
          <gpxtpx:hr>175</gpxtpx:hr>
        </gpxtpx:TrackPointExtension></extensions>
      </trkpt>
      <trkpt lat="32.015977" lon="118.764826">
        <ele>34.8</ele>
        <time>2026-05-29T23:41:13Z</time>
        <extensions><gpxtpx:TrackPointExtension>
          <gpxtpx:hr>175</gpxtpx:hr>
        </gpxtpx:TrackPointExtension></extensions>
      </trkpt>
      <trkpt lat="32.015964" lon="118.76486">
        <ele>34.6</ele>
        <time>2026-05-29T23:41:14Z</time>
        <extensions><gpxtpx:TrackPointExtension>
          <gpxtpx:hr>176</gpxtpx:hr>
        </gpxtpx:TrackPointExtension></extensions>
      </trkpt>
      <trkpt lat="32.015955" lon="118.764904">
        <ele>34.4</ele>
        <time>2026-05-29T23:41:15Z</time>
        <extensions><gpxtpx:TrackPointExtension>
          <gpxtpx:hr>176</gpxtpx:hr>
        </gpxtpx:TrackPointExtension></extensions>
      </trkpt>
      <trkpt lat="32.015943" lon="118.764933">
        <ele>34.4</ele>
        <time>2026-05-29T23:41:16Z</time>
        <extensions><gpxtpx:TrackPointExtension>
          <gpxtpx:hr>175</gpxtpx:hr>
        </gpxtpx:TrackPointExtension></extensions>
      </trkpt>
      <trkpt lat="32.015932" lon="118.764975">
        <ele>34.6</ele>
        <time>2026-05-29T23:41:17Z</time>
        <extensions><gpxtpx:TrackPointExtension>
          <gpxtpx:hr>176</gpxtpx:hr>
        </gpxtpx:TrackPointExtension></extensions>
      </trkpt>
      <trkpt lat="32.01592" lon="118.765007">
        <ele>34.6</ele>
        <time>2026-05-29T23:41:18Z</time>
        <extensions><gpxtpx:TrackPointExtension>
          <gpxtpx:hr>178</gpxtpx:hr>
        </gpxtpx:TrackPointExtension></extensions>
      </trkpt>
      <trkpt lat="32.01591" lon="118.765052">
        <ele>34.6</ele>
        <time>2026-05-29T23:41:19Z</time>
        <extensions><gpxtpx:TrackPointExtension>
          <gpxtpx:hr>177</gpxtpx:hr>
        </gpxtpx:TrackPointExtension></extensions>
      </trkpt>
      <trkpt lat="32.015899" lon="118.765081">
        <ele>34.6</ele>
        <time>2026-05-29T23:41:20Z</time>
        <extensions><gpxtpx:TrackPointExtension>
          <gpxtpx:hr>177</gpxtpx:hr>
        </gpxtpx:TrackPointExtension></extensions>
      </trkpt>
      <trkpt lat="32.015888" lon="118.765119">
        <ele>34.6</ele>
        <time>2026-05-29T23:41:21Z</time>
        <extensions><gpxtpx:TrackPointExtension>
          <gpxtpx:hr>177</gpxtpx:hr>
        </gpxtpx:TrackPointExtension></extensions>
      </trkpt>
      <trkpt lat="32.015874" lon="118.765146">
        <ele>34.6</ele>
        <time>2026-05-29T23:41:22Z</time>
        <extensions><gpxtpx:TrackPointExtension>
          <gpxtpx:hr>176</gpxtpx:hr>
        </gpxtpx:TrackPointExtension></extensions>
      </trkpt>
      <trkpt lat="32.015865" lon="118.76518">
        <ele>34.6</ele>
        <time>2026-05-29T23:41:23Z</time>
        <extensions><gpxtpx:TrackPointExtension>
          <gpxtpx:hr>177</gpxtpx:hr>
        </gpxtpx:TrackPointExtension></extensions>
      </trkpt>
      <trkpt lat="32.015852" lon="118.765213">
        <ele>34.6</ele>
        <time>2026-05-29T23:41:24Z</time>
        <extensions><gpxtpx:TrackPointExtension>
          <gpxtpx:hr>177</gpxtpx:hr>
        </gpxtpx:TrackPointExtension></extensions>
      </trkpt>
      <trkpt lat="32.01584" lon="118.765244">
        <ele>34.6</ele>
        <time>2026-05-29T23:41:25Z</time>
        <extensions><gpxtpx:TrackPointExtension>
          <gpxtpx:hr>176</gpxtpx:hr>
        </gpxtpx:TrackPointExtension></extensions>
      </trkpt>
      <trkpt lat="32.015832" lon="118.765282">
        <ele>34.6</ele>
        <time>2026-05-29T23:41:26Z</time>
        <extensions><gpxtpx:TrackPointExtension>
          <gpxtpx:hr>176</gpxtpx:hr>
        </gpxtpx:TrackPointExtension></extensions>
      </trkpt>
      <trkpt lat="32.015818" lon="118.765309">
        <ele>34.6</ele>
        <time>2026-05-29T23:41:27Z</time>
        <extensions><gpxtpx:TrackPointExtension>
          <gpxtpx:hr>176</gpxtpx:hr>
        </gpxtpx:TrackPointExtension></extensions>
      </trkpt>
      <trkpt lat="32.01581" lon="118.76535">
        <ele>34.6</ele>
        <time>2026-05-29T23:41:28Z</time>
        <extensions><gpxtpx:TrackPointExtension>
          <gpxtpx:hr>176</gpxtpx:hr>
        </gpxtpx:TrackPointExtension></extensions>
      </trkpt>
      <trkpt lat="32.015798" lon="118.765374">
        <ele>34.6</ele>
        <time>2026-05-29T23:41:29Z</time>
        <extensions><gpxtpx:TrackPointExtension>
          <gpxtpx:hr>175</gpxtpx:hr>
        </gpxtpx:TrackPointExtension></extensions>
      </trkpt>
      <trkpt lat="32.015785" lon="118.765414">
        <ele>34.6</ele>
        <time>2026-05-29T23:41:30Z</time>
        <extensions><gpxtpx:TrackPointExtension>
          <gpxtpx:hr>175</gpxtpx:hr>
        </gpxtpx:TrackPointExtension></extensions>
      </trkpt>
      <trkpt lat="32.015775" lon="118.765437">
        <ele>34.8</ele>
        <time>2026-05-29T23:41:31Z</time>
        <extensions><gpxtpx:TrackPointExtension>
          <gpxtpx:hr>175</gpxtpx:hr>
        </gpxtpx:TrackPointExtension></extensions>
      </trkpt>
      <trkpt lat="32.015762" lon="118.765472">
        <ele>34.8</ele>
        <time>2026-05-29T23:41:32Z</time>
        <extensions><gpxtpx:TrackPointExtension>
          <gpxtpx:hr>176</gpxtpx:hr>
        </gpxtpx:TrackPointExtension></extensions>
      </trkpt>
      <trkpt lat="32.015751" lon="118.765506">
        <ele>34.6</ele>
        <time>2026-05-29T23:41:33Z</time>
        <extensions><gpxtpx:TrackPointExtension>
          <gpxtpx:hr>175</gpxtpx:hr>
        </gpxtpx:TrackPointExtension></extensions>
      </trkpt>
      <trkpt lat="32.015738" lon="118.765539">
        <ele>34.6</ele>
        <time>2026-05-29T23:41:34Z</time>
        <extensions><gpxtpx:TrackPointExtension>
          <gpxtpx:hr>175</gpxtpx:hr>
        </gpxtpx:TrackPointExtension></extensions>
      </trkpt>
      <trkpt lat="32.01573" lon="118.765583">
        <ele>34.6</ele>
        <time>2026-05-29T23:41:35Z</time>
        <extensions><gpxtpx:TrackPointExtension>
          <gpxtpx:hr>176</gpxtpx:hr>
        </gpxtpx:TrackPointExtension></extensions>
      </trkpt>
      <trkpt lat="32.015719" lon="118.765615">
        <ele>34.4</ele>
        <time>2026-05-29T23:41:36Z</time>
        <extensions><gpxtpx:TrackPointExtension>
          <gpxtpx:hr>175</gpxtpx:hr>
        </gpxtpx:TrackPointExtension></extensions>
      </trkpt>
      <trkpt lat="32.015705" lon="118.76566">
        <ele>34.6</ele>
        <time>2026-05-29T23:41:37Z</time>
        <extensions><gpxtpx:TrackPointExtension>
          <gpxtpx:hr>176</gpxtpx:hr>
        </gpxtpx:TrackPointExtension></extensions>
      </trkpt>
      <trkpt lat="32.015692" lon="118.765688">
        <ele>34.6</ele>
        <time>2026-05-29T23:41:38Z</time>
        <extensions><gpxtpx:TrackPointExtension>
          <gpxtpx:hr>177</gpxtpx:hr>
        </gpxtpx:TrackPointExtension></extensions>
      </trkpt>
      <trkpt lat="32.015678" lon="118.765732">
        <ele>34.6</ele>
        <time>2026-05-29T23:41:39Z</time>
        <extensions><gpxtpx:TrackPointExtension>
          <gpxtpx:hr>177</gpxtpx:hr>
        </gpxtpx:TrackPointExtension></extensions>
      </trkpt>
      <trkpt lat="32.015667" lon="118.76576">
        <ele>34.6</ele>
        <time>2026-05-29T23:41:40Z</time>
        <extensions><gpxtpx:TrackPointExtension>
          <gpxtpx:hr>175</gpxtpx:hr>
        </gpxtpx:TrackPointExtension></extensions>
      </trkpt>
      <trkpt lat="32.015654" lon="118.765801">
        <ele>34.6</ele>
        <time>2026-05-29T23:41:41Z</time>
        <extensions><gpxtpx:TrackPointExtension>
          <gpxtpx:hr>176</gpxtpx:hr>
        </gpxtpx:TrackPointExtension></extensions>
      </trkpt>
      <trkpt lat="32.015642" lon="118.765837">
        <ele>34.6</ele>
        <time>2026-05-29T23:41:42Z</time>
        <extensions><gpxtpx:TrackPointExtension>
          <gpxtpx:hr>176</gpxtpx:hr>
        </gpxtpx:TrackPointExtension></extensions>
      </trkpt>
      <trkpt lat="32.015632" lon="118.765875">
        <ele>34.6</ele>
        <time>2026-05-29T23:41:43Z</time>
        <extensions><gpxtpx:TrackPointExtension>
          <gpxtpx:hr>176</gpxtpx:hr>
        </gpxtpx:TrackPointExtension></extensions>
      </trkpt>
      <trkpt lat="32.015618" lon="118.765914">
        <ele>34.6</ele>
        <time>2026-05-29T23:41:44Z</time>
        <extensions><gpxtpx:TrackPointExtension>
          <gpxtpx:hr>177</gpxtpx:hr>
        </gpxtpx:TrackPointExtension></extensions>
      </trkpt>
      <trkpt lat="32.015608" lon="118.765946">
        <ele>34.6</ele>
        <time>2026-05-29T23:41:45Z</time>
        <extensions><gpxtpx:TrackPointExtension>
          <gpxtpx:hr>176</gpxtpx:hr>
        </gpxtpx:TrackPointExtension></extensions>
      </trkpt>
      <trkpt lat="32.015603" lon="118.765983">
        <ele>34.8</ele>
        <time>2026-05-29T23:41:46Z</time>
        <extensions><gpxtpx:TrackPointExtension>
          <gpxtpx:hr>176</gpxtpx:hr>
        </gpxtpx:TrackPointExtension></extensions>
      </trkpt>
      <trkpt lat="32.015592" lon="118.766015">
        <ele>35.0</ele>
        <time>2026-05-29T23:41:47Z</time>
        <extensions><gpxtpx:TrackPointExtension>
          <gpxtpx:hr>176</gpxtpx:hr>
        </gpxtpx:TrackPointExtension></extensions>
      </trkpt>
      <trkpt lat="32.015582" lon="118.766058">
        <ele>35.0</ele>
        <time>2026-05-29T23:41:48Z</time>
        <extensions><gpxtpx:TrackPointExtension>
          <gpxtpx:hr>177</gpxtpx:hr>
        </gpxtpx:TrackPointExtension></extensions>
      </trkpt>
      <trkpt lat="32.015573" lon="118.766091">
        <ele>35.0</ele>
        <time>2026-05-29T23:41:49Z</time>
        <extensions><gpxtpx:TrackPointExtension>
          <gpxtpx:hr>177</gpxtpx:hr>
        </gpxtpx:TrackPointExtension></extensions>
      </trkpt>
      <trkpt lat="32.01557" lon="118.766132">
        <ele>35.2</ele>
        <time>2026-05-29T23:41:50Z</time>
        <extensions><gpxtpx:TrackPointExtension>
          <gpxtpx:hr>176</gpxtpx:hr>
        </gpxtpx:TrackPointExtension></extensions>
      </trkpt>
      <trkpt lat="32.015561" lon="118.766159">
        <ele>35.2</ele>
        <time>2026-05-29T23:41:51Z</time>
        <extensions><gpxtpx:TrackPointExtension>
          <gpxtpx:hr>175</gpxtpx:hr>
        </gpxtpx:TrackPointExtension></extensions>
      </trkpt>
      <trkpt lat="32.015552" lon="118.766198">
        <ele>35.2</ele>
        <time>2026-05-29T23:41:52Z</time>
        <extensions><gpxtpx:TrackPointExtension>
          <gpxtpx:hr>175</gpxtpx:hr>
        </gpxtpx:TrackPointExtension></extensions>
      </trkpt>
      <trkpt lat="32.015536" lon="118.766231">
        <ele>35.2</ele>
        <time>2026-05-29T23:41:53Z</time>
        <extensions><gpxtpx:TrackPointExtension>
          <gpxtpx:hr>175</gpxtpx:hr>
        </gpxtpx:TrackPointExtension></extensions>
      </trkpt>
      <trkpt lat="32.015526" lon="118.766262">
        <ele>35.2</ele>
        <time>2026-05-29T23:41:54Z</time>
        <extensions><gpxtpx:TrackPointExtension>
          <gpxtpx:hr>175</gpxtpx:hr>
        </gpxtpx:TrackPointExtension></extensions>
      </trkpt>
      <trkpt lat="32.015516" lon="118.766301">
        <ele>35.2</ele>
        <time>2026-05-29T23:41:55Z</time>
        <extensions><gpxtpx:TrackPointExtension>
          <gpxtpx:hr>175</gpxtpx:hr>
        </gpxtpx:TrackPointExtension></extensions>
      </trkpt>
      <trkpt lat="32.0155" lon="118.76633">
        <ele>35.2</ele>
        <time>2026-05-29T23:41:56Z</time>
        <extensions><gpxtpx:TrackPointExtension>
          <gpxtpx:hr>176</gpxtpx:hr>
        </gpxtpx:TrackPointExtension></extensions>
      </trkpt>
      <trkpt lat="32.015485" lon="118.76637">
        <ele>35.2</ele>
        <time>2026-05-29T23:41:57Z</time>
        <extensions><gpxtpx:TrackPointExtension>
          <gpxtpx:hr>175</gpxtpx:hr>
        </gpxtpx:TrackPointExtension></extensions>
      </trkpt>
      <trkpt lat="32.015474" lon="118.766398">
        <ele>35.2</ele>
        <time>2026-05-29T23:41:58Z</time>
        <extensions><gpxtpx:TrackPointExtension>
          <gpxtpx:hr>176</gpxtpx:hr>
        </gpxtpx:TrackPointExtension></extensions>
      </trkpt>
      <trkpt lat="32.015464" lon="118.766442">
        <ele>35.2</ele>
        <time>2026-05-29T23:41:59Z</time>
        <extensions><gpxtpx:TrackPointExtension>
          <gpxtpx:hr>176</gpxtpx:hr>
        </gpxtpx:TrackPointExtension></extensions>
      </trkpt>
      <trkpt lat="32.015453" lon="118.766468">
        <ele>35.4</ele>
        <time>2026-05-29T23:42:00Z</time>
        <extensions><gpxtpx:TrackPointExtension>
          <gpxtpx:hr>176</gpxtpx:hr>
        </gpxtpx:TrackPointExtension></extensions>
      </trkpt>
      <trkpt lat="32.015443" lon="118.766509">
        <ele>35.4</ele>
        <time>2026-05-29T23:42:01Z</time>
        <extensions><gpxtpx:TrackPointExtension>
          <gpxtpx:hr>176</gpxtpx:hr>
        </gpxtpx:TrackPointExtension></extensions>
      </trkpt>
      <trkpt lat="32.015426" lon="118.766543">
        <ele>35.4</ele>
        <time>2026-05-29T23:42:02Z</time>
        <extensions><gpxtpx:TrackPointExtension>
          <gpxtpx:hr>176</gpxtpx:hr>
        </gpxtpx:TrackPointExtension></extensions>
      </trkpt>
      <trkpt lat="32.015417" lon="118.766575">
        <ele>35.4</ele>
        <time>2026-05-29T23:42:03Z</time>
        <extensions><gpxtpx:TrackPointExtension>
          <gpxtpx:hr>176</gpxtpx:hr>
        </gpxtpx:TrackPointExtension></extensions>
      </trkpt>
      <trkpt lat="32.015408" lon="118.76661">
        <ele>35.4</ele>
        <time>2026-05-29T23:42:04Z</time>
        <extensions><gpxtpx:TrackPointExtension>
          <gpxtpx:hr>177</gpxtpx:hr>
        </gpxtpx:TrackPointExtension></extensions>
      </trkpt>
      <trkpt lat="32.0154" lon="118.766641">
        <ele>35.4</ele>
        <time>2026-05-29T23:42:05Z</time>
        <extensions><gpxtpx:TrackPointExtension>
          <gpxtpx:hr>178</gpxtpx:hr>
        </gpxtpx:TrackPointExtension></extensions>
      </trkpt>
      <trkpt lat="32.015394" lon="118.766684">
        <ele>35.4</ele>
        <time>2026-05-29T23:42:06Z</time>
        <extensions><gpxtpx:TrackPointExtension>
          <gpxtpx:hr>176</gpxtpx:hr>
        </gpxtpx:TrackPointExtension></extensions>
      </trkpt>
      <trkpt lat="32.015386" lon="118.766715">
        <ele>35.4</ele>
        <time>2026-05-29T23:42:07Z</time>
        <extensions><gpxtpx:TrackPointExtension>
          <gpxtpx:hr>178</gpxtpx:hr>
        </gpxtpx:TrackPointExtension></extensions>
      </trkpt>
      <trkpt lat="32.015379" lon="118.766758">
        <ele>35.4</ele>
        <time>2026-05-29T23:42:08Z</time>
        <extensions><gpxtpx:TrackPointExtension>
          <gpxtpx:hr>177</gpxtpx:hr>
        </gpxtpx:TrackPointExtension></extensions>
      </trkpt>
      <trkpt lat="32.015366" lon="118.76679">
        <ele>35.4</ele>
        <time>2026-05-29T23:42:09Z</time>
        <extensions><gpxtpx:TrackPointExtension>
          <gpxtpx:hr>178</gpxtpx:hr>
        </gpxtpx:TrackPointExtension></extensions>
      </trkpt>
      <trkpt lat="32.015353" lon="118.766832">
        <ele>35.4</ele>
        <time>2026-05-29T23:42:10Z</time>
        <extensions><gpxtpx:TrackPointExtension>
          <gpxtpx:hr>179</gpxtpx:hr>
        </gpxtpx:TrackPointExtension></extensions>
      </trkpt>
      <trkpt lat="32.015342" lon="118.766865">
        <ele>35.4</ele>
        <time>2026-05-29T23:42:11Z</time>
        <extensions><gpxtpx:TrackPointExtension>
          <gpxtpx:hr>178</gpxtpx:hr>
        </gpxtpx:TrackPointExtension></extensions>
      </trkpt>
      <trkpt lat="32.01533" lon="118.766901">
        <ele>35.6</ele>
        <time>2026-05-29T23:42:12Z</time>
        <extensions><gpxtpx:TrackPointExtension>
          <gpxtpx:hr>179</gpxtpx:hr>
        </gpxtpx:TrackPointExtension></extensions>
      </trkpt>
      <trkpt lat="32.015322" lon="118.766935">
        <ele>35.6</ele>
        <time>2026-05-29T23:42:13Z</time>
        <extensions><gpxtpx:TrackPointExtension>
          <gpxtpx:hr>177</gpxtpx:hr>
        </gpxtpx:TrackPointExtension></extensions>
      </trkpt>
      <trkpt lat="32.015311" lon="118.766965">
        <ele>35.6</ele>
        <time>2026-05-29T23:42:14Z</time>
        <extensions><gpxtpx:TrackPointExtension>
          <gpxtpx:hr>176</gpxtpx:hr>
        </gpxtpx:TrackPointExtension></extensions>
      </trkpt>
      <trkpt lat="32.015304" lon="118.767002">
        <ele>35.4</ele>
        <time>2026-05-29T23:42:15Z</time>
        <extensions><gpxtpx:TrackPointExtension>
          <gpxtpx:hr>178</gpxtpx:hr>
        </gpxtpx:TrackPointExtension></extensions>
      </trkpt>
      <trkpt lat="32.015295" lon="118.767032">
        <ele>35.4</ele>
        <time>2026-05-29T23:42:16Z</time>
        <extensions><gpxtpx:TrackPointExtension>
          <gpxtpx:hr>175</gpxtpx:hr>
        </gpxtpx:TrackPointExtension></extensions>
      </trkpt>
      <trkpt lat="32.01529" lon="118.767076">
        <ele>35.4</ele>
        <time>2026-05-29T23:42:17Z</time>
        <extensions><gpxtpx:TrackPointExtension>
          <gpxtpx:hr>175</gpxtpx:hr>
        </gpxtpx:TrackPointExtension></extensions>
      </trkpt>
      <trkpt lat="32.015282" lon="118.767105">
        <ele>35.2</ele>
        <time>2026-05-29T23:42:18Z</time>
        <extensions><gpxtpx:TrackPointExtension>
          <gpxtpx:hr>176</gpxtpx:hr>
        </gpxtpx:TrackPointExtension></extensions>
      </trkpt>
      <trkpt lat="32.015276" lon="118.76715">
        <ele>35.0</ele>
        <time>2026-05-29T23:42:19Z</time>
        <extensions><gpxtpx:TrackPointExtension>
          <gpxtpx:hr>175</gpxtpx:hr>
        </gpxtpx:TrackPointExtension></extensions>
      </trkpt>
      <trkpt lat="32.015264" lon="118.767181">
        <ele>35.0</ele>
        <time>2026-05-29T23:42:20Z</time>
        <extensions><gpxtpx:TrackPointExtension>
          <gpxtpx:hr>175</gpxtpx:hr>
        </gpxtpx:TrackPointExtension></extensions>
      </trkpt>
      <trkpt lat="32.015255" lon="118.767223">
        <ele>34.8</ele>
        <time>2026-05-29T23:42:21Z</time>
        <extensions><gpxtpx:TrackPointExtension>
          <gpxtpx:hr>175</gpxtpx:hr>
        </gpxtpx:TrackPointExtension></extensions>
      </trkpt>
      <trkpt lat="32.015246" lon="118.767254">
        <ele>34.8</ele>
        <time>2026-05-29T23:42:22Z</time>
        <extensions><gpxtpx:TrackPointExtension>
          <gpxtpx:hr>175</gpxtpx:hr>
        </gpxtpx:TrackPointExtension></extensions>
      </trkpt>
      <trkpt lat="32.015239" lon="118.767288">
        <ele>34.8</ele>
        <time>2026-05-29T23:42:23Z</time>
        <extensions><gpxtpx:TrackPointExtension>
          <gpxtpx:hr>175</gpxtpx:hr>
        </gpxtpx:TrackPointExtension></extensions>
      </trkpt>
      <trkpt lat="32.01524" lon="118.767325">
        <ele>34.8</ele>
        <time>2026-05-29T23:42:24Z</time>
        <extensions><gpxtpx:TrackPointExtension>
          <gpxtpx:hr>175</gpxtpx:hr>
        </gpxtpx:TrackPointExtension></extensions>
      </trkpt>
      <trkpt lat="32.015236" lon="118.767354">
        <ele>34.8</ele>
        <time>2026-05-29T23:42:25Z</time>
        <extensions><gpxtpx:TrackPointExtension>
          <gpxtpx:hr>174</gpxtpx:hr>
        </gpxtpx:TrackPointExtension></extensions>
      </trkpt>
      <trkpt lat="32.015238" lon="118.767398">
        <ele>34.8</ele>
        <time>2026-05-29T23:42:26Z</time>
        <extensions><gpxtpx:TrackPointExtension>
          <gpxtpx:hr>174</gpxtpx:hr>
        </gpxtpx:TrackPointExtension></extensions>
      </trkpt>
      <trkpt lat="32.015234" lon="118.767428">
        <ele>34.8</ele>
        <time>2026-05-29T23:42:27Z</time>
        <extensions><gpxtpx:TrackPointExtension>
          <gpxtpx:hr>174</gpxtpx:hr>
        </gpxtpx:TrackPointExtension></extensions>
      </trkpt>
      <trkpt lat="32.015233" lon="118.767471">
        <ele>34.8</ele>
        <time>2026-05-29T23:42:28Z</time>
        <extensions><gpxtpx:TrackPointExtension>
          <gpxtpx:hr>175</gpxtpx:hr>
        </gpxtpx:TrackPointExtension></extensions>
      </trkpt>
      <trkpt lat="32.015224" lon="118.767503">
        <ele>34.8</ele>
        <time>2026-05-29T23:42:29Z</time>
        <extensions><gpxtpx:TrackPointExtension>
          <gpxtpx:hr>172</gpxtpx:hr>
        </gpxtpx:TrackPointExtension></extensions>
      </trkpt>
      <trkpt lat="32.015222" lon="118.767542">
        <ele>34.8</ele>
        <time>2026-05-29T23:42:30Z</time>
        <extensions><gpxtpx:TrackPointExtension>
          <gpxtpx:hr>173</gpxtpx:hr>
        </gpxtpx:TrackPointExtension></extensions>
      </trkpt>
      <trkpt lat="32.015214" lon="118.767577">
        <ele>34.8</ele>
        <time>2026-05-29T23:42:31Z</time>
        <extensions><gpxtpx:TrackPointExtension>
          <gpxtpx:hr>174</gpxtpx:hr>
        </gpxtpx:TrackPointExtension></extensions>
      </trkpt>
      <trkpt lat="32.015211" lon="118.767614">
        <ele>34.8</ele>
        <time>2026-05-29T23:42:32Z</time>
        <extensions><gpxtpx:TrackPointExtension>
          <gpxtpx:hr>173</gpxtpx:hr>
        </gpxtpx:TrackPointExtension></extensions>
      </trkpt>
      <trkpt lat="32.01521" lon="118.767657">
        <ele>34.8</ele>
        <time>2026-05-29T23:42:33Z</time>
        <extensions><gpxtpx:TrackPointExtension>
          <gpxtpx:hr>174</gpxtpx:hr>
        </gpxtpx:TrackPointExtension></extensions>
      </trkpt>
      <trkpt lat="32.015207" lon="118.767688">
        <ele>34.6</ele>
        <time>2026-05-29T23:42:34Z</time>
        <extensions><gpxtpx:TrackPointExtension>
          <gpxtpx:hr>174</gpxtpx:hr>
        </gpxtpx:TrackPointExtension></extensions>
      </trkpt>
      <trkpt lat="32.015204" lon="118.76773">
        <ele>34.6</ele>
        <time>2026-05-29T23:42:35Z</time>
        <extensions><gpxtpx:TrackPointExtension>
          <gpxtpx:hr>174</gpxtpx:hr>
        </gpxtpx:TrackPointExtension></extensions>
      </trkpt>
      <trkpt lat="32.015199" lon="118.767759">
        <ele>34.4</ele>
        <time>2026-05-29T23:42:36Z</time>
        <extensions><gpxtpx:TrackPointExtension>
          <gpxtpx:hr>174</gpxtpx:hr>
        </gpxtpx:TrackPointExtension></extensions>
      </trkpt>
      <trkpt lat="32.015192" lon="118.767802">
        <ele>34.4</ele>
        <time>2026-05-29T23:42:37Z</time>
        <extensions><gpxtpx:TrackPointExtension>
          <gpxtpx:hr>174</gpxtpx:hr>
        </gpxtpx:TrackPointExtension></extensions>
      </trkpt>
      <trkpt lat="32.015186" lon="118.767833">
        <ele>34.6</ele>
        <time>2026-05-29T23:42:38Z</time>
        <extensions><gpxtpx:TrackPointExtension>
          <gpxtpx:hr>175</gpxtpx:hr>
        </gpxtpx:TrackPointExtension></extensions>
      </trkpt>
      <trkpt lat="32.015185" lon="118.767872">
        <ele>34.6</ele>
        <time>2026-05-29T23:42:39Z</time>
        <extensions><gpxtpx:TrackPointExtension>
          <gpxtpx:hr>174</gpxtpx:hr>
        </gpxtpx:TrackPointExtension></extensions>
      </trkpt>
      <trkpt lat="32.015179" lon="118.767906">
        <ele>34.8</ele>
        <time>2026-05-29T23:42:40Z</time>
        <extensions><gpxtpx:TrackPointExtension>
          <gpxtpx:hr>174</gpxtpx:hr>
        </gpxtpx:TrackPointExtension></extensions>
      </trkpt>
      <trkpt lat="32.015174" lon="118.767943">
        <ele>34.8</ele>
        <time>2026-05-29T23:42:41Z</time>
        <extensions><gpxtpx:TrackPointExtension>
          <gpxtpx:hr>175</gpxtpx:hr>
        </gpxtpx:TrackPointExtension></extensions>
      </trkpt>
      <trkpt lat="32.015174" lon="118.767981">
        <ele>34.8</ele>
        <time>2026-05-29T23:42:42Z</time>
        <extensions><gpxtpx:TrackPointExtension>
          <gpxtpx:hr>174</gpxtpx:hr>
        </gpxtpx:TrackPointExtension></extensions>
      </trkpt>
      <trkpt lat="32.01517" lon="118.768013">
        <ele>34.8</ele>
        <time>2026-05-29T23:42:43Z</time>
        <extensions><gpxtpx:TrackPointExtension>
          <gpxtpx:hr>175</gpxtpx:hr>
        </gpxtpx:TrackPointExtension></extensions>
      </trkpt>
      <trkpt lat="32.015173" lon="118.768051">
        <ele>34.8</ele>
        <time>2026-05-29T23:42:44Z</time>
        <extensions><gpxtpx:TrackPointExtension>
          <gpxtpx:hr>175</gpxtpx:hr>
        </gpxtpx:TrackPointExtension></extensions>
      </trkpt>
      <trkpt lat="32.015169" lon="118.76808">
        <ele>34.8</ele>
        <time>2026-05-29T23:42:45Z</time>
        <extensions><gpxtpx:TrackPointExtension>
          <gpxtpx:hr>176</gpxtpx:hr>
        </gpxtpx:TrackPointExtension></extensions>
      </trkpt>
      <trkpt lat="32.015173" lon="118.768122">
        <ele>34.8</ele>
        <time>2026-05-29T23:42:46Z</time>
        <extensions><gpxtpx:TrackPointExtension>
          <gpxtpx:hr>175</gpxtpx:hr>
        </gpxtpx:TrackPointExtension></extensions>
      </trkpt>
      <trkpt lat="32.015168" lon="118.768152">
        <ele>34.8</ele>
        <time>2026-05-29T23:42:47Z</time>
        <extensions><gpxtpx:TrackPointExtension>
          <gpxtpx:hr>177</gpxtpx:hr>
        </gpxtpx:TrackPointExtension></extensions>
      </trkpt>
      <trkpt lat="32.015171" lon="118.768198">
        <ele>34.8</ele>
        <time>2026-05-29T23:42:48Z</time>
        <extensions><gpxtpx:TrackPointExtension>
          <gpxtpx:hr>176</gpxtpx:hr>
        </gpxtpx:TrackPointExtension></extensions>
      </trkpt>
      <trkpt lat="32.015168" lon="118.768231">
        <ele>34.8</ele>
        <time>2026-05-29T23:42:49Z</time>
        <extensions><gpxtpx:TrackPointExtension>
          <gpxtpx:hr>176</gpxtpx:hr>
        </gpxtpx:TrackPointExtension></extensions>
      </trkpt>
      <trkpt lat="32.015175" lon="118.768271">
        <ele>34.6</ele>
        <time>2026-05-29T23:42:50Z</time>
        <extensions><gpxtpx:TrackPointExtension>
          <gpxtpx:hr>175</gpxtpx:hr>
        </gpxtpx:TrackPointExtension></extensions>
      </trkpt>
      <trkpt lat="32.015176" lon="118.768308">
        <ele>34.8</ele>
        <time>2026-05-29T23:42:51Z</time>
        <extensions><gpxtpx:TrackPointExtension>
          <gpxtpx:hr>176</gpxtpx:hr>
        </gpxtpx:TrackPointExtension></extensions>
      </trkpt>
      <trkpt lat="32.015184" lon="118.768342">
        <ele>34.8</ele>
        <time>2026-05-29T23:42:52Z</time>
        <extensions><gpxtpx:TrackPointExtension>
          <gpxtpx:hr>176</gpxtpx:hr>
        </gpxtpx:TrackPointExtension></extensions>
      </trkpt>
      <trkpt lat="32.015191" lon="118.768382">
        <ele>34.8</ele>
        <time>2026-05-29T23:42:53Z</time>
        <extensions><gpxtpx:TrackPointExtension>
          <gpxtpx:hr>177</gpxtpx:hr>
        </gpxtpx:TrackPointExtension></extensions>
      </trkpt>
      <trkpt lat="32.015192" lon="118.768413">
        <ele>34.8</ele>
        <time>2026-05-29T23:42:54Z</time>
        <extensions><gpxtpx:TrackPointExtension>
          <gpxtpx:hr>177</gpxtpx:hr>
        </gpxtpx:TrackPointExtension></extensions>
      </trkpt>
      <trkpt lat="32.015199" lon="118.768455">
        <ele>34.8</ele>
        <time>2026-05-29T23:42:55Z</time>
        <extensions><gpxtpx:TrackPointExtension>
          <gpxtpx:hr>178</gpxtpx:hr>
        </gpxtpx:TrackPointExtension></extensions>
      </trkpt>
      <trkpt lat="32.015198" lon="118.768486">
        <ele>34.8</ele>
        <time>2026-05-29T23:42:56Z</time>
        <extensions><gpxtpx:TrackPointExtension>
          <gpxtpx:hr>178</gpxtpx:hr>
        </gpxtpx:TrackPointExtension></extensions>
      </trkpt>
      <trkpt lat="32.015205" lon="118.76853">
        <ele>34.6</ele>
        <time>2026-05-29T23:42:57Z</time>
        <extensions><gpxtpx:TrackPointExtension>
          <gpxtpx:hr>179</gpxtpx:hr>
        </gpxtpx:TrackPointExtension></extensions>
      </trkpt>
      <trkpt lat="32.015203" lon="118.768564">
        <ele>34.6</ele>
        <time>2026-05-29T23:42:58Z</time>
        <extensions><gpxtpx:TrackPointExtension>
          <gpxtpx:hr>178</gpxtpx:hr>
        </gpxtpx:TrackPointExtension></extensions>
      </trkpt>
      <trkpt lat="32.015212" lon="118.768608">
        <ele>34.6</ele>
        <time>2026-05-29T23:42:59Z</time>
        <extensions><gpxtpx:TrackPointExtension>
          <gpxtpx:hr>177</gpxtpx:hr>
        </gpxtpx:TrackPointExtension></extensions>
      </trkpt>
      <trkpt lat="32.015209" lon="118.768637">
        <ele>34.6</ele>
        <time>2026-05-29T23:43:00Z</time>
        <extensions><gpxtpx:TrackPointExtension>
          <gpxtpx:hr>176</gpxtpx:hr>
        </gpxtpx:TrackPointExtension></extensions>
      </trkpt>
      <trkpt lat="32.01522" lon="118.768679">
        <ele>34.6</ele>
        <time>2026-05-29T23:43:01Z</time>
        <extensions><gpxtpx:TrackPointExtension>
          <gpxtpx:hr>177</gpxtpx:hr>
        </gpxtpx:TrackPointExtension></extensions>
      </trkpt>
      <trkpt lat="32.015219" lon="118.768709">
        <ele>34.4</ele>
        <time>2026-05-29T23:43:02Z</time>
        <extensions><gpxtpx:TrackPointExtension>
          <gpxtpx:hr>176</gpxtpx:hr>
        </gpxtpx:TrackPointExtension></extensions>
      </trkpt>
      <trkpt lat="32.015229" lon="118.768752">
        <ele>34.4</ele>
        <time>2026-05-29T23:43:03Z</time>
        <extensions><gpxtpx:TrackPointExtension>
          <gpxtpx:hr>176</gpxtpx:hr>
        </gpxtpx:TrackPointExtension></extensions>
      </trkpt>
      <trkpt lat="32.015232" lon="118.768784">
        <ele>34.4</ele>
        <time>2026-05-29T23:43:04Z</time>
        <extensions><gpxtpx:TrackPointExtension>
          <gpxtpx:hr>176</gpxtpx:hr>
        </gpxtpx:TrackPointExtension></extensions>
      </trkpt>
      <trkpt lat="32.01524" lon="118.768828">
        <ele>34.6</ele>
        <time>2026-05-29T23:43:05Z</time>
        <extensions><gpxtpx:TrackPointExtension>
          <gpxtpx:hr>177</gpxtpx:hr>
        </gpxtpx:TrackPointExtension></extensions>
      </trkpt>
      <trkpt lat="32.015238" lon="118.768858">
        <ele>34.6</ele>
        <time>2026-05-29T23:43:06Z</time>
        <extensions><gpxtpx:TrackPointExtension>
          <gpxtpx:hr>174</gpxtpx:hr>
        </gpxtpx:TrackPointExtension></extensions>
      </trkpt>
      <trkpt lat="32.015248" lon="118.768902">
        <ele>34.6</ele>
        <time>2026-05-29T23:43:07Z</time>
        <extensions><gpxtpx:TrackPointExtension>
          <gpxtpx:hr>175</gpxtpx:hr>
        </gpxtpx:TrackPointExtension></extensions>
      </trkpt>
      <trkpt lat="32.015249" lon="118.768932">
        <ele>34.6</ele>
        <time>2026-05-29T23:43:08Z</time>
        <extensions><gpxtpx:TrackPointExtension>
          <gpxtpx:hr>175</gpxtpx:hr>
        </gpxtpx:TrackPointExtension></extensions>
      </trkpt>
      <trkpt lat="32.015265" lon="118.768971">
        <ele>34.6</ele>
        <time>2026-05-29T23:43:09Z</time>
        <extensions><gpxtpx:TrackPointExtension>
          <gpxtpx:hr>174</gpxtpx:hr>
        </gpxtpx:TrackPointExtension></extensions>
      </trkpt>
      <trkpt lat="32.015271" lon="118.769008">
        <ele>34.6</ele>
        <time>2026-05-29T23:43:10Z</time>
        <extensions><gpxtpx:TrackPointExtension>
          <gpxtpx:hr>175</gpxtpx:hr>
        </gpxtpx:TrackPointExtension></extensions>
      </trkpt>
      <trkpt lat="32.015281" lon="118.769043">
        <ele>34.6</ele>
        <time>2026-05-29T23:43:11Z</time>
        <extensions><gpxtpx:TrackPointExtension>
          <gpxtpx:hr>175</gpxtpx:hr>
        </gpxtpx:TrackPointExtension></extensions>
      </trkpt>
      <trkpt lat="32.01528" lon="118.769072">
        <ele>34.6</ele>
        <time>2026-05-29T23:43:12Z</time>
        <extensions><gpxtpx:TrackPointExtension>
          <gpxtpx:hr>175</gpxtpx:hr>
        </gpxtpx:TrackPointExtension></extensions>
      </trkpt>
      <trkpt lat="32.015286" lon="118.769113">
        <ele>34.4</ele>
        <time>2026-05-29T23:43:13Z</time>
        <extensions><gpxtpx:TrackPointExtension>
          <gpxtpx:hr>174</gpxtpx:hr>
        </gpxtpx:TrackPointExtension></extensions>
      </trkpt>
      <trkpt lat="32.015287" lon="118.769141">
        <ele>34.4</ele>
        <time>2026-05-29T23:43:14Z</time>
        <extensions><gpxtpx:TrackPointExtension>
          <gpxtpx:hr>174</gpxtpx:hr>
        </gpxtpx:TrackPointExtension></extensions>
      </trkpt>
      <trkpt lat="32.015301" lon="118.769182">
        <ele>34.4</ele>
        <time>2026-05-29T23:43:15Z</time>
        <extensions><gpxtpx:TrackPointExtension>
          <gpxtpx:hr>175</gpxtpx:hr>
        </gpxtpx:TrackPointExtension></extensions>
      </trkpt>
      <trkpt lat="32.015302" lon="118.769212">
        <ele>34.4</ele>
        <time>2026-05-29T23:43:16Z</time>
        <extensions><gpxtpx:TrackPointExtension>
          <gpxtpx:hr>175</gpxtpx:hr>
        </gpxtpx:TrackPointExtension></extensions>
      </trkpt>
      <trkpt lat="32.015313" lon="118.769253">
        <ele>34.4</ele>
        <time>2026-05-29T23:43:17Z</time>
        <extensions><gpxtpx:TrackPointExtension>
          <gpxtpx:hr>175</gpxtpx:hr>
        </gpxtpx:TrackPointExtension></extensions>
      </trkpt>
      <trkpt lat="32.015317" lon="118.769282">
        <ele>34.4</ele>
        <time>2026-05-29T23:43:18Z</time>
        <extensions><gpxtpx:TrackPointExtension>
          <gpxtpx:hr>174</gpxtpx:hr>
        </gpxtpx:TrackPointExtension></extensions>
      </trkpt>
      <trkpt lat="32.015326" lon="118.769323">
        <ele>34.4</ele>
        <time>2026-05-29T23:43:19Z</time>
        <extensions><gpxtpx:TrackPointExtension>
          <gpxtpx:hr>175</gpxtpx:hr>
        </gpxtpx:TrackPointExtension></extensions>
      </trkpt>
      <trkpt lat="32.015329" lon="118.769353">
        <ele>34.6</ele>
        <time>2026-05-29T23:43:20Z</time>
        <extensions><gpxtpx:TrackPointExtension>
          <gpxtpx:hr>174</gpxtpx:hr>
        </gpxtpx:TrackPointExtension></extensions>
      </trkpt>
      <trkpt lat="32.015333" lon="118.769396">
        <ele>34.6</ele>
        <time>2026-05-29T23:43:21Z</time>
        <extensions><gpxtpx:TrackPointExtension>
          <gpxtpx:hr>175</gpxtpx:hr>
        </gpxtpx:TrackPointExtension></extensions>
      </trkpt>
      <trkpt lat="32.015334" lon="118.769428">
        <ele>34.8</ele>
        <time>2026-05-29T23:43:22Z</time>
        <extensions><gpxtpx:TrackPointExtension>
          <gpxtpx:hr>174</gpxtpx:hr>
        </gpxtpx:TrackPointExtension></extensions>
      </trkpt>
      <trkpt lat="32.015342" lon="118.76947">
        <ele>34.8</ele>
        <time>2026-05-29T23:43:23Z</time>
        <extensions><gpxtpx:TrackPointExtension>
          <gpxtpx:hr>175</gpxtpx:hr>
        </gpxtpx:TrackPointExtension></extensions>
      </trkpt>
      <trkpt lat="32.015346" lon="118.769503">
        <ele>34.8</ele>
        <time>2026-05-29T23:43:24Z</time>
        <extensions><gpxtpx:TrackPointExtension>
          <gpxtpx:hr>174</gpxtpx:hr>
        </gpxtpx:TrackPointExtension></extensions>
      </trkpt>
      <trkpt lat="32.015353" lon="118.76954">
        <ele>35.0</ele>
        <time>2026-05-29T23:43:25Z</time>
        <extensions><gpxtpx:TrackPointExtension>
          <gpxtpx:hr>177</gpxtpx:hr>
        </gpxtpx:TrackPointExtension></extensions>
      </trkpt>
      <trkpt lat="32.015354" lon="118.769574">
        <ele>35.0</ele>
        <time>2026-05-29T23:43:26Z</time>
        <extensions><gpxtpx:TrackPointExtension>
          <gpxtpx:hr>177</gpxtpx:hr>
        </gpxtpx:TrackPointExtension></extensions>
      </trkpt>
      <trkpt lat="32.015362" lon="118.769617">
        <ele>35.0</ele>
        <time>2026-05-29T23:43:27Z</time>
        <extensions><gpxtpx:TrackPointExtension>
          <gpxtpx:hr>177</gpxtpx:hr>
        </gpxtpx:TrackPointExtension></extensions>
      </trkpt>
      <trkpt lat="32.015365" lon="118.769648">
        <ele>35.0</ele>
        <time>2026-05-29T23:43:28Z</time>
        <extensions><gpxtpx:TrackPointExtension>
          <gpxtpx:hr>175</gpxtpx:hr>
        </gpxtpx:TrackPointExtension></extensions>
      </trkpt>
      <trkpt lat="32.015376" lon="118.769692">
        <ele>34.8</ele>
        <time>2026-05-29T23:43:29Z</time>
        <extensions><gpxtpx:TrackPointExtension>
          <gpxtpx:hr>175</gpxtpx:hr>
        </gpxtpx:TrackPointExtension></extensions>
      </trkpt>
      <trkpt lat="32.015379" lon="118.769726">
        <ele>34.8</ele>
        <time>2026-05-29T23:43:30Z</time>
        <extensions><gpxtpx:TrackPointExtension>
          <gpxtpx:hr>177</gpxtpx:hr>
        </gpxtpx:TrackPointExtension></extensions>
      </trkpt>
      <trkpt lat="32.01539" lon="118.769768">
        <ele>34.8</ele>
        <time>2026-05-29T23:43:31Z</time>
        <extensions><gpxtpx:TrackPointExtension>
          <gpxtpx:hr>178</gpxtpx:hr>
        </gpxtpx:TrackPointExtension></extensions>
      </trkpt>
      <trkpt lat="32.015391" lon="118.769801">
        <ele>34.8</ele>
        <time>2026-05-29T23:43:32Z</time>
        <extensions><gpxtpx:TrackPointExtension>
          <gpxtpx:hr>176</gpxtpx:hr>
        </gpxtpx:TrackPointExtension></extensions>
      </trkpt>
      <trkpt lat="32.015402" lon="118.769841">
        <ele>34.8</ele>
        <time>2026-05-29T23:43:33Z</time>
        <extensions><gpxtpx:TrackPointExtension>
          <gpxtpx:hr>177</gpxtpx:hr>
        </gpxtpx:TrackPointExtension></extensions>
      </trkpt>
      <trkpt lat="32.015403" lon="118.769872">
        <ele>34.8</ele>
        <time>2026-05-29T23:43:34Z</time>
        <extensions><gpxtpx:TrackPointExtension>
          <gpxtpx:hr>176</gpxtpx:hr>
        </gpxtpx:TrackPointExtension></extensions>
      </trkpt>
      <trkpt lat="32.015409" lon="118.769914">
        <ele>34.8</ele>
        <time>2026-05-29T23:43:35Z</time>
        <extensions><gpxtpx:TrackPointExtension>
          <gpxtpx:hr>177</gpxtpx:hr>
        </gpxtpx:TrackPointExtension></extensions>
      </trkpt>
      <trkpt lat="32.015407" lon="118.769943">
        <ele>34.8</ele>
        <time>2026-05-29T23:43:36Z</time>
        <extensions><gpxtpx:TrackPointExtension>
          <gpxtpx:hr>177</gpxtpx:hr>
        </gpxtpx:TrackPointExtension></extensions>
      </trkpt>
      <trkpt lat="32.015417" lon="118.769983">
        <ele>34.8</ele>
        <time>2026-05-29T23:43:37Z</time>
        <extensions><gpxtpx:TrackPointExtension>
          <gpxtpx:hr>177</gpxtpx:hr>
        </gpxtpx:TrackPointExtension></extensions>
      </trkpt>
      <trkpt lat="32.015416" lon="118.770014">
        <ele>34.8</ele>
        <time>2026-05-29T23:43:38Z</time>
        <extensions><gpxtpx:TrackPointExtension>
          <gpxtpx:hr>178</gpxtpx:hr>
        </gpxtpx:TrackPointExtension></extensions>
      </trkpt>
      <trkpt lat="32.015421" lon="118.770055">
        <ele>34.6</ele>
        <time>2026-05-29T23:43:39Z</time>
        <extensions><gpxtpx:TrackPointExtension>
          <gpxtpx:hr>177</gpxtpx:hr>
        </gpxtpx:TrackPointExtension></extensions>
      </trkpt>
      <trkpt lat="32.015419" lon="118.770083">
        <ele>34.8</ele>
        <time>2026-05-29T23:43:40Z</time>
        <extensions><gpxtpx:TrackPointExtension>
          <gpxtpx:hr>175</gpxtpx:hr>
        </gpxtpx:TrackPointExtension></extensions>
      </trkpt>
      <trkpt lat="32.015427" lon="118.770125">
        <ele>34.8</ele>
        <time>2026-05-29T23:43:41Z</time>
        <extensions><gpxtpx:TrackPointExtension>
          <gpxtpx:hr>177</gpxtpx:hr>
        </gpxtpx:TrackPointExtension></extensions>
      </trkpt>
      <trkpt lat="32.015426" lon="118.770158">
        <ele>34.8</ele>
        <time>2026-05-29T23:43:42Z</time>
        <extensions><gpxtpx:TrackPointExtension>
          <gpxtpx:hr>178</gpxtpx:hr>
        </gpxtpx:TrackPointExtension></extensions>
      </trkpt>
      <trkpt lat="32.015433" lon="118.770199">
        <ele>34.8</ele>
        <time>2026-05-29T23:43:43Z</time>
        <extensions><gpxtpx:TrackPointExtension>
          <gpxtpx:hr>178</gpxtpx:hr>
        </gpxtpx:TrackPointExtension></extensions>
      </trkpt>
      <trkpt lat="32.015432" lon="118.770226">
        <ele>34.8</ele>
        <time>2026-05-29T23:43:44Z</time>
        <extensions><gpxtpx:TrackPointExtension>
          <gpxtpx:hr>180</gpxtpx:hr>
        </gpxtpx:TrackPointExtension></extensions>
      </trkpt>
      <trkpt lat="32.015438" lon="118.770268">
        <ele>34.8</ele>
        <time>2026-05-29T23:43:45Z</time>
        <extensions><gpxtpx:TrackPointExtension>
          <gpxtpx:hr>178</gpxtpx:hr>
        </gpxtpx:TrackPointExtension></extensions>
      </trkpt>
      <trkpt lat="32.015434" lon="118.770298">
        <ele>34.8</ele>
        <time>2026-05-29T23:43:46Z</time>
        <extensions><gpxtpx:TrackPointExtension>
          <gpxtpx:hr>178</gpxtpx:hr>
        </gpxtpx:TrackPointExtension></extensions>
      </trkpt>
      <trkpt lat="32.01544" lon="118.770339">
        <ele>34.8</ele>
        <time>2026-05-29T23:43:47Z</time>
        <extensions><gpxtpx:TrackPointExtension>
          <gpxtpx:hr>178</gpxtpx:hr>
        </gpxtpx:TrackPointExtension></extensions>
      </trkpt>
      <trkpt lat="32.015438" lon="118.770367">
        <ele>34.8</ele>
        <time>2026-05-29T23:43:48Z</time>
        <extensions><gpxtpx:TrackPointExtension>
          <gpxtpx:hr>179</gpxtpx:hr>
        </gpxtpx:TrackPointExtension></extensions>
      </trkpt>
      <trkpt lat="32.015448" lon="118.770409">
        <ele>34.8</ele>
        <time>2026-05-29T23:43:49Z</time>
        <extensions><gpxtpx:TrackPointExtension>
          <gpxtpx:hr>178</gpxtpx:hr>
        </gpxtpx:TrackPointExtension></extensions>
      </trkpt>
      <trkpt lat="32.015451" lon="118.770441">
        <ele>34.6</ele>
        <time>2026-05-29T23:43:50Z</time>
        <extensions><gpxtpx:TrackPointExtension>
          <gpxtpx:hr>178</gpxtpx:hr>
        </gpxtpx:TrackPointExtension></extensions>
      </trkpt>
      <trkpt lat="32.015461" lon="118.770485">
        <ele>34.6</ele>
        <time>2026-05-29T23:43:51Z</time>
        <extensions><gpxtpx:TrackPointExtension>
          <gpxtpx:hr>178</gpxtpx:hr>
        </gpxtpx:TrackPointExtension></extensions>
      </trkpt>
      <trkpt lat="32.015463" lon="118.770514">
        <ele>34.6</ele>
        <time>2026-05-29T23:43:52Z</time>
        <extensions><gpxtpx:TrackPointExtension>
          <gpxtpx:hr>177</gpxtpx:hr>
        </gpxtpx:TrackPointExtension></extensions>
      </trkpt>
      <trkpt lat="32.015468" lon="118.770558">
        <ele>34.6</ele>
        <time>2026-05-29T23:43:53Z</time>
        <extensions><gpxtpx:TrackPointExtension>
          <gpxtpx:hr>176</gpxtpx:hr>
        </gpxtpx:TrackPointExtension></extensions>
      </trkpt>
      <trkpt lat="32.015468" lon="118.770595">
        <ele>34.6</ele>
        <time>2026-05-29T23:43:54Z</time>
        <extensions><gpxtpx:TrackPointExtension>
          <gpxtpx:hr>177</gpxtpx:hr>
        </gpxtpx:TrackPointExtension></extensions>
      </trkpt>
      <trkpt lat="32.015475" lon="118.770632">
        <ele>34.8</ele>
        <time>2026-05-29T23:43:55Z</time>
        <extensions><gpxtpx:TrackPointExtension>
          <gpxtpx:hr>177</gpxtpx:hr>
        </gpxtpx:TrackPointExtension></extensions>
      </trkpt>
      <trkpt lat="32.015486" lon="118.770666">
        <ele>35.0</ele>
        <time>2026-05-29T23:43:56Z</time>
        <extensions><gpxtpx:TrackPointExtension>
          <gpxtpx:hr>177</gpxtpx:hr>
        </gpxtpx:TrackPointExtension></extensions>
      </trkpt>
      <trkpt lat="32.015493" lon="118.770696">
        <ele>35.0</ele>
        <time>2026-05-29T23:43:57Z</time>
        <extensions><gpxtpx:TrackPointExtension>
          <gpxtpx:hr>177</gpxtpx:hr>
        </gpxtpx:TrackPointExtension></extensions>
      </trkpt>
      <trkpt lat="32.015498" lon="118.770737">
        <ele>34.8</ele>
        <time>2026-05-29T23:43:58Z</time>
        <extensions><gpxtpx:TrackPointExtension>
          <gpxtpx:hr>176</gpxtpx:hr>
        </gpxtpx:TrackPointExtension></extensions>
      </trkpt>
      <trkpt lat="32.015499" lon="118.77077">
        <ele>34.8</ele>
        <time>2026-05-29T23:43:59Z</time>
        <extensions><gpxtpx:TrackPointExtension>
          <gpxtpx:hr>176</gpxtpx:hr>
        </gpxtpx:TrackPointExtension></extensions>
      </trkpt>
      <trkpt lat="32.015507" lon="118.770812">
        <ele>34.6</ele>
        <time>2026-05-29T23:44:00Z</time>
        <extensions><gpxtpx:TrackPointExtension>
          <gpxtpx:hr>177</gpxtpx:hr>
        </gpxtpx:TrackPointExtension></extensions>
      </trkpt>
      <trkpt lat="32.015515" lon="118.770844">
        <ele>34.4</ele>
        <time>2026-05-29T23:44:01Z</time>
        <extensions><gpxtpx:TrackPointExtension>
          <gpxtpx:hr>177</gpxtpx:hr>
        </gpxtpx:TrackPointExtension></extensions>
      </trkpt>
      <trkpt lat="32.015526" lon="118.770885">
        <ele>34.4</ele>
        <time>2026-05-29T23:44:02Z</time>
        <extensions><gpxtpx:TrackPointExtension>
          <gpxtpx:hr>178</gpxtpx:hr>
        </gpxtpx:TrackPointExtension></extensions>
      </trkpt>
      <trkpt lat="32.015528" lon="118.770919">
        <ele>34.6</ele>
        <time>2026-05-29T23:44:03Z</time>
        <extensions><gpxtpx:TrackPointExtension>
          <gpxtpx:hr>178</gpxtpx:hr>
        </gpxtpx:TrackPointExtension></extensions>
      </trkpt>
      <trkpt lat="32.015535" lon="118.770964">
        <ele>34.6</ele>
        <time>2026-05-29T23:44:04Z</time>
        <extensions><gpxtpx:TrackPointExtension>
          <gpxtpx:hr>177</gpxtpx:hr>
        </gpxtpx:TrackPointExtension></extensions>
      </trkpt>
      <trkpt lat="32.015539" lon="118.770999">
        <ele>34.4</ele>
        <time>2026-05-29T23:44:05Z</time>
        <extensions><gpxtpx:TrackPointExtension>
          <gpxtpx:hr>179</gpxtpx:hr>
        </gpxtpx:TrackPointExtension></extensions>
      </trkpt>
      <trkpt lat="32.015542" lon="118.771035">
        <ele>34.4</ele>
        <time>2026-05-29T23:44:06Z</time>
        <extensions><gpxtpx:TrackPointExtension>
          <gpxtpx:hr>178</gpxtpx:hr>
        </gpxtpx:TrackPointExtension></extensions>
      </trkpt>
      <trkpt lat="32.015548" lon="118.771075">
        <ele>34.2</ele>
        <time>2026-05-29T23:44:07Z</time>
        <extensions><gpxtpx:TrackPointExtension>
          <gpxtpx:hr>179</gpxtpx:hr>
        </gpxtpx:TrackPointExtension></extensions>
      </trkpt>
      <trkpt lat="32.015551" lon="118.771107">
        <ele>34.2</ele>
        <time>2026-05-29T23:44:08Z</time>
        <extensions><gpxtpx:TrackPointExtension>
          <gpxtpx:hr>178</gpxtpx:hr>
        </gpxtpx:TrackPointExtension></extensions>
      </trkpt>
      <trkpt lat="32.015561" lon="118.771148">
        <ele>34.2</ele>
        <time>2026-05-29T23:44:09Z</time>
        <extensions><gpxtpx:TrackPointExtension>
          <gpxtpx:hr>180</gpxtpx:hr>
        </gpxtpx:TrackPointExtension></extensions>
      </trkpt>
      <trkpt lat="32.015565" lon="118.77118">
        <ele>34.2</ele>
        <time>2026-05-29T23:44:10Z</time>
        <extensions><gpxtpx:TrackPointExtension>
          <gpxtpx:hr>180</gpxtpx:hr>
        </gpxtpx:TrackPointExtension></extensions>
      </trkpt>
      <trkpt lat="32.015575" lon="118.771226">
        <ele>34.2</ele>
        <time>2026-05-29T23:44:11Z</time>
        <extensions><gpxtpx:TrackPointExtension>
          <gpxtpx:hr>179</gpxtpx:hr>
        </gpxtpx:TrackPointExtension></extensions>
      </trkpt>
      <trkpt lat="32.015577" lon="118.771256">
        <ele>34.2</ele>
        <time>2026-05-29T23:44:12Z</time>
        <extensions><gpxtpx:TrackPointExtension>
          <gpxtpx:hr>178</gpxtpx:hr>
        </gpxtpx:TrackPointExtension></extensions>
      </trkpt>
      <trkpt lat="32.015585" lon="118.771295">
        <ele>34.2</ele>
        <time>2026-05-29T23:44:13Z</time>
        <extensions><gpxtpx:TrackPointExtension>
          <gpxtpx:hr>178</gpxtpx:hr>
        </gpxtpx:TrackPointExtension></extensions>
      </trkpt>
      <trkpt lat="32.015583" lon="118.771324">
        <ele>34.0</ele>
        <time>2026-05-29T23:44:14Z</time>
        <extensions><gpxtpx:TrackPointExtension>
          <gpxtpx:hr>177</gpxtpx:hr>
        </gpxtpx:TrackPointExtension></extensions>
      </trkpt>
      <trkpt lat="32.015585" lon="118.77136">
        <ele>34.0</ele>
        <time>2026-05-29T23:44:15Z</time>
        <extensions><gpxtpx:TrackPointExtension>
          <gpxtpx:hr>177</gpxtpx:hr>
        </gpxtpx:TrackPointExtension></extensions>
      </trkpt>
      <trkpt lat="32.015583" lon="118.771393">
        <ele>34.0</ele>
        <time>2026-05-29T23:44:16Z</time>
        <extensions><gpxtpx:TrackPointExtension>
          <gpxtpx:hr>177</gpxtpx:hr>
        </gpxtpx:TrackPointExtension></extensions>
      </trkpt>
      <trkpt lat="32.015582" lon="118.771427">
        <ele>34.0</ele>
        <time>2026-05-29T23:44:17Z</time>
        <extensions><gpxtpx:TrackPointExtension>
          <gpxtpx:hr>176</gpxtpx:hr>
        </gpxtpx:TrackPointExtension></extensions>
      </trkpt>
      <trkpt lat="32.015583" lon="118.771466">
        <ele>34.0</ele>
        <time>2026-05-29T23:44:18Z</time>
        <extensions><gpxtpx:TrackPointExtension>
          <gpxtpx:hr>175</gpxtpx:hr>
        </gpxtpx:TrackPointExtension></extensions>
      </trkpt>
      <trkpt lat="32.015581" lon="118.771497">
        <ele>34.0</ele>
        <time>2026-05-29T23:44:19Z</time>
        <extensions><gpxtpx:TrackPointExtension>
          <gpxtpx:hr>176</gpxtpx:hr>
        </gpxtpx:TrackPointExtension></extensions>
      </trkpt>
      <trkpt lat="32.015584" lon="118.771537">
        <ele>34.0</ele>
        <time>2026-05-29T23:44:20Z</time>
        <extensions><gpxtpx:TrackPointExtension>
          <gpxtpx:hr>175</gpxtpx:hr>
        </gpxtpx:TrackPointExtension></extensions>
      </trkpt>
      <trkpt lat="32.01558" lon="118.771566">
        <ele>34.0</ele>
        <time>2026-05-29T23:44:21Z</time>
        <extensions><gpxtpx:TrackPointExtension>
          <gpxtpx:hr>176</gpxtpx:hr>
        </gpxtpx:TrackPointExtension></extensions>
      </trkpt>
      <trkpt lat="32.015582" lon="118.7716">
        <ele>34.2</ele>
        <time>2026-05-29T23:44:22Z</time>
        <extensions><gpxtpx:TrackPointExtension>
          <gpxtpx:hr>176</gpxtpx:hr>
        </gpxtpx:TrackPointExtension></extensions>
      </trkpt>
      <trkpt lat="32.015579" lon="118.771632">
        <ele>34.2</ele>
        <time>2026-05-29T23:44:23Z</time>
        <extensions><gpxtpx:TrackPointExtension>
          <gpxtpx:hr>175</gpxtpx:hr>
        </gpxtpx:TrackPointExtension></extensions>
      </trkpt>
      <trkpt lat="32.015581" lon="118.771671">
        <ele>34.4</ele>
        <time>2026-05-29T23:44:24Z</time>
        <extensions><gpxtpx:TrackPointExtension>
          <gpxtpx:hr>176</gpxtpx:hr>
        </gpxtpx:TrackPointExtension></extensions>
      </trkpt>
      <trkpt lat="32.01558" lon="118.771701">
        <ele>34.4</ele>
        <time>2026-05-29T23:44:25Z</time>
        <extensions><gpxtpx:TrackPointExtension>
          <gpxtpx:hr>176</gpxtpx:hr>
        </gpxtpx:TrackPointExtension></extensions>
      </trkpt>
      <trkpt lat="32.015581" lon="118.771742">
        <ele>34.4</ele>
        <time>2026-05-29T23:44:26Z</time>
        <extensions><gpxtpx:TrackPointExtension>
          <gpxtpx:hr>176</gpxtpx:hr>
        </gpxtpx:TrackPointExtension></extensions>
      </trkpt>
      <trkpt lat="32.01558" lon="118.771766">
        <ele>34.4</ele>
        <time>2026-05-29T23:44:27Z</time>
        <extensions><gpxtpx:TrackPointExtension>
          <gpxtpx:hr>175</gpxtpx:hr>
        </gpxtpx:TrackPointExtension></extensions>
      </trkpt>
      <trkpt lat="32.01558" lon="118.771804">
        <ele>34.6</ele>
        <time>2026-05-29T23:44:28Z</time>
        <extensions><gpxtpx:TrackPointExtension>
          <gpxtpx:hr>175</gpxtpx:hr>
        </gpxtpx:TrackPointExtension></extensions>
      </trkpt>
      <trkpt lat="32.015578" lon="118.771828">
        <ele>34.6</ele>
        <time>2026-05-29T23:44:29Z</time>
        <extensions><gpxtpx:TrackPointExtension>
          <gpxtpx:hr>175</gpxtpx:hr>
        </gpxtpx:TrackPointExtension></extensions>
      </trkpt>
      <trkpt lat="32.015578" lon="118.771866">
        <ele>35.0</ele>
        <time>2026-05-29T23:44:30Z</time>
        <extensions><gpxtpx:TrackPointExtension>
          <gpxtpx:hr>176</gpxtpx:hr>
        </gpxtpx:TrackPointExtension></extensions>
      </trkpt>
      <trkpt lat="32.015573" lon="118.77189">
        <ele>35.4</ele>
        <time>2026-05-29T23:44:31Z</time>
        <extensions><gpxtpx:TrackPointExtension>
          <gpxtpx:hr>176</gpxtpx:hr>
        </gpxtpx:TrackPointExtension></extensions>
      </trkpt>
      <trkpt lat="32.015571" lon="118.771923">
        <ele>35.8</ele>
        <time>2026-05-29T23:44:32Z</time>
        <extensions><gpxtpx:TrackPointExtension>
          <gpxtpx:hr>176</gpxtpx:hr>
        </gpxtpx:TrackPointExtension></extensions>
      </trkpt>
      <trkpt lat="32.015572" lon="118.771957">
        <ele>36.2</ele>
        <time>2026-05-29T23:44:33Z</time>
        <extensions><gpxtpx:TrackPointExtension>
          <gpxtpx:hr>175</gpxtpx:hr>
        </gpxtpx:TrackPointExtension></extensions>
      </trkpt>
      <trkpt lat="32.015565" lon="118.771984">
        <ele>36.6</ele>
        <time>2026-05-29T23:44:34Z</time>
        <extensions><gpxtpx:TrackPointExtension>
          <gpxtpx:hr>176</gpxtpx:hr>
        </gpxtpx:TrackPointExtension></extensions>
      </trkpt>
      <trkpt lat="32.015568" lon="118.772014">
        <ele>37.0</ele>
        <time>2026-05-29T23:44:35Z</time>
        <extensions><gpxtpx:TrackPointExtension>
          <gpxtpx:hr>177</gpxtpx:hr>
        </gpxtpx:TrackPointExtension></extensions>
      </trkpt>
      <trkpt lat="32.015559" lon="118.77204">
        <ele>37.4</ele>
        <time>2026-05-29T23:44:36Z</time>
        <extensions><gpxtpx:TrackPointExtension>
          <gpxtpx:hr>176</gpxtpx:hr>
        </gpxtpx:TrackPointExtension></extensions>
      </trkpt>
      <trkpt lat="32.015553" lon="118.772078">
        <ele>37.4</ele>
        <time>2026-05-29T23:44:37Z</time>
        <extensions><gpxtpx:TrackPointExtension>
          <gpxtpx:hr>176</gpxtpx:hr>
        </gpxtpx:TrackPointExtension></extensions>
      </trkpt>
      <trkpt lat="32.01554" lon="118.772105">
        <ele>37.6</ele>
        <time>2026-05-29T23:44:38Z</time>
        <extensions><gpxtpx:TrackPointExtension>
          <gpxtpx:hr>176</gpxtpx:hr>
        </gpxtpx:TrackPointExtension></extensions>
      </trkpt>
      <trkpt lat="32.015528" lon="118.772142">
        <ele>37.6</ele>
        <time>2026-05-29T23:44:39Z</time>
        <extensions><gpxtpx:TrackPointExtension>
          <gpxtpx:hr>177</gpxtpx:hr>
        </gpxtpx:TrackPointExtension></extensions>
      </trkpt>
      <trkpt lat="32.015515" lon="118.772172">
        <ele>37.6</ele>
        <time>2026-05-29T23:44:40Z</time>
        <extensions><gpxtpx:TrackPointExtension>
          <gpxtpx:hr>177</gpxtpx:hr>
        </gpxtpx:TrackPointExtension></extensions>
      </trkpt>
      <trkpt lat="32.015505" lon="118.772203">
        <ele>37.6</ele>
        <time>2026-05-29T23:44:41Z</time>
        <extensions><gpxtpx:TrackPointExtension>
          <gpxtpx:hr>178</gpxtpx:hr>
        </gpxtpx:TrackPointExtension></extensions>
      </trkpt>
      <trkpt lat="32.015499" lon="118.772239">
        <ele>37.8</ele>
        <time>2026-05-29T23:44:42Z</time>
        <extensions><gpxtpx:TrackPointExtension>
          <gpxtpx:hr>177</gpxtpx:hr>
        </gpxtpx:TrackPointExtension></extensions>
      </trkpt>
      <trkpt lat="32.015492" lon="118.772264">
        <ele>37.8</ele>
        <time>2026-05-29T23:44:43Z</time>
        <extensions><gpxtpx:TrackPointExtension>
          <gpxtpx:hr>178</gpxtpx:hr>
        </gpxtpx:TrackPointExtension></extensions>
      </trkpt>
      <trkpt lat="32.015484" lon="118.772302">
        <ele>37.8</ele>
        <time>2026-05-29T23:44:44Z</time>
        <extensions><gpxtpx:TrackPointExtension>
          <gpxtpx:hr>178</gpxtpx:hr>
        </gpxtpx:TrackPointExtension></extensions>
      </trkpt>
      <trkpt lat="32.015475" lon="118.772331">
        <ele>37.8</ele>
        <time>2026-05-29T23:44:45Z</time>
        <extensions><gpxtpx:TrackPointExtension>
          <gpxtpx:hr>177</gpxtpx:hr>
        </gpxtpx:TrackPointExtension></extensions>
      </trkpt>
      <trkpt lat="32.015468" lon="118.772372">
        <ele>37.8</ele>
        <time>2026-05-29T23:44:46Z</time>
        <extensions><gpxtpx:TrackPointExtension>
          <gpxtpx:hr>177</gpxtpx:hr>
        </gpxtpx:TrackPointExtension></extensions>
      </trkpt>
      <trkpt lat="32.015463" lon="118.772397">
        <ele>37.8</ele>
        <time>2026-05-29T23:44:47Z</time>
        <extensions><gpxtpx:TrackPointExtension>
          <gpxtpx:hr>178</gpxtpx:hr>
        </gpxtpx:TrackPointExtension></extensions>
      </trkpt>
      <trkpt lat="32.015456" lon="118.772439">
        <ele>37.8</ele>
        <time>2026-05-29T23:44:48Z</time>
        <extensions><gpxtpx:TrackPointExtension>
          <gpxtpx:hr>178</gpxtpx:hr>
        </gpxtpx:TrackPointExtension></extensions>
      </trkpt>
      <trkpt lat="32.015448" lon="118.772467">
        <ele>37.8</ele>
        <time>2026-05-29T23:44:49Z</time>
        <extensions><gpxtpx:TrackPointExtension>
          <gpxtpx:hr>178</gpxtpx:hr>
        </gpxtpx:TrackPointExtension></extensions>
      </trkpt>
      <trkpt lat="32.015441" lon="118.772509">
        <ele>37.8</ele>
        <time>2026-05-29T23:44:50Z</time>
        <extensions><gpxtpx:TrackPointExtension>
          <gpxtpx:hr>179</gpxtpx:hr>
        </gpxtpx:TrackPointExtension></extensions>
      </trkpt>
      <trkpt lat="32.01543" lon="118.772539">
        <ele>38.0</ele>
        <time>2026-05-29T23:44:51Z</time>
        <extensions><gpxtpx:TrackPointExtension>
          <gpxtpx:hr>178</gpxtpx:hr>
        </gpxtpx:TrackPointExtension></extensions>
      </trkpt>
      <trkpt lat="32.015422" lon="118.772566">
        <ele>38.0</ele>
        <time>2026-05-29T23:44:52Z</time>
        <extensions><gpxtpx:TrackPointExtension>
          <gpxtpx:hr>179</gpxtpx:hr>
        </gpxtpx:TrackPointExtension></extensions>
      </trkpt>
      <trkpt lat="32.015421" lon="118.772603">
        <ele>38.0</ele>
        <time>2026-05-29T23:44:53Z</time>
        <extensions><gpxtpx:TrackPointExtension>
          <gpxtpx:hr>179</gpxtpx:hr>
        </gpxtpx:TrackPointExtension></extensions>
      </trkpt>
      <trkpt lat="32.015415" lon="118.772631">
        <ele>38.0</ele>
        <time>2026-05-29T23:44:54Z</time>
        <extensions><gpxtpx:TrackPointExtension>
          <gpxtpx:hr>179</gpxtpx:hr>
        </gpxtpx:TrackPointExtension></extensions>
      </trkpt>
      <trkpt lat="32.015407" lon="118.772674">
        <ele>38.0</ele>
        <time>2026-05-29T23:44:55Z</time>
        <extensions><gpxtpx:TrackPointExtension>
          <gpxtpx:hr>181</gpxtpx:hr>
        </gpxtpx:TrackPointExtension></extensions>
      </trkpt>
      <trkpt lat="32.015394" lon="118.772699">
        <ele>37.8</ele>
        <time>2026-05-29T23:44:56Z</time>
        <extensions><gpxtpx:TrackPointExtension>
          <gpxtpx:hr>180</gpxtpx:hr>
        </gpxtpx:TrackPointExtension></extensions>
      </trkpt>
      <trkpt lat="32.015374" lon="118.772737">
        <ele>37.6</ele>
        <time>2026-05-29T23:44:57Z</time>
        <extensions><gpxtpx:TrackPointExtension>
          <gpxtpx:hr>181</gpxtpx:hr>
        </gpxtpx:TrackPointExtension></extensions>
      </trkpt>
      <trkpt lat="32.015355" lon="118.772772">
        <ele>37.4</ele>
        <time>2026-05-29T23:44:58Z</time>
        <extensions><gpxtpx:TrackPointExtension>
          <gpxtpx:hr>181</gpxtpx:hr>
        </gpxtpx:TrackPointExtension></extensions>
      </trkpt>
      <trkpt lat="32.015331" lon="118.772806">
        <ele>37.2</ele>
        <time>2026-05-29T23:44:59Z</time>
        <extensions><gpxtpx:TrackPointExtension>
          <gpxtpx:hr>183</gpxtpx:hr>
        </gpxtpx:TrackPointExtension></extensions>
      </trkpt>
      <trkpt lat="32.015298" lon="118.772857">
        <ele>36.6</ele>
        <time>2026-05-29T23:45:00Z</time>
        <extensions><gpxtpx:TrackPointExtension>
          <gpxtpx:hr>181</gpxtpx:hr>
        </gpxtpx:TrackPointExtension></extensions>
      </trkpt>
      <trkpt lat="32.015265" lon="118.772899">
        <ele>35.8</ele>
        <time>2026-05-29T23:45:01Z</time>
        <extensions><gpxtpx:TrackPointExtension>
          <gpxtpx:hr>182</gpxtpx:hr>
        </gpxtpx:TrackPointExtension></extensions>
      </trkpt>
      <trkpt lat="32.01523" lon="118.772953">
        <ele>35.0</ele>
        <time>2026-05-29T23:45:02Z</time>
        <extensions><gpxtpx:TrackPointExtension>
          <gpxtpx:hr>180</gpxtpx:hr>
        </gpxtpx:TrackPointExtension></extensions>
      </trkpt>
      <trkpt lat="32.015201" lon="118.773">
        <ele>34.4</ele>
        <time>2026-05-29T23:45:03Z</time>
        <extensions><gpxtpx:TrackPointExtension>
          <gpxtpx:hr>180</gpxtpx:hr>
        </gpxtpx:TrackPointExtension></extensions>
      </trkpt>
      <trkpt lat="32.015179" lon="118.773058">
        <ele>33.8</ele>
        <time>2026-05-29T23:45:04Z</time>
        <extensions><gpxtpx:TrackPointExtension>
          <gpxtpx:hr>180</gpxtpx:hr>
        </gpxtpx:TrackPointExtension></extensions>
      </trkpt>
      <trkpt lat="32.015162" lon="118.773095">
        <ele>33.8</ele>
        <time>2026-05-29T23:45:05Z</time>
        <extensions><gpxtpx:TrackPointExtension>
          <gpxtpx:hr>180</gpxtpx:hr>
        </gpxtpx:TrackPointExtension></extensions>
      </trkpt>
      <trkpt lat="32.015147" lon="118.773146">
        <ele>34.0</ele>
        <time>2026-05-29T23:45:06Z</time>
        <extensions><gpxtpx:TrackPointExtension>
          <gpxtpx:hr>181</gpxtpx:hr>
        </gpxtpx:TrackPointExtension></extensions>
      </trkpt>
      <trkpt lat="32.015134" lon="118.773184">
        <ele>34.2</ele>
        <time>2026-05-29T23:45:07Z</time>
        <extensions><gpxtpx:TrackPointExtension>
          <gpxtpx:hr>180</gpxtpx:hr>
        </gpxtpx:TrackPointExtension></extensions>
      </trkpt>
      <trkpt lat="32.015121" lon="118.77323">
        <ele>34.2</ele>
        <time>2026-05-29T23:45:08Z</time>
        <extensions><gpxtpx:TrackPointExtension>
          <gpxtpx:hr>182</gpxtpx:hr>
        </gpxtpx:TrackPointExtension></extensions>
      </trkpt>
      <trkpt lat="32.015107" lon="118.773262">
        <ele>34.2</ele>
        <time>2026-05-29T23:45:09Z</time>
        <extensions><gpxtpx:TrackPointExtension>
          <gpxtpx:hr>182</gpxtpx:hr>
        </gpxtpx:TrackPointExtension></extensions>
      </trkpt>
      <trkpt lat="32.015096" lon="118.773311">
        <ele>34.2</ele>
        <time>2026-05-29T23:45:10Z</time>
        <extensions><gpxtpx:TrackPointExtension>
          <gpxtpx:hr>182</gpxtpx:hr>
        </gpxtpx:TrackPointExtension></extensions>
      </trkpt>
      <trkpt lat="32.015084" lon="118.773344">
        <ele>34.0</ele>
        <time>2026-05-29T23:45:11Z</time>
        <extensions><gpxtpx:TrackPointExtension>
          <gpxtpx:hr>184</gpxtpx:hr>
        </gpxtpx:TrackPointExtension></extensions>
      </trkpt>
      <trkpt lat="32.015072" lon="118.773399">
        <ele>34.2</ele>
        <time>2026-05-29T23:45:12Z</time>
        <extensions><gpxtpx:TrackPointExtension>
          <gpxtpx:hr>183</gpxtpx:hr>
        </gpxtpx:TrackPointExtension></extensions>
      </trkpt>
      <trkpt lat="32.015056" lon="118.77343">
        <ele>34.2</ele>
        <time>2026-05-29T23:45:13Z</time>
        <extensions><gpxtpx:TrackPointExtension>
          <gpxtpx:hr>183</gpxtpx:hr>
        </gpxtpx:TrackPointExtension></extensions>
      </trkpt>
      <trkpt lat="32.015041" lon="118.773477">
        <ele>34.2</ele>
        <time>2026-05-29T23:45:14Z</time>
        <extensions><gpxtpx:TrackPointExtension>
          <gpxtpx:hr>182</gpxtpx:hr>
        </gpxtpx:TrackPointExtension></extensions>
      </trkpt>
      <trkpt lat="32.015027" lon="118.773509">
        <ele>34.2</ele>
        <time>2026-05-29T23:45:15Z</time>
        <extensions><gpxtpx:TrackPointExtension>
          <gpxtpx:hr>183</gpxtpx:hr>
        </gpxtpx:TrackPointExtension></extensions>
      </trkpt>
      <trkpt lat="32.015011" lon="118.773553">
        <ele>34.2</ele>
        <time>2026-05-29T23:45:16Z</time>
        <extensions><gpxtpx:TrackPointExtension>
          <gpxtpx:hr>183</gpxtpx:hr>
        </gpxtpx:TrackPointExtension></extensions>
      </trkpt>
      <trkpt lat="32.014995" lon="118.773589">
        <ele>34.2</ele>
        <time>2026-05-29T23:45:17Z</time>
        <extensions><gpxtpx:TrackPointExtension>
          <gpxtpx:hr>183</gpxtpx:hr>
        </gpxtpx:TrackPointExtension></extensions>
      </trkpt>
      <trkpt lat="32.014984" lon="118.773625">
        <ele>34.2</ele>
        <time>2026-05-29T23:45:18Z</time>
        <extensions><gpxtpx:TrackPointExtension>
          <gpxtpx:hr>184</gpxtpx:hr>
        </gpxtpx:TrackPointExtension></extensions>
      </trkpt>
      <trkpt lat="32.014973" lon="118.77367">
        <ele>34.2</ele>
        <time>2026-05-29T23:45:19Z</time>
        <extensions><gpxtpx:TrackPointExtension>
          <gpxtpx:hr>184</gpxtpx:hr>
        </gpxtpx:TrackPointExtension></extensions>
      </trkpt>
      <trkpt lat="32.014962" lon="118.773702">
        <ele>34.2</ele>
        <time>2026-05-29T23:45:20Z</time>
        <extensions><gpxtpx:TrackPointExtension>
          <gpxtpx:hr>182</gpxtpx:hr>
        </gpxtpx:TrackPointExtension></extensions>
      </trkpt>
      <trkpt lat="32.014948" lon="118.77375">
        <ele>34.2</ele>
        <time>2026-05-29T23:45:21Z</time>
        <extensions><gpxtpx:TrackPointExtension>
          <gpxtpx:hr>182</gpxtpx:hr>
        </gpxtpx:TrackPointExtension></extensions>
      </trkpt>
      <trkpt lat="32.014934" lon="118.773779">
        <ele>34.2</ele>
        <time>2026-05-29T23:45:22Z</time>
        <extensions><gpxtpx:TrackPointExtension>
          <gpxtpx:hr>183</gpxtpx:hr>
        </gpxtpx:TrackPointExtension></extensions>
      </trkpt>
      <trkpt lat="32.01492" lon="118.773826">
        <ele>34.2</ele>
        <time>2026-05-29T23:45:23Z</time>
        <extensions><gpxtpx:TrackPointExtension>
          <gpxtpx:hr>184</gpxtpx:hr>
        </gpxtpx:TrackPointExtension></extensions>
      </trkpt>
      <trkpt lat="32.014906" lon="118.773855">
        <ele>34.4</ele>
        <time>2026-05-29T23:45:24Z</time>
        <extensions><gpxtpx:TrackPointExtension>
          <gpxtpx:hr>183</gpxtpx:hr>
        </gpxtpx:TrackPointExtension></extensions>
      </trkpt>
      <trkpt lat="32.014891" lon="118.773897">
        <ele>34.4</ele>
        <time>2026-05-29T23:45:25Z</time>
        <extensions><gpxtpx:TrackPointExtension>
          <gpxtpx:hr>183</gpxtpx:hr>
        </gpxtpx:TrackPointExtension></extensions>
      </trkpt>
      <trkpt lat="32.014876" lon="118.773927">
        <ele>34.4</ele>
        <time>2026-05-29T23:45:26Z</time>
        <extensions><gpxtpx:TrackPointExtension>
          <gpxtpx:hr>185</gpxtpx:hr>
        </gpxtpx:TrackPointExtension></extensions>
      </trkpt>
      <trkpt lat="32.014863" lon="118.773957">
        <ele>34.4</ele>
        <time>2026-05-29T23:45:27Z</time>
        <extensions><gpxtpx:TrackPointExtension>
          <gpxtpx:hr>184</gpxtpx:hr>
        </gpxtpx:TrackPointExtension></extensions>
      </trkpt>
      <trkpt lat="32.014854" lon="118.773996">
        <ele>34.4</ele>
        <time>2026-05-29T23:45:28Z</time>
        <extensions><gpxtpx:TrackPointExtension>
          <gpxtpx:hr>185</gpxtpx:hr>
        </gpxtpx:TrackPointExtension></extensions>
      </trkpt>
      <trkpt lat="32.014843" lon="118.774025">
        <ele>34.2</ele>
        <time>2026-05-29T23:45:29Z</time>
        <extensions><gpxtpx:TrackPointExtension>
          <gpxtpx:hr>184</gpxtpx:hr>
        </gpxtpx:TrackPointExtension></extensions>
      </trkpt>
      <trkpt lat="32.014833" lon="118.774068">
        <ele>34.2</ele>
        <time>2026-05-29T23:45:30Z</time>
        <extensions><gpxtpx:TrackPointExtension>
          <gpxtpx:hr>183</gpxtpx:hr>
        </gpxtpx:TrackPointExtension></extensions>
      </trkpt>
      <trkpt lat="32.014822" lon="118.774097">
        <ele>34.2</ele>
        <time>2026-05-29T23:45:31Z</time>
        <extensions><gpxtpx:TrackPointExtension>
          <gpxtpx:hr>183</gpxtpx:hr>
        </gpxtpx:TrackPointExtension></extensions>
      </trkpt>
      <trkpt lat="32.014814" lon="118.774141">
        <ele>34.4</ele>
        <time>2026-05-29T23:45:32Z</time>
        <extensions><gpxtpx:TrackPointExtension>
          <gpxtpx:hr>184</gpxtpx:hr>
        </gpxtpx:TrackPointExtension></extensions>
      </trkpt>
      <trkpt lat="32.0148" lon="118.774171">
        <ele>34.4</ele>
        <time>2026-05-29T23:45:33Z</time>
        <extensions><gpxtpx:TrackPointExtension>
          <gpxtpx:hr>181</gpxtpx:hr>
        </gpxtpx:TrackPointExtension></extensions>
      </trkpt>
      <trkpt lat="32.014786" lon="118.774214">
        <ele>34.4</ele>
        <time>2026-05-29T23:45:34Z</time>
        <extensions><gpxtpx:TrackPointExtension>
          <gpxtpx:hr>181</gpxtpx:hr>
        </gpxtpx:TrackPointExtension></extensions>
      </trkpt>
      <trkpt lat="32.014775" lon="118.774243">
        <ele>34.6</ele>
        <time>2026-05-29T23:45:35Z</time>
        <extensions><gpxtpx:TrackPointExtension>
          <gpxtpx:hr>181</gpxtpx:hr>
        </gpxtpx:TrackPointExtension></extensions>
      </trkpt>
      <trkpt lat="32.014762" lon="118.77428">
        <ele>34.6</ele>
        <time>2026-05-29T23:45:36Z</time>
        <extensions><gpxtpx:TrackPointExtension>
          <gpxtpx:hr>182</gpxtpx:hr>
        </gpxtpx:TrackPointExtension></extensions>
      </trkpt>
      <trkpt lat="32.014748" lon="118.774313">
        <ele>34.4</ele>
        <time>2026-05-29T23:45:37Z</time>
        <extensions><gpxtpx:TrackPointExtension>
          <gpxtpx:hr>182</gpxtpx:hr>
        </gpxtpx:TrackPointExtension></extensions>
      </trkpt>
      <trkpt lat="32.014736" lon="118.774348">
        <ele>34.4</ele>
        <time>2026-05-29T23:45:38Z</time>
        <extensions><gpxtpx:TrackPointExtension>
          <gpxtpx:hr>182</gpxtpx:hr>
        </gpxtpx:TrackPointExtension></extensions>
      </trkpt>
      <trkpt lat="32.014725" lon="118.774387">
        <ele>34.4</ele>
        <time>2026-05-29T23:45:39Z</time>
        <extensions><gpxtpx:TrackPointExtension>
          <gpxtpx:hr>184</gpxtpx:hr>
        </gpxtpx:TrackPointExtension></extensions>
      </trkpt>
      <trkpt lat="32.014714" lon="118.774417">
        <ele>34.4</ele>
        <time>2026-05-29T23:45:40Z</time>
        <extensions><gpxtpx:TrackPointExtension>
          <gpxtpx:hr>182</gpxtpx:hr>
        </gpxtpx:TrackPointExtension></extensions>
      </trkpt>
      <trkpt lat="32.014708" lon="118.774458">
        <ele>34.4</ele>
        <time>2026-05-29T23:45:41Z</time>
        <extensions><gpxtpx:TrackPointExtension>
          <gpxtpx:hr>183</gpxtpx:hr>
        </gpxtpx:TrackPointExtension></extensions>
      </trkpt>
      <trkpt lat="32.014697" lon="118.774484">
        <ele>34.4</ele>
        <time>2026-05-29T23:45:42Z</time>
        <extensions><gpxtpx:TrackPointExtension>
          <gpxtpx:hr>181</gpxtpx:hr>
        </gpxtpx:TrackPointExtension></extensions>
      </trkpt>
      <trkpt lat="32.014684" lon="118.774526">
        <ele>34.4</ele>
        <time>2026-05-29T23:45:43Z</time>
        <extensions><gpxtpx:TrackPointExtension>
          <gpxtpx:hr>181</gpxtpx:hr>
        </gpxtpx:TrackPointExtension></extensions>
      </trkpt>
      <trkpt lat="32.014672" lon="118.774552">
        <ele>34.4</ele>
        <time>2026-05-29T23:45:44Z</time>
        <extensions><gpxtpx:TrackPointExtension>
          <gpxtpx:hr>182</gpxtpx:hr>
        </gpxtpx:TrackPointExtension></extensions>
      </trkpt>
      <trkpt lat="32.014661" lon="118.774594">
        <ele>34.4</ele>
        <time>2026-05-29T23:45:45Z</time>
        <extensions><gpxtpx:TrackPointExtension>
          <gpxtpx:hr>181</gpxtpx:hr>
        </gpxtpx:TrackPointExtension></extensions>
      </trkpt>
      <trkpt lat="32.014647" lon="118.77462">
        <ele>34.4</ele>
        <time>2026-05-29T23:45:46Z</time>
        <extensions><gpxtpx:TrackPointExtension>
          <gpxtpx:hr>183</gpxtpx:hr>
        </gpxtpx:TrackPointExtension></extensions>
      </trkpt>
      <trkpt lat="32.014633" lon="118.774661">
        <ele>34.4</ele>
        <time>2026-05-29T23:45:47Z</time>
        <extensions><gpxtpx:TrackPointExtension>
          <gpxtpx:hr>183</gpxtpx:hr>
        </gpxtpx:TrackPointExtension></extensions>
      </trkpt>
      <trkpt lat="32.014618" lon="118.774691">
        <ele>34.2</ele>
        <time>2026-05-29T23:45:48Z</time>
        <extensions><gpxtpx:TrackPointExtension>
          <gpxtpx:hr>183</gpxtpx:hr>
        </gpxtpx:TrackPointExtension></extensions>
      </trkpt>
      <trkpt lat="32.014604" lon="118.774729">
        <ele>34.2</ele>
        <time>2026-05-29T23:45:49Z</time>
        <extensions><gpxtpx:TrackPointExtension>
          <gpxtpx:hr>182</gpxtpx:hr>
        </gpxtpx:TrackPointExtension></extensions>
      </trkpt>
      <trkpt lat="32.014593" lon="118.774767">
        <ele>34.2</ele>
        <time>2026-05-29T23:45:50Z</time>
        <extensions><gpxtpx:TrackPointExtension>
          <gpxtpx:hr>183</gpxtpx:hr>
        </gpxtpx:TrackPointExtension></extensions>
      </trkpt>
      <trkpt lat="32.014583" lon="118.774801">
        <ele>34.4</ele>
        <time>2026-05-29T23:45:51Z</time>
        <extensions><gpxtpx:TrackPointExtension>
          <gpxtpx:hr>181</gpxtpx:hr>
        </gpxtpx:TrackPointExtension></extensions>
      </trkpt>
      <trkpt lat="32.01457" lon="118.774841">
        <ele>34.4</ele>
        <time>2026-05-29T23:45:52Z</time>
        <extensions><gpxtpx:TrackPointExtension>
          <gpxtpx:hr>182</gpxtpx:hr>
        </gpxtpx:TrackPointExtension></extensions>
      </trkpt>
      <trkpt lat="32.014556" lon="118.77487">
        <ele>34.4</ele>
        <time>2026-05-29T23:45:53Z</time>
        <extensions><gpxtpx:TrackPointExtension>
          <gpxtpx:hr>184</gpxtpx:hr>
        </gpxtpx:TrackPointExtension></extensions>
      </trkpt>
      <trkpt lat="32.01455" lon="118.774911">
        <ele>34.4</ele>
        <time>2026-05-29T23:45:54Z</time>
        <extensions><gpxtpx:TrackPointExtension>
          <gpxtpx:hr>183</gpxtpx:hr>
        </gpxtpx:TrackPointExtension></extensions>
      </trkpt>
      <trkpt lat="32.014537" lon="118.774938">
        <ele>34.4</ele>
        <time>2026-05-29T23:45:55Z</time>
        <extensions><gpxtpx:TrackPointExtension>
          <gpxtpx:hr>184</gpxtpx:hr>
        </gpxtpx:TrackPointExtension></extensions>
      </trkpt>
      <trkpt lat="32.014525" lon="118.774982">
        <ele>34.4</ele>
        <time>2026-05-29T23:45:56Z</time>
        <extensions><gpxtpx:TrackPointExtension>
          <gpxtpx:hr>185</gpxtpx:hr>
        </gpxtpx:TrackPointExtension></extensions>
      </trkpt>
      <trkpt lat="32.01451" lon="118.775007">
        <ele>34.4</ele>
        <time>2026-05-29T23:45:57Z</time>
        <extensions><gpxtpx:TrackPointExtension>
          <gpxtpx:hr>183</gpxtpx:hr>
        </gpxtpx:TrackPointExtension></extensions>
      </trkpt>
      <trkpt lat="32.014497" lon="118.775048">
        <ele>34.4</ele>
        <time>2026-05-29T23:45:58Z</time>
        <extensions><gpxtpx:TrackPointExtension>
          <gpxtpx:hr>183</gpxtpx:hr>
        </gpxtpx:TrackPointExtension></extensions>
      </trkpt>
      <trkpt lat="32.014481" lon="118.775079">
        <ele>34.2</ele>
        <time>2026-05-29T23:45:59Z</time>
        <extensions><gpxtpx:TrackPointExtension>
          <gpxtpx:hr>183</gpxtpx:hr>
        </gpxtpx:TrackPointExtension></extensions>
      </trkpt>
      <trkpt lat="32.014466" lon="118.775114">
        <ele>34.2</ele>
        <time>2026-05-29T23:46:00Z</time>
        <extensions><gpxtpx:TrackPointExtension>
          <gpxtpx:hr>183</gpxtpx:hr>
        </gpxtpx:TrackPointExtension></extensions>
      </trkpt>
      <trkpt lat="32.014457" lon="118.775153">
        <ele>34.2</ele>
        <time>2026-05-29T23:46:01Z</time>
        <extensions><gpxtpx:TrackPointExtension>
          <gpxtpx:hr>183</gpxtpx:hr>
        </gpxtpx:TrackPointExtension></extensions>
      </trkpt>
      <trkpt lat="32.014445" lon="118.775184">
        <ele>34.2</ele>
        <time>2026-05-29T23:46:02Z</time>
        <extensions><gpxtpx:TrackPointExtension>
          <gpxtpx:hr>184</gpxtpx:hr>
        </gpxtpx:TrackPointExtension></extensions>
      </trkpt>
      <trkpt lat="32.014431" lon="118.775229">
        <ele>34.2</ele>
        <time>2026-05-29T23:46:03Z</time>
        <extensions><gpxtpx:TrackPointExtension>
          <gpxtpx:hr>184</gpxtpx:hr>
        </gpxtpx:TrackPointExtension></extensions>
      </trkpt>
      <trkpt lat="32.014419" lon="118.775259">
        <ele>34.2</ele>
        <time>2026-05-29T23:46:04Z</time>
        <extensions><gpxtpx:TrackPointExtension>
          <gpxtpx:hr>182</gpxtpx:hr>
        </gpxtpx:TrackPointExtension></extensions>
      </trkpt>
      <trkpt lat="32.014407" lon="118.775302">
        <ele>34.2</ele>
        <time>2026-05-29T23:46:05Z</time>
        <extensions><gpxtpx:TrackPointExtension>
          <gpxtpx:hr>183</gpxtpx:hr>
        </gpxtpx:TrackPointExtension></extensions>
      </trkpt>
      <trkpt lat="32.014396" lon="118.775329">
        <ele>34.2</ele>
        <time>2026-05-29T23:46:06Z</time>
        <extensions><gpxtpx:TrackPointExtension>
          <gpxtpx:hr>180</gpxtpx:hr>
        </gpxtpx:TrackPointExtension></extensions>
      </trkpt>
      <trkpt lat="32.014381" lon="118.775373">
        <ele>34.2</ele>
        <time>2026-05-29T23:46:07Z</time>
        <extensions><gpxtpx:TrackPointExtension>
          <gpxtpx:hr>181</gpxtpx:hr>
        </gpxtpx:TrackPointExtension></extensions>
      </trkpt>
      <trkpt lat="32.014366" lon="118.775403">
        <ele>34.2</ele>
        <time>2026-05-29T23:46:08Z</time>
        <extensions><gpxtpx:TrackPointExtension>
          <gpxtpx:hr>182</gpxtpx:hr>
        </gpxtpx:TrackPointExtension></extensions>
      </trkpt>
      <trkpt lat="32.01435" lon="118.775437">
        <ele>34.2</ele>
        <time>2026-05-29T23:46:09Z</time>
        <extensions><gpxtpx:TrackPointExtension>
          <gpxtpx:hr>182</gpxtpx:hr>
        </gpxtpx:TrackPointExtension></extensions>
      </trkpt>
      <trkpt lat="32.014341" lon="118.775472">
        <ele>34.2</ele>
        <time>2026-05-29T23:46:10Z</time>
        <extensions><gpxtpx:TrackPointExtension>
          <gpxtpx:hr>181</gpxtpx:hr>
        </gpxtpx:TrackPointExtension></extensions>
      </trkpt>
      <trkpt lat="32.014334" lon="118.775494">
        <ele>34.4</ele>
        <time>2026-05-29T23:46:11Z</time>
        <extensions><gpxtpx:TrackPointExtension>
          <gpxtpx:hr>180</gpxtpx:hr>
        </gpxtpx:TrackPointExtension></extensions>
      </trkpt>
      <trkpt lat="32.01433" lon="118.775524">
        <ele>34.4</ele>
        <time>2026-05-29T23:46:12Z</time>
        <extensions><gpxtpx:TrackPointExtension>
          <gpxtpx:hr>180</gpxtpx:hr>
        </gpxtpx:TrackPointExtension></extensions>
      </trkpt>
      <trkpt lat="32.01432" lon="118.775547">
        <ele>34.6</ele>
        <time>2026-05-29T23:46:13Z</time>
        <extensions><gpxtpx:TrackPointExtension>
          <gpxtpx:hr>181</gpxtpx:hr>
        </gpxtpx:TrackPointExtension></extensions>
      </trkpt>
      <trkpt lat="32.014315" lon="118.775577">
        <ele>35.0</ele>
        <time>2026-05-29T23:46:14Z</time>
        <extensions><gpxtpx:TrackPointExtension>
          <gpxtpx:hr>181</gpxtpx:hr>
        </gpxtpx:TrackPointExtension></extensions>
      </trkpt>
      <trkpt lat="32.014306" lon="118.775605">
        <ele>35.4</ele>
        <time>2026-05-29T23:46:15Z</time>
        <extensions><gpxtpx:TrackPointExtension>
          <gpxtpx:hr>181</gpxtpx:hr>
        </gpxtpx:TrackPointExtension></extensions>
      </trkpt>
      <trkpt lat="32.014297" lon="118.775632">
        <ele>35.6</ele>
        <time>2026-05-29T23:46:16Z</time>
        <extensions><gpxtpx:TrackPointExtension>
          <gpxtpx:hr>184</gpxtpx:hr>
        </gpxtpx:TrackPointExtension></extensions>
      </trkpt>
      <trkpt lat="32.01429" lon="118.775673">
        <ele>36.0</ele>
        <time>2026-05-29T23:46:17Z</time>
        <extensions><gpxtpx:TrackPointExtension>
          <gpxtpx:hr>184</gpxtpx:hr>
        </gpxtpx:TrackPointExtension></extensions>
      </trkpt>
      <trkpt lat="32.014279" lon="118.775699">
        <ele>36.2</ele>
        <time>2026-05-29T23:46:18Z</time>
        <extensions><gpxtpx:TrackPointExtension>
          <gpxtpx:hr>184</gpxtpx:hr>
        </gpxtpx:TrackPointExtension></extensions>
      </trkpt>
      <trkpt lat="32.014274" lon="118.775743">
        <ele>36.4</ele>
        <time>2026-05-29T23:46:19Z</time>
        <extensions><gpxtpx:TrackPointExtension>
          <gpxtpx:hr>184</gpxtpx:hr>
        </gpxtpx:TrackPointExtension></extensions>
      </trkpt>
      <trkpt lat="32.01426" lon="118.77577">
        <ele>36.4</ele>
        <time>2026-05-29T23:46:20Z</time>
        <extensions><gpxtpx:TrackPointExtension>
          <gpxtpx:hr>184</gpxtpx:hr>
        </gpxtpx:TrackPointExtension></extensions>
      </trkpt>
      <trkpt lat="32.014246" lon="118.775814">
        <ele>36.4</ele>
        <time>2026-05-29T23:46:21Z</time>
        <extensions><gpxtpx:TrackPointExtension>
          <gpxtpx:hr>183</gpxtpx:hr>
        </gpxtpx:TrackPointExtension></extensions>
      </trkpt>
      <trkpt lat="32.014236" lon="118.775847">
        <ele>36.4</ele>
        <time>2026-05-29T23:46:22Z</time>
        <extensions><gpxtpx:TrackPointExtension>
          <gpxtpx:hr>183</gpxtpx:hr>
        </gpxtpx:TrackPointExtension></extensions>
      </trkpt>
      <trkpt lat="32.014227" lon="118.775888">
        <ele>36.4</ele>
        <time>2026-05-29T23:46:23Z</time>
        <extensions><gpxtpx:TrackPointExtension>
          <gpxtpx:hr>183</gpxtpx:hr>
        </gpxtpx:TrackPointExtension></extensions>
      </trkpt>
      <trkpt lat="32.014219" lon="118.775924">
        <ele>36.6</ele>
        <time>2026-05-29T23:46:24Z</time>
        <extensions><gpxtpx:TrackPointExtension>
          <gpxtpx:hr>183</gpxtpx:hr>
        </gpxtpx:TrackPointExtension></extensions>
      </trkpt>
      <trkpt lat="32.01421" lon="118.775956">
        <ele>36.6</ele>
        <time>2026-05-29T23:46:25Z</time>
        <extensions><gpxtpx:TrackPointExtension>
          <gpxtpx:hr>183</gpxtpx:hr>
        </gpxtpx:TrackPointExtension></extensions>
      </trkpt>
      <trkpt lat="32.014206" lon="118.775999">
        <ele>36.8</ele>
        <time>2026-05-29T23:46:26Z</time>
        <extensions><gpxtpx:TrackPointExtension>
          <gpxtpx:hr>183</gpxtpx:hr>
        </gpxtpx:TrackPointExtension></extensions>
      </trkpt>
      <trkpt lat="32.014198" lon="118.776025">
        <ele>36.8</ele>
        <time>2026-05-29T23:46:27Z</time>
        <extensions><gpxtpx:TrackPointExtension>
          <gpxtpx:hr>184</gpxtpx:hr>
        </gpxtpx:TrackPointExtension></extensions>
      </trkpt>
      <trkpt lat="32.014198" lon="118.776067">
        <ele>37.0</ele>
        <time>2026-05-29T23:46:28Z</time>
        <extensions><gpxtpx:TrackPointExtension>
          <gpxtpx:hr>183</gpxtpx:hr>
        </gpxtpx:TrackPointExtension></extensions>
      </trkpt>
      <trkpt lat="32.014199" lon="118.776096">
        <ele>37.0</ele>
        <time>2026-05-29T23:46:29Z</time>
        <extensions><gpxtpx:TrackPointExtension>
          <gpxtpx:hr>183</gpxtpx:hr>
        </gpxtpx:TrackPointExtension></extensions>
      </trkpt>
      <trkpt lat="32.014201" lon="118.77614">
        <ele>37.0</ele>
        <time>2026-05-29T23:46:30Z</time>
        <extensions><gpxtpx:TrackPointExtension>
          <gpxtpx:hr>183</gpxtpx:hr>
        </gpxtpx:TrackPointExtension></extensions>
      </trkpt>
      <trkpt lat="32.014201" lon="118.776175">
        <ele>37.0</ele>
        <time>2026-05-29T23:46:31Z</time>
        <extensions><gpxtpx:TrackPointExtension>
          <gpxtpx:hr>182</gpxtpx:hr>
        </gpxtpx:TrackPointExtension></extensions>
      </trkpt>
      <trkpt lat="32.014198" lon="118.776214">
        <ele>37.0</ele>
        <time>2026-05-29T23:46:32Z</time>
        <extensions><gpxtpx:TrackPointExtension>
          <gpxtpx:hr>182</gpxtpx:hr>
        </gpxtpx:TrackPointExtension></extensions>
      </trkpt>
      <trkpt lat="32.014195" lon="118.776255">
        <ele>37.0</ele>
        <time>2026-05-29T23:46:33Z</time>
        <extensions><gpxtpx:TrackPointExtension>
          <gpxtpx:hr>182</gpxtpx:hr>
        </gpxtpx:TrackPointExtension></extensions>
      </trkpt>
      <trkpt lat="32.014191" lon="118.776291">
        <ele>37.0</ele>
        <time>2026-05-29T23:46:34Z</time>
        <extensions><gpxtpx:TrackPointExtension>
          <gpxtpx:hr>182</gpxtpx:hr>
        </gpxtpx:TrackPointExtension></extensions>
      </trkpt>
      <trkpt lat="32.014185" lon="118.77634">
        <ele>37.0</ele>
        <time>2026-05-29T23:46:35Z</time>
        <extensions><gpxtpx:TrackPointExtension>
          <gpxtpx:hr>183</gpxtpx:hr>
        </gpxtpx:TrackPointExtension></extensions>
      </trkpt>
      <trkpt lat="32.014173" lon="118.776371">
        <ele>37.0</ele>
        <time>2026-05-29T23:46:36Z</time>
        <extensions><gpxtpx:TrackPointExtension>
          <gpxtpx:hr>183</gpxtpx:hr>
        </gpxtpx:TrackPointExtension></extensions>
      </trkpt>
      <trkpt lat="32.014158" lon="118.776422">
        <ele>37.0</ele>
        <time>2026-05-29T23:46:37Z</time>
        <extensions><gpxtpx:TrackPointExtension>
          <gpxtpx:hr>184</gpxtpx:hr>
        </gpxtpx:TrackPointExtension></extensions>
      </trkpt>
      <trkpt lat="32.014143" lon="118.776455">
        <ele>37.2</ele>
        <time>2026-05-29T23:46:38Z</time>
        <extensions><gpxtpx:TrackPointExtension>
          <gpxtpx:hr>185</gpxtpx:hr>
        </gpxtpx:TrackPointExtension></extensions>
      </trkpt>
      <trkpt lat="32.014134" lon="118.776493">
        <ele>37.2</ele>
        <time>2026-05-29T23:46:39Z</time>
        <extensions><gpxtpx:TrackPointExtension>
          <gpxtpx:hr>184</gpxtpx:hr>
        </gpxtpx:TrackPointExtension></extensions>
      </trkpt>
      <trkpt lat="32.014126" lon="118.77653">
        <ele>37.6</ele>
        <time>2026-05-29T23:46:40Z</time>
        <extensions><gpxtpx:TrackPointExtension>
          <gpxtpx:hr>183</gpxtpx:hr>
        </gpxtpx:TrackPointExtension></extensions>
      </trkpt>
      <trkpt lat="32.014118" lon="118.776555">
        <ele>37.6</ele>
        <time>2026-05-29T23:46:41Z</time>
        <extensions><gpxtpx:TrackPointExtension>
          <gpxtpx:hr>184</gpxtpx:hr>
        </gpxtpx:TrackPointExtension></extensions>
      </trkpt>
    </trkseg>
  </trk>
</gpx>