<?xml version="1.0" encoding="UTF-8"?>
<gpx xmlns="http://www.topografix.com/GPX/1/1" xmlns:gpxtpx="http://www.garmin.com/xmlschemas/TrackPointExtension/v1" version="1.1" creator="Strava">
  <metadata><link href="https://www.strava.com/activities/18165227395"><text>Strava</text></link></metadata>
  <trk>
    <name>2026中国田径协会10公里精英赛（无锡·马山站）</name>
    <trkseg>
      <trkpt lat="31.41992" lon="120.099684">
        <ele>11.0</ele>
        <time>2026-04-19T00:00:06Z</time>
        <extensions><gpxtpx:TrackPointExtension>
          <gpxtpx:hr>83</gpxtpx:hr>
        </gpxtpx:TrackPointExtension></extensions>
      </trkpt>
      <trkpt lat="31.41991" lon="120.099691">
        <ele>11.0</ele>
        <time>2026-04-19T00:00:07Z</time>
        <extensions><gpxtpx:TrackPointExtension>
          <gpxtpx:hr>83</gpxtpx:hr>
        </gpxtpx:TrackPointExtension></extensions>
      </trkpt>
      <trkpt lat="31.4199" lon="120.099698">
        <ele>11.0</ele>
        <time>2026-04-19T00:00:08Z</time>
        <extensions><gpxtpx:TrackPointExtension>
          <gpxtpx:hr>84</gpxtpx:hr>
        </gpxtpx:TrackPointExtension></extensions>
      </trkpt>
      <trkpt lat="31.41989" lon="120.099705">
        <ele>11.0</ele>
        <time>2026-04-19T00:00:09Z</time>
        <extensions><gpxtpx:TrackPointExtension>
          <gpxtpx:hr>84</gpxtpx:hr>
        </gpxtpx:TrackPointExtension></extensions>
      </trkpt>
      <trkpt lat="31.41988" lon="120.099712">
        <ele>11.0</ele>
        <time>2026-04-19T00:00:10Z</time>
        <extensions><gpxtpx:TrackPointExtension>
          <gpxtpx:hr>87</gpxtpx:hr>
        </gpxtpx:TrackPointExtension></extensions>
      </trkpt>
      <trkpt lat="31.41987" lon="120.099719">
        <ele>11.0</ele>
        <time>2026-04-19T00:00:11Z</time>
        <extensions><gpxtpx:TrackPointExtension>
          <gpxtpx:hr>88</gpxtpx:hr>
        </gpxtpx:TrackPointExtension></extensions>
      </trkpt>
      <trkpt lat="31.419847" lon="120.099735">
        <ele>11.0</ele>
        <time>2026-04-19T00:00:12Z</time>
        <extensions><gpxtpx:TrackPointExtension>
          <gpxtpx:hr>89</gpxtpx:hr>
        </gpxtpx:TrackPointExtension></extensions>
      </trkpt>
      <trkpt lat="31.419823" lon="120.099752">
        <ele>11.0</ele>
        <time>2026-04-19T00:00:13Z</time>
        <extensions><gpxtpx:TrackPointExtension>
          <gpxtpx:hr>89</gpxtpx:hr>
        </gpxtpx:TrackPointExtension></extensions>
      </trkpt>
      <trkpt lat="31.419795" lon="120.099775">
        <ele>11.0</ele>
        <time>2026-04-19T00:00:14Z</time>
        <extensions><gpxtpx:TrackPointExtension>
          <gpxtpx:hr>90</gpxtpx:hr>
        </gpxtpx:TrackPointExtension></extensions>
      </trkpt>
      <trkpt lat="31.419768" lon="120.099797">
        <ele>11.0</ele>
        <time>2026-04-19T00:00:15Z</time>
        <extensions><gpxtpx:TrackPointExtension>
          <gpxtpx:hr>90</gpxtpx:hr>
        </gpxtpx:TrackPointExtension></extensions>
      </trkpt>
      <trkpt lat="31.419738" lon="120.099823">
        <ele>11.0</ele>
        <time>2026-04-19T00:00:16Z</time>
        <extensions><gpxtpx:TrackPointExtension>
          <gpxtpx:hr>91</gpxtpx:hr>
        </gpxtpx:TrackPointExtension></extensions>
      </trkpt>
      <trkpt lat="31.419708" lon="120.099848">
        <ele>11.0</ele>
        <time>2026-04-19T00:00:17Z</time>
        <extensions><gpxtpx:TrackPointExtension>
          <gpxtpx:hr>91</gpxtpx:hr>
        </gpxtpx:TrackPointExtension></extensions>
      </trkpt>
      <trkpt lat="31.419677" lon="120.099875">
        <ele>11.0</ele>
        <time>2026-04-19T00:00:18Z</time>
        <extensions><gpxtpx:TrackPointExtension>
          <gpxtpx:hr>91</gpxtpx:hr>
        </gpxtpx:TrackPointExtension></extensions>
      </trkpt>
      <trkpt lat="31.419646" lon="120.099901">
        <ele>11.0</ele>
        <time>2026-04-19T00:00:19Z</time>
        <extensions><gpxtpx:TrackPointExtension>
          <gpxtpx:hr>92</gpxtpx:hr>
        </gpxtpx:TrackPointExtension></extensions>
      </trkpt>
      <trkpt lat="31.419615" lon="120.099925">
        <ele>11.0</ele>
        <time>2026-04-19T00:00:20Z</time>
        <extensions><gpxtpx:TrackPointExtension>
          <gpxtpx:hr>92</gpxtpx:hr>
        </gpxtpx:TrackPointExtension></extensions>
      </trkpt>
      <trkpt lat="31.419583" lon="120.09995">
        <ele>11.0</ele>
        <time>2026-04-19T00:00:21Z</time>
        <extensions><gpxtpx:TrackPointExtension>
          <gpxtpx:hr>92</gpxtpx:hr>
        </gpxtpx:TrackPointExtension></extensions>
      </trkpt>
      <trkpt lat="31.419551" lon="120.099974">
        <ele>11.0</ele>
        <time>2026-04-19T00:00:22Z</time>
        <extensions><gpxtpx:TrackPointExtension>
          <gpxtpx:hr>93</gpxtpx:hr>
        </gpxtpx:TrackPointExtension></extensions>
      </trkpt>
      <trkpt lat="31.419519" lon="120.099998">
        <ele>11.0</ele>
        <time>2026-04-19T00:00:23Z</time>
        <extensions><gpxtpx:TrackPointExtension>
          <gpxtpx:hr>94</gpxtpx:hr>
        </gpxtpx:TrackPointExtension></extensions>
      </trkpt>
      <trkpt lat="31.419486" lon="120.100024">
        <ele>11.0</ele>
        <time>2026-04-19T00:00:24Z</time>
        <extensions><gpxtpx:TrackPointExtension>
          <gpxtpx:hr>95</gpxtpx:hr>
        </gpxtpx:TrackPointExtension></extensions>
      </trkpt>
      <trkpt lat="31.419452" lon="120.10005">
        <ele>11.0</ele>
        <time>2026-04-19T00:00:25Z</time>
        <extensions><gpxtpx:TrackPointExtension>
          <gpxtpx:hr>96</gpxtpx:hr>
        </gpxtpx:TrackPointExtension></extensions>
      </trkpt>
      <trkpt lat="31.419419" lon="120.100076">
        <ele>11.0</ele>
        <time>2026-04-19T00:00:26Z</time>
        <extensions><gpxtpx:TrackPointExtension>
          <gpxtpx:hr>99</gpxtpx:hr>
        </gpxtpx:TrackPointExtension></extensions>
      </trkpt>
      <trkpt lat="31.419385" lon="120.100103">
        <ele>11.0</ele>
        <time>2026-04-19T00:00:27Z</time>
        <extensions><gpxtpx:TrackPointExtension>
          <gpxtpx:hr>102</gpxtpx:hr>
        </gpxtpx:TrackPointExtension></extensions>
      </trkpt>
      <trkpt lat="31.419352" lon="120.100127">
        <ele>11.0</ele>
        <time>2026-04-19T00:00:28Z</time>
        <extensions><gpxtpx:TrackPointExtension>
          <gpxtpx:hr>103</gpxtpx:hr>
        </gpxtpx:TrackPointExtension></extensions>
      </trkpt>
      <trkpt lat="31.419318" lon="120.100151">
        <ele>11.0</ele>
        <time>2026-04-19T00:00:29Z</time>
        <extensions><gpxtpx:TrackPointExtension>
          <gpxtpx:hr>105</gpxtpx:hr>
        </gpxtpx:TrackPointExtension></extensions>
      </trkpt>
      <trkpt lat="31.419284" lon="120.100172">
        <ele>11.0</ele>
        <time>2026-04-19T00:00:30Z</time>
        <extensions><gpxtpx:TrackPointExtension>
          <gpxtpx:hr>108</gpxtpx:hr>
        </gpxtpx:TrackPointExtension></extensions>
      </trkpt>
      <trkpt lat="31.419249" lon="120.100193">
        <ele>11.0</ele>
        <time>2026-04-19T00:00:31Z</time>
        <extensions><gpxtpx:TrackPointExtension>
          <gpxtpx:hr>111</gpxtpx:hr>
        </gpxtpx:TrackPointExtension></extensions>
      </trkpt>
      <trkpt lat="31.419215" lon="120.100213">
        <ele>11.0</ele>
        <time>2026-04-19T00:00:32Z</time>
        <extensions><gpxtpx:TrackPointExtension>
          <gpxtpx:hr>114</gpxtpx:hr>
        </gpxtpx:TrackPointExtension></extensions>
      </trkpt>
      <trkpt lat="31.419181" lon="120.100233">
        <ele>11.0</ele>
        <time>2026-04-19T00:00:33Z</time>
        <extensions><gpxtpx:TrackPointExtension>
          <gpxtpx:hr>118</gpxtpx:hr>
        </gpxtpx:TrackPointExtension></extensions>
      </trkpt>
      <trkpt lat="31.419148" lon="120.100253">
        <ele>11.0</ele>
        <time>2026-04-19T00:00:34Z</time>
        <extensions><gpxtpx:TrackPointExtension>
          <gpxtpx:hr>122</gpxtpx:hr>
        </gpxtpx:TrackPointExtension></extensions>
      </trkpt>
      <trkpt lat="31.419115" lon="120.100273">
        <ele>11.0</ele>
        <time>2026-04-19T00:00:35Z</time>
        <extensions><gpxtpx:TrackPointExtension>
          <gpxtpx:hr>125</gpxtpx:hr>
        </gpxtpx:TrackPointExtension></extensions>
      </trkpt>
      <trkpt lat="31.419083" lon="120.100294">
        <ele>11.0</ele>
        <time>2026-04-19T00:00:36Z</time>
        <extensions><gpxtpx:TrackPointExtension>
          <gpxtpx:hr>129</gpxtpx:hr>
        </gpxtpx:TrackPointExtension></extensions>
      </trkpt>
      <trkpt lat="31.41905" lon="120.100316">
        <ele>11.0</ele>
        <time>2026-04-19T00:00:37Z</time>
        <extensions><gpxtpx:TrackPointExtension>
          <gpxtpx:hr>133</gpxtpx:hr>
        </gpxtpx:TrackPointExtension></extensions>
      </trkpt>
      <trkpt lat="31.419017" lon="120.100338">
        <ele>11.0</ele>
        <time>2026-04-19T00:00:38Z</time>
        <extensions><gpxtpx:TrackPointExtension>
          <gpxtpx:hr>137</gpxtpx:hr>
        </gpxtpx:TrackPointExtension></extensions>
      </trkpt>
      <trkpt lat="31.418983" lon="120.10036">
        <ele>11.0</ele>
        <time>2026-04-19T00:00:39Z</time>
        <extensions><gpxtpx:TrackPointExtension>
          <gpxtpx:hr>139</gpxtpx:hr>
        </gpxtpx:TrackPointExtension></extensions>
      </trkpt>
      <trkpt lat="31.41895" lon="120.100382">
        <ele>11.0</ele>
        <time>2026-04-19T00:00:40Z</time>
        <extensions><gpxtpx:TrackPointExtension>
          <gpxtpx:hr>140</gpxtpx:hr>
        </gpxtpx:TrackPointExtension></extensions>
      </trkpt>
      <trkpt lat="31.418916" lon="120.100404">
        <ele>11.0</ele>
        <time>2026-04-19T00:00:41Z</time>
        <extensions><gpxtpx:TrackPointExtension>
          <gpxtpx:hr>141</gpxtpx:hr>
        </gpxtpx:TrackPointExtension></extensions>
      </trkpt>
      <trkpt lat="31.418883" lon="120.100427">
        <ele>11.0</ele>
        <time>2026-04-19T00:00:42Z</time>
        <extensions><gpxtpx:TrackPointExtension>
          <gpxtpx:hr>142</gpxtpx:hr>
        </gpxtpx:TrackPointExtension></extensions>
      </trkpt>
      <trkpt lat="31.41885" lon="120.100449">
        <ele>11.0</ele>
        <time>2026-04-19T00:00:43Z</time>
        <extensions><gpxtpx:TrackPointExtension>
          <gpxtpx:hr>142</gpxtpx:hr>
        </gpxtpx:TrackPointExtension></extensions>
      </trkpt>
      <trkpt lat="31.418818" lon="120.100472">
        <ele>11.0</ele>
        <time>2026-04-19T00:00:44Z</time>
        <extensions><gpxtpx:TrackPointExtension>
          <gpxtpx:hr>142</gpxtpx:hr>
        </gpxtpx:TrackPointExtension></extensions>
      </trkpt>
      <trkpt lat="31.418787" lon="120.100495">
        <ele>11.0</ele>
        <time>2026-04-19T00:00:45Z</time>
        <extensions><gpxtpx:TrackPointExtension>
          <gpxtpx:hr>143</gpxtpx:hr>
        </gpxtpx:TrackPointExtension></extensions>
      </trkpt>
      <trkpt lat="31.418755" lon="120.100517">
        <ele>11.0</ele>
        <time>2026-04-19T00:00:46Z</time>
        <extensions><gpxtpx:TrackPointExtension>
          <gpxtpx:hr>143</gpxtpx:hr>
        </gpxtpx:TrackPointExtension></extensions>
      </trkpt>
      <trkpt lat="31.418723" lon="120.10054">
        <ele>11.0</ele>
        <time>2026-04-19T00:00:47Z</time>
        <extensions><gpxtpx:TrackPointExtension>
          <gpxtpx:hr>143</gpxtpx:hr>
        </gpxtpx:TrackPointExtension></extensions>
      </trkpt>
      <trkpt lat="31.418689" lon="120.10056">
        <ele>11.0</ele>
        <time>2026-04-19T00:00:48Z</time>
        <extensions><gpxtpx:TrackPointExtension>
          <gpxtpx:hr>143</gpxtpx:hr>
        </gpxtpx:TrackPointExtension></extensions>
      </trkpt>
      <trkpt lat="31.418656" lon="120.100581">
        <ele>11.0</ele>
        <time>2026-04-19T00:00:49Z</time>
        <extensions><gpxtpx:TrackPointExtension>
          <gpxtpx:hr>144</gpxtpx:hr>
        </gpxtpx:TrackPointExtension></extensions>
      </trkpt>
      <trkpt lat="31.418622" lon="120.100603">
        <ele>11.0</ele>
        <time>2026-04-19T00:00:50Z</time>
        <extensions><gpxtpx:TrackPointExtension>
          <gpxtpx:hr>144</gpxtpx:hr>
        </gpxtpx:TrackPointExtension></extensions>
      </trkpt>
      <trkpt lat="31.418589" lon="120.100625">
        <ele>11.0</ele>
        <time>2026-04-19T00:00:51Z</time>
        <extensions><gpxtpx:TrackPointExtension>
          <gpxtpx:hr>145</gpxtpx:hr>
        </gpxtpx:TrackPointExtension></extensions>
      </trkpt>
      <trkpt lat="31.418554" lon="120.100651">
        <ele>11.0</ele>
        <time>2026-04-19T00:00:52Z</time>
        <extensions><gpxtpx:TrackPointExtension>
          <gpxtpx:hr>145</gpxtpx:hr>
        </gpxtpx:TrackPointExtension></extensions>
      </trkpt>
      <trkpt lat="31.418519" lon="120.100676">
        <ele>11.0</ele>
        <time>2026-04-19T00:00:53Z</time>
        <extensions><gpxtpx:TrackPointExtension>
          <gpxtpx:hr>145</gpxtpx:hr>
        </gpxtpx:TrackPointExtension></extensions>
      </trkpt>
      <trkpt lat="31.418484" lon="120.100701">
        <ele>11.0</ele>
        <time>2026-04-19T00:00:54Z</time>
        <extensions><gpxtpx:TrackPointExtension>
          <gpxtpx:hr>145</gpxtpx:hr>
        </gpxtpx:TrackPointExtension></extensions>
      </trkpt>
      <trkpt lat="31.418449" lon="120.100726">
        <ele>11.0</ele>
        <time>2026-04-19T00:00:55Z</time>
        <extensions><gpxtpx:TrackPointExtension>
          <gpxtpx:hr>145</gpxtpx:hr>
        </gpxtpx:TrackPointExtension></extensions>
      </trkpt>
      <trkpt lat="31.418414" lon="120.100751">
        <ele>11.0</ele>
        <time>2026-04-19T00:00:56Z</time>
        <extensions><gpxtpx:TrackPointExtension>
          <gpxtpx:hr>145</gpxtpx:hr>
        </gpxtpx:TrackPointExtension></extensions>
      </trkpt>
      <trkpt lat="31.41838" lon="120.100775">
        <ele>11.0</ele>
        <time>2026-04-19T00:00:57Z</time>
        <extensions><gpxtpx:TrackPointExtension>
          <gpxtpx:hr>144</gpxtpx:hr>
        </gpxtpx:TrackPointExtension></extensions>
      </trkpt>
      <trkpt lat="31.418346" lon="120.1008">
        <ele>11.0</ele>
        <time>2026-04-19T00:00:58Z</time>
        <extensions><gpxtpx:TrackPointExtension>
          <gpxtpx:hr>144</gpxtpx:hr>
        </gpxtpx:TrackPointExtension></extensions>
      </trkpt>
      <trkpt lat="31.418312" lon="120.100826">
        <ele>11.0</ele>
        <time>2026-04-19T00:00:59Z</time>
        <extensions><gpxtpx:TrackPointExtension>
          <gpxtpx:hr>144</gpxtpx:hr>
        </gpxtpx:TrackPointExtension></extensions>
      </trkpt>
      <trkpt lat="31.418278" lon="120.100849">
        <ele>11.0</ele>
        <time>2026-04-19T00:01:00Z</time>
        <extensions><gpxtpx:TrackPointExtension>
          <gpxtpx:hr>143</gpxtpx:hr>
        </gpxtpx:TrackPointExtension></extensions>
      </trkpt>
      <trkpt lat="31.418245" lon="120.100873">
        <ele>11.0</ele>
        <time>2026-04-19T00:01:01Z</time>
        <extensions><gpxtpx:TrackPointExtension>
          <gpxtpx:hr>143</gpxtpx:hr>
        </gpxtpx:TrackPointExtension></extensions>
      </trkpt>
      <trkpt lat="31.418211" lon="120.100896">
        <ele>11.0</ele>
        <time>2026-04-19T00:01:02Z</time>
        <extensions><gpxtpx:TrackPointExtension>
          <gpxtpx:hr>143</gpxtpx:hr>
        </gpxtpx:TrackPointExtension></extensions>
      </trkpt>
      <trkpt lat="31.418177" lon="120.100919">
        <ele>11.0</ele>
        <time>2026-04-19T00:01:03Z</time>
        <extensions><gpxtpx:TrackPointExtension>
          <gpxtpx:hr>143</gpxtpx:hr>
        </gpxtpx:TrackPointExtension></extensions>
      </trkpt>
      <trkpt lat="31.418144" lon="120.100942">
        <ele>11.0</ele>
        <time>2026-04-19T00:01:04Z</time>
        <extensions><gpxtpx:TrackPointExtension>
          <gpxtpx:hr>143</gpxtpx:hr>
        </gpxtpx:TrackPointExtension></extensions>
      </trkpt>
      <trkpt lat="31.418111" lon="120.100965">
        <ele>11.0</ele>
        <time>2026-04-19T00:01:05Z</time>
        <extensions><gpxtpx:TrackPointExtension>
          <gpxtpx:hr>144</gpxtpx:hr>
        </gpxtpx:TrackPointExtension></extensions>
      </trkpt>
      <trkpt lat="31.418077" lon="120.100988">
        <ele>11.0</ele>
        <time>2026-04-19T00:01:06Z</time>
        <extensions><gpxtpx:TrackPointExtension>
          <gpxtpx:hr>144</gpxtpx:hr>
        </gpxtpx:TrackPointExtension></extensions>
      </trkpt>
      <trkpt lat="31.418044" lon="120.101012">
        <ele>11.0</ele>
        <time>2026-04-19T00:01:07Z</time>
        <extensions><gpxtpx:TrackPointExtension>
          <gpxtpx:hr>144</gpxtpx:hr>
        </gpxtpx:TrackPointExtension></extensions>
      </trkpt>
      <trkpt lat="31.418011" lon="120.101036">
        <ele>11.0</ele>
        <time>2026-04-19T00:01:08Z</time>
        <extensions><gpxtpx:TrackPointExtension>
          <gpxtpx:hr>144</gpxtpx:hr>
        </gpxtpx:TrackPointExtension></extensions>
      </trkpt>
      <trkpt lat="31.417978" lon="120.101061">
        <ele>11.0</ele>
        <time>2026-04-19T00:01:09Z</time>
        <extensions><gpxtpx:TrackPointExtension>
          <gpxtpx:hr>144</gpxtpx:hr>
        </gpxtpx:TrackPointExtension></extensions>
      </trkpt>
      <trkpt lat="31.417944" lon="120.101084">
        <ele>11.0</ele>
        <time>2026-04-19T00:01:10Z</time>
        <extensions><gpxtpx:TrackPointExtension>
          <gpxtpx:hr>145</gpxtpx:hr>
        </gpxtpx:TrackPointExtension></extensions>
      </trkpt>
      <trkpt lat="31.41791" lon="120.101108">
        <ele>11.0</ele>
        <time>2026-04-19T00:01:11Z</time>
        <extensions><gpxtpx:TrackPointExtension>
          <gpxtpx:hr>145</gpxtpx:hr>
        </gpxtpx:TrackPointExtension></extensions>
      </trkpt>
      <trkpt lat="31.417877" lon="120.10113">
        <ele>11.0</ele>
        <time>2026-04-19T00:01:12Z</time>
        <extensions><gpxtpx:TrackPointExtension>
          <gpxtpx:hr>145</gpxtpx:hr>
        </gpxtpx:TrackPointExtension></extensions>
      </trkpt>
      <trkpt lat="31.417844" lon="120.101153">
        <ele>11.0</ele>
        <time>2026-04-19T00:01:13Z</time>
        <extensions><gpxtpx:TrackPointExtension>
          <gpxtpx:hr>145</gpxtpx:hr>
        </gpxtpx:TrackPointExtension></extensions>
      </trkpt>
      <trkpt lat="31.41781" lon="120.101175">
        <ele>11.0</ele>
        <time>2026-04-19T00:01:14Z</time>
        <extensions><gpxtpx:TrackPointExtension>
          <gpxtpx:hr>145</gpxtpx:hr>
        </gpxtpx:TrackPointExtension></extensions>
      </trkpt>
      <trkpt lat="31.417777" lon="120.101197">
        <ele>11.0</ele>
        <time>2026-04-19T00:01:15Z</time>
        <extensions><gpxtpx:TrackPointExtension>
          <gpxtpx:hr>145</gpxtpx:hr>
        </gpxtpx:TrackPointExtension></extensions>
      </trkpt>
      <trkpt lat="31.417742" lon="120.101219">
        <ele>11.0</ele>
        <time>2026-04-19T00:01:16Z</time>
        <extensions><gpxtpx:TrackPointExtension>
          <gpxtpx:hr>145</gpxtpx:hr>
        </gpxtpx:TrackPointExtension></extensions>
      </trkpt>
      <trkpt lat="31.417707" lon="120.101242">
        <ele>11.0</ele>
        <time>2026-04-19T00:01:17Z</time>
        <extensions><gpxtpx:TrackPointExtension>
          <gpxtpx:hr>145</gpxtpx:hr>
        </gpxtpx:TrackPointExtension></extensions>
      </trkpt>
      <trkpt lat="31.417672" lon="120.101263">
        <ele>11.0</ele>
        <time>2026-04-19T00:01:18Z</time>
        <extensions><gpxtpx:TrackPointExtension>
          <gpxtpx:hr>145</gpxtpx:hr>
        </gpxtpx:TrackPointExtension></extensions>
      </trkpt>
      <trkpt lat="31.417637" lon="120.101285">
        <ele>11.0</ele>
        <time>2026-04-19T00:01:19Z</time>
        <extensions><gpxtpx:TrackPointExtension>
          <gpxtpx:hr>145</gpxtpx:hr>
        </gpxtpx:TrackPointExtension></extensions>
      </trkpt>
      <trkpt lat="31.417603" lon="120.101307">
        <ele>11.0</ele>
        <time>2026-04-19T00:01:20Z</time>
        <extensions><gpxtpx:TrackPointExtension>
          <gpxtpx:hr>145</gpxtpx:hr>
        </gpxtpx:TrackPointExtension></extensions>
      </trkpt>
      <trkpt lat="31.417569" lon="120.101329">
        <ele>11.0</ele>
        <time>2026-04-19T00:01:21Z</time>
        <extensions><gpxtpx:TrackPointExtension>
          <gpxtpx:hr>146</gpxtpx:hr>
        </gpxtpx:TrackPointExtension></extensions>
      </trkpt>
      <trkpt lat="31.417535" lon="120.101351">
        <ele>10.0</ele>
        <time>2026-04-19T00:01:22Z</time>
        <extensions><gpxtpx:TrackPointExtension>
          <gpxtpx:hr>146</gpxtpx:hr>
        </gpxtpx:TrackPointExtension></extensions>
      </trkpt>
      <trkpt lat="31.417502" lon="120.101374">
        <ele>10.0</ele>
        <time>2026-04-19T00:01:23Z</time>
        <extensions><gpxtpx:TrackPointExtension>
          <gpxtpx:hr>146</gpxtpx:hr>
        </gpxtpx:TrackPointExtension></extensions>
      </trkpt>
      <trkpt lat="31.417468" lon="120.101396">
        <ele>10.0</ele>
        <time>2026-04-19T00:01:24Z</time>
        <extensions><gpxtpx:TrackPointExtension>
          <gpxtpx:hr>146</gpxtpx:hr>
        </gpxtpx:TrackPointExtension></extensions>
      </trkpt>
      <trkpt lat="31.417435" lon="120.101419">
        <ele>10.0</ele>
        <time>2026-04-19T00:01:25Z</time>
        <extensions><gpxtpx:TrackPointExtension>
          <gpxtpx:hr>146</gpxtpx:hr>
        </gpxtpx:TrackPointExtension></extensions>
      </trkpt>
      <trkpt lat="31.417402" lon="120.10144">
        <ele>10.0</ele>
        <time>2026-04-19T00:01:26Z</time>
        <extensions><gpxtpx:TrackPointExtension>
          <gpxtpx:hr>147</gpxtpx:hr>
        </gpxtpx:TrackPointExtension></extensions>
      </trkpt>
      <trkpt lat="31.417369" lon="120.101462">
        <ele>10.0</ele>
        <time>2026-04-19T00:01:27Z</time>
        <extensions><gpxtpx:TrackPointExtension>
          <gpxtpx:hr>147</gpxtpx:hr>
        </gpxtpx:TrackPointExtension></extensions>
      </trkpt>
      <trkpt lat="31.417337" lon="120.101482">
        <ele>10.0</ele>
        <time>2026-04-19T00:01:28Z</time>
        <extensions><gpxtpx:TrackPointExtension>
          <gpxtpx:hr>148</gpxtpx:hr>
        </gpxtpx:TrackPointExtension></extensions>
      </trkpt>
      <trkpt lat="31.417305" lon="120.101503">
        <ele>10.0</ele>
        <time>2026-04-19T00:01:29Z</time>
        <extensions><gpxtpx:TrackPointExtension>
          <gpxtpx:hr>148</gpxtpx:hr>
        </gpxtpx:TrackPointExtension></extensions>
      </trkpt>
      <trkpt lat="31.417273" lon="120.101525">
        <ele>10.0</ele>
        <time>2026-04-19T00:01:30Z</time>
        <extensions><gpxtpx:TrackPointExtension>
          <gpxtpx:hr>149</gpxtpx:hr>
        </gpxtpx:TrackPointExtension></extensions>
      </trkpt>
      <trkpt lat="31.417241" lon="120.101546">
        <ele>10.0</ele>
        <time>2026-04-19T00:01:31Z</time>
        <extensions><gpxtpx:TrackPointExtension>
          <gpxtpx:hr>149</gpxtpx:hr>
        </gpxtpx:TrackPointExtension></extensions>
      </trkpt>
      <trkpt lat="31.417211" lon="120.10157">
        <ele>10.0</ele>
        <time>2026-04-19T00:01:32Z</time>
        <extensions><gpxtpx:TrackPointExtension>
          <gpxtpx:hr>149</gpxtpx:hr>
        </gpxtpx:TrackPointExtension></extensions>
      </trkpt>
      <trkpt lat="31.41718" lon="120.101594">
        <ele>10.0</ele>
        <time>2026-04-19T00:01:33Z</time>
        <extensions><gpxtpx:TrackPointExtension>
          <gpxtpx:hr>149</gpxtpx:hr>
        </gpxtpx:TrackPointExtension></extensions>
      </trkpt>
      <trkpt lat="31.41715" lon="120.101617">
        <ele>10.0</ele>
        <time>2026-04-19T00:01:34Z</time>
        <extensions><gpxtpx:TrackPointExtension>
          <gpxtpx:hr>149</gpxtpx:hr>
        </gpxtpx:TrackPointExtension></extensions>
      </trkpt>
      <trkpt lat="31.41712" lon="120.10164">
        <ele>10.0</ele>
        <time>2026-04-19T00:01:35Z</time>
        <extensions><gpxtpx:TrackPointExtension>
          <gpxtpx:hr>150</gpxtpx:hr>
        </gpxtpx:TrackPointExtension></extensions>
      </trkpt>
      <trkpt lat="31.417091" lon="120.101662">
        <ele>10.0</ele>
        <time>2026-04-19T00:01:36Z</time>
        <extensions><gpxtpx:TrackPointExtension>
          <gpxtpx:hr>150</gpxtpx:hr>
        </gpxtpx:TrackPointExtension></extensions>
      </trkpt>
      <trkpt lat="31.417062" lon="120.101684">
        <ele>10.0</ele>
        <time>2026-04-19T00:01:37Z</time>
        <extensions><gpxtpx:TrackPointExtension>
          <gpxtpx:hr>150</gpxtpx:hr>
        </gpxtpx:TrackPointExtension></extensions>
      </trkpt>
      <trkpt lat="31.417033" lon="120.101706">
        <ele>10.0</ele>
        <time>2026-04-19T00:01:38Z</time>
        <extensions><gpxtpx:TrackPointExtension>
          <gpxtpx:hr>150</gpxtpx:hr>
        </gpxtpx:TrackPointExtension></extensions>
      </trkpt>
      <trkpt lat="31.417004" lon="120.101727">
        <ele>10.0</ele>
        <time>2026-04-19T00:01:39Z</time>
        <extensions><gpxtpx:TrackPointExtension>
          <gpxtpx:hr>150</gpxtpx:hr>
        </gpxtpx:TrackPointExtension></extensions>
      </trkpt>
      <trkpt lat="31.416973" lon="120.101747">
        <ele>10.0</ele>
        <time>2026-04-19T00:01:40Z</time>
        <extensions><gpxtpx:TrackPointExtension>
          <gpxtpx:hr>150</gpxtpx:hr>
        </gpxtpx:TrackPointExtension></extensions>
      </trkpt>
      <trkpt lat="31.416943" lon="120.101768">
        <ele>10.0</ele>
        <time>2026-04-19T00:01:41Z</time>
        <extensions><gpxtpx:TrackPointExtension>
          <gpxtpx:hr>150</gpxtpx:hr>
        </gpxtpx:TrackPointExtension></extensions>
      </trkpt>
      <trkpt lat="31.416911" lon="120.101789">
        <ele>10.0</ele>
        <time>2026-04-19T00:01:42Z</time>
        <extensions><gpxtpx:TrackPointExtension>
          <gpxtpx:hr>150</gpxtpx:hr>
        </gpxtpx:TrackPointExtension></extensions>
      </trkpt>
      <trkpt lat="31.41688" lon="120.10181">
        <ele>10.0</ele>
        <time>2026-04-19T00:01:43Z</time>
        <extensions><gpxtpx:TrackPointExtension>
          <gpxtpx:hr>150</gpxtpx:hr>
        </gpxtpx:TrackPointExtension></extensions>
      </trkpt>
      <trkpt lat="31.416847" lon="120.10183">
        <ele>10.0</ele>
        <time>2026-04-19T00:01:44Z</time>
        <extensions><gpxtpx:TrackPointExtension>
          <gpxtpx:hr>150</gpxtpx:hr>
        </gpxtpx:TrackPointExtension></extensions>
      </trkpt>
      <trkpt lat="31.416815" lon="120.10185">
        <ele>10.0</ele>
        <time>2026-04-19T00:01:45Z</time>
        <extensions><gpxtpx:TrackPointExtension>
          <gpxtpx:hr>150</gpxtpx:hr>
        </gpxtpx:TrackPointExtension></extensions>
      </trkpt>
      <trkpt lat="31.416781" lon="120.101869">
        <ele>10.0</ele>
        <time>2026-04-19T00:01:46Z</time>
        <extensions><gpxtpx:TrackPointExtension>
          <gpxtpx:hr>150</gpxtpx:hr>
        </gpxtpx:TrackPointExtension></extensions>
      </trkpt>
      <trkpt lat="31.416747" lon="120.101888">
        <ele>10.0</ele>
        <time>2026-04-19T00:01:47Z</time>
        <extensions><gpxtpx:TrackPointExtension>
          <gpxtpx:hr>150</gpxtpx:hr>
        </gpxtpx:TrackPointExtension></extensions>
      </trkpt>
      <trkpt lat="31.416713" lon="120.101907">
        <ele>10.0</ele>
        <time>2026-04-19T00:01:48Z</time>
        <extensions><gpxtpx:TrackPointExtension>
          <gpxtpx:hr>150</gpxtpx:hr>
        </gpxtpx:TrackPointExtension></extensions>
      </trkpt>
      <trkpt lat="31.416678" lon="120.101926">
        <ele>10.0</ele>
        <time>2026-04-19T00:01:49Z</time>
        <extensions><gpxtpx:TrackPointExtension>
          <gpxtpx:hr>150</gpxtpx:hr>
        </gpxtpx:TrackPointExtension></extensions>
      </trkpt>
      <trkpt lat="31.416645" lon="120.101945">
        <ele>10.0</ele>
        <time>2026-04-19T00:01:50Z</time>
        <extensions><gpxtpx:TrackPointExtension>
          <gpxtpx:hr>150</gpxtpx:hr>
        </gpxtpx:TrackPointExtension></extensions>
      </trkpt>
      <trkpt lat="31.416611" lon="120.101964">
        <ele>10.0</ele>
        <time>2026-04-19T00:01:51Z</time>
        <extensions><gpxtpx:TrackPointExtension>
          <gpxtpx:hr>151</gpxtpx:hr>
        </gpxtpx:TrackPointExtension></extensions>
      </trkpt>
      <trkpt lat="31.416576" lon="120.101984">
        <ele>10.0</ele>
        <time>2026-04-19T00:01:52Z</time>
        <extensions><gpxtpx:TrackPointExtension>
          <gpxtpx:hr>152</gpxtpx:hr>
        </gpxtpx:TrackPointExtension></extensions>
      </trkpt>
      <trkpt lat="31.416541" lon="120.102004">
        <ele>10.0</ele>
        <time>2026-04-19T00:01:53Z</time>
        <extensions><gpxtpx:TrackPointExtension>
          <gpxtpx:hr>153</gpxtpx:hr>
        </gpxtpx:TrackPointExtension></extensions>
      </trkpt>
      <trkpt lat="31.416507" lon="120.102024">
        <ele>10.0</ele>
        <time>2026-04-19T00:01:54Z</time>
        <extensions><gpxtpx:TrackPointExtension>
          <gpxtpx:hr>154</gpxtpx:hr>
        </gpxtpx:TrackPointExtension></extensions>
      </trkpt>
      <trkpt lat="31.416472" lon="120.102044">
        <ele>10.0</ele>
        <time>2026-04-19T00:01:55Z</time>
        <extensions><gpxtpx:TrackPointExtension>
          <gpxtpx:hr>154</gpxtpx:hr>
        </gpxtpx:TrackPointExtension></extensions>
      </trkpt>
      <trkpt lat="31.416438" lon="120.102065">
        <ele>10.0</ele>
        <time>2026-04-19T00:01:56Z</time>
        <extensions><gpxtpx:TrackPointExtension>
          <gpxtpx:hr>154</gpxtpx:hr>
        </gpxtpx:TrackPointExtension></extensions>
      </trkpt>
      <trkpt lat="31.416404" lon="120.102086">
        <ele>10.0</ele>
        <time>2026-04-19T00:01:57Z</time>
        <extensions><gpxtpx:TrackPointExtension>
          <gpxtpx:hr>155</gpxtpx:hr>
        </gpxtpx:TrackPointExtension></extensions>
      </trkpt>
      <trkpt lat="31.41637" lon="120.102108">
        <ele>10.0</ele>
        <time>2026-04-19T00:01:58Z</time>
        <extensions><gpxtpx:TrackPointExtension>
          <gpxtpx:hr>155</gpxtpx:hr>
        </gpxtpx:TrackPointExtension></extensions>
      </trkpt>
      <trkpt lat="31.416336" lon="120.10213">
        <ele>10.0</ele>
        <time>2026-04-19T00:01:59Z</time>
        <extensions><gpxtpx:TrackPointExtension>
          <gpxtpx:hr>156</gpxtpx:hr>
        </gpxtpx:TrackPointExtension></extensions>
      </trkpt>
      <trkpt lat="31.416303" lon="120.102152">
        <ele>10.0</ele>
        <time>2026-04-19T00:02:00Z</time>
        <extensions><gpxtpx:TrackPointExtension>
          <gpxtpx:hr>155</gpxtpx:hr>
        </gpxtpx:TrackPointExtension></extensions>
      </trkpt>
      <trkpt lat="31.41627" lon="120.102174">
        <ele>10.0</ele>
        <time>2026-04-19T00:02:01Z</time>
        <extensions><gpxtpx:TrackPointExtension>
          <gpxtpx:hr>156</gpxtpx:hr>
        </gpxtpx:TrackPointExtension></extensions>
      </trkpt>
      <trkpt lat="31.416237" lon="120.102197">
        <ele>10.0</ele>
        <time>2026-04-19T00:02:02Z</time>
        <extensions><gpxtpx:TrackPointExtension>
          <gpxtpx:hr>156</gpxtpx:hr>
        </gpxtpx:TrackPointExtension></extensions>
      </trkpt>
      <trkpt lat="31.416205" lon="120.102219">
        <ele>10.0</ele>
        <time>2026-04-19T00:02:03Z</time>
        <extensions><gpxtpx:TrackPointExtension>
          <gpxtpx:hr>155</gpxtpx:hr>
        </gpxtpx:TrackPointExtension></extensions>
      </trkpt>
      <trkpt lat="31.416172" lon="120.102242">
        <ele>10.0</ele>
        <time>2026-04-19T00:02:04Z</time>
        <extensions><gpxtpx:TrackPointExtension>
          <gpxtpx:hr>156</gpxtpx:hr>
        </gpxtpx:TrackPointExtension></extensions>
      </trkpt>
      <trkpt lat="31.416138" lon="120.102264">
        <ele>10.0</ele>
        <time>2026-04-19T00:02:05Z</time>
        <extensions><gpxtpx:TrackPointExtension>
          <gpxtpx:hr>155</gpxtpx:hr>
        </gpxtpx:TrackPointExtension></extensions>
      </trkpt>
      <trkpt lat="31.416105" lon="120.102288">
        <ele>10.0</ele>
        <time>2026-04-19T00:02:06Z</time>
        <extensions><gpxtpx:TrackPointExtension>
          <gpxtpx:hr>156</gpxtpx:hr>
        </gpxtpx:TrackPointExtension></extensions>
      </trkpt>
      <trkpt lat="31.416071" lon="120.102311">
        <ele>10.0</ele>
        <time>2026-04-19T00:02:07Z</time>
        <extensions><gpxtpx:TrackPointExtension>
          <gpxtpx:hr>155</gpxtpx:hr>
        </gpxtpx:TrackPointExtension></extensions>
      </trkpt>
      <trkpt lat="31.416037" lon="120.102334">
        <ele>10.0</ele>
        <time>2026-04-19T00:02:08Z</time>
        <extensions><gpxtpx:TrackPointExtension>
          <gpxtpx:hr>156</gpxtpx:hr>
        </gpxtpx:TrackPointExtension></extensions>
      </trkpt>
      <trkpt lat="31.416003" lon="120.102357">
        <ele>10.0</ele>
        <time>2026-04-19T00:02:09Z</time>
        <extensions><gpxtpx:TrackPointExtension>
          <gpxtpx:hr>156</gpxtpx:hr>
        </gpxtpx:TrackPointExtension></extensions>
      </trkpt>
      <trkpt lat="31.415971" lon="120.102381">
        <ele>10.0</ele>
        <time>2026-04-19T00:02:10Z</time>
        <extensions><gpxtpx:TrackPointExtension>
          <gpxtpx:hr>156</gpxtpx:hr>
        </gpxtpx:TrackPointExtension></extensions>
      </trkpt>
      <trkpt lat="31.415938" lon="120.102404">
        <ele>10.0</ele>
        <time>2026-04-19T00:02:11Z</time>
        <extensions><gpxtpx:TrackPointExtension>
          <gpxtpx:hr>156</gpxtpx:hr>
        </gpxtpx:TrackPointExtension></extensions>
      </trkpt>
      <trkpt lat="31.415906" lon="120.102429">
        <ele>10.0</ele>
        <time>2026-04-19T00:02:12Z</time>
        <extensions><gpxtpx:TrackPointExtension>
          <gpxtpx:hr>156</gpxtpx:hr>
        </gpxtpx:TrackPointExtension></extensions>
      </trkpt>
      <trkpt lat="31.415874" lon="120.102454">
        <ele>10.0</ele>
        <time>2026-04-19T00:02:13Z</time>
        <extensions><gpxtpx:TrackPointExtension>
          <gpxtpx:hr>156</gpxtpx:hr>
        </gpxtpx:TrackPointExtension></extensions>
      </trkpt>
      <trkpt lat="31.415842" lon="120.10248">
        <ele>10.0</ele>
        <time>2026-04-19T00:02:14Z</time>
        <extensions><gpxtpx:TrackPointExtension>
          <gpxtpx:hr>155</gpxtpx:hr>
        </gpxtpx:TrackPointExtension></extensions>
      </trkpt>
      <trkpt lat="31.415811" lon="120.102507">
        <ele>10.0</ele>
        <time>2026-04-19T00:02:15Z</time>
        <extensions><gpxtpx:TrackPointExtension>
          <gpxtpx:hr>155</gpxtpx:hr>
        </gpxtpx:TrackPointExtension></extensions>
      </trkpt>
      <trkpt lat="31.415778" lon="120.102533">
        <ele>10.0</ele>
        <time>2026-04-19T00:02:16Z</time>
        <extensions><gpxtpx:TrackPointExtension>
          <gpxtpx:hr>155</gpxtpx:hr>
        </gpxtpx:TrackPointExtension></extensions>
      </trkpt>
      <trkpt lat="31.415746" lon="120.102558">
        <ele>10.0</ele>
        <time>2026-04-19T00:02:17Z</time>
        <extensions><gpxtpx:TrackPointExtension>
          <gpxtpx:hr>155</gpxtpx:hr>
        </gpxtpx:TrackPointExtension></extensions>
      </trkpt>
      <trkpt lat="31.415713" lon="120.102582">
        <ele>10.0</ele>
        <time>2026-04-19T00:02:18Z</time>
        <extensions><gpxtpx:TrackPointExtension>
          <gpxtpx:hr>156</gpxtpx:hr>
        </gpxtpx:TrackPointExtension></extensions>
      </trkpt>
      <trkpt lat="31.415679" lon="120.102606">
        <ele>10.0</ele>
        <time>2026-04-19T00:02:19Z</time>
        <extensions><gpxtpx:TrackPointExtension>
          <gpxtpx:hr>156</gpxtpx:hr>
        </gpxtpx:TrackPointExtension></extensions>
      </trkpt>
      <trkpt lat="31.415646" lon="120.102628">
        <ele>10.0</ele>
        <time>2026-04-19T00:02:20Z</time>
        <extensions><gpxtpx:TrackPointExtension>
          <gpxtpx:hr>156</gpxtpx:hr>
        </gpxtpx:TrackPointExtension></extensions>
      </trkpt>
      <trkpt lat="31.415613" lon="120.10265">
        <ele>10.0</ele>
        <time>2026-04-19T00:02:21Z</time>
        <extensions><gpxtpx:TrackPointExtension>
          <gpxtpx:hr>156</gpxtpx:hr>
        </gpxtpx:TrackPointExtension></extensions>
      </trkpt>
      <trkpt lat="31.415578" lon="120.102672">
        <ele>10.0</ele>
        <time>2026-04-19T00:02:22Z</time>
        <extensions><gpxtpx:TrackPointExtension>
          <gpxtpx:hr>156</gpxtpx:hr>
        </gpxtpx:TrackPointExtension></extensions>
      </trkpt>
      <trkpt lat="31.415544" lon="120.102693">
        <ele>10.0</ele>
        <time>2026-04-19T00:02:23Z</time>
        <extensions><gpxtpx:TrackPointExtension>
          <gpxtpx:hr>157</gpxtpx:hr>
        </gpxtpx:TrackPointExtension></extensions>
      </trkpt>
      <trkpt lat="31.415511" lon="120.102716">
        <ele>10.0</ele>
        <time>2026-04-19T00:02:24Z</time>
        <extensions><gpxtpx:TrackPointExtension>
          <gpxtpx:hr>157</gpxtpx:hr>
        </gpxtpx:TrackPointExtension></extensions>
      </trkpt>
      <trkpt lat="31.415477" lon="120.102739">
        <ele>10.0</ele>
        <time>2026-04-19T00:02:25Z</time>
        <extensions><gpxtpx:TrackPointExtension>
          <gpxtpx:hr>157</gpxtpx:hr>
        </gpxtpx:TrackPointExtension></extensions>
      </trkpt>
      <trkpt lat="31.415444" lon="120.102762">
        <ele>10.0</ele>
        <time>2026-04-19T00:02:26Z</time>
        <extensions><gpxtpx:TrackPointExtension>
          <gpxtpx:hr>157</gpxtpx:hr>
        </gpxtpx:TrackPointExtension></extensions>
      </trkpt>
      <trkpt lat="31.415411" lon="120.102786">
        <ele>10.0</ele>
        <time>2026-04-19T00:02:27Z</time>
        <extensions><gpxtpx:TrackPointExtension>
          <gpxtpx:hr>157</gpxtpx:hr>
        </gpxtpx:TrackPointExtension></extensions>
      </trkpt>
      <trkpt lat="31.415377" lon="120.102808">
        <ele>10.0</ele>
        <time>2026-04-19T00:02:28Z</time>
        <extensions><gpxtpx:TrackPointExtension>
          <gpxtpx:hr>158</gpxtpx:hr>
        </gpxtpx:TrackPointExtension></extensions>
      </trkpt>
      <trkpt lat="31.415343" lon="120.102831">
        <ele>10.0</ele>
        <time>2026-04-19T00:02:29Z</time>
        <extensions><gpxtpx:TrackPointExtension>
          <gpxtpx:hr>158</gpxtpx:hr>
        </gpxtpx:TrackPointExtension></extensions>
      </trkpt>
      <trkpt lat="31.415309" lon="120.102851">
        <ele>10.0</ele>
        <time>2026-04-19T00:02:30Z</time>
        <extensions><gpxtpx:TrackPointExtension>
          <gpxtpx:hr>159</gpxtpx:hr>
        </gpxtpx:TrackPointExtension></extensions>
      </trkpt>
      <trkpt lat="31.415274" lon="120.10287">
        <ele>10.0</ele>
        <time>2026-04-19T00:02:31Z</time>
        <extensions><gpxtpx:TrackPointExtension>
          <gpxtpx:hr>159</gpxtpx:hr>
        </gpxtpx:TrackPointExtension></extensions>
      </trkpt>
      <trkpt lat="31.415243" lon="120.102889">
        <ele>10.0</ele>
        <time>2026-04-19T00:02:32Z</time>
        <extensions><gpxtpx:TrackPointExtension>
          <gpxtpx:hr>159</gpxtpx:hr>
        </gpxtpx:TrackPointExtension></extensions>
      </trkpt>
      <trkpt lat="31.415211" lon="120.102908">
        <ele>10.0</ele>
        <time>2026-04-19T00:02:33Z</time>
        <extensions><gpxtpx:TrackPointExtension>
          <gpxtpx:hr>159</gpxtpx:hr>
        </gpxtpx:TrackPointExtension></extensions>
      </trkpt>
      <trkpt lat="31.415182" lon="120.102929">
        <ele>10.0</ele>
        <time>2026-04-19T00:02:34Z</time>
        <extensions><gpxtpx:TrackPointExtension>
          <gpxtpx:hr>159</gpxtpx:hr>
        </gpxtpx:TrackPointExtension></extensions>
      </trkpt>
      <trkpt lat="31.415153" lon="120.10295">
        <ele>10.0</ele>
        <time>2026-04-19T00:02:35Z</time>
        <extensions><gpxtpx:TrackPointExtension>
          <gpxtpx:hr>159</gpxtpx:hr>
        </gpxtpx:TrackPointExtension></extensions>
      </trkpt>
      <trkpt lat="31.415124" lon="120.102971">
        <ele>10.0</ele>
        <time>2026-04-19T00:02:36Z</time>
        <extensions><gpxtpx:TrackPointExtension>
          <gpxtpx:hr>159</gpxtpx:hr>
        </gpxtpx:TrackPointExtension></extensions>
      </trkpt>
      <trkpt lat="31.415095" lon="120.102992">
        <ele>10.0</ele>
        <time>2026-04-19T00:02:37Z</time>
        <extensions><gpxtpx:TrackPointExtension>
          <gpxtpx:hr>159</gpxtpx:hr>
        </gpxtpx:TrackPointExtension></extensions>
      </trkpt>
      <trkpt lat="31.415065" lon="120.103013">
        <ele>10.0</ele>
        <time>2026-04-19T00:02:38Z</time>
        <extensions><gpxtpx:TrackPointExtension>
          <gpxtpx:hr>159</gpxtpx:hr>
        </gpxtpx:TrackPointExtension></extensions>
      </trkpt>
      <trkpt lat="31.415035" lon="120.103034">
        <ele>10.0</ele>
        <time>2026-04-19T00:02:39Z</time>
        <extensions><gpxtpx:TrackPointExtension>
          <gpxtpx:hr>159</gpxtpx:hr>
        </gpxtpx:TrackPointExtension></extensions>
      </trkpt>
      <trkpt lat="31.415004" lon="120.103056">
        <ele>10.0</ele>
        <time>2026-04-19T00:02:40Z</time>
        <extensions><gpxtpx:TrackPointExtension>
          <gpxtpx:hr>159</gpxtpx:hr>
        </gpxtpx:TrackPointExtension></extensions>
      </trkpt>
      <trkpt lat="31.414973" lon="120.103078">
        <ele>10.0</ele>
        <time>2026-04-19T00:02:41Z</time>
        <extensions><gpxtpx:TrackPointExtension>
          <gpxtpx:hr>160</gpxtpx:hr>
        </gpxtpx:TrackPointExtension></extensions>
      </trkpt>
      <trkpt lat="31.414941" lon="120.103101">
        <ele>10.0</ele>
        <time>2026-04-19T00:02:42Z</time>
        <extensions><gpxtpx:TrackPointExtension>
          <gpxtpx:hr>160</gpxtpx:hr>
        </gpxtpx:TrackPointExtension></extensions>
      </trkpt>
      <trkpt lat="31.41491" lon="120.103124">
        <ele>10.0</ele>
        <time>2026-04-19T00:02:43Z</time>
        <extensions><gpxtpx:TrackPointExtension>
          <gpxtpx:hr>160</gpxtpx:hr>
        </gpxtpx:TrackPointExtension></extensions>
      </trkpt>
      <trkpt lat="31.414879" lon="120.103148">
        <ele>10.0</ele>
        <time>2026-04-19T00:02:44Z</time>
        <extensions><gpxtpx:TrackPointExtension>
          <gpxtpx:hr>160</gpxtpx:hr>
        </gpxtpx:TrackPointExtension></extensions>
      </trkpt>
      <trkpt lat="31.414849" lon="120.103172">
        <ele>10.0</ele>
        <time>2026-04-19T00:02:45Z</time>
        <extensions><gpxtpx:TrackPointExtension>
          <gpxtpx:hr>160</gpxtpx:hr>
        </gpxtpx:TrackPointExtension></extensions>
      </trkpt>
      <trkpt lat="31.414819" lon="120.103195">
        <ele>10.0</ele>
        <time>2026-04-19T00:02:46Z</time>
        <extensions><gpxtpx:TrackPointExtension>
          <gpxtpx:hr>160</gpxtpx:hr>
        </gpxtpx:TrackPointExtension></extensions>
      </trkpt>
      <trkpt lat="31.414789" lon="120.103218">
        <ele>9.0</ele>
        <time>2026-04-19T00:02:47Z</time>
        <extensions><gpxtpx:TrackPointExtension>
          <gpxtpx:hr>160</gpxtpx:hr>
        </gpxtpx:TrackPointExtension></extensions>
      </trkpt>
      <trkpt lat="31.414758" lon="120.103239">
        <ele>9.0</ele>
        <time>2026-04-19T00:02:48Z</time>
        <extensions><gpxtpx:TrackPointExtension>
          <gpxtpx:hr>161</gpxtpx:hr>
        </gpxtpx:TrackPointExtension></extensions>
      </trkpt>
      <trkpt lat="31.414728" lon="120.10326">
        <ele>9.0</ele>
        <time>2026-04-19T00:02:49Z</time>
        <extensions><gpxtpx:TrackPointExtension>
          <gpxtpx:hr>161</gpxtpx:hr>
        </gpxtpx:TrackPointExtension></extensions>
      </trkpt>
      <trkpt lat="31.414696" lon="120.103282">
        <ele>9.0</ele>
        <time>2026-04-19T00:02:50Z</time>
        <extensions><gpxtpx:TrackPointExtension>
          <gpxtpx:hr>161</gpxtpx:hr>
        </gpxtpx:TrackPointExtension></extensions>
      </trkpt>
      <trkpt lat="31.414665" lon="120.103304">
        <ele>9.0</ele>
        <time>2026-04-19T00:02:51Z</time>
        <extensions><gpxtpx:TrackPointExtension>
          <gpxtpx:hr>161</gpxtpx:hr>
        </gpxtpx:TrackPointExtension></extensions>
      </trkpt>
      <trkpt lat="31.414632" lon="120.103327">
        <ele>9.0</ele>
        <time>2026-04-19T00:02:52Z</time>
        <extensions><gpxtpx:TrackPointExtension>
          <gpxtpx:hr>161</gpxtpx:hr>
        </gpxtpx:TrackPointExtension></extensions>
      </trkpt>
      <trkpt lat="31.4146" lon="120.103349">
        <ele>9.0</ele>
        <time>2026-04-19T00:02:53Z</time>
        <extensions><gpxtpx:TrackPointExtension>
          <gpxtpx:hr>161</gpxtpx:hr>
        </gpxtpx:TrackPointExtension></extensions>
      </trkpt>
      <trkpt lat="31.414566" lon="120.10337">
        <ele>9.0</ele>
        <time>2026-04-19T00:02:54Z</time>
        <extensions><gpxtpx:TrackPointExtension>
          <gpxtpx:hr>161</gpxtpx:hr>
        </gpxtpx:TrackPointExtension></extensions>
      </trkpt>
      <trkpt lat="31.414533" lon="120.10339">
        <ele>9.0</ele>
        <time>2026-04-19T00:02:55Z</time>
        <extensions><gpxtpx:TrackPointExtension>
          <gpxtpx:hr>162</gpxtpx:hr>
        </gpxtpx:TrackPointExtension></extensions>
      </trkpt>
      <trkpt lat="31.4145" lon="120.10341">
        <ele>9.0</ele>
        <time>2026-04-19T00:02:56Z</time>
        <extensions><gpxtpx:TrackPointExtension>
          <gpxtpx:hr>163</gpxtpx:hr>
        </gpxtpx:TrackPointExtension></extensions>
      </trkpt>
      <trkpt lat="31.414466" lon="120.10343">
        <ele>9.0</ele>
        <time>2026-04-19T00:02:57Z</time>
        <extensions><gpxtpx:TrackPointExtension>
          <gpxtpx:hr>163</gpxtpx:hr>
        </gpxtpx:TrackPointExtension></extensions>
      </trkpt>
      <trkpt lat="31.414433" lon="120.10345">
        <ele>9.0</ele>
        <time>2026-04-19T00:02:58Z</time>
        <extensions><gpxtpx:TrackPointExtension>
          <gpxtpx:hr>163</gpxtpx:hr>
        </gpxtpx:TrackPointExtension></extensions>
      </trkpt>
      <trkpt lat="31.4144" lon="120.103469">
        <ele>9.0</ele>
        <time>2026-04-19T00:02:59Z</time>
        <extensions><gpxtpx:TrackPointExtension>
          <gpxtpx:hr>164</gpxtpx:hr>
        </gpxtpx:TrackPointExtension></extensions>
      </trkpt>
      <trkpt lat="31.414367" lon="120.10349">
        <ele>9.0</ele>
        <time>2026-04-19T00:03:00Z</time>
        <extensions><gpxtpx:TrackPointExtension>
          <gpxtpx:hr>164</gpxtpx:hr>
        </gpxtpx:TrackPointExtension></extensions>
      </trkpt>
      <trkpt lat="31.414334" lon="120.10351">
        <ele>9.0</ele>
        <time>2026-04-19T00:03:01Z</time>
        <extensions><gpxtpx:TrackPointExtension>
          <gpxtpx:hr>165</gpxtpx:hr>
        </gpxtpx:TrackPointExtension></extensions>
      </trkpt>
      <trkpt lat="31.414301" lon="120.103532">
        <ele>9.0</ele>
        <time>2026-04-19T00:03:02Z</time>
        <extensions><gpxtpx:TrackPointExtension>
          <gpxtpx:hr>164</gpxtpx:hr>
        </gpxtpx:TrackPointExtension></extensions>
      </trkpt>
      <trkpt lat="31.414267" lon="120.103553">
        <ele>9.0</ele>
        <time>2026-04-19T00:03:03Z</time>
        <extensions><gpxtpx:TrackPointExtension>
          <gpxtpx:hr>164</gpxtpx:hr>
        </gpxtpx:TrackPointExtension></extensions>
      </trkpt>
      <trkpt lat="31.414233" lon="120.103574">
        <ele>9.0</ele>
        <time>2026-04-19T00:03:04Z</time>
        <extensions><gpxtpx:TrackPointExtension>
          <gpxtpx:hr>164</gpxtpx:hr>
        </gpxtpx:TrackPointExtension></extensions>
      </trkpt>
      <trkpt lat="31.414199" lon="120.103595">
        <ele>9.0</ele>
        <time>2026-04-19T00:03:05Z</time>
        <extensions><gpxtpx:TrackPointExtension>
          <gpxtpx:hr>162</gpxtpx:hr>
        </gpxtpx:TrackPointExtension></extensions>
      </trkpt>
      <trkpt lat="31.414164" lon="120.103615">
        <ele>9.0</ele>
        <time>2026-04-19T00:03:06Z</time>
        <extensions><gpxtpx:TrackPointExtension>
          <gpxtpx:hr>162</gpxtpx:hr>
        </gpxtpx:TrackPointExtension></extensions>
      </trkpt>
      <trkpt lat="31.41413" lon="120.103635">
        <ele>9.0</ele>
        <time>2026-04-19T00:03:07Z</time>
        <extensions><gpxtpx:TrackPointExtension>
          <gpxtpx:hr>161</gpxtpx:hr>
        </gpxtpx:TrackPointExtension></extensions>
      </trkpt>
      <trkpt lat="31.414094" lon="120.103652">
        <ele>9.0</ele>
        <time>2026-04-19T00:03:08Z</time>
        <extensions><gpxtpx:TrackPointExtension>
          <gpxtpx:hr>161</gpxtpx:hr>
        </gpxtpx:TrackPointExtension></extensions>
      </trkpt>
      <trkpt lat="31.414058" lon="120.103668">
        <ele>9.0</ele>
        <time>2026-04-19T00:03:09Z</time>
        <extensions><gpxtpx:TrackPointExtension>
          <gpxtpx:hr>161</gpxtpx:hr>
        </gpxtpx:TrackPointExtension></extensions>
      </trkpt>
      <trkpt lat="31.41402" lon="120.103678">
        <ele>9.0</ele>
        <time>2026-04-19T00:03:10Z</time>
        <extensions><gpxtpx:TrackPointExtension>
          <gpxtpx:hr>162</gpxtpx:hr>
        </gpxtpx:TrackPointExtension></extensions>
      </trkpt>
      <trkpt lat="31.413982" lon="120.103689">
        <ele>9.0</ele>
        <time>2026-04-19T00:03:11Z</time>
        <extensions><gpxtpx:TrackPointExtension>
          <gpxtpx:hr>162</gpxtpx:hr>
        </gpxtpx:TrackPointExtension></extensions>
      </trkpt>
      <trkpt lat="31.413943" lon="120.103691">
        <ele>9.0</ele>
        <time>2026-04-19T00:03:12Z</time>
        <extensions><gpxtpx:TrackPointExtension>
          <gpxtpx:hr>162</gpxtpx:hr>
        </gpxtpx:TrackPointExtension></extensions>
      </trkpt>
      <trkpt lat="31.413904" lon="120.103694">
        <ele>9.0</ele>
        <time>2026-04-19T00:03:13Z</time>
        <extensions><gpxtpx:TrackPointExtension>
          <gpxtpx:hr>162</gpxtpx:hr>
        </gpxtpx:TrackPointExtension></extensions>
      </trkpt>
      <trkpt lat="31.413866" lon="120.10369">
        <ele>9.0</ele>
        <time>2026-04-19T00:03:14Z</time>
        <extensions><gpxtpx:TrackPointExtension>
          <gpxtpx:hr>163</gpxtpx:hr>
        </gpxtpx:TrackPointExtension></extensions>
      </trkpt>
      <trkpt lat="31.413827" lon="120.103685">
        <ele>9.0</ele>
        <time>2026-04-19T00:03:15Z</time>
        <extensions><gpxtpx:TrackPointExtension>
          <gpxtpx:hr>163</gpxtpx:hr>
        </gpxtpx:TrackPointExtension></extensions>
      </trkpt>
      <trkpt lat="31.413789" lon="120.103675">
        <ele>9.0</ele>
        <time>2026-04-19T00:03:16Z</time>
        <extensions><gpxtpx:TrackPointExtension>
          <gpxtpx:hr>163</gpxtpx:hr>
        </gpxtpx:TrackPointExtension></extensions>
      </trkpt>
      <trkpt lat="31.413752" lon="120.103665">
        <ele>9.0</ele>
        <time>2026-04-19T00:03:17Z</time>
        <extensions><gpxtpx:TrackPointExtension>
          <gpxtpx:hr>164</gpxtpx:hr>
        </gpxtpx:TrackPointExtension></extensions>
      </trkpt>
      <trkpt lat="31.413717" lon="120.103648">
        <ele>9.0</ele>
        <time>2026-04-19T00:03:18Z</time>
        <extensions><gpxtpx:TrackPointExtension>
          <gpxtpx:hr>165</gpxtpx:hr>
        </gpxtpx:TrackPointExtension></extensions>
      </trkpt>
      <trkpt lat="31.413683" lon="120.103631">
        <ele>9.0</ele>
        <time>2026-04-19T00:03:19Z</time>
        <extensions><gpxtpx:TrackPointExtension>
          <gpxtpx:hr>163</gpxtpx:hr>
        </gpxtpx:TrackPointExtension></extensions>
      </trkpt>
      <trkpt lat="31.41365" lon="120.103608">
        <ele>9.0</ele>
        <time>2026-04-19T00:03:20Z</time>
        <extensions><gpxtpx:TrackPointExtension>
          <gpxtpx:hr>162</gpxtpx:hr>
        </gpxtpx:TrackPointExtension></extensions>
      </trkpt>
      <trkpt lat="31.413618" lon="120.103585">
        <ele>9.0</ele>
        <time>2026-04-19T00:03:21Z</time>
        <extensions><gpxtpx:TrackPointExtension>
          <gpxtpx:hr>163</gpxtpx:hr>
        </gpxtpx:TrackPointExtension></extensions>
      </trkpt>
      <trkpt lat="31.413587" lon="120.103558">
        <ele>9.0</ele>
        <time>2026-04-19T00:03:22Z</time>
        <extensions><gpxtpx:TrackPointExtension>
          <gpxtpx:hr>162</gpxtpx:hr>
        </gpxtpx:TrackPointExtension></extensions>
      </trkpt>
      <trkpt lat="31.413556" lon="120.103531">
        <ele>9.0</ele>
        <time>2026-04-19T00:03:23Z</time>
        <extensions><gpxtpx:TrackPointExtension>
          <gpxtpx:hr>162</gpxtpx:hr>
        </gpxtpx:TrackPointExtension></extensions>
      </trkpt>
      <trkpt lat="31.413526" lon="120.103501">
        <ele>9.0</ele>
        <time>2026-04-19T00:03:24Z</time>
        <extensions><gpxtpx:TrackPointExtension>
          <gpxtpx:hr>162</gpxtpx:hr>
        </gpxtpx:TrackPointExtension></extensions>
      </trkpt>
      <trkpt lat="31.413496" lon="120.103472">
        <ele>9.0</ele>
        <time>2026-04-19T00:03:25Z</time>
        <extensions><gpxtpx:TrackPointExtension>
          <gpxtpx:hr>162</gpxtpx:hr>
        </gpxtpx:TrackPointExtension></extensions>
      </trkpt>
      <trkpt lat="31.413468" lon="120.103442">
        <ele>9.0</ele>
        <time>2026-04-19T00:03:26Z</time>
        <extensions><gpxtpx:TrackPointExtension>
          <gpxtpx:hr>161</gpxtpx:hr>
        </gpxtpx:TrackPointExtension></extensions>
      </trkpt>
      <trkpt lat="31.41344" lon="120.103413">
        <ele>9.0</ele>
        <time>2026-04-19T00:03:27Z</time>
        <extensions><gpxtpx:TrackPointExtension>
          <gpxtpx:hr>161</gpxtpx:hr>
        </gpxtpx:TrackPointExtension></extensions>
      </trkpt>
      <trkpt lat="31.413412" lon="120.103386">
        <ele>9.0</ele>
        <time>2026-04-19T00:03:28Z</time>
        <extensions><gpxtpx:TrackPointExtension>
          <gpxtpx:hr>161</gpxtpx:hr>
        </gpxtpx:TrackPointExtension></extensions>
      </trkpt>
      <trkpt lat="31.413384" lon="120.103358">
        <ele>9.0</ele>
        <time>2026-04-19T00:03:29Z</time>
        <extensions><gpxtpx:TrackPointExtension>
          <gpxtpx:hr>161</gpxtpx:hr>
        </gpxtpx:TrackPointExtension></extensions>
      </trkpt>
      <trkpt lat="31.413354" lon="120.103332">
        <ele>9.0</ele>
        <time>2026-04-19T00:03:30Z</time>
        <extensions><gpxtpx:TrackPointExtension>
          <gpxtpx:hr>162</gpxtpx:hr>
        </gpxtpx:TrackPointExtension></extensions>
      </trkpt>
      <trkpt lat="31.413325" lon="120.103306">
        <ele>9.0</ele>
        <time>2026-04-19T00:03:31Z</time>
        <extensions><gpxtpx:TrackPointExtension>
          <gpxtpx:hr>161</gpxtpx:hr>
        </gpxtpx:TrackPointExtension></extensions>
      </trkpt>
      <trkpt lat="31.413294" lon="120.10328">
        <ele>9.0</ele>
        <time>2026-04-19T00:03:32Z</time>
        <extensions><gpxtpx:TrackPointExtension>
          <gpxtpx:hr>161</gpxtpx:hr>
        </gpxtpx:TrackPointExtension></extensions>
      </trkpt>
      <trkpt lat="31.413264" lon="120.103255">
        <ele>9.0</ele>
        <time>2026-04-19T00:03:33Z</time>
        <extensions><gpxtpx:TrackPointExtension>
          <gpxtpx:hr>161</gpxtpx:hr>
        </gpxtpx:TrackPointExtension></extensions>
      </trkpt>
      <trkpt lat="31.413233" lon="120.103229">
        <ele>9.0</ele>
        <time>2026-04-19T00:03:34Z</time>
        <extensions><gpxtpx:TrackPointExtension>
          <gpxtpx:hr>161</gpxtpx:hr>
        </gpxtpx:TrackPointExtension></extensions>
      </trkpt>
      <trkpt lat="31.413202" lon="120.103204">
        <ele>9.0</ele>
        <time>2026-04-19T00:03:35Z</time>
        <extensions><gpxtpx:TrackPointExtension>
          <gpxtpx:hr>162</gpxtpx:hr>
        </gpxtpx:TrackPointExtension></extensions>
      </trkpt>
      <trkpt lat="31.413171" lon="120.103179">
        <ele>9.0</ele>
        <time>2026-04-19T00:03:36Z</time>
        <extensions><gpxtpx:TrackPointExtension>
          <gpxtpx:hr>162</gpxtpx:hr>
        </gpxtpx:TrackPointExtension></extensions>
      </trkpt>
      <trkpt lat="31.41314" lon="120.103153">
        <ele>9.0</ele>
        <time>2026-04-19T00:03:37Z</time>
        <extensions><gpxtpx:TrackPointExtension>
          <gpxtpx:hr>162</gpxtpx:hr>
        </gpxtpx:TrackPointExtension></extensions>
      </trkpt>
      <trkpt lat="31.413109" lon="120.103128">
        <ele>9.0</ele>
        <time>2026-04-19T00:03:38Z</time>
        <extensions><gpxtpx:TrackPointExtension>
          <gpxtpx:hr>162</gpxtpx:hr>
        </gpxtpx:TrackPointExtension></extensions>
      </trkpt>
      <trkpt lat="31.413078" lon="120.103103">
        <ele>9.0</ele>
        <time>2026-04-19T00:03:39Z</time>
        <extensions><gpxtpx:TrackPointExtension>
          <gpxtpx:hr>162</gpxtpx:hr>
        </gpxtpx:TrackPointExtension></extensions>
      </trkpt>
      <trkpt lat="31.413047" lon="120.103077">
        <ele>9.0</ele>
        <time>2026-04-19T00:03:40Z</time>
        <extensions><gpxtpx:TrackPointExtension>
          <gpxtpx:hr>163</gpxtpx:hr>
        </gpxtpx:TrackPointExtension></extensions>
      </trkpt>
      <trkpt lat="31.413015" lon="120.103052">
        <ele>9.0</ele>
        <time>2026-04-19T00:03:41Z</time>
        <extensions><gpxtpx:TrackPointExtension>
          <gpxtpx:hr>162</gpxtpx:hr>
        </gpxtpx:TrackPointExtension></extensions>
      </trkpt>
      <trkpt lat="31.412984" lon="120.103027">
        <ele>9.0</ele>
        <time>2026-04-19T00:03:42Z</time>
        <extensions><gpxtpx:TrackPointExtension>
          <gpxtpx:hr>162</gpxtpx:hr>
        </gpxtpx:TrackPointExtension></extensions>
      </trkpt>
      <trkpt lat="31.412953" lon="120.103002">
        <ele>9.0</ele>
        <time>2026-04-19T00:03:43Z</time>
        <extensions><gpxtpx:TrackPointExtension>
          <gpxtpx:hr>162</gpxtpx:hr>
        </gpxtpx:TrackPointExtension></extensions>
      </trkpt>
      <trkpt lat="31.412922" lon="120.102977">
        <ele>9.0</ele>
        <time>2026-04-19T00:03:44Z</time>
        <extensions><gpxtpx:TrackPointExtension>
          <gpxtpx:hr>162</gpxtpx:hr>
        </gpxtpx:TrackPointExtension></extensions>
      </trkpt>
      <trkpt lat="31.412892" lon="120.102953">
        <ele>9.0</ele>
        <time>2026-04-19T00:03:45Z</time>
        <extensions><gpxtpx:TrackPointExtension>
          <gpxtpx:hr>162</gpxtpx:hr>
        </gpxtpx:TrackPointExtension></extensions>
      </trkpt>
      <trkpt lat="31.412862" lon="120.102928">
        <ele>10.0</ele>
        <time>2026-04-19T00:03:46Z</time>
        <extensions><gpxtpx:TrackPointExtension>
          <gpxtpx:hr>162</gpxtpx:hr>
        </gpxtpx:TrackPointExtension></extensions>
      </trkpt>
      <trkpt lat="31.412832" lon="120.102902">
        <ele>10.0</ele>
        <time>2026-04-19T00:03:47Z</time>
        <extensions><gpxtpx:TrackPointExtension>
          <gpxtpx:hr>162</gpxtpx:hr>
        </gpxtpx:TrackPointExtension></extensions>
      </trkpt>
      <trkpt lat="31.412803" lon="120.102876">
        <ele>10.0</ele>
        <time>2026-04-19T00:03:48Z</time>
        <extensions><gpxtpx:TrackPointExtension>
          <gpxtpx:hr>162</gpxtpx:hr>
        </gpxtpx:TrackPointExtension></extensions>
      </trkpt>
      <trkpt lat="31.412773" lon="120.10285">
        <ele>10.0</ele>
        <time>2026-04-19T00:03:49Z</time>
        <extensions><gpxtpx:TrackPointExtension>
          <gpxtpx:hr>162</gpxtpx:hr>
        </gpxtpx:TrackPointExtension></extensions>
      </trkpt>
      <trkpt lat="31.412743" lon="120.102823">
        <ele>10.0</ele>
        <time>2026-04-19T00:03:50Z</time>
        <extensions><gpxtpx:TrackPointExtension>
          <gpxtpx:hr>162</gpxtpx:hr>
        </gpxtpx:TrackPointExtension></extensions>
      </trkpt>
      <trkpt lat="31.412713" lon="120.102796">
        <ele>10.0</ele>
        <time>2026-04-19T00:03:51Z</time>
        <extensions><gpxtpx:TrackPointExtension>
          <gpxtpx:hr>162</gpxtpx:hr>
        </gpxtpx:TrackPointExtension></extensions>
      </trkpt>
      <trkpt lat="31.412682" lon="120.102768">
        <ele>10.0</ele>
        <time>2026-04-19T00:03:52Z</time>
        <extensions><gpxtpx:TrackPointExtension>
          <gpxtpx:hr>163</gpxtpx:hr>
        </gpxtpx:TrackPointExtension></extensions>
      </trkpt>
      <trkpt lat="31.412651" lon="120.102739">
        <ele>10.0</ele>
        <time>2026-04-19T00:03:53Z</time>
        <extensions><gpxtpx:TrackPointExtension>
          <gpxtpx:hr>162</gpxtpx:hr>
        </gpxtpx:TrackPointExtension></extensions>
      </trkpt>
      <trkpt lat="31.41262" lon="120.10271">
        <ele>10.0</ele>
        <time>2026-04-19T00:03:54Z</time>
        <extensions><gpxtpx:TrackPointExtension>
          <gpxtpx:hr>163</gpxtpx:hr>
        </gpxtpx:TrackPointExtension></extensions>
      </trkpt>
      <trkpt lat="31.412589" lon="120.102681">
        <ele>10.0</ele>
        <time>2026-04-19T00:03:55Z</time>
        <extensions><gpxtpx:TrackPointExtension>
          <gpxtpx:hr>163</gpxtpx:hr>
        </gpxtpx:TrackPointExtension></extensions>
      </trkpt>
      <trkpt lat="31.412558" lon="120.102653">
        <ele>10.0</ele>
        <time>2026-04-19T00:03:56Z</time>
        <extensions><gpxtpx:TrackPointExtension>
          <gpxtpx:hr>163</gpxtpx:hr>
        </gpxtpx:TrackPointExtension></extensions>
      </trkpt>
      <trkpt lat="31.412527" lon="120.102624">
        <ele>9.0</ele>
        <time>2026-04-19T00:03:57Z</time>
        <extensions><gpxtpx:TrackPointExtension>
          <gpxtpx:hr>163</gpxtpx:hr>
        </gpxtpx:TrackPointExtension></extensions>
      </trkpt>
      <trkpt lat="31.412496" lon="120.102596">
        <ele>9.0</ele>
        <time>2026-04-19T00:03:58Z</time>
        <extensions><gpxtpx:TrackPointExtension>
          <gpxtpx:hr>163</gpxtpx:hr>
        </gpxtpx:TrackPointExtension></extensions>
      </trkpt>
      <trkpt lat="31.412465" lon="120.102568">
        <ele>9.0</ele>
        <time>2026-04-19T00:03:59Z</time>
        <extensions><gpxtpx:TrackPointExtension>
          <gpxtpx:hr>163</gpxtpx:hr>
        </gpxtpx:TrackPointExtension></extensions>
      </trkpt>
      <trkpt lat="31.412434" lon="120.10254">
        <ele>9.0</ele>
        <time>2026-04-19T00:04:00Z</time>
        <extensions><gpxtpx:TrackPointExtension>
          <gpxtpx:hr>163</gpxtpx:hr>
        </gpxtpx:TrackPointExtension></extensions>
      </trkpt>
      <trkpt lat="31.412404" lon="120.102512">
        <ele>9.0</ele>
        <time>2026-04-19T00:04:01Z</time>
        <extensions><gpxtpx:TrackPointExtension>
          <gpxtpx:hr>163</gpxtpx:hr>
        </gpxtpx:TrackPointExtension></extensions>
      </trkpt>
      <trkpt lat="31.412374" lon="120.102484">
        <ele>9.0</ele>
        <time>2026-04-19T00:04:02Z</time>
        <extensions><gpxtpx:TrackPointExtension>
          <gpxtpx:hr>163</gpxtpx:hr>
        </gpxtpx:TrackPointExtension></extensions>
      </trkpt>
      <trkpt lat="31.412344" lon="120.102456">
        <ele>9.0</ele>
        <time>2026-04-19T00:04:03Z</time>
        <extensions><gpxtpx:TrackPointExtension>
          <gpxtpx:hr>163</gpxtpx:hr>
        </gpxtpx:TrackPointExtension></extensions>
      </trkpt>
      <trkpt lat="31.412315" lon="120.102428">
        <ele>9.0</ele>
        <time>2026-04-19T00:04:04Z</time>
        <extensions><gpxtpx:TrackPointExtension>
          <gpxtpx:hr>163</gpxtpx:hr>
        </gpxtpx:TrackPointExtension></extensions>
      </trkpt>
      <trkpt lat="31.412285" lon="120.1024">
        <ele>9.0</ele>
        <time>2026-04-19T00:04:05Z</time>
        <extensions><gpxtpx:TrackPointExtension>
          <gpxtpx:hr>163</gpxtpx:hr>
        </gpxtpx:TrackPointExtension></extensions>
      </trkpt>
      <trkpt lat="31.412256" lon="120.102371">
        <ele>9.0</ele>
        <time>2026-04-19T00:04:06Z</time>
        <extensions><gpxtpx:TrackPointExtension>
          <gpxtpx:hr>164</gpxtpx:hr>
        </gpxtpx:TrackPointExtension></extensions>
      </trkpt>
      <trkpt lat="31.412227" lon="120.102343">
        <ele>9.0</ele>
        <time>2026-04-19T00:04:07Z</time>
        <extensions><gpxtpx:TrackPointExtension>
          <gpxtpx:hr>163</gpxtpx:hr>
        </gpxtpx:TrackPointExtension></extensions>
      </trkpt>
      <trkpt lat="31.412197" lon="120.102312">
        <ele>9.0</ele>
        <time>2026-04-19T00:04:08Z</time>
        <extensions><gpxtpx:TrackPointExtension>
          <gpxtpx:hr>164</gpxtpx:hr>
        </gpxtpx:TrackPointExtension></extensions>
      </trkpt>
      <trkpt lat="31.412168" lon="120.102282">
        <ele>9.0</ele>
        <time>2026-04-19T00:04:09Z</time>
        <extensions><gpxtpx:TrackPointExtension>
          <gpxtpx:hr>164</gpxtpx:hr>
        </gpxtpx:TrackPointExtension></extensions>
      </trkpt>
      <trkpt lat="31.41214" lon="120.10225">
        <ele>9.0</ele>
        <time>2026-04-19T00:04:10Z</time>
        <extensions><gpxtpx:TrackPointExtension>
          <gpxtpx:hr>164</gpxtpx:hr>
        </gpxtpx:TrackPointExtension></extensions>
      </trkpt>
      <trkpt lat="31.412111" lon="120.102218">
        <ele>9.0</ele>
        <time>2026-04-19T00:04:11Z</time>
        <extensions><gpxtpx:TrackPointExtension>
          <gpxtpx:hr>163</gpxtpx:hr>
        </gpxtpx:TrackPointExtension></extensions>
      </trkpt>
      <trkpt lat="31.412084" lon="120.102186">
        <ele>9.0</ele>
        <time>2026-04-19T00:04:12Z</time>
        <extensions><gpxtpx:TrackPointExtension>
          <gpxtpx:hr>164</gpxtpx:hr>
        </gpxtpx:TrackPointExtension></extensions>
      </trkpt>
      <trkpt lat="31.412057" lon="120.102153">
        <ele>9.0</ele>
        <time>2026-04-19T00:04:13Z</time>
        <extensions><gpxtpx:TrackPointExtension>
          <gpxtpx:hr>164</gpxtpx:hr>
        </gpxtpx:TrackPointExtension></extensions>
      </trkpt>
      <trkpt lat="31.412031" lon="120.10212">
        <ele>9.0</ele>
        <time>2026-04-19T00:04:14Z</time>
        <extensions><gpxtpx:TrackPointExtension>
          <gpxtpx:hr>164</gpxtpx:hr>
        </gpxtpx:TrackPointExtension></extensions>
      </trkpt>
      <trkpt lat="31.412005" lon="120.102087">
        <ele>9.0</ele>
        <time>2026-04-19T00:04:15Z</time>
        <extensions><gpxtpx:TrackPointExtension>
          <gpxtpx:hr>164</gpxtpx:hr>
        </gpxtpx:TrackPointExtension></extensions>
      </trkpt>
      <trkpt lat="31.411981" lon="120.102053">
        <ele>9.0</ele>
        <time>2026-04-19T00:04:16Z</time>
        <extensions><gpxtpx:TrackPointExtension>
          <gpxtpx:hr>164</gpxtpx:hr>
        </gpxtpx:TrackPointExtension></extensions>
      </trkpt>
      <trkpt lat="31.411956" lon="120.102019">
        <ele>9.0</ele>
        <time>2026-04-19T00:04:17Z</time>
        <extensions><gpxtpx:TrackPointExtension>
          <gpxtpx:hr>164</gpxtpx:hr>
        </gpxtpx:TrackPointExtension></extensions>
      </trkpt>
      <trkpt lat="31.411934" lon="120.101986">
        <ele>9.0</ele>
        <time>2026-04-19T00:04:18Z</time>
        <extensions><gpxtpx:TrackPointExtension>
          <gpxtpx:hr>164</gpxtpx:hr>
        </gpxtpx:TrackPointExtension></extensions>
      </trkpt>
      <trkpt lat="31.411912" lon="120.101952">
        <ele>9.0</ele>
        <time>2026-04-19T00:04:19Z</time>
        <extensions><gpxtpx:TrackPointExtension>
          <gpxtpx:hr>164</gpxtpx:hr>
        </gpxtpx:TrackPointExtension></extensions>
      </trkpt>
      <trkpt lat="31.41189" lon="120.101918">
        <ele>9.0</ele>
        <time>2026-04-19T00:04:20Z</time>
        <extensions><gpxtpx:TrackPointExtension>
          <gpxtpx:hr>165</gpxtpx:hr>
        </gpxtpx:TrackPointExtension></extensions>
      </trkpt>
      <trkpt lat="31.411869" lon="120.101884">
        <ele>9.0</ele>
        <time>2026-04-19T00:04:21Z</time>
        <extensions><gpxtpx:TrackPointExtension>
          <gpxtpx:hr>165</gpxtpx:hr>
        </gpxtpx:TrackPointExtension></extensions>
      </trkpt>
      <trkpt lat="31.411848" lon="120.101849">
        <ele>8.0</ele>
        <time>2026-04-19T00:04:22Z</time>
        <extensions><gpxtpx:TrackPointExtension>
          <gpxtpx:hr>165</gpxtpx:hr>
        </gpxtpx:TrackPointExtension></extensions>
      </trkpt>
      <trkpt lat="31.411827" lon="120.101815">
        <ele>8.0</ele>
        <time>2026-04-19T00:04:23Z</time>
        <extensions><gpxtpx:TrackPointExtension>
          <gpxtpx:hr>165</gpxtpx:hr>
        </gpxtpx:TrackPointExtension></extensions>
      </trkpt>
      <trkpt lat="31.411807" lon="120.10178">
        <ele>8.0</ele>
        <time>2026-04-19T00:04:24Z</time>
        <extensions><gpxtpx:TrackPointExtension>
          <gpxtpx:hr>165</gpxtpx:hr>
        </gpxtpx:TrackPointExtension></extensions>
      </trkpt>
      <trkpt lat="31.411787" lon="120.101744">
        <ele>8.0</ele>
        <time>2026-04-19T00:04:25Z</time>
        <extensions><gpxtpx:TrackPointExtension>
          <gpxtpx:hr>165</gpxtpx:hr>
        </gpxtpx:TrackPointExtension></extensions>
      </trkpt>
      <trkpt lat="31.411768" lon="120.10171">
        <ele>8.0</ele>
        <time>2026-04-19T00:04:26Z</time>
        <extensions><gpxtpx:TrackPointExtension>
          <gpxtpx:hr>165</gpxtpx:hr>
        </gpxtpx:TrackPointExtension></extensions>
      </trkpt>
      <trkpt lat="31.411749" lon="120.101675">
        <ele>8.0</ele>
        <time>2026-04-19T00:04:27Z</time>
        <extensions><gpxtpx:TrackPointExtension>
          <gpxtpx:hr>165</gpxtpx:hr>
        </gpxtpx:TrackPointExtension></extensions>
      </trkpt>
      <trkpt lat="31.41173" lon="120.101639">
        <ele>8.0</ele>
        <time>2026-04-19T00:04:28Z</time>
        <extensions><gpxtpx:TrackPointExtension>
          <gpxtpx:hr>165</gpxtpx:hr>
        </gpxtpx:TrackPointExtension></extensions>
      </trkpt>
      <trkpt lat="31.411711" lon="120.101603">
        <ele>8.0</ele>
        <time>2026-04-19T00:04:29Z</time>
        <extensions><gpxtpx:TrackPointExtension>
          <gpxtpx:hr>165</gpxtpx:hr>
        </gpxtpx:TrackPointExtension></extensions>
      </trkpt>
      <trkpt lat="31.411692" lon="120.101567">
        <ele>8.0</ele>
        <time>2026-04-19T00:04:30Z</time>
        <extensions><gpxtpx:TrackPointExtension>
          <gpxtpx:hr>165</gpxtpx:hr>
        </gpxtpx:TrackPointExtension></extensions>
      </trkpt>
      <trkpt lat="31.411673" lon="120.10153">
        <ele>8.0</ele>
        <time>2026-04-19T00:04:31Z</time>
        <extensions><gpxtpx:TrackPointExtension>
          <gpxtpx:hr>165</gpxtpx:hr>
        </gpxtpx:TrackPointExtension></extensions>
      </trkpt>
      <trkpt lat="31.411654" lon="120.101494">
        <ele>8.0</ele>
        <time>2026-04-19T00:04:32Z</time>
        <extensions><gpxtpx:TrackPointExtension>
          <gpxtpx:hr>165</gpxtpx:hr>
        </gpxtpx:TrackPointExtension></extensions>
      </trkpt>
      <trkpt lat="31.411635" lon="120.101457">
        <ele>8.0</ele>
        <time>2026-04-19T00:04:33Z</time>
        <extensions><gpxtpx:TrackPointExtension>
          <gpxtpx:hr>165</gpxtpx:hr>
        </gpxtpx:TrackPointExtension></extensions>
      </trkpt>
      <trkpt lat="31.411616" lon="120.101421">
        <ele>8.0</ele>
        <time>2026-04-19T00:04:34Z</time>
        <extensions><gpxtpx:TrackPointExtension>
          <gpxtpx:hr>166</gpxtpx:hr>
        </gpxtpx:TrackPointExtension></extensions>
      </trkpt>
      <trkpt lat="31.411597" lon="120.101385">
        <ele>8.0</ele>
        <time>2026-04-19T00:04:35Z</time>
        <extensions><gpxtpx:TrackPointExtension>
          <gpxtpx:hr>166</gpxtpx:hr>
        </gpxtpx:TrackPointExtension></extensions>
      </trkpt>
      <trkpt lat="31.411578" lon="120.101349">
        <ele>8.0</ele>
        <time>2026-04-19T00:04:36Z</time>
        <extensions><gpxtpx:TrackPointExtension>
          <gpxtpx:hr>166</gpxtpx:hr>
        </gpxtpx:TrackPointExtension></extensions>
      </trkpt>
      <trkpt lat="31.411558" lon="120.101313">
        <ele>8.0</ele>
        <time>2026-04-19T00:04:37Z</time>
        <extensions><gpxtpx:TrackPointExtension>
          <gpxtpx:hr>166</gpxtpx:hr>
        </gpxtpx:TrackPointExtension></extensions>
      </trkpt>
      <trkpt lat="31.41154" lon="120.101277">
        <ele>8.0</ele>
        <time>2026-04-19T00:04:38Z</time>
        <extensions><gpxtpx:TrackPointExtension>
          <gpxtpx:hr>166</gpxtpx:hr>
        </gpxtpx:TrackPointExtension></extensions>
      </trkpt>
      <trkpt lat="31.411521" lon="120.10124">
        <ele>8.0</ele>
        <time>2026-04-19T00:04:39Z</time>
        <extensions><gpxtpx:TrackPointExtension>
          <gpxtpx:hr>165</gpxtpx:hr>
        </gpxtpx:TrackPointExtension></extensions>
      </trkpt>
      <trkpt lat="31.411502" lon="120.101203">
        <ele>8.0</ele>
        <time>2026-04-19T00:04:40Z</time>
        <extensions><gpxtpx:TrackPointExtension>
          <gpxtpx:hr>165</gpxtpx:hr>
        </gpxtpx:TrackPointExtension></extensions>
      </trkpt>
      <trkpt lat="31.411484" lon="120.101166">
        <ele>9.0</ele>
        <time>2026-04-19T00:04:41Z</time>
        <extensions><gpxtpx:TrackPointExtension>
          <gpxtpx:hr>165</gpxtpx:hr>
        </gpxtpx:TrackPointExtension></extensions>
      </trkpt>
      <trkpt lat="31.411465" lon="120.101129">
        <ele>9.0</ele>
        <time>2026-04-19T00:04:42Z</time>
        <extensions><gpxtpx:TrackPointExtension>
          <gpxtpx:hr>165</gpxtpx:hr>
        </gpxtpx:TrackPointExtension></extensions>
      </trkpt>
      <trkpt lat="31.411446" lon="120.101091">
        <ele>9.0</ele>
        <time>2026-04-19T00:04:43Z</time>
        <extensions><gpxtpx:TrackPointExtension>
          <gpxtpx:hr>165</gpxtpx:hr>
        </gpxtpx:TrackPointExtension></extensions>
      </trkpt>
      <trkpt lat="31.411427" lon="120.101052">
        <ele>9.0</ele>
        <time>2026-04-19T00:04:44Z</time>
        <extensions><gpxtpx:TrackPointExtension>
          <gpxtpx:hr>165</gpxtpx:hr>
        </gpxtpx:TrackPointExtension></extensions>
      </trkpt>
      <trkpt lat="31.411407" lon="120.101014">
        <ele>9.0</ele>
        <time>2026-04-19T00:04:45Z</time>
        <extensions><gpxtpx:TrackPointExtension>
          <gpxtpx:hr>164</gpxtpx:hr>
        </gpxtpx:TrackPointExtension></extensions>
      </trkpt>
      <trkpt lat="31.411388" lon="120.100975">
        <ele>9.0</ele>
        <time>2026-04-19T00:04:46Z</time>
        <extensions><gpxtpx:TrackPointExtension>
          <gpxtpx:hr>165</gpxtpx:hr>
        </gpxtpx:TrackPointExtension></extensions>
      </trkpt>
      <trkpt lat="31.411369" lon="120.100936">
        <ele>9.0</ele>
        <time>2026-04-19T00:04:47Z</time>
        <extensions><gpxtpx:TrackPointExtension>
          <gpxtpx:hr>164</gpxtpx:hr>
        </gpxtpx:TrackPointExtension></extensions>
      </trkpt>
      <trkpt lat="31.411351" lon="120.100898">
        <ele>9.0</ele>
        <time>2026-04-19T00:04:48Z</time>
        <extensions><gpxtpx:TrackPointExtension>
          <gpxtpx:hr>164</gpxtpx:hr>
        </gpxtpx:TrackPointExtension></extensions>
      </trkpt>
      <trkpt lat="31.411332" lon="120.100859">
        <ele>9.0</ele>
        <time>2026-04-19T00:04:49Z</time>
        <extensions><gpxtpx:TrackPointExtension>
          <gpxtpx:hr>164</gpxtpx:hr>
        </gpxtpx:TrackPointExtension></extensions>
      </trkpt>
      <trkpt lat="31.411313" lon="120.10082">
        <ele>9.0</ele>
        <time>2026-04-19T00:04:50Z</time>
        <extensions><gpxtpx:TrackPointExtension>
          <gpxtpx:hr>164</gpxtpx:hr>
        </gpxtpx:TrackPointExtension></extensions>
      </trkpt>
      <trkpt lat="31.411294" lon="120.100782">
        <ele>9.0</ele>
        <time>2026-04-19T00:04:51Z</time>
        <extensions><gpxtpx:TrackPointExtension>
          <gpxtpx:hr>165</gpxtpx:hr>
        </gpxtpx:TrackPointExtension></extensions>
      </trkpt>
      <trkpt lat="31.411274" lon="120.100745">
        <ele>9.0</ele>
        <time>2026-04-19T00:04:52Z</time>
        <extensions><gpxtpx:TrackPointExtension>
          <gpxtpx:hr>165</gpxtpx:hr>
        </gpxtpx:TrackPointExtension></extensions>
      </trkpt>
      <trkpt lat="31.411254" lon="120.100708">
        <ele>9.0</ele>
        <time>2026-04-19T00:04:53Z</time>
        <extensions><gpxtpx:TrackPointExtension>
          <gpxtpx:hr>165</gpxtpx:hr>
        </gpxtpx:TrackPointExtension></extensions>
      </trkpt>
      <trkpt lat="31.411232" lon="120.100671">
        <ele>9.0</ele>
        <time>2026-04-19T00:04:54Z</time>
        <extensions><gpxtpx:TrackPointExtension>
          <gpxtpx:hr>165</gpxtpx:hr>
        </gpxtpx:TrackPointExtension></extensions>
      </trkpt>
      <trkpt lat="31.41121" lon="120.100635">
        <ele>9.0</ele>
        <time>2026-04-19T00:04:55Z</time>
        <extensions><gpxtpx:TrackPointExtension>
          <gpxtpx:hr>166</gpxtpx:hr>
        </gpxtpx:TrackPointExtension></extensions>
      </trkpt>
      <trkpt lat="31.411188" lon="120.100598">
        <ele>9.0</ele>
        <time>2026-04-19T00:04:56Z</time>
        <extensions><gpxtpx:TrackPointExtension>
          <gpxtpx:hr>166</gpxtpx:hr>
        </gpxtpx:TrackPointExtension></extensions>
      </trkpt>
      <trkpt lat="31.411166" lon="120.100562">
        <ele>9.0</ele>
        <time>2026-04-19T00:04:57Z</time>
        <extensions><gpxtpx:TrackPointExtension>
          <gpxtpx:hr>166</gpxtpx:hr>
        </gpxtpx:TrackPointExtension></extensions>
      </trkpt>
      <trkpt lat="31.411143" lon="120.100525">
        <ele>9.0</ele>
        <time>2026-04-19T00:04:58Z</time>
        <extensions><gpxtpx:TrackPointExtension>
          <gpxtpx:hr>166</gpxtpx:hr>
        </gpxtpx:TrackPointExtension></extensions>
      </trkpt>
      <trkpt lat="31.41112" lon="120.100488">
        <ele>9.0</ele>
        <time>2026-04-19T00:04:59Z</time>
        <extensions><gpxtpx:TrackPointExtension>
          <gpxtpx:hr>166</gpxtpx:hr>
        </gpxtpx:TrackPointExtension></extensions>
      </trkpt>
      <trkpt lat="31.411097" lon="120.10045">
        <ele>9.0</ele>
        <time>2026-04-19T00:05:00Z</time>
        <extensions><gpxtpx:TrackPointExtension>
          <gpxtpx:hr>165</gpxtpx:hr>
        </gpxtpx:TrackPointExtension></extensions>
      </trkpt>
      <trkpt lat="31.411075" lon="120.100413">
        <ele>9.0</ele>
        <time>2026-04-19T00:05:01Z</time>
        <extensions><gpxtpx:TrackPointExtension>
          <gpxtpx:hr>165</gpxtpx:hr>
        </gpxtpx:TrackPointExtension></extensions>
      </trkpt>
      <trkpt lat="31.411052" lon="120.100375">
        <ele>9.0</ele>
        <time>2026-04-19T00:05:02Z</time>
        <extensions><gpxtpx:TrackPointExtension>
          <gpxtpx:hr>164</gpxtpx:hr>
        </gpxtpx:TrackPointExtension></extensions>
      </trkpt>
      <trkpt lat="31.41103" lon="120.100338">
        <ele>9.0</ele>
        <time>2026-04-19T00:05:03Z</time>
        <extensions><gpxtpx:TrackPointExtension>
          <gpxtpx:hr>164</gpxtpx:hr>
        </gpxtpx:TrackPointExtension></extensions>
      </trkpt>
      <trkpt lat="31.411008" lon="120.100302">
        <ele>9.0</ele>
        <time>2026-04-19T00:05:04Z</time>
        <extensions><gpxtpx:TrackPointExtension>
          <gpxtpx:hr>164</gpxtpx:hr>
        </gpxtpx:TrackPointExtension></extensions>
      </trkpt>
      <trkpt lat="31.410986" lon="120.100265">
        <ele>9.0</ele>
        <time>2026-04-19T00:05:05Z</time>
        <extensions><gpxtpx:TrackPointExtension>
          <gpxtpx:hr>164</gpxtpx:hr>
        </gpxtpx:TrackPointExtension></extensions>
      </trkpt>
      <trkpt lat="31.410965" lon="120.100229">
        <ele>10.0</ele>
        <time>2026-04-19T00:05:06Z</time>
        <extensions><gpxtpx:TrackPointExtension>
          <gpxtpx:hr>165</gpxtpx:hr>
        </gpxtpx:TrackPointExtension></extensions>
      </trkpt>
      <trkpt lat="31.410944" lon="120.100193">
        <ele>9.0</ele>
        <time>2026-04-19T00:05:07Z</time>
        <extensions><gpxtpx:TrackPointExtension>
          <gpxtpx:hr>166</gpxtpx:hr>
        </gpxtpx:TrackPointExtension></extensions>
      </trkpt>
      <trkpt lat="31.410922" lon="120.100157">
        <ele>9.0</ele>
        <time>2026-04-19T00:05:08Z</time>
        <extensions><gpxtpx:TrackPointExtension>
          <gpxtpx:hr>166</gpxtpx:hr>
        </gpxtpx:TrackPointExtension></extensions>
      </trkpt>
      <trkpt lat="31.4109" lon="120.100122">
        <ele>9.0</ele>
        <time>2026-04-19T00:05:09Z</time>
        <extensions><gpxtpx:TrackPointExtension>
          <gpxtpx:hr>166</gpxtpx:hr>
        </gpxtpx:TrackPointExtension></extensions>
      </trkpt>
      <trkpt lat="31.410878" lon="120.100086">
        <ele>9.0</ele>
        <time>2026-04-19T00:05:10Z</time>
        <extensions><gpxtpx:TrackPointExtension>
          <gpxtpx:hr>167</gpxtpx:hr>
        </gpxtpx:TrackPointExtension></extensions>
      </trkpt>
      <trkpt lat="31.410856" lon="120.10005">
        <ele>9.0</ele>
        <time>2026-04-19T00:05:11Z</time>
        <extensions><gpxtpx:TrackPointExtension>
          <gpxtpx:hr>167</gpxtpx:hr>
        </gpxtpx:TrackPointExtension></extensions>
      </trkpt>
      <trkpt lat="31.410834" lon="120.100015">
        <ele>9.0</ele>
        <time>2026-04-19T00:05:12Z</time>
        <extensions><gpxtpx:TrackPointExtension>
          <gpxtpx:hr>167</gpxtpx:hr>
        </gpxtpx:TrackPointExtension></extensions>
      </trkpt>
      <trkpt lat="31.410811" lon="120.099979">
        <ele>9.0</ele>
        <time>2026-04-19T00:05:13Z</time>
        <extensions><gpxtpx:TrackPointExtension>
          <gpxtpx:hr>166</gpxtpx:hr>
        </gpxtpx:TrackPointExtension></extensions>
      </trkpt>
      <trkpt lat="31.410788" lon="120.099944">
        <ele>9.0</ele>
        <time>2026-04-19T00:05:14Z</time>
        <extensions><gpxtpx:TrackPointExtension>
          <gpxtpx:hr>166</gpxtpx:hr>
        </gpxtpx:TrackPointExtension></extensions>
      </trkpt>
      <trkpt lat="31.410765" lon="120.099909">
        <ele>9.0</ele>
        <time>2026-04-19T00:05:15Z</time>
        <extensions><gpxtpx:TrackPointExtension>
          <gpxtpx:hr>164</gpxtpx:hr>
        </gpxtpx:TrackPointExtension></extensions>
      </trkpt>
      <trkpt lat="31.410742" lon="120.099873">
        <ele>9.0</ele>
        <time>2026-04-19T00:05:16Z</time>
        <extensions><gpxtpx:TrackPointExtension>
          <gpxtpx:hr>164</gpxtpx:hr>
        </gpxtpx:TrackPointExtension></extensions>
      </trkpt>
      <trkpt lat="31.410719" lon="120.099838">
        <ele>9.0</ele>
        <time>2026-04-19T00:05:17Z</time>
        <extensions><gpxtpx:TrackPointExtension>
          <gpxtpx:hr>164</gpxtpx:hr>
        </gpxtpx:TrackPointExtension></extensions>
      </trkpt>
      <trkpt lat="31.410697" lon="120.099801">
        <ele>9.0</ele>
        <time>2026-04-19T00:05:18Z</time>
        <extensions><gpxtpx:TrackPointExtension>
          <gpxtpx:hr>164</gpxtpx:hr>
        </gpxtpx:TrackPointExtension></extensions>
      </trkpt>
      <trkpt lat="31.410675" lon="120.099764">
        <ele>9.0</ele>
        <time>2026-04-19T00:05:19Z</time>
        <extensions><gpxtpx:TrackPointExtension>
          <gpxtpx:hr>164</gpxtpx:hr>
        </gpxtpx:TrackPointExtension></extensions>
      </trkpt>
      <trkpt lat="31.410655" lon="120.099727">
        <ele>9.0</ele>
        <time>2026-04-19T00:05:20Z</time>
        <extensions><gpxtpx:TrackPointExtension>
          <gpxtpx:hr>164</gpxtpx:hr>
        </gpxtpx:TrackPointExtension></extensions>
      </trkpt>
      <trkpt lat="31.410635" lon="120.09969">
        <ele>9.0</ele>
        <time>2026-04-19T00:05:21Z</time>
        <extensions><gpxtpx:TrackPointExtension>
          <gpxtpx:hr>164</gpxtpx:hr>
        </gpxtpx:TrackPointExtension></extensions>
      </trkpt>
      <trkpt lat="31.410615" lon="120.099653">
        <ele>9.0</ele>
        <time>2026-04-19T00:05:22Z</time>
        <extensions><gpxtpx:TrackPointExtension>
          <gpxtpx:hr>164</gpxtpx:hr>
        </gpxtpx:TrackPointExtension></extensions>
      </trkpt>
      <trkpt lat="31.410595" lon="120.099616">
        <ele>9.0</ele>
        <time>2026-04-19T00:05:23Z</time>
        <extensions><gpxtpx:TrackPointExtension>
          <gpxtpx:hr>163</gpxtpx:hr>
        </gpxtpx:TrackPointExtension></extensions>
      </trkpt>
      <trkpt lat="31.410575" lon="120.09958">
        <ele>9.0</ele>
        <time>2026-04-19T00:05:24Z</time>
        <extensions><gpxtpx:TrackPointExtension>
          <gpxtpx:hr>163</gpxtpx:hr>
        </gpxtpx:TrackPointExtension></extensions>
      </trkpt>
      <trkpt lat="31.410555" lon="120.099543">
        <ele>9.0</ele>
        <time>2026-04-19T00:05:25Z</time>
        <extensions><gpxtpx:TrackPointExtension>
          <gpxtpx:hr>164</gpxtpx:hr>
        </gpxtpx:TrackPointExtension></extensions>
      </trkpt>
      <trkpt lat="31.410534" lon="120.099508">
        <ele>9.0</ele>
        <time>2026-04-19T00:05:26Z</time>
        <extensions><gpxtpx:TrackPointExtension>
          <gpxtpx:hr>165</gpxtpx:hr>
        </gpxtpx:TrackPointExtension></extensions>
      </trkpt>
      <trkpt lat="31.410513" lon="120.099472">
        <ele>9.0</ele>
        <time>2026-04-19T00:05:27Z</time>
        <extensions><gpxtpx:TrackPointExtension>
          <gpxtpx:hr>166</gpxtpx:hr>
        </gpxtpx:TrackPointExtension></extensions>
      </trkpt>
      <trkpt lat="31.410491" lon="120.099436">
        <ele>9.0</ele>
        <time>2026-04-19T00:05:28Z</time>
        <extensions><gpxtpx:TrackPointExtension>
          <gpxtpx:hr>167</gpxtpx:hr>
        </gpxtpx:TrackPointExtension></extensions>
      </trkpt>
      <trkpt lat="31.410469" lon="120.099399">
        <ele>9.0</ele>
        <time>2026-04-19T00:05:29Z</time>
        <extensions><gpxtpx:TrackPointExtension>
          <gpxtpx:hr>168</gpxtpx:hr>
        </gpxtpx:TrackPointExtension></extensions>
      </trkpt>
      <trkpt lat="31.410446" lon="120.099363">
        <ele>9.0</ele>
        <time>2026-04-19T00:05:30Z</time>
        <extensions><gpxtpx:TrackPointExtension>
          <gpxtpx:hr>168</gpxtpx:hr>
        </gpxtpx:TrackPointExtension></extensions>
      </trkpt>
      <trkpt lat="31.410423" lon="120.099326">
        <ele>9.0</ele>
        <time>2026-04-19T00:05:31Z</time>
        <extensions><gpxtpx:TrackPointExtension>
          <gpxtpx:hr>168</gpxtpx:hr>
        </gpxtpx:TrackPointExtension></extensions>
      </trkpt>
      <trkpt lat="31.4104" lon="120.09929">
        <ele>9.0</ele>
        <time>2026-04-19T00:05:32Z</time>
        <extensions><gpxtpx:TrackPointExtension>
          <gpxtpx:hr>168</gpxtpx:hr>
        </gpxtpx:TrackPointExtension></extensions>
      </trkpt>
      <trkpt lat="31.410377" lon="120.099254">
        <ele>9.0</ele>
        <time>2026-04-19T00:05:33Z</time>
        <extensions><gpxtpx:TrackPointExtension>
          <gpxtpx:hr>168</gpxtpx:hr>
        </gpxtpx:TrackPointExtension></extensions>
      </trkpt>
      <trkpt lat="31.410354" lon="120.099218">
        <ele>9.0</ele>
        <time>2026-04-19T00:05:34Z</time>
        <extensions><gpxtpx:TrackPointExtension>
          <gpxtpx:hr>168</gpxtpx:hr>
        </gpxtpx:TrackPointExtension></extensions>
      </trkpt>
      <trkpt lat="31.410331" lon="120.099182">
        <ele>9.0</ele>
        <time>2026-04-19T00:05:35Z</time>
        <extensions><gpxtpx:TrackPointExtension>
          <gpxtpx:hr>168</gpxtpx:hr>
        </gpxtpx:TrackPointExtension></extensions>
      </trkpt>
      <trkpt lat="31.410308" lon="120.099146">
        <ele>9.0</ele>
        <time>2026-04-19T00:05:36Z</time>
        <extensions><gpxtpx:TrackPointExtension>
          <gpxtpx:hr>168</gpxtpx:hr>
        </gpxtpx:TrackPointExtension></extensions>
      </trkpt>
      <trkpt lat="31.410286" lon="120.09911">
        <ele>9.0</ele>
        <time>2026-04-19T00:05:37Z</time>
        <extensions><gpxtpx:TrackPointExtension>
          <gpxtpx:hr>168</gpxtpx:hr>
        </gpxtpx:TrackPointExtension></extensions>
      </trkpt>
      <trkpt lat="31.410263" lon="120.099074">
        <ele>9.0</ele>
        <time>2026-04-19T00:05:38Z</time>
        <extensions><gpxtpx:TrackPointExtension>
          <gpxtpx:hr>168</gpxtpx:hr>
        </gpxtpx:TrackPointExtension></extensions>
      </trkpt>
      <trkpt lat="31.410241" lon="120.099038">
        <ele>9.0</ele>
        <time>2026-04-19T00:05:39Z</time>
        <extensions><gpxtpx:TrackPointExtension>
          <gpxtpx:hr>168</gpxtpx:hr>
        </gpxtpx:TrackPointExtension></extensions>
      </trkpt>
      <trkpt lat="31.410219" lon="120.099002">
        <ele>9.0</ele>
        <time>2026-04-19T00:05:40Z</time>
        <extensions><gpxtpx:TrackPointExtension>
          <gpxtpx:hr>168</gpxtpx:hr>
        </gpxtpx:TrackPointExtension></extensions>
      </trkpt>
      <trkpt lat="31.410197" lon="120.098966">
        <ele>9.0</ele>
        <time>2026-04-19T00:05:41Z</time>
        <extensions><gpxtpx:TrackPointExtension>
          <gpxtpx:hr>168</gpxtpx:hr>
        </gpxtpx:TrackPointExtension></extensions>
      </trkpt>
      <trkpt lat="31.410174" lon="120.098928">
        <ele>8.0</ele>
        <time>2026-04-19T00:05:42Z</time>
        <extensions><gpxtpx:TrackPointExtension>
          <gpxtpx:hr>168</gpxtpx:hr>
        </gpxtpx:TrackPointExtension></extensions>
      </trkpt>
      <trkpt lat="31.410152" lon="120.098891">
        <ele>8.0</ele>
        <time>2026-04-19T00:05:43Z</time>
        <extensions><gpxtpx:TrackPointExtension>
          <gpxtpx:hr>168</gpxtpx:hr>
        </gpxtpx:TrackPointExtension></extensions>
      </trkpt>
      <trkpt lat="31.41013" lon="120.098854">
        <ele>8.0</ele>
        <time>2026-04-19T00:05:44Z</time>
        <extensions><gpxtpx:TrackPointExtension>
          <gpxtpx:hr>168</gpxtpx:hr>
        </gpxtpx:TrackPointExtension></extensions>
      </trkpt>
      <trkpt lat="31.410108" lon="120.098816">
        <ele>8.0</ele>
        <time>2026-04-19T00:05:45Z</time>
        <extensions><gpxtpx:TrackPointExtension>
          <gpxtpx:hr>168</gpxtpx:hr>
        </gpxtpx:TrackPointExtension></extensions>
      </trkpt>
      <trkpt lat="31.410087" lon="120.098778">
        <ele>8.0</ele>
        <time>2026-04-19T00:05:46Z</time>
        <extensions><gpxtpx:TrackPointExtension>
          <gpxtpx:hr>168</gpxtpx:hr>
        </gpxtpx:TrackPointExtension></extensions>
      </trkpt>
      <trkpt lat="31.410065" lon="120.098741">
        <ele>8.0</ele>
        <time>2026-04-19T00:05:47Z</time>
        <extensions><gpxtpx:TrackPointExtension>
          <gpxtpx:hr>168</gpxtpx:hr>
        </gpxtpx:TrackPointExtension></extensions>
      </trkpt>
      <trkpt lat="31.410043" lon="120.098704">
        <ele>8.0</ele>
        <time>2026-04-19T00:05:48Z</time>
        <extensions><gpxtpx:TrackPointExtension>
          <gpxtpx:hr>168</gpxtpx:hr>
        </gpxtpx:TrackPointExtension></extensions>
      </trkpt>
      <trkpt lat="31.410021" lon="120.098666">
        <ele>8.0</ele>
        <time>2026-04-19T00:05:49Z</time>
        <extensions><gpxtpx:TrackPointExtension>
          <gpxtpx:hr>169</gpxtpx:hr>
        </gpxtpx:TrackPointExtension></extensions>
      </trkpt>
      <trkpt lat="31.409999" lon="120.098629">
        <ele>8.0</ele>
        <time>2026-04-19T00:05:50Z</time>
        <extensions><gpxtpx:TrackPointExtension>
          <gpxtpx:hr>169</gpxtpx:hr>
        </gpxtpx:TrackPointExtension></extensions>
      </trkpt>
      <trkpt lat="31.409976" lon="120.098592">
        <ele>8.0</ele>
        <time>2026-04-19T00:05:51Z</time>
        <extensions><gpxtpx:TrackPointExtension>
          <gpxtpx:hr>169</gpxtpx:hr>
        </gpxtpx:TrackPointExtension></extensions>
      </trkpt>
      <trkpt lat="31.409953" lon="120.098555">
        <ele>8.0</ele>
        <time>2026-04-19T00:05:52Z</time>
        <extensions><gpxtpx:TrackPointExtension>
          <gpxtpx:hr>170</gpxtpx:hr>
        </gpxtpx:TrackPointExtension></extensions>
      </trkpt>
      <trkpt lat="31.409929" lon="120.098518">
        <ele>8.0</ele>
        <time>2026-04-19T00:05:53Z</time>
        <extensions><gpxtpx:TrackPointExtension>
          <gpxtpx:hr>170</gpxtpx:hr>
        </gpxtpx:TrackPointExtension></extensions>
      </trkpt>
      <trkpt lat="31.409905" lon="120.098481">
        <ele>8.0</ele>
        <time>2026-04-19T00:05:54Z</time>
        <extensions><gpxtpx:TrackPointExtension>
          <gpxtpx:hr>169</gpxtpx:hr>
        </gpxtpx:TrackPointExtension></extensions>
      </trkpt>
      <trkpt lat="31.40988" lon="120.098445">
        <ele>8.0</ele>
        <time>2026-04-19T00:05:55Z</time>
        <extensions><gpxtpx:TrackPointExtension>
          <gpxtpx:hr>169</gpxtpx:hr>
        </gpxtpx:TrackPointExtension></extensions>
      </trkpt>
      <trkpt lat="31.409856" lon="120.098408">
        <ele>8.0</ele>
        <time>2026-04-19T00:05:56Z</time>
        <extensions><gpxtpx:TrackPointExtension>
          <gpxtpx:hr>169</gpxtpx:hr>
        </gpxtpx:TrackPointExtension></extensions>
      </trkpt>
      <trkpt lat="31.409831" lon="120.098372">
        <ele>8.0</ele>
        <time>2026-04-19T00:05:57Z</time>
        <extensions><gpxtpx:TrackPointExtension>
          <gpxtpx:hr>168</gpxtpx:hr>
        </gpxtpx:TrackPointExtension></extensions>
      </trkpt>
      <trkpt lat="31.409807" lon="120.098336">
        <ele>8.0</ele>
        <time>2026-04-19T00:05:58Z</time>
        <extensions><gpxtpx:TrackPointExtension>
          <gpxtpx:hr>168</gpxtpx:hr>
        </gpxtpx:TrackPointExtension></extensions>
      </trkpt>
      <trkpt lat="31.409783" lon="120.0983">
        <ele>8.0</ele>
        <time>2026-04-19T00:05:59Z</time>
        <extensions><gpxtpx:TrackPointExtension>
          <gpxtpx:hr>168</gpxtpx:hr>
        </gpxtpx:TrackPointExtension></extensions>
      </trkpt>
      <trkpt lat="31.409759" lon="120.098263">
        <ele>8.0</ele>
        <time>2026-04-19T00:06:00Z</time>
        <extensions><gpxtpx:TrackPointExtension>
          <gpxtpx:hr>168</gpxtpx:hr>
        </gpxtpx:TrackPointExtension></extensions>
      </trkpt>
      <trkpt lat="31.409736" lon="120.098227">
        <ele>8.0</ele>
        <time>2026-04-19T00:06:01Z</time>
        <extensions><gpxtpx:TrackPointExtension>
          <gpxtpx:hr>168</gpxtpx:hr>
        </gpxtpx:TrackPointExtension></extensions>
      </trkpt>
      <trkpt lat="31.409714" lon="120.098191">
        <ele>8.0</ele>
        <time>2026-04-19T00:06:02Z</time>
        <extensions><gpxtpx:TrackPointExtension>
          <gpxtpx:hr>168</gpxtpx:hr>
        </gpxtpx:TrackPointExtension></extensions>
      </trkpt>
      <trkpt lat="31.409691" lon="120.098155">
        <ele>8.0</ele>
        <time>2026-04-19T00:06:03Z</time>
        <extensions><gpxtpx:TrackPointExtension>
          <gpxtpx:hr>169</gpxtpx:hr>
        </gpxtpx:TrackPointExtension></extensions>
      </trkpt>
      <trkpt lat="31.409668" lon="120.098121">
        <ele>8.0</ele>
        <time>2026-04-19T00:06:04Z</time>
        <extensions><gpxtpx:TrackPointExtension>
          <gpxtpx:hr>169</gpxtpx:hr>
        </gpxtpx:TrackPointExtension></extensions>
      </trkpt>
      <trkpt lat="31.409646" lon="120.098087">
        <ele>8.0</ele>
        <time>2026-04-19T00:06:05Z</time>
        <extensions><gpxtpx:TrackPointExtension>
          <gpxtpx:hr>169</gpxtpx:hr>
        </gpxtpx:TrackPointExtension></extensions>
      </trkpt>
      <trkpt lat="31.409622" lon="120.098054">
        <ele>8.0</ele>
        <time>2026-04-19T00:06:06Z</time>
        <extensions><gpxtpx:TrackPointExtension>
          <gpxtpx:hr>170</gpxtpx:hr>
        </gpxtpx:TrackPointExtension></extensions>
      </trkpt>
      <trkpt lat="31.409598" lon="120.098021">
        <ele>8.0</ele>
        <time>2026-04-19T00:06:07Z</time>
        <extensions><gpxtpx:TrackPointExtension>
          <gpxtpx:hr>170</gpxtpx:hr>
        </gpxtpx:TrackPointExtension></extensions>
      </trkpt>
      <trkpt lat="31.409574" lon="120.097987">
        <ele>8.0</ele>
        <time>2026-04-19T00:06:08Z</time>
        <extensions><gpxtpx:TrackPointExtension>
          <gpxtpx:hr>170</gpxtpx:hr>
        </gpxtpx:TrackPointExtension></extensions>
      </trkpt>
      <trkpt lat="31.40955" lon="120.097953">
        <ele>8.0</ele>
        <time>2026-04-19T00:06:09Z</time>
        <extensions><gpxtpx:TrackPointExtension>
          <gpxtpx:hr>170</gpxtpx:hr>
        </gpxtpx:TrackPointExtension></extensions>
      </trkpt>
      <trkpt lat="31.409527" lon="120.097919">
        <ele>8.0</ele>
        <time>2026-04-19T00:06:10Z</time>
        <extensions><gpxtpx:TrackPointExtension>
          <gpxtpx:hr>170</gpxtpx:hr>
        </gpxtpx:TrackPointExtension></extensions>
      </trkpt>
      <trkpt lat="31.409503" lon="120.097884">
        <ele>8.0</ele>
        <time>2026-04-19T00:06:11Z</time>
        <extensions><gpxtpx:TrackPointExtension>
          <gpxtpx:hr>170</gpxtpx:hr>
        </gpxtpx:TrackPointExtension></extensions>
      </trkpt>
      <trkpt lat="31.40948" lon="120.09785">
        <ele>8.0</ele>
        <time>2026-04-19T00:06:12Z</time>
        <extensions><gpxtpx:TrackPointExtension>
          <gpxtpx:hr>170</gpxtpx:hr>
        </gpxtpx:TrackPointExtension></extensions>
      </trkpt>
      <trkpt lat="31.409456" lon="120.097815">
        <ele>8.0</ele>
        <time>2026-04-19T00:06:13Z</time>
        <extensions><gpxtpx:TrackPointExtension>
          <gpxtpx:hr>170</gpxtpx:hr>
        </gpxtpx:TrackPointExtension></extensions>
      </trkpt>
      <trkpt lat="31.409434" lon="120.09778">
        <ele>8.0</ele>
        <time>2026-04-19T00:06:14Z</time>
        <extensions><gpxtpx:TrackPointExtension>
          <gpxtpx:hr>170</gpxtpx:hr>
        </gpxtpx:TrackPointExtension></extensions>
      </trkpt>
      <trkpt lat="31.409412" lon="120.097745">
        <ele>8.0</ele>
        <time>2026-04-19T00:06:15Z</time>
        <extensions><gpxtpx:TrackPointExtension>
          <gpxtpx:hr>170</gpxtpx:hr>
        </gpxtpx:TrackPointExtension></extensions>
      </trkpt>
      <trkpt lat="31.40939" lon="120.097709">
        <ele>8.0</ele>
        <time>2026-04-19T00:06:16Z</time>
        <extensions><gpxtpx:TrackPointExtension>
          <gpxtpx:hr>170</gpxtpx:hr>
        </gpxtpx:TrackPointExtension></extensions>
      </trkpt>
      <trkpt lat="31.409368" lon="120.097673">
        <ele>8.0</ele>
        <time>2026-04-19T00:06:17Z</time>
        <extensions><gpxtpx:TrackPointExtension>
          <gpxtpx:hr>170</gpxtpx:hr>
        </gpxtpx:TrackPointExtension></extensions>
      </trkpt>
      <trkpt lat="31.409345" lon="120.097636">
        <ele>8.0</ele>
        <time>2026-04-19T00:06:18Z</time>
        <extensions><gpxtpx:TrackPointExtension>
          <gpxtpx:hr>170</gpxtpx:hr>
        </gpxtpx:TrackPointExtension></extensions>
      </trkpt>
      <trkpt lat="31.409322" lon="120.097599">
        <ele>8.0</ele>
        <time>2026-04-19T00:06:19Z</time>
        <extensions><gpxtpx:TrackPointExtension>
          <gpxtpx:hr>170</gpxtpx:hr>
        </gpxtpx:TrackPointExtension></extensions>
      </trkpt>
      <trkpt lat="31.409298" lon="120.097562">
        <ele>8.0</ele>
        <time>2026-04-19T00:06:20Z</time>
        <extensions><gpxtpx:TrackPointExtension>
          <gpxtpx:hr>170</gpxtpx:hr>
        </gpxtpx:TrackPointExtension></extensions>
      </trkpt>
      <trkpt lat="31.409275" lon="120.097525">
        <ele>8.0</ele>
        <time>2026-04-19T00:06:21Z</time>
        <extensions><gpxtpx:TrackPointExtension>
          <gpxtpx:hr>170</gpxtpx:hr>
        </gpxtpx:TrackPointExtension></extensions>
      </trkpt>
      <trkpt lat="31.409252" lon="120.097488">
        <ele>8.0</ele>
        <time>2026-04-19T00:06:22Z</time>
        <extensions><gpxtpx:TrackPointExtension>
          <gpxtpx:hr>170</gpxtpx:hr>
        </gpxtpx:TrackPointExtension></extensions>
      </trkpt>
      <trkpt lat="31.409229" lon="120.097451">
        <ele>8.0</ele>
        <time>2026-04-19T00:06:23Z</time>
        <extensions><gpxtpx:TrackPointExtension>
          <gpxtpx:hr>170</gpxtpx:hr>
        </gpxtpx:TrackPointExtension></extensions>
      </trkpt>
      <trkpt lat="31.409207" lon="120.097414">
        <ele>8.0</ele>
        <time>2026-04-19T00:06:24Z</time>
        <extensions><gpxtpx:TrackPointExtension>
          <gpxtpx:hr>170</gpxtpx:hr>
        </gpxtpx:TrackPointExtension></extensions>
      </trkpt>
      <trkpt lat="31.409185" lon="120.097377">
        <ele>8.0</ele>
        <time>2026-04-19T00:06:25Z</time>
        <extensions><gpxtpx:TrackPointExtension>
          <gpxtpx:hr>170</gpxtpx:hr>
        </gpxtpx:TrackPointExtension></extensions>
      </trkpt>
      <trkpt lat="31.409164" lon="120.097341">
        <ele>9.0</ele>
        <time>2026-04-19T00:06:26Z</time>
        <extensions><gpxtpx:TrackPointExtension>
          <gpxtpx:hr>170</gpxtpx:hr>
        </gpxtpx:TrackPointExtension></extensions>
      </trkpt>
      <trkpt lat="31.409142" lon="120.097304">
        <ele>9.0</ele>
        <time>2026-04-19T00:06:27Z</time>
        <extensions><gpxtpx:TrackPointExtension>
          <gpxtpx:hr>170</gpxtpx:hr>
        </gpxtpx:TrackPointExtension></extensions>
      </trkpt>
      <trkpt lat="31.409119" lon="120.097268">
        <ele>9.0</ele>
        <time>2026-04-19T00:06:28Z</time>
        <extensions><gpxtpx:TrackPointExtension>
          <gpxtpx:hr>170</gpxtpx:hr>
        </gpxtpx:TrackPointExtension></extensions>
      </trkpt>
      <trkpt lat="31.409097" lon="120.097231">
        <ele>9.0</ele>
        <time>2026-04-19T00:06:29Z</time>
        <extensions><gpxtpx:TrackPointExtension>
          <gpxtpx:hr>170</gpxtpx:hr>
        </gpxtpx:TrackPointExtension></extensions>
      </trkpt>
      <trkpt lat="31.409074" lon="120.097195">
        <ele>9.0</ele>
        <time>2026-04-19T00:06:30Z</time>
        <extensions><gpxtpx:TrackPointExtension>
          <gpxtpx:hr>171</gpxtpx:hr>
        </gpxtpx:TrackPointExtension></extensions>
      </trkpt>
      <trkpt lat="31.409051" lon="120.097159">
        <ele>9.0</ele>
        <time>2026-04-19T00:06:31Z</time>
        <extensions><gpxtpx:TrackPointExtension>
          <gpxtpx:hr>171</gpxtpx:hr>
        </gpxtpx:TrackPointExtension></extensions>
      </trkpt>
      <trkpt lat="31.409027" lon="120.097124">
        <ele>9.0</ele>
        <time>2026-04-19T00:06:32Z</time>
        <extensions><gpxtpx:TrackPointExtension>
          <gpxtpx:hr>171</gpxtpx:hr>
        </gpxtpx:TrackPointExtension></extensions>
      </trkpt>
      <trkpt lat="31.409004" lon="120.097089">
        <ele>9.0</ele>
        <time>2026-04-19T00:06:33Z</time>
        <extensions><gpxtpx:TrackPointExtension>
          <gpxtpx:hr>171</gpxtpx:hr>
        </gpxtpx:TrackPointExtension></extensions>
      </trkpt>
      <trkpt lat="31.40898" lon="120.097054">
        <ele>9.0</ele>
        <time>2026-04-19T00:06:34Z</time>
        <extensions><gpxtpx:TrackPointExtension>
          <gpxtpx:hr>172</gpxtpx:hr>
        </gpxtpx:TrackPointExtension></extensions>
      </trkpt>
      <trkpt lat="31.408956" lon="120.097019">
        <ele>9.0</ele>
        <time>2026-04-19T00:06:35Z</time>
        <extensions><gpxtpx:TrackPointExtension>
          <gpxtpx:hr>172</gpxtpx:hr>
        </gpxtpx:TrackPointExtension></extensions>
      </trkpt>
      <trkpt lat="31.408933" lon="120.096984">
        <ele>9.0</ele>
        <time>2026-04-19T00:06:36Z</time>
        <extensions><gpxtpx:TrackPointExtension>
          <gpxtpx:hr>172</gpxtpx:hr>
        </gpxtpx:TrackPointExtension></extensions>
      </trkpt>
      <trkpt lat="31.408909" lon="120.096948">
        <ele>8.0</ele>
        <time>2026-04-19T00:06:37Z</time>
        <extensions><gpxtpx:TrackPointExtension>
          <gpxtpx:hr>172</gpxtpx:hr>
        </gpxtpx:TrackPointExtension></extensions>
      </trkpt>
      <trkpt lat="31.408885" lon="120.096912">
        <ele>8.0</ele>
        <time>2026-04-19T00:06:38Z</time>
        <extensions><gpxtpx:TrackPointExtension>
          <gpxtpx:hr>173</gpxtpx:hr>
        </gpxtpx:TrackPointExtension></extensions>
      </trkpt>
      <trkpt lat="31.408862" lon="120.096877">
        <ele>8.0</ele>
        <time>2026-04-19T00:06:39Z</time>
        <extensions><gpxtpx:TrackPointExtension>
          <gpxtpx:hr>173</gpxtpx:hr>
        </gpxtpx:TrackPointExtension></extensions>
      </trkpt>
      <trkpt lat="31.408838" lon="120.096841">
        <ele>8.0</ele>
        <time>2026-04-19T00:06:40Z</time>
        <extensions><gpxtpx:TrackPointExtension>
          <gpxtpx:hr>173</gpxtpx:hr>
        </gpxtpx:TrackPointExtension></extensions>
      </trkpt>
      <trkpt lat="31.408814" lon="120.096806">
        <ele>8.0</ele>
        <time>2026-04-19T00:06:41Z</time>
        <extensions><gpxtpx:TrackPointExtension>
          <gpxtpx:hr>173</gpxtpx:hr>
        </gpxtpx:TrackPointExtension></extensions>
      </trkpt>
      <trkpt lat="31.408791" lon="120.096771">
        <ele>8.0</ele>
        <time>2026-04-19T00:06:42Z</time>
        <extensions><gpxtpx:TrackPointExtension>
          <gpxtpx:hr>173</gpxtpx:hr>
        </gpxtpx:TrackPointExtension></extensions>
      </trkpt>
      <trkpt lat="31.408767" lon="120.096736">
        <ele>8.0</ele>
        <time>2026-04-19T00:06:43Z</time>
        <extensions><gpxtpx:TrackPointExtension>
          <gpxtpx:hr>173</gpxtpx:hr>
        </gpxtpx:TrackPointExtension></extensions>
      </trkpt>
      <trkpt lat="31.408743" lon="120.096701">
        <ele>8.0</ele>
        <time>2026-04-19T00:06:44Z</time>
        <extensions><gpxtpx:TrackPointExtension>
          <gpxtpx:hr>173</gpxtpx:hr>
        </gpxtpx:TrackPointExtension></extensions>
      </trkpt>
      <trkpt lat="31.408719" lon="120.096666">
        <ele>8.0</ele>
        <time>2026-04-19T00:06:45Z</time>
        <extensions><gpxtpx:TrackPointExtension>
          <gpxtpx:hr>173</gpxtpx:hr>
        </gpxtpx:TrackPointExtension></extensions>
      </trkpt>
      <trkpt lat="31.408696" lon="120.096631">
        <ele>8.0</ele>
        <time>2026-04-19T00:06:46Z</time>
        <extensions><gpxtpx:TrackPointExtension>
          <gpxtpx:hr>173</gpxtpx:hr>
        </gpxtpx:TrackPointExtension></extensions>
      </trkpt>
      <trkpt lat="31.408672" lon="120.096595">
        <ele>8.0</ele>
        <time>2026-04-19T00:06:47Z</time>
        <extensions><gpxtpx:TrackPointExtension>
          <gpxtpx:hr>173</gpxtpx:hr>
        </gpxtpx:TrackPointExtension></extensions>
      </trkpt>
      <trkpt lat="31.408648" lon="120.09656">
        <ele>8.0</ele>
        <time>2026-04-19T00:06:48Z</time>
        <extensions><gpxtpx:TrackPointExtension>
          <gpxtpx:hr>173</gpxtpx:hr>
        </gpxtpx:TrackPointExtension></extensions>
      </trkpt>
      <trkpt lat="31.408625" lon="120.096524">
        <ele>8.0</ele>
        <time>2026-04-19T00:06:49Z</time>
        <extensions><gpxtpx:TrackPointExtension>
          <gpxtpx:hr>173</gpxtpx:hr>
        </gpxtpx:TrackPointExtension></extensions>
      </trkpt>
      <trkpt lat="31.408602" lon="120.096488">
        <ele>8.0</ele>
        <time>2026-04-19T00:06:50Z</time>
        <extensions><gpxtpx:TrackPointExtension>
          <gpxtpx:hr>173</gpxtpx:hr>
        </gpxtpx:TrackPointExtension></extensions>
      </trkpt>
      <trkpt lat="31.408579" lon="120.096452">
        <ele>8.0</ele>
        <time>2026-04-19T00:06:51Z</time>
        <extensions><gpxtpx:TrackPointExtension>
          <gpxtpx:hr>173</gpxtpx:hr>
        </gpxtpx:TrackPointExtension></extensions>
      </trkpt>
      <trkpt lat="31.408557" lon="120.096416">
        <ele>8.0</ele>
        <time>2026-04-19T00:06:52Z</time>
        <extensions><gpxtpx:TrackPointExtension>
          <gpxtpx:hr>173</gpxtpx:hr>
        </gpxtpx:TrackPointExtension></extensions>
      </trkpt>
      <trkpt lat="31.408536" lon="120.09638">
        <ele>8.0</ele>
        <time>2026-04-19T00:06:53Z</time>
        <extensions><gpxtpx:TrackPointExtension>
          <gpxtpx:hr>172</gpxtpx:hr>
        </gpxtpx:TrackPointExtension></extensions>
      </trkpt>
      <trkpt lat="31.408514" lon="120.096344">
        <ele>8.0</ele>
        <time>2026-04-19T00:06:54Z</time>
        <extensions><gpxtpx:TrackPointExtension>
          <gpxtpx:hr>172</gpxtpx:hr>
        </gpxtpx:TrackPointExtension></extensions>
      </trkpt>
      <trkpt lat="31.408493" lon="120.096308">
        <ele>8.0</ele>
        <time>2026-04-19T00:06:55Z</time>
        <extensions><gpxtpx:TrackPointExtension>
          <gpxtpx:hr>172</gpxtpx:hr>
        </gpxtpx:TrackPointExtension></extensions>
      </trkpt>
      <trkpt lat="31.408471" lon="120.096272">
        <ele>8.0</ele>
        <time>2026-04-19T00:06:56Z</time>
        <extensions><gpxtpx:TrackPointExtension>
          <gpxtpx:hr>171</gpxtpx:hr>
        </gpxtpx:TrackPointExtension></extensions>
      </trkpt>
      <trkpt lat="31.40845" lon="120.096237">
        <ele>8.0</ele>
        <time>2026-04-19T00:06:57Z</time>
        <extensions><gpxtpx:TrackPointExtension>
          <gpxtpx:hr>170</gpxtpx:hr>
        </gpxtpx:TrackPointExtension></extensions>
      </trkpt>
      <trkpt lat="31.408429" lon="120.096201">
        <ele>8.0</ele>
        <time>2026-04-19T00:06:58Z</time>
        <extensions><gpxtpx:TrackPointExtension>
          <gpxtpx:hr>170</gpxtpx:hr>
        </gpxtpx:TrackPointExtension></extensions>
      </trkpt>
      <trkpt lat="31.408407" lon="120.096165">
        <ele>8.0</ele>
        <time>2026-04-19T00:06:59Z</time>
        <extensions><gpxtpx:TrackPointExtension>
          <gpxtpx:hr>171</gpxtpx:hr>
        </gpxtpx:TrackPointExtension></extensions>
      </trkpt>
      <trkpt lat="31.408385" lon="120.09613">
        <ele>8.0</ele>
        <time>2026-04-19T00:07:00Z</time>
        <extensions><gpxtpx:TrackPointExtension>
          <gpxtpx:hr>171</gpxtpx:hr>
        </gpxtpx:TrackPointExtension></extensions>
      </trkpt>
      <trkpt lat="31.408363" lon="120.096094">
        <ele>8.0</ele>
        <time>2026-04-19T00:07:01Z</time>
        <extensions><gpxtpx:TrackPointExtension>
          <gpxtpx:hr>172</gpxtpx:hr>
        </gpxtpx:TrackPointExtension></extensions>
      </trkpt>
      <trkpt lat="31.408341" lon="120.096058">
        <ele>7.0</ele>
        <time>2026-04-19T00:07:02Z</time>
        <extensions><gpxtpx:TrackPointExtension>
          <gpxtpx:hr>172</gpxtpx:hr>
        </gpxtpx:TrackPointExtension></extensions>
      </trkpt>
      <trkpt lat="31.408318" lon="120.096022">
        <ele>7.0</ele>
        <time>2026-04-19T00:07:03Z</time>
        <extensions><gpxtpx:TrackPointExtension>
          <gpxtpx:hr>171</gpxtpx:hr>
        </gpxtpx:TrackPointExtension></extensions>
      </trkpt>
      <trkpt lat="31.408295" lon="120.095987">
        <ele>7.0</ele>
        <time>2026-04-19T00:07:04Z</time>
        <extensions><gpxtpx:TrackPointExtension>
          <gpxtpx:hr>171</gpxtpx:hr>
        </gpxtpx:TrackPointExtension></extensions>
      </trkpt>
      <trkpt lat="31.408272" lon="120.095951">
        <ele>7.0</ele>
        <time>2026-04-19T00:07:05Z</time>
        <extensions><gpxtpx:TrackPointExtension>
          <gpxtpx:hr>171</gpxtpx:hr>
        </gpxtpx:TrackPointExtension></extensions>
      </trkpt>
      <trkpt lat="31.408249" lon="120.095915">
        <ele>7.0</ele>
        <time>2026-04-19T00:07:06Z</time>
        <extensions><gpxtpx:TrackPointExtension>
          <gpxtpx:hr>171</gpxtpx:hr>
        </gpxtpx:TrackPointExtension></extensions>
      </trkpt>
      <trkpt lat="31.408226" lon="120.095879">
        <ele>7.0</ele>
        <time>2026-04-19T00:07:07Z</time>
        <extensions><gpxtpx:TrackPointExtension>
          <gpxtpx:hr>171</gpxtpx:hr>
        </gpxtpx:TrackPointExtension></extensions>
      </trkpt>
      <trkpt lat="31.408202" lon="120.095843">
        <ele>7.0</ele>
        <time>2026-04-19T00:07:08Z</time>
        <extensions><gpxtpx:TrackPointExtension>
          <gpxtpx:hr>171</gpxtpx:hr>
        </gpxtpx:TrackPointExtension></extensions>
      </trkpt>
      <trkpt lat="31.408179" lon="120.095806">
        <ele>7.0</ele>
        <time>2026-04-19T00:07:09Z</time>
        <extensions><gpxtpx:TrackPointExtension>
          <gpxtpx:hr>171</gpxtpx:hr>
        </gpxtpx:TrackPointExtension></extensions>
      </trkpt>
      <trkpt lat="31.408155" lon="120.09577">
        <ele>7.0</ele>
        <time>2026-04-19T00:07:10Z</time>
        <extensions><gpxtpx:TrackPointExtension>
          <gpxtpx:hr>171</gpxtpx:hr>
        </gpxtpx:TrackPointExtension></extensions>
      </trkpt>
      <trkpt lat="31.408131" lon="120.095733">
        <ele>7.0</ele>
        <time>2026-04-19T00:07:11Z</time>
        <extensions><gpxtpx:TrackPointExtension>
          <gpxtpx:hr>171</gpxtpx:hr>
        </gpxtpx:TrackPointExtension></extensions>
      </trkpt>
      <trkpt lat="31.408108" lon="120.095696">
        <ele>7.0</ele>
        <time>2026-04-19T00:07:12Z</time>
        <extensions><gpxtpx:TrackPointExtension>
          <gpxtpx:hr>171</gpxtpx:hr>
        </gpxtpx:TrackPointExtension></extensions>
      </trkpt>
      <trkpt lat="31.408084" lon="120.095659">
        <ele>7.0</ele>
        <time>2026-04-19T00:07:13Z</time>
        <extensions><gpxtpx:TrackPointExtension>
          <gpxtpx:hr>171</gpxtpx:hr>
        </gpxtpx:TrackPointExtension></extensions>
      </trkpt>
      <trkpt lat="31.40806" lon="120.095623">
        <ele>7.0</ele>
        <time>2026-04-19T00:07:14Z</time>
        <extensions><gpxtpx:TrackPointExtension>
          <gpxtpx:hr>171</gpxtpx:hr>
        </gpxtpx:TrackPointExtension></extensions>
      </trkpt>
      <trkpt lat="31.408036" lon="120.095586">
        <ele>7.0</ele>
        <time>2026-04-19T00:07:15Z</time>
        <extensions><gpxtpx:TrackPointExtension>
          <gpxtpx:hr>172</gpxtpx:hr>
        </gpxtpx:TrackPointExtension></extensions>
      </trkpt>
      <trkpt lat="31.408012" lon="120.09555">
        <ele>7.0</ele>
        <time>2026-04-19T00:07:16Z</time>
        <extensions><gpxtpx:TrackPointExtension>
          <gpxtpx:hr>172</gpxtpx:hr>
        </gpxtpx:TrackPointExtension></extensions>
      </trkpt>
      <trkpt lat="31.407988" lon="120.095513">
        <ele>7.0</ele>
        <time>2026-04-19T00:07:17Z</time>
        <extensions><gpxtpx:TrackPointExtension>
          <gpxtpx:hr>172</gpxtpx:hr>
        </gpxtpx:TrackPointExtension></extensions>
      </trkpt>
      <trkpt lat="31.407964" lon="120.095477">
        <ele>7.0</ele>
        <time>2026-04-19T00:07:18Z</time>
        <extensions><gpxtpx:TrackPointExtension>
          <gpxtpx:hr>172</gpxtpx:hr>
        </gpxtpx:TrackPointExtension></extensions>
      </trkpt>
      <trkpt lat="31.407939" lon="120.095441">
        <ele>7.0</ele>
        <time>2026-04-19T00:07:19Z</time>
        <extensions><gpxtpx:TrackPointExtension>
          <gpxtpx:hr>172</gpxtpx:hr>
        </gpxtpx:TrackPointExtension></extensions>
      </trkpt>
      <trkpt lat="31.407915" lon="120.095405">
        <ele>7.0</ele>
        <time>2026-04-19T00:07:20Z</time>
        <extensions><gpxtpx:TrackPointExtension>
          <gpxtpx:hr>172</gpxtpx:hr>
        </gpxtpx:TrackPointExtension></extensions>
      </trkpt>
      <trkpt lat="31.407891" lon="120.09537">
        <ele>7.0</ele>
        <time>2026-04-19T00:07:21Z</time>
        <extensions><gpxtpx:TrackPointExtension>
          <gpxtpx:hr>172</gpxtpx:hr>
        </gpxtpx:TrackPointExtension></extensions>
      </trkpt>
      <trkpt lat="31.407868" lon="120.095335">
        <ele>7.0</ele>
        <time>2026-04-19T00:07:22Z</time>
        <extensions><gpxtpx:TrackPointExtension>
          <gpxtpx:hr>172</gpxtpx:hr>
        </gpxtpx:TrackPointExtension></extensions>
      </trkpt>
      <trkpt lat="31.407844" lon="120.095299">
        <ele>7.0</ele>
        <time>2026-04-19T00:07:23Z</time>
        <extensions><gpxtpx:TrackPointExtension>
          <gpxtpx:hr>172</gpxtpx:hr>
        </gpxtpx:TrackPointExtension></extensions>
      </trkpt>
      <trkpt lat="31.40782" lon="120.095264">
        <ele>7.0</ele>
        <time>2026-04-19T00:07:24Z</time>
        <extensions><gpxtpx:TrackPointExtension>
          <gpxtpx:hr>172</gpxtpx:hr>
        </gpxtpx:TrackPointExtension></extensions>
      </trkpt>
      <trkpt lat="31.407797" lon="120.095228">
        <ele>7.0</ele>
        <time>2026-04-19T00:07:25Z</time>
        <extensions><gpxtpx:TrackPointExtension>
          <gpxtpx:hr>172</gpxtpx:hr>
        </gpxtpx:TrackPointExtension></extensions>
      </trkpt>
      <trkpt lat="31.407773" lon="120.095192">
        <ele>8.0</ele>
        <time>2026-04-19T00:07:26Z</time>
        <extensions><gpxtpx:TrackPointExtension>
          <gpxtpx:hr>172</gpxtpx:hr>
        </gpxtpx:TrackPointExtension></extensions>
      </trkpt>
      <trkpt lat="31.40775" lon="120.095156">
        <ele>8.0</ele>
        <time>2026-04-19T00:07:27Z</time>
        <extensions><gpxtpx:TrackPointExtension>
          <gpxtpx:hr>172</gpxtpx:hr>
        </gpxtpx:TrackPointExtension></extensions>
      </trkpt>
      <trkpt lat="31.407726" lon="120.095119">
        <ele>8.0</ele>
        <time>2026-04-19T00:07:28Z</time>
        <extensions><gpxtpx:TrackPointExtension>
          <gpxtpx:hr>172</gpxtpx:hr>
        </gpxtpx:TrackPointExtension></extensions>
      </trkpt>
      <trkpt lat="31.407702" lon="120.095082">
        <ele>8.0</ele>
        <time>2026-04-19T00:07:29Z</time>
        <extensions><gpxtpx:TrackPointExtension>
          <gpxtpx:hr>173</gpxtpx:hr>
        </gpxtpx:TrackPointExtension></extensions>
      </trkpt>
      <trkpt lat="31.407678" lon="120.095044">
        <ele>8.0</ele>
        <time>2026-04-19T00:07:30Z</time>
        <extensions><gpxtpx:TrackPointExtension>
          <gpxtpx:hr>173</gpxtpx:hr>
        </gpxtpx:TrackPointExtension></extensions>
      </trkpt>
      <trkpt lat="31.407654" lon="120.095007">
        <ele>8.0</ele>
        <time>2026-04-19T00:07:31Z</time>
        <extensions><gpxtpx:TrackPointExtension>
          <gpxtpx:hr>173</gpxtpx:hr>
        </gpxtpx:TrackPointExtension></extensions>
      </trkpt>
      <trkpt lat="31.40763" lon="120.09497">
        <ele>8.0</ele>
        <time>2026-04-19T00:07:32Z</time>
        <extensions><gpxtpx:TrackPointExtension>
          <gpxtpx:hr>173</gpxtpx:hr>
        </gpxtpx:TrackPointExtension></extensions>
      </trkpt>
      <trkpt lat="31.407606" lon="120.094934">
        <ele>8.0</ele>
        <time>2026-04-19T00:07:33Z</time>
        <extensions><gpxtpx:TrackPointExtension>
          <gpxtpx:hr>173</gpxtpx:hr>
        </gpxtpx:TrackPointExtension></extensions>
      </trkpt>
      <trkpt lat="31.407581" lon="120.094897">
        <ele>8.0</ele>
        <time>2026-04-19T00:07:34Z</time>
        <extensions><gpxtpx:TrackPointExtension>
          <gpxtpx:hr>174</gpxtpx:hr>
        </gpxtpx:TrackPointExtension></extensions>
      </trkpt>
      <trkpt lat="31.407557" lon="120.094861">
        <ele>8.0</ele>
        <time>2026-04-19T00:07:35Z</time>
        <extensions><gpxtpx:TrackPointExtension>
          <gpxtpx:hr>174</gpxtpx:hr>
        </gpxtpx:TrackPointExtension></extensions>
      </trkpt>
      <trkpt lat="31.407532" lon="120.094826">
        <ele>8.0</ele>
        <time>2026-04-19T00:07:36Z</time>
        <extensions><gpxtpx:TrackPointExtension>
          <gpxtpx:hr>175</gpxtpx:hr>
        </gpxtpx:TrackPointExtension></extensions>
      </trkpt>
      <trkpt lat="31.407508" lon="120.094791">
        <ele>8.0</ele>
        <time>2026-04-19T00:07:37Z</time>
        <extensions><gpxtpx:TrackPointExtension>
          <gpxtpx:hr>175</gpxtpx:hr>
        </gpxtpx:TrackPointExtension></extensions>
      </trkpt>
      <trkpt lat="31.407483" lon="120.094756">
        <ele>8.0</ele>
        <time>2026-04-19T00:07:38Z</time>
        <extensions><gpxtpx:TrackPointExtension>
          <gpxtpx:hr>175</gpxtpx:hr>
        </gpxtpx:TrackPointExtension></extensions>
      </trkpt>
      <trkpt lat="31.407459" lon="120.094722">
        <ele>8.0</ele>
        <time>2026-04-19T00:07:39Z</time>
        <extensions><gpxtpx:TrackPointExtension>
          <gpxtpx:hr>176</gpxtpx:hr>
        </gpxtpx:TrackPointExtension></extensions>
      </trkpt>
      <trkpt lat="31.407435" lon="120.094687">
        <ele>8.0</ele>
        <time>2026-04-19T00:07:40Z</time>
        <extensions><gpxtpx:TrackPointExtension>
          <gpxtpx:hr>176</gpxtpx:hr>
        </gpxtpx:TrackPointExtension></extensions>
      </trkpt>
      <trkpt lat="31.40741" lon="120.094652">
        <ele>8.0</ele>
        <time>2026-04-19T00:07:41Z</time>
        <extensions><gpxtpx:TrackPointExtension>
          <gpxtpx:hr>176</gpxtpx:hr>
        </gpxtpx:TrackPointExtension></extensions>
      </trkpt>
      <trkpt lat="31.407386" lon="120.094618">
        <ele>8.0</ele>
        <time>2026-04-19T00:07:42Z</time>
        <extensions><gpxtpx:TrackPointExtension>
          <gpxtpx:hr>175</gpxtpx:hr>
        </gpxtpx:TrackPointExtension></extensions>
      </trkpt>
      <trkpt lat="31.407362" lon="120.094583">
        <ele>8.0</ele>
        <time>2026-04-19T00:07:43Z</time>
        <extensions><gpxtpx:TrackPointExtension>
          <gpxtpx:hr>175</gpxtpx:hr>
        </gpxtpx:TrackPointExtension></extensions>
      </trkpt>
      <trkpt lat="31.407339" lon="120.094549">
        <ele>8.0</ele>
        <time>2026-04-19T00:07:44Z</time>
        <extensions><gpxtpx:TrackPointExtension>
          <gpxtpx:hr>174</gpxtpx:hr>
        </gpxtpx:TrackPointExtension></extensions>
      </trkpt>
      <trkpt lat="31.407315" lon="120.094515">
        <ele>8.0</ele>
        <time>2026-04-19T00:07:45Z</time>
        <extensions><gpxtpx:TrackPointExtension>
          <gpxtpx:hr>175</gpxtpx:hr>
        </gpxtpx:TrackPointExtension></extensions>
      </trkpt>
      <trkpt lat="31.407292" lon="120.09448">
        <ele>8.0</ele>
        <time>2026-04-19T00:07:46Z</time>
        <extensions><gpxtpx:TrackPointExtension>
          <gpxtpx:hr>175</gpxtpx:hr>
        </gpxtpx:TrackPointExtension></extensions>
      </trkpt>
      <trkpt lat="31.407269" lon="120.094445">
        <ele>8.0</ele>
        <time>2026-04-19T00:07:47Z</time>
        <extensions><gpxtpx:TrackPointExtension>
          <gpxtpx:hr>175</gpxtpx:hr>
        </gpxtpx:TrackPointExtension></extensions>
      </trkpt>
      <trkpt lat="31.407246" lon="120.09441">
        <ele>8.0</ele>
        <time>2026-04-19T00:07:48Z</time>
        <extensions><gpxtpx:TrackPointExtension>
          <gpxtpx:hr>175</gpxtpx:hr>
        </gpxtpx:TrackPointExtension></extensions>
      </trkpt>
      <trkpt lat="31.407223" lon="120.094375">
        <ele>8.0</ele>
        <time>2026-04-19T00:07:49Z</time>
        <extensions><gpxtpx:TrackPointExtension>
          <gpxtpx:hr>175</gpxtpx:hr>
        </gpxtpx:TrackPointExtension></extensions>
      </trkpt>
      <trkpt lat="31.4072" lon="120.09434">
        <ele>8.0</ele>
        <time>2026-04-19T00:07:50Z</time>
        <extensions><gpxtpx:TrackPointExtension>
          <gpxtpx:hr>175</gpxtpx:hr>
        </gpxtpx:TrackPointExtension></extensions>
      </trkpt>
      <trkpt lat="31.407178" lon="120.094305">
        <ele>8.0</ele>
        <time>2026-04-19T00:07:51Z</time>
        <extensions><gpxtpx:TrackPointExtension>
          <gpxtpx:hr>175</gpxtpx:hr>
        </gpxtpx:TrackPointExtension></extensions>
      </trkpt>
      <trkpt lat="31.407155" lon="120.09427">
        <ele>8.0</ele>
        <time>2026-04-19T00:07:52Z</time>
        <extensions><gpxtpx:TrackPointExtension>
          <gpxtpx:hr>175</gpxtpx:hr>
        </gpxtpx:TrackPointExtension></extensions>
      </trkpt>
      <trkpt lat="31.407133" lon="120.094235">
        <ele>8.0</ele>
        <time>2026-04-19T00:07:53Z</time>
        <extensions><gpxtpx:TrackPointExtension>
          <gpxtpx:hr>175</gpxtpx:hr>
        </gpxtpx:TrackPointExtension></extensions>
      </trkpt>
      <trkpt lat="31.40711" lon="120.094201">
        <ele>8.0</ele>
        <time>2026-04-19T00:07:54Z</time>
        <extensions><gpxtpx:TrackPointExtension>
          <gpxtpx:hr>175</gpxtpx:hr>
        </gpxtpx:TrackPointExtension></extensions>
      </trkpt>
      <trkpt lat="31.407086" lon="120.094166">
        <ele>8.0</ele>
        <time>2026-04-19T00:07:55Z</time>
        <extensions><gpxtpx:TrackPointExtension>
          <gpxtpx:hr>175</gpxtpx:hr>
        </gpxtpx:TrackPointExtension></extensions>
      </trkpt>
      <trkpt lat="31.407062" lon="120.094132">
        <ele>8.0</ele>
        <time>2026-04-19T00:07:56Z</time>
        <extensions><gpxtpx:TrackPointExtension>
          <gpxtpx:hr>175</gpxtpx:hr>
        </gpxtpx:TrackPointExtension></extensions>
      </trkpt>
      <trkpt lat="31.407037" lon="120.094098">
        <ele>8.0</ele>
        <time>2026-04-19T00:07:57Z</time>
        <extensions><gpxtpx:TrackPointExtension>
          <gpxtpx:hr>174</gpxtpx:hr>
        </gpxtpx:TrackPointExtension></extensions>
      </trkpt>
      <trkpt lat="31.407011" lon="120.094064">
        <ele>8.0</ele>
        <time>2026-04-19T00:07:58Z</time>
        <extensions><gpxtpx:TrackPointExtension>
          <gpxtpx:hr>174</gpxtpx:hr>
        </gpxtpx:TrackPointExtension></extensions>
      </trkpt>
      <trkpt lat="31.406985" lon="120.09403">
        <ele>8.0</ele>
        <time>2026-04-19T00:07:59Z</time>
        <extensions><gpxtpx:TrackPointExtension>
          <gpxtpx:hr>174</gpxtpx:hr>
        </gpxtpx:TrackPointExtension></extensions>
      </trkpt>
      <trkpt lat="31.406959" lon="120.093996">
        <ele>8.0</ele>
        <time>2026-04-19T00:08:00Z</time>
        <extensions><gpxtpx:TrackPointExtension>
          <gpxtpx:hr>173</gpxtpx:hr>
        </gpxtpx:TrackPointExtension></extensions>
      </trkpt>
      <trkpt lat="31.406933" lon="120.093962">
        <ele>8.0</ele>
        <time>2026-04-19T00:08:01Z</time>
        <extensions><gpxtpx:TrackPointExtension>
          <gpxtpx:hr>173</gpxtpx:hr>
        </gpxtpx:TrackPointExtension></extensions>
      </trkpt>
      <trkpt lat="31.406908" lon="120.093929">
        <ele>7.0</ele>
        <time>2026-04-19T00:08:02Z</time>
        <extensions><gpxtpx:TrackPointExtension>
          <gpxtpx:hr>173</gpxtpx:hr>
        </gpxtpx:TrackPointExtension></extensions>
      </trkpt>
      <trkpt lat="31.406882" lon="120.093895">
        <ele>7.0</ele>
        <time>2026-04-19T00:08:03Z</time>
        <extensions><gpxtpx:TrackPointExtension>
          <gpxtpx:hr>173</gpxtpx:hr>
        </gpxtpx:TrackPointExtension></extensions>
      </trkpt>
      <trkpt lat="31.406857" lon="120.093862">
        <ele>7.0</ele>
        <time>2026-04-19T00:08:04Z</time>
        <extensions><gpxtpx:TrackPointExtension>
          <gpxtpx:hr>174</gpxtpx:hr>
        </gpxtpx:TrackPointExtension></extensions>
      </trkpt>
      <trkpt lat="31.406831" lon="120.093828">
        <ele>7.0</ele>
        <time>2026-04-19T00:08:05Z</time>
        <extensions><gpxtpx:TrackPointExtension>
          <gpxtpx:hr>174</gpxtpx:hr>
        </gpxtpx:TrackPointExtension></extensions>
      </trkpt>
      <trkpt lat="31.406807" lon="120.093795">
        <ele>7.0</ele>
        <time>2026-04-19T00:08:06Z</time>
        <extensions><gpxtpx:TrackPointExtension>
          <gpxtpx:hr>174</gpxtpx:hr>
        </gpxtpx:TrackPointExtension></extensions>
      </trkpt>
      <trkpt lat="31.406782" lon="120.093762">
        <ele>7.0</ele>
        <time>2026-04-19T00:08:07Z</time>
        <extensions><gpxtpx:TrackPointExtension>
          <gpxtpx:hr>174</gpxtpx:hr>
        </gpxtpx:TrackPointExtension></extensions>
      </trkpt>
      <trkpt lat="31.406757" lon="120.093729">
        <ele>7.0</ele>
        <time>2026-04-19T00:08:08Z</time>
        <extensions><gpxtpx:TrackPointExtension>
          <gpxtpx:hr>174</gpxtpx:hr>
        </gpxtpx:TrackPointExtension></extensions>
      </trkpt>
      <trkpt lat="31.406733" lon="120.093697">
        <ele>7.0</ele>
        <time>2026-04-19T00:08:09Z</time>
        <extensions><gpxtpx:TrackPointExtension>
          <gpxtpx:hr>175</gpxtpx:hr>
        </gpxtpx:TrackPointExtension></extensions>
      </trkpt>
      <trkpt lat="31.40671" lon="120.093664">
        <ele>7.0</ele>
        <time>2026-04-19T00:08:10Z</time>
        <extensions><gpxtpx:TrackPointExtension>
          <gpxtpx:hr>175</gpxtpx:hr>
        </gpxtpx:TrackPointExtension></extensions>
      </trkpt>
      <trkpt lat="31.406686" lon="120.093631">
        <ele>7.0</ele>
        <time>2026-04-19T00:08:11Z</time>
        <extensions><gpxtpx:TrackPointExtension>
          <gpxtpx:hr>175</gpxtpx:hr>
        </gpxtpx:TrackPointExtension></extensions>
      </trkpt>
      <trkpt lat="31.406662" lon="120.093598">
        <ele>7.0</ele>
        <time>2026-04-19T00:08:12Z</time>
        <extensions><gpxtpx:TrackPointExtension>
          <gpxtpx:hr>175</gpxtpx:hr>
        </gpxtpx:TrackPointExtension></extensions>
      </trkpt>
      <trkpt lat="31.406639" lon="120.093565">
        <ele>7.0</ele>
        <time>2026-04-19T00:08:13Z</time>
        <extensions><gpxtpx:TrackPointExtension>
          <gpxtpx:hr>175</gpxtpx:hr>
        </gpxtpx:TrackPointExtension></extensions>
      </trkpt>
      <trkpt lat="31.406615" lon="120.093531">
        <ele>7.0</ele>
        <time>2026-04-19T00:08:14Z</time>
        <extensions><gpxtpx:TrackPointExtension>
          <gpxtpx:hr>175</gpxtpx:hr>
        </gpxtpx:TrackPointExtension></extensions>
      </trkpt>
      <trkpt lat="31.406592" lon="120.093497">
        <ele>7.0</ele>
        <time>2026-04-19T00:08:15Z</time>
        <extensions><gpxtpx:TrackPointExtension>
          <gpxtpx:hr>175</gpxtpx:hr>
        </gpxtpx:TrackPointExtension></extensions>
      </trkpt>
      <trkpt lat="31.406568" lon="120.093462">
        <ele>7.0</ele>
        <time>2026-04-19T00:08:16Z</time>
        <extensions><gpxtpx:TrackPointExtension>
          <gpxtpx:hr>175</gpxtpx:hr>
        </gpxtpx:TrackPointExtension></extensions>
      </trkpt>
      <trkpt lat="31.406545" lon="120.093428">
        <ele>7.0</ele>
        <time>2026-04-19T00:08:17Z</time>
        <extensions><gpxtpx:TrackPointExtension>
          <gpxtpx:hr>174</gpxtpx:hr>
        </gpxtpx:TrackPointExtension></extensions>
      </trkpt>
      <trkpt lat="31.40652" lon="120.093392">
        <ele>7.0</ele>
        <time>2026-04-19T00:08:18Z</time>
        <extensions><gpxtpx:TrackPointExtension>
          <gpxtpx:hr>173</gpxtpx:hr>
        </gpxtpx:TrackPointExtension></extensions>
      </trkpt>
      <trkpt lat="31.406496" lon="120.093357">
        <ele>7.0</ele>
        <time>2026-04-19T00:08:19Z</time>
        <extensions><gpxtpx:TrackPointExtension>
          <gpxtpx:hr>172</gpxtpx:hr>
        </gpxtpx:TrackPointExtension></extensions>
      </trkpt>
      <trkpt lat="31.40647" lon="120.093322">
        <ele>7.0</ele>
        <time>2026-04-19T00:08:20Z</time>
        <extensions><gpxtpx:TrackPointExtension>
          <gpxtpx:hr>171</gpxtpx:hr>
        </gpxtpx:TrackPointExtension></extensions>
      </trkpt>
      <trkpt lat="31.406445" lon="120.093287">
        <ele>7.0</ele>
        <time>2026-04-19T00:08:21Z</time>
        <extensions><gpxtpx:TrackPointExtension>
          <gpxtpx:hr>169</gpxtpx:hr>
        </gpxtpx:TrackPointExtension></extensions>
      </trkpt>
      <trkpt lat="31.406419" lon="120.093253">
        <ele>7.0</ele>
        <time>2026-04-19T00:08:22Z</time>
        <extensions><gpxtpx:TrackPointExtension>
          <gpxtpx:hr>169</gpxtpx:hr>
        </gpxtpx:TrackPointExtension></extensions>
      </trkpt>
      <trkpt lat="31.406394" lon="120.093219">
        <ele>7.0</ele>
        <time>2026-04-19T00:08:23Z</time>
        <extensions><gpxtpx:TrackPointExtension>
          <gpxtpx:hr>169</gpxtpx:hr>
        </gpxtpx:TrackPointExtension></extensions>
      </trkpt>
      <trkpt lat="31.406368" lon="120.093185">
        <ele>7.0</ele>
        <time>2026-04-19T00:08:24Z</time>
        <extensions><gpxtpx:TrackPointExtension>
          <gpxtpx:hr>170</gpxtpx:hr>
        </gpxtpx:TrackPointExtension></extensions>
      </trkpt>
      <trkpt lat="31.406343" lon="120.09315">
        <ele>7.0</ele>
        <time>2026-04-19T00:08:25Z</time>
        <extensions><gpxtpx:TrackPointExtension>
          <gpxtpx:hr>170</gpxtpx:hr>
        </gpxtpx:TrackPointExtension></extensions>
      </trkpt>
      <trkpt lat="31.406317" lon="120.093117">
        <ele>7.0</ele>
        <time>2026-04-19T00:08:26Z</time>
        <extensions><gpxtpx:TrackPointExtension>
          <gpxtpx:hr>170</gpxtpx:hr>
        </gpxtpx:TrackPointExtension></extensions>
      </trkpt>
      <trkpt lat="31.406291" lon="120.093084">
        <ele>7.0</ele>
        <time>2026-04-19T00:08:27Z</time>
        <extensions><gpxtpx:TrackPointExtension>
          <gpxtpx:hr>170</gpxtpx:hr>
        </gpxtpx:TrackPointExtension></extensions>
      </trkpt>
      <trkpt lat="31.406266" lon="120.093051">
        <ele>7.0</ele>
        <time>2026-04-19T00:08:28Z</time>
        <extensions><gpxtpx:TrackPointExtension>
          <gpxtpx:hr>170</gpxtpx:hr>
        </gpxtpx:TrackPointExtension></extensions>
      </trkpt>
      <trkpt lat="31.406241" lon="120.093018">
        <ele>7.0</ele>
        <time>2026-04-19T00:08:29Z</time>
        <extensions><gpxtpx:TrackPointExtension>
          <gpxtpx:hr>170</gpxtpx:hr>
        </gpxtpx:TrackPointExtension></extensions>
      </trkpt>
      <trkpt lat="31.406216" lon="120.092985">
        <ele>7.0</ele>
        <time>2026-04-19T00:08:30Z</time>
        <extensions><gpxtpx:TrackPointExtension>
          <gpxtpx:hr>170</gpxtpx:hr>
        </gpxtpx:TrackPointExtension></extensions>
      </trkpt>
      <trkpt lat="31.406191" lon="120.092952">
        <ele>7.0</ele>
        <time>2026-04-19T00:08:31Z</time>
        <extensions><gpxtpx:TrackPointExtension>
          <gpxtpx:hr>170</gpxtpx:hr>
        </gpxtpx:TrackPointExtension></extensions>
      </trkpt>
      <trkpt lat="31.406166" lon="120.09292">
        <ele>7.0</ele>
        <time>2026-04-19T00:08:32Z</time>
        <extensions><gpxtpx:TrackPointExtension>
          <gpxtpx:hr>170</gpxtpx:hr>
        </gpxtpx:TrackPointExtension></extensions>
      </trkpt>
      <trkpt lat="31.406142" lon="120.092887">
        <ele>7.0</ele>
        <time>2026-04-19T00:08:33Z</time>
        <extensions><gpxtpx:TrackPointExtension>
          <gpxtpx:hr>170</gpxtpx:hr>
        </gpxtpx:TrackPointExtension></extensions>
      </trkpt>
      <trkpt lat="31.406117" lon="120.092854">
        <ele>7.0</ele>
        <time>2026-04-19T00:08:34Z</time>
        <extensions><gpxtpx:TrackPointExtension>
          <gpxtpx:hr>170</gpxtpx:hr>
        </gpxtpx:TrackPointExtension></extensions>
      </trkpt>
      <trkpt lat="31.406092" lon="120.092821">
        <ele>7.0</ele>
        <time>2026-04-19T00:08:35Z</time>
        <extensions><gpxtpx:TrackPointExtension>
          <gpxtpx:hr>170</gpxtpx:hr>
        </gpxtpx:TrackPointExtension></extensions>
      </trkpt>
      <trkpt lat="31.406066" lon="120.092788">
        <ele>7.0</ele>
        <time>2026-04-19T00:08:36Z</time>
        <extensions><gpxtpx:TrackPointExtension>
          <gpxtpx:hr>170</gpxtpx:hr>
        </gpxtpx:TrackPointExtension></extensions>
      </trkpt>
      <trkpt lat="31.406041" lon="120.092755">
        <ele>7.0</ele>
        <time>2026-04-19T00:08:37Z</time>
        <extensions><gpxtpx:TrackPointExtension>
          <gpxtpx:hr>170</gpxtpx:hr>
        </gpxtpx:TrackPointExtension></extensions>
      </trkpt>
      <trkpt lat="31.406015" lon="120.092724">
        <ele>7.0</ele>
        <time>2026-04-19T00:08:38Z</time>
        <extensions><gpxtpx:TrackPointExtension>
          <gpxtpx:hr>170</gpxtpx:hr>
        </gpxtpx:TrackPointExtension></extensions>
      </trkpt>
      <trkpt lat="31.405989" lon="120.092693">
        <ele>7.0</ele>
        <time>2026-04-19T00:08:39Z</time>
        <extensions><gpxtpx:TrackPointExtension>
          <gpxtpx:hr>171</gpxtpx:hr>
        </gpxtpx:TrackPointExtension></extensions>
      </trkpt>
      <trkpt lat="31.405963" lon="120.092661">
        <ele>7.0</ele>
        <time>2026-04-19T00:08:40Z</time>
        <extensions><gpxtpx:TrackPointExtension>
          <gpxtpx:hr>171</gpxtpx:hr>
        </gpxtpx:TrackPointExtension></extensions>
      </trkpt>
      <trkpt lat="31.405937" lon="120.092629">
        <ele>7.0</ele>
        <time>2026-04-19T00:08:41Z</time>
        <extensions><gpxtpx:TrackPointExtension>
          <gpxtpx:hr>170</gpxtpx:hr>
        </gpxtpx:TrackPointExtension></extensions>
      </trkpt>
      <trkpt lat="31.405912" lon="120.092597">
        <ele>7.0</ele>
        <time>2026-04-19T00:08:42Z</time>
        <extensions><gpxtpx:TrackPointExtension>
          <gpxtpx:hr>170</gpxtpx:hr>
        </gpxtpx:TrackPointExtension></extensions>
      </trkpt>
      <trkpt lat="31.405888" lon="120.092565">
        <ele>7.0</ele>
        <time>2026-04-19T00:08:43Z</time>
        <extensions><gpxtpx:TrackPointExtension>
          <gpxtpx:hr>171</gpxtpx:hr>
        </gpxtpx:TrackPointExtension></extensions>
      </trkpt>
      <trkpt lat="31.405863" lon="120.092533">
        <ele>7.0</ele>
        <time>2026-04-19T00:08:44Z</time>
        <extensions><gpxtpx:TrackPointExtension>
          <gpxtpx:hr>171</gpxtpx:hr>
        </gpxtpx:TrackPointExtension></extensions>
      </trkpt>
      <trkpt lat="31.405838" lon="120.0925">
        <ele>7.0</ele>
        <time>2026-04-19T00:08:45Z</time>
        <extensions><gpxtpx:TrackPointExtension>
          <gpxtpx:hr>172</gpxtpx:hr>
        </gpxtpx:TrackPointExtension></extensions>
      </trkpt>
      <trkpt lat="31.405813" lon="120.092467">
        <ele>8.0</ele>
        <time>2026-04-19T00:08:46Z</time>
        <extensions><gpxtpx:TrackPointExtension>
          <gpxtpx:hr>172</gpxtpx:hr>
        </gpxtpx:TrackPointExtension></extensions>
      </trkpt>
      <trkpt lat="31.405788" lon="120.092434">
        <ele>8.0</ele>
        <time>2026-04-19T00:08:47Z</time>
        <extensions><gpxtpx:TrackPointExtension>
          <gpxtpx:hr>172</gpxtpx:hr>
        </gpxtpx:TrackPointExtension></extensions>
      </trkpt>
      <trkpt lat="31.405762" lon="120.092401">
        <ele>8.0</ele>
        <time>2026-04-19T00:08:48Z</time>
        <extensions><gpxtpx:TrackPointExtension>
          <gpxtpx:hr>172</gpxtpx:hr>
        </gpxtpx:TrackPointExtension></extensions>
      </trkpt>
      <trkpt lat="31.405736" lon="120.092368">
        <ele>8.0</ele>
        <time>2026-04-19T00:08:49Z</time>
        <extensions><gpxtpx:TrackPointExtension>
          <gpxtpx:hr>172</gpxtpx:hr>
        </gpxtpx:TrackPointExtension></extensions>
      </trkpt>
      <trkpt lat="31.40571" lon="120.092336">
        <ele>8.0</ele>
        <time>2026-04-19T00:08:50Z</time>
        <extensions><gpxtpx:TrackPointExtension>
          <gpxtpx:hr>172</gpxtpx:hr>
        </gpxtpx:TrackPointExtension></extensions>
      </trkpt>
      <trkpt lat="31.405685" lon="120.092303">
        <ele>8.0</ele>
        <time>2026-04-19T00:08:51Z</time>
        <extensions><gpxtpx:TrackPointExtension>
          <gpxtpx:hr>172</gpxtpx:hr>
        </gpxtpx:TrackPointExtension></extensions>
      </trkpt>
      <trkpt lat="31.405659" lon="120.09227">
        <ele>8.0</ele>
        <time>2026-04-19T00:08:52Z</time>
        <extensions><gpxtpx:TrackPointExtension>
          <gpxtpx:hr>172</gpxtpx:hr>
        </gpxtpx:TrackPointExtension></extensions>
      </trkpt>
      <trkpt lat="31.405633" lon="120.092237">
        <ele>8.0</ele>
        <time>2026-04-19T00:08:53Z</time>
        <extensions><gpxtpx:TrackPointExtension>
          <gpxtpx:hr>173</gpxtpx:hr>
        </gpxtpx:TrackPointExtension></extensions>
      </trkpt>
      <trkpt lat="31.405608" lon="120.092205">
        <ele>8.0</ele>
        <time>2026-04-19T00:08:54Z</time>
        <extensions><gpxtpx:TrackPointExtension>
          <gpxtpx:hr>173</gpxtpx:hr>
        </gpxtpx:TrackPointExtension></extensions>
      </trkpt>
      <trkpt lat="31.405582" lon="120.092173">
        <ele>8.0</ele>
        <time>2026-04-19T00:08:55Z</time>
        <extensions><gpxtpx:TrackPointExtension>
          <gpxtpx:hr>173</gpxtpx:hr>
        </gpxtpx:TrackPointExtension></extensions>
      </trkpt>
      <trkpt lat="31.405555" lon="120.092142">
        <ele>8.0</ele>
        <time>2026-04-19T00:08:56Z</time>
        <extensions><gpxtpx:TrackPointExtension>
          <gpxtpx:hr>173</gpxtpx:hr>
        </gpxtpx:TrackPointExtension></extensions>
      </trkpt>
      <trkpt lat="31.405528" lon="120.092111">
        <ele>8.0</ele>
        <time>2026-04-19T00:08:57Z</time>
        <extensions><gpxtpx:TrackPointExtension>
          <gpxtpx:hr>174</gpxtpx:hr>
        </gpxtpx:TrackPointExtension></extensions>
      </trkpt>
      <trkpt lat="31.405502" lon="120.09208">
        <ele>8.0</ele>
        <time>2026-04-19T00:08:58Z</time>
        <extensions><gpxtpx:TrackPointExtension>
          <gpxtpx:hr>174</gpxtpx:hr>
        </gpxtpx:TrackPointExtension></extensions>
      </trkpt>
      <trkpt lat="31.405475" lon="120.09205">
        <ele>8.0</ele>
        <time>2026-04-19T00:08:59Z</time>
        <extensions><gpxtpx:TrackPointExtension>
          <gpxtpx:hr>174</gpxtpx:hr>
        </gpxtpx:TrackPointExtension></extensions>
      </trkpt>
      <trkpt lat="31.40545" lon="120.092018">
        <ele>8.0</ele>
        <time>2026-04-19T00:09:00Z</time>
        <extensions><gpxtpx:TrackPointExtension>
          <gpxtpx:hr>174</gpxtpx:hr>
        </gpxtpx:TrackPointExtension></extensions>
      </trkpt>
      <trkpt lat="31.405424" lon="120.091987">
        <ele>8.0</ele>
        <time>2026-04-19T00:09:01Z</time>
        <extensions><gpxtpx:TrackPointExtension>
          <gpxtpx:hr>174</gpxtpx:hr>
        </gpxtpx:TrackPointExtension></extensions>
      </trkpt>
      <trkpt lat="31.405399" lon="120.091954">
        <ele>7.0</ele>
        <time>2026-04-19T00:09:02Z</time>
        <extensions><gpxtpx:TrackPointExtension>
          <gpxtpx:hr>174</gpxtpx:hr>
        </gpxtpx:TrackPointExtension></extensions>
      </trkpt>
      <trkpt lat="31.405374" lon="120.091921">
        <ele>7.0</ele>
        <time>2026-04-19T00:09:03Z</time>
        <extensions><gpxtpx:TrackPointExtension>
          <gpxtpx:hr>174</gpxtpx:hr>
        </gpxtpx:TrackPointExtension></extensions>
      </trkpt>
      <trkpt lat="31.405348" lon="120.091888">
        <ele>7.0</ele>
        <time>2026-04-19T00:09:04Z</time>
        <extensions><gpxtpx:TrackPointExtension>
          <gpxtpx:hr>174</gpxtpx:hr>
        </gpxtpx:TrackPointExtension></extensions>
      </trkpt>
      <trkpt lat="31.405323" lon="120.091855">
        <ele>7.0</ele>
        <time>2026-04-19T00:09:05Z</time>
        <extensions><gpxtpx:TrackPointExtension>
          <gpxtpx:hr>174</gpxtpx:hr>
        </gpxtpx:TrackPointExtension></extensions>
      </trkpt>
      <trkpt lat="31.405296" lon="120.091821">
        <ele>7.0</ele>
        <time>2026-04-19T00:09:06Z</time>
        <extensions><gpxtpx:TrackPointExtension>
          <gpxtpx:hr>174</gpxtpx:hr>
        </gpxtpx:TrackPointExtension></extensions>
      </trkpt>
      <trkpt lat="31.405269" lon="120.091788">
        <ele>7.0</ele>
        <time>2026-04-19T00:09:07Z</time>
        <extensions><gpxtpx:TrackPointExtension>
          <gpxtpx:hr>174</gpxtpx:hr>
        </gpxtpx:TrackPointExtension></extensions>
      </trkpt>
      <trkpt lat="31.405241" lon="120.091755">
        <ele>7.0</ele>
        <time>2026-04-19T00:09:08Z</time>
        <extensions><gpxtpx:TrackPointExtension>
          <gpxtpx:hr>175</gpxtpx:hr>
        </gpxtpx:TrackPointExtension></extensions>
      </trkpt>
      <trkpt lat="31.405213" lon="120.091722">
        <ele>7.0</ele>
        <time>2026-04-19T00:09:09Z</time>
        <extensions><gpxtpx:TrackPointExtension>
          <gpxtpx:hr>174</gpxtpx:hr>
        </gpxtpx:TrackPointExtension></extensions>
      </trkpt>
      <trkpt lat="31.405185" lon="120.091689">
        <ele>7.0</ele>
        <time>2026-04-19T00:09:10Z</time>
        <extensions><gpxtpx:TrackPointExtension>
          <gpxtpx:hr>174</gpxtpx:hr>
        </gpxtpx:TrackPointExtension></extensions>
      </trkpt>
      <trkpt lat="31.405157" lon="120.091655">
        <ele>7.0</ele>
        <time>2026-04-19T00:09:11Z</time>
        <extensions><gpxtpx:TrackPointExtension>
          <gpxtpx:hr>174</gpxtpx:hr>
        </gpxtpx:TrackPointExtension></extensions>
      </trkpt>
      <trkpt lat="31.405129" lon="120.091622">
        <ele>7.0</ele>
        <time>2026-04-19T00:09:12Z</time>
        <extensions><gpxtpx:TrackPointExtension>
          <gpxtpx:hr>174</gpxtpx:hr>
        </gpxtpx:TrackPointExtension></extensions>
      </trkpt>
      <trkpt lat="31.405101" lon="120.091589">
        <ele>7.0</ele>
        <time>2026-04-19T00:09:13Z</time>
        <extensions><gpxtpx:TrackPointExtension>
          <gpxtpx:hr>174</gpxtpx:hr>
        </gpxtpx:TrackPointExtension></extensions>
      </trkpt>
      <trkpt lat="31.405073" lon="120.091556">
        <ele>7.0</ele>
        <time>2026-04-19T00:09:14Z</time>
        <extensions><gpxtpx:TrackPointExtension>
          <gpxtpx:hr>174</gpxtpx:hr>
        </gpxtpx:TrackPointExtension></extensions>
      </trkpt>
      <trkpt lat="31.405045" lon="120.091523">
        <ele>7.0</ele>
        <time>2026-04-19T00:09:15Z</time>
        <extensions><gpxtpx:TrackPointExtension>
          <gpxtpx:hr>174</gpxtpx:hr>
        </gpxtpx:TrackPointExtension></extensions>
      </trkpt>
      <trkpt lat="31.405017" lon="120.09149">
        <ele>7.0</ele>
        <time>2026-04-19T00:09:16Z</time>
        <extensions><gpxtpx:TrackPointExtension>
          <gpxtpx:hr>175</gpxtpx:hr>
        </gpxtpx:TrackPointExtension></extensions>
      </trkpt>
      <trkpt lat="31.40499" lon="120.091457">
        <ele>7.0</ele>
        <time>2026-04-19T00:09:17Z</time>
        <extensions><gpxtpx:TrackPointExtension>
          <gpxtpx:hr>175</gpxtpx:hr>
        </gpxtpx:TrackPointExtension></extensions>
      </trkpt>
      <trkpt lat="31.404962" lon="120.091424">
        <ele>7.0</ele>
        <time>2026-04-19T00:09:18Z</time>
        <extensions><gpxtpx:TrackPointExtension>
          <gpxtpx:hr>176</gpxtpx:hr>
        </gpxtpx:TrackPointExtension></extensions>
      </trkpt>
      <trkpt lat="31.404935" lon="120.091392">
        <ele>7.0</ele>
        <time>2026-04-19T00:09:19Z</time>
        <extensions><gpxtpx:TrackPointExtension>
          <gpxtpx:hr>176</gpxtpx:hr>
        </gpxtpx:TrackPointExtension></extensions>
      </trkpt>
      <trkpt lat="31.404908" lon="120.09136">
        <ele>7.0</ele>
        <time>2026-04-19T00:09:20Z</time>
        <extensions><gpxtpx:TrackPointExtension>
          <gpxtpx:hr>177</gpxtpx:hr>
        </gpxtpx:TrackPointExtension></extensions>
      </trkpt>
      <trkpt lat="31.404881" lon="120.091328">
        <ele>7.0</ele>
        <time>2026-04-19T00:09:21Z</time>
        <extensions><gpxtpx:TrackPointExtension>
          <gpxtpx:hr>177</gpxtpx:hr>
        </gpxtpx:TrackPointExtension></extensions>
      </trkpt>
      <trkpt lat="31.404854" lon="120.091296">
        <ele>7.0</ele>
        <time>2026-04-19T00:09:22Z</time>
        <extensions><gpxtpx:TrackPointExtension>
          <gpxtpx:hr>178</gpxtpx:hr>
        </gpxtpx:TrackPointExtension></extensions>
      </trkpt>
      <trkpt lat="31.404827" lon="120.091263">
        <ele>7.0</ele>
        <time>2026-04-19T00:09:23Z</time>
        <extensions><gpxtpx:TrackPointExtension>
          <gpxtpx:hr>178</gpxtpx:hr>
        </gpxtpx:TrackPointExtension></extensions>
      </trkpt>
      <trkpt lat="31.4048" lon="120.091231">
        <ele>7.0</ele>
        <time>2026-04-19T00:09:24Z</time>
        <extensions><gpxtpx:TrackPointExtension>
          <gpxtpx:hr>178</gpxtpx:hr>
        </gpxtpx:TrackPointExtension></extensions>
      </trkpt>
      <trkpt lat="31.404773" lon="120.091198">
        <ele>7.0</ele>
        <time>2026-04-19T00:09:25Z</time>
        <extensions><gpxtpx:TrackPointExtension>
          <gpxtpx:hr>178</gpxtpx:hr>
        </gpxtpx:TrackPointExtension></extensions>
      </trkpt>
      <trkpt lat="31.404745" lon="120.091166">
        <ele>7.0</ele>
        <time>2026-04-19T00:09:26Z</time>
        <extensions><gpxtpx:TrackPointExtension>
          <gpxtpx:hr>178</gpxtpx:hr>
        </gpxtpx:TrackPointExtension></extensions>
      </trkpt>
      <trkpt lat="31.404717" lon="120.091135">
        <ele>7.0</ele>
        <time>2026-04-19T00:09:27Z</time>
        <extensions><gpxtpx:TrackPointExtension>
          <gpxtpx:hr>178</gpxtpx:hr>
        </gpxtpx:TrackPointExtension></extensions>
      </trkpt>
      <trkpt lat="31.40469" lon="120.091103">
        <ele>7.0</ele>
        <time>2026-04-19T00:09:28Z</time>
        <extensions><gpxtpx:TrackPointExtension>
          <gpxtpx:hr>177</gpxtpx:hr>
        </gpxtpx:TrackPointExtension></extensions>
      </trkpt>
      <trkpt lat="31.404663" lon="120.091072">
        <ele>7.0</ele>
        <time>2026-04-19T00:09:29Z</time>
        <extensions><gpxtpx:TrackPointExtension>
          <gpxtpx:hr>177</gpxtpx:hr>
        </gpxtpx:TrackPointExtension></extensions>
      </trkpt>
      <trkpt lat="31.404637" lon="120.09104">
        <ele>7.0</ele>
        <time>2026-04-19T00:09:30Z</time>
        <extensions><gpxtpx:TrackPointExtension>
          <gpxtpx:hr>177</gpxtpx:hr>
        </gpxtpx:TrackPointExtension></extensions>
      </trkpt>
      <trkpt lat="31.404611" lon="120.091008">
        <ele>7.0</ele>
        <time>2026-04-19T00:09:31Z</time>
        <extensions><gpxtpx:TrackPointExtension>
          <gpxtpx:hr>176</gpxtpx:hr>
        </gpxtpx:TrackPointExtension></extensions>
      </trkpt>
      <trkpt lat="31.404585" lon="120.090976">
        <ele>7.0</ele>
        <time>2026-04-19T00:09:32Z</time>
        <extensions><gpxtpx:TrackPointExtension>
          <gpxtpx:hr>176</gpxtpx:hr>
        </gpxtpx:TrackPointExtension></extensions>
      </trkpt>
      <trkpt lat="31.404559" lon="120.090943">
        <ele>7.0</ele>
        <time>2026-04-19T00:09:33Z</time>
        <extensions><gpxtpx:TrackPointExtension>
          <gpxtpx:hr>176</gpxtpx:hr>
        </gpxtpx:TrackPointExtension></extensions>
      </trkpt>
      <trkpt lat="31.404533" lon="120.09091">
        <ele>7.0</ele>
        <time>2026-04-19T00:09:34Z</time>
        <extensions><gpxtpx:TrackPointExtension>
          <gpxtpx:hr>176</gpxtpx:hr>
        </gpxtpx:TrackPointExtension></extensions>
      </trkpt>
      <trkpt lat="31.404507" lon="120.090877">
        <ele>7.0</ele>
        <time>2026-04-19T00:09:35Z</time>
        <extensions><gpxtpx:TrackPointExtension>
          <gpxtpx:hr>176</gpxtpx:hr>
        </gpxtpx:TrackPointExtension></extensions>
      </trkpt>
      <trkpt lat="31.404481" lon="120.090844">
        <ele>7.0</ele>
        <time>2026-04-19T00:09:36Z</time>
        <extensions><gpxtpx:TrackPointExtension>
          <gpxtpx:hr>177</gpxtpx:hr>
        </gpxtpx:TrackPointExtension></extensions>
      </trkpt>
      <trkpt lat="31.404455" lon="120.090811">
        <ele>7.0</ele>
        <time>2026-04-19T00:09:37Z</time>
        <extensions><gpxtpx:TrackPointExtension>
          <gpxtpx:hr>176</gpxtpx:hr>
        </gpxtpx:TrackPointExtension></extensions>
      </trkpt>
      <trkpt lat="31.404428" lon="120.09078">
        <ele>7.0</ele>
        <time>2026-04-19T00:09:38Z</time>
        <extensions><gpxtpx:TrackPointExtension>
          <gpxtpx:hr>175</gpxtpx:hr>
        </gpxtpx:TrackPointExtension></extensions>
      </trkpt>
      <trkpt lat="31.404401" lon="120.090748">
        <ele>7.0</ele>
        <time>2026-04-19T00:09:39Z</time>
        <extensions><gpxtpx:TrackPointExtension>
          <gpxtpx:hr>174</gpxtpx:hr>
        </gpxtpx:TrackPointExtension></extensions>
      </trkpt>
      <trkpt lat="31.404374" lon="120.090717">
        <ele>7.0</ele>
        <time>2026-04-19T00:09:40Z</time>
        <extensions><gpxtpx:TrackPointExtension>
          <gpxtpx:hr>174</gpxtpx:hr>
        </gpxtpx:TrackPointExtension></extensions>
      </trkpt>
      <trkpt lat="31.404347" lon="120.090686">
        <ele>7.0</ele>
        <time>2026-04-19T00:09:41Z</time>
        <extensions><gpxtpx:TrackPointExtension>
          <gpxtpx:hr>174</gpxtpx:hr>
        </gpxtpx:TrackPointExtension></extensions>
      </trkpt>
      <trkpt lat="31.40432" lon="120.090655">
        <ele>6.0</ele>
        <time>2026-04-19T00:09:42Z</time>
        <extensions><gpxtpx:TrackPointExtension>
          <gpxtpx:hr>175</gpxtpx:hr>
        </gpxtpx:TrackPointExtension></extensions>
      </trkpt>
      <trkpt lat="31.404293" lon="120.090624">
        <ele>6.0</ele>
        <time>2026-04-19T00:09:43Z</time>
        <extensions><gpxtpx:TrackPointExtension>
          <gpxtpx:hr>175</gpxtpx:hr>
        </gpxtpx:TrackPointExtension></extensions>
      </trkpt>
      <trkpt lat="31.404265" lon="120.090593">
        <ele>6.0</ele>
        <time>2026-04-19T00:09:44Z</time>
        <extensions><gpxtpx:TrackPointExtension>
          <gpxtpx:hr>175</gpxtpx:hr>
        </gpxtpx:TrackPointExtension></extensions>
      </trkpt>
      <trkpt lat="31.404238" lon="120.090562">
        <ele>6.0</ele>
        <time>2026-04-19T00:09:45Z</time>
        <extensions><gpxtpx:TrackPointExtension>
          <gpxtpx:hr>175</gpxtpx:hr>
        </gpxtpx:TrackPointExtension></extensions>
      </trkpt>
      <trkpt lat="31.404211" lon="120.090531">
        <ele>6.0</ele>
        <time>2026-04-19T00:09:46Z</time>
        <extensions><gpxtpx:TrackPointExtension>
          <gpxtpx:hr>175</gpxtpx:hr>
        </gpxtpx:TrackPointExtension></extensions>
      </trkpt>
      <trkpt lat="31.404183" lon="120.0905">
        <ele>6.0</ele>
        <time>2026-04-19T00:09:47Z</time>
        <extensions><gpxtpx:TrackPointExtension>
          <gpxtpx:hr>175</gpxtpx:hr>
        </gpxtpx:TrackPointExtension></extensions>
      </trkpt>
      <trkpt lat="31.404157" lon="120.090469">
        <ele>6.0</ele>
        <time>2026-04-19T00:09:48Z</time>
        <extensions><gpxtpx:TrackPointExtension>
          <gpxtpx:hr>175</gpxtpx:hr>
        </gpxtpx:TrackPointExtension></extensions>
      </trkpt>
      <trkpt lat="31.40413" lon="120.090438">
        <ele>6.0</ele>
        <time>2026-04-19T00:09:49Z</time>
        <extensions><gpxtpx:TrackPointExtension>
          <gpxtpx:hr>175</gpxtpx:hr>
        </gpxtpx:TrackPointExtension></extensions>
      </trkpt>
      <trkpt lat="31.404103" lon="120.090406">
        <ele>6.0</ele>
        <time>2026-04-19T00:09:50Z</time>
        <extensions><gpxtpx:TrackPointExtension>
          <gpxtpx:hr>175</gpxtpx:hr>
        </gpxtpx:TrackPointExtension></extensions>
      </trkpt>
      <trkpt lat="31.404076" lon="120.090375">
        <ele>7.0</ele>
        <time>2026-04-19T00:09:51Z</time>
        <extensions><gpxtpx:TrackPointExtension>
          <gpxtpx:hr>176</gpxtpx:hr>
        </gpxtpx:TrackPointExtension></extensions>
      </trkpt>
      <trkpt lat="31.404049" lon="120.090342">
        <ele>7.0</ele>
        <time>2026-04-19T00:09:52Z</time>
        <extensions><gpxtpx:TrackPointExtension>
          <gpxtpx:hr>176</gpxtpx:hr>
        </gpxtpx:TrackPointExtension></extensions>
      </trkpt>
      <trkpt lat="31.404022" lon="120.09031">
        <ele>7.0</ele>
        <time>2026-04-19T00:09:53Z</time>
        <extensions><gpxtpx:TrackPointExtension>
          <gpxtpx:hr>177</gpxtpx:hr>
        </gpxtpx:TrackPointExtension></extensions>
      </trkpt>
      <trkpt lat="31.403994" lon="120.090279">
        <ele>7.0</ele>
        <time>2026-04-19T00:09:54Z</time>
        <extensions><gpxtpx:TrackPointExtension>
          <gpxtpx:hr>177</gpxtpx:hr>
        </gpxtpx:TrackPointExtension></extensions>
      </trkpt>
      <trkpt lat="31.403966" lon="120.090247">
        <ele>7.0</ele>
        <time>2026-04-19T00:09:55Z</time>
        <extensions><gpxtpx:TrackPointExtension>
          <gpxtpx:hr>178</gpxtpx:hr>
        </gpxtpx:TrackPointExtension></extensions>
      </trkpt>
      <trkpt lat="31.403939" lon="120.090215">
        <ele>7.0</ele>
        <time>2026-04-19T00:09:56Z</time>
        <extensions><gpxtpx:TrackPointExtension>
          <gpxtpx:hr>178</gpxtpx:hr>
        </gpxtpx:TrackPointExtension></extensions>
      </trkpt>
      <trkpt lat="31.403912" lon="120.090184">
        <ele>7.0</ele>
        <time>2026-04-19T00:09:57Z</time>
        <extensions><gpxtpx:TrackPointExtension>
          <gpxtpx:hr>178</gpxtpx:hr>
        </gpxtpx:TrackPointExtension></extensions>
      </trkpt>
      <trkpt lat="31.403885" lon="120.090153">
        <ele>7.0</ele>
        <time>2026-04-19T00:09:58Z</time>
        <extensions><gpxtpx:TrackPointExtension>
          <gpxtpx:hr>178</gpxtpx:hr>
        </gpxtpx:TrackPointExtension></extensions>
      </trkpt>
      <trkpt lat="31.403858" lon="120.090122">
        <ele>7.0</ele>
        <time>2026-04-19T00:09:59Z</time>
        <extensions><gpxtpx:TrackPointExtension>
          <gpxtpx:hr>178</gpxtpx:hr>
        </gpxtpx:TrackPointExtension></extensions>
      </trkpt>
      <trkpt lat="31.403831" lon="120.090091">
        <ele>7.0</ele>
        <time>2026-04-19T00:10:00Z</time>
        <extensions><gpxtpx:TrackPointExtension>
          <gpxtpx:hr>179</gpxtpx:hr>
        </gpxtpx:TrackPointExtension></extensions>
      </trkpt>
      <trkpt lat="31.403804" lon="120.09006">
        <ele>7.0</ele>
        <time>2026-04-19T00:10:01Z</time>
        <extensions><gpxtpx:TrackPointExtension>
          <gpxtpx:hr>178</gpxtpx:hr>
        </gpxtpx:TrackPointExtension></extensions>
      </trkpt>
      <trkpt lat="31.403777" lon="120.090029">
        <ele>7.0</ele>
        <time>2026-04-19T00:10:02Z</time>
        <extensions><gpxtpx:TrackPointExtension>
          <gpxtpx:hr>179</gpxtpx:hr>
        </gpxtpx:TrackPointExtension></extensions>
      </trkpt>
      <trkpt lat="31.403749" lon="120.089998">
        <ele>7.0</ele>
        <time>2026-04-19T00:10:03Z</time>
        <extensions><gpxtpx:TrackPointExtension>
          <gpxtpx:hr>179</gpxtpx:hr>
        </gpxtpx:TrackPointExtension></extensions>
      </trkpt>
      <trkpt lat="31.40372" lon="120.089966">
        <ele>7.0</ele>
        <time>2026-04-19T00:10:04Z</time>
        <extensions><gpxtpx:TrackPointExtension>
          <gpxtpx:hr>178</gpxtpx:hr>
        </gpxtpx:TrackPointExtension></extensions>
      </trkpt>
      <trkpt lat="31.403691" lon="120.089935">
        <ele>7.0</ele>
        <time>2026-04-19T00:10:05Z</time>
        <extensions><gpxtpx:TrackPointExtension>
          <gpxtpx:hr>178</gpxtpx:hr>
        </gpxtpx:TrackPointExtension></extensions>
      </trkpt>
      <trkpt lat="31.403663" lon="120.089903">
        <ele>8.0</ele>
        <time>2026-04-19T00:10:06Z</time>
        <extensions><gpxtpx:TrackPointExtension>
          <gpxtpx:hr>178</gpxtpx:hr>
        </gpxtpx:TrackPointExtension></extensions>
      </trkpt>
      <trkpt lat="31.403635" lon="120.089871">
        <ele>8.0</ele>
        <time>2026-04-19T00:10:07Z</time>
        <extensions><gpxtpx:TrackPointExtension>
          <gpxtpx:hr>178</gpxtpx:hr>
        </gpxtpx:TrackPointExtension></extensions>
      </trkpt>
      <trkpt lat="31.403607" lon="120.089839">
        <ele>8.0</ele>
        <time>2026-04-19T00:10:08Z</time>
        <extensions><gpxtpx:TrackPointExtension>
          <gpxtpx:hr>178</gpxtpx:hr>
        </gpxtpx:TrackPointExtension></extensions>
      </trkpt>
      <trkpt lat="31.403579" lon="120.089807">
        <ele>8.0</ele>
        <time>2026-04-19T00:10:09Z</time>
        <extensions><gpxtpx:TrackPointExtension>
          <gpxtpx:hr>178</gpxtpx:hr>
        </gpxtpx:TrackPointExtension></extensions>
      </trkpt>
      <trkpt lat="31.40355" lon="120.089775">
        <ele>8.0</ele>
        <time>2026-04-19T00:10:10Z</time>
        <extensions><gpxtpx:TrackPointExtension>
          <gpxtpx:hr>178</gpxtpx:hr>
        </gpxtpx:TrackPointExtension></extensions>
      </trkpt>
      <trkpt lat="31.403522" lon="120.089742">
        <ele>8.0</ele>
        <time>2026-04-19T00:10:11Z</time>
        <extensions><gpxtpx:TrackPointExtension>
          <gpxtpx:hr>178</gpxtpx:hr>
        </gpxtpx:TrackPointExtension></extensions>
      </trkpt>
      <trkpt lat="31.403495" lon="120.08971">
        <ele>8.0</ele>
        <time>2026-04-19T00:10:12Z</time>
        <extensions><gpxtpx:TrackPointExtension>
          <gpxtpx:hr>179</gpxtpx:hr>
        </gpxtpx:TrackPointExtension></extensions>
      </trkpt>
      <trkpt lat="31.403467" lon="120.089677">
        <ele>8.0</ele>
        <time>2026-04-19T00:10:13Z</time>
        <extensions><gpxtpx:TrackPointExtension>
          <gpxtpx:hr>178</gpxtpx:hr>
        </gpxtpx:TrackPointExtension></extensions>
      </trkpt>
      <trkpt lat="31.403439" lon="120.089645">
        <ele>8.0</ele>
        <time>2026-04-19T00:10:14Z</time>
        <extensions><gpxtpx:TrackPointExtension>
          <gpxtpx:hr>179</gpxtpx:hr>
        </gpxtpx:TrackPointExtension></extensions>
      </trkpt>
      <trkpt lat="31.403412" lon="120.089612">
        <ele>8.0</ele>
        <time>2026-04-19T00:10:15Z</time>
        <extensions><gpxtpx:TrackPointExtension>
          <gpxtpx:hr>179</gpxtpx:hr>
        </gpxtpx:TrackPointExtension></extensions>
      </trkpt>
      <trkpt lat="31.403385" lon="120.08958">
        <ele>8.0</ele>
        <time>2026-04-19T00:10:16Z</time>
        <extensions><gpxtpx:TrackPointExtension>
          <gpxtpx:hr>179</gpxtpx:hr>
        </gpxtpx:TrackPointExtension></extensions>
      </trkpt>
      <trkpt lat="31.403357" lon="120.089547">
        <ele>7.0</ele>
        <time>2026-04-19T00:10:17Z</time>
        <extensions><gpxtpx:TrackPointExtension>
          <gpxtpx:hr>179</gpxtpx:hr>
        </gpxtpx:TrackPointExtension></extensions>
      </trkpt>
      <trkpt lat="31.40333" lon="120.089515">
        <ele>7.0</ele>
        <time>2026-04-19T00:10:18Z</time>
        <extensions><gpxtpx:TrackPointExtension>
          <gpxtpx:hr>179</gpxtpx:hr>
        </gpxtpx:TrackPointExtension></extensions>
      </trkpt>
      <trkpt lat="31.403302" lon="120.089483">
        <ele>7.0</ele>
        <time>2026-04-19T00:10:19Z</time>
        <extensions><gpxtpx:TrackPointExtension>
          <gpxtpx:hr>179</gpxtpx:hr>
        </gpxtpx:TrackPointExtension></extensions>
      </trkpt>
      <trkpt lat="31.403275" lon="120.089451">
        <ele>7.0</ele>
        <time>2026-04-19T00:10:20Z</time>
        <extensions><gpxtpx:TrackPointExtension>
          <gpxtpx:hr>179</gpxtpx:hr>
        </gpxtpx:TrackPointExtension></extensions>
      </trkpt>
      <trkpt lat="31.403248" lon="120.089419">
        <ele>7.0</ele>
        <time>2026-04-19T00:10:21Z</time>
        <extensions><gpxtpx:TrackPointExtension>
          <gpxtpx:hr>180</gpxtpx:hr>
        </gpxtpx:TrackPointExtension></extensions>
      </trkpt>
      <trkpt lat="31.403221" lon="120.089387">
        <ele>7.0</ele>
        <time>2026-04-19T00:10:22Z</time>
        <extensions><gpxtpx:TrackPointExtension>
          <gpxtpx:hr>180</gpxtpx:hr>
        </gpxtpx:TrackPointExtension></extensions>
      </trkpt>
      <trkpt lat="31.403194" lon="120.089356">
        <ele>7.0</ele>
        <time>2026-04-19T00:10:23Z</time>
        <extensions><gpxtpx:TrackPointExtension>
          <gpxtpx:hr>180</gpxtpx:hr>
        </gpxtpx:TrackPointExtension></extensions>
      </trkpt>
      <trkpt lat="31.403168" lon="120.089323">
        <ele>7.0</ele>
        <time>2026-04-19T00:10:24Z</time>
        <extensions><gpxtpx:TrackPointExtension>
          <gpxtpx:hr>180</gpxtpx:hr>
        </gpxtpx:TrackPointExtension></extensions>
      </trkpt>
      <trkpt lat="31.403141" lon="120.08929">
        <ele>7.0</ele>
        <time>2026-04-19T00:10:25Z</time>
        <extensions><gpxtpx:TrackPointExtension>
          <gpxtpx:hr>180</gpxtpx:hr>
        </gpxtpx:TrackPointExtension></extensions>
      </trkpt>
      <trkpt lat="31.403115" lon="120.089258">
        <ele>7.0</ele>
        <time>2026-04-19T00:10:26Z</time>
        <extensions><gpxtpx:TrackPointExtension>
          <gpxtpx:hr>180</gpxtpx:hr>
        </gpxtpx:TrackPointExtension></extensions>
      </trkpt>
      <trkpt lat="31.403088" lon="120.089225">
        <ele>7.0</ele>
        <time>2026-04-19T00:10:27Z</time>
        <extensions><gpxtpx:TrackPointExtension>
          <gpxtpx:hr>181</gpxtpx:hr>
        </gpxtpx:TrackPointExtension></extensions>
      </trkpt>
      <trkpt lat="31.403061" lon="120.089193">
        <ele>7.0</ele>
        <time>2026-04-19T00:10:28Z</time>
        <extensions><gpxtpx:TrackPointExtension>
          <gpxtpx:hr>181</gpxtpx:hr>
        </gpxtpx:TrackPointExtension></extensions>
      </trkpt>
      <trkpt lat="31.403033" lon="120.08916">
        <ele>7.0</ele>
        <time>2026-04-19T00:10:29Z</time>
        <extensions><gpxtpx:TrackPointExtension>
          <gpxtpx:hr>181</gpxtpx:hr>
        </gpxtpx:TrackPointExtension></extensions>
      </trkpt>
      <trkpt lat="31.403005" lon="120.089128">
        <ele>7.0</ele>
        <time>2026-04-19T00:10:30Z</time>
        <extensions><gpxtpx:TrackPointExtension>
          <gpxtpx:hr>180</gpxtpx:hr>
        </gpxtpx:TrackPointExtension></extensions>
      </trkpt>
      <trkpt lat="31.402977" lon="120.089096">
        <ele>7.0</ele>
        <time>2026-04-19T00:10:31Z</time>
        <extensions><gpxtpx:TrackPointExtension>
          <gpxtpx:hr>180</gpxtpx:hr>
        </gpxtpx:TrackPointExtension></extensions>
      </trkpt>
      <trkpt lat="31.40295" lon="120.089064">
        <ele>7.0</ele>
        <time>2026-04-19T00:10:32Z</time>
        <extensions><gpxtpx:TrackPointExtension>
          <gpxtpx:hr>180</gpxtpx:hr>
        </gpxtpx:TrackPointExtension></extensions>
      </trkpt>
      <trkpt lat="31.402923" lon="120.089032">
        <ele>7.0</ele>
        <time>2026-04-19T00:10:33Z</time>
        <extensions><gpxtpx:TrackPointExtension>
          <gpxtpx:hr>180</gpxtpx:hr>
        </gpxtpx:TrackPointExtension></extensions>
      </trkpt>
      <trkpt lat="31.402897" lon="120.089">
        <ele>7.0</ele>
        <time>2026-04-19T00:10:34Z</time>
        <extensions><gpxtpx:TrackPointExtension>
          <gpxtpx:hr>180</gpxtpx:hr>
        </gpxtpx:TrackPointExtension></extensions>
      </trkpt>
      <trkpt lat="31.40287" lon="120.088969">
        <ele>7.0</ele>
        <time>2026-04-19T00:10:35Z</time>
        <extensions><gpxtpx:TrackPointExtension>
          <gpxtpx:hr>180</gpxtpx:hr>
        </gpxtpx:TrackPointExtension></extensions>
      </trkpt>
      <trkpt lat="31.402845" lon="120.088937">
        <ele>7.0</ele>
        <time>2026-04-19T00:10:36Z</time>
        <extensions><gpxtpx:TrackPointExtension>
          <gpxtpx:hr>180</gpxtpx:hr>
        </gpxtpx:TrackPointExtension></extensions>
      </trkpt>
      <trkpt lat="31.402819" lon="120.088905">
        <ele>7.0</ele>
        <time>2026-04-19T00:10:37Z</time>
        <extensions><gpxtpx:TrackPointExtension>
          <gpxtpx:hr>180</gpxtpx:hr>
        </gpxtpx:TrackPointExtension></extensions>
      </trkpt>
      <trkpt lat="31.402794" lon="120.088872">
        <ele>7.0</ele>
        <time>2026-04-19T00:10:38Z</time>
        <extensions><gpxtpx:TrackPointExtension>
          <gpxtpx:hr>180</gpxtpx:hr>
        </gpxtpx:TrackPointExtension></extensions>
      </trkpt>
      <trkpt lat="31.402768" lon="120.088839">
        <ele>7.0</ele>
        <time>2026-04-19T00:10:39Z</time>
        <extensions><gpxtpx:TrackPointExtension>
          <gpxtpx:hr>180</gpxtpx:hr>
        </gpxtpx:TrackPointExtension></extensions>
      </trkpt>
      <trkpt lat="31.402742" lon="120.088806">
        <ele>7.0</ele>
        <time>2026-04-19T00:10:40Z</time>
        <extensions><gpxtpx:TrackPointExtension>
          <gpxtpx:hr>180</gpxtpx:hr>
        </gpxtpx:TrackPointExtension></extensions>
      </trkpt>
      <trkpt lat="31.402716" lon="120.088774">
        <ele>7.0</ele>
        <time>2026-04-19T00:10:41Z</time>
        <extensions><gpxtpx:TrackPointExtension>
          <gpxtpx:hr>180</gpxtpx:hr>
        </gpxtpx:TrackPointExtension></extensions>
      </trkpt>
      <trkpt lat="31.402689" lon="120.088741">
        <ele>7.0</ele>
        <time>2026-04-19T00:10:42Z</time>
        <extensions><gpxtpx:TrackPointExtension>
          <gpxtpx:hr>180</gpxtpx:hr>
        </gpxtpx:TrackPointExtension></extensions>
      </trkpt>
      <trkpt lat="31.402662" lon="120.088709">
        <ele>7.0</ele>
        <time>2026-04-19T00:10:43Z</time>
        <extensions><gpxtpx:TrackPointExtension>
          <gpxtpx:hr>180</gpxtpx:hr>
        </gpxtpx:TrackPointExtension></extensions>
      </trkpt>
      <trkpt lat="31.402635" lon="120.088676">
        <ele>7.0</ele>
        <time>2026-04-19T00:10:44Z</time>
        <extensions><gpxtpx:TrackPointExtension>
          <gpxtpx:hr>180</gpxtpx:hr>
        </gpxtpx:TrackPointExtension></extensions>
      </trkpt>
      <trkpt lat="31.402607" lon="120.088644">
        <ele>7.0</ele>
        <time>2026-04-19T00:10:45Z</time>
        <extensions><gpxtpx:TrackPointExtension>
          <gpxtpx:hr>180</gpxtpx:hr>
        </gpxtpx:TrackPointExtension></extensions>
      </trkpt>
      <trkpt lat="31.402579" lon="120.088612">
        <ele>7.0</ele>
        <time>2026-04-19T00:10:46Z</time>
        <extensions><gpxtpx:TrackPointExtension>
          <gpxtpx:hr>180</gpxtpx:hr>
        </gpxtpx:TrackPointExtension></extensions>
      </trkpt>
      <trkpt lat="31.402552" lon="120.08858">
        <ele>7.0</ele>
        <time>2026-04-19T00:10:47Z</time>
        <extensions><gpxtpx:TrackPointExtension>
          <gpxtpx:hr>180</gpxtpx:hr>
        </gpxtpx:TrackPointExtension></extensions>
      </trkpt>
      <trkpt lat="31.402525" lon="120.088548">
        <ele>7.0</ele>
        <time>2026-04-19T00:10:48Z</time>
        <extensions><gpxtpx:TrackPointExtension>
          <gpxtpx:hr>180</gpxtpx:hr>
        </gpxtpx:TrackPointExtension></extensions>
      </trkpt>
      <trkpt lat="31.402498" lon="120.088517">
        <ele>7.0</ele>
        <time>2026-04-19T00:10:49Z</time>
        <extensions><gpxtpx:TrackPointExtension>
          <gpxtpx:hr>180</gpxtpx:hr>
        </gpxtpx:TrackPointExtension></extensions>
      </trkpt>
      <trkpt lat="31.402471" lon="120.088485">
        <ele>7.0</ele>
        <time>2026-04-19T00:10:50Z</time>
        <extensions><gpxtpx:TrackPointExtension>
          <gpxtpx:hr>180</gpxtpx:hr>
        </gpxtpx:TrackPointExtension></extensions>
      </trkpt>
      <trkpt lat="31.402445" lon="120.088454">
        <ele>7.0</ele>
        <time>2026-04-19T00:10:51Z</time>
        <extensions><gpxtpx:TrackPointExtension>
          <gpxtpx:hr>180</gpxtpx:hr>
        </gpxtpx:TrackPointExtension></extensions>
      </trkpt>
      <trkpt lat="31.402419" lon="120.088422">
        <ele>6.0</ele>
        <time>2026-04-19T00:10:52Z</time>
        <extensions><gpxtpx:TrackPointExtension>
          <gpxtpx:hr>180</gpxtpx:hr>
        </gpxtpx:TrackPointExtension></extensions>
      </trkpt>
      <trkpt lat="31.402393" lon="120.088391">
        <ele>6.0</ele>
        <time>2026-04-19T00:10:53Z</time>
        <extensions><gpxtpx:TrackPointExtension>
          <gpxtpx:hr>180</gpxtpx:hr>
        </gpxtpx:TrackPointExtension></extensions>
      </trkpt>
      <trkpt lat="31.402366" lon="120.088359">
        <ele>6.0</ele>
        <time>2026-04-19T00:10:54Z</time>
        <extensions><gpxtpx:TrackPointExtension>
          <gpxtpx:hr>180</gpxtpx:hr>
        </gpxtpx:TrackPointExtension></extensions>
      </trkpt>
      <trkpt lat="31.402339" lon="120.088327">
        <ele>6.0</ele>
        <time>2026-04-19T00:10:55Z</time>
        <extensions><gpxtpx:TrackPointExtension>
          <gpxtpx:hr>180</gpxtpx:hr>
        </gpxtpx:TrackPointExtension></extensions>
      </trkpt>
      <trkpt lat="31.402312" lon="120.088295">
        <ele>6.0</ele>
        <time>2026-04-19T00:10:56Z</time>
        <extensions><gpxtpx:TrackPointExtension>
          <gpxtpx:hr>180</gpxtpx:hr>
        </gpxtpx:TrackPointExtension></extensions>
      </trkpt>
      <trkpt lat="31.402285" lon="120.088264">
        <ele>6.0</ele>
        <time>2026-04-19T00:10:57Z</time>
        <extensions><gpxtpx:TrackPointExtension>
          <gpxtpx:hr>180</gpxtpx:hr>
        </gpxtpx:TrackPointExtension></extensions>
      </trkpt>
      <trkpt lat="31.402259" lon="120.088231">
        <ele>6.0</ele>
        <time>2026-04-19T00:10:58Z</time>
        <extensions><gpxtpx:TrackPointExtension>
          <gpxtpx:hr>180</gpxtpx:hr>
        </gpxtpx:TrackPointExtension></extensions>
      </trkpt>
      <trkpt lat="31.402232" lon="120.088198">
        <ele>6.0</ele>
        <time>2026-04-19T00:10:59Z</time>
        <extensions><gpxtpx:TrackPointExtension>
          <gpxtpx:hr>180</gpxtpx:hr>
        </gpxtpx:TrackPointExtension></extensions>
      </trkpt>
      <trkpt lat="31.402207" lon="120.088165">
        <ele>6.0</ele>
        <time>2026-04-19T00:11:00Z</time>
        <extensions><gpxtpx:TrackPointExtension>
          <gpxtpx:hr>180</gpxtpx:hr>
        </gpxtpx:TrackPointExtension></extensions>
      </trkpt>
      <trkpt lat="31.402181" lon="120.088132">
        <ele>6.0</ele>
        <time>2026-04-19T00:11:01Z</time>
        <extensions><gpxtpx:TrackPointExtension>
          <gpxtpx:hr>180</gpxtpx:hr>
        </gpxtpx:TrackPointExtension></extensions>
      </trkpt>
      <trkpt lat="31.402155" lon="120.0881">
        <ele>6.0</ele>
        <time>2026-04-19T00:11:02Z</time>
        <extensions><gpxtpx:TrackPointExtension>
          <gpxtpx:hr>180</gpxtpx:hr>
        </gpxtpx:TrackPointExtension></extensions>
      </trkpt>
      <trkpt lat="31.402129" lon="120.088068">
        <ele>6.0</ele>
        <time>2026-04-19T00:11:03Z</time>
        <extensions><gpxtpx:TrackPointExtension>
          <gpxtpx:hr>180</gpxtpx:hr>
        </gpxtpx:TrackPointExtension></extensions>
      </trkpt>
      <trkpt lat="31.402102" lon="120.088036">
        <ele>6.0</ele>
        <time>2026-04-19T00:11:04Z</time>
        <extensions><gpxtpx:TrackPointExtension>
          <gpxtpx:hr>180</gpxtpx:hr>
        </gpxtpx:TrackPointExtension></extensions>
      </trkpt>
      <trkpt lat="31.402075" lon="120.088005">
        <ele>6.0</ele>
        <time>2026-04-19T00:11:05Z</time>
        <extensions><gpxtpx:TrackPointExtension>
          <gpxtpx:hr>180</gpxtpx:hr>
        </gpxtpx:TrackPointExtension></extensions>
      </trkpt>
      <trkpt lat="31.402048" lon="120.087973">
        <ele>6.0</ele>
        <time>2026-04-19T00:11:06Z</time>
        <extensions><gpxtpx:TrackPointExtension>
          <gpxtpx:hr>179</gpxtpx:hr>
        </gpxtpx:TrackPointExtension></extensions>
      </trkpt>
      <trkpt lat="31.40202" lon="120.087941">
        <ele>6.0</ele>
        <time>2026-04-19T00:11:07Z</time>
        <extensions><gpxtpx:TrackPointExtension>
          <gpxtpx:hr>179</gpxtpx:hr>
        </gpxtpx:TrackPointExtension></extensions>
      </trkpt>
      <trkpt lat="31.401993" lon="120.087909">
        <ele>6.0</ele>
        <time>2026-04-19T00:11:08Z</time>
        <extensions><gpxtpx:TrackPointExtension>
          <gpxtpx:hr>179</gpxtpx:hr>
        </gpxtpx:TrackPointExtension></extensions>
      </trkpt>
      <trkpt lat="31.401966" lon="120.087877">
        <ele>6.0</ele>
        <time>2026-04-19T00:11:09Z</time>
        <extensions><gpxtpx:TrackPointExtension>
          <gpxtpx:hr>179</gpxtpx:hr>
        </gpxtpx:TrackPointExtension></extensions>
      </trkpt>
      <trkpt lat="31.401939" lon="120.087845">
        <ele>6.0</ele>
        <time>2026-04-19T00:11:10Z</time>
        <extensions><gpxtpx:TrackPointExtension>
          <gpxtpx:hr>179</gpxtpx:hr>
        </gpxtpx:TrackPointExtension></extensions>
      </trkpt>
      <trkpt lat="31.401913" lon="120.087813">
        <ele>7.0</ele>
        <time>2026-04-19T00:11:11Z</time>
        <extensions><gpxtpx:TrackPointExtension>
          <gpxtpx:hr>178</gpxtpx:hr>
        </gpxtpx:TrackPointExtension></extensions>
      </trkpt>
      <trkpt lat="31.401887" lon="120.087781">
        <ele>7.0</ele>
        <time>2026-04-19T00:11:12Z</time>
        <extensions><gpxtpx:TrackPointExtension>
          <gpxtpx:hr>178</gpxtpx:hr>
        </gpxtpx:TrackPointExtension></extensions>
      </trkpt>
      <trkpt lat="31.40186" lon="120.087749">
        <ele>7.0</ele>
        <time>2026-04-19T00:11:13Z</time>
        <extensions><gpxtpx:TrackPointExtension>
          <gpxtpx:hr>178</gpxtpx:hr>
        </gpxtpx:TrackPointExtension></extensions>
      </trkpt>
      <trkpt lat="31.401834" lon="120.087719">
        <ele>7.0</ele>
        <time>2026-04-19T00:11:14Z</time>
        <extensions><gpxtpx:TrackPointExtension>
          <gpxtpx:hr>178</gpxtpx:hr>
        </gpxtpx:TrackPointExtension></extensions>
      </trkpt>
      <trkpt lat="31.401807" lon="120.087688">
        <ele>7.0</ele>
        <time>2026-04-19T00:11:15Z</time>
        <extensions><gpxtpx:TrackPointExtension>
          <gpxtpx:hr>178</gpxtpx:hr>
        </gpxtpx:TrackPointExtension></extensions>
      </trkpt>
      <trkpt lat="31.401781" lon="120.087658">
        <ele>7.0</ele>
        <time>2026-04-19T00:11:16Z</time>
        <extensions><gpxtpx:TrackPointExtension>
          <gpxtpx:hr>178</gpxtpx:hr>
        </gpxtpx:TrackPointExtension></extensions>
      </trkpt>
      <trkpt lat="31.401755" lon="120.087628">
        <ele>7.0</ele>
        <time>2026-04-19T00:11:17Z</time>
        <extensions><gpxtpx:TrackPointExtension>
          <gpxtpx:hr>178</gpxtpx:hr>
        </gpxtpx:TrackPointExtension></extensions>
      </trkpt>
      <trkpt lat="31.401728" lon="120.087598">
        <ele>7.0</ele>
        <time>2026-04-19T00:11:18Z</time>
        <extensions><gpxtpx:TrackPointExtension>
          <gpxtpx:hr>177</gpxtpx:hr>
        </gpxtpx:TrackPointExtension></extensions>
      </trkpt>
      <trkpt lat="31.401702" lon="120.087567">
        <ele>7.0</ele>
        <time>2026-04-19T00:11:19Z</time>
        <extensions><gpxtpx:TrackPointExtension>
          <gpxtpx:hr>177</gpxtpx:hr>
        </gpxtpx:TrackPointExtension></extensions>
      </trkpt>
      <trkpt lat="31.401675" lon="120.087537">
        <ele>7.0</ele>
        <time>2026-04-19T00:11:20Z</time>
        <extensions><gpxtpx:TrackPointExtension>
          <gpxtpx:hr>177</gpxtpx:hr>
        </gpxtpx:TrackPointExtension></extensions>
      </trkpt>
      <trkpt lat="31.401649" lon="120.087506">
        <ele>7.0</ele>
        <time>2026-04-19T00:11:21Z</time>
        <extensions><gpxtpx:TrackPointExtension>
          <gpxtpx:hr>178</gpxtpx:hr>
        </gpxtpx:TrackPointExtension></extensions>
      </trkpt>
      <trkpt lat="31.401622" lon="120.087476">
        <ele>7.0</ele>
        <time>2026-04-19T00:11:22Z</time>
        <extensions><gpxtpx:TrackPointExtension>
          <gpxtpx:hr>177</gpxtpx:hr>
        </gpxtpx:TrackPointExtension></extensions>
      </trkpt>
      <trkpt lat="31.401595" lon="120.087446">
        <ele>7.0</ele>
        <time>2026-04-19T00:11:23Z</time>
        <extensions><gpxtpx:TrackPointExtension>
          <gpxtpx:hr>177</gpxtpx:hr>
        </gpxtpx:TrackPointExtension></extensions>
      </trkpt>
      <trkpt lat="31.401569" lon="120.087415">
        <ele>7.0</ele>
        <time>2026-04-19T00:11:24Z</time>
        <extensions><gpxtpx:TrackPointExtension>
          <gpxtpx:hr>178</gpxtpx:hr>
        </gpxtpx:TrackPointExtension></extensions>
      </trkpt>
      <trkpt lat="31.401543" lon="120.087385">
        <ele>7.0</ele>
        <time>2026-04-19T00:11:25Z</time>
        <extensions><gpxtpx:TrackPointExtension>
          <gpxtpx:hr>178</gpxtpx:hr>
        </gpxtpx:TrackPointExtension></extensions>
      </trkpt>
      <trkpt lat="31.401517" lon="120.087354">
        <ele>7.0</ele>
        <time>2026-04-19T00:11:26Z</time>
        <extensions><gpxtpx:TrackPointExtension>
          <gpxtpx:hr>178</gpxtpx:hr>
        </gpxtpx:TrackPointExtension></extensions>
      </trkpt>
      <trkpt lat="31.401492" lon="120.087324">
        <ele>7.0</ele>
        <time>2026-04-19T00:11:27Z</time>
        <extensions><gpxtpx:TrackPointExtension>
          <gpxtpx:hr>178</gpxtpx:hr>
        </gpxtpx:TrackPointExtension></extensions>
      </trkpt>
      <trkpt lat="31.401467" lon="120.087293">
        <ele>7.0</ele>
        <time>2026-04-19T00:11:28Z</time>
        <extensions><gpxtpx:TrackPointExtension>
          <gpxtpx:hr>178</gpxtpx:hr>
        </gpxtpx:TrackPointExtension></extensions>
      </trkpt>
      <trkpt lat="31.401443" lon="120.087262">
        <ele>7.0</ele>
        <time>2026-04-19T00:11:29Z</time>
        <extensions><gpxtpx:TrackPointExtension>
          <gpxtpx:hr>178</gpxtpx:hr>
        </gpxtpx:TrackPointExtension></extensions>
      </trkpt>
      <trkpt lat="31.401418" lon="120.08723">
        <ele>7.0</ele>
        <time>2026-04-19T00:11:30Z</time>
        <extensions><gpxtpx:TrackPointExtension>
          <gpxtpx:hr>178</gpxtpx:hr>
        </gpxtpx:TrackPointExtension></extensions>
      </trkpt>
      <trkpt lat="31.401393" lon="120.087199">
        <ele>7.0</ele>
        <time>2026-04-19T00:11:31Z</time>
        <extensions><gpxtpx:TrackPointExtension>
          <gpxtpx:hr>178</gpxtpx:hr>
        </gpxtpx:TrackPointExtension></extensions>
      </trkpt>
      <trkpt lat="31.401367" lon="120.087167">
        <ele>7.0</ele>
        <time>2026-04-19T00:11:32Z</time>
        <extensions><gpxtpx:TrackPointExtension>
          <gpxtpx:hr>178</gpxtpx:hr>
        </gpxtpx:TrackPointExtension></extensions>
      </trkpt>
      <trkpt lat="31.401341" lon="120.087136">
        <ele>7.0</ele>
        <time>2026-04-19T00:11:33Z</time>
        <extensions><gpxtpx:TrackPointExtension>
          <gpxtpx:hr>178</gpxtpx:hr>
        </gpxtpx:TrackPointExtension></extensions>
      </trkpt>
      <trkpt lat="31.401314" lon="120.087104">
        <ele>7.0</ele>
        <time>2026-04-19T00:11:34Z</time>
        <extensions><gpxtpx:TrackPointExtension>
          <gpxtpx:hr>178</gpxtpx:hr>
        </gpxtpx:TrackPointExtension></extensions>
      </trkpt>
      <trkpt lat="31.401288" lon="120.087072">
        <ele>7.0</ele>
        <time>2026-04-19T00:11:35Z</time>
        <extensions><gpxtpx:TrackPointExtension>
          <gpxtpx:hr>178</gpxtpx:hr>
        </gpxtpx:TrackPointExtension></extensions>
      </trkpt>
      <trkpt lat="31.401261" lon="120.087039">
        <ele>7.0</ele>
        <time>2026-04-19T00:11:36Z</time>
        <extensions><gpxtpx:TrackPointExtension>
          <gpxtpx:hr>179</gpxtpx:hr>
        </gpxtpx:TrackPointExtension></extensions>
      </trkpt>
      <trkpt lat="31.401235" lon="120.087006">
        <ele>7.0</ele>
        <time>2026-04-19T00:11:37Z</time>
        <extensions><gpxtpx:TrackPointExtension>
          <gpxtpx:hr>179</gpxtpx:hr>
        </gpxtpx:TrackPointExtension></extensions>
      </trkpt>
      <trkpt lat="31.401208" lon="120.086973">
        <ele>7.0</ele>
        <time>2026-04-19T00:11:38Z</time>
        <extensions><gpxtpx:TrackPointExtension>
          <gpxtpx:hr>179</gpxtpx:hr>
        </gpxtpx:TrackPointExtension></extensions>
      </trkpt>
      <trkpt lat="31.401181" lon="120.086941">
        <ele>7.0</ele>
        <time>2026-04-19T00:11:39Z</time>
        <extensions><gpxtpx:TrackPointExtension>
          <gpxtpx:hr>179</gpxtpx:hr>
        </gpxtpx:TrackPointExtension></extensions>
      </trkpt>
      <trkpt lat="31.401155" lon="120.08691">
        <ele>7.0</ele>
        <time>2026-04-19T00:11:40Z</time>
        <extensions><gpxtpx:TrackPointExtension>
          <gpxtpx:hr>179</gpxtpx:hr>
        </gpxtpx:TrackPointExtension></extensions>
      </trkpt>
      <trkpt lat="31.401128" lon="120.086878">
        <ele>7.0</ele>
        <time>2026-04-19T00:11:41Z</time>
        <extensions><gpxtpx:TrackPointExtension>
          <gpxtpx:hr>178</gpxtpx:hr>
        </gpxtpx:TrackPointExtension></extensions>
      </trkpt>
      <trkpt lat="31.4011" lon="120.086848">
        <ele>7.0</ele>
        <time>2026-04-19T00:11:42Z</time>
        <extensions><gpxtpx:TrackPointExtension>
          <gpxtpx:hr>178</gpxtpx:hr>
        </gpxtpx:TrackPointExtension></extensions>
      </trkpt>
      <trkpt lat="31.401073" lon="120.086817">
        <ele>7.0</ele>
        <time>2026-04-19T00:11:43Z</time>
        <extensions><gpxtpx:TrackPointExtension>
          <gpxtpx:hr>178</gpxtpx:hr>
        </gpxtpx:TrackPointExtension></extensions>
      </trkpt>
      <trkpt lat="31.401045" lon="120.086785">
        <ele>7.0</ele>
        <time>2026-04-19T00:11:44Z</time>
        <extensions><gpxtpx:TrackPointExtension>
          <gpxtpx:hr>178</gpxtpx:hr>
        </gpxtpx:TrackPointExtension></extensions>
      </trkpt>
      <trkpt lat="31.401017" lon="120.086753">
        <ele>7.0</ele>
        <time>2026-04-19T00:11:45Z</time>
        <extensions><gpxtpx:TrackPointExtension>
          <gpxtpx:hr>178</gpxtpx:hr>
        </gpxtpx:TrackPointExtension></extensions>
      </trkpt>
      <trkpt lat="31.400989" lon="120.086721">
        <ele>7.0</ele>
        <time>2026-04-19T00:11:46Z</time>
        <extensions><gpxtpx:TrackPointExtension>
          <gpxtpx:hr>178</gpxtpx:hr>
        </gpxtpx:TrackPointExtension></extensions>
      </trkpt>
      <trkpt lat="31.40096" lon="120.086689">
        <ele>6.0</ele>
        <time>2026-04-19T00:11:47Z</time>
        <extensions><gpxtpx:TrackPointExtension>
          <gpxtpx:hr>178</gpxtpx:hr>
        </gpxtpx:TrackPointExtension></extensions>
      </trkpt>
      <trkpt lat="31.400932" lon="120.086658">
        <ele>6.0</ele>
        <time>2026-04-19T00:11:48Z</time>
        <extensions><gpxtpx:TrackPointExtension>
          <gpxtpx:hr>178</gpxtpx:hr>
        </gpxtpx:TrackPointExtension></extensions>
      </trkpt>
      <trkpt lat="31.400904" lon="120.086627">
        <ele>6.0</ele>
        <time>2026-04-19T00:11:49Z</time>
        <extensions><gpxtpx:TrackPointExtension>
          <gpxtpx:hr>178</gpxtpx:hr>
        </gpxtpx:TrackPointExtension></extensions>
      </trkpt>
      <trkpt lat="31.400876" lon="120.086596">
        <ele>6.0</ele>
        <time>2026-04-19T00:11:50Z</time>
        <extensions><gpxtpx:TrackPointExtension>
          <gpxtpx:hr>177</gpxtpx:hr>
        </gpxtpx:TrackPointExtension></extensions>
      </trkpt>
      <trkpt lat="31.400848" lon="120.086565">
        <ele>6.0</ele>
        <time>2026-04-19T00:11:51Z</time>
        <extensions><gpxtpx:TrackPointExtension>
          <gpxtpx:hr>177</gpxtpx:hr>
        </gpxtpx:TrackPointExtension></extensions>
      </trkpt>
      <trkpt lat="31.40082" lon="120.086533">
        <ele>6.0</ele>
        <time>2026-04-19T00:11:52Z</time>
        <extensions><gpxtpx:TrackPointExtension>
          <gpxtpx:hr>177</gpxtpx:hr>
        </gpxtpx:TrackPointExtension></extensions>
      </trkpt>
      <trkpt lat="31.400793" lon="120.086502">
        <ele>6.0</ele>
        <time>2026-04-19T00:11:53Z</time>
        <extensions><gpxtpx:TrackPointExtension>
          <gpxtpx:hr>177</gpxtpx:hr>
        </gpxtpx:TrackPointExtension></extensions>
      </trkpt>
      <trkpt lat="31.400765" lon="120.08647">
        <ele>6.0</ele>
        <time>2026-04-19T00:11:54Z</time>
        <extensions><gpxtpx:TrackPointExtension>
          <gpxtpx:hr>177</gpxtpx:hr>
        </gpxtpx:TrackPointExtension></extensions>
      </trkpt>
      <trkpt lat="31.400737" lon="120.086439">
        <ele>6.0</ele>
        <time>2026-04-19T00:11:55Z</time>
        <extensions><gpxtpx:TrackPointExtension>
          <gpxtpx:hr>177</gpxtpx:hr>
        </gpxtpx:TrackPointExtension></extensions>
      </trkpt>
      <trkpt lat="31.400709" lon="120.086407">
        <ele>6.0</ele>
        <time>2026-04-19T00:11:56Z</time>
        <extensions><gpxtpx:TrackPointExtension>
          <gpxtpx:hr>177</gpxtpx:hr>
        </gpxtpx:TrackPointExtension></extensions>
      </trkpt>
      <trkpt lat="31.400682" lon="120.086375">
        <ele>6.0</ele>
        <time>2026-04-19T00:11:57Z</time>
        <extensions><gpxtpx:TrackPointExtension>
          <gpxtpx:hr>177</gpxtpx:hr>
        </gpxtpx:TrackPointExtension></extensions>
      </trkpt>
      <trkpt lat="31.400655" lon="120.086343">
        <ele>6.0</ele>
        <time>2026-04-19T00:11:58Z</time>
        <extensions><gpxtpx:TrackPointExtension>
          <gpxtpx:hr>178</gpxtpx:hr>
        </gpxtpx:TrackPointExtension></extensions>
      </trkpt>
      <trkpt lat="31.400627" lon="120.086311">
        <ele>6.0</ele>
        <time>2026-04-19T00:11:59Z</time>
        <extensions><gpxtpx:TrackPointExtension>
          <gpxtpx:hr>178</gpxtpx:hr>
        </gpxtpx:TrackPointExtension></extensions>
      </trkpt>
      <trkpt lat="31.4006" lon="120.08628">
        <ele>6.0</ele>
        <time>2026-04-19T00:12:00Z</time>
        <extensions><gpxtpx:TrackPointExtension>
          <gpxtpx:hr>178</gpxtpx:hr>
        </gpxtpx:TrackPointExtension></extensions>
      </trkpt>
      <trkpt lat="31.400574" lon="120.086249">
        <ele>6.0</ele>
        <time>2026-04-19T00:12:01Z</time>
        <extensions><gpxtpx:TrackPointExtension>
          <gpxtpx:hr>178</gpxtpx:hr>
        </gpxtpx:TrackPointExtension></extensions>
      </trkpt>
      <trkpt lat="31.400547" lon="120.086218">
        <ele>6.0</ele>
        <time>2026-04-19T00:12:02Z</time>
        <extensions><gpxtpx:TrackPointExtension>
          <gpxtpx:hr>177</gpxtpx:hr>
        </gpxtpx:TrackPointExtension></extensions>
      </trkpt>
      <trkpt lat="31.400521" lon="120.086187">
        <ele>6.0</ele>
        <time>2026-04-19T00:12:03Z</time>
        <extensions><gpxtpx:TrackPointExtension>
          <gpxtpx:hr>177</gpxtpx:hr>
        </gpxtpx:TrackPointExtension></extensions>
      </trkpt>
      <trkpt lat="31.400494" lon="120.086156">
        <ele>6.0</ele>
        <time>2026-04-19T00:12:04Z</time>
        <extensions><gpxtpx:TrackPointExtension>
          <gpxtpx:hr>177</gpxtpx:hr>
        </gpxtpx:TrackPointExtension></extensions>
      </trkpt>
      <trkpt lat="31.400468" lon="120.086126">
        <ele>6.0</ele>
        <time>2026-04-19T00:12:05Z</time>
        <extensions><gpxtpx:TrackPointExtension>
          <gpxtpx:hr>177</gpxtpx:hr>
        </gpxtpx:TrackPointExtension></extensions>
      </trkpt>
      <trkpt lat="31.40044" lon="120.086096">
        <ele>6.0</ele>
        <time>2026-04-19T00:12:06Z</time>
        <extensions><gpxtpx:TrackPointExtension>
          <gpxtpx:hr>177</gpxtpx:hr>
        </gpxtpx:TrackPointExtension></extensions>
      </trkpt>
      <trkpt lat="31.400413" lon="120.086067">
        <ele>6.0</ele>
        <time>2026-04-19T00:12:07Z</time>
        <extensions><gpxtpx:TrackPointExtension>
          <gpxtpx:hr>177</gpxtpx:hr>
        </gpxtpx:TrackPointExtension></extensions>
      </trkpt>
      <trkpt lat="31.400385" lon="120.086037">
        <ele>6.0</ele>
        <time>2026-04-19T00:12:08Z</time>
        <extensions><gpxtpx:TrackPointExtension>
          <gpxtpx:hr>177</gpxtpx:hr>
        </gpxtpx:TrackPointExtension></extensions>
      </trkpt>
      <trkpt lat="31.400357" lon="120.086007">
        <ele>6.0</ele>
        <time>2026-04-19T00:12:09Z</time>
        <extensions><gpxtpx:TrackPointExtension>
          <gpxtpx:hr>178</gpxtpx:hr>
        </gpxtpx:TrackPointExtension></extensions>
      </trkpt>
      <trkpt lat="31.400329" lon="120.085977">
        <ele>6.0</ele>
        <time>2026-04-19T00:12:10Z</time>
        <extensions><gpxtpx:TrackPointExtension>
          <gpxtpx:hr>178</gpxtpx:hr>
        </gpxtpx:TrackPointExtension></extensions>
      </trkpt>
      <trkpt lat="31.400302" lon="120.085948">
        <ele>6.0</ele>
        <time>2026-04-19T00:12:11Z</time>
        <extensions><gpxtpx:TrackPointExtension>
          <gpxtpx:hr>178</gpxtpx:hr>
        </gpxtpx:TrackPointExtension></extensions>
      </trkpt>
      <trkpt lat="31.400274" lon="120.085918">
        <ele>6.0</ele>
        <time>2026-04-19T00:12:12Z</time>
        <extensions><gpxtpx:TrackPointExtension>
          <gpxtpx:hr>178</gpxtpx:hr>
        </gpxtpx:TrackPointExtension></extensions>
      </trkpt>
      <trkpt lat="31.400247" lon="120.085888">
        <ele>6.0</ele>
        <time>2026-04-19T00:12:13Z</time>
        <extensions><gpxtpx:TrackPointExtension>
          <gpxtpx:hr>178</gpxtpx:hr>
        </gpxtpx:TrackPointExtension></extensions>
      </trkpt>
      <trkpt lat="31.400219" lon="120.085857">
        <ele>6.0</ele>
        <time>2026-04-19T00:12:14Z</time>
        <extensions><gpxtpx:TrackPointExtension>
          <gpxtpx:hr>178</gpxtpx:hr>
        </gpxtpx:TrackPointExtension></extensions>
      </trkpt>
      <trkpt lat="31.400191" lon="120.085826">
        <ele>6.0</ele>
        <time>2026-04-19T00:12:15Z</time>
        <extensions><gpxtpx:TrackPointExtension>
          <gpxtpx:hr>178</gpxtpx:hr>
        </gpxtpx:TrackPointExtension></extensions>
      </trkpt>
      <trkpt lat="31.400162" lon="120.085795">
        <ele>6.0</ele>
        <time>2026-04-19T00:12:16Z</time>
        <extensions><gpxtpx:TrackPointExtension>
          <gpxtpx:hr>178</gpxtpx:hr>
        </gpxtpx:TrackPointExtension></extensions>
      </trkpt>
      <trkpt lat="31.400134" lon="120.085764">
        <ele>6.0</ele>
        <time>2026-04-19T00:12:17Z</time>
        <extensions><gpxtpx:TrackPointExtension>
          <gpxtpx:hr>178</gpxtpx:hr>
        </gpxtpx:TrackPointExtension></extensions>
      </trkpt>
      <trkpt lat="31.400105" lon="120.085734">
        <ele>6.0</ele>
        <time>2026-04-19T00:12:18Z</time>
        <extensions><gpxtpx:TrackPointExtension>
          <gpxtpx:hr>178</gpxtpx:hr>
        </gpxtpx:TrackPointExtension></extensions>
      </trkpt>
      <trkpt lat="31.400077" lon="120.085703">
        <ele>6.0</ele>
        <time>2026-04-19T00:12:19Z</time>
        <extensions><gpxtpx:TrackPointExtension>
          <gpxtpx:hr>178</gpxtpx:hr>
        </gpxtpx:TrackPointExtension></extensions>
      </trkpt>
      <trkpt lat="31.400049" lon="120.085673">
        <ele>6.0</ele>
        <time>2026-04-19T00:12:20Z</time>
        <extensions><gpxtpx:TrackPointExtension>
          <gpxtpx:hr>178</gpxtpx:hr>
        </gpxtpx:TrackPointExtension></extensions>
      </trkpt>
      <trkpt lat="31.40002" lon="120.085642">
        <ele>6.0</ele>
        <time>2026-04-19T00:12:21Z</time>
        <extensions><gpxtpx:TrackPointExtension>
          <gpxtpx:hr>177</gpxtpx:hr>
        </gpxtpx:TrackPointExtension></extensions>
      </trkpt>
      <trkpt lat="31.399993" lon="120.085612">
        <ele>6.0</ele>
        <time>2026-04-19T00:12:22Z</time>
        <extensions><gpxtpx:TrackPointExtension>
          <gpxtpx:hr>177</gpxtpx:hr>
        </gpxtpx:TrackPointExtension></extensions>
      </trkpt>
      <trkpt lat="31.399965" lon="120.085582">
        <ele>6.0</ele>
        <time>2026-04-19T00:12:23Z</time>
        <extensions><gpxtpx:TrackPointExtension>
          <gpxtpx:hr>177</gpxtpx:hr>
        </gpxtpx:TrackPointExtension></extensions>
      </trkpt>
      <trkpt lat="31.399937" lon="120.085551">
        <ele>6.0</ele>
        <time>2026-04-19T00:12:24Z</time>
        <extensions><gpxtpx:TrackPointExtension>
          <gpxtpx:hr>177</gpxtpx:hr>
        </gpxtpx:TrackPointExtension></extensions>
      </trkpt>
      <trkpt lat="31.39991" lon="120.085521">
        <ele>6.0</ele>
        <time>2026-04-19T00:12:25Z</time>
        <extensions><gpxtpx:TrackPointExtension>
          <gpxtpx:hr>177</gpxtpx:hr>
        </gpxtpx:TrackPointExtension></extensions>
      </trkpt>
      <trkpt lat="31.399881" lon="120.085491">
        <ele>6.0</ele>
        <time>2026-04-19T00:12:26Z</time>
        <extensions><gpxtpx:TrackPointExtension>
          <gpxtpx:hr>177</gpxtpx:hr>
        </gpxtpx:TrackPointExtension></extensions>
      </trkpt>
      <trkpt lat="31.399853" lon="120.08546">
        <ele>6.0</ele>
        <time>2026-04-19T00:12:27Z</time>
        <extensions><gpxtpx:TrackPointExtension>
          <gpxtpx:hr>177</gpxtpx:hr>
        </gpxtpx:TrackPointExtension></extensions>
      </trkpt>
      <trkpt lat="31.399824" lon="120.08543">
        <ele>6.0</ele>
        <time>2026-04-19T00:12:28Z</time>
        <extensions><gpxtpx:TrackPointExtension>
          <gpxtpx:hr>177</gpxtpx:hr>
        </gpxtpx:TrackPointExtension></extensions>
      </trkpt>
      <trkpt lat="31.399795" lon="120.0854">
        <ele>6.0</ele>
        <time>2026-04-19T00:12:29Z</time>
        <extensions><gpxtpx:TrackPointExtension>
          <gpxtpx:hr>177</gpxtpx:hr>
        </gpxtpx:TrackPointExtension></extensions>
      </trkpt>
      <trkpt lat="31.399765" lon="120.085371">
        <ele>6.0</ele>
        <time>2026-04-19T00:12:30Z</time>
        <extensions><gpxtpx:TrackPointExtension>
          <gpxtpx:hr>177</gpxtpx:hr>
        </gpxtpx:TrackPointExtension></extensions>
      </trkpt>
      <trkpt lat="31.399735" lon="120.085341">
        <ele>7.0</ele>
        <time>2026-04-19T00:12:31Z</time>
        <extensions><gpxtpx:TrackPointExtension>
          <gpxtpx:hr>177</gpxtpx:hr>
        </gpxtpx:TrackPointExtension></extensions>
      </trkpt>
      <trkpt lat="31.399704" lon="120.085312">
        <ele>7.0</ele>
        <time>2026-04-19T00:12:32Z</time>
        <extensions><gpxtpx:TrackPointExtension>
          <gpxtpx:hr>177</gpxtpx:hr>
        </gpxtpx:TrackPointExtension></extensions>
      </trkpt>
      <trkpt lat="31.399674" lon="120.085282">
        <ele>7.0</ele>
        <time>2026-04-19T00:12:33Z</time>
        <extensions><gpxtpx:TrackPointExtension>
          <gpxtpx:hr>177</gpxtpx:hr>
        </gpxtpx:TrackPointExtension></extensions>
      </trkpt>
      <trkpt lat="31.399644" lon="120.085252">
        <ele>7.0</ele>
        <time>2026-04-19T00:12:34Z</time>
        <extensions><gpxtpx:TrackPointExtension>
          <gpxtpx:hr>177</gpxtpx:hr>
        </gpxtpx:TrackPointExtension></extensions>
      </trkpt>
      <trkpt lat="31.399613" lon="120.085222">
        <ele>7.0</ele>
        <time>2026-04-19T00:12:35Z</time>
        <extensions><gpxtpx:TrackPointExtension>
          <gpxtpx:hr>177</gpxtpx:hr>
        </gpxtpx:TrackPointExtension></extensions>
      </trkpt>
      <trkpt lat="31.399583" lon="120.085192">
        <ele>7.0</ele>
        <time>2026-04-19T00:12:36Z</time>
        <extensions><gpxtpx:TrackPointExtension>
          <gpxtpx:hr>177</gpxtpx:hr>
        </gpxtpx:TrackPointExtension></extensions>
      </trkpt>
      <trkpt lat="31.399553" lon="120.085162">
        <ele>7.0</ele>
        <time>2026-04-19T00:12:37Z</time>
        <extensions><gpxtpx:TrackPointExtension>
          <gpxtpx:hr>177</gpxtpx:hr>
        </gpxtpx:TrackPointExtension></extensions>
      </trkpt>
      <trkpt lat="31.399523" lon="120.085132">
        <ele>7.0</ele>
        <time>2026-04-19T00:12:38Z</time>
        <extensions><gpxtpx:TrackPointExtension>
          <gpxtpx:hr>177</gpxtpx:hr>
        </gpxtpx:TrackPointExtension></extensions>
      </trkpt>
      <trkpt lat="31.399493" lon="120.085103">
        <ele>7.0</ele>
        <time>2026-04-19T00:12:39Z</time>
        <extensions><gpxtpx:TrackPointExtension>
          <gpxtpx:hr>178</gpxtpx:hr>
        </gpxtpx:TrackPointExtension></extensions>
      </trkpt>
      <trkpt lat="31.399464" lon="120.085074">
        <ele>7.0</ele>
        <time>2026-04-19T00:12:40Z</time>
        <extensions><gpxtpx:TrackPointExtension>
          <gpxtpx:hr>178</gpxtpx:hr>
        </gpxtpx:TrackPointExtension></extensions>
      </trkpt>
      <trkpt lat="31.399435" lon="120.085046">
        <ele>7.0</ele>
        <time>2026-04-19T00:12:41Z</time>
        <extensions><gpxtpx:TrackPointExtension>
          <gpxtpx:hr>178</gpxtpx:hr>
        </gpxtpx:TrackPointExtension></extensions>
      </trkpt>
      <trkpt lat="31.399406" lon="120.085019">
        <ele>7.0</ele>
        <time>2026-04-19T00:12:42Z</time>
        <extensions><gpxtpx:TrackPointExtension>
          <gpxtpx:hr>178</gpxtpx:hr>
        </gpxtpx:TrackPointExtension></extensions>
      </trkpt>
      <trkpt lat="31.399377" lon="120.084992">
        <ele>7.0</ele>
        <time>2026-04-19T00:12:43Z</time>
        <extensions><gpxtpx:TrackPointExtension>
          <gpxtpx:hr>178</gpxtpx:hr>
        </gpxtpx:TrackPointExtension></extensions>
      </trkpt>
      <trkpt lat="31.399347" lon="120.084964">
        <ele>7.0</ele>
        <time>2026-04-19T00:12:44Z</time>
        <extensions><gpxtpx:TrackPointExtension>
          <gpxtpx:hr>178</gpxtpx:hr>
        </gpxtpx:TrackPointExtension></extensions>
      </trkpt>
      <trkpt lat="31.399318" lon="120.084937">
        <ele>7.0</ele>
        <time>2026-04-19T00:12:45Z</time>
        <extensions><gpxtpx:TrackPointExtension>
          <gpxtpx:hr>178</gpxtpx:hr>
        </gpxtpx:TrackPointExtension></extensions>
      </trkpt>
      <trkpt lat="31.399287" lon="120.084909">
        <ele>7.0</ele>
        <time>2026-04-19T00:12:46Z</time>
        <extensions><gpxtpx:TrackPointExtension>
          <gpxtpx:hr>178</gpxtpx:hr>
        </gpxtpx:TrackPointExtension></extensions>
      </trkpt>
      <trkpt lat="31.399256" lon="120.084881">
        <ele>7.0</ele>
        <time>2026-04-19T00:12:47Z</time>
        <extensions><gpxtpx:TrackPointExtension>
          <gpxtpx:hr>178</gpxtpx:hr>
        </gpxtpx:TrackPointExtension></extensions>
      </trkpt>
      <trkpt lat="31.399226" lon="120.084852">
        <ele>7.0</ele>
        <time>2026-04-19T00:12:48Z</time>
        <extensions><gpxtpx:TrackPointExtension>
          <gpxtpx:hr>178</gpxtpx:hr>
        </gpxtpx:TrackPointExtension></extensions>
      </trkpt>
      <trkpt lat="31.399195" lon="120.084823">
        <ele>7.0</ele>
        <time>2026-04-19T00:12:49Z</time>
        <extensions><gpxtpx:TrackPointExtension>
          <gpxtpx:hr>178</gpxtpx:hr>
        </gpxtpx:TrackPointExtension></extensions>
      </trkpt>
      <trkpt lat="31.399164" lon="120.084794">
        <ele>7.0</ele>
        <time>2026-04-19T00:12:50Z</time>
        <extensions><gpxtpx:TrackPointExtension>
          <gpxtpx:hr>178</gpxtpx:hr>
        </gpxtpx:TrackPointExtension></extensions>
      </trkpt>
      <trkpt lat="31.399134" lon="120.084766">
        <ele>7.0</ele>
        <time>2026-04-19T00:12:51Z</time>
        <extensions><gpxtpx:TrackPointExtension>
          <gpxtpx:hr>178</gpxtpx:hr>
        </gpxtpx:TrackPointExtension></extensions>
      </trkpt>
      <trkpt lat="31.399104" lon="120.084738">
        <ele>6.0</ele>
        <time>2026-04-19T00:12:52Z</time>
        <extensions><gpxtpx:TrackPointExtension>
          <gpxtpx:hr>178</gpxtpx:hr>
        </gpxtpx:TrackPointExtension></extensions>
      </trkpt>
      <trkpt lat="31.399074" lon="120.084711">
        <ele>6.0</ele>
        <time>2026-04-19T00:12:53Z</time>
        <extensions><gpxtpx:TrackPointExtension>
          <gpxtpx:hr>178</gpxtpx:hr>
        </gpxtpx:TrackPointExtension></extensions>
      </trkpt>
      <trkpt lat="31.399045" lon="120.084683">
        <ele>6.0</ele>
        <time>2026-04-19T00:12:54Z</time>
        <extensions><gpxtpx:TrackPointExtension>
          <gpxtpx:hr>177</gpxtpx:hr>
        </gpxtpx:TrackPointExtension></extensions>
      </trkpt>
      <trkpt lat="31.399015" lon="120.084656">
        <ele>6.0</ele>
        <time>2026-04-19T00:12:55Z</time>
        <extensions><gpxtpx:TrackPointExtension>
          <gpxtpx:hr>177</gpxtpx:hr>
        </gpxtpx:TrackPointExtension></extensions>
      </trkpt>
      <trkpt lat="31.398986" lon="120.084628">
        <ele>6.0</ele>
        <time>2026-04-19T00:12:56Z</time>
        <extensions><gpxtpx:TrackPointExtension>
          <gpxtpx:hr>177</gpxtpx:hr>
        </gpxtpx:TrackPointExtension></extensions>
      </trkpt>
      <trkpt lat="31.398957" lon="120.0846">
        <ele>6.0</ele>
        <time>2026-04-19T00:12:57Z</time>
        <extensions><gpxtpx:TrackPointExtension>
          <gpxtpx:hr>177</gpxtpx:hr>
        </gpxtpx:TrackPointExtension></extensions>
      </trkpt>
      <trkpt lat="31.398927" lon="120.084572">
        <ele>6.0</ele>
        <time>2026-04-19T00:12:58Z</time>
        <extensions><gpxtpx:TrackPointExtension>
          <gpxtpx:hr>177</gpxtpx:hr>
        </gpxtpx:TrackPointExtension></extensions>
      </trkpt>
      <trkpt lat="31.398898" lon="120.084544">
        <ele>6.0</ele>
        <time>2026-04-19T00:12:59Z</time>
        <extensions><gpxtpx:TrackPointExtension>
          <gpxtpx:hr>177</gpxtpx:hr>
        </gpxtpx:TrackPointExtension></extensions>
      </trkpt>
      <trkpt lat="31.398868" lon="120.084515">
        <ele>6.0</ele>
        <time>2026-04-19T00:13:00Z</time>
        <extensions><gpxtpx:TrackPointExtension>
          <gpxtpx:hr>177</gpxtpx:hr>
        </gpxtpx:TrackPointExtension></extensions>
      </trkpt>
      <trkpt lat="31.398839" lon="120.084486">
        <ele>6.0</ele>
        <time>2026-04-19T00:13:01Z</time>
        <extensions><gpxtpx:TrackPointExtension>
          <gpxtpx:hr>177</gpxtpx:hr>
        </gpxtpx:TrackPointExtension></extensions>
      </trkpt>
      <trkpt lat="31.398809" lon="120.084457">
        <ele>6.0</ele>
        <time>2026-04-19T00:13:02Z</time>
        <extensions><gpxtpx:TrackPointExtension>
          <gpxtpx:hr>177</gpxtpx:hr>
        </gpxtpx:TrackPointExtension></extensions>
      </trkpt>
      <trkpt lat="31.398779" lon="120.084429">
        <ele>6.0</ele>
        <time>2026-04-19T00:13:03Z</time>
        <extensions><gpxtpx:TrackPointExtension>
          <gpxtpx:hr>177</gpxtpx:hr>
        </gpxtpx:TrackPointExtension></extensions>
      </trkpt>
      <trkpt lat="31.398749" lon="120.084401">
        <ele>6.0</ele>
        <time>2026-04-19T00:13:04Z</time>
        <extensions><gpxtpx:TrackPointExtension>
          <gpxtpx:hr>177</gpxtpx:hr>
        </gpxtpx:TrackPointExtension></extensions>
      </trkpt>
      <trkpt lat="31.398719" lon="120.084372">
        <ele>6.0</ele>
        <time>2026-04-19T00:13:05Z</time>
        <extensions><gpxtpx:TrackPointExtension>
          <gpxtpx:hr>177</gpxtpx:hr>
        </gpxtpx:TrackPointExtension></extensions>
      </trkpt>
      <trkpt lat="31.398689" lon="120.084344">
        <ele>6.0</ele>
        <time>2026-04-19T00:13:06Z</time>
        <extensions><gpxtpx:TrackPointExtension>
          <gpxtpx:hr>177</gpxtpx:hr>
        </gpxtpx:TrackPointExtension></extensions>
      </trkpt>
      <trkpt lat="31.39866" lon="120.084316">
        <ele>6.0</ele>
        <time>2026-04-19T00:13:07Z</time>
        <extensions><gpxtpx:TrackPointExtension>
          <gpxtpx:hr>177</gpxtpx:hr>
        </gpxtpx:TrackPointExtension></extensions>
      </trkpt>
      <trkpt lat="31.398631" lon="120.084288">
        <ele>6.0</ele>
        <time>2026-04-19T00:13:08Z</time>
        <extensions><gpxtpx:TrackPointExtension>
          <gpxtpx:hr>176</gpxtpx:hr>
        </gpxtpx:TrackPointExtension></extensions>
      </trkpt>
      <trkpt lat="31.398602" lon="120.084259">
        <ele>6.0</ele>
        <time>2026-04-19T00:13:09Z</time>
        <extensions><gpxtpx:TrackPointExtension>
          <gpxtpx:hr>177</gpxtpx:hr>
        </gpxtpx:TrackPointExtension></extensions>
      </trkpt>
      <trkpt lat="31.398574" lon="120.084232">
        <ele>6.0</ele>
        <time>2026-04-19T00:13:10Z</time>
        <extensions><gpxtpx:TrackPointExtension>
          <gpxtpx:hr>177</gpxtpx:hr>
        </gpxtpx:TrackPointExtension></extensions>
      </trkpt>
      <trkpt lat="31.398547" lon="120.084205">
        <ele>6.0</ele>
        <time>2026-04-19T00:13:11Z</time>
        <extensions><gpxtpx:TrackPointExtension>
          <gpxtpx:hr>177</gpxtpx:hr>
        </gpxtpx:TrackPointExtension></extensions>
      </trkpt>
      <trkpt lat="31.398519" lon="120.084177">
        <ele>6.0</ele>
        <time>2026-04-19T00:13:12Z</time>
        <extensions><gpxtpx:TrackPointExtension>
          <gpxtpx:hr>177</gpxtpx:hr>
        </gpxtpx:TrackPointExtension></extensions>
      </trkpt>
      <trkpt lat="31.398492" lon="120.084149">
        <ele>6.0</ele>
        <time>2026-04-19T00:13:13Z</time>
        <extensions><gpxtpx:TrackPointExtension>
          <gpxtpx:hr>177</gpxtpx:hr>
        </gpxtpx:TrackPointExtension></extensions>
      </trkpt>
      <trkpt lat="31.398464" lon="120.08412">
        <ele>6.0</ele>
        <time>2026-04-19T00:13:14Z</time>
        <extensions><gpxtpx:TrackPointExtension>
          <gpxtpx:hr>178</gpxtpx:hr>
        </gpxtpx:TrackPointExtension></extensions>
      </trkpt>
      <trkpt lat="31.398436" lon="120.084091">
        <ele>6.0</ele>
        <time>2026-04-19T00:13:15Z</time>
        <extensions><gpxtpx:TrackPointExtension>
          <gpxtpx:hr>178</gpxtpx:hr>
        </gpxtpx:TrackPointExtension></extensions>
      </trkpt>
      <trkpt lat="31.398407" lon="120.084061">
        <ele>6.0</ele>
        <time>2026-04-19T00:13:16Z</time>
        <extensions><gpxtpx:TrackPointExtension>
          <gpxtpx:hr>178</gpxtpx:hr>
        </gpxtpx:TrackPointExtension></extensions>
      </trkpt>
      <trkpt lat="31.398378" lon="120.08403">
        <ele>6.0</ele>
        <time>2026-04-19T00:13:17Z</time>
        <extensions><gpxtpx:TrackPointExtension>
          <gpxtpx:hr>178</gpxtpx:hr>
        </gpxtpx:TrackPointExtension></extensions>
      </trkpt>
      <trkpt lat="31.398348" lon="120.084">
        <ele>6.0</ele>
        <time>2026-04-19T00:13:18Z</time>
        <extensions><gpxtpx:TrackPointExtension>
          <gpxtpx:hr>178</gpxtpx:hr>
        </gpxtpx:TrackPointExtension></extensions>
      </trkpt>
      <trkpt lat="31.398319" lon="120.083969">
        <ele>6.0</ele>
        <time>2026-04-19T00:13:19Z</time>
        <extensions><gpxtpx:TrackPointExtension>
          <gpxtpx:hr>178</gpxtpx:hr>
        </gpxtpx:TrackPointExtension></extensions>
      </trkpt>
      <trkpt lat="31.398291" lon="120.083939">
        <ele>6.0</ele>
        <time>2026-04-19T00:13:20Z</time>
        <extensions><gpxtpx:TrackPointExtension>
          <gpxtpx:hr>178</gpxtpx:hr>
        </gpxtpx:TrackPointExtension></extensions>
      </trkpt>
      <trkpt lat="31.398262" lon="120.08391">
        <ele>6.0</ele>
        <time>2026-04-19T00:13:21Z</time>
        <extensions><gpxtpx:TrackPointExtension>
          <gpxtpx:hr>178</gpxtpx:hr>
        </gpxtpx:TrackPointExtension></extensions>
      </trkpt>
      <trkpt lat="31.398234" lon="120.08388">
        <ele>6.0</ele>
        <time>2026-04-19T00:13:22Z</time>
        <extensions><gpxtpx:TrackPointExtension>
          <gpxtpx:hr>178</gpxtpx:hr>
        </gpxtpx:TrackPointExtension></extensions>
      </trkpt>
      <trkpt lat="31.398205" lon="120.083851">
        <ele>6.0</ele>
        <time>2026-04-19T00:13:23Z</time>
        <extensions><gpxtpx:TrackPointExtension>
          <gpxtpx:hr>177</gpxtpx:hr>
        </gpxtpx:TrackPointExtension></extensions>
      </trkpt>
      <trkpt lat="31.398177" lon="120.083822">
        <ele>6.0</ele>
        <time>2026-04-19T00:13:24Z</time>
        <extensions><gpxtpx:TrackPointExtension>
          <gpxtpx:hr>177</gpxtpx:hr>
        </gpxtpx:TrackPointExtension></extensions>
      </trkpt>
      <trkpt lat="31.398149" lon="120.083792">
        <ele>6.0</ele>
        <time>2026-04-19T00:13:25Z</time>
        <extensions><gpxtpx:TrackPointExtension>
          <gpxtpx:hr>178</gpxtpx:hr>
        </gpxtpx:TrackPointExtension></extensions>
      </trkpt>
      <trkpt lat="31.39812" lon="120.083763">
        <ele>6.0</ele>
        <time>2026-04-19T00:13:26Z</time>
        <extensions><gpxtpx:TrackPointExtension>
          <gpxtpx:hr>178</gpxtpx:hr>
        </gpxtpx:TrackPointExtension></extensions>
      </trkpt>
      <trkpt lat="31.398091" lon="120.083733">
        <ele>6.0</ele>
        <time>2026-04-19T00:13:27Z</time>
        <extensions><gpxtpx:TrackPointExtension>
          <gpxtpx:hr>178</gpxtpx:hr>
        </gpxtpx:TrackPointExtension></extensions>
      </trkpt>
      <trkpt lat="31.398061" lon="120.083704">
        <ele>6.0</ele>
        <time>2026-04-19T00:13:28Z</time>
        <extensions><gpxtpx:TrackPointExtension>
          <gpxtpx:hr>178</gpxtpx:hr>
        </gpxtpx:TrackPointExtension></extensions>
      </trkpt>
      <trkpt lat="31.398031" lon="120.083675">
        <ele>6.0</ele>
        <time>2026-04-19T00:13:29Z</time>
        <extensions><gpxtpx:TrackPointExtension>
          <gpxtpx:hr>177</gpxtpx:hr>
        </gpxtpx:TrackPointExtension></extensions>
      </trkpt>
      <trkpt lat="31.398002" lon="120.083646">
        <ele>6.0</ele>
        <time>2026-04-19T00:13:30Z</time>
        <extensions><gpxtpx:TrackPointExtension>
          <gpxtpx:hr>177</gpxtpx:hr>
        </gpxtpx:TrackPointExtension></extensions>
      </trkpt>
      <trkpt lat="31.397972" lon="120.083618">
        <ele>6.0</ele>
        <time>2026-04-19T00:13:31Z</time>
        <extensions><gpxtpx:TrackPointExtension>
          <gpxtpx:hr>178</gpxtpx:hr>
        </gpxtpx:TrackPointExtension></extensions>
      </trkpt>
      <trkpt lat="31.397942" lon="120.08359">
        <ele>6.0</ele>
        <time>2026-04-19T00:13:32Z</time>
        <extensions><gpxtpx:TrackPointExtension>
          <gpxtpx:hr>177</gpxtpx:hr>
        </gpxtpx:TrackPointExtension></extensions>
      </trkpt>
      <trkpt lat="31.397912" lon="120.083562">
        <ele>6.0</ele>
        <time>2026-04-19T00:13:33Z</time>
        <extensions><gpxtpx:TrackPointExtension>
          <gpxtpx:hr>178</gpxtpx:hr>
        </gpxtpx:TrackPointExtension></extensions>
      </trkpt>
      <trkpt lat="31.397882" lon="120.083535">
        <ele>6.0</ele>
        <time>2026-04-19T00:13:34Z</time>
        <extensions><gpxtpx:TrackPointExtension>
          <gpxtpx:hr>177</gpxtpx:hr>
        </gpxtpx:TrackPointExtension></extensions>
      </trkpt>
      <trkpt lat="31.397852" lon="120.083508">
        <ele>6.0</ele>
        <time>2026-04-19T00:13:35Z</time>
        <extensions><gpxtpx:TrackPointExtension>
          <gpxtpx:hr>177</gpxtpx:hr>
        </gpxtpx:TrackPointExtension></extensions>
      </trkpt>
      <trkpt lat="31.397822" lon="120.083481">
        <ele>6.0</ele>
        <time>2026-04-19T00:13:36Z</time>
        <extensions><gpxtpx:TrackPointExtension>
          <gpxtpx:hr>177</gpxtpx:hr>
        </gpxtpx:TrackPointExtension></extensions>
      </trkpt>
      <trkpt lat="31.397792" lon="120.083454">
        <ele>6.0</ele>
        <time>2026-04-19T00:13:37Z</time>
        <extensions><gpxtpx:TrackPointExtension>
          <gpxtpx:hr>177</gpxtpx:hr>
        </gpxtpx:TrackPointExtension></extensions>
      </trkpt>
      <trkpt lat="31.397763" lon="120.083427">
        <ele>6.0</ele>
        <time>2026-04-19T00:13:38Z</time>
        <extensions><gpxtpx:TrackPointExtension>
          <gpxtpx:hr>176</gpxtpx:hr>
        </gpxtpx:TrackPointExtension></extensions>
      </trkpt>
      <trkpt lat="31.397733" lon="120.083399">
        <ele>6.0</ele>
        <time>2026-04-19T00:13:39Z</time>
        <extensions><gpxtpx:TrackPointExtension>
          <gpxtpx:hr>176</gpxtpx:hr>
        </gpxtpx:TrackPointExtension></extensions>
      </trkpt>
      <trkpt lat="31.397705" lon="120.083371">
        <ele>6.0</ele>
        <time>2026-04-19T00:13:40Z</time>
        <extensions><gpxtpx:TrackPointExtension>
          <gpxtpx:hr>176</gpxtpx:hr>
        </gpxtpx:TrackPointExtension></extensions>
      </trkpt>
      <trkpt lat="31.397676" lon="120.083343">
        <ele>6.0</ele>
        <time>2026-04-19T00:13:41Z</time>
        <extensions><gpxtpx:TrackPointExtension>
          <gpxtpx:hr>176</gpxtpx:hr>
        </gpxtpx:TrackPointExtension></extensions>
      </trkpt>
      <trkpt lat="31.397648" lon="120.083315">
        <ele>6.0</ele>
        <time>2026-04-19T00:13:42Z</time>
        <extensions><gpxtpx:TrackPointExtension>
          <gpxtpx:hr>176</gpxtpx:hr>
        </gpxtpx:TrackPointExtension></extensions>
      </trkpt>
      <trkpt lat="31.39762" lon="120.083287">
        <ele>6.0</ele>
        <time>2026-04-19T00:13:43Z</time>
        <extensions><gpxtpx:TrackPointExtension>
          <gpxtpx:hr>175</gpxtpx:hr>
        </gpxtpx:TrackPointExtension></extensions>
      </trkpt>
      <trkpt lat="31.397591" lon="120.083258">
        <ele>6.0</ele>
        <time>2026-04-19T00:13:44Z</time>
        <extensions><gpxtpx:TrackPointExtension>
          <gpxtpx:hr>175</gpxtpx:hr>
        </gpxtpx:TrackPointExtension></extensions>
      </trkpt>
      <trkpt lat="31.397563" lon="120.08323">
        <ele>6.0</ele>
        <time>2026-04-19T00:13:45Z</time>
        <extensions><gpxtpx:TrackPointExtension>
          <gpxtpx:hr>175</gpxtpx:hr>
        </gpxtpx:TrackPointExtension></extensions>
      </trkpt>
      <trkpt lat="31.397534" lon="120.083201">
        <ele>6.0</ele>
        <time>2026-04-19T00:13:46Z</time>
        <extensions><gpxtpx:TrackPointExtension>
          <gpxtpx:hr>175</gpxtpx:hr>
        </gpxtpx:TrackPointExtension></extensions>
      </trkpt>
      <trkpt lat="31.397505" lon="120.083173">
        <ele>6.0</ele>
        <time>2026-04-19T00:13:47Z</time>
        <extensions><gpxtpx:TrackPointExtension>
          <gpxtpx:hr>176</gpxtpx:hr>
        </gpxtpx:TrackPointExtension></extensions>
      </trkpt>
      <trkpt lat="31.397477" lon="120.083145">
        <ele>6.0</ele>
        <time>2026-04-19T00:13:48Z</time>
        <extensions><gpxtpx:TrackPointExtension>
          <gpxtpx:hr>176</gpxtpx:hr>
        </gpxtpx:TrackPointExtension></extensions>
      </trkpt>
      <trkpt lat="31.397448" lon="120.083117">
        <ele>6.0</ele>
        <time>2026-04-19T00:13:49Z</time>
        <extensions><gpxtpx:TrackPointExtension>
          <gpxtpx:hr>176</gpxtpx:hr>
        </gpxtpx:TrackPointExtension></extensions>
      </trkpt>
      <trkpt lat="31.39742" lon="120.083089">
        <ele>6.0</ele>
        <time>2026-04-19T00:13:50Z</time>
        <extensions><gpxtpx:TrackPointExtension>
          <gpxtpx:hr>176</gpxtpx:hr>
        </gpxtpx:TrackPointExtension></extensions>
      </trkpt>
      <trkpt lat="31.397391" lon="120.083062">
        <ele>6.0</ele>
        <time>2026-04-19T00:13:51Z</time>
        <extensions><gpxtpx:TrackPointExtension>
          <gpxtpx:hr>176</gpxtpx:hr>
        </gpxtpx:TrackPointExtension></extensions>
      </trkpt>
      <trkpt lat="31.397364" lon="120.083035">
        <ele>6.0</ele>
        <time>2026-04-19T00:13:52Z</time>
        <extensions><gpxtpx:TrackPointExtension>
          <gpxtpx:hr>176</gpxtpx:hr>
        </gpxtpx:TrackPointExtension></extensions>
      </trkpt>
      <trkpt lat="31.397336" lon="120.083008">
        <ele>6.0</ele>
        <time>2026-04-19T00:13:53Z</time>
        <extensions><gpxtpx:TrackPointExtension>
          <gpxtpx:hr>176</gpxtpx:hr>
        </gpxtpx:TrackPointExtension></extensions>
      </trkpt>
      <trkpt lat="31.397307" lon="120.08298">
        <ele>6.0</ele>
        <time>2026-04-19T00:13:54Z</time>
        <extensions><gpxtpx:TrackPointExtension>
          <gpxtpx:hr>176</gpxtpx:hr>
        </gpxtpx:TrackPointExtension></extensions>
      </trkpt>
      <trkpt lat="31.397279" lon="120.082953">
        <ele>6.0</ele>
        <time>2026-04-19T00:13:55Z</time>
        <extensions><gpxtpx:TrackPointExtension>
          <gpxtpx:hr>176</gpxtpx:hr>
        </gpxtpx:TrackPointExtension></extensions>
      </trkpt>
      <trkpt lat="31.39725" lon="120.082925">
        <ele>6.0</ele>
        <time>2026-04-19T00:13:56Z</time>
        <extensions><gpxtpx:TrackPointExtension>
          <gpxtpx:hr>176</gpxtpx:hr>
        </gpxtpx:TrackPointExtension></extensions>
      </trkpt>
      <trkpt lat="31.397221" lon="120.082898">
        <ele>6.0</ele>
        <time>2026-04-19T00:13:57Z</time>
        <extensions><gpxtpx:TrackPointExtension>
          <gpxtpx:hr>175</gpxtpx:hr>
        </gpxtpx:TrackPointExtension></extensions>
      </trkpt>
      <trkpt lat="31.397192" lon="120.082871">
        <ele>6.0</ele>
        <time>2026-04-19T00:13:58Z</time>
        <extensions><gpxtpx:TrackPointExtension>
          <gpxtpx:hr>175</gpxtpx:hr>
        </gpxtpx:TrackPointExtension></extensions>
      </trkpt>
      <trkpt lat="31.397163" lon="120.082845">
        <ele>6.0</ele>
        <time>2026-04-19T00:13:59Z</time>
        <extensions><gpxtpx:TrackPointExtension>
          <gpxtpx:hr>175</gpxtpx:hr>
        </gpxtpx:TrackPointExtension></extensions>
      </trkpt>
      <trkpt lat="31.397134" lon="120.082818">
        <ele>6.0</ele>
        <time>2026-04-19T00:14:00Z</time>
        <extensions><gpxtpx:TrackPointExtension>
          <gpxtpx:hr>175</gpxtpx:hr>
        </gpxtpx:TrackPointExtension></extensions>
      </trkpt>
      <trkpt lat="31.397105" lon="120.082792">
        <ele>7.0</ele>
        <time>2026-04-19T00:14:01Z</time>
        <extensions><gpxtpx:TrackPointExtension>
          <gpxtpx:hr>175</gpxtpx:hr>
        </gpxtpx:TrackPointExtension></extensions>
      </trkpt>
      <trkpt lat="31.397075" lon="120.082765">
        <ele>7.0</ele>
        <time>2026-04-19T00:14:02Z</time>
        <extensions><gpxtpx:TrackPointExtension>
          <gpxtpx:hr>175</gpxtpx:hr>
        </gpxtpx:TrackPointExtension></extensions>
      </trkpt>
      <trkpt lat="31.397045" lon="120.082737">
        <ele>7.0</ele>
        <time>2026-04-19T00:14:03Z</time>
        <extensions><gpxtpx:TrackPointExtension>
          <gpxtpx:hr>175</gpxtpx:hr>
        </gpxtpx:TrackPointExtension></extensions>
      </trkpt>
      <trkpt lat="31.397014" lon="120.082709">
        <ele>7.0</ele>
        <time>2026-04-19T00:14:04Z</time>
        <extensions><gpxtpx:TrackPointExtension>
          <gpxtpx:hr>175</gpxtpx:hr>
        </gpxtpx:TrackPointExtension></extensions>
      </trkpt>
      <trkpt lat="31.396984" lon="120.08268">
        <ele>7.0</ele>
        <time>2026-04-19T00:14:05Z</time>
        <extensions><gpxtpx:TrackPointExtension>
          <gpxtpx:hr>175</gpxtpx:hr>
        </gpxtpx:TrackPointExtension></extensions>
      </trkpt>
      <trkpt lat="31.396954" lon="120.082651">
        <ele>7.0</ele>
        <time>2026-04-19T00:14:06Z</time>
        <extensions><gpxtpx:TrackPointExtension>
          <gpxtpx:hr>175</gpxtpx:hr>
        </gpxtpx:TrackPointExtension></extensions>
      </trkpt>
      <trkpt lat="31.396925" lon="120.082623">
        <ele>6.0</ele>
        <time>2026-04-19T00:14:07Z</time>
        <extensions><gpxtpx:TrackPointExtension>
          <gpxtpx:hr>175</gpxtpx:hr>
        </gpxtpx:TrackPointExtension></extensions>
      </trkpt>
      <trkpt lat="31.396895" lon="120.082594">
        <ele>6.0</ele>
        <time>2026-04-19T00:14:08Z</time>
        <extensions><gpxtpx:TrackPointExtension>
          <gpxtpx:hr>175</gpxtpx:hr>
        </gpxtpx:TrackPointExtension></extensions>
      </trkpt>
      <trkpt lat="31.396865" lon="120.082566">
        <ele>6.0</ele>
        <time>2026-04-19T00:14:09Z</time>
        <extensions><gpxtpx:TrackPointExtension>
          <gpxtpx:hr>175</gpxtpx:hr>
        </gpxtpx:TrackPointExtension></extensions>
      </trkpt>
      <trkpt lat="31.396836" lon="120.082537">
        <ele>6.0</ele>
        <time>2026-04-19T00:14:10Z</time>
        <extensions><gpxtpx:TrackPointExtension>
          <gpxtpx:hr>175</gpxtpx:hr>
        </gpxtpx:TrackPointExtension></extensions>
      </trkpt>
      <trkpt lat="31.396806" lon="120.082508">
        <ele>6.0</ele>
        <time>2026-04-19T00:14:11Z</time>
        <extensions><gpxtpx:TrackPointExtension>
          <gpxtpx:hr>175</gpxtpx:hr>
        </gpxtpx:TrackPointExtension></extensions>
      </trkpt>
      <trkpt lat="31.396777" lon="120.082479">
        <ele>6.0</ele>
        <time>2026-04-19T00:14:12Z</time>
        <extensions><gpxtpx:TrackPointExtension>
          <gpxtpx:hr>175</gpxtpx:hr>
        </gpxtpx:TrackPointExtension></extensions>
      </trkpt>
      <trkpt lat="31.396748" lon="120.082451">
        <ele>6.0</ele>
        <time>2026-04-19T00:14:13Z</time>
        <extensions><gpxtpx:TrackPointExtension>
          <gpxtpx:hr>175</gpxtpx:hr>
        </gpxtpx:TrackPointExtension></extensions>
      </trkpt>
      <trkpt lat="31.396719" lon="120.082422">
        <ele>6.0</ele>
        <time>2026-04-19T00:14:14Z</time>
        <extensions><gpxtpx:TrackPointExtension>
          <gpxtpx:hr>175</gpxtpx:hr>
        </gpxtpx:TrackPointExtension></extensions>
      </trkpt>
      <trkpt lat="31.396691" lon="120.082394">
        <ele>6.0</ele>
        <time>2026-04-19T00:14:15Z</time>
        <extensions><gpxtpx:TrackPointExtension>
          <gpxtpx:hr>174</gpxtpx:hr>
        </gpxtpx:TrackPointExtension></extensions>
      </trkpt>
      <trkpt lat="31.396663" lon="120.082366">
        <ele>6.0</ele>
        <time>2026-04-19T00:14:16Z</time>
        <extensions><gpxtpx:TrackPointExtension>
          <gpxtpx:hr>174</gpxtpx:hr>
        </gpxtpx:TrackPointExtension></extensions>
      </trkpt>
      <trkpt lat="31.396635" lon="120.082338">
        <ele>6.0</ele>
        <time>2026-04-19T00:14:17Z</time>
        <extensions><gpxtpx:TrackPointExtension>
          <gpxtpx:hr>174</gpxtpx:hr>
        </gpxtpx:TrackPointExtension></extensions>
      </trkpt>
      <trkpt lat="31.396608" lon="120.082311">
        <ele>6.0</ele>
        <time>2026-04-19T00:14:18Z</time>
        <extensions><gpxtpx:TrackPointExtension>
          <gpxtpx:hr>174</gpxtpx:hr>
        </gpxtpx:TrackPointExtension></extensions>
      </trkpt>
      <trkpt lat="31.39658" lon="120.082284">
        <ele>6.0</ele>
        <time>2026-04-19T00:14:19Z</time>
        <extensions><gpxtpx:TrackPointExtension>
          <gpxtpx:hr>174</gpxtpx:hr>
        </gpxtpx:TrackPointExtension></extensions>
      </trkpt>
      <trkpt lat="31.396552" lon="120.082256">
        <ele>6.0</ele>
        <time>2026-04-19T00:14:20Z</time>
        <extensions><gpxtpx:TrackPointExtension>
          <gpxtpx:hr>174</gpxtpx:hr>
        </gpxtpx:TrackPointExtension></extensions>
      </trkpt>
      <trkpt lat="31.396524" lon="120.082229">
        <ele>6.0</ele>
        <time>2026-04-19T00:14:21Z</time>
        <extensions><gpxtpx:TrackPointExtension>
          <gpxtpx:hr>174</gpxtpx:hr>
        </gpxtpx:TrackPointExtension></extensions>
      </trkpt>
      <trkpt lat="31.396495" lon="120.082202">
        <ele>6.0</ele>
        <time>2026-04-19T00:14:22Z</time>
        <extensions><gpxtpx:TrackPointExtension>
          <gpxtpx:hr>174</gpxtpx:hr>
        </gpxtpx:TrackPointExtension></extensions>
      </trkpt>
      <trkpt lat="31.396467" lon="120.082174">
        <ele>6.0</ele>
        <time>2026-04-19T00:14:23Z</time>
        <extensions><gpxtpx:TrackPointExtension>
          <gpxtpx:hr>174</gpxtpx:hr>
        </gpxtpx:TrackPointExtension></extensions>
      </trkpt>
      <trkpt lat="31.396439" lon="120.082146">
        <ele>6.0</ele>
        <time>2026-04-19T00:14:24Z</time>
        <extensions><gpxtpx:TrackPointExtension>
          <gpxtpx:hr>174</gpxtpx:hr>
        </gpxtpx:TrackPointExtension></extensions>
      </trkpt>
      <trkpt lat="31.396412" lon="120.082117">
        <ele>6.0</ele>
        <time>2026-04-19T00:14:25Z</time>
        <extensions><gpxtpx:TrackPointExtension>
          <gpxtpx:hr>174</gpxtpx:hr>
        </gpxtpx:TrackPointExtension></extensions>
      </trkpt>
      <trkpt lat="31.396383" lon="120.082088">
        <ele>6.0</ele>
        <time>2026-04-19T00:14:26Z</time>
        <extensions><gpxtpx:TrackPointExtension>
          <gpxtpx:hr>174</gpxtpx:hr>
        </gpxtpx:TrackPointExtension></extensions>
      </trkpt>
      <trkpt lat="31.396355" lon="120.082059">
        <ele>6.0</ele>
        <time>2026-04-19T00:14:27Z</time>
        <extensions><gpxtpx:TrackPointExtension>
          <gpxtpx:hr>174</gpxtpx:hr>
        </gpxtpx:TrackPointExtension></extensions>
      </trkpt>
      <trkpt lat="31.396326" lon="120.082031">
        <ele>6.0</ele>
        <time>2026-04-19T00:14:28Z</time>
        <extensions><gpxtpx:TrackPointExtension>
          <gpxtpx:hr>174</gpxtpx:hr>
        </gpxtpx:TrackPointExtension></extensions>
      </trkpt>
      <trkpt lat="31.396296" lon="120.082003">
        <ele>6.0</ele>
        <time>2026-04-19T00:14:29Z</time>
        <extensions><gpxtpx:TrackPointExtension>
          <gpxtpx:hr>174</gpxtpx:hr>
        </gpxtpx:TrackPointExtension></extensions>
      </trkpt>
      <trkpt lat="31.396267" lon="120.081976">
        <ele>6.0</ele>
        <time>2026-04-19T00:14:30Z</time>
        <extensions><gpxtpx:TrackPointExtension>
          <gpxtpx:hr>174</gpxtpx:hr>
        </gpxtpx:TrackPointExtension></extensions>
      </trkpt>
      <trkpt lat="31.396238" lon="120.081949">
        <ele>6.0</ele>
        <time>2026-04-19T00:14:31Z</time>
        <extensions><gpxtpx:TrackPointExtension>
          <gpxtpx:hr>174</gpxtpx:hr>
        </gpxtpx:TrackPointExtension></extensions>
      </trkpt>
      <trkpt lat="31.396209" lon="120.081924">
        <ele>6.0</ele>
        <time>2026-04-19T00:14:32Z</time>
        <extensions><gpxtpx:TrackPointExtension>
          <gpxtpx:hr>174</gpxtpx:hr>
        </gpxtpx:TrackPointExtension></extensions>
      </trkpt>
      <trkpt lat="31.396179" lon="120.081898">
        <ele>6.0</ele>
        <time>2026-04-19T00:14:33Z</time>
        <extensions><gpxtpx:TrackPointExtension>
          <gpxtpx:hr>174</gpxtpx:hr>
        </gpxtpx:TrackPointExtension></extensions>
      </trkpt>
      <trkpt lat="31.39615" lon="120.081872">
        <ele>6.0</ele>
        <time>2026-04-19T00:14:34Z</time>
        <extensions><gpxtpx:TrackPointExtension>
          <gpxtpx:hr>174</gpxtpx:hr>
        </gpxtpx:TrackPointExtension></extensions>
      </trkpt>
      <trkpt lat="31.39612" lon="120.081846">
        <ele>6.0</ele>
        <time>2026-04-19T00:14:35Z</time>
        <extensions><gpxtpx:TrackPointExtension>
          <gpxtpx:hr>174</gpxtpx:hr>
        </gpxtpx:TrackPointExtension></extensions>
      </trkpt>
      <trkpt lat="31.396092" lon="120.08182">
        <ele>6.0</ele>
        <time>2026-04-19T00:14:36Z</time>
        <extensions><gpxtpx:TrackPointExtension>
          <gpxtpx:hr>174</gpxtpx:hr>
        </gpxtpx:TrackPointExtension></extensions>
      </trkpt>
      <trkpt lat="31.396063" lon="120.081793">
        <ele>6.0</ele>
        <time>2026-04-19T00:14:37Z</time>
        <extensions><gpxtpx:TrackPointExtension>
          <gpxtpx:hr>175</gpxtpx:hr>
        </gpxtpx:TrackPointExtension></extensions>
      </trkpt>
      <trkpt lat="31.396035" lon="120.081765">
        <ele>6.0</ele>
        <time>2026-04-19T00:14:38Z</time>
        <extensions><gpxtpx:TrackPointExtension>
          <gpxtpx:hr>175</gpxtpx:hr>
        </gpxtpx:TrackPointExtension></extensions>
      </trkpt>
      <trkpt lat="31.396007" lon="120.081737">
        <ele>6.0</ele>
        <time>2026-04-19T00:14:39Z</time>
        <extensions><gpxtpx:TrackPointExtension>
          <gpxtpx:hr>175</gpxtpx:hr>
        </gpxtpx:TrackPointExtension></extensions>
      </trkpt>
      <trkpt lat="31.395978" lon="120.081709">
        <ele>6.0</ele>
        <time>2026-04-19T00:14:40Z</time>
        <extensions><gpxtpx:TrackPointExtension>
          <gpxtpx:hr>174</gpxtpx:hr>
        </gpxtpx:TrackPointExtension></extensions>
      </trkpt>
      <trkpt lat="31.395949" lon="120.08168">
        <ele>6.0</ele>
        <time>2026-04-19T00:14:41Z</time>
        <extensions><gpxtpx:TrackPointExtension>
          <gpxtpx:hr>174</gpxtpx:hr>
        </gpxtpx:TrackPointExtension></extensions>
      </trkpt>
      <trkpt lat="31.39592" lon="120.08165">
        <ele>6.0</ele>
        <time>2026-04-19T00:14:42Z</time>
        <extensions><gpxtpx:TrackPointExtension>
          <gpxtpx:hr>174</gpxtpx:hr>
        </gpxtpx:TrackPointExtension></extensions>
      </trkpt>
      <trkpt lat="31.395891" lon="120.08162">
        <ele>6.0</ele>
        <time>2026-04-19T00:14:43Z</time>
        <extensions><gpxtpx:TrackPointExtension>
          <gpxtpx:hr>174</gpxtpx:hr>
        </gpxtpx:TrackPointExtension></extensions>
      </trkpt>
      <trkpt lat="31.395863" lon="120.08159">
        <ele>6.0</ele>
        <time>2026-04-19T00:14:44Z</time>
        <extensions><gpxtpx:TrackPointExtension>
          <gpxtpx:hr>174</gpxtpx:hr>
        </gpxtpx:TrackPointExtension></extensions>
      </trkpt>
      <trkpt lat="31.395834" lon="120.08156">
        <ele>6.0</ele>
        <time>2026-04-19T00:14:45Z</time>
        <extensions><gpxtpx:TrackPointExtension>
          <gpxtpx:hr>174</gpxtpx:hr>
        </gpxtpx:TrackPointExtension></extensions>
      </trkpt>
      <trkpt lat="31.395806" lon="120.08153">
        <ele>6.0</ele>
        <time>2026-04-19T00:14:46Z</time>
        <extensions><gpxtpx:TrackPointExtension>
          <gpxtpx:hr>175</gpxtpx:hr>
        </gpxtpx:TrackPointExtension></extensions>
      </trkpt>
      <trkpt lat="31.395777" lon="120.0815">
        <ele>5.0</ele>
        <time>2026-04-19T00:14:47Z</time>
        <extensions><gpxtpx:TrackPointExtension>
          <gpxtpx:hr>175</gpxtpx:hr>
        </gpxtpx:TrackPointExtension></extensions>
      </trkpt>
      <trkpt lat="31.395748" lon="120.08147">
        <ele>5.0</ele>
        <time>2026-04-19T00:14:48Z</time>
        <extensions><gpxtpx:TrackPointExtension>
          <gpxtpx:hr>175</gpxtpx:hr>
        </gpxtpx:TrackPointExtension></extensions>
      </trkpt>
      <trkpt lat="31.395719" lon="120.08144">
        <ele>5.0</ele>
        <time>2026-04-19T00:14:49Z</time>
        <extensions><gpxtpx:TrackPointExtension>
          <gpxtpx:hr>175</gpxtpx:hr>
        </gpxtpx:TrackPointExtension></extensions>
      </trkpt>
      <trkpt lat="31.395688" lon="120.08141">
        <ele>5.0</ele>
        <time>2026-04-19T00:14:50Z</time>
        <extensions><gpxtpx:TrackPointExtension>
          <gpxtpx:hr>175</gpxtpx:hr>
        </gpxtpx:TrackPointExtension></extensions>
      </trkpt>
      <trkpt lat="31.395657" lon="120.08138">
        <ele>5.0</ele>
        <time>2026-04-19T00:14:51Z</time>
        <extensions><gpxtpx:TrackPointExtension>
          <gpxtpx:hr>175</gpxtpx:hr>
        </gpxtpx:TrackPointExtension></extensions>
      </trkpt>
      <trkpt lat="31.395625" lon="120.081351">
        <ele>5.0</ele>
        <time>2026-04-19T00:14:52Z</time>
        <extensions><gpxtpx:TrackPointExtension>
          <gpxtpx:hr>175</gpxtpx:hr>
        </gpxtpx:TrackPointExtension></extensions>
      </trkpt>
      <trkpt lat="31.395594" lon="120.081323">
        <ele>5.0</ele>
        <time>2026-04-19T00:14:53Z</time>
        <extensions><gpxtpx:TrackPointExtension>
          <gpxtpx:hr>174</gpxtpx:hr>
        </gpxtpx:TrackPointExtension></extensions>
      </trkpt>
      <trkpt lat="31.395562" lon="120.081295">
        <ele>5.0</ele>
        <time>2026-04-19T00:14:54Z</time>
        <extensions><gpxtpx:TrackPointExtension>
          <gpxtpx:hr>174</gpxtpx:hr>
        </gpxtpx:TrackPointExtension></extensions>
      </trkpt>
      <trkpt lat="31.395531" lon="120.081267">
        <ele>5.0</ele>
        <time>2026-04-19T00:14:55Z</time>
        <extensions><gpxtpx:TrackPointExtension>
          <gpxtpx:hr>174</gpxtpx:hr>
        </gpxtpx:TrackPointExtension></extensions>
      </trkpt>
      <trkpt lat="31.3955" lon="120.08124">
        <ele>6.0</ele>
        <time>2026-04-19T00:14:56Z</time>
        <extensions><gpxtpx:TrackPointExtension>
          <gpxtpx:hr>174</gpxtpx:hr>
        </gpxtpx:TrackPointExtension></extensions>
      </trkpt>
      <trkpt lat="31.39547" lon="120.081212">
        <ele>6.0</ele>
        <time>2026-04-19T00:14:57Z</time>
        <extensions><gpxtpx:TrackPointExtension>
          <gpxtpx:hr>174</gpxtpx:hr>
        </gpxtpx:TrackPointExtension></extensions>
      </trkpt>
      <trkpt lat="31.39544" lon="120.081185">
        <ele>6.0</ele>
        <time>2026-04-19T00:14:58Z</time>
        <extensions><gpxtpx:TrackPointExtension>
          <gpxtpx:hr>174</gpxtpx:hr>
        </gpxtpx:TrackPointExtension></extensions>
      </trkpt>
      <trkpt lat="31.395411" lon="120.081157">
        <ele>6.0</ele>
        <time>2026-04-19T00:14:59Z</time>
        <extensions><gpxtpx:TrackPointExtension>
          <gpxtpx:hr>174</gpxtpx:hr>
        </gpxtpx:TrackPointExtension></extensions>
      </trkpt>
      <trkpt lat="31.395382" lon="120.081128">
        <ele>6.0</ele>
        <time>2026-04-19T00:15:00Z</time>
        <extensions><gpxtpx:TrackPointExtension>
          <gpxtpx:hr>174</gpxtpx:hr>
        </gpxtpx:TrackPointExtension></extensions>
      </trkpt>
      <trkpt lat="31.395354" lon="120.081099">
        <ele>6.0</ele>
        <time>2026-04-19T00:15:01Z</time>
        <extensions><gpxtpx:TrackPointExtension>
          <gpxtpx:hr>174</gpxtpx:hr>
        </gpxtpx:TrackPointExtension></extensions>
      </trkpt>
      <trkpt lat="31.395325" lon="120.08107">
        <ele>6.0</ele>
        <time>2026-04-19T00:15:02Z</time>
        <extensions><gpxtpx:TrackPointExtension>
          <gpxtpx:hr>174</gpxtpx:hr>
        </gpxtpx:TrackPointExtension></extensions>
      </trkpt>
      <trkpt lat="31.395297" lon="120.081041">
        <ele>6.0</ele>
        <time>2026-04-19T00:15:03Z</time>
        <extensions><gpxtpx:TrackPointExtension>
          <gpxtpx:hr>174</gpxtpx:hr>
        </gpxtpx:TrackPointExtension></extensions>
      </trkpt>
      <trkpt lat="31.395269" lon="120.081013">
        <ele>6.0</ele>
        <time>2026-04-19T00:15:04Z</time>
        <extensions><gpxtpx:TrackPointExtension>
          <gpxtpx:hr>174</gpxtpx:hr>
        </gpxtpx:TrackPointExtension></extensions>
      </trkpt>
      <trkpt lat="31.395241" lon="120.080985">
        <ele>6.0</ele>
        <time>2026-04-19T00:15:05Z</time>
        <extensions><gpxtpx:TrackPointExtension>
          <gpxtpx:hr>174</gpxtpx:hr>
        </gpxtpx:TrackPointExtension></extensions>
      </trkpt>
      <trkpt lat="31.395213" lon="120.080957">
        <ele>6.0</ele>
        <time>2026-04-19T00:15:06Z</time>
        <extensions><gpxtpx:TrackPointExtension>
          <gpxtpx:hr>174</gpxtpx:hr>
        </gpxtpx:TrackPointExtension></extensions>
      </trkpt>
      <trkpt lat="31.395185" lon="120.080928">
        <ele>6.0</ele>
        <time>2026-04-19T00:15:07Z</time>
        <extensions><gpxtpx:TrackPointExtension>
          <gpxtpx:hr>174</gpxtpx:hr>
        </gpxtpx:TrackPointExtension></extensions>
      </trkpt>
      <trkpt lat="31.395157" lon="120.0809">
        <ele>6.0</ele>
        <time>2026-04-19T00:15:08Z</time>
        <extensions><gpxtpx:TrackPointExtension>
          <gpxtpx:hr>174</gpxtpx:hr>
        </gpxtpx:TrackPointExtension></extensions>
      </trkpt>
      <trkpt lat="31.395129" lon="120.080872">
        <ele>6.0</ele>
        <time>2026-04-19T00:15:09Z</time>
        <extensions><gpxtpx:TrackPointExtension>
          <gpxtpx:hr>174</gpxtpx:hr>
        </gpxtpx:TrackPointExtension></extensions>
      </trkpt>
      <trkpt lat="31.3951" lon="120.080844">
        <ele>6.0</ele>
        <time>2026-04-19T00:15:10Z</time>
        <extensions><gpxtpx:TrackPointExtension>
          <gpxtpx:hr>174</gpxtpx:hr>
        </gpxtpx:TrackPointExtension></extensions>
      </trkpt>
      <trkpt lat="31.395072" lon="120.080816">
        <ele>6.0</ele>
        <time>2026-04-19T00:15:11Z</time>
        <extensions><gpxtpx:TrackPointExtension>
          <gpxtpx:hr>174</gpxtpx:hr>
        </gpxtpx:TrackPointExtension></extensions>
      </trkpt>
      <trkpt lat="31.395042" lon="120.080789">
        <ele>6.0</ele>
        <time>2026-04-19T00:15:12Z</time>
        <extensions><gpxtpx:TrackPointExtension>
          <gpxtpx:hr>173</gpxtpx:hr>
        </gpxtpx:TrackPointExtension></extensions>
      </trkpt>
      <trkpt lat="31.395013" lon="120.080762">
        <ele>6.0</ele>
        <time>2026-04-19T00:15:13Z</time>
        <extensions><gpxtpx:TrackPointExtension>
          <gpxtpx:hr>173</gpxtpx:hr>
        </gpxtpx:TrackPointExtension></extensions>
      </trkpt>
      <trkpt lat="31.394983" lon="120.080735">
        <ele>6.0</ele>
        <time>2026-04-19T00:15:14Z</time>
        <extensions><gpxtpx:TrackPointExtension>
          <gpxtpx:hr>173</gpxtpx:hr>
        </gpxtpx:TrackPointExtension></extensions>
      </trkpt>
      <trkpt lat="31.394953" lon="120.080709">
        <ele>6.0</ele>
        <time>2026-04-19T00:15:15Z</time>
        <extensions><gpxtpx:TrackPointExtension>
          <gpxtpx:hr>174</gpxtpx:hr>
        </gpxtpx:TrackPointExtension></extensions>
      </trkpt>
      <trkpt lat="31.394924" lon="120.080683">
        <ele>6.0</ele>
        <time>2026-04-19T00:15:16Z</time>
        <extensions><gpxtpx:TrackPointExtension>
          <gpxtpx:hr>174</gpxtpx:hr>
        </gpxtpx:TrackPointExtension></extensions>
      </trkpt>
      <trkpt lat="31.394894" lon="120.080657">
        <ele>6.0</ele>
        <time>2026-04-19T00:15:17Z</time>
        <extensions><gpxtpx:TrackPointExtension>
          <gpxtpx:hr>174</gpxtpx:hr>
        </gpxtpx:TrackPointExtension></extensions>
      </trkpt>
      <trkpt lat="31.394865" lon="120.08063">
        <ele>6.0</ele>
        <time>2026-04-19T00:15:18Z</time>
        <extensions><gpxtpx:TrackPointExtension>
          <gpxtpx:hr>174</gpxtpx:hr>
        </gpxtpx:TrackPointExtension></extensions>
      </trkpt>
      <trkpt lat="31.394836" lon="120.080604">
        <ele>6.0</ele>
        <time>2026-04-19T00:15:19Z</time>
        <extensions><gpxtpx:TrackPointExtension>
          <gpxtpx:hr>174</gpxtpx:hr>
        </gpxtpx:TrackPointExtension></extensions>
      </trkpt>
      <trkpt lat="31.394806" lon="120.080578">
        <ele>6.0</ele>
        <time>2026-04-19T00:15:20Z</time>
        <extensions><gpxtpx:TrackPointExtension>
          <gpxtpx:hr>174</gpxtpx:hr>
        </gpxtpx:TrackPointExtension></extensions>
      </trkpt>
      <trkpt lat="31.394777" lon="120.080552">
        <ele>6.0</ele>
        <time>2026-04-19T00:15:21Z</time>
        <extensions><gpxtpx:TrackPointExtension>
          <gpxtpx:hr>174</gpxtpx:hr>
        </gpxtpx:TrackPointExtension></extensions>
      </trkpt>
      <trkpt lat="31.394747" lon="120.080526">
        <ele>6.0</ele>
        <time>2026-04-19T00:15:22Z</time>
        <extensions><gpxtpx:TrackPointExtension>
          <gpxtpx:hr>174</gpxtpx:hr>
        </gpxtpx:TrackPointExtension></extensions>
      </trkpt>
      <trkpt lat="31.394718" lon="120.0805">
        <ele>6.0</ele>
        <time>2026-04-19T00:15:23Z</time>
        <extensions><gpxtpx:TrackPointExtension>
          <gpxtpx:hr>173</gpxtpx:hr>
        </gpxtpx:TrackPointExtension></extensions>
      </trkpt>
      <trkpt lat="31.394689" lon="120.080473">
        <ele>6.0</ele>
        <time>2026-04-19T00:15:24Z</time>
        <extensions><gpxtpx:TrackPointExtension>
          <gpxtpx:hr>173</gpxtpx:hr>
        </gpxtpx:TrackPointExtension></extensions>
      </trkpt>
      <trkpt lat="31.394659" lon="120.080446">
        <ele>6.0</ele>
        <time>2026-04-19T00:15:25Z</time>
        <extensions><gpxtpx:TrackPointExtension>
          <gpxtpx:hr>172</gpxtpx:hr>
        </gpxtpx:TrackPointExtension></extensions>
      </trkpt>
      <trkpt lat="31.394628" lon="120.080419">
        <ele>6.0</ele>
        <time>2026-04-19T00:15:26Z</time>
        <extensions><gpxtpx:TrackPointExtension>
          <gpxtpx:hr>172</gpxtpx:hr>
        </gpxtpx:TrackPointExtension></extensions>
      </trkpt>
      <trkpt lat="31.394596" lon="120.080392">
        <ele>6.0</ele>
        <time>2026-04-19T00:15:27Z</time>
        <extensions><gpxtpx:TrackPointExtension>
          <gpxtpx:hr>171</gpxtpx:hr>
        </gpxtpx:TrackPointExtension></extensions>
      </trkpt>
      <trkpt lat="31.394562" lon="120.080366">
        <ele>6.0</ele>
        <time>2026-04-19T00:15:28Z</time>
        <extensions><gpxtpx:TrackPointExtension>
          <gpxtpx:hr>171</gpxtpx:hr>
        </gpxtpx:TrackPointExtension></extensions>
      </trkpt>
      <trkpt lat="31.394529" lon="120.08034">
        <ele>6.0</ele>
        <time>2026-04-19T00:15:29Z</time>
        <extensions><gpxtpx:TrackPointExtension>
          <gpxtpx:hr>170</gpxtpx:hr>
        </gpxtpx:TrackPointExtension></extensions>
      </trkpt>
      <trkpt lat="31.394495" lon="120.080314">
        <ele>6.0</ele>
        <time>2026-04-19T00:15:30Z</time>
        <extensions><gpxtpx:TrackPointExtension>
          <gpxtpx:hr>170</gpxtpx:hr>
        </gpxtpx:TrackPointExtension></extensions>
      </trkpt>
      <trkpt lat="31.394461" lon="120.080288">
        <ele>6.0</ele>
        <time>2026-04-19T00:15:31Z</time>
        <extensions><gpxtpx:TrackPointExtension>
          <gpxtpx:hr>169</gpxtpx:hr>
        </gpxtpx:TrackPointExtension></extensions>
      </trkpt>
      <trkpt lat="31.394428" lon="120.080263">
        <ele>6.0</ele>
        <time>2026-04-19T00:15:32Z</time>
        <extensions><gpxtpx:TrackPointExtension>
          <gpxtpx:hr>169</gpxtpx:hr>
        </gpxtpx:TrackPointExtension></extensions>
      </trkpt>
      <trkpt lat="31.394394" lon="120.080238">
        <ele>6.0</ele>
        <time>2026-04-19T00:15:33Z</time>
        <extensions><gpxtpx:TrackPointExtension>
          <gpxtpx:hr>168</gpxtpx:hr>
        </gpxtpx:TrackPointExtension></extensions>
      </trkpt>
      <trkpt lat="31.394361" lon="120.080213">
        <ele>6.0</ele>
        <time>2026-04-19T00:15:34Z</time>
        <extensions><gpxtpx:TrackPointExtension>
          <gpxtpx:hr>168</gpxtpx:hr>
        </gpxtpx:TrackPointExtension></extensions>
      </trkpt>
      <trkpt lat="31.394328" lon="120.080187">
        <ele>6.0</ele>
        <time>2026-04-19T00:15:35Z</time>
        <extensions><gpxtpx:TrackPointExtension>
          <gpxtpx:hr>168</gpxtpx:hr>
        </gpxtpx:TrackPointExtension></extensions>
      </trkpt>
      <trkpt lat="31.394294" lon="120.080162">
        <ele>6.0</ele>
        <time>2026-04-19T00:15:36Z</time>
        <extensions><gpxtpx:TrackPointExtension>
          <gpxtpx:hr>168</gpxtpx:hr>
        </gpxtpx:TrackPointExtension></extensions>
      </trkpt>
      <trkpt lat="31.394261" lon="120.080137">
        <ele>6.0</ele>
        <time>2026-04-19T00:15:37Z</time>
        <extensions><gpxtpx:TrackPointExtension>
          <gpxtpx:hr>168</gpxtpx:hr>
        </gpxtpx:TrackPointExtension></extensions>
      </trkpt>
      <trkpt lat="31.394227" lon="120.080113">
        <ele>6.0</ele>
        <time>2026-04-19T00:15:38Z</time>
        <extensions><gpxtpx:TrackPointExtension>
          <gpxtpx:hr>168</gpxtpx:hr>
        </gpxtpx:TrackPointExtension></extensions>
      </trkpt>
      <trkpt lat="31.394193" lon="120.080089">
        <ele>6.0</ele>
        <time>2026-04-19T00:15:39Z</time>
        <extensions><gpxtpx:TrackPointExtension>
          <gpxtpx:hr>168</gpxtpx:hr>
        </gpxtpx:TrackPointExtension></extensions>
      </trkpt>
      <trkpt lat="31.39416" lon="120.080064">
        <ele>6.0</ele>
        <time>2026-04-19T00:15:40Z</time>
        <extensions><gpxtpx:TrackPointExtension>
          <gpxtpx:hr>168</gpxtpx:hr>
        </gpxtpx:TrackPointExtension></extensions>
      </trkpt>
      <trkpt lat="31.394127" lon="120.08004">
        <ele>6.0</ele>
        <time>2026-04-19T00:15:41Z</time>
        <extensions><gpxtpx:TrackPointExtension>
          <gpxtpx:hr>168</gpxtpx:hr>
        </gpxtpx:TrackPointExtension></extensions>
      </trkpt>
      <trkpt lat="31.394094" lon="120.080015">
        <ele>6.0</ele>
        <time>2026-04-19T00:15:42Z</time>
        <extensions><gpxtpx:TrackPointExtension>
          <gpxtpx:hr>168</gpxtpx:hr>
        </gpxtpx:TrackPointExtension></extensions>
      </trkpt>
      <trkpt lat="31.394061" lon="120.079991">
        <ele>6.0</ele>
        <time>2026-04-19T00:15:43Z</time>
        <extensions><gpxtpx:TrackPointExtension>
          <gpxtpx:hr>168</gpxtpx:hr>
        </gpxtpx:TrackPointExtension></extensions>
      </trkpt>
      <trkpt lat="31.394027" lon="120.079966">
        <ele>6.0</ele>
        <time>2026-04-19T00:15:44Z</time>
        <extensions><gpxtpx:TrackPointExtension>
          <gpxtpx:hr>169</gpxtpx:hr>
        </gpxtpx:TrackPointExtension></extensions>
      </trkpt>
      <trkpt lat="31.393994" lon="120.07994">
        <ele>6.0</ele>
        <time>2026-04-19T00:15:45Z</time>
        <extensions><gpxtpx:TrackPointExtension>
          <gpxtpx:hr>169</gpxtpx:hr>
        </gpxtpx:TrackPointExtension></extensions>
      </trkpt>
      <trkpt lat="31.39396" lon="120.079915">
        <ele>6.0</ele>
        <time>2026-04-19T00:15:46Z</time>
        <extensions><gpxtpx:TrackPointExtension>
          <gpxtpx:hr>169</gpxtpx:hr>
        </gpxtpx:TrackPointExtension></extensions>
      </trkpt>
      <trkpt lat="31.393926" lon="120.07989">
        <ele>6.0</ele>
        <time>2026-04-19T00:15:47Z</time>
        <extensions><gpxtpx:TrackPointExtension>
          <gpxtpx:hr>169</gpxtpx:hr>
        </gpxtpx:TrackPointExtension></extensions>
      </trkpt>
      <trkpt lat="31.393893" lon="120.079865">
        <ele>6.0</ele>
        <time>2026-04-19T00:15:48Z</time>
        <extensions><gpxtpx:TrackPointExtension>
          <gpxtpx:hr>168</gpxtpx:hr>
        </gpxtpx:TrackPointExtension></extensions>
      </trkpt>
      <trkpt lat="31.393859" lon="120.079841">
        <ele>6.0</ele>
        <time>2026-04-19T00:15:49Z</time>
        <extensions><gpxtpx:TrackPointExtension>
          <gpxtpx:hr>168</gpxtpx:hr>
        </gpxtpx:TrackPointExtension></extensions>
      </trkpt>
      <trkpt lat="31.393826" lon="120.079816">
        <ele>6.0</ele>
        <time>2026-04-19T00:15:50Z</time>
        <extensions><gpxtpx:TrackPointExtension>
          <gpxtpx:hr>168</gpxtpx:hr>
        </gpxtpx:TrackPointExtension></extensions>
      </trkpt>
      <trkpt lat="31.393793" lon="120.079792">
        <ele>6.0</ele>
        <time>2026-04-19T00:15:51Z</time>
        <extensions><gpxtpx:TrackPointExtension>
          <gpxtpx:hr>168</gpxtpx:hr>
        </gpxtpx:TrackPointExtension></extensions>
      </trkpt>
      <trkpt lat="31.39376" lon="120.079768">
        <ele>6.0</ele>
        <time>2026-04-19T00:15:52Z</time>
        <extensions><gpxtpx:TrackPointExtension>
          <gpxtpx:hr>168</gpxtpx:hr>
        </gpxtpx:TrackPointExtension></extensions>
      </trkpt>
      <trkpt lat="31.393727" lon="120.079744">
        <ele>6.0</ele>
        <time>2026-04-19T00:15:53Z</time>
        <extensions><gpxtpx:TrackPointExtension>
          <gpxtpx:hr>168</gpxtpx:hr>
        </gpxtpx:TrackPointExtension></extensions>
      </trkpt>
      <trkpt lat="31.393694" lon="120.079721">
        <ele>6.0</ele>
        <time>2026-04-19T00:15:54Z</time>
        <extensions><gpxtpx:TrackPointExtension>
          <gpxtpx:hr>168</gpxtpx:hr>
        </gpxtpx:TrackPointExtension></extensions>
      </trkpt>
      <trkpt lat="31.393661" lon="120.079697">
        <ele>6.0</ele>
        <time>2026-04-19T00:15:55Z</time>
        <extensions><gpxtpx:TrackPointExtension>
          <gpxtpx:hr>168</gpxtpx:hr>
        </gpxtpx:TrackPointExtension></extensions>
      </trkpt>
      <trkpt lat="31.393628" lon="120.079674">
        <ele>6.0</ele>
        <time>2026-04-19T00:15:56Z</time>
        <extensions><gpxtpx:TrackPointExtension>
          <gpxtpx:hr>168</gpxtpx:hr>
        </gpxtpx:TrackPointExtension></extensions>
      </trkpt>
      <trkpt lat="31.393595" lon="120.07965">
        <ele>6.0</ele>
        <time>2026-04-19T00:15:57Z</time>
        <extensions><gpxtpx:TrackPointExtension>
          <gpxtpx:hr>168</gpxtpx:hr>
        </gpxtpx:TrackPointExtension></extensions>
      </trkpt>
      <trkpt lat="31.393562" lon="120.079626">
        <ele>6.0</ele>
        <time>2026-04-19T00:15:58Z</time>
        <extensions><gpxtpx:TrackPointExtension>
          <gpxtpx:hr>168</gpxtpx:hr>
        </gpxtpx:TrackPointExtension></extensions>
      </trkpt>
      <trkpt lat="31.393529" lon="120.079601">
        <ele>6.0</ele>
        <time>2026-04-19T00:15:59Z</time>
        <extensions><gpxtpx:TrackPointExtension>
          <gpxtpx:hr>169</gpxtpx:hr>
        </gpxtpx:TrackPointExtension></extensions>
      </trkpt>
      <trkpt lat="31.393497" lon="120.079577">
        <ele>6.0</ele>
        <time>2026-04-19T00:16:00Z</time>
        <extensions><gpxtpx:TrackPointExtension>
          <gpxtpx:hr>169</gpxtpx:hr>
        </gpxtpx:TrackPointExtension></extensions>
      </trkpt>
      <trkpt lat="31.393465" lon="120.079553">
        <ele>6.0</ele>
        <time>2026-04-19T00:16:01Z</time>
        <extensions><gpxtpx:TrackPointExtension>
          <gpxtpx:hr>169</gpxtpx:hr>
        </gpxtpx:TrackPointExtension></extensions>
      </trkpt>
      <trkpt lat="31.393432" lon="120.079529">
        <ele>6.0</ele>
        <time>2026-04-19T00:16:02Z</time>
        <extensions><gpxtpx:TrackPointExtension>
          <gpxtpx:hr>170</gpxtpx:hr>
        </gpxtpx:TrackPointExtension></extensions>
      </trkpt>
      <trkpt lat="31.3934" lon="120.079506">
        <ele>6.0</ele>
        <time>2026-04-19T00:16:03Z</time>
        <extensions><gpxtpx:TrackPointExtension>
          <gpxtpx:hr>170</gpxtpx:hr>
        </gpxtpx:TrackPointExtension></extensions>
      </trkpt>
      <trkpt lat="31.393367" lon="120.079482">
        <ele>6.0</ele>
        <time>2026-04-19T00:16:04Z</time>
        <extensions><gpxtpx:TrackPointExtension>
          <gpxtpx:hr>170</gpxtpx:hr>
        </gpxtpx:TrackPointExtension></extensions>
      </trkpt>
      <trkpt lat="31.393334" lon="120.079459">
        <ele>6.0</ele>
        <time>2026-04-19T00:16:05Z</time>
        <extensions><gpxtpx:TrackPointExtension>
          <gpxtpx:hr>170</gpxtpx:hr>
        </gpxtpx:TrackPointExtension></extensions>
      </trkpt>
      <trkpt lat="31.393301" lon="120.079435">
        <ele>6.0</ele>
        <time>2026-04-19T00:16:06Z</time>
        <extensions><gpxtpx:TrackPointExtension>
          <gpxtpx:hr>169</gpxtpx:hr>
        </gpxtpx:TrackPointExtension></extensions>
      </trkpt>
      <trkpt lat="31.393268" lon="120.079412">
        <ele>5.0</ele>
        <time>2026-04-19T00:16:07Z</time>
        <extensions><gpxtpx:TrackPointExtension>
          <gpxtpx:hr>169</gpxtpx:hr>
        </gpxtpx:TrackPointExtension></extensions>
      </trkpt>
      <trkpt lat="31.393235" lon="120.079388">
        <ele>5.0</ele>
        <time>2026-04-19T00:16:08Z</time>
        <extensions><gpxtpx:TrackPointExtension>
          <gpxtpx:hr>169</gpxtpx:hr>
        </gpxtpx:TrackPointExtension></extensions>
      </trkpt>
      <trkpt lat="31.393203" lon="120.079364">
        <ele>5.0</ele>
        <time>2026-04-19T00:16:09Z</time>
        <extensions><gpxtpx:TrackPointExtension>
          <gpxtpx:hr>168</gpxtpx:hr>
        </gpxtpx:TrackPointExtension></extensions>
      </trkpt>
      <trkpt lat="31.393171" lon="120.07934">
        <ele>5.0</ele>
        <time>2026-04-19T00:16:10Z</time>
        <extensions><gpxtpx:TrackPointExtension>
          <gpxtpx:hr>168</gpxtpx:hr>
        </gpxtpx:TrackPointExtension></extensions>
      </trkpt>
      <trkpt lat="31.393139" lon="120.079316">
        <ele>5.0</ele>
        <time>2026-04-19T00:16:11Z</time>
        <extensions><gpxtpx:TrackPointExtension>
          <gpxtpx:hr>168</gpxtpx:hr>
        </gpxtpx:TrackPointExtension></extensions>
      </trkpt>
      <trkpt lat="31.393108" lon="120.079292">
        <ele>5.0</ele>
        <time>2026-04-19T00:16:12Z</time>
        <extensions><gpxtpx:TrackPointExtension>
          <gpxtpx:hr>168</gpxtpx:hr>
        </gpxtpx:TrackPointExtension></extensions>
      </trkpt>
      <trkpt lat="31.393077" lon="120.079268">
        <ele>5.0</ele>
        <time>2026-04-19T00:16:13Z</time>
        <extensions><gpxtpx:TrackPointExtension>
          <gpxtpx:hr>168</gpxtpx:hr>
        </gpxtpx:TrackPointExtension></extensions>
      </trkpt>
      <trkpt lat="31.393046" lon="120.079245">
        <ele>5.0</ele>
        <time>2026-04-19T00:16:14Z</time>
        <extensions><gpxtpx:TrackPointExtension>
          <gpxtpx:hr>167</gpxtpx:hr>
        </gpxtpx:TrackPointExtension></extensions>
      </trkpt>
      <trkpt lat="31.393015" lon="120.079221">
        <ele>5.0</ele>
        <time>2026-04-19T00:16:15Z</time>
        <extensions><gpxtpx:TrackPointExtension>
          <gpxtpx:hr>167</gpxtpx:hr>
        </gpxtpx:TrackPointExtension></extensions>
      </trkpt>
      <trkpt lat="31.392983" lon="120.079198">
        <ele>5.0</ele>
        <time>2026-04-19T00:16:16Z</time>
        <extensions><gpxtpx:TrackPointExtension>
          <gpxtpx:hr>167</gpxtpx:hr>
        </gpxtpx:TrackPointExtension></extensions>
      </trkpt>
      <trkpt lat="31.392952" lon="120.079175">
        <ele>5.0</ele>
        <time>2026-04-19T00:16:17Z</time>
        <extensions><gpxtpx:TrackPointExtension>
          <gpxtpx:hr>167</gpxtpx:hr>
        </gpxtpx:TrackPointExtension></extensions>
      </trkpt>
      <trkpt lat="31.392921" lon="120.079151">
        <ele>5.0</ele>
        <time>2026-04-19T00:16:18Z</time>
        <extensions><gpxtpx:TrackPointExtension>
          <gpxtpx:hr>167</gpxtpx:hr>
        </gpxtpx:TrackPointExtension></extensions>
      </trkpt>
      <trkpt lat="31.39289" lon="120.079128">
        <ele>5.0</ele>
        <time>2026-04-19T00:16:19Z</time>
        <extensions><gpxtpx:TrackPointExtension>
          <gpxtpx:hr>166</gpxtpx:hr>
        </gpxtpx:TrackPointExtension></extensions>
      </trkpt>
      <trkpt lat="31.392859" lon="120.079104">
        <ele>5.0</ele>
        <time>2026-04-19T00:16:20Z</time>
        <extensions><gpxtpx:TrackPointExtension>
          <gpxtpx:hr>166</gpxtpx:hr>
        </gpxtpx:TrackPointExtension></extensions>
      </trkpt>
      <trkpt lat="31.392829" lon="120.079079">
        <ele>5.0</ele>
        <time>2026-04-19T00:16:21Z</time>
        <extensions><gpxtpx:TrackPointExtension>
          <gpxtpx:hr>166</gpxtpx:hr>
        </gpxtpx:TrackPointExtension></extensions>
      </trkpt>
      <trkpt lat="31.3928" lon="120.079054">
        <ele>5.0</ele>
        <time>2026-04-19T00:16:22Z</time>
        <extensions><gpxtpx:TrackPointExtension>
          <gpxtpx:hr>165</gpxtpx:hr>
        </gpxtpx:TrackPointExtension></extensions>
      </trkpt>
      <trkpt lat="31.39277" lon="120.079029">
        <ele>5.0</ele>
        <time>2026-04-19T00:16:23Z</time>
        <extensions><gpxtpx:TrackPointExtension>
          <gpxtpx:hr>165</gpxtpx:hr>
        </gpxtpx:TrackPointExtension></extensions>
      </trkpt>
      <trkpt lat="31.392739" lon="120.079004">
        <ele>5.0</ele>
        <time>2026-04-19T00:16:24Z</time>
        <extensions><gpxtpx:TrackPointExtension>
          <gpxtpx:hr>164</gpxtpx:hr>
        </gpxtpx:TrackPointExtension></extensions>
      </trkpt>
      <trkpt lat="31.392708" lon="120.078979">
        <ele>5.0</ele>
        <time>2026-04-19T00:16:25Z</time>
        <extensions><gpxtpx:TrackPointExtension>
          <gpxtpx:hr>164</gpxtpx:hr>
        </gpxtpx:TrackPointExtension></extensions>
      </trkpt>
      <trkpt lat="31.392676" lon="120.078955">
        <ele>5.0</ele>
        <time>2026-04-19T00:16:26Z</time>
        <extensions><gpxtpx:TrackPointExtension>
          <gpxtpx:hr>164</gpxtpx:hr>
        </gpxtpx:TrackPointExtension></extensions>
      </trkpt>
      <trkpt lat="31.392645" lon="120.078931">
        <ele>5.0</ele>
        <time>2026-04-19T00:16:27Z</time>
        <extensions><gpxtpx:TrackPointExtension>
          <gpxtpx:hr>163</gpxtpx:hr>
        </gpxtpx:TrackPointExtension></extensions>
      </trkpt>
      <trkpt lat="31.392612" lon="120.078907">
        <ele>5.0</ele>
        <time>2026-04-19T00:16:28Z</time>
        <extensions><gpxtpx:TrackPointExtension>
          <gpxtpx:hr>162</gpxtpx:hr>
        </gpxtpx:TrackPointExtension></extensions>
      </trkpt>
      <trkpt lat="31.392579" lon="120.078882">
        <ele>5.0</ele>
        <time>2026-04-19T00:16:29Z</time>
        <extensions><gpxtpx:TrackPointExtension>
          <gpxtpx:hr>162</gpxtpx:hr>
        </gpxtpx:TrackPointExtension></extensions>
      </trkpt>
      <trkpt lat="31.392546" lon="120.078859">
        <ele>5.0</ele>
        <time>2026-04-19T00:16:30Z</time>
        <extensions><gpxtpx:TrackPointExtension>
          <gpxtpx:hr>162</gpxtpx:hr>
        </gpxtpx:TrackPointExtension></extensions>
      </trkpt>
      <trkpt lat="31.392514" lon="120.078835">
        <ele>6.0</ele>
        <time>2026-04-19T00:16:31Z</time>
        <extensions><gpxtpx:TrackPointExtension>
          <gpxtpx:hr>161</gpxtpx:hr>
        </gpxtpx:TrackPointExtension></extensions>
      </trkpt>
      <trkpt lat="31.392481" lon="120.078811">
        <ele>6.0</ele>
        <time>2026-04-19T00:16:32Z</time>
        <extensions><gpxtpx:TrackPointExtension>
          <gpxtpx:hr>161</gpxtpx:hr>
        </gpxtpx:TrackPointExtension></extensions>
      </trkpt>
      <trkpt lat="31.392449" lon="120.078788">
        <ele>6.0</ele>
        <time>2026-04-19T00:16:33Z</time>
        <extensions><gpxtpx:TrackPointExtension>
          <gpxtpx:hr>161</gpxtpx:hr>
        </gpxtpx:TrackPointExtension></extensions>
      </trkpt>
      <trkpt lat="31.392417" lon="120.078765">
        <ele>6.0</ele>
        <time>2026-04-19T00:16:34Z</time>
        <extensions><gpxtpx:TrackPointExtension>
          <gpxtpx:hr>161</gpxtpx:hr>
        </gpxtpx:TrackPointExtension></extensions>
      </trkpt>
      <trkpt lat="31.392385" lon="120.078743">
        <ele>6.0</ele>
        <time>2026-04-19T00:16:35Z</time>
        <extensions><gpxtpx:TrackPointExtension>
          <gpxtpx:hr>161</gpxtpx:hr>
        </gpxtpx:TrackPointExtension></extensions>
      </trkpt>
      <trkpt lat="31.392352" lon="120.07872">
        <ele>6.0</ele>
        <time>2026-04-19T00:16:36Z</time>
        <extensions><gpxtpx:TrackPointExtension>
          <gpxtpx:hr>161</gpxtpx:hr>
        </gpxtpx:TrackPointExtension></extensions>
      </trkpt>
      <trkpt lat="31.39232" lon="120.078697">
        <ele>6.0</ele>
        <time>2026-04-19T00:16:37Z</time>
        <extensions><gpxtpx:TrackPointExtension>
          <gpxtpx:hr>160</gpxtpx:hr>
        </gpxtpx:TrackPointExtension></extensions>
      </trkpt>
      <trkpt lat="31.392288" lon="120.078674">
        <ele>6.0</ele>
        <time>2026-04-19T00:16:38Z</time>
        <extensions><gpxtpx:TrackPointExtension>
          <gpxtpx:hr>160</gpxtpx:hr>
        </gpxtpx:TrackPointExtension></extensions>
      </trkpt>
      <trkpt lat="31.392256" lon="120.07865">
        <ele>6.0</ele>
        <time>2026-04-19T00:16:39Z</time>
        <extensions><gpxtpx:TrackPointExtension>
          <gpxtpx:hr>160</gpxtpx:hr>
        </gpxtpx:TrackPointExtension></extensions>
      </trkpt>
      <trkpt lat="31.392224" lon="120.078626">
        <ele>6.0</ele>
        <time>2026-04-19T00:16:40Z</time>
        <extensions><gpxtpx:TrackPointExtension>
          <gpxtpx:hr>161</gpxtpx:hr>
        </gpxtpx:TrackPointExtension></extensions>
      </trkpt>
      <trkpt lat="31.392191" lon="120.078602">
        <ele>6.0</ele>
        <time>2026-04-19T00:16:41Z</time>
        <extensions><gpxtpx:TrackPointExtension>
          <gpxtpx:hr>161</gpxtpx:hr>
        </gpxtpx:TrackPointExtension></extensions>
      </trkpt>
      <trkpt lat="31.392159" lon="120.078577">
        <ele>6.0</ele>
        <time>2026-04-19T00:16:42Z</time>
        <extensions><gpxtpx:TrackPointExtension>
          <gpxtpx:hr>161</gpxtpx:hr>
        </gpxtpx:TrackPointExtension></extensions>
      </trkpt>
      <trkpt lat="31.392126" lon="120.078553">
        <ele>6.0</ele>
        <time>2026-04-19T00:16:43Z</time>
        <extensions><gpxtpx:TrackPointExtension>
          <gpxtpx:hr>161</gpxtpx:hr>
        </gpxtpx:TrackPointExtension></extensions>
      </trkpt>
      <trkpt lat="31.392094" lon="120.078529">
        <ele>6.0</ele>
        <time>2026-04-19T00:16:44Z</time>
        <extensions><gpxtpx:TrackPointExtension>
          <gpxtpx:hr>162</gpxtpx:hr>
        </gpxtpx:TrackPointExtension></extensions>
      </trkpt>
      <trkpt lat="31.392062" lon="120.078505">
        <ele>6.0</ele>
        <time>2026-04-19T00:16:45Z</time>
        <extensions><gpxtpx:TrackPointExtension>
          <gpxtpx:hr>162</gpxtpx:hr>
        </gpxtpx:TrackPointExtension></extensions>
      </trkpt>
      <trkpt lat="31.392031" lon="120.078481">
        <ele>6.0</ele>
        <time>2026-04-19T00:16:46Z</time>
        <extensions><gpxtpx:TrackPointExtension>
          <gpxtpx:hr>162</gpxtpx:hr>
        </gpxtpx:TrackPointExtension></extensions>
      </trkpt>
      <trkpt lat="31.391999" lon="120.078457">
        <ele>6.0</ele>
        <time>2026-04-19T00:16:47Z</time>
        <extensions><gpxtpx:TrackPointExtension>
          <gpxtpx:hr>163</gpxtpx:hr>
        </gpxtpx:TrackPointExtension></extensions>
      </trkpt>
      <trkpt lat="31.391968" lon="120.078435">
        <ele>6.0</ele>
        <time>2026-04-19T00:16:48Z</time>
        <extensions><gpxtpx:TrackPointExtension>
          <gpxtpx:hr>162</gpxtpx:hr>
        </gpxtpx:TrackPointExtension></extensions>
      </trkpt>
      <trkpt lat="31.391938" lon="120.078413">
        <ele>6.0</ele>
        <time>2026-04-19T00:16:49Z</time>
        <extensions><gpxtpx:TrackPointExtension>
          <gpxtpx:hr>162</gpxtpx:hr>
        </gpxtpx:TrackPointExtension></extensions>
      </trkpt>
      <trkpt lat="31.391907" lon="120.078391">
        <ele>6.0</ele>
        <time>2026-04-19T00:16:50Z</time>
        <extensions><gpxtpx:TrackPointExtension>
          <gpxtpx:hr>162</gpxtpx:hr>
        </gpxtpx:TrackPointExtension></extensions>
      </trkpt>
      <trkpt lat="31.391877" lon="120.078369">
        <ele>6.0</ele>
        <time>2026-04-19T00:16:51Z</time>
        <extensions><gpxtpx:TrackPointExtension>
          <gpxtpx:hr>163</gpxtpx:hr>
        </gpxtpx:TrackPointExtension></extensions>
      </trkpt>
      <trkpt lat="31.391846" lon="120.078346">
        <ele>6.0</ele>
        <time>2026-04-19T00:16:52Z</time>
        <extensions><gpxtpx:TrackPointExtension>
          <gpxtpx:hr>163</gpxtpx:hr>
        </gpxtpx:TrackPointExtension></extensions>
      </trkpt>
      <trkpt lat="31.391815" lon="120.078323">
        <ele>6.0</ele>
        <time>2026-04-19T00:16:53Z</time>
        <extensions><gpxtpx:TrackPointExtension>
          <gpxtpx:hr>163</gpxtpx:hr>
        </gpxtpx:TrackPointExtension></extensions>
      </trkpt>
      <trkpt lat="31.391784" lon="120.0783">
        <ele>6.0</ele>
        <time>2026-04-19T00:16:54Z</time>
        <extensions><gpxtpx:TrackPointExtension>
          <gpxtpx:hr>163</gpxtpx:hr>
        </gpxtpx:TrackPointExtension></extensions>
      </trkpt>
      <trkpt lat="31.391752" lon="120.078276">
        <ele>6.0</ele>
        <time>2026-04-19T00:16:55Z</time>
        <extensions><gpxtpx:TrackPointExtension>
          <gpxtpx:hr>164</gpxtpx:hr>
        </gpxtpx:TrackPointExtension></extensions>
      </trkpt>
      <trkpt lat="31.391721" lon="120.078252">
        <ele>6.0</ele>
        <time>2026-04-19T00:16:56Z</time>
        <extensions><gpxtpx:TrackPointExtension>
          <gpxtpx:hr>164</gpxtpx:hr>
        </gpxtpx:TrackPointExtension></extensions>
      </trkpt>
      <trkpt lat="31.391689" lon="120.078228">
        <ele>6.0</ele>
        <time>2026-04-19T00:16:57Z</time>
        <extensions><gpxtpx:TrackPointExtension>
          <gpxtpx:hr>164</gpxtpx:hr>
        </gpxtpx:TrackPointExtension></extensions>
      </trkpt>
      <trkpt lat="31.391657" lon="120.078205">
        <ele>6.0</ele>
        <time>2026-04-19T00:16:58Z</time>
        <extensions><gpxtpx:TrackPointExtension>
          <gpxtpx:hr>165</gpxtpx:hr>
        </gpxtpx:TrackPointExtension></extensions>
      </trkpt>
      <trkpt lat="31.391625" lon="120.078181">
        <ele>6.0</ele>
        <time>2026-04-19T00:16:59Z</time>
        <extensions><gpxtpx:TrackPointExtension>
          <gpxtpx:hr>165</gpxtpx:hr>
        </gpxtpx:TrackPointExtension></extensions>
      </trkpt>
      <trkpt lat="31.391592" lon="120.078158">
        <ele>6.0</ele>
        <time>2026-04-19T00:17:00Z</time>
        <extensions><gpxtpx:TrackPointExtension>
          <gpxtpx:hr>166</gpxtpx:hr>
        </gpxtpx:TrackPointExtension></extensions>
      </trkpt>
      <trkpt lat="31.391559" lon="120.078135">
        <ele>6.0</ele>
        <time>2026-04-19T00:17:01Z</time>
        <extensions><gpxtpx:TrackPointExtension>
          <gpxtpx:hr>166</gpxtpx:hr>
        </gpxtpx:TrackPointExtension></extensions>
      </trkpt>
      <trkpt lat="31.391525" lon="120.078112">
        <ele>6.0</ele>
        <time>2026-04-19T00:17:02Z</time>
        <extensions><gpxtpx:TrackPointExtension>
          <gpxtpx:hr>166</gpxtpx:hr>
        </gpxtpx:TrackPointExtension></extensions>
      </trkpt>
      <trkpt lat="31.391492" lon="120.078089">
        <ele>6.0</ele>
        <time>2026-04-19T00:17:03Z</time>
        <extensions><gpxtpx:TrackPointExtension>
          <gpxtpx:hr>166</gpxtpx:hr>
        </gpxtpx:TrackPointExtension></extensions>
      </trkpt>
      <trkpt lat="31.391459" lon="120.078065">
        <ele>6.0</ele>
        <time>2026-04-19T00:17:04Z</time>
        <extensions><gpxtpx:TrackPointExtension>
          <gpxtpx:hr>166</gpxtpx:hr>
        </gpxtpx:TrackPointExtension></extensions>
      </trkpt>
      <trkpt lat="31.391425" lon="120.078041">
        <ele>6.0</ele>
        <time>2026-04-19T00:17:05Z</time>
        <extensions><gpxtpx:TrackPointExtension>
          <gpxtpx:hr>166</gpxtpx:hr>
        </gpxtpx:TrackPointExtension></extensions>
      </trkpt>
      <trkpt lat="31.391393" lon="120.078016">
        <ele>6.0</ele>
        <time>2026-04-19T00:17:06Z</time>
        <extensions><gpxtpx:TrackPointExtension>
          <gpxtpx:hr>165</gpxtpx:hr>
        </gpxtpx:TrackPointExtension></extensions>
      </trkpt>
      <trkpt lat="31.39136" lon="120.077991">
        <ele>6.0</ele>
        <time>2026-04-19T00:17:07Z</time>
        <extensions><gpxtpx:TrackPointExtension>
          <gpxtpx:hr>165</gpxtpx:hr>
        </gpxtpx:TrackPointExtension></extensions>
      </trkpt>
      <trkpt lat="31.391326" lon="120.077966">
        <ele>6.0</ele>
        <time>2026-04-19T00:17:08Z</time>
        <extensions><gpxtpx:TrackPointExtension>
          <gpxtpx:hr>165</gpxtpx:hr>
        </gpxtpx:TrackPointExtension></extensions>
      </trkpt>
      <trkpt lat="31.391293" lon="120.077941">
        <ele>6.0</ele>
        <time>2026-04-19T00:17:09Z</time>
        <extensions><gpxtpx:TrackPointExtension>
          <gpxtpx:hr>164</gpxtpx:hr>
        </gpxtpx:TrackPointExtension></extensions>
      </trkpt>
      <trkpt lat="31.39126" lon="120.077915">
        <ele>6.0</ele>
        <time>2026-04-19T00:17:10Z</time>
        <extensions><gpxtpx:TrackPointExtension>
          <gpxtpx:hr>164</gpxtpx:hr>
        </gpxtpx:TrackPointExtension></extensions>
      </trkpt>
      <trkpt lat="31.391226" lon="120.07789">
        <ele>6.0</ele>
        <time>2026-04-19T00:17:11Z</time>
        <extensions><gpxtpx:TrackPointExtension>
          <gpxtpx:hr>163</gpxtpx:hr>
        </gpxtpx:TrackPointExtension></extensions>
      </trkpt>
      <trkpt lat="31.391194" lon="120.077864">
        <ele>6.0</ele>
        <time>2026-04-19T00:17:12Z</time>
        <extensions><gpxtpx:TrackPointExtension>
          <gpxtpx:hr>163</gpxtpx:hr>
        </gpxtpx:TrackPointExtension></extensions>
      </trkpt>
      <trkpt lat="31.391162" lon="120.077839">
        <ele>6.0</ele>
        <time>2026-04-19T00:17:13Z</time>
        <extensions><gpxtpx:TrackPointExtension>
          <gpxtpx:hr>163</gpxtpx:hr>
        </gpxtpx:TrackPointExtension></extensions>
      </trkpt>
      <trkpt lat="31.39113" lon="120.077815">
        <ele>6.0</ele>
        <time>2026-04-19T00:17:14Z</time>
        <extensions><gpxtpx:TrackPointExtension>
          <gpxtpx:hr>163</gpxtpx:hr>
        </gpxtpx:TrackPointExtension></extensions>
      </trkpt>
      <trkpt lat="31.391098" lon="120.07779">
        <ele>6.0</ele>
        <time>2026-04-19T00:17:15Z</time>
        <extensions><gpxtpx:TrackPointExtension>
          <gpxtpx:hr>163</gpxtpx:hr>
        </gpxtpx:TrackPointExtension></extensions>
      </trkpt>
      <trkpt lat="31.391066" lon="120.077767">
        <ele>6.0</ele>
        <time>2026-04-19T00:17:16Z</time>
        <extensions><gpxtpx:TrackPointExtension>
          <gpxtpx:hr>162</gpxtpx:hr>
        </gpxtpx:TrackPointExtension></extensions>
      </trkpt>
      <trkpt lat="31.391033" lon="120.077743">
        <ele>6.0</ele>
        <time>2026-04-19T00:17:17Z</time>
        <extensions><gpxtpx:TrackPointExtension>
          <gpxtpx:hr>162</gpxtpx:hr>
        </gpxtpx:TrackPointExtension></extensions>
      </trkpt>
      <trkpt lat="31.391001" lon="120.07772">
        <ele>6.0</ele>
        <time>2026-04-19T00:17:18Z</time>
        <extensions><gpxtpx:TrackPointExtension>
          <gpxtpx:hr>162</gpxtpx:hr>
        </gpxtpx:TrackPointExtension></extensions>
      </trkpt>
      <trkpt lat="31.390969" lon="120.077696">
        <ele>6.0</ele>
        <time>2026-04-19T00:17:19Z</time>
        <extensions><gpxtpx:TrackPointExtension>
          <gpxtpx:hr>161</gpxtpx:hr>
        </gpxtpx:TrackPointExtension></extensions>
      </trkpt>
      <trkpt lat="31.390937" lon="120.077673">
        <ele>6.0</ele>
        <time>2026-04-19T00:17:20Z</time>
        <extensions><gpxtpx:TrackPointExtension>
          <gpxtpx:hr>161</gpxtpx:hr>
        </gpxtpx:TrackPointExtension></extensions>
      </trkpt>
      <trkpt lat="31.390905" lon="120.07765">
        <ele>6.0</ele>
        <time>2026-04-19T00:17:21Z</time>
        <extensions><gpxtpx:TrackPointExtension>
          <gpxtpx:hr>161</gpxtpx:hr>
        </gpxtpx:TrackPointExtension></extensions>
      </trkpt>
      <trkpt lat="31.390872" lon="120.077626">
        <ele>6.0</ele>
        <time>2026-04-19T00:17:22Z</time>
        <extensions><gpxtpx:TrackPointExtension>
          <gpxtpx:hr>161</gpxtpx:hr>
        </gpxtpx:TrackPointExtension></extensions>
      </trkpt>
      <trkpt lat="31.39084" lon="120.077602">
        <ele>6.0</ele>
        <time>2026-04-19T00:17:23Z</time>
        <extensions><gpxtpx:TrackPointExtension>
          <gpxtpx:hr>161</gpxtpx:hr>
        </gpxtpx:TrackPointExtension></extensions>
      </trkpt>
      <trkpt lat="31.390807" lon="120.077579">
        <ele>6.0</ele>
        <time>2026-04-19T00:17:24Z</time>
        <extensions><gpxtpx:TrackPointExtension>
          <gpxtpx:hr>161</gpxtpx:hr>
        </gpxtpx:TrackPointExtension></extensions>
      </trkpt>
      <trkpt lat="31.390774" lon="120.077555">
        <ele>6.0</ele>
        <time>2026-04-19T00:17:25Z</time>
        <extensions><gpxtpx:TrackPointExtension>
          <gpxtpx:hr>161</gpxtpx:hr>
        </gpxtpx:TrackPointExtension></extensions>
      </trkpt>
      <trkpt lat="31.390742" lon="120.077532">
        <ele>6.0</ele>
        <time>2026-04-19T00:17:26Z</time>
        <extensions><gpxtpx:TrackPointExtension>
          <gpxtpx:hr>161</gpxtpx:hr>
        </gpxtpx:TrackPointExtension></extensions>
      </trkpt>
      <trkpt lat="31.39071" lon="120.077508">
        <ele>6.0</ele>
        <time>2026-04-19T00:17:27Z</time>
        <extensions><gpxtpx:TrackPointExtension>
          <gpxtpx:hr>161</gpxtpx:hr>
        </gpxtpx:TrackPointExtension></extensions>
      </trkpt>
      <trkpt lat="31.390677" lon="120.077485">
        <ele>6.0</ele>
        <time>2026-04-19T00:17:28Z</time>
        <extensions><gpxtpx:TrackPointExtension>
          <gpxtpx:hr>161</gpxtpx:hr>
        </gpxtpx:TrackPointExtension></extensions>
      </trkpt>
      <trkpt lat="31.390645" lon="120.077461">
        <ele>6.0</ele>
        <time>2026-04-19T00:17:29Z</time>
        <extensions><gpxtpx:TrackPointExtension>
          <gpxtpx:hr>162</gpxtpx:hr>
        </gpxtpx:TrackPointExtension></extensions>
      </trkpt>
      <trkpt lat="31.390612" lon="120.077438">
        <ele>6.0</ele>
        <time>2026-04-19T00:17:30Z</time>
        <extensions><gpxtpx:TrackPointExtension>
          <gpxtpx:hr>162</gpxtpx:hr>
        </gpxtpx:TrackPointExtension></extensions>
      </trkpt>
      <trkpt lat="31.390579" lon="120.077415">
        <ele>6.0</ele>
        <time>2026-04-19T00:17:31Z</time>
        <extensions><gpxtpx:TrackPointExtension>
          <gpxtpx:hr>162</gpxtpx:hr>
        </gpxtpx:TrackPointExtension></extensions>
      </trkpt>
      <trkpt lat="31.390547" lon="120.077392">
        <ele>6.0</ele>
        <time>2026-04-19T00:17:32Z</time>
        <extensions><gpxtpx:TrackPointExtension>
          <gpxtpx:hr>162</gpxtpx:hr>
        </gpxtpx:TrackPointExtension></extensions>
      </trkpt>
      <trkpt lat="31.390514" lon="120.077369">
        <ele>6.0</ele>
        <time>2026-04-19T00:17:33Z</time>
        <extensions><gpxtpx:TrackPointExtension>
          <gpxtpx:hr>163</gpxtpx:hr>
        </gpxtpx:TrackPointExtension></extensions>
      </trkpt>
      <trkpt lat="31.390482" lon="120.077347">
        <ele>6.0</ele>
        <time>2026-04-19T00:17:34Z</time>
        <extensions><gpxtpx:TrackPointExtension>
          <gpxtpx:hr>163</gpxtpx:hr>
        </gpxtpx:TrackPointExtension></extensions>
      </trkpt>
      <trkpt lat="31.390449" lon="120.077324">
        <ele>6.0</ele>
        <time>2026-04-19T00:17:35Z</time>
        <extensions><gpxtpx:TrackPointExtension>
          <gpxtpx:hr>163</gpxtpx:hr>
        </gpxtpx:TrackPointExtension></extensions>
      </trkpt>
      <trkpt lat="31.390416" lon="120.077301">
        <ele>6.0</ele>
        <time>2026-04-19T00:17:36Z</time>
        <extensions><gpxtpx:TrackPointExtension>
          <gpxtpx:hr>163</gpxtpx:hr>
        </gpxtpx:TrackPointExtension></extensions>
      </trkpt>
      <trkpt lat="31.390383" lon="120.077277">
        <ele>6.0</ele>
        <time>2026-04-19T00:17:37Z</time>
        <extensions><gpxtpx:TrackPointExtension>
          <gpxtpx:hr>163</gpxtpx:hr>
        </gpxtpx:TrackPointExtension></extensions>
      </trkpt>
      <trkpt lat="31.39035" lon="120.077253">
        <ele>6.0</ele>
        <time>2026-04-19T00:17:38Z</time>
        <extensions><gpxtpx:TrackPointExtension>
          <gpxtpx:hr>163</gpxtpx:hr>
        </gpxtpx:TrackPointExtension></extensions>
      </trkpt>
      <trkpt lat="31.390316" lon="120.07723">
        <ele>6.0</ele>
        <time>2026-04-19T00:17:39Z</time>
        <extensions><gpxtpx:TrackPointExtension>
          <gpxtpx:hr>162</gpxtpx:hr>
        </gpxtpx:TrackPointExtension></extensions>
      </trkpt>
      <trkpt lat="31.390283" lon="120.077206">
        <ele>6.0</ele>
        <time>2026-04-19T00:17:40Z</time>
        <extensions><gpxtpx:TrackPointExtension>
          <gpxtpx:hr>162</gpxtpx:hr>
        </gpxtpx:TrackPointExtension></extensions>
      </trkpt>
      <trkpt lat="31.39025" lon="120.077182">
        <ele>7.0</ele>
        <time>2026-04-19T00:17:41Z</time>
        <extensions><gpxtpx:TrackPointExtension>
          <gpxtpx:hr>162</gpxtpx:hr>
        </gpxtpx:TrackPointExtension></extensions>
      </trkpt>
      <trkpt lat="31.390218" lon="120.077156">
        <ele>7.0</ele>
        <time>2026-04-19T00:17:42Z</time>
        <extensions><gpxtpx:TrackPointExtension>
          <gpxtpx:hr>162</gpxtpx:hr>
        </gpxtpx:TrackPointExtension></extensions>
      </trkpt>
      <trkpt lat="31.390186" lon="120.077131">
        <ele>7.0</ele>
        <time>2026-04-19T00:17:43Z</time>
        <extensions><gpxtpx:TrackPointExtension>
          <gpxtpx:hr>161</gpxtpx:hr>
        </gpxtpx:TrackPointExtension></extensions>
      </trkpt>
      <trkpt lat="31.390154" lon="120.077106">
        <ele>7.0</ele>
        <time>2026-04-19T00:17:44Z</time>
        <extensions><gpxtpx:TrackPointExtension>
          <gpxtpx:hr>161</gpxtpx:hr>
        </gpxtpx:TrackPointExtension></extensions>
      </trkpt>
      <trkpt lat="31.390122" lon="120.077081">
        <ele>7.0</ele>
        <time>2026-04-19T00:17:45Z</time>
        <extensions><gpxtpx:TrackPointExtension>
          <gpxtpx:hr>160</gpxtpx:hr>
        </gpxtpx:TrackPointExtension></extensions>
      </trkpt>
      <trkpt lat="31.390088" lon="120.077058">
        <ele>7.0</ele>
        <time>2026-04-19T00:17:46Z</time>
        <extensions><gpxtpx:TrackPointExtension>
          <gpxtpx:hr>159</gpxtpx:hr>
        </gpxtpx:TrackPointExtension></extensions>
      </trkpt>
      <trkpt lat="31.390055" lon="120.077035">
        <ele>7.0</ele>
        <time>2026-04-19T00:17:47Z</time>
        <extensions><gpxtpx:TrackPointExtension>
          <gpxtpx:hr>158</gpxtpx:hr>
        </gpxtpx:TrackPointExtension></extensions>
      </trkpt>
      <trkpt lat="31.390022" lon="120.077012">
        <ele>7.0</ele>
        <time>2026-04-19T00:17:48Z</time>
        <extensions><gpxtpx:TrackPointExtension>
          <gpxtpx:hr>158</gpxtpx:hr>
        </gpxtpx:TrackPointExtension></extensions>
      </trkpt>
      <trkpt lat="31.38999" lon="120.076989">
        <ele>7.0</ele>
        <time>2026-04-19T00:17:49Z</time>
        <extensions><gpxtpx:TrackPointExtension>
          <gpxtpx:hr>157</gpxtpx:hr>
        </gpxtpx:TrackPointExtension></extensions>
      </trkpt>
      <trkpt lat="31.389958" lon="120.076964">
        <ele>7.0</ele>
        <time>2026-04-19T00:17:50Z</time>
        <extensions><gpxtpx:TrackPointExtension>
          <gpxtpx:hr>157</gpxtpx:hr>
        </gpxtpx:TrackPointExtension></extensions>
      </trkpt>
      <trkpt lat="31.389926" lon="120.07694">
        <ele>7.0</ele>
        <time>2026-04-19T00:17:51Z</time>
        <extensions><gpxtpx:TrackPointExtension>
          <gpxtpx:hr>157</gpxtpx:hr>
        </gpxtpx:TrackPointExtension></extensions>
      </trkpt>
      <trkpt lat="31.389895" lon="120.076915">
        <ele>7.0</ele>
        <time>2026-04-19T00:17:52Z</time>
        <extensions><gpxtpx:TrackPointExtension>
          <gpxtpx:hr>157</gpxtpx:hr>
        </gpxtpx:TrackPointExtension></extensions>
      </trkpt>
      <trkpt lat="31.389863" lon="120.07689">
        <ele>7.0</ele>
        <time>2026-04-19T00:17:53Z</time>
        <extensions><gpxtpx:TrackPointExtension>
          <gpxtpx:hr>157</gpxtpx:hr>
        </gpxtpx:TrackPointExtension></extensions>
      </trkpt>
      <trkpt lat="31.389831" lon="120.076865">
        <ele>7.0</ele>
        <time>2026-04-19T00:17:54Z</time>
        <extensions><gpxtpx:TrackPointExtension>
          <gpxtpx:hr>157</gpxtpx:hr>
        </gpxtpx:TrackPointExtension></extensions>
      </trkpt>
      <trkpt lat="31.389799" lon="120.07684">
        <ele>7.0</ele>
        <time>2026-04-19T00:17:55Z</time>
        <extensions><gpxtpx:TrackPointExtension>
          <gpxtpx:hr>157</gpxtpx:hr>
        </gpxtpx:TrackPointExtension></extensions>
      </trkpt>
      <trkpt lat="31.389767" lon="120.076817">
        <ele>7.0</ele>
        <time>2026-04-19T00:17:56Z</time>
        <extensions><gpxtpx:TrackPointExtension>
          <gpxtpx:hr>158</gpxtpx:hr>
        </gpxtpx:TrackPointExtension></extensions>
      </trkpt>
      <trkpt lat="31.389734" lon="120.076793">
        <ele>7.0</ele>
        <time>2026-04-19T00:17:57Z</time>
        <extensions><gpxtpx:TrackPointExtension>
          <gpxtpx:hr>158</gpxtpx:hr>
        </gpxtpx:TrackPointExtension></extensions>
      </trkpt>
      <trkpt lat="31.389702" lon="120.076768">
        <ele>7.0</ele>
        <time>2026-04-19T00:17:58Z</time>
        <extensions><gpxtpx:TrackPointExtension>
          <gpxtpx:hr>158</gpxtpx:hr>
        </gpxtpx:TrackPointExtension></extensions>
      </trkpt>
      <trkpt lat="31.389669" lon="120.076744">
        <ele>7.0</ele>
        <time>2026-04-19T00:17:59Z</time>
        <extensions><gpxtpx:TrackPointExtension>
          <gpxtpx:hr>158</gpxtpx:hr>
        </gpxtpx:TrackPointExtension></extensions>
      </trkpt>
      <trkpt lat="31.389636" lon="120.076718">
        <ele>7.0</ele>
        <time>2026-04-19T00:18:00Z</time>
        <extensions><gpxtpx:TrackPointExtension>
          <gpxtpx:hr>158</gpxtpx:hr>
        </gpxtpx:TrackPointExtension></extensions>
      </trkpt>
      <trkpt lat="31.389603" lon="120.076693">
        <ele>7.0</ele>
        <time>2026-04-19T00:18:01Z</time>
        <extensions><gpxtpx:TrackPointExtension>
          <gpxtpx:hr>158</gpxtpx:hr>
        </gpxtpx:TrackPointExtension></extensions>
      </trkpt>
      <trkpt lat="31.38957" lon="120.076667">
        <ele>7.0</ele>
        <time>2026-04-19T00:18:02Z</time>
        <extensions><gpxtpx:TrackPointExtension>
          <gpxtpx:hr>158</gpxtpx:hr>
        </gpxtpx:TrackPointExtension></extensions>
      </trkpt>
      <trkpt lat="31.389537" lon="120.076641">
        <ele>7.0</ele>
        <time>2026-04-19T00:18:03Z</time>
        <extensions><gpxtpx:TrackPointExtension>
          <gpxtpx:hr>159</gpxtpx:hr>
        </gpxtpx:TrackPointExtension></extensions>
      </trkpt>
      <trkpt lat="31.389504" lon="120.076616">
        <ele>7.0</ele>
        <time>2026-04-19T00:18:04Z</time>
        <extensions><gpxtpx:TrackPointExtension>
          <gpxtpx:hr>159</gpxtpx:hr>
        </gpxtpx:TrackPointExtension></extensions>
      </trkpt>
      <trkpt lat="31.389471" lon="120.076591">
        <ele>7.0</ele>
        <time>2026-04-19T00:18:05Z</time>
        <extensions><gpxtpx:TrackPointExtension>
          <gpxtpx:hr>159</gpxtpx:hr>
        </gpxtpx:TrackPointExtension></extensions>
      </trkpt>
      <trkpt lat="31.389439" lon="120.076566">
        <ele>7.0</ele>
        <time>2026-04-19T00:18:06Z</time>
        <extensions><gpxtpx:TrackPointExtension>
          <gpxtpx:hr>159</gpxtpx:hr>
        </gpxtpx:TrackPointExtension></extensions>
      </trkpt>
      <trkpt lat="31.389406" lon="120.076542">
        <ele>7.0</ele>
        <time>2026-04-19T00:18:07Z</time>
        <extensions><gpxtpx:TrackPointExtension>
          <gpxtpx:hr>159</gpxtpx:hr>
        </gpxtpx:TrackPointExtension></extensions>
      </trkpt>
      <trkpt lat="31.389374" lon="120.076518">
        <ele>7.0</ele>
        <time>2026-04-19T00:18:08Z</time>
        <extensions><gpxtpx:TrackPointExtension>
          <gpxtpx:hr>159</gpxtpx:hr>
        </gpxtpx:TrackPointExtension></extensions>
      </trkpt>
      <trkpt lat="31.389342" lon="120.076494">
        <ele>7.0</ele>
        <time>2026-04-19T00:18:09Z</time>
        <extensions><gpxtpx:TrackPointExtension>
          <gpxtpx:hr>159</gpxtpx:hr>
        </gpxtpx:TrackPointExtension></extensions>
      </trkpt>
      <trkpt lat="31.389309" lon="120.076471">
        <ele>7.0</ele>
        <time>2026-04-19T00:18:10Z</time>
        <extensions><gpxtpx:TrackPointExtension>
          <gpxtpx:hr>160</gpxtpx:hr>
        </gpxtpx:TrackPointExtension></extensions>
      </trkpt>
      <trkpt lat="31.389277" lon="120.076447">
        <ele>7.0</ele>
        <time>2026-04-19T00:18:11Z</time>
        <extensions><gpxtpx:TrackPointExtension>
          <gpxtpx:hr>160</gpxtpx:hr>
        </gpxtpx:TrackPointExtension></extensions>
      </trkpt>
      <trkpt lat="31.389244" lon="120.076423">
        <ele>7.0</ele>
        <time>2026-04-19T00:18:12Z</time>
        <extensions><gpxtpx:TrackPointExtension>
          <gpxtpx:hr>160</gpxtpx:hr>
        </gpxtpx:TrackPointExtension></extensions>
      </trkpt>
      <trkpt lat="31.389211" lon="120.0764">
        <ele>7.0</ele>
        <time>2026-04-19T00:18:13Z</time>
        <extensions><gpxtpx:TrackPointExtension>
          <gpxtpx:hr>160</gpxtpx:hr>
        </gpxtpx:TrackPointExtension></extensions>
      </trkpt>
      <trkpt lat="31.389178" lon="120.076376">
        <ele>7.0</ele>
        <time>2026-04-19T00:18:14Z</time>
        <extensions><gpxtpx:TrackPointExtension>
          <gpxtpx:hr>160</gpxtpx:hr>
        </gpxtpx:TrackPointExtension></extensions>
      </trkpt>
      <trkpt lat="31.389145" lon="120.076352">
        <ele>7.0</ele>
        <time>2026-04-19T00:18:15Z</time>
        <extensions><gpxtpx:TrackPointExtension>
          <gpxtpx:hr>159</gpxtpx:hr>
        </gpxtpx:TrackPointExtension></extensions>
      </trkpt>
      <trkpt lat="31.389112" lon="120.076328">
        <ele>7.0</ele>
        <time>2026-04-19T00:18:16Z</time>
        <extensions><gpxtpx:TrackPointExtension>
          <gpxtpx:hr>160</gpxtpx:hr>
        </gpxtpx:TrackPointExtension></extensions>
      </trkpt>
      <trkpt lat="31.389079" lon="120.076304">
        <ele>7.0</ele>
        <time>2026-04-19T00:18:17Z</time>
        <extensions><gpxtpx:TrackPointExtension>
          <gpxtpx:hr>160</gpxtpx:hr>
        </gpxtpx:TrackPointExtension></extensions>
      </trkpt>
      <trkpt lat="31.389046" lon="120.076281">
        <ele>7.0</ele>
        <time>2026-04-19T00:18:18Z</time>
        <extensions><gpxtpx:TrackPointExtension>
          <gpxtpx:hr>160</gpxtpx:hr>
        </gpxtpx:TrackPointExtension></extensions>
      </trkpt>
      <trkpt lat="31.389013" lon="120.076258">
        <ele>7.0</ele>
        <time>2026-04-19T00:18:19Z</time>
        <extensions><gpxtpx:TrackPointExtension>
          <gpxtpx:hr>160</gpxtpx:hr>
        </gpxtpx:TrackPointExtension></extensions>
      </trkpt>
      <trkpt lat="31.388981" lon="120.076234">
        <ele>7.0</ele>
        <time>2026-04-19T00:18:20Z</time>
        <extensions><gpxtpx:TrackPointExtension>
          <gpxtpx:hr>160</gpxtpx:hr>
        </gpxtpx:TrackPointExtension></extensions>
      </trkpt>
      <trkpt lat="31.388949" lon="120.07621">
        <ele>7.0</ele>
        <time>2026-04-19T00:18:21Z</time>
        <extensions><gpxtpx:TrackPointExtension>
          <gpxtpx:hr>160</gpxtpx:hr>
        </gpxtpx:TrackPointExtension></extensions>
      </trkpt>
      <trkpt lat="31.388915" lon="120.076187">
        <ele>7.0</ele>
        <time>2026-04-19T00:18:22Z</time>
        <extensions><gpxtpx:TrackPointExtension>
          <gpxtpx:hr>160</gpxtpx:hr>
        </gpxtpx:TrackPointExtension></extensions>
      </trkpt>
      <trkpt lat="31.388882" lon="120.076164">
        <ele>7.0</ele>
        <time>2026-04-19T00:18:23Z</time>
        <extensions><gpxtpx:TrackPointExtension>
          <gpxtpx:hr>160</gpxtpx:hr>
        </gpxtpx:TrackPointExtension></extensions>
      </trkpt>
      <trkpt lat="31.388848" lon="120.076143">
        <ele>7.0</ele>
        <time>2026-04-19T00:18:24Z</time>
        <extensions><gpxtpx:TrackPointExtension>
          <gpxtpx:hr>160</gpxtpx:hr>
        </gpxtpx:TrackPointExtension></extensions>
      </trkpt>
      <trkpt lat="31.388814" lon="120.076122">
        <ele>7.0</ele>
        <time>2026-04-19T00:18:25Z</time>
        <extensions><gpxtpx:TrackPointExtension>
          <gpxtpx:hr>160</gpxtpx:hr>
        </gpxtpx:TrackPointExtension></extensions>
      </trkpt>
      <trkpt lat="31.388778" lon="120.076101">
        <ele>7.0</ele>
        <time>2026-04-19T00:18:26Z</time>
        <extensions><gpxtpx:TrackPointExtension>
          <gpxtpx:hr>160</gpxtpx:hr>
        </gpxtpx:TrackPointExtension></extensions>
      </trkpt>
      <trkpt lat="31.388743" lon="120.07608">
        <ele>7.0</ele>
        <time>2026-04-19T00:18:27Z</time>
        <extensions><gpxtpx:TrackPointExtension>
          <gpxtpx:hr>160</gpxtpx:hr>
        </gpxtpx:TrackPointExtension></extensions>
      </trkpt>
      <trkpt lat="31.388708" lon="120.07606">
        <ele>7.0</ele>
        <time>2026-04-19T00:18:28Z</time>
        <extensions><gpxtpx:TrackPointExtension>
          <gpxtpx:hr>160</gpxtpx:hr>
        </gpxtpx:TrackPointExtension></extensions>
      </trkpt>
      <trkpt lat="31.388673" lon="120.076039">
        <ele>7.0</ele>
        <time>2026-04-19T00:18:29Z</time>
        <extensions><gpxtpx:TrackPointExtension>
          <gpxtpx:hr>161</gpxtpx:hr>
        </gpxtpx:TrackPointExtension></extensions>
      </trkpt>
      <trkpt lat="31.388638" lon="120.076018">
        <ele>7.0</ele>
        <time>2026-04-19T00:18:30Z</time>
        <extensions><gpxtpx:TrackPointExtension>
          <gpxtpx:hr>161</gpxtpx:hr>
        </gpxtpx:TrackPointExtension></extensions>
      </trkpt>
      <trkpt lat="31.388603" lon="120.075997">
        <ele>7.0</ele>
        <time>2026-04-19T00:18:31Z</time>
        <extensions><gpxtpx:TrackPointExtension>
          <gpxtpx:hr>161</gpxtpx:hr>
        </gpxtpx:TrackPointExtension></extensions>
      </trkpt>
      <trkpt lat="31.388569" lon="120.075975">
        <ele>7.0</ele>
        <time>2026-04-19T00:18:32Z</time>
        <extensions><gpxtpx:TrackPointExtension>
          <gpxtpx:hr>161</gpxtpx:hr>
        </gpxtpx:TrackPointExtension></extensions>
      </trkpt>
      <trkpt lat="31.388535" lon="120.075953">
        <ele>7.0</ele>
        <time>2026-04-19T00:18:33Z</time>
        <extensions><gpxtpx:TrackPointExtension>
          <gpxtpx:hr>161</gpxtpx:hr>
        </gpxtpx:TrackPointExtension></extensions>
      </trkpt>
      <trkpt lat="31.388501" lon="120.075931">
        <ele>7.0</ele>
        <time>2026-04-19T00:18:34Z</time>
        <extensions><gpxtpx:TrackPointExtension>
          <gpxtpx:hr>161</gpxtpx:hr>
        </gpxtpx:TrackPointExtension></extensions>
      </trkpt>
      <trkpt lat="31.388467" lon="120.075909">
        <ele>7.0</ele>
        <time>2026-04-19T00:18:35Z</time>
        <extensions><gpxtpx:TrackPointExtension>
          <gpxtpx:hr>161</gpxtpx:hr>
        </gpxtpx:TrackPointExtension></extensions>
      </trkpt>
      <trkpt lat="31.388434" lon="120.075887">
        <ele>7.0</ele>
        <time>2026-04-19T00:18:36Z</time>
        <extensions><gpxtpx:TrackPointExtension>
          <gpxtpx:hr>161</gpxtpx:hr>
        </gpxtpx:TrackPointExtension></extensions>
      </trkpt>
      <trkpt lat="31.388401" lon="120.075866">
        <ele>6.0</ele>
        <time>2026-04-19T00:18:37Z</time>
        <extensions><gpxtpx:TrackPointExtension>
          <gpxtpx:hr>161</gpxtpx:hr>
        </gpxtpx:TrackPointExtension></extensions>
      </trkpt>
      <trkpt lat="31.388369" lon="120.075846">
        <ele>6.0</ele>
        <time>2026-04-19T00:18:38Z</time>
        <extensions><gpxtpx:TrackPointExtension>
          <gpxtpx:hr>161</gpxtpx:hr>
        </gpxtpx:TrackPointExtension></extensions>
      </trkpt>
      <trkpt lat="31.388337" lon="120.075825">
        <ele>6.0</ele>
        <time>2026-04-19T00:18:39Z</time>
        <extensions><gpxtpx:TrackPointExtension>
          <gpxtpx:hr>162</gpxtpx:hr>
        </gpxtpx:TrackPointExtension></extensions>
      </trkpt>
      <trkpt lat="31.388304" lon="120.075806">
        <ele>6.0</ele>
        <time>2026-04-19T00:18:40Z</time>
        <extensions><gpxtpx:TrackPointExtension>
          <gpxtpx:hr>161</gpxtpx:hr>
        </gpxtpx:TrackPointExtension></extensions>
      </trkpt>
      <trkpt lat="31.388272" lon="120.075786">
        <ele>6.0</ele>
        <time>2026-04-19T00:18:41Z</time>
        <extensions><gpxtpx:TrackPointExtension>
          <gpxtpx:hr>161</gpxtpx:hr>
        </gpxtpx:TrackPointExtension></extensions>
      </trkpt>
      <trkpt lat="31.388238" lon="120.075767">
        <ele>6.0</ele>
        <time>2026-04-19T00:18:42Z</time>
        <extensions><gpxtpx:TrackPointExtension>
          <gpxtpx:hr>162</gpxtpx:hr>
        </gpxtpx:TrackPointExtension></extensions>
      </trkpt>
      <trkpt lat="31.388205" lon="120.075748">
        <ele>6.0</ele>
        <time>2026-04-19T00:18:43Z</time>
        <extensions><gpxtpx:TrackPointExtension>
          <gpxtpx:hr>162</gpxtpx:hr>
        </gpxtpx:TrackPointExtension></extensions>
      </trkpt>
      <trkpt lat="31.388171" lon="120.075729">
        <ele>6.0</ele>
        <time>2026-04-19T00:18:44Z</time>
        <extensions><gpxtpx:TrackPointExtension>
          <gpxtpx:hr>162</gpxtpx:hr>
        </gpxtpx:TrackPointExtension></extensions>
      </trkpt>
      <trkpt lat="31.388137" lon="120.07571">
        <ele>6.0</ele>
        <time>2026-04-19T00:18:45Z</time>
        <extensions><gpxtpx:TrackPointExtension>
          <gpxtpx:hr>162</gpxtpx:hr>
        </gpxtpx:TrackPointExtension></extensions>
      </trkpt>
      <trkpt lat="31.388103" lon="120.075691">
        <ele>6.0</ele>
        <time>2026-04-19T00:18:46Z</time>
        <extensions><gpxtpx:TrackPointExtension>
          <gpxtpx:hr>162</gpxtpx:hr>
        </gpxtpx:TrackPointExtension></extensions>
      </trkpt>
      <trkpt lat="31.388069" lon="120.075672">
        <ele>6.0</ele>
        <time>2026-04-19T00:18:47Z</time>
        <extensions><gpxtpx:TrackPointExtension>
          <gpxtpx:hr>162</gpxtpx:hr>
        </gpxtpx:TrackPointExtension></extensions>
      </trkpt>
      <trkpt lat="31.388036" lon="120.075652">
        <ele>6.0</ele>
        <time>2026-04-19T00:18:48Z</time>
        <extensions><gpxtpx:TrackPointExtension>
          <gpxtpx:hr>162</gpxtpx:hr>
        </gpxtpx:TrackPointExtension></extensions>
      </trkpt>
      <trkpt lat="31.388002" lon="120.075633">
        <ele>6.0</ele>
        <time>2026-04-19T00:18:49Z</time>
        <extensions><gpxtpx:TrackPointExtension>
          <gpxtpx:hr>162</gpxtpx:hr>
        </gpxtpx:TrackPointExtension></extensions>
      </trkpt>
      <trkpt lat="31.387968" lon="120.075613">
        <ele>6.0</ele>
        <time>2026-04-19T00:18:50Z</time>
        <extensions><gpxtpx:TrackPointExtension>
          <gpxtpx:hr>162</gpxtpx:hr>
        </gpxtpx:TrackPointExtension></extensions>
      </trkpt>
      <trkpt lat="31.387933" lon="120.075594">
        <ele>6.0</ele>
        <time>2026-04-19T00:18:51Z</time>
        <extensions><gpxtpx:TrackPointExtension>
          <gpxtpx:hr>162</gpxtpx:hr>
        </gpxtpx:TrackPointExtension></extensions>
      </trkpt>
      <trkpt lat="31.387898" lon="120.075575">
        <ele>6.0</ele>
        <time>2026-04-19T00:18:52Z</time>
        <extensions><gpxtpx:TrackPointExtension>
          <gpxtpx:hr>162</gpxtpx:hr>
        </gpxtpx:TrackPointExtension></extensions>
      </trkpt>
      <trkpt lat="31.387863" lon="120.075557">
        <ele>6.0</ele>
        <time>2026-04-19T00:18:53Z</time>
        <extensions><gpxtpx:TrackPointExtension>
          <gpxtpx:hr>162</gpxtpx:hr>
        </gpxtpx:TrackPointExtension></extensions>
      </trkpt>
      <trkpt lat="31.387828" lon="120.07554">
        <ele>6.0</ele>
        <time>2026-04-19T00:18:54Z</time>
        <extensions><gpxtpx:TrackPointExtension>
          <gpxtpx:hr>162</gpxtpx:hr>
        </gpxtpx:TrackPointExtension></extensions>
      </trkpt>
      <trkpt lat="31.387793" lon="120.075523">
        <ele>6.0</ele>
        <time>2026-04-19T00:18:55Z</time>
        <extensions><gpxtpx:TrackPointExtension>
          <gpxtpx:hr>161</gpxtpx:hr>
        </gpxtpx:TrackPointExtension></extensions>
      </trkpt>
      <trkpt lat="31.387757" lon="120.075507">
        <ele>6.0</ele>
        <time>2026-04-19T00:18:56Z</time>
        <extensions><gpxtpx:TrackPointExtension>
          <gpxtpx:hr>161</gpxtpx:hr>
        </gpxtpx:TrackPointExtension></extensions>
      </trkpt>
      <trkpt lat="31.387723" lon="120.075491">
        <ele>6.0</ele>
        <time>2026-04-19T00:18:57Z</time>
        <extensions><gpxtpx:TrackPointExtension>
          <gpxtpx:hr>161</gpxtpx:hr>
        </gpxtpx:TrackPointExtension></extensions>
      </trkpt>
      <trkpt lat="31.387688" lon="120.075475">
        <ele>6.0</ele>
        <time>2026-04-19T00:18:58Z</time>
        <extensions><gpxtpx:TrackPointExtension>
          <gpxtpx:hr>161</gpxtpx:hr>
        </gpxtpx:TrackPointExtension></extensions>
      </trkpt>
      <trkpt lat="31.387654" lon="120.075458">
        <ele>6.0</ele>
        <time>2026-04-19T00:18:59Z</time>
        <extensions><gpxtpx:TrackPointExtension>
          <gpxtpx:hr>160</gpxtpx:hr>
        </gpxtpx:TrackPointExtension></extensions>
      </trkpt>
      <trkpt lat="31.387621" lon="120.075441">
        <ele>6.0</ele>
        <time>2026-04-19T00:19:00Z</time>
        <extensions><gpxtpx:TrackPointExtension>
          <gpxtpx:hr>160</gpxtpx:hr>
        </gpxtpx:TrackPointExtension></extensions>
      </trkpt>
      <trkpt lat="31.387588" lon="120.075424">
        <ele>7.0</ele>
        <time>2026-04-19T00:19:01Z</time>
        <extensions><gpxtpx:TrackPointExtension>
          <gpxtpx:hr>160</gpxtpx:hr>
        </gpxtpx:TrackPointExtension></extensions>
      </trkpt>
      <trkpt lat="31.387555" lon="120.075404">
        <ele>7.0</ele>
        <time>2026-04-19T00:19:02Z</time>
        <extensions><gpxtpx:TrackPointExtension>
          <gpxtpx:hr>160</gpxtpx:hr>
        </gpxtpx:TrackPointExtension></extensions>
      </trkpt>
      <trkpt lat="31.387522" lon="120.075385">
        <ele>7.0</ele>
        <time>2026-04-19T00:19:03Z</time>
        <extensions><gpxtpx:TrackPointExtension>
          <gpxtpx:hr>159</gpxtpx:hr>
        </gpxtpx:TrackPointExtension></extensions>
      </trkpt>
      <trkpt lat="31.387488" lon="120.075365">
        <ele>7.0</ele>
        <time>2026-04-19T00:19:04Z</time>
        <extensions><gpxtpx:TrackPointExtension>
          <gpxtpx:hr>159</gpxtpx:hr>
        </gpxtpx:TrackPointExtension></extensions>
      </trkpt>
      <trkpt lat="31.387454" lon="120.075345">
        <ele>7.0</ele>
        <time>2026-04-19T00:19:05Z</time>
        <extensions><gpxtpx:TrackPointExtension>
          <gpxtpx:hr>159</gpxtpx:hr>
        </gpxtpx:TrackPointExtension></extensions>
      </trkpt>
      <trkpt lat="31.387419" lon="120.075326">
        <ele>7.0</ele>
        <time>2026-04-19T00:19:06Z</time>
        <extensions><gpxtpx:TrackPointExtension>
          <gpxtpx:hr>159</gpxtpx:hr>
        </gpxtpx:TrackPointExtension></extensions>
      </trkpt>
      <trkpt lat="31.387384" lon="120.075306">
        <ele>7.0</ele>
        <time>2026-04-19T00:19:07Z</time>
        <extensions><gpxtpx:TrackPointExtension>
          <gpxtpx:hr>159</gpxtpx:hr>
        </gpxtpx:TrackPointExtension></extensions>
      </trkpt>
      <trkpt lat="31.387349" lon="120.075288">
        <ele>7.0</ele>
        <time>2026-04-19T00:19:08Z</time>
        <extensions><gpxtpx:TrackPointExtension>
          <gpxtpx:hr>159</gpxtpx:hr>
        </gpxtpx:TrackPointExtension></extensions>
      </trkpt>
      <trkpt lat="31.387313" lon="120.07527">
        <ele>7.0</ele>
        <time>2026-04-19T00:19:09Z</time>
        <extensions><gpxtpx:TrackPointExtension>
          <gpxtpx:hr>159</gpxtpx:hr>
        </gpxtpx:TrackPointExtension></extensions>
      </trkpt>
      <trkpt lat="31.387278" lon="120.075253">
        <ele>7.0</ele>
        <time>2026-04-19T00:19:10Z</time>
        <extensions><gpxtpx:TrackPointExtension>
          <gpxtpx:hr>159</gpxtpx:hr>
        </gpxtpx:TrackPointExtension></extensions>
      </trkpt>
      <trkpt lat="31.387242" lon="120.075237">
        <ele>7.0</ele>
        <time>2026-04-19T00:19:11Z</time>
        <extensions><gpxtpx:TrackPointExtension>
          <gpxtpx:hr>159</gpxtpx:hr>
        </gpxtpx:TrackPointExtension></extensions>
      </trkpt>
      <trkpt lat="31.387206" lon="120.075221">
        <ele>7.0</ele>
        <time>2026-04-19T00:19:12Z</time>
        <extensions><gpxtpx:TrackPointExtension>
          <gpxtpx:hr>159</gpxtpx:hr>
        </gpxtpx:TrackPointExtension></extensions>
      </trkpt>
      <trkpt lat="31.38717" lon="120.075205">
        <ele>7.0</ele>
        <time>2026-04-19T00:19:13Z</time>
        <extensions><gpxtpx:TrackPointExtension>
          <gpxtpx:hr>159</gpxtpx:hr>
        </gpxtpx:TrackPointExtension></extensions>
      </trkpt>
      <trkpt lat="31.387136" lon="120.075188">
        <ele>7.0</ele>
        <time>2026-04-19T00:19:14Z</time>
        <extensions><gpxtpx:TrackPointExtension>
          <gpxtpx:hr>160</gpxtpx:hr>
        </gpxtpx:TrackPointExtension></extensions>
      </trkpt>
      <trkpt lat="31.387101" lon="120.07517">
        <ele>7.0</ele>
        <time>2026-04-19T00:19:15Z</time>
        <extensions><gpxtpx:TrackPointExtension>
          <gpxtpx:hr>160</gpxtpx:hr>
        </gpxtpx:TrackPointExtension></extensions>
      </trkpt>
      <trkpt lat="31.387066" lon="120.075153">
        <ele>7.0</ele>
        <time>2026-04-19T00:19:16Z</time>
        <extensions><gpxtpx:TrackPointExtension>
          <gpxtpx:hr>160</gpxtpx:hr>
        </gpxtpx:TrackPointExtension></extensions>
      </trkpt>
      <trkpt lat="31.387031" lon="120.075136">
        <ele>7.0</ele>
        <time>2026-04-19T00:19:17Z</time>
        <extensions><gpxtpx:TrackPointExtension>
          <gpxtpx:hr>160</gpxtpx:hr>
        </gpxtpx:TrackPointExtension></extensions>
      </trkpt>
      <trkpt lat="31.386996" lon="120.075118">
        <ele>7.0</ele>
        <time>2026-04-19T00:19:18Z</time>
        <extensions><gpxtpx:TrackPointExtension>
          <gpxtpx:hr>160</gpxtpx:hr>
        </gpxtpx:TrackPointExtension></extensions>
      </trkpt>
      <trkpt lat="31.386961" lon="120.0751">
        <ele>7.0</ele>
        <time>2026-04-19T00:19:19Z</time>
        <extensions><gpxtpx:TrackPointExtension>
          <gpxtpx:hr>160</gpxtpx:hr>
        </gpxtpx:TrackPointExtension></extensions>
      </trkpt>
      <trkpt lat="31.386926" lon="120.075083">
        <ele>7.0</ele>
        <time>2026-04-19T00:19:20Z</time>
        <extensions><gpxtpx:TrackPointExtension>
          <gpxtpx:hr>160</gpxtpx:hr>
        </gpxtpx:TrackPointExtension></extensions>
      </trkpt>
      <trkpt lat="31.386891" lon="120.075066">
        <ele>7.0</ele>
        <time>2026-04-19T00:19:21Z</time>
        <extensions><gpxtpx:TrackPointExtension>
          <gpxtpx:hr>160</gpxtpx:hr>
        </gpxtpx:TrackPointExtension></extensions>
      </trkpt>
      <trkpt lat="31.386855" lon="120.075049">
        <ele>7.0</ele>
        <time>2026-04-19T00:19:22Z</time>
        <extensions><gpxtpx:TrackPointExtension>
          <gpxtpx:hr>161</gpxtpx:hr>
        </gpxtpx:TrackPointExtension></extensions>
      </trkpt>
      <trkpt lat="31.38682" lon="120.075032">
        <ele>7.0</ele>
        <time>2026-04-19T00:19:23Z</time>
        <extensions><gpxtpx:TrackPointExtension>
          <gpxtpx:hr>160</gpxtpx:hr>
        </gpxtpx:TrackPointExtension></extensions>
      </trkpt>
      <trkpt lat="31.386785" lon="120.075015">
        <ele>7.0</ele>
        <time>2026-04-19T00:19:24Z</time>
        <extensions><gpxtpx:TrackPointExtension>
          <gpxtpx:hr>161</gpxtpx:hr>
        </gpxtpx:TrackPointExtension></extensions>
      </trkpt>
      <trkpt lat="31.386749" lon="120.074998">
        <ele>7.0</ele>
        <time>2026-04-19T00:19:25Z</time>
        <extensions><gpxtpx:TrackPointExtension>
          <gpxtpx:hr>161</gpxtpx:hr>
        </gpxtpx:TrackPointExtension></extensions>
      </trkpt>
      <trkpt lat="31.386713" lon="120.07498">
        <ele>7.0</ele>
        <time>2026-04-19T00:19:26Z</time>
        <extensions><gpxtpx:TrackPointExtension>
          <gpxtpx:hr>161</gpxtpx:hr>
        </gpxtpx:TrackPointExtension></extensions>
      </trkpt>
      <trkpt lat="31.386677" lon="120.074963">
        <ele>7.0</ele>
        <time>2026-04-19T00:19:27Z</time>
        <extensions><gpxtpx:TrackPointExtension>
          <gpxtpx:hr>161</gpxtpx:hr>
        </gpxtpx:TrackPointExtension></extensions>
      </trkpt>
      <trkpt lat="31.386641" lon="120.074946">
        <ele>7.0</ele>
        <time>2026-04-19T00:19:28Z</time>
        <extensions><gpxtpx:TrackPointExtension>
          <gpxtpx:hr>161</gpxtpx:hr>
        </gpxtpx:TrackPointExtension></extensions>
      </trkpt>
      <trkpt lat="31.386605" lon="120.074929">
        <ele>7.0</ele>
        <time>2026-04-19T00:19:29Z</time>
        <extensions><gpxtpx:TrackPointExtension>
          <gpxtpx:hr>161</gpxtpx:hr>
        </gpxtpx:TrackPointExtension></extensions>
      </trkpt>
      <trkpt lat="31.38657" lon="120.074912">
        <ele>7.0</ele>
        <time>2026-04-19T00:19:30Z</time>
        <extensions><gpxtpx:TrackPointExtension>
          <gpxtpx:hr>162</gpxtpx:hr>
        </gpxtpx:TrackPointExtension></extensions>
      </trkpt>
      <trkpt lat="31.386534" lon="120.074895">
        <ele>7.0</ele>
        <time>2026-04-19T00:19:31Z</time>
        <extensions><gpxtpx:TrackPointExtension>
          <gpxtpx:hr>162</gpxtpx:hr>
        </gpxtpx:TrackPointExtension></extensions>
      </trkpt>
      <trkpt lat="31.386499" lon="120.074877">
        <ele>6.0</ele>
        <time>2026-04-19T00:19:32Z</time>
        <extensions><gpxtpx:TrackPointExtension>
          <gpxtpx:hr>162</gpxtpx:hr>
        </gpxtpx:TrackPointExtension></extensions>
      </trkpt>
      <trkpt lat="31.386463" lon="120.07486">
        <ele>6.0</ele>
        <time>2026-04-19T00:19:33Z</time>
        <extensions><gpxtpx:TrackPointExtension>
          <gpxtpx:hr>162</gpxtpx:hr>
        </gpxtpx:TrackPointExtension></extensions>
      </trkpt>
      <trkpt lat="31.386428" lon="120.074843">
        <ele>6.0</ele>
        <time>2026-04-19T00:19:34Z</time>
        <extensions><gpxtpx:TrackPointExtension>
          <gpxtpx:hr>163</gpxtpx:hr>
        </gpxtpx:TrackPointExtension></extensions>
      </trkpt>
      <trkpt lat="31.386392" lon="120.074826">
        <ele>6.0</ele>
        <time>2026-04-19T00:19:35Z</time>
        <extensions><gpxtpx:TrackPointExtension>
          <gpxtpx:hr>163</gpxtpx:hr>
        </gpxtpx:TrackPointExtension></extensions>
      </trkpt>
      <trkpt lat="31.386356" lon="120.074811">
        <ele>6.0</ele>
        <time>2026-04-19T00:19:36Z</time>
        <extensions><gpxtpx:TrackPointExtension>
          <gpxtpx:hr>163</gpxtpx:hr>
        </gpxtpx:TrackPointExtension></extensions>
      </trkpt>
      <trkpt lat="31.38632" lon="120.074796">
        <ele>6.0</ele>
        <time>2026-04-19T00:19:37Z</time>
        <extensions><gpxtpx:TrackPointExtension>
          <gpxtpx:hr>163</gpxtpx:hr>
        </gpxtpx:TrackPointExtension></extensions>
      </trkpt>
      <trkpt lat="31.386285" lon="120.074781">
        <ele>6.0</ele>
        <time>2026-04-19T00:19:38Z</time>
        <extensions><gpxtpx:TrackPointExtension>
          <gpxtpx:hr>163</gpxtpx:hr>
        </gpxtpx:TrackPointExtension></extensions>
      </trkpt>
      <trkpt lat="31.386249" lon="120.074766">
        <ele>6.0</ele>
        <time>2026-04-19T00:19:39Z</time>
        <extensions><gpxtpx:TrackPointExtension>
          <gpxtpx:hr>163</gpxtpx:hr>
        </gpxtpx:TrackPointExtension></extensions>
      </trkpt>
      <trkpt lat="31.386214" lon="120.07475">
        <ele>6.0</ele>
        <time>2026-04-19T00:19:40Z</time>
        <extensions><gpxtpx:TrackPointExtension>
          <gpxtpx:hr>163</gpxtpx:hr>
        </gpxtpx:TrackPointExtension></extensions>
      </trkpt>
      <trkpt lat="31.386179" lon="120.074735">
        <ele>6.0</ele>
        <time>2026-04-19T00:19:41Z</time>
        <extensions><gpxtpx:TrackPointExtension>
          <gpxtpx:hr>163</gpxtpx:hr>
        </gpxtpx:TrackPointExtension></extensions>
      </trkpt>
      <trkpt lat="31.386145" lon="120.074719">
        <ele>6.0</ele>
        <time>2026-04-19T00:19:42Z</time>
        <extensions><gpxtpx:TrackPointExtension>
          <gpxtpx:hr>162</gpxtpx:hr>
        </gpxtpx:TrackPointExtension></extensions>
      </trkpt>
      <trkpt lat="31.386111" lon="120.074703">
        <ele>6.0</ele>
        <time>2026-04-19T00:19:43Z</time>
        <extensions><gpxtpx:TrackPointExtension>
          <gpxtpx:hr>162</gpxtpx:hr>
        </gpxtpx:TrackPointExtension></extensions>
      </trkpt>
      <trkpt lat="31.386078" lon="120.074687">
        <ele>6.0</ele>
        <time>2026-04-19T00:19:44Z</time>
        <extensions><gpxtpx:TrackPointExtension>
          <gpxtpx:hr>162</gpxtpx:hr>
        </gpxtpx:TrackPointExtension></extensions>
      </trkpt>
      <trkpt lat="31.386045" lon="120.074671">
        <ele>6.0</ele>
        <time>2026-04-19T00:19:45Z</time>
        <extensions><gpxtpx:TrackPointExtension>
          <gpxtpx:hr>162</gpxtpx:hr>
        </gpxtpx:TrackPointExtension></extensions>
      </trkpt>
      <trkpt lat="31.386011" lon="120.074655">
        <ele>6.0</ele>
        <time>2026-04-19T00:19:46Z</time>
        <extensions><gpxtpx:TrackPointExtension>
          <gpxtpx:hr>162</gpxtpx:hr>
        </gpxtpx:TrackPointExtension></extensions>
      </trkpt>
      <trkpt lat="31.385978" lon="120.074639">
        <ele>6.0</ele>
        <time>2026-04-19T00:19:47Z</time>
        <extensions><gpxtpx:TrackPointExtension>
          <gpxtpx:hr>163</gpxtpx:hr>
        </gpxtpx:TrackPointExtension></extensions>
      </trkpt>
      <trkpt lat="31.385944" lon="120.074623">
        <ele>6.0</ele>
        <time>2026-04-19T00:19:48Z</time>
        <extensions><gpxtpx:TrackPointExtension>
          <gpxtpx:hr>163</gpxtpx:hr>
        </gpxtpx:TrackPointExtension></extensions>
      </trkpt>
      <trkpt lat="31.38591" lon="120.074607">
        <ele>6.0</ele>
        <time>2026-04-19T00:19:49Z</time>
        <extensions><gpxtpx:TrackPointExtension>
          <gpxtpx:hr>163</gpxtpx:hr>
        </gpxtpx:TrackPointExtension></extensions>
      </trkpt>
      <trkpt lat="31.385877" lon="120.07459">
        <ele>6.0</ele>
        <time>2026-04-19T00:19:50Z</time>
        <extensions><gpxtpx:TrackPointExtension>
          <gpxtpx:hr>163</gpxtpx:hr>
        </gpxtpx:TrackPointExtension></extensions>
      </trkpt>
      <trkpt lat="31.385843" lon="120.074574">
        <ele>6.0</ele>
        <time>2026-04-19T00:19:51Z</time>
        <extensions><gpxtpx:TrackPointExtension>
          <gpxtpx:hr>163</gpxtpx:hr>
        </gpxtpx:TrackPointExtension></extensions>
      </trkpt>
      <trkpt lat="31.385811" lon="120.074556">
        <ele>6.0</ele>
        <time>2026-04-19T00:19:52Z</time>
        <extensions><gpxtpx:TrackPointExtension>
          <gpxtpx:hr>163</gpxtpx:hr>
        </gpxtpx:TrackPointExtension></extensions>
      </trkpt>
      <trkpt lat="31.385779" lon="120.074539">
        <ele>6.0</ele>
        <time>2026-04-19T00:19:53Z</time>
        <extensions><gpxtpx:TrackPointExtension>
          <gpxtpx:hr>163</gpxtpx:hr>
        </gpxtpx:TrackPointExtension></extensions>
      </trkpt>
      <trkpt lat="31.38575" lon="120.074526">
        <ele>6.0</ele>
        <time>2026-04-19T00:19:54Z</time>
        <extensions><gpxtpx:TrackPointExtension>
          <gpxtpx:hr>164</gpxtpx:hr>
        </gpxtpx:TrackPointExtension></extensions>
      </trkpt>
      <trkpt lat="31.385722" lon="120.074513">
        <ele>6.0</ele>
        <time>2026-04-19T00:19:55Z</time>
        <extensions><gpxtpx:TrackPointExtension>
          <gpxtpx:hr>164</gpxtpx:hr>
        </gpxtpx:TrackPointExtension></extensions>
      </trkpt>
      <trkpt lat="31.38571" lon="120.074515">
        <ele>7.0</ele>
        <time>2026-04-19T00:19:56Z</time>
        <extensions><gpxtpx:TrackPointExtension>
          <gpxtpx:hr>164</gpxtpx:hr>
        </gpxtpx:TrackPointExtension></extensions>
      </trkpt>
      <trkpt lat="31.385698" lon="120.074517">
        <ele>7.0</ele>
        <time>2026-04-19T00:19:57Z</time>
        <extensions><gpxtpx:TrackPointExtension>
          <gpxtpx:hr>164</gpxtpx:hr>
        </gpxtpx:TrackPointExtension></extensions>
      </trkpt>
      <trkpt lat="31.385713" lon="120.074535">
        <ele>7.0</ele>
        <time>2026-04-19T00:19:58Z</time>
        <extensions><gpxtpx:TrackPointExtension>
          <gpxtpx:hr>164</gpxtpx:hr>
        </gpxtpx:TrackPointExtension></extensions>
      </trkpt>
      <trkpt lat="31.385729" lon="120.074552">
        <ele>7.0</ele>
        <time>2026-04-19T00:19:59Z</time>
        <extensions><gpxtpx:TrackPointExtension>
          <gpxtpx:hr>164</gpxtpx:hr>
        </gpxtpx:TrackPointExtension></extensions>
      </trkpt>
      <trkpt lat="31.385764" lon="120.074577">
        <ele>7.0</ele>
        <time>2026-04-19T00:20:00Z</time>
        <extensions><gpxtpx:TrackPointExtension>
          <gpxtpx:hr>164</gpxtpx:hr>
        </gpxtpx:TrackPointExtension></extensions>
      </trkpt>
      <trkpt lat="31.3858" lon="120.074601">
        <ele>7.0</ele>
        <time>2026-04-19T00:20:01Z</time>
        <extensions><gpxtpx:TrackPointExtension>
          <gpxtpx:hr>164</gpxtpx:hr>
        </gpxtpx:TrackPointExtension></extensions>
      </trkpt>
      <trkpt lat="31.385845" lon="120.074624">
        <ele>7.0</ele>
        <time>2026-04-19T00:20:02Z</time>
        <extensions><gpxtpx:TrackPointExtension>
          <gpxtpx:hr>163</gpxtpx:hr>
        </gpxtpx:TrackPointExtension></extensions>
      </trkpt>
      <trkpt lat="31.38589" lon="120.074648">
        <ele>7.0</ele>
        <time>2026-04-19T00:20:03Z</time>
        <extensions><gpxtpx:TrackPointExtension>
          <gpxtpx:hr>164</gpxtpx:hr>
        </gpxtpx:TrackPointExtension></extensions>
      </trkpt>
      <trkpt lat="31.385938" lon="120.074667">
        <ele>7.0</ele>
        <time>2026-04-19T00:20:04Z</time>
        <extensions><gpxtpx:TrackPointExtension>
          <gpxtpx:hr>163</gpxtpx:hr>
        </gpxtpx:TrackPointExtension></extensions>
      </trkpt>
      <trkpt lat="31.385985" lon="120.074687">
        <ele>7.0</ele>
        <time>2026-04-19T00:20:05Z</time>
        <extensions><gpxtpx:TrackPointExtension>
          <gpxtpx:hr>163</gpxtpx:hr>
        </gpxtpx:TrackPointExtension></extensions>
      </trkpt>
      <trkpt lat="31.38603" lon="120.074705">
        <ele>7.0</ele>
        <time>2026-04-19T00:20:06Z</time>
        <extensions><gpxtpx:TrackPointExtension>
          <gpxtpx:hr>163</gpxtpx:hr>
        </gpxtpx:TrackPointExtension></extensions>
      </trkpt>
      <trkpt lat="31.386076" lon="120.074723">
        <ele>7.0</ele>
        <time>2026-04-19T00:20:07Z</time>
        <extensions><gpxtpx:TrackPointExtension>
          <gpxtpx:hr>163</gpxtpx:hr>
        </gpxtpx:TrackPointExtension></extensions>
      </trkpt>
      <trkpt lat="31.386118" lon="120.07474">
        <ele>7.0</ele>
        <time>2026-04-19T00:20:08Z</time>
        <extensions><gpxtpx:TrackPointExtension>
          <gpxtpx:hr>163</gpxtpx:hr>
        </gpxtpx:TrackPointExtension></extensions>
      </trkpt>
      <trkpt lat="31.386161" lon="120.074757">
        <ele>7.0</ele>
        <time>2026-04-19T00:20:09Z</time>
        <extensions><gpxtpx:TrackPointExtension>
          <gpxtpx:hr>163</gpxtpx:hr>
        </gpxtpx:TrackPointExtension></extensions>
      </trkpt>
      <trkpt lat="31.386202" lon="120.074774">
        <ele>7.0</ele>
        <time>2026-04-19T00:20:10Z</time>
        <extensions><gpxtpx:TrackPointExtension>
          <gpxtpx:hr>163</gpxtpx:hr>
        </gpxtpx:TrackPointExtension></extensions>
      </trkpt>
      <trkpt lat="31.386242" lon="120.074791">
        <ele>7.0</ele>
        <time>2026-04-19T00:20:11Z</time>
        <extensions><gpxtpx:TrackPointExtension>
          <gpxtpx:hr>163</gpxtpx:hr>
        </gpxtpx:TrackPointExtension></extensions>
      </trkpt>
      <trkpt lat="31.38628" lon="120.074807">
        <ele>7.0</ele>
        <time>2026-04-19T00:20:12Z</time>
        <extensions><gpxtpx:TrackPointExtension>
          <gpxtpx:hr>163</gpxtpx:hr>
        </gpxtpx:TrackPointExtension></extensions>
      </trkpt>
      <trkpt lat="31.386318" lon="120.074824">
        <ele>7.0</ele>
        <time>2026-04-19T00:20:13Z</time>
        <extensions><gpxtpx:TrackPointExtension>
          <gpxtpx:hr>163</gpxtpx:hr>
        </gpxtpx:TrackPointExtension></extensions>
      </trkpt>
      <trkpt lat="31.386356" lon="120.07484">
        <ele>7.0</ele>
        <time>2026-04-19T00:20:14Z</time>
        <extensions><gpxtpx:TrackPointExtension>
          <gpxtpx:hr>163</gpxtpx:hr>
        </gpxtpx:TrackPointExtension></extensions>
      </trkpt>
      <trkpt lat="31.386394" lon="120.074856">
        <ele>7.0</ele>
        <time>2026-04-19T00:20:15Z</time>
        <extensions><gpxtpx:TrackPointExtension>
          <gpxtpx:hr>163</gpxtpx:hr>
        </gpxtpx:TrackPointExtension></extensions>
      </trkpt>
      <trkpt lat="31.386431" lon="120.074872">
        <ele>7.0</ele>
        <time>2026-04-19T00:20:16Z</time>
        <extensions><gpxtpx:TrackPointExtension>
          <gpxtpx:hr>163</gpxtpx:hr>
        </gpxtpx:TrackPointExtension></extensions>
      </trkpt>
      <trkpt lat="31.386468" lon="120.074888">
        <ele>7.0</ele>
        <time>2026-04-19T00:20:17Z</time>
        <extensions><gpxtpx:TrackPointExtension>
          <gpxtpx:hr>163</gpxtpx:hr>
        </gpxtpx:TrackPointExtension></extensions>
      </trkpt>
      <trkpt lat="31.386504" lon="120.074903">
        <ele>7.0</ele>
        <time>2026-04-19T00:20:18Z</time>
        <extensions><gpxtpx:TrackPointExtension>
          <gpxtpx:hr>163</gpxtpx:hr>
        </gpxtpx:TrackPointExtension></extensions>
      </trkpt>
      <trkpt lat="31.386541" lon="120.074919">
        <ele>7.0</ele>
        <time>2026-04-19T00:20:19Z</time>
        <extensions><gpxtpx:TrackPointExtension>
          <gpxtpx:hr>163</gpxtpx:hr>
        </gpxtpx:TrackPointExtension></extensions>
      </trkpt>
      <trkpt lat="31.386577" lon="120.074935">
        <ele>7.0</ele>
        <time>2026-04-19T00:20:20Z</time>
        <extensions><gpxtpx:TrackPointExtension>
          <gpxtpx:hr>163</gpxtpx:hr>
        </gpxtpx:TrackPointExtension></extensions>
      </trkpt>
      <trkpt lat="31.386613" lon="120.074951">
        <ele>7.0</ele>
        <time>2026-04-19T00:20:21Z</time>
        <extensions><gpxtpx:TrackPointExtension>
          <gpxtpx:hr>164</gpxtpx:hr>
        </gpxtpx:TrackPointExtension></extensions>
      </trkpt>
      <trkpt lat="31.386648" lon="120.074967">
        <ele>7.0</ele>
        <time>2026-04-19T00:20:22Z</time>
        <extensions><gpxtpx:TrackPointExtension>
          <gpxtpx:hr>164</gpxtpx:hr>
        </gpxtpx:TrackPointExtension></extensions>
      </trkpt>
      <trkpt lat="31.386684" lon="120.074983">
        <ele>7.0</ele>
        <time>2026-04-19T00:20:23Z</time>
        <extensions><gpxtpx:TrackPointExtension>
          <gpxtpx:hr>164</gpxtpx:hr>
        </gpxtpx:TrackPointExtension></extensions>
      </trkpt>
      <trkpt lat="31.38672" lon="120.074997">
        <ele>7.0</ele>
        <time>2026-04-19T00:20:24Z</time>
        <extensions><gpxtpx:TrackPointExtension>
          <gpxtpx:hr>165</gpxtpx:hr>
        </gpxtpx:TrackPointExtension></extensions>
      </trkpt>
      <trkpt lat="31.386756" lon="120.075011">
        <ele>7.0</ele>
        <time>2026-04-19T00:20:25Z</time>
        <extensions><gpxtpx:TrackPointExtension>
          <gpxtpx:hr>165</gpxtpx:hr>
        </gpxtpx:TrackPointExtension></extensions>
      </trkpt>
      <trkpt lat="31.386791" lon="120.075024">
        <ele>7.0</ele>
        <time>2026-04-19T00:20:26Z</time>
        <extensions><gpxtpx:TrackPointExtension>
          <gpxtpx:hr>165</gpxtpx:hr>
        </gpxtpx:TrackPointExtension></extensions>
      </trkpt>
      <trkpt lat="31.386826" lon="120.075038">
        <ele>7.0</ele>
        <time>2026-04-19T00:20:27Z</time>
        <extensions><gpxtpx:TrackPointExtension>
          <gpxtpx:hr>165</gpxtpx:hr>
        </gpxtpx:TrackPointExtension></extensions>
      </trkpt>
      <trkpt lat="31.38686" lon="120.075052">
        <ele>7.0</ele>
        <time>2026-04-19T00:20:28Z</time>
        <extensions><gpxtpx:TrackPointExtension>
          <gpxtpx:hr>165</gpxtpx:hr>
        </gpxtpx:TrackPointExtension></extensions>
      </trkpt>
      <trkpt lat="31.386895" lon="120.075067">
        <ele>7.0</ele>
        <time>2026-04-19T00:20:29Z</time>
        <extensions><gpxtpx:TrackPointExtension>
          <gpxtpx:hr>165</gpxtpx:hr>
        </gpxtpx:TrackPointExtension></extensions>
      </trkpt>
      <trkpt lat="31.386929" lon="120.075082">
        <ele>7.0</ele>
        <time>2026-04-19T00:20:30Z</time>
        <extensions><gpxtpx:TrackPointExtension>
          <gpxtpx:hr>165</gpxtpx:hr>
        </gpxtpx:TrackPointExtension></extensions>
      </trkpt>
      <trkpt lat="31.386964" lon="120.075098">
        <ele>7.0</ele>
        <time>2026-04-19T00:20:31Z</time>
        <extensions><gpxtpx:TrackPointExtension>
          <gpxtpx:hr>165</gpxtpx:hr>
        </gpxtpx:TrackPointExtension></extensions>
      </trkpt>
      <trkpt lat="31.386998" lon="120.075115">
        <ele>7.0</ele>
        <time>2026-04-19T00:20:32Z</time>
        <extensions><gpxtpx:TrackPointExtension>
          <gpxtpx:hr>165</gpxtpx:hr>
        </gpxtpx:TrackPointExtension></extensions>
      </trkpt>
      <trkpt lat="31.387032" lon="120.075132">
        <ele>7.0</ele>
        <time>2026-04-19T00:20:33Z</time>
        <extensions><gpxtpx:TrackPointExtension>
          <gpxtpx:hr>165</gpxtpx:hr>
        </gpxtpx:TrackPointExtension></extensions>
      </trkpt>
      <trkpt lat="31.387067" lon="120.07515">
        <ele>7.0</ele>
        <time>2026-04-19T00:20:34Z</time>
        <extensions><gpxtpx:TrackPointExtension>
          <gpxtpx:hr>165</gpxtpx:hr>
        </gpxtpx:TrackPointExtension></extensions>
      </trkpt>
      <trkpt lat="31.387102" lon="120.075168">
        <ele>7.0</ele>
        <time>2026-04-19T00:20:35Z</time>
        <extensions><gpxtpx:TrackPointExtension>
          <gpxtpx:hr>165</gpxtpx:hr>
        </gpxtpx:TrackPointExtension></extensions>
      </trkpt>
      <trkpt lat="31.387137" lon="120.075186">
        <ele>7.0</ele>
        <time>2026-04-19T00:20:36Z</time>
        <extensions><gpxtpx:TrackPointExtension>
          <gpxtpx:hr>166</gpxtpx:hr>
        </gpxtpx:TrackPointExtension></extensions>
      </trkpt>
      <trkpt lat="31.387173" lon="120.075205">
        <ele>6.0</ele>
        <time>2026-04-19T00:20:37Z</time>
        <extensions><gpxtpx:TrackPointExtension>
          <gpxtpx:hr>166</gpxtpx:hr>
        </gpxtpx:TrackPointExtension></extensions>
      </trkpt>
      <trkpt lat="31.387209" lon="120.075222">
        <ele>6.0</ele>
        <time>2026-04-19T00:20:38Z</time>
        <extensions><gpxtpx:TrackPointExtension>
          <gpxtpx:hr>166</gpxtpx:hr>
        </gpxtpx:TrackPointExtension></extensions>
      </trkpt>
      <trkpt lat="31.387245" lon="120.07524">
        <ele>6.0</ele>
        <time>2026-04-19T00:20:39Z</time>
        <extensions><gpxtpx:TrackPointExtension>
          <gpxtpx:hr>166</gpxtpx:hr>
        </gpxtpx:TrackPointExtension></extensions>
      </trkpt>
      <trkpt lat="31.387281" lon="120.075257">
        <ele>6.0</ele>
        <time>2026-04-19T00:20:40Z</time>
        <extensions><gpxtpx:TrackPointExtension>
          <gpxtpx:hr>166</gpxtpx:hr>
        </gpxtpx:TrackPointExtension></extensions>
      </trkpt>
      <trkpt lat="31.387316" lon="120.075275">
        <ele>6.0</ele>
        <time>2026-04-19T00:20:41Z</time>
        <extensions><gpxtpx:TrackPointExtension>
          <gpxtpx:hr>166</gpxtpx:hr>
        </gpxtpx:TrackPointExtension></extensions>
      </trkpt>
      <trkpt lat="31.387352" lon="120.075293">
        <ele>6.0</ele>
        <time>2026-04-19T00:20:42Z</time>
        <extensions><gpxtpx:TrackPointExtension>
          <gpxtpx:hr>166</gpxtpx:hr>
        </gpxtpx:TrackPointExtension></extensions>
      </trkpt>
      <trkpt lat="31.387388" lon="120.075311">
        <ele>6.0</ele>
        <time>2026-04-19T00:20:43Z</time>
        <extensions><gpxtpx:TrackPointExtension>
          <gpxtpx:hr>166</gpxtpx:hr>
        </gpxtpx:TrackPointExtension></extensions>
      </trkpt>
      <trkpt lat="31.387423" lon="120.075329">
        <ele>6.0</ele>
        <time>2026-04-19T00:20:44Z</time>
        <extensions><gpxtpx:TrackPointExtension>
          <gpxtpx:hr>166</gpxtpx:hr>
        </gpxtpx:TrackPointExtension></extensions>
      </trkpt>
      <trkpt lat="31.387458" lon="120.075347">
        <ele>6.0</ele>
        <time>2026-04-19T00:20:45Z</time>
        <extensions><gpxtpx:TrackPointExtension>
          <gpxtpx:hr>166</gpxtpx:hr>
        </gpxtpx:TrackPointExtension></extensions>
      </trkpt>
      <trkpt lat="31.387492" lon="120.075364">
        <ele>6.0</ele>
        <time>2026-04-19T00:20:46Z</time>
        <extensions><gpxtpx:TrackPointExtension>
          <gpxtpx:hr>166</gpxtpx:hr>
        </gpxtpx:TrackPointExtension></extensions>
      </trkpt>
      <trkpt lat="31.387526" lon="120.07538">
        <ele>6.0</ele>
        <time>2026-04-19T00:20:47Z</time>
        <extensions><gpxtpx:TrackPointExtension>
          <gpxtpx:hr>166</gpxtpx:hr>
        </gpxtpx:TrackPointExtension></extensions>
      </trkpt>
      <trkpt lat="31.38756" lon="120.075397">
        <ele>6.0</ele>
        <time>2026-04-19T00:20:48Z</time>
        <extensions><gpxtpx:TrackPointExtension>
          <gpxtpx:hr>166</gpxtpx:hr>
        </gpxtpx:TrackPointExtension></extensions>
      </trkpt>
      <trkpt lat="31.387593" lon="120.075414">
        <ele>6.0</ele>
        <time>2026-04-19T00:20:49Z</time>
        <extensions><gpxtpx:TrackPointExtension>
          <gpxtpx:hr>165</gpxtpx:hr>
        </gpxtpx:TrackPointExtension></extensions>
      </trkpt>
      <trkpt lat="31.387627" lon="120.075431">
        <ele>6.0</ele>
        <time>2026-04-19T00:20:50Z</time>
        <extensions><gpxtpx:TrackPointExtension>
          <gpxtpx:hr>165</gpxtpx:hr>
        </gpxtpx:TrackPointExtension></extensions>
      </trkpt>
      <trkpt lat="31.387661" lon="120.075448">
        <ele>6.0</ele>
        <time>2026-04-19T00:20:51Z</time>
        <extensions><gpxtpx:TrackPointExtension>
          <gpxtpx:hr>165</gpxtpx:hr>
        </gpxtpx:TrackPointExtension></extensions>
      </trkpt>
      <trkpt lat="31.387695" lon="120.075465">
        <ele>6.0</ele>
        <time>2026-04-19T00:20:52Z</time>
        <extensions><gpxtpx:TrackPointExtension>
          <gpxtpx:hr>165</gpxtpx:hr>
        </gpxtpx:TrackPointExtension></extensions>
      </trkpt>
      <trkpt lat="31.387728" lon="120.075482">
        <ele>6.0</ele>
        <time>2026-04-19T00:20:53Z</time>
        <extensions><gpxtpx:TrackPointExtension>
          <gpxtpx:hr>165</gpxtpx:hr>
        </gpxtpx:TrackPointExtension></extensions>
      </trkpt>
      <trkpt lat="31.387762" lon="120.075499">
        <ele>6.0</ele>
        <time>2026-04-19T00:20:54Z</time>
        <extensions><gpxtpx:TrackPointExtension>
          <gpxtpx:hr>165</gpxtpx:hr>
        </gpxtpx:TrackPointExtension></extensions>
      </trkpt>
      <trkpt lat="31.387795" lon="120.075516">
        <ele>6.0</ele>
        <time>2026-04-19T00:20:55Z</time>
        <extensions><gpxtpx:TrackPointExtension>
          <gpxtpx:hr>166</gpxtpx:hr>
        </gpxtpx:TrackPointExtension></extensions>
      </trkpt>
      <trkpt lat="31.387828" lon="120.075534">
        <ele>6.0</ele>
        <time>2026-04-19T00:20:56Z</time>
        <extensions><gpxtpx:TrackPointExtension>
          <gpxtpx:hr>166</gpxtpx:hr>
        </gpxtpx:TrackPointExtension></extensions>
      </trkpt>
      <trkpt lat="31.387861" lon="120.075552">
        <ele>6.0</ele>
        <time>2026-04-19T00:20:57Z</time>
        <extensions><gpxtpx:TrackPointExtension>
          <gpxtpx:hr>166</gpxtpx:hr>
        </gpxtpx:TrackPointExtension></extensions>
      </trkpt>
      <trkpt lat="31.387894" lon="120.075571">
        <ele>6.0</ele>
        <time>2026-04-19T00:20:58Z</time>
        <extensions><gpxtpx:TrackPointExtension>
          <gpxtpx:hr>166</gpxtpx:hr>
        </gpxtpx:TrackPointExtension></extensions>
      </trkpt>
      <trkpt lat="31.387927" lon="120.075591">
        <ele>6.0</ele>
        <time>2026-04-19T00:20:59Z</time>
        <extensions><gpxtpx:TrackPointExtension>
          <gpxtpx:hr>166</gpxtpx:hr>
        </gpxtpx:TrackPointExtension></extensions>
      </trkpt>
      <trkpt lat="31.38796" lon="120.07561">
        <ele>6.0</ele>
        <time>2026-04-19T00:21:00Z</time>
        <extensions><gpxtpx:TrackPointExtension>
          <gpxtpx:hr>166</gpxtpx:hr>
        </gpxtpx:TrackPointExtension></extensions>
      </trkpt>
      <trkpt lat="31.387993" lon="120.075629">
        <ele>6.0</ele>
        <time>2026-04-19T00:21:01Z</time>
        <extensions><gpxtpx:TrackPointExtension>
          <gpxtpx:hr>166</gpxtpx:hr>
        </gpxtpx:TrackPointExtension></extensions>
      </trkpt>
      <trkpt lat="31.388027" lon="120.075648">
        <ele>6.0</ele>
        <time>2026-04-19T00:21:02Z</time>
        <extensions><gpxtpx:TrackPointExtension>
          <gpxtpx:hr>166</gpxtpx:hr>
        </gpxtpx:TrackPointExtension></extensions>
      </trkpt>
      <trkpt lat="31.38806" lon="120.075666">
        <ele>6.0</ele>
        <time>2026-04-19T00:21:03Z</time>
        <extensions><gpxtpx:TrackPointExtension>
          <gpxtpx:hr>166</gpxtpx:hr>
        </gpxtpx:TrackPointExtension></extensions>
      </trkpt>
      <trkpt lat="31.388095" lon="120.075685">
        <ele>6.0</ele>
        <time>2026-04-19T00:21:04Z</time>
        <extensions><gpxtpx:TrackPointExtension>
          <gpxtpx:hr>166</gpxtpx:hr>
        </gpxtpx:TrackPointExtension></extensions>
      </trkpt>
      <trkpt lat="31.38813" lon="120.075704">
        <ele>6.0</ele>
        <time>2026-04-19T00:21:05Z</time>
        <extensions><gpxtpx:TrackPointExtension>
          <gpxtpx:hr>165</gpxtpx:hr>
        </gpxtpx:TrackPointExtension></extensions>
      </trkpt>
      <trkpt lat="31.388165" lon="120.075723">
        <ele>6.0</ele>
        <time>2026-04-19T00:21:06Z</time>
        <extensions><gpxtpx:TrackPointExtension>
          <gpxtpx:hr>166</gpxtpx:hr>
        </gpxtpx:TrackPointExtension></extensions>
      </trkpt>
      <trkpt lat="31.3882" lon="120.075742">
        <ele>6.0</ele>
        <time>2026-04-19T00:21:07Z</time>
        <extensions><gpxtpx:TrackPointExtension>
          <gpxtpx:hr>166</gpxtpx:hr>
        </gpxtpx:TrackPointExtension></extensions>
      </trkpt>
      <trkpt lat="31.388236" lon="120.075761">
        <ele>6.0</ele>
        <time>2026-04-19T00:21:08Z</time>
        <extensions><gpxtpx:TrackPointExtension>
          <gpxtpx:hr>166</gpxtpx:hr>
        </gpxtpx:TrackPointExtension></extensions>
      </trkpt>
      <trkpt lat="31.388272" lon="120.07578">
        <ele>6.0</ele>
        <time>2026-04-19T00:21:09Z</time>
        <extensions><gpxtpx:TrackPointExtension>
          <gpxtpx:hr>166</gpxtpx:hr>
        </gpxtpx:TrackPointExtension></extensions>
      </trkpt>
      <trkpt lat="31.388307" lon="120.075799">
        <ele>6.0</ele>
        <time>2026-04-19T00:21:10Z</time>
        <extensions><gpxtpx:TrackPointExtension>
          <gpxtpx:hr>166</gpxtpx:hr>
        </gpxtpx:TrackPointExtension></extensions>
      </trkpt>
      <trkpt lat="31.388342" lon="120.075819">
        <ele>6.0</ele>
        <time>2026-04-19T00:21:11Z</time>
        <extensions><gpxtpx:TrackPointExtension>
          <gpxtpx:hr>167</gpxtpx:hr>
        </gpxtpx:TrackPointExtension></extensions>
      </trkpt>
      <trkpt lat="31.388377" lon="120.075839">
        <ele>6.0</ele>
        <time>2026-04-19T00:21:12Z</time>
        <extensions><gpxtpx:TrackPointExtension>
          <gpxtpx:hr>167</gpxtpx:hr>
        </gpxtpx:TrackPointExtension></extensions>
      </trkpt>
      <trkpt lat="31.388413" lon="120.07586">
        <ele>6.0</ele>
        <time>2026-04-19T00:21:13Z</time>
        <extensions><gpxtpx:TrackPointExtension>
          <gpxtpx:hr>167</gpxtpx:hr>
        </gpxtpx:TrackPointExtension></extensions>
      </trkpt>
      <trkpt lat="31.388448" lon="120.07588">
        <ele>6.0</ele>
        <time>2026-04-19T00:21:14Z</time>
        <extensions><gpxtpx:TrackPointExtension>
          <gpxtpx:hr>167</gpxtpx:hr>
        </gpxtpx:TrackPointExtension></extensions>
      </trkpt>
      <trkpt lat="31.388483" lon="120.0759">
        <ele>6.0</ele>
        <time>2026-04-19T00:21:15Z</time>
        <extensions><gpxtpx:TrackPointExtension>
          <gpxtpx:hr>167</gpxtpx:hr>
        </gpxtpx:TrackPointExtension></extensions>
      </trkpt>
      <trkpt lat="31.388518" lon="120.075921">
        <ele>6.0</ele>
        <time>2026-04-19T00:21:16Z</time>
        <extensions><gpxtpx:TrackPointExtension>
          <gpxtpx:hr>167</gpxtpx:hr>
        </gpxtpx:TrackPointExtension></extensions>
      </trkpt>
      <trkpt lat="31.388553" lon="120.075941">
        <ele>6.0</ele>
        <time>2026-04-19T00:21:17Z</time>
        <extensions><gpxtpx:TrackPointExtension>
          <gpxtpx:hr>167</gpxtpx:hr>
        </gpxtpx:TrackPointExtension></extensions>
      </trkpt>
      <trkpt lat="31.388586" lon="120.075962">
        <ele>6.0</ele>
        <time>2026-04-19T00:21:18Z</time>
        <extensions><gpxtpx:TrackPointExtension>
          <gpxtpx:hr>167</gpxtpx:hr>
        </gpxtpx:TrackPointExtension></extensions>
      </trkpt>
      <trkpt lat="31.38862" lon="120.075984">
        <ele>6.0</ele>
        <time>2026-04-19T00:21:19Z</time>
        <extensions><gpxtpx:TrackPointExtension>
          <gpxtpx:hr>168</gpxtpx:hr>
        </gpxtpx:TrackPointExtension></extensions>
      </trkpt>
      <trkpt lat="31.388653" lon="120.076007">
        <ele>6.0</ele>
        <time>2026-04-19T00:21:20Z</time>
        <extensions><gpxtpx:TrackPointExtension>
          <gpxtpx:hr>168</gpxtpx:hr>
        </gpxtpx:TrackPointExtension></extensions>
      </trkpt>
      <trkpt lat="31.388686" lon="120.07603">
        <ele>6.0</ele>
        <time>2026-04-19T00:21:21Z</time>
        <extensions><gpxtpx:TrackPointExtension>
          <gpxtpx:hr>169</gpxtpx:hr>
        </gpxtpx:TrackPointExtension></extensions>
      </trkpt>
      <trkpt lat="31.388718" lon="120.076053">
        <ele>6.0</ele>
        <time>2026-04-19T00:21:22Z</time>
        <extensions><gpxtpx:TrackPointExtension>
          <gpxtpx:hr>170</gpxtpx:hr>
        </gpxtpx:TrackPointExtension></extensions>
      </trkpt>
      <trkpt lat="31.388751" lon="120.076076">
        <ele>6.0</ele>
        <time>2026-04-19T00:21:23Z</time>
        <extensions><gpxtpx:TrackPointExtension>
          <gpxtpx:hr>171</gpxtpx:hr>
        </gpxtpx:TrackPointExtension></extensions>
      </trkpt>
      <trkpt lat="31.388784" lon="120.076099">
        <ele>6.0</ele>
        <time>2026-04-19T00:21:24Z</time>
        <extensions><gpxtpx:TrackPointExtension>
          <gpxtpx:hr>172</gpxtpx:hr>
        </gpxtpx:TrackPointExtension></extensions>
      </trkpt>
      <trkpt lat="31.388817" lon="120.076121">
        <ele>6.0</ele>
        <time>2026-04-19T00:21:25Z</time>
        <extensions><gpxtpx:TrackPointExtension>
          <gpxtpx:hr>172</gpxtpx:hr>
        </gpxtpx:TrackPointExtension></extensions>
      </trkpt>
      <trkpt lat="31.38885" lon="120.076143">
        <ele>6.0</ele>
        <time>2026-04-19T00:21:26Z</time>
        <extensions><gpxtpx:TrackPointExtension>
          <gpxtpx:hr>173</gpxtpx:hr>
        </gpxtpx:TrackPointExtension></extensions>
      </trkpt>
      <trkpt lat="31.388884" lon="120.076164">
        <ele>6.0</ele>
        <time>2026-04-19T00:21:27Z</time>
        <extensions><gpxtpx:TrackPointExtension>
          <gpxtpx:hr>174</gpxtpx:hr>
        </gpxtpx:TrackPointExtension></extensions>
      </trkpt>
      <trkpt lat="31.388917" lon="120.076185">
        <ele>6.0</ele>
        <time>2026-04-19T00:21:28Z</time>
        <extensions><gpxtpx:TrackPointExtension>
          <gpxtpx:hr>174</gpxtpx:hr>
        </gpxtpx:TrackPointExtension></extensions>
      </trkpt>
      <trkpt lat="31.38895" lon="120.076205">
        <ele>6.0</ele>
        <time>2026-04-19T00:21:29Z</time>
        <extensions><gpxtpx:TrackPointExtension>
          <gpxtpx:hr>175</gpxtpx:hr>
        </gpxtpx:TrackPointExtension></extensions>
      </trkpt>
      <trkpt lat="31.388983" lon="120.076226">
        <ele>6.0</ele>
        <time>2026-04-19T00:21:30Z</time>
        <extensions><gpxtpx:TrackPointExtension>
          <gpxtpx:hr>176</gpxtpx:hr>
        </gpxtpx:TrackPointExtension></extensions>
      </trkpt>
      <trkpt lat="31.389015" lon="120.076246">
        <ele>6.0</ele>
        <time>2026-04-19T00:21:31Z</time>
        <extensions><gpxtpx:TrackPointExtension>
          <gpxtpx:hr>175</gpxtpx:hr>
        </gpxtpx:TrackPointExtension></extensions>
      </trkpt>
      <trkpt lat="31.389048" lon="120.076269">
        <ele>6.0</ele>
        <time>2026-04-19T00:21:32Z</time>
        <extensions><gpxtpx:TrackPointExtension>
          <gpxtpx:hr>176</gpxtpx:hr>
        </gpxtpx:TrackPointExtension></extensions>
      </trkpt>
      <trkpt lat="31.38908" lon="120.076291">
        <ele>6.0</ele>
        <time>2026-04-19T00:21:33Z</time>
        <extensions><gpxtpx:TrackPointExtension>
          <gpxtpx:hr>176</gpxtpx:hr>
        </gpxtpx:TrackPointExtension></extensions>
      </trkpt>
      <trkpt lat="31.389113" lon="120.076314">
        <ele>6.0</ele>
        <time>2026-04-19T00:21:34Z</time>
        <extensions><gpxtpx:TrackPointExtension>
          <gpxtpx:hr>175</gpxtpx:hr>
        </gpxtpx:TrackPointExtension></extensions>
      </trkpt>
      <trkpt lat="31.389146" lon="120.076337">
        <ele>6.0</ele>
        <time>2026-04-19T00:21:35Z</time>
        <extensions><gpxtpx:TrackPointExtension>
          <gpxtpx:hr>175</gpxtpx:hr>
        </gpxtpx:TrackPointExtension></extensions>
      </trkpt>
      <trkpt lat="31.389178" lon="120.076359">
        <ele>6.0</ele>
        <time>2026-04-19T00:21:36Z</time>
        <extensions><gpxtpx:TrackPointExtension>
          <gpxtpx:hr>174</gpxtpx:hr>
        </gpxtpx:TrackPointExtension></extensions>
      </trkpt>
      <trkpt lat="31.38921" lon="120.076381">
        <ele>6.0</ele>
        <time>2026-04-19T00:21:37Z</time>
        <extensions><gpxtpx:TrackPointExtension>
          <gpxtpx:hr>174</gpxtpx:hr>
        </gpxtpx:TrackPointExtension></extensions>
      </trkpt>
      <trkpt lat="31.389243" lon="120.076403">
        <ele>6.0</ele>
        <time>2026-04-19T00:21:38Z</time>
        <extensions><gpxtpx:TrackPointExtension>
          <gpxtpx:hr>175</gpxtpx:hr>
        </gpxtpx:TrackPointExtension></extensions>
      </trkpt>
      <trkpt lat="31.389275" lon="120.076425">
        <ele>6.0</ele>
        <time>2026-04-19T00:21:39Z</time>
        <extensions><gpxtpx:TrackPointExtension>
          <gpxtpx:hr>175</gpxtpx:hr>
        </gpxtpx:TrackPointExtension></extensions>
      </trkpt>
      <trkpt lat="31.389307" lon="120.076449">
        <ele>6.0</ele>
        <time>2026-04-19T00:21:40Z</time>
        <extensions><gpxtpx:TrackPointExtension>
          <gpxtpx:hr>177</gpxtpx:hr>
        </gpxtpx:TrackPointExtension></extensions>
      </trkpt>
      <trkpt lat="31.389338" lon="120.076473">
        <ele>6.0</ele>
        <time>2026-04-19T00:21:41Z</time>
        <extensions><gpxtpx:TrackPointExtension>
          <gpxtpx:hr>178</gpxtpx:hr>
        </gpxtpx:TrackPointExtension></extensions>
      </trkpt>
      <trkpt lat="31.389369" lon="120.076499">
        <ele>6.0</ele>
        <time>2026-04-19T00:21:42Z</time>
        <extensions><gpxtpx:TrackPointExtension>
          <gpxtpx:hr>178</gpxtpx:hr>
        </gpxtpx:TrackPointExtension></extensions>
      </trkpt>
      <trkpt lat="31.3894" lon="120.076525">
        <ele>6.0</ele>
        <time>2026-04-19T00:21:43Z</time>
        <extensions><gpxtpx:TrackPointExtension>
          <gpxtpx:hr>179</gpxtpx:hr>
        </gpxtpx:TrackPointExtension></extensions>
      </trkpt>
      <trkpt lat="31.389431" lon="120.076553">
        <ele>6.0</ele>
        <time>2026-04-19T00:21:44Z</time>
        <extensions><gpxtpx:TrackPointExtension>
          <gpxtpx:hr>178</gpxtpx:hr>
        </gpxtpx:TrackPointExtension></extensions>
      </trkpt>
      <trkpt lat="31.389461" lon="120.076581">
        <ele>6.0</ele>
        <time>2026-04-19T00:21:45Z</time>
        <extensions><gpxtpx:TrackPointExtension>
          <gpxtpx:hr>179</gpxtpx:hr>
        </gpxtpx:TrackPointExtension></extensions>
      </trkpt>
      <trkpt lat="31.389493" lon="120.076608">
        <ele>6.0</ele>
        <time>2026-04-19T00:21:46Z</time>
        <extensions><gpxtpx:TrackPointExtension>
          <gpxtpx:hr>178</gpxtpx:hr>
        </gpxtpx:TrackPointExtension></extensions>
      </trkpt>
      <trkpt lat="31.389525" lon="120.076636">
        <ele>6.0</ele>
        <time>2026-04-19T00:21:47Z</time>
        <extensions><gpxtpx:TrackPointExtension>
          <gpxtpx:hr>178</gpxtpx:hr>
        </gpxtpx:TrackPointExtension></extensions>
      </trkpt>
      <trkpt lat="31.389558" lon="120.076662">
        <ele>6.0</ele>
        <time>2026-04-19T00:21:48Z</time>
        <extensions><gpxtpx:TrackPointExtension>
          <gpxtpx:hr>178</gpxtpx:hr>
        </gpxtpx:TrackPointExtension></extensions>
      </trkpt>
      <trkpt lat="31.389591" lon="120.076688">
        <ele>6.0</ele>
        <time>2026-04-19T00:21:49Z</time>
        <extensions><gpxtpx:TrackPointExtension>
          <gpxtpx:hr>178</gpxtpx:hr>
        </gpxtpx:TrackPointExtension></extensions>
      </trkpt>
      <trkpt lat="31.389624" lon="120.076712">
        <ele>6.0</ele>
        <time>2026-04-19T00:21:50Z</time>
        <extensions><gpxtpx:TrackPointExtension>
          <gpxtpx:hr>178</gpxtpx:hr>
        </gpxtpx:TrackPointExtension></extensions>
      </trkpt>
      <trkpt lat="31.389658" lon="120.076737">
        <ele>6.0</ele>
        <time>2026-04-19T00:21:51Z</time>
        <extensions><gpxtpx:TrackPointExtension>
          <gpxtpx:hr>178</gpxtpx:hr>
        </gpxtpx:TrackPointExtension></extensions>
      </trkpt>
      <trkpt lat="31.389693" lon="120.076761">
        <ele>6.0</ele>
        <time>2026-04-19T00:21:52Z</time>
        <extensions><gpxtpx:TrackPointExtension>
          <gpxtpx:hr>178</gpxtpx:hr>
        </gpxtpx:TrackPointExtension></extensions>
      </trkpt>
      <trkpt lat="31.389727" lon="120.076784">
        <ele>6.0</ele>
        <time>2026-04-19T00:21:53Z</time>
        <extensions><gpxtpx:TrackPointExtension>
          <gpxtpx:hr>178</gpxtpx:hr>
        </gpxtpx:TrackPointExtension></extensions>
      </trkpt>
      <trkpt lat="31.389762" lon="120.076809">
        <ele>6.0</ele>
        <time>2026-04-19T00:21:54Z</time>
        <extensions><gpxtpx:TrackPointExtension>
          <gpxtpx:hr>178</gpxtpx:hr>
        </gpxtpx:TrackPointExtension></extensions>
      </trkpt>
      <trkpt lat="31.389797" lon="120.076833">
        <ele>6.0</ele>
        <time>2026-04-19T00:21:55Z</time>
        <extensions><gpxtpx:TrackPointExtension>
          <gpxtpx:hr>179</gpxtpx:hr>
        </gpxtpx:TrackPointExtension></extensions>
      </trkpt>
      <trkpt lat="31.389832" lon="120.076858">
        <ele>6.0</ele>
        <time>2026-04-19T00:21:56Z</time>
        <extensions><gpxtpx:TrackPointExtension>
          <gpxtpx:hr>178</gpxtpx:hr>
        </gpxtpx:TrackPointExtension></extensions>
      </trkpt>
      <trkpt lat="31.389868" lon="120.076883">
        <ele>6.0</ele>
        <time>2026-04-19T00:21:57Z</time>
        <extensions><gpxtpx:TrackPointExtension>
          <gpxtpx:hr>179</gpxtpx:hr>
        </gpxtpx:TrackPointExtension></extensions>
      </trkpt>
      <trkpt lat="31.389903" lon="120.076908">
        <ele>6.0</ele>
        <time>2026-04-19T00:21:58Z</time>
        <extensions><gpxtpx:TrackPointExtension>
          <gpxtpx:hr>178</gpxtpx:hr>
        </gpxtpx:TrackPointExtension></extensions>
      </trkpt>
      <trkpt lat="31.389938" lon="120.076933">
        <ele>6.0</ele>
        <time>2026-04-19T00:21:59Z</time>
        <extensions><gpxtpx:TrackPointExtension>
          <gpxtpx:hr>178</gpxtpx:hr>
        </gpxtpx:TrackPointExtension></extensions>
      </trkpt>
      <trkpt lat="31.389972" lon="120.076957">
        <ele>6.0</ele>
        <time>2026-04-19T00:22:00Z</time>
        <extensions><gpxtpx:TrackPointExtension>
          <gpxtpx:hr>177</gpxtpx:hr>
        </gpxtpx:TrackPointExtension></extensions>
      </trkpt>
      <trkpt lat="31.390006" lon="120.076981">
        <ele>6.0</ele>
        <time>2026-04-19T00:22:01Z</time>
        <extensions><gpxtpx:TrackPointExtension>
          <gpxtpx:hr>177</gpxtpx:hr>
        </gpxtpx:TrackPointExtension></extensions>
      </trkpt>
      <trkpt lat="31.39004" lon="120.077005">
        <ele>6.0</ele>
        <time>2026-04-19T00:22:02Z</time>
        <extensions><gpxtpx:TrackPointExtension>
          <gpxtpx:hr>176</gpxtpx:hr>
        </gpxtpx:TrackPointExtension></extensions>
      </trkpt>
      <trkpt lat="31.390073" lon="120.077028">
        <ele>6.0</ele>
        <time>2026-04-19T00:22:03Z</time>
        <extensions><gpxtpx:TrackPointExtension>
          <gpxtpx:hr>176</gpxtpx:hr>
        </gpxtpx:TrackPointExtension></extensions>
      </trkpt>
      <trkpt lat="31.390107" lon="120.077053">
        <ele>6.0</ele>
        <time>2026-04-19T00:22:04Z</time>
        <extensions><gpxtpx:TrackPointExtension>
          <gpxtpx:hr>176</gpxtpx:hr>
        </gpxtpx:TrackPointExtension></extensions>
      </trkpt>
      <trkpt lat="31.390141" lon="120.077077">
        <ele>6.0</ele>
        <time>2026-04-19T00:22:05Z</time>
        <extensions><gpxtpx:TrackPointExtension>
          <gpxtpx:hr>175</gpxtpx:hr>
        </gpxtpx:TrackPointExtension></extensions>
      </trkpt>
      <trkpt lat="31.390175" lon="120.077101">
        <ele>6.0</ele>
        <time>2026-04-19T00:22:06Z</time>
        <extensions><gpxtpx:TrackPointExtension>
          <gpxtpx:hr>175</gpxtpx:hr>
        </gpxtpx:TrackPointExtension></extensions>
      </trkpt>
      <trkpt lat="31.390209" lon="120.077125">
        <ele>5.0</ele>
        <time>2026-04-19T00:22:07Z</time>
        <extensions><gpxtpx:TrackPointExtension>
          <gpxtpx:hr>175</gpxtpx:hr>
        </gpxtpx:TrackPointExtension></extensions>
      </trkpt>
      <trkpt lat="31.390243" lon="120.077148">
        <ele>5.0</ele>
        <time>2026-04-19T00:22:08Z</time>
        <extensions><gpxtpx:TrackPointExtension>
          <gpxtpx:hr>174</gpxtpx:hr>
        </gpxtpx:TrackPointExtension></extensions>
      </trkpt>
      <trkpt lat="31.390277" lon="120.077172">
        <ele>5.0</ele>
        <time>2026-04-19T00:22:09Z</time>
        <extensions><gpxtpx:TrackPointExtension>
          <gpxtpx:hr>174</gpxtpx:hr>
        </gpxtpx:TrackPointExtension></extensions>
      </trkpt>
      <trkpt lat="31.390311" lon="120.077195">
        <ele>5.0</ele>
        <time>2026-04-19T00:22:10Z</time>
        <extensions><gpxtpx:TrackPointExtension>
          <gpxtpx:hr>173</gpxtpx:hr>
        </gpxtpx:TrackPointExtension></extensions>
      </trkpt>
      <trkpt lat="31.390345" lon="120.077218">
        <ele>5.0</ele>
        <time>2026-04-19T00:22:11Z</time>
        <extensions><gpxtpx:TrackPointExtension>
          <gpxtpx:hr>173</gpxtpx:hr>
        </gpxtpx:TrackPointExtension></extensions>
      </trkpt>
      <trkpt lat="31.390379" lon="120.077242">
        <ele>5.0</ele>
        <time>2026-04-19T00:22:12Z</time>
        <extensions><gpxtpx:TrackPointExtension>
          <gpxtpx:hr>173</gpxtpx:hr>
        </gpxtpx:TrackPointExtension></extensions>
      </trkpt>
      <trkpt lat="31.390413" lon="120.077265">
        <ele>5.0</ele>
        <time>2026-04-19T00:22:13Z</time>
        <extensions><gpxtpx:TrackPointExtension>
          <gpxtpx:hr>173</gpxtpx:hr>
        </gpxtpx:TrackPointExtension></extensions>
      </trkpt>
      <trkpt lat="31.390445" lon="120.07729">
        <ele>5.0</ele>
        <time>2026-04-19T00:22:14Z</time>
        <extensions><gpxtpx:TrackPointExtension>
          <gpxtpx:hr>173</gpxtpx:hr>
        </gpxtpx:TrackPointExtension></extensions>
      </trkpt>
      <trkpt lat="31.390477" lon="120.077314">
        <ele>5.0</ele>
        <time>2026-04-19T00:22:15Z</time>
        <extensions><gpxtpx:TrackPointExtension>
          <gpxtpx:hr>173</gpxtpx:hr>
        </gpxtpx:TrackPointExtension></extensions>
      </trkpt>
      <trkpt lat="31.390509" lon="120.07734">
        <ele>5.0</ele>
        <time>2026-04-19T00:22:16Z</time>
        <extensions><gpxtpx:TrackPointExtension>
          <gpxtpx:hr>172</gpxtpx:hr>
        </gpxtpx:TrackPointExtension></extensions>
      </trkpt>
      <trkpt lat="31.39054" lon="120.077367">
        <ele>5.0</ele>
        <time>2026-04-19T00:22:17Z</time>
        <extensions><gpxtpx:TrackPointExtension>
          <gpxtpx:hr>172</gpxtpx:hr>
        </gpxtpx:TrackPointExtension></extensions>
      </trkpt>
      <trkpt lat="31.390571" lon="120.077393">
        <ele>5.0</ele>
        <time>2026-04-19T00:22:18Z</time>
        <extensions><gpxtpx:TrackPointExtension>
          <gpxtpx:hr>172</gpxtpx:hr>
        </gpxtpx:TrackPointExtension></extensions>
      </trkpt>
      <trkpt lat="31.390603" lon="120.077419">
        <ele>5.0</ele>
        <time>2026-04-19T00:22:19Z</time>
        <extensions><gpxtpx:TrackPointExtension>
          <gpxtpx:hr>172</gpxtpx:hr>
        </gpxtpx:TrackPointExtension></extensions>
      </trkpt>
      <trkpt lat="31.390635" lon="120.077443">
        <ele>5.0</ele>
        <time>2026-04-19T00:22:20Z</time>
        <extensions><gpxtpx:TrackPointExtension>
          <gpxtpx:hr>172</gpxtpx:hr>
        </gpxtpx:TrackPointExtension></extensions>
      </trkpt>
      <trkpt lat="31.390668" lon="120.077467">
        <ele>5.0</ele>
        <time>2026-04-19T00:22:21Z</time>
        <extensions><gpxtpx:TrackPointExtension>
          <gpxtpx:hr>171</gpxtpx:hr>
        </gpxtpx:TrackPointExtension></extensions>
      </trkpt>
      <trkpt lat="31.3907" lon="120.077491">
        <ele>5.0</ele>
        <time>2026-04-19T00:22:22Z</time>
        <extensions><gpxtpx:TrackPointExtension>
          <gpxtpx:hr>172</gpxtpx:hr>
        </gpxtpx:TrackPointExtension></extensions>
      </trkpt>
      <trkpt lat="31.390733" lon="120.077514">
        <ele>5.0</ele>
        <time>2026-04-19T00:22:23Z</time>
        <extensions><gpxtpx:TrackPointExtension>
          <gpxtpx:hr>171</gpxtpx:hr>
        </gpxtpx:TrackPointExtension></extensions>
      </trkpt>
      <trkpt lat="31.390764" lon="120.077538">
        <ele>5.0</ele>
        <time>2026-04-19T00:22:24Z</time>
        <extensions><gpxtpx:TrackPointExtension>
          <gpxtpx:hr>171</gpxtpx:hr>
        </gpxtpx:TrackPointExtension></extensions>
      </trkpt>
      <trkpt lat="31.390796" lon="120.077561">
        <ele>5.0</ele>
        <time>2026-04-19T00:22:25Z</time>
        <extensions><gpxtpx:TrackPointExtension>
          <gpxtpx:hr>171</gpxtpx:hr>
        </gpxtpx:TrackPointExtension></extensions>
      </trkpt>
      <trkpt lat="31.390826" lon="120.077585">
        <ele>5.0</ele>
        <time>2026-04-19T00:22:26Z</time>
        <extensions><gpxtpx:TrackPointExtension>
          <gpxtpx:hr>170</gpxtpx:hr>
        </gpxtpx:TrackPointExtension></extensions>
      </trkpt>
      <trkpt lat="31.390856" lon="120.07761">
        <ele>5.0</ele>
        <time>2026-04-19T00:22:27Z</time>
        <extensions><gpxtpx:TrackPointExtension>
          <gpxtpx:hr>170</gpxtpx:hr>
        </gpxtpx:TrackPointExtension></extensions>
      </trkpt>
      <trkpt lat="31.390886" lon="120.077635">
        <ele>5.0</ele>
        <time>2026-04-19T00:22:28Z</time>
        <extensions><gpxtpx:TrackPointExtension>
          <gpxtpx:hr>170</gpxtpx:hr>
        </gpxtpx:TrackPointExtension></extensions>
      </trkpt>
      <trkpt lat="31.390916" lon="120.07766">
        <ele>5.0</ele>
        <time>2026-04-19T00:22:29Z</time>
        <extensions><gpxtpx:TrackPointExtension>
          <gpxtpx:hr>169</gpxtpx:hr>
        </gpxtpx:TrackPointExtension></extensions>
      </trkpt>
      <trkpt lat="31.390946" lon="120.077685">
        <ele>5.0</ele>
        <time>2026-04-19T00:22:30Z</time>
        <extensions><gpxtpx:TrackPointExtension>
          <gpxtpx:hr>169</gpxtpx:hr>
        </gpxtpx:TrackPointExtension></extensions>
      </trkpt>
      <trkpt lat="31.390976" lon="120.077711">
        <ele>5.0</ele>
        <time>2026-04-19T00:22:31Z</time>
        <extensions><gpxtpx:TrackPointExtension>
          <gpxtpx:hr>169</gpxtpx:hr>
        </gpxtpx:TrackPointExtension></extensions>
      </trkpt>
      <trkpt lat="31.391006" lon="120.077736">
        <ele>5.0</ele>
        <time>2026-04-19T00:22:32Z</time>
        <extensions><gpxtpx:TrackPointExtension>
          <gpxtpx:hr>169</gpxtpx:hr>
        </gpxtpx:TrackPointExtension></extensions>
      </trkpt>
      <trkpt lat="31.391036" lon="120.07776">
        <ele>5.0</ele>
        <time>2026-04-19T00:22:33Z</time>
        <extensions><gpxtpx:TrackPointExtension>
          <gpxtpx:hr>169</gpxtpx:hr>
        </gpxtpx:TrackPointExtension></extensions>
      </trkpt>
      <trkpt lat="31.391067" lon="120.077784">
        <ele>5.0</ele>
        <time>2026-04-19T00:22:34Z</time>
        <extensions><gpxtpx:TrackPointExtension>
          <gpxtpx:hr>169</gpxtpx:hr>
        </gpxtpx:TrackPointExtension></extensions>
      </trkpt>
      <trkpt lat="31.391098" lon="120.077807">
        <ele>5.0</ele>
        <time>2026-04-19T00:22:35Z</time>
        <extensions><gpxtpx:TrackPointExtension>
          <gpxtpx:hr>168</gpxtpx:hr>
        </gpxtpx:TrackPointExtension></extensions>
      </trkpt>
      <trkpt lat="31.391129" lon="120.07783">
        <ele>5.0</ele>
        <time>2026-04-19T00:22:36Z</time>
        <extensions><gpxtpx:TrackPointExtension>
          <gpxtpx:hr>168</gpxtpx:hr>
        </gpxtpx:TrackPointExtension></extensions>
      </trkpt>
      <trkpt lat="31.391161" lon="120.077853">
        <ele>5.0</ele>
        <time>2026-04-19T00:22:37Z</time>
        <extensions><gpxtpx:TrackPointExtension>
          <gpxtpx:hr>168</gpxtpx:hr>
        </gpxtpx:TrackPointExtension></extensions>
      </trkpt>
      <trkpt lat="31.391193" lon="120.077876">
        <ele>5.0</ele>
        <time>2026-04-19T00:22:38Z</time>
        <extensions><gpxtpx:TrackPointExtension>
          <gpxtpx:hr>168</gpxtpx:hr>
        </gpxtpx:TrackPointExtension></extensions>
      </trkpt>
      <trkpt lat="31.391225" lon="120.077899">
        <ele>5.0</ele>
        <time>2026-04-19T00:22:39Z</time>
        <extensions><gpxtpx:TrackPointExtension>
          <gpxtpx:hr>168</gpxtpx:hr>
        </gpxtpx:TrackPointExtension></extensions>
      </trkpt>
      <trkpt lat="31.391258" lon="120.077922">
        <ele>5.0</ele>
        <time>2026-04-19T00:22:40Z</time>
        <extensions><gpxtpx:TrackPointExtension>
          <gpxtpx:hr>168</gpxtpx:hr>
        </gpxtpx:TrackPointExtension></extensions>
      </trkpt>
      <trkpt lat="31.39129" lon="120.077945">
        <ele>5.0</ele>
        <time>2026-04-19T00:22:41Z</time>
        <extensions><gpxtpx:TrackPointExtension>
          <gpxtpx:hr>168</gpxtpx:hr>
        </gpxtpx:TrackPointExtension></extensions>
      </trkpt>
      <trkpt lat="31.391323" lon="120.077969">
        <ele>5.0</ele>
        <time>2026-04-19T00:22:42Z</time>
        <extensions><gpxtpx:TrackPointExtension>
          <gpxtpx:hr>168</gpxtpx:hr>
        </gpxtpx:TrackPointExtension></extensions>
      </trkpt>
      <trkpt lat="31.391356" lon="120.077993">
        <ele>5.0</ele>
        <time>2026-04-19T00:22:43Z</time>
        <extensions><gpxtpx:TrackPointExtension>
          <gpxtpx:hr>169</gpxtpx:hr>
        </gpxtpx:TrackPointExtension></extensions>
      </trkpt>
      <trkpt lat="31.391389" lon="120.078017">
        <ele>5.0</ele>
        <time>2026-04-19T00:22:44Z</time>
        <extensions><gpxtpx:TrackPointExtension>
          <gpxtpx:hr>169</gpxtpx:hr>
        </gpxtpx:TrackPointExtension></extensions>
      </trkpt>
      <trkpt lat="31.391422" lon="120.078041">
        <ele>5.0</ele>
        <time>2026-04-19T00:22:45Z</time>
        <extensions><gpxtpx:TrackPointExtension>
          <gpxtpx:hr>169</gpxtpx:hr>
        </gpxtpx:TrackPointExtension></extensions>
      </trkpt>
      <trkpt lat="31.391454" lon="120.078064">
        <ele>6.0</ele>
        <time>2026-04-19T00:22:46Z</time>
        <extensions><gpxtpx:TrackPointExtension>
          <gpxtpx:hr>169</gpxtpx:hr>
        </gpxtpx:TrackPointExtension></extensions>
      </trkpt>
      <trkpt lat="31.391486" lon="120.078087">
        <ele>6.0</ele>
        <time>2026-04-19T00:22:47Z</time>
        <extensions><gpxtpx:TrackPointExtension>
          <gpxtpx:hr>169</gpxtpx:hr>
        </gpxtpx:TrackPointExtension></extensions>
      </trkpt>
      <trkpt lat="31.391517" lon="120.078109">
        <ele>6.0</ele>
        <time>2026-04-19T00:22:48Z</time>
        <extensions><gpxtpx:TrackPointExtension>
          <gpxtpx:hr>169</gpxtpx:hr>
        </gpxtpx:TrackPointExtension></extensions>
      </trkpt>
      <trkpt lat="31.391549" lon="120.07813">
        <ele>6.0</ele>
        <time>2026-04-19T00:22:49Z</time>
        <extensions><gpxtpx:TrackPointExtension>
          <gpxtpx:hr>170</gpxtpx:hr>
        </gpxtpx:TrackPointExtension></extensions>
      </trkpt>
      <trkpt lat="31.39158" lon="120.078153">
        <ele>6.0</ele>
        <time>2026-04-19T00:22:50Z</time>
        <extensions><gpxtpx:TrackPointExtension>
          <gpxtpx:hr>170</gpxtpx:hr>
        </gpxtpx:TrackPointExtension></extensions>
      </trkpt>
      <trkpt lat="31.391611" lon="120.078177">
        <ele>6.0</ele>
        <time>2026-04-19T00:22:51Z</time>
        <extensions><gpxtpx:TrackPointExtension>
          <gpxtpx:hr>169</gpxtpx:hr>
        </gpxtpx:TrackPointExtension></extensions>
      </trkpt>
      <trkpt lat="31.391642" lon="120.078201">
        <ele>6.0</ele>
        <time>2026-04-19T00:22:52Z</time>
        <extensions><gpxtpx:TrackPointExtension>
          <gpxtpx:hr>169</gpxtpx:hr>
        </gpxtpx:TrackPointExtension></extensions>
      </trkpt>
      <trkpt lat="31.391673" lon="120.078226">
        <ele>6.0</ele>
        <time>2026-04-19T00:22:53Z</time>
        <extensions><gpxtpx:TrackPointExtension>
          <gpxtpx:hr>169</gpxtpx:hr>
        </gpxtpx:TrackPointExtension></extensions>
      </trkpt>
      <trkpt lat="31.391705" lon="120.078252">
        <ele>6.0</ele>
        <time>2026-04-19T00:22:54Z</time>
        <extensions><gpxtpx:TrackPointExtension>
          <gpxtpx:hr>168</gpxtpx:hr>
        </gpxtpx:TrackPointExtension></extensions>
      </trkpt>
      <trkpt lat="31.391737" lon="120.078278">
        <ele>6.0</ele>
        <time>2026-04-19T00:22:55Z</time>
        <extensions><gpxtpx:TrackPointExtension>
          <gpxtpx:hr>168</gpxtpx:hr>
        </gpxtpx:TrackPointExtension></extensions>
      </trkpt>
      <trkpt lat="31.391769" lon="120.078304">
        <ele>6.0</ele>
        <time>2026-04-19T00:22:56Z</time>
        <extensions><gpxtpx:TrackPointExtension>
          <gpxtpx:hr>167</gpxtpx:hr>
        </gpxtpx:TrackPointExtension></extensions>
      </trkpt>
      <trkpt lat="31.391801" lon="120.07833">
        <ele>6.0</ele>
        <time>2026-04-19T00:22:57Z</time>
        <extensions><gpxtpx:TrackPointExtension>
          <gpxtpx:hr>167</gpxtpx:hr>
        </gpxtpx:TrackPointExtension></extensions>
      </trkpt>
      <trkpt lat="31.391833" lon="120.078355">
        <ele>6.0</ele>
        <time>2026-04-19T00:22:58Z</time>
        <extensions><gpxtpx:TrackPointExtension>
          <gpxtpx:hr>167</gpxtpx:hr>
        </gpxtpx:TrackPointExtension></extensions>
      </trkpt>
      <trkpt lat="31.391865" lon="120.07838">
        <ele>6.0</ele>
        <time>2026-04-19T00:22:59Z</time>
        <extensions><gpxtpx:TrackPointExtension>
          <gpxtpx:hr>166</gpxtpx:hr>
        </gpxtpx:TrackPointExtension></extensions>
      </trkpt>
      <trkpt lat="31.391897" lon="120.078403">
        <ele>6.0</ele>
        <time>2026-04-19T00:23:00Z</time>
        <extensions><gpxtpx:TrackPointExtension>
          <gpxtpx:hr>166</gpxtpx:hr>
        </gpxtpx:TrackPointExtension></extensions>
      </trkpt>
      <trkpt lat="31.391929" lon="120.078427">
        <ele>6.0</ele>
        <time>2026-04-19T00:23:01Z</time>
        <extensions><gpxtpx:TrackPointExtension>
          <gpxtpx:hr>166</gpxtpx:hr>
        </gpxtpx:TrackPointExtension></extensions>
      </trkpt>
      <trkpt lat="31.391961" lon="120.078449">
        <ele>6.0</ele>
        <time>2026-04-19T00:23:02Z</time>
        <extensions><gpxtpx:TrackPointExtension>
          <gpxtpx:hr>166</gpxtpx:hr>
        </gpxtpx:TrackPointExtension></extensions>
      </trkpt>
      <trkpt lat="31.391993" lon="120.078472">
        <ele>6.0</ele>
        <time>2026-04-19T00:23:03Z</time>
        <extensions><gpxtpx:TrackPointExtension>
          <gpxtpx:hr>167</gpxtpx:hr>
        </gpxtpx:TrackPointExtension></extensions>
      </trkpt>
      <trkpt lat="31.392024" lon="120.078494">
        <ele>6.0</ele>
        <time>2026-04-19T00:23:04Z</time>
        <extensions><gpxtpx:TrackPointExtension>
          <gpxtpx:hr>167</gpxtpx:hr>
        </gpxtpx:TrackPointExtension></extensions>
      </trkpt>
      <trkpt lat="31.392056" lon="120.078517">
        <ele>6.0</ele>
        <time>2026-04-19T00:23:05Z</time>
        <extensions><gpxtpx:TrackPointExtension>
          <gpxtpx:hr>167</gpxtpx:hr>
        </gpxtpx:TrackPointExtension></extensions>
      </trkpt>
      <trkpt lat="31.392087" lon="120.078541">
        <ele>6.0</ele>
        <time>2026-04-19T00:23:06Z</time>
        <extensions><gpxtpx:TrackPointExtension>
          <gpxtpx:hr>167</gpxtpx:hr>
        </gpxtpx:TrackPointExtension></extensions>
      </trkpt>
      <trkpt lat="31.392118" lon="120.078565">
        <ele>6.0</ele>
        <time>2026-04-19T00:23:07Z</time>
        <extensions><gpxtpx:TrackPointExtension>
          <gpxtpx:hr>167</gpxtpx:hr>
        </gpxtpx:TrackPointExtension></extensions>
      </trkpt>
      <trkpt lat="31.392149" lon="120.07859">
        <ele>6.0</ele>
        <time>2026-04-19T00:23:08Z</time>
        <extensions><gpxtpx:TrackPointExtension>
          <gpxtpx:hr>167</gpxtpx:hr>
        </gpxtpx:TrackPointExtension></extensions>
      </trkpt>
      <trkpt lat="31.39218" lon="120.078615">
        <ele>6.0</ele>
        <time>2026-04-19T00:23:09Z</time>
        <extensions><gpxtpx:TrackPointExtension>
          <gpxtpx:hr>167</gpxtpx:hr>
        </gpxtpx:TrackPointExtension></extensions>
      </trkpt>
      <trkpt lat="31.392212" lon="120.07864">
        <ele>6.0</ele>
        <time>2026-04-19T00:23:10Z</time>
        <extensions><gpxtpx:TrackPointExtension>
          <gpxtpx:hr>167</gpxtpx:hr>
        </gpxtpx:TrackPointExtension></extensions>
      </trkpt>
      <trkpt lat="31.392244" lon="120.078665">
        <ele>6.0</ele>
        <time>2026-04-19T00:23:11Z</time>
        <extensions><gpxtpx:TrackPointExtension>
          <gpxtpx:hr>167</gpxtpx:hr>
        </gpxtpx:TrackPointExtension></extensions>
      </trkpt>
      <trkpt lat="31.392277" lon="120.078689">
        <ele>6.0</ele>
        <time>2026-04-19T00:23:12Z</time>
        <extensions><gpxtpx:TrackPointExtension>
          <gpxtpx:hr>166</gpxtpx:hr>
        </gpxtpx:TrackPointExtension></extensions>
      </trkpt>
      <trkpt lat="31.392311" lon="120.078713">
        <ele>6.0</ele>
        <time>2026-04-19T00:23:13Z</time>
        <extensions><gpxtpx:TrackPointExtension>
          <gpxtpx:hr>166</gpxtpx:hr>
        </gpxtpx:TrackPointExtension></extensions>
      </trkpt>
      <trkpt lat="31.392344" lon="120.078736">
        <ele>6.0</ele>
        <time>2026-04-19T00:23:14Z</time>
        <extensions><gpxtpx:TrackPointExtension>
          <gpxtpx:hr>165</gpxtpx:hr>
        </gpxtpx:TrackPointExtension></extensions>
      </trkpt>
      <trkpt lat="31.392378" lon="120.078759">
        <ele>6.0</ele>
        <time>2026-04-19T00:23:15Z</time>
        <extensions><gpxtpx:TrackPointExtension>
          <gpxtpx:hr>165</gpxtpx:hr>
        </gpxtpx:TrackPointExtension></extensions>
      </trkpt>
      <trkpt lat="31.392412" lon="120.078781">
        <ele>6.0</ele>
        <time>2026-04-19T00:23:16Z</time>
        <extensions><gpxtpx:TrackPointExtension>
          <gpxtpx:hr>165</gpxtpx:hr>
        </gpxtpx:TrackPointExtension></extensions>
      </trkpt>
      <trkpt lat="31.392445" lon="120.078804">
        <ele>5.0</ele>
        <time>2026-04-19T00:23:17Z</time>
        <extensions><gpxtpx:TrackPointExtension>
          <gpxtpx:hr>165</gpxtpx:hr>
        </gpxtpx:TrackPointExtension></extensions>
      </trkpt>
      <trkpt lat="31.392478" lon="120.078825">
        <ele>5.0</ele>
        <time>2026-04-19T00:23:18Z</time>
        <extensions><gpxtpx:TrackPointExtension>
          <gpxtpx:hr>164</gpxtpx:hr>
        </gpxtpx:TrackPointExtension></extensions>
      </trkpt>
      <trkpt lat="31.392512" lon="120.078847">
        <ele>5.0</ele>
        <time>2026-04-19T00:23:19Z</time>
        <extensions><gpxtpx:TrackPointExtension>
          <gpxtpx:hr>164</gpxtpx:hr>
        </gpxtpx:TrackPointExtension></extensions>
      </trkpt>
      <trkpt lat="31.392544" lon="120.078869">
        <ele>5.0</ele>
        <time>2026-04-19T00:23:20Z</time>
        <extensions><gpxtpx:TrackPointExtension>
          <gpxtpx:hr>164</gpxtpx:hr>
        </gpxtpx:TrackPointExtension></extensions>
      </trkpt>
      <trkpt lat="31.392576" lon="120.07889">
        <ele>5.0</ele>
        <time>2026-04-19T00:23:21Z</time>
        <extensions><gpxtpx:TrackPointExtension>
          <gpxtpx:hr>165</gpxtpx:hr>
        </gpxtpx:TrackPointExtension></extensions>
      </trkpt>
      <trkpt lat="31.392608" lon="120.078913">
        <ele>5.0</ele>
        <time>2026-04-19T00:23:22Z</time>
        <extensions><gpxtpx:TrackPointExtension>
          <gpxtpx:hr>164</gpxtpx:hr>
        </gpxtpx:TrackPointExtension></extensions>
      </trkpt>
      <trkpt lat="31.39264" lon="120.078936">
        <ele>5.0</ele>
        <time>2026-04-19T00:23:23Z</time>
        <extensions><gpxtpx:TrackPointExtension>
          <gpxtpx:hr>165</gpxtpx:hr>
        </gpxtpx:TrackPointExtension></extensions>
      </trkpt>
      <trkpt lat="31.392671" lon="120.078959">
        <ele>5.0</ele>
        <time>2026-04-19T00:23:24Z</time>
        <extensions><gpxtpx:TrackPointExtension>
          <gpxtpx:hr>165</gpxtpx:hr>
        </gpxtpx:TrackPointExtension></extensions>
      </trkpt>
      <trkpt lat="31.392703" lon="120.078982">
        <ele>5.0</ele>
        <time>2026-04-19T00:23:25Z</time>
        <extensions><gpxtpx:TrackPointExtension>
          <gpxtpx:hr>165</gpxtpx:hr>
        </gpxtpx:TrackPointExtension></extensions>
      </trkpt>
      <trkpt lat="31.392735" lon="120.079006">
        <ele>5.0</ele>
        <time>2026-04-19T00:23:26Z</time>
        <extensions><gpxtpx:TrackPointExtension>
          <gpxtpx:hr>165</gpxtpx:hr>
        </gpxtpx:TrackPointExtension></extensions>
      </trkpt>
      <trkpt lat="31.392767" lon="120.079029">
        <ele>4.0</ele>
        <time>2026-04-19T00:23:27Z</time>
        <extensions><gpxtpx:TrackPointExtension>
          <gpxtpx:hr>164</gpxtpx:hr>
        </gpxtpx:TrackPointExtension></extensions>
      </trkpt>
      <trkpt lat="31.392798" lon="120.079052">
        <ele>4.0</ele>
        <time>2026-04-19T00:23:28Z</time>
        <extensions><gpxtpx:TrackPointExtension>
          <gpxtpx:hr>164</gpxtpx:hr>
        </gpxtpx:TrackPointExtension></extensions>
      </trkpt>
      <trkpt lat="31.392829" lon="120.079076">
        <ele>4.0</ele>
        <time>2026-04-19T00:23:29Z</time>
        <extensions><gpxtpx:TrackPointExtension>
          <gpxtpx:hr>164</gpxtpx:hr>
        </gpxtpx:TrackPointExtension></extensions>
      </trkpt>
      <trkpt lat="31.392861" lon="120.0791">
        <ele>4.0</ele>
        <time>2026-04-19T00:23:30Z</time>
        <extensions><gpxtpx:TrackPointExtension>
          <gpxtpx:hr>164</gpxtpx:hr>
        </gpxtpx:TrackPointExtension></extensions>
      </trkpt>
      <trkpt lat="31.392892" lon="120.079124">
        <ele>4.0</ele>
        <time>2026-04-19T00:23:31Z</time>
        <extensions><gpxtpx:TrackPointExtension>
          <gpxtpx:hr>164</gpxtpx:hr>
        </gpxtpx:TrackPointExtension></extensions>
      </trkpt>
      <trkpt lat="31.392924" lon="120.079147">
        <ele>4.0</ele>
        <time>2026-04-19T00:23:32Z</time>
        <extensions><gpxtpx:TrackPointExtension>
          <gpxtpx:hr>165</gpxtpx:hr>
        </gpxtpx:TrackPointExtension></extensions>
      </trkpt>
      <trkpt lat="31.392955" lon="120.079171">
        <ele>4.0</ele>
        <time>2026-04-19T00:23:33Z</time>
        <extensions><gpxtpx:TrackPointExtension>
          <gpxtpx:hr>165</gpxtpx:hr>
        </gpxtpx:TrackPointExtension></extensions>
      </trkpt>
      <trkpt lat="31.392986" lon="120.079194">
        <ele>4.0</ele>
        <time>2026-04-19T00:23:34Z</time>
        <extensions><gpxtpx:TrackPointExtension>
          <gpxtpx:hr>165</gpxtpx:hr>
        </gpxtpx:TrackPointExtension></extensions>
      </trkpt>
      <trkpt lat="31.393017" lon="120.079217">
        <ele>4.0</ele>
        <time>2026-04-19T00:23:35Z</time>
        <extensions><gpxtpx:TrackPointExtension>
          <gpxtpx:hr>165</gpxtpx:hr>
        </gpxtpx:TrackPointExtension></extensions>
      </trkpt>
      <trkpt lat="31.393047" lon="120.07924">
        <ele>4.0</ele>
        <time>2026-04-19T00:23:36Z</time>
        <extensions><gpxtpx:TrackPointExtension>
          <gpxtpx:hr>164</gpxtpx:hr>
        </gpxtpx:TrackPointExtension></extensions>
      </trkpt>
      <trkpt lat="31.393077" lon="120.079263">
        <ele>4.0</ele>
        <time>2026-04-19T00:23:37Z</time>
        <extensions><gpxtpx:TrackPointExtension>
          <gpxtpx:hr>164</gpxtpx:hr>
        </gpxtpx:TrackPointExtension></extensions>
      </trkpt>
      <trkpt lat="31.393107" lon="120.079286">
        <ele>4.0</ele>
        <time>2026-04-19T00:23:38Z</time>
        <extensions><gpxtpx:TrackPointExtension>
          <gpxtpx:hr>164</gpxtpx:hr>
        </gpxtpx:TrackPointExtension></extensions>
      </trkpt>
      <trkpt lat="31.393137" lon="120.079309">
        <ele>4.0</ele>
        <time>2026-04-19T00:23:39Z</time>
        <extensions><gpxtpx:TrackPointExtension>
          <gpxtpx:hr>164</gpxtpx:hr>
        </gpxtpx:TrackPointExtension></extensions>
      </trkpt>
      <trkpt lat="31.393167" lon="120.079332">
        <ele>4.0</ele>
        <time>2026-04-19T00:23:40Z</time>
        <extensions><gpxtpx:TrackPointExtension>
          <gpxtpx:hr>164</gpxtpx:hr>
        </gpxtpx:TrackPointExtension></extensions>
      </trkpt>
      <trkpt lat="31.393197" lon="120.079355">
        <ele>4.0</ele>
        <time>2026-04-19T00:23:41Z</time>
        <extensions><gpxtpx:TrackPointExtension>
          <gpxtpx:hr>164</gpxtpx:hr>
        </gpxtpx:TrackPointExtension></extensions>
      </trkpt>
      <trkpt lat="31.393227" lon="120.079377">
        <ele>4.0</ele>
        <time>2026-04-19T00:23:42Z</time>
        <extensions><gpxtpx:TrackPointExtension>
          <gpxtpx:hr>164</gpxtpx:hr>
        </gpxtpx:TrackPointExtension></extensions>
      </trkpt>
      <trkpt lat="31.393258" lon="120.0794">
        <ele>4.0</ele>
        <time>2026-04-19T00:23:43Z</time>
        <extensions><gpxtpx:TrackPointExtension>
          <gpxtpx:hr>164</gpxtpx:hr>
        </gpxtpx:TrackPointExtension></extensions>
      </trkpt>
      <trkpt lat="31.393289" lon="120.079423">
        <ele>4.0</ele>
        <time>2026-04-19T00:23:44Z</time>
        <extensions><gpxtpx:TrackPointExtension>
          <gpxtpx:hr>164</gpxtpx:hr>
        </gpxtpx:TrackPointExtension></extensions>
      </trkpt>
      <trkpt lat="31.39332" lon="120.079446">
        <ele>4.0</ele>
        <time>2026-04-19T00:23:45Z</time>
        <extensions><gpxtpx:TrackPointExtension>
          <gpxtpx:hr>164</gpxtpx:hr>
        </gpxtpx:TrackPointExtension></extensions>
      </trkpt>
      <trkpt lat="31.393352" lon="120.079469">
        <ele>4.0</ele>
        <time>2026-04-19T00:23:46Z</time>
        <extensions><gpxtpx:TrackPointExtension>
          <gpxtpx:hr>164</gpxtpx:hr>
        </gpxtpx:TrackPointExtension></extensions>
      </trkpt>
      <trkpt lat="31.393383" lon="120.079492">
        <ele>4.0</ele>
        <time>2026-04-19T00:23:47Z</time>
        <extensions><gpxtpx:TrackPointExtension>
          <gpxtpx:hr>164</gpxtpx:hr>
        </gpxtpx:TrackPointExtension></extensions>
      </trkpt>
      <trkpt lat="31.393415" lon="120.079516">
        <ele>4.0</ele>
        <time>2026-04-19T00:23:48Z</time>
        <extensions><gpxtpx:TrackPointExtension>
          <gpxtpx:hr>165</gpxtpx:hr>
        </gpxtpx:TrackPointExtension></extensions>
      </trkpt>
      <trkpt lat="31.393448" lon="120.079539">
        <ele>4.0</ele>
        <time>2026-04-19T00:23:49Z</time>
        <extensions><gpxtpx:TrackPointExtension>
          <gpxtpx:hr>164</gpxtpx:hr>
        </gpxtpx:TrackPointExtension></extensions>
      </trkpt>
      <trkpt lat="31.39348" lon="120.079562">
        <ele>4.0</ele>
        <time>2026-04-19T00:23:50Z</time>
        <extensions><gpxtpx:TrackPointExtension>
          <gpxtpx:hr>164</gpxtpx:hr>
        </gpxtpx:TrackPointExtension></extensions>
      </trkpt>
      <trkpt lat="31.393511" lon="120.079584">
        <ele>4.0</ele>
        <time>2026-04-19T00:23:51Z</time>
        <extensions><gpxtpx:TrackPointExtension>
          <gpxtpx:hr>164</gpxtpx:hr>
        </gpxtpx:TrackPointExtension></extensions>
      </trkpt>
      <trkpt lat="31.393543" lon="120.079607">
        <ele>4.0</ele>
        <time>2026-04-19T00:23:52Z</time>
        <extensions><gpxtpx:TrackPointExtension>
          <gpxtpx:hr>164</gpxtpx:hr>
        </gpxtpx:TrackPointExtension></extensions>
      </trkpt>
      <trkpt lat="31.393575" lon="120.07963">
        <ele>4.0</ele>
        <time>2026-04-19T00:23:53Z</time>
        <extensions><gpxtpx:TrackPointExtension>
          <gpxtpx:hr>164</gpxtpx:hr>
        </gpxtpx:TrackPointExtension></extensions>
      </trkpt>
      <trkpt lat="31.393606" lon="120.079653">
        <ele>4.0</ele>
        <time>2026-04-19T00:23:54Z</time>
        <extensions><gpxtpx:TrackPointExtension>
          <gpxtpx:hr>164</gpxtpx:hr>
        </gpxtpx:TrackPointExtension></extensions>
      </trkpt>
      <trkpt lat="31.393637" lon="120.079676">
        <ele>4.0</ele>
        <time>2026-04-19T00:23:55Z</time>
        <extensions><gpxtpx:TrackPointExtension>
          <gpxtpx:hr>164</gpxtpx:hr>
        </gpxtpx:TrackPointExtension></extensions>
      </trkpt>
      <trkpt lat="31.393667" lon="120.0797">
        <ele>4.0</ele>
        <time>2026-04-19T00:23:56Z</time>
        <extensions><gpxtpx:TrackPointExtension>
          <gpxtpx:hr>164</gpxtpx:hr>
        </gpxtpx:TrackPointExtension></extensions>
      </trkpt>
      <trkpt lat="31.393698" lon="120.079724">
        <ele>4.0</ele>
        <time>2026-04-19T00:23:57Z</time>
        <extensions><gpxtpx:TrackPointExtension>
          <gpxtpx:hr>164</gpxtpx:hr>
        </gpxtpx:TrackPointExtension></extensions>
      </trkpt>
      <trkpt lat="31.393728" lon="120.079748">
        <ele>4.0</ele>
        <time>2026-04-19T00:23:58Z</time>
        <extensions><gpxtpx:TrackPointExtension>
          <gpxtpx:hr>165</gpxtpx:hr>
        </gpxtpx:TrackPointExtension></extensions>
      </trkpt>
      <trkpt lat="31.393758" lon="120.079772">
        <ele>4.0</ele>
        <time>2026-04-19T00:23:59Z</time>
        <extensions><gpxtpx:TrackPointExtension>
          <gpxtpx:hr>165</gpxtpx:hr>
        </gpxtpx:TrackPointExtension></extensions>
      </trkpt>
      <trkpt lat="31.393789" lon="120.079795">
        <ele>4.0</ele>
        <time>2026-04-19T00:24:00Z</time>
        <extensions><gpxtpx:TrackPointExtension>
          <gpxtpx:hr>165</gpxtpx:hr>
        </gpxtpx:TrackPointExtension></extensions>
      </trkpt>
      <trkpt lat="31.393819" lon="120.079819">
        <ele>4.0</ele>
        <time>2026-04-19T00:24:01Z</time>
        <extensions><gpxtpx:TrackPointExtension>
          <gpxtpx:hr>165</gpxtpx:hr>
        </gpxtpx:TrackPointExtension></extensions>
      </trkpt>
      <trkpt lat="31.39385" lon="120.079842">
        <ele>4.0</ele>
        <time>2026-04-19T00:24:02Z</time>
        <extensions><gpxtpx:TrackPointExtension>
          <gpxtpx:hr>165</gpxtpx:hr>
        </gpxtpx:TrackPointExtension></extensions>
      </trkpt>
      <trkpt lat="31.393881" lon="120.079865">
        <ele>4.0</ele>
        <time>2026-04-19T00:24:03Z</time>
        <extensions><gpxtpx:TrackPointExtension>
          <gpxtpx:hr>165</gpxtpx:hr>
        </gpxtpx:TrackPointExtension></extensions>
      </trkpt>
      <trkpt lat="31.393912" lon="120.079888">
        <ele>4.0</ele>
        <time>2026-04-19T00:24:04Z</time>
        <extensions><gpxtpx:TrackPointExtension>
          <gpxtpx:hr>165</gpxtpx:hr>
        </gpxtpx:TrackPointExtension></extensions>
      </trkpt>
      <trkpt lat="31.393943" lon="120.079911">
        <ele>4.0</ele>
        <time>2026-04-19T00:24:05Z</time>
        <extensions><gpxtpx:TrackPointExtension>
          <gpxtpx:hr>165</gpxtpx:hr>
        </gpxtpx:TrackPointExtension></extensions>
      </trkpt>
      <trkpt lat="31.393973" lon="120.079934">
        <ele>5.0</ele>
        <time>2026-04-19T00:24:06Z</time>
        <extensions><gpxtpx:TrackPointExtension>
          <gpxtpx:hr>165</gpxtpx:hr>
        </gpxtpx:TrackPointExtension></extensions>
      </trkpt>
      <trkpt lat="31.394003" lon="120.079957">
        <ele>5.0</ele>
        <time>2026-04-19T00:24:07Z</time>
        <extensions><gpxtpx:TrackPointExtension>
          <gpxtpx:hr>165</gpxtpx:hr>
        </gpxtpx:TrackPointExtension></extensions>
      </trkpt>
      <trkpt lat="31.394033" lon="120.07998">
        <ele>5.0</ele>
        <time>2026-04-19T00:24:08Z</time>
        <extensions><gpxtpx:TrackPointExtension>
          <gpxtpx:hr>165</gpxtpx:hr>
        </gpxtpx:TrackPointExtension></extensions>
      </trkpt>
      <trkpt lat="31.394064" lon="120.080003">
        <ele>5.0</ele>
        <time>2026-04-19T00:24:09Z</time>
        <extensions><gpxtpx:TrackPointExtension>
          <gpxtpx:hr>164</gpxtpx:hr>
        </gpxtpx:TrackPointExtension></extensions>
      </trkpt>
      <trkpt lat="31.394095" lon="120.080026">
        <ele>5.0</ele>
        <time>2026-04-19T00:24:10Z</time>
        <extensions><gpxtpx:TrackPointExtension>
          <gpxtpx:hr>164</gpxtpx:hr>
        </gpxtpx:TrackPointExtension></extensions>
      </trkpt>
      <trkpt lat="31.394126" lon="120.080049">
        <ele>5.0</ele>
        <time>2026-04-19T00:24:11Z</time>
        <extensions><gpxtpx:TrackPointExtension>
          <gpxtpx:hr>164</gpxtpx:hr>
        </gpxtpx:TrackPointExtension></extensions>
      </trkpt>
      <trkpt lat="31.394157" lon="120.080073">
        <ele>5.0</ele>
        <time>2026-04-19T00:24:12Z</time>
        <extensions><gpxtpx:TrackPointExtension>
          <gpxtpx:hr>164</gpxtpx:hr>
        </gpxtpx:TrackPointExtension></extensions>
      </trkpt>
      <trkpt lat="31.394188" lon="120.080097">
        <ele>5.0</ele>
        <time>2026-04-19T00:24:13Z</time>
        <extensions><gpxtpx:TrackPointExtension>
          <gpxtpx:hr>163</gpxtpx:hr>
        </gpxtpx:TrackPointExtension></extensions>
      </trkpt>
      <trkpt lat="31.39422" lon="120.080121">
        <ele>5.0</ele>
        <time>2026-04-19T00:24:14Z</time>
        <extensions><gpxtpx:TrackPointExtension>
          <gpxtpx:hr>163</gpxtpx:hr>
        </gpxtpx:TrackPointExtension></extensions>
      </trkpt>
      <trkpt lat="31.394276" lon="120.080165">
        <ele>5.0</ele>
        <time>2026-04-19T00:24:15Z</time>
        <extensions><gpxtpx:TrackPointExtension>
          <gpxtpx:hr>163</gpxtpx:hr>
        </gpxtpx:TrackPointExtension></extensions>
      </trkpt>
      <trkpt lat="31.394301" lon="120.080185">
        <ele>5.0</ele>
        <time>2026-04-19T00:24:16Z</time>
        <extensions><gpxtpx:TrackPointExtension>
          <gpxtpx:hr>163</gpxtpx:hr>
        </gpxtpx:TrackPointExtension></extensions>
      </trkpt>
      <trkpt lat="31.394326" lon="120.080205">
        <ele>5.0</ele>
        <time>2026-04-19T00:24:17Z</time>
        <extensions><gpxtpx:TrackPointExtension>
          <gpxtpx:hr>163</gpxtpx:hr>
        </gpxtpx:TrackPointExtension></extensions>
      </trkpt>
      <trkpt lat="31.394351" lon="120.080225">
        <ele>5.0</ele>
        <time>2026-04-19T00:24:18Z</time>
        <extensions><gpxtpx:TrackPointExtension>
          <gpxtpx:hr>163</gpxtpx:hr>
        </gpxtpx:TrackPointExtension></extensions>
      </trkpt>
      <trkpt lat="31.394376" lon="120.080244">
        <ele>5.0</ele>
        <time>2026-04-19T00:24:19Z</time>
        <extensions><gpxtpx:TrackPointExtension>
          <gpxtpx:hr>163</gpxtpx:hr>
        </gpxtpx:TrackPointExtension></extensions>
      </trkpt>
      <trkpt lat="31.394407" lon="120.080269">
        <ele>5.0</ele>
        <time>2026-04-19T00:24:20Z</time>
        <extensions><gpxtpx:TrackPointExtension>
          <gpxtpx:hr>163</gpxtpx:hr>
        </gpxtpx:TrackPointExtension></extensions>
      </trkpt>
      <trkpt lat="31.394437" lon="120.080293">
        <ele>5.0</ele>
        <time>2026-04-19T00:24:21Z</time>
        <extensions><gpxtpx:TrackPointExtension>
          <gpxtpx:hr>163</gpxtpx:hr>
        </gpxtpx:TrackPointExtension></extensions>
      </trkpt>
      <trkpt lat="31.394468" lon="120.080318">
        <ele>5.0</ele>
        <time>2026-04-19T00:24:22Z</time>
        <extensions><gpxtpx:TrackPointExtension>
          <gpxtpx:hr>163</gpxtpx:hr>
        </gpxtpx:TrackPointExtension></extensions>
      </trkpt>
      <trkpt lat="31.394498" lon="120.080343">
        <ele>5.0</ele>
        <time>2026-04-19T00:24:23Z</time>
        <extensions><gpxtpx:TrackPointExtension>
          <gpxtpx:hr>163</gpxtpx:hr>
        </gpxtpx:TrackPointExtension></extensions>
      </trkpt>
      <trkpt lat="31.394529" lon="120.080368">
        <ele>5.0</ele>
        <time>2026-04-19T00:24:24Z</time>
        <extensions><gpxtpx:TrackPointExtension>
          <gpxtpx:hr>163</gpxtpx:hr>
        </gpxtpx:TrackPointExtension></extensions>
      </trkpt>
      <trkpt lat="31.39456" lon="120.080393">
        <ele>5.0</ele>
        <time>2026-04-19T00:24:25Z</time>
        <extensions><gpxtpx:TrackPointExtension>
          <gpxtpx:hr>163</gpxtpx:hr>
        </gpxtpx:TrackPointExtension></extensions>
      </trkpt>
      <trkpt lat="31.394591" lon="120.080418">
        <ele>5.0</ele>
        <time>2026-04-19T00:24:26Z</time>
        <extensions><gpxtpx:TrackPointExtension>
          <gpxtpx:hr>163</gpxtpx:hr>
        </gpxtpx:TrackPointExtension></extensions>
      </trkpt>
      <trkpt lat="31.394622" lon="120.080443">
        <ele>5.0</ele>
        <time>2026-04-19T00:24:27Z</time>
        <extensions><gpxtpx:TrackPointExtension>
          <gpxtpx:hr>163</gpxtpx:hr>
        </gpxtpx:TrackPointExtension></extensions>
      </trkpt>
      <trkpt lat="31.394653" lon="120.080468">
        <ele>5.0</ele>
        <time>2026-04-19T00:24:28Z</time>
        <extensions><gpxtpx:TrackPointExtension>
          <gpxtpx:hr>163</gpxtpx:hr>
        </gpxtpx:TrackPointExtension></extensions>
      </trkpt>
      <trkpt lat="31.394684" lon="120.080493">
        <ele>5.0</ele>
        <time>2026-04-19T00:24:29Z</time>
        <extensions><gpxtpx:TrackPointExtension>
          <gpxtpx:hr>163</gpxtpx:hr>
        </gpxtpx:TrackPointExtension></extensions>
      </trkpt>
      <trkpt lat="31.394715" lon="120.080518">
        <ele>5.0</ele>
        <time>2026-04-19T00:24:30Z</time>
        <extensions><gpxtpx:TrackPointExtension>
          <gpxtpx:hr>163</gpxtpx:hr>
        </gpxtpx:TrackPointExtension></extensions>
      </trkpt>
      <trkpt lat="31.394746" lon="120.080543">
        <ele>5.0</ele>
        <time>2026-04-19T00:24:31Z</time>
        <extensions><gpxtpx:TrackPointExtension>
          <gpxtpx:hr>164</gpxtpx:hr>
        </gpxtpx:TrackPointExtension></extensions>
      </trkpt>
      <trkpt lat="31.394778" lon="120.080568">
        <ele>5.0</ele>
        <time>2026-04-19T00:24:32Z</time>
        <extensions><gpxtpx:TrackPointExtension>
          <gpxtpx:hr>164</gpxtpx:hr>
        </gpxtpx:TrackPointExtension></extensions>
      </trkpt>
      <trkpt lat="31.394809" lon="120.080593">
        <ele>5.0</ele>
        <time>2026-04-19T00:24:33Z</time>
        <extensions><gpxtpx:TrackPointExtension>
          <gpxtpx:hr>165</gpxtpx:hr>
        </gpxtpx:TrackPointExtension></extensions>
      </trkpt>
      <trkpt lat="31.394841" lon="120.080618">
        <ele>5.0</ele>
        <time>2026-04-19T00:24:34Z</time>
        <extensions><gpxtpx:TrackPointExtension>
          <gpxtpx:hr>166</gpxtpx:hr>
        </gpxtpx:TrackPointExtension></extensions>
      </trkpt>
      <trkpt lat="31.394872" lon="120.080642">
        <ele>5.0</ele>
        <time>2026-04-19T00:24:35Z</time>
        <extensions><gpxtpx:TrackPointExtension>
          <gpxtpx:hr>168</gpxtpx:hr>
        </gpxtpx:TrackPointExtension></extensions>
      </trkpt>
      <trkpt lat="31.394903" lon="120.080668">
        <ele>5.0</ele>
        <time>2026-04-19T00:24:36Z</time>
        <extensions><gpxtpx:TrackPointExtension>
          <gpxtpx:hr>170</gpxtpx:hr>
        </gpxtpx:TrackPointExtension></extensions>
      </trkpt>
      <trkpt lat="31.394933" lon="120.080694">
        <ele>5.0</ele>
        <time>2026-04-19T00:24:37Z</time>
        <extensions><gpxtpx:TrackPointExtension>
          <gpxtpx:hr>172</gpxtpx:hr>
        </gpxtpx:TrackPointExtension></extensions>
      </trkpt>
      <trkpt lat="31.394962" lon="120.080722">
        <ele>5.0</ele>
        <time>2026-04-19T00:24:38Z</time>
        <extensions><gpxtpx:TrackPointExtension>
          <gpxtpx:hr>174</gpxtpx:hr>
        </gpxtpx:TrackPointExtension></extensions>
      </trkpt>
      <trkpt lat="31.394991" lon="120.080749">
        <ele>5.0</ele>
        <time>2026-04-19T00:24:39Z</time>
        <extensions><gpxtpx:TrackPointExtension>
          <gpxtpx:hr>175</gpxtpx:hr>
        </gpxtpx:TrackPointExtension></extensions>
      </trkpt>
      <trkpt lat="31.395019" lon="120.080777">
        <ele>5.0</ele>
        <time>2026-04-19T00:24:40Z</time>
        <extensions><gpxtpx:TrackPointExtension>
          <gpxtpx:hr>176</gpxtpx:hr>
        </gpxtpx:TrackPointExtension></extensions>
      </trkpt>
      <trkpt lat="31.395047" lon="120.080805">
        <ele>5.0</ele>
        <time>2026-04-19T00:24:41Z</time>
        <extensions><gpxtpx:TrackPointExtension>
          <gpxtpx:hr>177</gpxtpx:hr>
        </gpxtpx:TrackPointExtension></extensions>
      </trkpt>
      <trkpt lat="31.395076" lon="120.080833">
        <ele>5.0</ele>
        <time>2026-04-19T00:24:42Z</time>
        <extensions><gpxtpx:TrackPointExtension>
          <gpxtpx:hr>177</gpxtpx:hr>
        </gpxtpx:TrackPointExtension></extensions>
      </trkpt>
      <trkpt lat="31.395104" lon="120.08086">
        <ele>5.0</ele>
        <time>2026-04-19T00:24:43Z</time>
        <extensions><gpxtpx:TrackPointExtension>
          <gpxtpx:hr>177</gpxtpx:hr>
        </gpxtpx:TrackPointExtension></extensions>
      </trkpt>
      <trkpt lat="31.395133" lon="120.080888">
        <ele>5.0</ele>
        <time>2026-04-19T00:24:44Z</time>
        <extensions><gpxtpx:TrackPointExtension>
          <gpxtpx:hr>177</gpxtpx:hr>
        </gpxtpx:TrackPointExtension></extensions>
      </trkpt>
      <trkpt lat="31.395186" lon="120.080938">
        <ele>5.0</ele>
        <time>2026-04-19T00:24:45Z</time>
        <extensions><gpxtpx:TrackPointExtension>
          <gpxtpx:hr>177</gpxtpx:hr>
        </gpxtpx:TrackPointExtension></extensions>
      </trkpt>
      <trkpt lat="31.39521" lon="120.08096">
        <ele>5.0</ele>
        <time>2026-04-19T00:24:46Z</time>
        <extensions><gpxtpx:TrackPointExtension>
          <gpxtpx:hr>177</gpxtpx:hr>
        </gpxtpx:TrackPointExtension></extensions>
      </trkpt>
      <trkpt lat="31.395233" lon="120.080983">
        <ele>5.0</ele>
        <time>2026-04-19T00:24:47Z</time>
        <extensions><gpxtpx:TrackPointExtension>
          <gpxtpx:hr>177</gpxtpx:hr>
        </gpxtpx:TrackPointExtension></extensions>
      </trkpt>
      <trkpt lat="31.395256" lon="120.081006">
        <ele>5.0</ele>
        <time>2026-04-19T00:24:48Z</time>
        <extensions><gpxtpx:TrackPointExtension>
          <gpxtpx:hr>177</gpxtpx:hr>
        </gpxtpx:TrackPointExtension></extensions>
      </trkpt>
      <trkpt lat="31.39528" lon="120.081028">
        <ele>5.0</ele>
        <time>2026-04-19T00:24:49Z</time>
        <extensions><gpxtpx:TrackPointExtension>
          <gpxtpx:hr>177</gpxtpx:hr>
        </gpxtpx:TrackPointExtension></extensions>
      </trkpt>
      <trkpt lat="31.395308" lon="120.081057">
        <ele>5.0</ele>
        <time>2026-04-19T00:24:50Z</time>
        <extensions><gpxtpx:TrackPointExtension>
          <gpxtpx:hr>177</gpxtpx:hr>
        </gpxtpx:TrackPointExtension></extensions>
      </trkpt>
      <trkpt lat="31.395337" lon="120.081085">
        <ele>5.0</ele>
        <time>2026-04-19T00:24:51Z</time>
        <extensions><gpxtpx:TrackPointExtension>
          <gpxtpx:hr>177</gpxtpx:hr>
        </gpxtpx:TrackPointExtension></extensions>
      </trkpt>
      <trkpt lat="31.395365" lon="120.081113">
        <ele>4.0</ele>
        <time>2026-04-19T00:24:52Z</time>
        <extensions><gpxtpx:TrackPointExtension>
          <gpxtpx:hr>177</gpxtpx:hr>
        </gpxtpx:TrackPointExtension></extensions>
      </trkpt>
      <trkpt lat="31.395393" lon="120.081141">
        <ele>4.0</ele>
        <time>2026-04-19T00:24:53Z</time>
        <extensions><gpxtpx:TrackPointExtension>
          <gpxtpx:hr>177</gpxtpx:hr>
        </gpxtpx:TrackPointExtension></extensions>
      </trkpt>
      <trkpt lat="31.395421" lon="120.081168">
        <ele>4.0</ele>
        <time>2026-04-19T00:24:54Z</time>
        <extensions><gpxtpx:TrackPointExtension>
          <gpxtpx:hr>177</gpxtpx:hr>
        </gpxtpx:TrackPointExtension></extensions>
      </trkpt>
      <trkpt lat="31.39545" lon="120.081195">
        <ele>4.0</ele>
        <time>2026-04-19T00:24:55Z</time>
        <extensions><gpxtpx:TrackPointExtension>
          <gpxtpx:hr>177</gpxtpx:hr>
        </gpxtpx:TrackPointExtension></extensions>
      </trkpt>
      <trkpt lat="31.395477" lon="120.081221">
        <ele>4.0</ele>
        <time>2026-04-19T00:24:56Z</time>
        <extensions><gpxtpx:TrackPointExtension>
          <gpxtpx:hr>177</gpxtpx:hr>
        </gpxtpx:TrackPointExtension></extensions>
      </trkpt>
      <trkpt lat="31.395505" lon="120.081248">
        <ele>4.0</ele>
        <time>2026-04-19T00:24:57Z</time>
        <extensions><gpxtpx:TrackPointExtension>
          <gpxtpx:hr>177</gpxtpx:hr>
        </gpxtpx:TrackPointExtension></extensions>
      </trkpt>
      <trkpt lat="31.395533" lon="120.081274">
        <ele>4.0</ele>
        <time>2026-04-19T00:24:58Z</time>
        <extensions><gpxtpx:TrackPointExtension>
          <gpxtpx:hr>177</gpxtpx:hr>
        </gpxtpx:TrackPointExtension></extensions>
      </trkpt>
      <trkpt lat="31.395561" lon="120.081301">
        <ele>4.0</ele>
        <time>2026-04-19T00:24:59Z</time>
        <extensions><gpxtpx:TrackPointExtension>
          <gpxtpx:hr>177</gpxtpx:hr>
        </gpxtpx:TrackPointExtension></extensions>
      </trkpt>
      <trkpt lat="31.39559" lon="120.081327">
        <ele>4.0</ele>
        <time>2026-04-19T00:25:00Z</time>
        <extensions><gpxtpx:TrackPointExtension>
          <gpxtpx:hr>177</gpxtpx:hr>
        </gpxtpx:TrackPointExtension></extensions>
      </trkpt>
      <trkpt lat="31.395619" lon="120.081353">
        <ele>4.0</ele>
        <time>2026-04-19T00:25:01Z</time>
        <extensions><gpxtpx:TrackPointExtension>
          <gpxtpx:hr>177</gpxtpx:hr>
        </gpxtpx:TrackPointExtension></extensions>
      </trkpt>
      <trkpt lat="31.395648" lon="120.08138">
        <ele>4.0</ele>
        <time>2026-04-19T00:25:02Z</time>
        <extensions><gpxtpx:TrackPointExtension>
          <gpxtpx:hr>177</gpxtpx:hr>
        </gpxtpx:TrackPointExtension></extensions>
      </trkpt>
      <trkpt lat="31.395677" lon="120.081407">
        <ele>4.0</ele>
        <time>2026-04-19T00:25:03Z</time>
        <extensions><gpxtpx:TrackPointExtension>
          <gpxtpx:hr>178</gpxtpx:hr>
        </gpxtpx:TrackPointExtension></extensions>
      </trkpt>
      <trkpt lat="31.395706" lon="120.081435">
        <ele>4.0</ele>
        <time>2026-04-19T00:25:04Z</time>
        <extensions><gpxtpx:TrackPointExtension>
          <gpxtpx:hr>177</gpxtpx:hr>
        </gpxtpx:TrackPointExtension></extensions>
      </trkpt>
      <trkpt lat="31.395735" lon="120.081463">
        <ele>4.0</ele>
        <time>2026-04-19T00:25:05Z</time>
        <extensions><gpxtpx:TrackPointExtension>
          <gpxtpx:hr>178</gpxtpx:hr>
        </gpxtpx:TrackPointExtension></extensions>
      </trkpt>
      <trkpt lat="31.395763" lon="120.081492">
        <ele>4.0</ele>
        <time>2026-04-19T00:25:06Z</time>
        <extensions><gpxtpx:TrackPointExtension>
          <gpxtpx:hr>178</gpxtpx:hr>
        </gpxtpx:TrackPointExtension></extensions>
      </trkpt>
      <trkpt lat="31.395791" lon="120.08152">
        <ele>4.0</ele>
        <time>2026-04-19T00:25:07Z</time>
        <extensions><gpxtpx:TrackPointExtension>
          <gpxtpx:hr>178</gpxtpx:hr>
        </gpxtpx:TrackPointExtension></extensions>
      </trkpt>
      <trkpt lat="31.395818" lon="120.081549">
        <ele>4.0</ele>
        <time>2026-04-19T00:25:08Z</time>
        <extensions><gpxtpx:TrackPointExtension>
          <gpxtpx:hr>178</gpxtpx:hr>
        </gpxtpx:TrackPointExtension></extensions>
      </trkpt>
      <trkpt lat="31.395845" lon="120.081578">
        <ele>4.0</ele>
        <time>2026-04-19T00:25:09Z</time>
        <extensions><gpxtpx:TrackPointExtension>
          <gpxtpx:hr>179</gpxtpx:hr>
        </gpxtpx:TrackPointExtension></extensions>
      </trkpt>
      <trkpt lat="31.395873" lon="120.081607">
        <ele>4.0</ele>
        <time>2026-04-19T00:25:10Z</time>
        <extensions><gpxtpx:TrackPointExtension>
          <gpxtpx:hr>179</gpxtpx:hr>
        </gpxtpx:TrackPointExtension></extensions>
      </trkpt>
      <trkpt lat="31.395901" lon="120.081635">
        <ele>5.0</ele>
        <time>2026-04-19T00:25:11Z</time>
        <extensions><gpxtpx:TrackPointExtension>
          <gpxtpx:hr>179</gpxtpx:hr>
        </gpxtpx:TrackPointExtension></extensions>
      </trkpt>
      <trkpt lat="31.39593" lon="120.081663">
        <ele>5.0</ele>
        <time>2026-04-19T00:25:12Z</time>
        <extensions><gpxtpx:TrackPointExtension>
          <gpxtpx:hr>179</gpxtpx:hr>
        </gpxtpx:TrackPointExtension></extensions>
      </trkpt>
      <trkpt lat="31.395959" lon="120.081692">
        <ele>5.0</ele>
        <time>2026-04-19T00:25:13Z</time>
        <extensions><gpxtpx:TrackPointExtension>
          <gpxtpx:hr>179</gpxtpx:hr>
        </gpxtpx:TrackPointExtension></extensions>
      </trkpt>
      <trkpt lat="31.395989" lon="120.08172">
        <ele>5.0</ele>
        <time>2026-04-19T00:25:14Z</time>
        <extensions><gpxtpx:TrackPointExtension>
          <gpxtpx:hr>179</gpxtpx:hr>
        </gpxtpx:TrackPointExtension></extensions>
      </trkpt>
      <trkpt lat="31.396019" lon="120.081748">
        <ele>5.0</ele>
        <time>2026-04-19T00:25:15Z</time>
        <extensions><gpxtpx:TrackPointExtension>
          <gpxtpx:hr>179</gpxtpx:hr>
        </gpxtpx:TrackPointExtension></extensions>
      </trkpt>
      <trkpt lat="31.396048" lon="120.081776">
        <ele>5.0</ele>
        <time>2026-04-19T00:25:16Z</time>
        <extensions><gpxtpx:TrackPointExtension>
          <gpxtpx:hr>179</gpxtpx:hr>
        </gpxtpx:TrackPointExtension></extensions>
      </trkpt>
      <trkpt lat="31.3961" lon="120.081826">
        <ele>5.0</ele>
        <time>2026-04-19T00:25:17Z</time>
        <extensions><gpxtpx:TrackPointExtension>
          <gpxtpx:hr>179</gpxtpx:hr>
        </gpxtpx:TrackPointExtension></extensions>
      </trkpt>
      <trkpt lat="31.396122" lon="120.081849">
        <ele>5.0</ele>
        <time>2026-04-19T00:25:18Z</time>
        <extensions><gpxtpx:TrackPointExtension>
          <gpxtpx:hr>179</gpxtpx:hr>
        </gpxtpx:TrackPointExtension></extensions>
      </trkpt>
      <trkpt lat="31.396144" lon="120.081871">
        <ele>5.0</ele>
        <time>2026-04-19T00:25:19Z</time>
        <extensions><gpxtpx:TrackPointExtension>
          <gpxtpx:hr>179</gpxtpx:hr>
        </gpxtpx:TrackPointExtension></extensions>
      </trkpt>
      <trkpt lat="31.396166" lon="120.081894">
        <ele>5.0</ele>
        <time>2026-04-19T00:25:20Z</time>
        <extensions><gpxtpx:TrackPointExtension>
          <gpxtpx:hr>179</gpxtpx:hr>
        </gpxtpx:TrackPointExtension></extensions>
      </trkpt>
      <trkpt lat="31.396189" lon="120.081916">
        <ele>5.0</ele>
        <time>2026-04-19T00:25:21Z</time>
        <extensions><gpxtpx:TrackPointExtension>
          <gpxtpx:hr>178</gpxtpx:hr>
        </gpxtpx:TrackPointExtension></extensions>
      </trkpt>
      <trkpt lat="31.396216" lon="120.081944">
        <ele>5.0</ele>
        <time>2026-04-19T00:25:22Z</time>
        <extensions><gpxtpx:TrackPointExtension>
          <gpxtpx:hr>178</gpxtpx:hr>
        </gpxtpx:TrackPointExtension></extensions>
      </trkpt>
      <trkpt lat="31.396244" lon="120.081972">
        <ele>5.0</ele>
        <time>2026-04-19T00:25:23Z</time>
        <extensions><gpxtpx:TrackPointExtension>
          <gpxtpx:hr>178</gpxtpx:hr>
        </gpxtpx:TrackPointExtension></extensions>
      </trkpt>
      <trkpt lat="31.396273" lon="120.081999">
        <ele>5.0</ele>
        <time>2026-04-19T00:25:24Z</time>
        <extensions><gpxtpx:TrackPointExtension>
          <gpxtpx:hr>178</gpxtpx:hr>
        </gpxtpx:TrackPointExtension></extensions>
      </trkpt>
      <trkpt lat="31.396302" lon="120.082027">
        <ele>5.0</ele>
        <time>2026-04-19T00:25:25Z</time>
        <extensions><gpxtpx:TrackPointExtension>
          <gpxtpx:hr>178</gpxtpx:hr>
        </gpxtpx:TrackPointExtension></extensions>
      </trkpt>
      <trkpt lat="31.396331" lon="120.082055">
        <ele>5.0</ele>
        <time>2026-04-19T00:25:26Z</time>
        <extensions><gpxtpx:TrackPointExtension>
          <gpxtpx:hr>178</gpxtpx:hr>
        </gpxtpx:TrackPointExtension></extensions>
      </trkpt>
      <trkpt lat="31.39636" lon="120.082083">
        <ele>5.0</ele>
        <time>2026-04-19T00:25:27Z</time>
        <extensions><gpxtpx:TrackPointExtension>
          <gpxtpx:hr>178</gpxtpx:hr>
        </gpxtpx:TrackPointExtension></extensions>
      </trkpt>
      <trkpt lat="31.39639" lon="120.08211">
        <ele>5.0</ele>
        <time>2026-04-19T00:25:28Z</time>
        <extensions><gpxtpx:TrackPointExtension>
          <gpxtpx:hr>178</gpxtpx:hr>
        </gpxtpx:TrackPointExtension></extensions>
      </trkpt>
      <trkpt lat="31.396419" lon="120.082138">
        <ele>5.0</ele>
        <time>2026-04-19T00:25:29Z</time>
        <extensions><gpxtpx:TrackPointExtension>
          <gpxtpx:hr>178</gpxtpx:hr>
        </gpxtpx:TrackPointExtension></extensions>
      </trkpt>
      <trkpt lat="31.396448" lon="120.082165">
        <ele>5.0</ele>
        <time>2026-04-19T00:25:30Z</time>
        <extensions><gpxtpx:TrackPointExtension>
          <gpxtpx:hr>178</gpxtpx:hr>
        </gpxtpx:TrackPointExtension></extensions>
      </trkpt>
      <trkpt lat="31.396478" lon="120.082192">
        <ele>6.0</ele>
        <time>2026-04-19T00:25:31Z</time>
        <extensions><gpxtpx:TrackPointExtension>
          <gpxtpx:hr>178</gpxtpx:hr>
        </gpxtpx:TrackPointExtension></extensions>
      </trkpt>
      <trkpt lat="31.396507" lon="120.082218">
        <ele>5.0</ele>
        <time>2026-04-19T00:25:32Z</time>
        <extensions><gpxtpx:TrackPointExtension>
          <gpxtpx:hr>178</gpxtpx:hr>
        </gpxtpx:TrackPointExtension></extensions>
      </trkpt>
      <trkpt lat="31.396536" lon="120.082245">
        <ele>5.0</ele>
        <time>2026-04-19T00:25:33Z</time>
        <extensions><gpxtpx:TrackPointExtension>
          <gpxtpx:hr>178</gpxtpx:hr>
        </gpxtpx:TrackPointExtension></extensions>
      </trkpt>
      <trkpt lat="31.396565" lon="120.082272">
        <ele>5.0</ele>
        <time>2026-04-19T00:25:34Z</time>
        <extensions><gpxtpx:TrackPointExtension>
          <gpxtpx:hr>178</gpxtpx:hr>
        </gpxtpx:TrackPointExtension></extensions>
      </trkpt>
      <trkpt lat="31.396594" lon="120.082299">
        <ele>5.0</ele>
        <time>2026-04-19T00:25:35Z</time>
        <extensions><gpxtpx:TrackPointExtension>
          <gpxtpx:hr>178</gpxtpx:hr>
        </gpxtpx:TrackPointExtension></extensions>
      </trkpt>
      <trkpt lat="31.396623" lon="120.082327">
        <ele>5.0</ele>
        <time>2026-04-19T00:25:36Z</time>
        <extensions><gpxtpx:TrackPointExtension>
          <gpxtpx:hr>178</gpxtpx:hr>
        </gpxtpx:TrackPointExtension></extensions>
      </trkpt>
      <trkpt lat="31.396652" lon="120.082354">
        <ele>5.0</ele>
        <time>2026-04-19T00:25:37Z</time>
        <extensions><gpxtpx:TrackPointExtension>
          <gpxtpx:hr>178</gpxtpx:hr>
        </gpxtpx:TrackPointExtension></extensions>
      </trkpt>
      <trkpt lat="31.396681" lon="120.082381">
        <ele>5.0</ele>
        <time>2026-04-19T00:25:38Z</time>
        <extensions><gpxtpx:TrackPointExtension>
          <gpxtpx:hr>179</gpxtpx:hr>
        </gpxtpx:TrackPointExtension></extensions>
      </trkpt>
      <trkpt lat="31.39671" lon="120.082409">
        <ele>5.0</ele>
        <time>2026-04-19T00:25:39Z</time>
        <extensions><gpxtpx:TrackPointExtension>
          <gpxtpx:hr>179</gpxtpx:hr>
        </gpxtpx:TrackPointExtension></extensions>
      </trkpt>
      <trkpt lat="31.396739" lon="120.082437">
        <ele>5.0</ele>
        <time>2026-04-19T00:25:40Z</time>
        <extensions><gpxtpx:TrackPointExtension>
          <gpxtpx:hr>179</gpxtpx:hr>
        </gpxtpx:TrackPointExtension></extensions>
      </trkpt>
      <trkpt lat="31.396769" lon="120.082464">
        <ele>5.0</ele>
        <time>2026-04-19T00:25:41Z</time>
        <extensions><gpxtpx:TrackPointExtension>
          <gpxtpx:hr>180</gpxtpx:hr>
        </gpxtpx:TrackPointExtension></extensions>
      </trkpt>
      <trkpt lat="31.396798" lon="120.082492">
        <ele>5.0</ele>
        <time>2026-04-19T00:25:42Z</time>
        <extensions><gpxtpx:TrackPointExtension>
          <gpxtpx:hr>180</gpxtpx:hr>
        </gpxtpx:TrackPointExtension></extensions>
      </trkpt>
      <trkpt lat="31.396827" lon="120.082519">
        <ele>5.0</ele>
        <time>2026-04-19T00:25:43Z</time>
        <extensions><gpxtpx:TrackPointExtension>
          <gpxtpx:hr>181</gpxtpx:hr>
        </gpxtpx:TrackPointExtension></extensions>
      </trkpt>
      <trkpt lat="31.396856" lon="120.082547">
        <ele>5.0</ele>
        <time>2026-04-19T00:25:44Z</time>
        <extensions><gpxtpx:TrackPointExtension>
          <gpxtpx:hr>181</gpxtpx:hr>
        </gpxtpx:TrackPointExtension></extensions>
      </trkpt>
      <trkpt lat="31.396885" lon="120.082575">
        <ele>5.0</ele>
        <time>2026-04-19T00:25:45Z</time>
        <extensions><gpxtpx:TrackPointExtension>
          <gpxtpx:hr>181</gpxtpx:hr>
        </gpxtpx:TrackPointExtension></extensions>
      </trkpt>
      <trkpt lat="31.396914" lon="120.082604">
        <ele>5.0</ele>
        <time>2026-04-19T00:25:46Z</time>
        <extensions><gpxtpx:TrackPointExtension>
          <gpxtpx:hr>181</gpxtpx:hr>
        </gpxtpx:TrackPointExtension></extensions>
      </trkpt>
      <trkpt lat="31.396943" lon="120.082632">
        <ele>5.0</ele>
        <time>2026-04-19T00:25:47Z</time>
        <extensions><gpxtpx:TrackPointExtension>
          <gpxtpx:hr>181</gpxtpx:hr>
        </gpxtpx:TrackPointExtension></extensions>
      </trkpt>
      <trkpt lat="31.396973" lon="120.082661">
        <ele>5.0</ele>
        <time>2026-04-19T00:25:48Z</time>
        <extensions><gpxtpx:TrackPointExtension>
          <gpxtpx:hr>181</gpxtpx:hr>
        </gpxtpx:TrackPointExtension></extensions>
      </trkpt>
      <trkpt lat="31.397003" lon="120.082691">
        <ele>5.0</ele>
        <time>2026-04-19T00:25:49Z</time>
        <extensions><gpxtpx:TrackPointExtension>
          <gpxtpx:hr>181</gpxtpx:hr>
        </gpxtpx:TrackPointExtension></extensions>
      </trkpt>
      <trkpt lat="31.397034" lon="120.08272">
        <ele>5.0</ele>
        <time>2026-04-19T00:25:50Z</time>
        <extensions><gpxtpx:TrackPointExtension>
          <gpxtpx:hr>181</gpxtpx:hr>
        </gpxtpx:TrackPointExtension></extensions>
      </trkpt>
      <trkpt lat="31.397065" lon="120.08275">
        <ele>5.0</ele>
        <time>2026-04-19T00:25:51Z</time>
        <extensions><gpxtpx:TrackPointExtension>
          <gpxtpx:hr>182</gpxtpx:hr>
        </gpxtpx:TrackPointExtension></extensions>
      </trkpt>
      <trkpt lat="31.397096" lon="120.082778">
        <ele>5.0</ele>
        <time>2026-04-19T00:25:52Z</time>
        <extensions><gpxtpx:TrackPointExtension>
          <gpxtpx:hr>182</gpxtpx:hr>
        </gpxtpx:TrackPointExtension></extensions>
      </trkpt>
      <trkpt lat="31.397127" lon="120.082807">
        <ele>5.0</ele>
        <time>2026-04-19T00:25:53Z</time>
        <extensions><gpxtpx:TrackPointExtension>
          <gpxtpx:hr>182</gpxtpx:hr>
        </gpxtpx:TrackPointExtension></extensions>
      </trkpt>
      <trkpt lat="31.397157" lon="120.082835">
        <ele>5.0</ele>
        <time>2026-04-19T00:25:54Z</time>
        <extensions><gpxtpx:TrackPointExtension>
          <gpxtpx:hr>182</gpxtpx:hr>
        </gpxtpx:TrackPointExtension></extensions>
      </trkpt>
      <trkpt lat="31.397188" lon="120.082864">
        <ele>5.0</ele>
        <time>2026-04-19T00:25:55Z</time>
        <extensions><gpxtpx:TrackPointExtension>
          <gpxtpx:hr>182</gpxtpx:hr>
        </gpxtpx:TrackPointExtension></extensions>
      </trkpt>
      <trkpt lat="31.397218" lon="120.082891">
        <ele>5.0</ele>
        <time>2026-04-19T00:25:56Z</time>
        <extensions><gpxtpx:TrackPointExtension>
          <gpxtpx:hr>181</gpxtpx:hr>
        </gpxtpx:TrackPointExtension></extensions>
      </trkpt>
      <trkpt lat="31.397247" lon="120.082919">
        <ele>4.0</ele>
        <time>2026-04-19T00:25:57Z</time>
        <extensions><gpxtpx:TrackPointExtension>
          <gpxtpx:hr>181</gpxtpx:hr>
        </gpxtpx:TrackPointExtension></extensions>
      </trkpt>
      <trkpt lat="31.397276" lon="120.082947">
        <ele>4.0</ele>
        <time>2026-04-19T00:25:58Z</time>
        <extensions><gpxtpx:TrackPointExtension>
          <gpxtpx:hr>181</gpxtpx:hr>
        </gpxtpx:TrackPointExtension></extensions>
      </trkpt>
      <trkpt lat="31.397305" lon="120.082974">
        <ele>4.0</ele>
        <time>2026-04-19T00:25:59Z</time>
        <extensions><gpxtpx:TrackPointExtension>
          <gpxtpx:hr>181</gpxtpx:hr>
        </gpxtpx:TrackPointExtension></extensions>
      </trkpt>
      <trkpt lat="31.397332" lon="120.083002">
        <ele>4.0</ele>
        <time>2026-04-19T00:26:00Z</time>
        <extensions><gpxtpx:TrackPointExtension>
          <gpxtpx:hr>181</gpxtpx:hr>
        </gpxtpx:TrackPointExtension></extensions>
      </trkpt>
      <trkpt lat="31.397359" lon="120.083029">
        <ele>4.0</ele>
        <time>2026-04-19T00:26:01Z</time>
        <extensions><gpxtpx:TrackPointExtension>
          <gpxtpx:hr>181</gpxtpx:hr>
        </gpxtpx:TrackPointExtension></extensions>
      </trkpt>
      <trkpt lat="31.397385" lon="120.083057">
        <ele>4.0</ele>
        <time>2026-04-19T00:26:02Z</time>
        <extensions><gpxtpx:TrackPointExtension>
          <gpxtpx:hr>181</gpxtpx:hr>
        </gpxtpx:TrackPointExtension></extensions>
      </trkpt>
      <trkpt lat="31.397412" lon="120.083086">
        <ele>4.0</ele>
        <time>2026-04-19T00:26:03Z</time>
        <extensions><gpxtpx:TrackPointExtension>
          <gpxtpx:hr>181</gpxtpx:hr>
        </gpxtpx:TrackPointExtension></extensions>
      </trkpt>
      <trkpt lat="31.39744" lon="120.083113">
        <ele>4.0</ele>
        <time>2026-04-19T00:26:04Z</time>
        <extensions><gpxtpx:TrackPointExtension>
          <gpxtpx:hr>181</gpxtpx:hr>
        </gpxtpx:TrackPointExtension></extensions>
      </trkpt>
      <trkpt lat="31.397467" lon="120.083141">
        <ele>4.0</ele>
        <time>2026-04-19T00:26:05Z</time>
        <extensions><gpxtpx:TrackPointExtension>
          <gpxtpx:hr>181</gpxtpx:hr>
        </gpxtpx:TrackPointExtension></extensions>
      </trkpt>
      <trkpt lat="31.397495" lon="120.083168">
        <ele>4.0</ele>
        <time>2026-04-19T00:26:06Z</time>
        <extensions><gpxtpx:TrackPointExtension>
          <gpxtpx:hr>181</gpxtpx:hr>
        </gpxtpx:TrackPointExtension></extensions>
      </trkpt>
      <trkpt lat="31.397523" lon="120.083195">
        <ele>4.0</ele>
        <time>2026-04-19T00:26:07Z</time>
        <extensions><gpxtpx:TrackPointExtension>
          <gpxtpx:hr>181</gpxtpx:hr>
        </gpxtpx:TrackPointExtension></extensions>
      </trkpt>
      <trkpt lat="31.39755" lon="120.083221">
        <ele>4.0</ele>
        <time>2026-04-19T00:26:08Z</time>
        <extensions><gpxtpx:TrackPointExtension>
          <gpxtpx:hr>181</gpxtpx:hr>
        </gpxtpx:TrackPointExtension></extensions>
      </trkpt>
      <trkpt lat="31.397578" lon="120.083246">
        <ele>4.0</ele>
        <time>2026-04-19T00:26:09Z</time>
        <extensions><gpxtpx:TrackPointExtension>
          <gpxtpx:hr>181</gpxtpx:hr>
        </gpxtpx:TrackPointExtension></extensions>
      </trkpt>
      <trkpt lat="31.397605" lon="120.083272">
        <ele>4.0</ele>
        <time>2026-04-19T00:26:10Z</time>
        <extensions><gpxtpx:TrackPointExtension>
          <gpxtpx:hr>181</gpxtpx:hr>
        </gpxtpx:TrackPointExtension></extensions>
      </trkpt>
      <trkpt lat="31.397632" lon="120.083297">
        <ele>4.0</ele>
        <time>2026-04-19T00:26:11Z</time>
        <extensions><gpxtpx:TrackPointExtension>
          <gpxtpx:hr>181</gpxtpx:hr>
        </gpxtpx:TrackPointExtension></extensions>
      </trkpt>
      <trkpt lat="31.39766" lon="120.083322">
        <ele>4.0</ele>
        <time>2026-04-19T00:26:12Z</time>
        <extensions><gpxtpx:TrackPointExtension>
          <gpxtpx:hr>181</gpxtpx:hr>
        </gpxtpx:TrackPointExtension></extensions>
      </trkpt>
      <trkpt lat="31.397687" lon="120.083348">
        <ele>4.0</ele>
        <time>2026-04-19T00:26:13Z</time>
        <extensions><gpxtpx:TrackPointExtension>
          <gpxtpx:hr>181</gpxtpx:hr>
        </gpxtpx:TrackPointExtension></extensions>
      </trkpt>
      <trkpt lat="31.397716" lon="120.083374">
        <ele>4.0</ele>
        <time>2026-04-19T00:26:14Z</time>
        <extensions><gpxtpx:TrackPointExtension>
          <gpxtpx:hr>181</gpxtpx:hr>
        </gpxtpx:TrackPointExtension></extensions>
      </trkpt>
      <trkpt lat="31.397744" lon="120.0834">
        <ele>4.0</ele>
        <time>2026-04-19T00:26:15Z</time>
        <extensions><gpxtpx:TrackPointExtension>
          <gpxtpx:hr>181</gpxtpx:hr>
        </gpxtpx:TrackPointExtension></extensions>
      </trkpt>
      <trkpt lat="31.397772" lon="120.083428">
        <ele>4.0</ele>
        <time>2026-04-19T00:26:16Z</time>
        <extensions><gpxtpx:TrackPointExtension>
          <gpxtpx:hr>181</gpxtpx:hr>
        </gpxtpx:TrackPointExtension></extensions>
      </trkpt>
      <trkpt lat="31.397801" lon="120.083455">
        <ele>4.0</ele>
        <time>2026-04-19T00:26:17Z</time>
        <extensions><gpxtpx:TrackPointExtension>
          <gpxtpx:hr>181</gpxtpx:hr>
        </gpxtpx:TrackPointExtension></extensions>
      </trkpt>
      <trkpt lat="31.397829" lon="120.083483">
        <ele>4.0</ele>
        <time>2026-04-19T00:26:18Z</time>
        <extensions><gpxtpx:TrackPointExtension>
          <gpxtpx:hr>181</gpxtpx:hr>
        </gpxtpx:TrackPointExtension></extensions>
      </trkpt>
      <trkpt lat="31.397858" lon="120.083511">
        <ele>4.0</ele>
        <time>2026-04-19T00:26:19Z</time>
        <extensions><gpxtpx:TrackPointExtension>
          <gpxtpx:hr>180</gpxtpx:hr>
        </gpxtpx:TrackPointExtension></extensions>
      </trkpt>
      <trkpt lat="31.397888" lon="120.08354">
        <ele>4.0</ele>
        <time>2026-04-19T00:26:20Z</time>
        <extensions><gpxtpx:TrackPointExtension>
          <gpxtpx:hr>180</gpxtpx:hr>
        </gpxtpx:TrackPointExtension></extensions>
      </trkpt>
      <trkpt lat="31.397919" lon="120.08357">
        <ele>4.0</ele>
        <time>2026-04-19T00:26:21Z</time>
        <extensions><gpxtpx:TrackPointExtension>
          <gpxtpx:hr>181</gpxtpx:hr>
        </gpxtpx:TrackPointExtension></extensions>
      </trkpt>
      <trkpt lat="31.39795" lon="120.083599">
        <ele>4.0</ele>
        <time>2026-04-19T00:26:22Z</time>
        <extensions><gpxtpx:TrackPointExtension>
          <gpxtpx:hr>181</gpxtpx:hr>
        </gpxtpx:TrackPointExtension></extensions>
      </trkpt>
      <trkpt lat="31.397981" lon="120.083628">
        <ele>4.0</ele>
        <time>2026-04-19T00:26:23Z</time>
        <extensions><gpxtpx:TrackPointExtension>
          <gpxtpx:hr>181</gpxtpx:hr>
        </gpxtpx:TrackPointExtension></extensions>
      </trkpt>
      <trkpt lat="31.398011" lon="120.083657">
        <ele>4.0</ele>
        <time>2026-04-19T00:26:24Z</time>
        <extensions><gpxtpx:TrackPointExtension>
          <gpxtpx:hr>181</gpxtpx:hr>
        </gpxtpx:TrackPointExtension></extensions>
      </trkpt>
      <trkpt lat="31.398041" lon="120.083685">
        <ele>4.0</ele>
        <time>2026-04-19T00:26:25Z</time>
        <extensions><gpxtpx:TrackPointExtension>
          <gpxtpx:hr>181</gpxtpx:hr>
        </gpxtpx:TrackPointExtension></extensions>
      </trkpt>
      <trkpt lat="31.39807" lon="120.083714">
        <ele>4.0</ele>
        <time>2026-04-19T00:26:26Z</time>
        <extensions><gpxtpx:TrackPointExtension>
          <gpxtpx:hr>181</gpxtpx:hr>
        </gpxtpx:TrackPointExtension></extensions>
      </trkpt>
      <trkpt lat="31.398099" lon="120.083742">
        <ele>4.0</ele>
        <time>2026-04-19T00:26:27Z</time>
        <extensions><gpxtpx:TrackPointExtension>
          <gpxtpx:hr>181</gpxtpx:hr>
        </gpxtpx:TrackPointExtension></extensions>
      </trkpt>
      <trkpt lat="31.398127" lon="120.083769">
        <ele>4.0</ele>
        <time>2026-04-19T00:26:28Z</time>
        <extensions><gpxtpx:TrackPointExtension>
          <gpxtpx:hr>181</gpxtpx:hr>
        </gpxtpx:TrackPointExtension></extensions>
      </trkpt>
      <trkpt lat="31.398154" lon="120.083797">
        <ele>4.0</ele>
        <time>2026-04-19T00:26:29Z</time>
        <extensions><gpxtpx:TrackPointExtension>
          <gpxtpx:hr>181</gpxtpx:hr>
        </gpxtpx:TrackPointExtension></extensions>
      </trkpt>
      <trkpt lat="31.39818" lon="120.083824">
        <ele>4.0</ele>
        <time>2026-04-19T00:26:30Z</time>
        <extensions><gpxtpx:TrackPointExtension>
          <gpxtpx:hr>181</gpxtpx:hr>
        </gpxtpx:TrackPointExtension></extensions>
      </trkpt>
      <trkpt lat="31.398206" lon="120.083852">
        <ele>4.0</ele>
        <time>2026-04-19T00:26:31Z</time>
        <extensions><gpxtpx:TrackPointExtension>
          <gpxtpx:hr>180</gpxtpx:hr>
        </gpxtpx:TrackPointExtension></extensions>
      </trkpt>
      <trkpt lat="31.398233" lon="120.083879">
        <ele>4.0</ele>
        <time>2026-04-19T00:26:32Z</time>
        <extensions><gpxtpx:TrackPointExtension>
          <gpxtpx:hr>181</gpxtpx:hr>
        </gpxtpx:TrackPointExtension></extensions>
      </trkpt>
      <trkpt lat="31.398259" lon="120.083907">
        <ele>4.0</ele>
        <time>2026-04-19T00:26:33Z</time>
        <extensions><gpxtpx:TrackPointExtension>
          <gpxtpx:hr>181</gpxtpx:hr>
        </gpxtpx:TrackPointExtension></extensions>
      </trkpt>
      <trkpt lat="31.398287" lon="120.083933">
        <ele>4.0</ele>
        <time>2026-04-19T00:26:34Z</time>
        <extensions><gpxtpx:TrackPointExtension>
          <gpxtpx:hr>181</gpxtpx:hr>
        </gpxtpx:TrackPointExtension></extensions>
      </trkpt>
      <trkpt lat="31.398315" lon="120.08396">
        <ele>4.0</ele>
        <time>2026-04-19T00:26:35Z</time>
        <extensions><gpxtpx:TrackPointExtension>
          <gpxtpx:hr>181</gpxtpx:hr>
        </gpxtpx:TrackPointExtension></extensions>
      </trkpt>
      <trkpt lat="31.398344" lon="120.083987">
        <ele>4.0</ele>
        <time>2026-04-19T00:26:36Z</time>
        <extensions><gpxtpx:TrackPointExtension>
          <gpxtpx:hr>181</gpxtpx:hr>
        </gpxtpx:TrackPointExtension></extensions>
      </trkpt>
      <trkpt lat="31.398374" lon="120.084014">
        <ele>4.0</ele>
        <time>2026-04-19T00:26:37Z</time>
        <extensions><gpxtpx:TrackPointExtension>
          <gpxtpx:hr>181</gpxtpx:hr>
        </gpxtpx:TrackPointExtension></extensions>
      </trkpt>
      <trkpt lat="31.398404" lon="120.084041">
        <ele>4.0</ele>
        <time>2026-04-19T00:26:38Z</time>
        <extensions><gpxtpx:TrackPointExtension>
          <gpxtpx:hr>181</gpxtpx:hr>
        </gpxtpx:TrackPointExtension></extensions>
      </trkpt>
      <trkpt lat="31.398434" lon="120.084069">
        <ele>4.0</ele>
        <time>2026-04-19T00:26:39Z</time>
        <extensions><gpxtpx:TrackPointExtension>
          <gpxtpx:hr>181</gpxtpx:hr>
        </gpxtpx:TrackPointExtension></extensions>
      </trkpt>
      <trkpt lat="31.398463" lon="120.084096">
        <ele>4.0</ele>
        <time>2026-04-19T00:26:40Z</time>
        <extensions><gpxtpx:TrackPointExtension>
          <gpxtpx:hr>181</gpxtpx:hr>
        </gpxtpx:TrackPointExtension></extensions>
      </trkpt>
      <trkpt lat="31.398492" lon="120.084124">
        <ele>4.0</ele>
        <time>2026-04-19T00:26:41Z</time>
        <extensions><gpxtpx:TrackPointExtension>
          <gpxtpx:hr>180</gpxtpx:hr>
        </gpxtpx:TrackPointExtension></extensions>
      </trkpt>
      <trkpt lat="31.39852" lon="120.084151">
        <ele>4.0</ele>
        <time>2026-04-19T00:26:42Z</time>
        <extensions><gpxtpx:TrackPointExtension>
          <gpxtpx:hr>180</gpxtpx:hr>
        </gpxtpx:TrackPointExtension></extensions>
      </trkpt>
      <trkpt lat="31.398548" lon="120.084179">
        <ele>4.0</ele>
        <time>2026-04-19T00:26:43Z</time>
        <extensions><gpxtpx:TrackPointExtension>
          <gpxtpx:hr>180</gpxtpx:hr>
        </gpxtpx:TrackPointExtension></extensions>
      </trkpt>
      <trkpt lat="31.398577" lon="120.084206">
        <ele>4.0</ele>
        <time>2026-04-19T00:26:44Z</time>
        <extensions><gpxtpx:TrackPointExtension>
          <gpxtpx:hr>180</gpxtpx:hr>
        </gpxtpx:TrackPointExtension></extensions>
      </trkpt>
      <trkpt lat="31.398605" lon="120.084234">
        <ele>4.0</ele>
        <time>2026-04-19T00:26:45Z</time>
        <extensions><gpxtpx:TrackPointExtension>
          <gpxtpx:hr>179</gpxtpx:hr>
        </gpxtpx:TrackPointExtension></extensions>
      </trkpt>
      <trkpt lat="31.398633" lon="120.084262">
        <ele>4.0</ele>
        <time>2026-04-19T00:26:46Z</time>
        <extensions><gpxtpx:TrackPointExtension>
          <gpxtpx:hr>179</gpxtpx:hr>
        </gpxtpx:TrackPointExtension></extensions>
      </trkpt>
      <trkpt lat="31.398661" lon="120.084291">
        <ele>4.0</ele>
        <time>2026-04-19T00:26:47Z</time>
        <extensions><gpxtpx:TrackPointExtension>
          <gpxtpx:hr>178</gpxtpx:hr>
        </gpxtpx:TrackPointExtension></extensions>
      </trkpt>
      <trkpt lat="31.398688" lon="120.084322">
        <ele>4.0</ele>
        <time>2026-04-19T00:26:48Z</time>
        <extensions><gpxtpx:TrackPointExtension>
          <gpxtpx:hr>178</gpxtpx:hr>
        </gpxtpx:TrackPointExtension></extensions>
      </trkpt>
      <trkpt lat="31.398715" lon="120.084352">
        <ele>4.0</ele>
        <time>2026-04-19T00:26:49Z</time>
        <extensions><gpxtpx:TrackPointExtension>
          <gpxtpx:hr>178</gpxtpx:hr>
        </gpxtpx:TrackPointExtension></extensions>
      </trkpt>
      <trkpt lat="31.398743" lon="120.084382">
        <ele>4.0</ele>
        <time>2026-04-19T00:26:50Z</time>
        <extensions><gpxtpx:TrackPointExtension>
          <gpxtpx:hr>177</gpxtpx:hr>
        </gpxtpx:TrackPointExtension></extensions>
      </trkpt>
      <trkpt lat="31.398771" lon="120.084412">
        <ele>4.0</ele>
        <time>2026-04-19T00:26:51Z</time>
        <extensions><gpxtpx:TrackPointExtension>
          <gpxtpx:hr>177</gpxtpx:hr>
        </gpxtpx:TrackPointExtension></extensions>
      </trkpt>
      <trkpt lat="31.398801" lon="120.08444">
        <ele>4.0</ele>
        <time>2026-04-19T00:26:52Z</time>
        <extensions><gpxtpx:TrackPointExtension>
          <gpxtpx:hr>177</gpxtpx:hr>
        </gpxtpx:TrackPointExtension></extensions>
      </trkpt>
      <trkpt lat="31.398831" lon="120.084468">
        <ele>4.0</ele>
        <time>2026-04-19T00:26:53Z</time>
        <extensions><gpxtpx:TrackPointExtension>
          <gpxtpx:hr>177</gpxtpx:hr>
        </gpxtpx:TrackPointExtension></extensions>
      </trkpt>
      <trkpt lat="31.398862" lon="120.084496">
        <ele>4.0</ele>
        <time>2026-04-19T00:26:54Z</time>
        <extensions><gpxtpx:TrackPointExtension>
          <gpxtpx:hr>177</gpxtpx:hr>
        </gpxtpx:TrackPointExtension></extensions>
      </trkpt>
      <trkpt lat="31.398893" lon="120.084524">
        <ele>4.0</ele>
        <time>2026-04-19T00:26:55Z</time>
        <extensions><gpxtpx:TrackPointExtension>
          <gpxtpx:hr>176</gpxtpx:hr>
        </gpxtpx:TrackPointExtension></extensions>
      </trkpt>
      <trkpt lat="31.398924" lon="120.084552">
        <ele>4.0</ele>
        <time>2026-04-19T00:26:56Z</time>
        <extensions><gpxtpx:TrackPointExtension>
          <gpxtpx:hr>176</gpxtpx:hr>
        </gpxtpx:TrackPointExtension></extensions>
      </trkpt>
      <trkpt lat="31.398955" lon="120.08458">
        <ele>4.0</ele>
        <time>2026-04-19T00:26:57Z</time>
        <extensions><gpxtpx:TrackPointExtension>
          <gpxtpx:hr>176</gpxtpx:hr>
        </gpxtpx:TrackPointExtension></extensions>
      </trkpt>
      <trkpt lat="31.398985" lon="120.084608">
        <ele>4.0</ele>
        <time>2026-04-19T00:26:58Z</time>
        <extensions><gpxtpx:TrackPointExtension>
          <gpxtpx:hr>176</gpxtpx:hr>
        </gpxtpx:TrackPointExtension></extensions>
      </trkpt>
      <trkpt lat="31.399015" lon="120.084637">
        <ele>4.0</ele>
        <time>2026-04-19T00:26:59Z</time>
        <extensions><gpxtpx:TrackPointExtension>
          <gpxtpx:hr>177</gpxtpx:hr>
        </gpxtpx:TrackPointExtension></extensions>
      </trkpt>
      <trkpt lat="31.399045" lon="120.084666">
        <ele>4.0</ele>
        <time>2026-04-19T00:27:00Z</time>
        <extensions><gpxtpx:TrackPointExtension>
          <gpxtpx:hr>177</gpxtpx:hr>
        </gpxtpx:TrackPointExtension></extensions>
      </trkpt>
      <trkpt lat="31.399074" lon="120.084694">
        <ele>4.0</ele>
        <time>2026-04-19T00:27:01Z</time>
        <extensions><gpxtpx:TrackPointExtension>
          <gpxtpx:hr>177</gpxtpx:hr>
        </gpxtpx:TrackPointExtension></extensions>
      </trkpt>
      <trkpt lat="31.399102" lon="120.084724">
        <ele>4.0</ele>
        <time>2026-04-19T00:27:02Z</time>
        <extensions><gpxtpx:TrackPointExtension>
          <gpxtpx:hr>177</gpxtpx:hr>
        </gpxtpx:TrackPointExtension></extensions>
      </trkpt>
      <trkpt lat="31.399131" lon="120.084753">
        <ele>4.0</ele>
        <time>2026-04-19T00:27:03Z</time>
        <extensions><gpxtpx:TrackPointExtension>
          <gpxtpx:hr>178</gpxtpx:hr>
        </gpxtpx:TrackPointExtension></extensions>
      </trkpt>
      <trkpt lat="31.39916" lon="120.084782">
        <ele>4.0</ele>
        <time>2026-04-19T00:27:04Z</time>
        <extensions><gpxtpx:TrackPointExtension>
          <gpxtpx:hr>178</gpxtpx:hr>
        </gpxtpx:TrackPointExtension></extensions>
      </trkpt>
      <trkpt lat="31.399189" lon="120.084811">
        <ele>4.0</ele>
        <time>2026-04-19T00:27:05Z</time>
        <extensions><gpxtpx:TrackPointExtension>
          <gpxtpx:hr>178</gpxtpx:hr>
        </gpxtpx:TrackPointExtension></extensions>
      </trkpt>
      <trkpt lat="31.399218" lon="120.08484">
        <ele>4.0</ele>
        <time>2026-04-19T00:27:06Z</time>
        <extensions><gpxtpx:TrackPointExtension>
          <gpxtpx:hr>178</gpxtpx:hr>
        </gpxtpx:TrackPointExtension></extensions>
      </trkpt>
      <trkpt lat="31.399248" lon="120.084868">
        <ele>4.0</ele>
        <time>2026-04-19T00:27:07Z</time>
        <extensions><gpxtpx:TrackPointExtension>
          <gpxtpx:hr>178</gpxtpx:hr>
        </gpxtpx:TrackPointExtension></extensions>
      </trkpt>
      <trkpt lat="31.399278" lon="120.084897">
        <ele>4.0</ele>
        <time>2026-04-19T00:27:08Z</time>
        <extensions><gpxtpx:TrackPointExtension>
          <gpxtpx:hr>178</gpxtpx:hr>
        </gpxtpx:TrackPointExtension></extensions>
      </trkpt>
      <trkpt lat="31.399309" lon="120.084925">
        <ele>4.0</ele>
        <time>2026-04-19T00:27:09Z</time>
        <extensions><gpxtpx:TrackPointExtension>
          <gpxtpx:hr>178</gpxtpx:hr>
        </gpxtpx:TrackPointExtension></extensions>
      </trkpt>
      <trkpt lat="31.399339" lon="120.084954">
        <ele>4.0</ele>
        <time>2026-04-19T00:27:10Z</time>
        <extensions><gpxtpx:TrackPointExtension>
          <gpxtpx:hr>178</gpxtpx:hr>
        </gpxtpx:TrackPointExtension></extensions>
      </trkpt>
      <trkpt lat="31.39937" lon="120.084982">
        <ele>4.0</ele>
        <time>2026-04-19T00:27:11Z</time>
        <extensions><gpxtpx:TrackPointExtension>
          <gpxtpx:hr>177</gpxtpx:hr>
        </gpxtpx:TrackPointExtension></extensions>
      </trkpt>
      <trkpt lat="31.3994" lon="120.085011">
        <ele>4.0</ele>
        <time>2026-04-19T00:27:12Z</time>
        <extensions><gpxtpx:TrackPointExtension>
          <gpxtpx:hr>177</gpxtpx:hr>
        </gpxtpx:TrackPointExtension></extensions>
      </trkpt>
      <trkpt lat="31.39943" lon="120.08504">
        <ele>4.0</ele>
        <time>2026-04-19T00:27:13Z</time>
        <extensions><gpxtpx:TrackPointExtension>
          <gpxtpx:hr>177</gpxtpx:hr>
        </gpxtpx:TrackPointExtension></extensions>
      </trkpt>
      <trkpt lat="31.399459" lon="120.085067">
        <ele>4.0</ele>
        <time>2026-04-19T00:27:14Z</time>
        <extensions><gpxtpx:TrackPointExtension>
          <gpxtpx:hr>177</gpxtpx:hr>
        </gpxtpx:TrackPointExtension></extensions>
      </trkpt>
      <trkpt lat="31.399488" lon="120.085095">
        <ele>4.0</ele>
        <time>2026-04-19T00:27:15Z</time>
        <extensions><gpxtpx:TrackPointExtension>
          <gpxtpx:hr>177</gpxtpx:hr>
        </gpxtpx:TrackPointExtension></extensions>
      </trkpt>
      <trkpt lat="31.399516" lon="120.085122">
        <ele>4.0</ele>
        <time>2026-04-19T00:27:16Z</time>
        <extensions><gpxtpx:TrackPointExtension>
          <gpxtpx:hr>177</gpxtpx:hr>
        </gpxtpx:TrackPointExtension></extensions>
      </trkpt>
      <trkpt lat="31.399544" lon="120.085148">
        <ele>4.0</ele>
        <time>2026-04-19T00:27:17Z</time>
        <extensions><gpxtpx:TrackPointExtension>
          <gpxtpx:hr>177</gpxtpx:hr>
        </gpxtpx:TrackPointExtension></extensions>
      </trkpt>
      <trkpt lat="31.399572" lon="120.085174">
        <ele>4.0</ele>
        <time>2026-04-19T00:27:18Z</time>
        <extensions><gpxtpx:TrackPointExtension>
          <gpxtpx:hr>177</gpxtpx:hr>
        </gpxtpx:TrackPointExtension></extensions>
      </trkpt>
      <trkpt lat="31.399625" lon="120.085224">
        <ele>4.0</ele>
        <time>2026-04-19T00:27:19Z</time>
        <extensions><gpxtpx:TrackPointExtension>
          <gpxtpx:hr>177</gpxtpx:hr>
        </gpxtpx:TrackPointExtension></extensions>
      </trkpt>
      <trkpt lat="31.39965" lon="120.085248">
        <ele>4.0</ele>
        <time>2026-04-19T00:27:20Z</time>
        <extensions><gpxtpx:TrackPointExtension>
          <gpxtpx:hr>177</gpxtpx:hr>
        </gpxtpx:TrackPointExtension></extensions>
      </trkpt>
      <trkpt lat="31.399675" lon="120.085272">
        <ele>4.0</ele>
        <time>2026-04-19T00:27:21Z</time>
        <extensions><gpxtpx:TrackPointExtension>
          <gpxtpx:hr>177</gpxtpx:hr>
        </gpxtpx:TrackPointExtension></extensions>
      </trkpt>
      <trkpt lat="31.3997" lon="120.085296">
        <ele>4.0</ele>
        <time>2026-04-19T00:27:22Z</time>
        <extensions><gpxtpx:TrackPointExtension>
          <gpxtpx:hr>177</gpxtpx:hr>
        </gpxtpx:TrackPointExtension></extensions>
      </trkpt>
      <trkpt lat="31.399725" lon="120.08532">
        <ele>4.0</ele>
        <time>2026-04-19T00:27:23Z</time>
        <extensions><gpxtpx:TrackPointExtension>
          <gpxtpx:hr>177</gpxtpx:hr>
        </gpxtpx:TrackPointExtension></extensions>
      </trkpt>
      <trkpt lat="31.39975" lon="120.085344">
        <ele>4.0</ele>
        <time>2026-04-19T00:27:24Z</time>
        <extensions><gpxtpx:TrackPointExtension>
          <gpxtpx:hr>177</gpxtpx:hr>
        </gpxtpx:TrackPointExtension></extensions>
      </trkpt>
      <trkpt lat="31.399775" lon="120.085368">
        <ele>4.0</ele>
        <time>2026-04-19T00:27:25Z</time>
        <extensions><gpxtpx:TrackPointExtension>
          <gpxtpx:hr>177</gpxtpx:hr>
        </gpxtpx:TrackPointExtension></extensions>
      </trkpt>
      <trkpt lat="31.399803" lon="120.085397">
        <ele>5.0</ele>
        <time>2026-04-19T00:27:26Z</time>
        <extensions><gpxtpx:TrackPointExtension>
          <gpxtpx:hr>177</gpxtpx:hr>
        </gpxtpx:TrackPointExtension></extensions>
      </trkpt>
      <trkpt lat="31.399832" lon="120.085426">
        <ele>5.0</ele>
        <time>2026-04-19T00:27:27Z</time>
        <extensions><gpxtpx:TrackPointExtension>
          <gpxtpx:hr>177</gpxtpx:hr>
        </gpxtpx:TrackPointExtension></extensions>
      </trkpt>
      <trkpt lat="31.399858" lon="120.085455">
        <ele>5.0</ele>
        <time>2026-04-19T00:27:28Z</time>
        <extensions><gpxtpx:TrackPointExtension>
          <gpxtpx:hr>177</gpxtpx:hr>
        </gpxtpx:TrackPointExtension></extensions>
      </trkpt>
      <trkpt lat="31.399885" lon="120.085483">
        <ele>5.0</ele>
        <time>2026-04-19T00:27:29Z</time>
        <extensions><gpxtpx:TrackPointExtension>
          <gpxtpx:hr>177</gpxtpx:hr>
        </gpxtpx:TrackPointExtension></extensions>
      </trkpt>
      <trkpt lat="31.399911" lon="120.085512">
        <ele>5.0</ele>
        <time>2026-04-19T00:27:30Z</time>
        <extensions><gpxtpx:TrackPointExtension>
          <gpxtpx:hr>177</gpxtpx:hr>
        </gpxtpx:TrackPointExtension></extensions>
      </trkpt>
      <trkpt lat="31.399938" lon="120.08554">
        <ele>5.0</ele>
        <time>2026-04-19T00:27:31Z</time>
        <extensions><gpxtpx:TrackPointExtension>
          <gpxtpx:hr>177</gpxtpx:hr>
        </gpxtpx:TrackPointExtension></extensions>
      </trkpt>
      <trkpt lat="31.399964" lon="120.085568">
        <ele>5.0</ele>
        <time>2026-04-19T00:27:32Z</time>
        <extensions><gpxtpx:TrackPointExtension>
          <gpxtpx:hr>177</gpxtpx:hr>
        </gpxtpx:TrackPointExtension></extensions>
      </trkpt>
      <trkpt lat="31.39999" lon="120.085597">
        <ele>5.0</ele>
        <time>2026-04-19T00:27:33Z</time>
        <extensions><gpxtpx:TrackPointExtension>
          <gpxtpx:hr>177</gpxtpx:hr>
        </gpxtpx:TrackPointExtension></extensions>
      </trkpt>
      <trkpt lat="31.400017" lon="120.085626">
        <ele>5.0</ele>
        <time>2026-04-19T00:27:34Z</time>
        <extensions><gpxtpx:TrackPointExtension>
          <gpxtpx:hr>177</gpxtpx:hr>
        </gpxtpx:TrackPointExtension></extensions>
      </trkpt>
      <trkpt lat="31.400044" lon="120.085656">
        <ele>5.0</ele>
        <time>2026-04-19T00:27:35Z</time>
        <extensions><gpxtpx:TrackPointExtension>
          <gpxtpx:hr>178</gpxtpx:hr>
        </gpxtpx:TrackPointExtension></extensions>
      </trkpt>
      <trkpt lat="31.400071" lon="120.085685">
        <ele>5.0</ele>
        <time>2026-04-19T00:27:36Z</time>
        <extensions><gpxtpx:TrackPointExtension>
          <gpxtpx:hr>178</gpxtpx:hr>
        </gpxtpx:TrackPointExtension></extensions>
      </trkpt>
      <trkpt lat="31.400098" lon="120.085714">
        <ele>5.0</ele>
        <time>2026-04-19T00:27:37Z</time>
        <extensions><gpxtpx:TrackPointExtension>
          <gpxtpx:hr>178</gpxtpx:hr>
        </gpxtpx:TrackPointExtension></extensions>
      </trkpt>
      <trkpt lat="31.400127" lon="120.085743">
        <ele>5.0</ele>
        <time>2026-04-19T00:27:38Z</time>
        <extensions><gpxtpx:TrackPointExtension>
          <gpxtpx:hr>178</gpxtpx:hr>
        </gpxtpx:TrackPointExtension></extensions>
      </trkpt>
      <trkpt lat="31.400156" lon="120.085772">
        <ele>5.0</ele>
        <time>2026-04-19T00:27:39Z</time>
        <extensions><gpxtpx:TrackPointExtension>
          <gpxtpx:hr>178</gpxtpx:hr>
        </gpxtpx:TrackPointExtension></extensions>
      </trkpt>
      <trkpt lat="31.400185" lon="120.085801">
        <ele>5.0</ele>
        <time>2026-04-19T00:27:40Z</time>
        <extensions><gpxtpx:TrackPointExtension>
          <gpxtpx:hr>178</gpxtpx:hr>
        </gpxtpx:TrackPointExtension></extensions>
      </trkpt>
      <trkpt lat="31.400214" lon="120.085829">
        <ele>5.0</ele>
        <time>2026-04-19T00:27:41Z</time>
        <extensions><gpxtpx:TrackPointExtension>
          <gpxtpx:hr>178</gpxtpx:hr>
        </gpxtpx:TrackPointExtension></extensions>
      </trkpt>
      <trkpt lat="31.400243" lon="120.08586">
        <ele>4.0</ele>
        <time>2026-04-19T00:27:42Z</time>
        <extensions><gpxtpx:TrackPointExtension>
          <gpxtpx:hr>178</gpxtpx:hr>
        </gpxtpx:TrackPointExtension></extensions>
      </trkpt>
      <trkpt lat="31.400272" lon="120.085891">
        <ele>4.0</ele>
        <time>2026-04-19T00:27:43Z</time>
        <extensions><gpxtpx:TrackPointExtension>
          <gpxtpx:hr>178</gpxtpx:hr>
        </gpxtpx:TrackPointExtension></extensions>
      </trkpt>
      <trkpt lat="31.4003" lon="120.085923">
        <ele>4.0</ele>
        <time>2026-04-19T00:27:44Z</time>
        <extensions><gpxtpx:TrackPointExtension>
          <gpxtpx:hr>178</gpxtpx:hr>
        </gpxtpx:TrackPointExtension></extensions>
      </trkpt>
      <trkpt lat="31.400329" lon="120.085955">
        <ele>4.0</ele>
        <time>2026-04-19T00:27:45Z</time>
        <extensions><gpxtpx:TrackPointExtension>
          <gpxtpx:hr>178</gpxtpx:hr>
        </gpxtpx:TrackPointExtension></extensions>
      </trkpt>
      <trkpt lat="31.400357" lon="120.085986">
        <ele>4.0</ele>
        <time>2026-04-19T00:27:46Z</time>
        <extensions><gpxtpx:TrackPointExtension>
          <gpxtpx:hr>178</gpxtpx:hr>
        </gpxtpx:TrackPointExtension></extensions>
      </trkpt>
      <trkpt lat="31.400385" lon="120.086018">
        <ele>4.0</ele>
        <time>2026-04-19T00:27:47Z</time>
        <extensions><gpxtpx:TrackPointExtension>
          <gpxtpx:hr>179</gpxtpx:hr>
        </gpxtpx:TrackPointExtension></extensions>
      </trkpt>
      <trkpt lat="31.400413" lon="120.086048">
        <ele>4.0</ele>
        <time>2026-04-19T00:27:48Z</time>
        <extensions><gpxtpx:TrackPointExtension>
          <gpxtpx:hr>179</gpxtpx:hr>
        </gpxtpx:TrackPointExtension></extensions>
      </trkpt>
      <trkpt lat="31.400442" lon="120.086078">
        <ele>4.0</ele>
        <time>2026-04-19T00:27:49Z</time>
        <extensions><gpxtpx:TrackPointExtension>
          <gpxtpx:hr>179</gpxtpx:hr>
        </gpxtpx:TrackPointExtension></extensions>
      </trkpt>
      <trkpt lat="31.40047" lon="120.086108">
        <ele>4.0</ele>
        <time>2026-04-19T00:27:50Z</time>
        <extensions><gpxtpx:TrackPointExtension>
          <gpxtpx:hr>178</gpxtpx:hr>
        </gpxtpx:TrackPointExtension></extensions>
      </trkpt>
      <trkpt lat="31.400499" lon="120.086138">
        <ele>4.0</ele>
        <time>2026-04-19T00:27:51Z</time>
        <extensions><gpxtpx:TrackPointExtension>
          <gpxtpx:hr>178</gpxtpx:hr>
        </gpxtpx:TrackPointExtension></extensions>
      </trkpt>
      <trkpt lat="31.400526" lon="120.086168">
        <ele>4.0</ele>
        <time>2026-04-19T00:27:52Z</time>
        <extensions><gpxtpx:TrackPointExtension>
          <gpxtpx:hr>178</gpxtpx:hr>
        </gpxtpx:TrackPointExtension></extensions>
      </trkpt>
      <trkpt lat="31.400553" lon="120.086199">
        <ele>4.0</ele>
        <time>2026-04-19T00:27:53Z</time>
        <extensions><gpxtpx:TrackPointExtension>
          <gpxtpx:hr>178</gpxtpx:hr>
        </gpxtpx:TrackPointExtension></extensions>
      </trkpt>
      <trkpt lat="31.400579" lon="120.08623">
        <ele>4.0</ele>
        <time>2026-04-19T00:27:54Z</time>
        <extensions><gpxtpx:TrackPointExtension>
          <gpxtpx:hr>178</gpxtpx:hr>
        </gpxtpx:TrackPointExtension></extensions>
      </trkpt>
      <trkpt lat="31.400606" lon="120.086261">
        <ele>4.0</ele>
        <time>2026-04-19T00:27:55Z</time>
        <extensions><gpxtpx:TrackPointExtension>
          <gpxtpx:hr>179</gpxtpx:hr>
        </gpxtpx:TrackPointExtension></extensions>
      </trkpt>
      <trkpt lat="31.400631" lon="120.086291">
        <ele>5.0</ele>
        <time>2026-04-19T00:27:56Z</time>
        <extensions><gpxtpx:TrackPointExtension>
          <gpxtpx:hr>178</gpxtpx:hr>
        </gpxtpx:TrackPointExtension></extensions>
      </trkpt>
      <trkpt lat="31.400656" lon="120.086322">
        <ele>5.0</ele>
        <time>2026-04-19T00:27:57Z</time>
        <extensions><gpxtpx:TrackPointExtension>
          <gpxtpx:hr>178</gpxtpx:hr>
        </gpxtpx:TrackPointExtension></extensions>
      </trkpt>
      <trkpt lat="31.400681" lon="120.086352">
        <ele>5.0</ele>
        <time>2026-04-19T00:27:58Z</time>
        <extensions><gpxtpx:TrackPointExtension>
          <gpxtpx:hr>178</gpxtpx:hr>
        </gpxtpx:TrackPointExtension></extensions>
      </trkpt>
      <trkpt lat="31.400727" lon="120.086409">
        <ele>5.0</ele>
        <time>2026-04-19T00:27:59Z</time>
        <extensions><gpxtpx:TrackPointExtension>
          <gpxtpx:hr>178</gpxtpx:hr>
        </gpxtpx:TrackPointExtension></extensions>
      </trkpt>
      <trkpt lat="31.400749" lon="120.086435">
        <ele>5.0</ele>
        <time>2026-04-19T00:28:00Z</time>
        <extensions><gpxtpx:TrackPointExtension>
          <gpxtpx:hr>178</gpxtpx:hr>
        </gpxtpx:TrackPointExtension></extensions>
      </trkpt>
      <trkpt lat="31.40077" lon="120.086461">
        <ele>5.0</ele>
        <time>2026-04-19T00:28:01Z</time>
        <extensions><gpxtpx:TrackPointExtension>
          <gpxtpx:hr>178</gpxtpx:hr>
        </gpxtpx:TrackPointExtension></extensions>
      </trkpt>
      <trkpt lat="31.400792" lon="120.086487">
        <ele>5.0</ele>
        <time>2026-04-19T00:28:02Z</time>
        <extensions><gpxtpx:TrackPointExtension>
          <gpxtpx:hr>178</gpxtpx:hr>
        </gpxtpx:TrackPointExtension></extensions>
      </trkpt>
      <trkpt lat="31.400813" lon="120.086512">
        <ele>5.0</ele>
        <time>2026-04-19T00:28:03Z</time>
        <extensions><gpxtpx:TrackPointExtension>
          <gpxtpx:hr>177</gpxtpx:hr>
        </gpxtpx:TrackPointExtension></extensions>
      </trkpt>
      <trkpt lat="31.400842" lon="120.086545">
        <ele>5.0</ele>
        <time>2026-04-19T00:28:04Z</time>
        <extensions><gpxtpx:TrackPointExtension>
          <gpxtpx:hr>177</gpxtpx:hr>
        </gpxtpx:TrackPointExtension></extensions>
      </trkpt>
      <trkpt lat="31.400872" lon="120.086577">
        <ele>5.0</ele>
        <time>2026-04-19T00:28:05Z</time>
        <extensions><gpxtpx:TrackPointExtension>
          <gpxtpx:hr>177</gpxtpx:hr>
        </gpxtpx:TrackPointExtension></extensions>
      </trkpt>
      <trkpt lat="31.400901" lon="120.086608">
        <ele>5.0</ele>
        <time>2026-04-19T00:28:06Z</time>
        <extensions><gpxtpx:TrackPointExtension>
          <gpxtpx:hr>177</gpxtpx:hr>
        </gpxtpx:TrackPointExtension></extensions>
      </trkpt>
      <trkpt lat="31.40093" lon="120.086639">
        <ele>5.0</ele>
        <time>2026-04-19T00:28:07Z</time>
        <extensions><gpxtpx:TrackPointExtension>
          <gpxtpx:hr>177</gpxtpx:hr>
        </gpxtpx:TrackPointExtension></extensions>
      </trkpt>
      <trkpt lat="31.400956" lon="120.086669">
        <ele>5.0</ele>
        <time>2026-04-19T00:28:08Z</time>
        <extensions><gpxtpx:TrackPointExtension>
          <gpxtpx:hr>177</gpxtpx:hr>
        </gpxtpx:TrackPointExtension></extensions>
      </trkpt>
      <trkpt lat="31.400982" lon="120.086699">
        <ele>5.0</ele>
        <time>2026-04-19T00:28:09Z</time>
        <extensions><gpxtpx:TrackPointExtension>
          <gpxtpx:hr>177</gpxtpx:hr>
        </gpxtpx:TrackPointExtension></extensions>
      </trkpt>
      <trkpt lat="31.401006" lon="120.086729">
        <ele>5.0</ele>
        <time>2026-04-19T00:28:10Z</time>
        <extensions><gpxtpx:TrackPointExtension>
          <gpxtpx:hr>177</gpxtpx:hr>
        </gpxtpx:TrackPointExtension></extensions>
      </trkpt>
      <trkpt lat="31.401031" lon="120.08676">
        <ele>5.0</ele>
        <time>2026-04-19T00:28:11Z</time>
        <extensions><gpxtpx:TrackPointExtension>
          <gpxtpx:hr>177</gpxtpx:hr>
        </gpxtpx:TrackPointExtension></extensions>
      </trkpt>
      <trkpt lat="31.401055" lon="120.08679">
        <ele>4.0</ele>
        <time>2026-04-19T00:28:12Z</time>
        <extensions><gpxtpx:TrackPointExtension>
          <gpxtpx:hr>178</gpxtpx:hr>
        </gpxtpx:TrackPointExtension></extensions>
      </trkpt>
      <trkpt lat="31.401079" lon="120.08682">
        <ele>4.0</ele>
        <time>2026-04-19T00:28:13Z</time>
        <extensions><gpxtpx:TrackPointExtension>
          <gpxtpx:hr>178</gpxtpx:hr>
        </gpxtpx:TrackPointExtension></extensions>
      </trkpt>
      <trkpt lat="31.401103" lon="120.086849">
        <ele>4.0</ele>
        <time>2026-04-19T00:28:14Z</time>
        <extensions><gpxtpx:TrackPointExtension>
          <gpxtpx:hr>179</gpxtpx:hr>
        </gpxtpx:TrackPointExtension></extensions>
      </trkpt>
      <trkpt lat="31.401127" lon="120.086879">
        <ele>4.0</ele>
        <time>2026-04-19T00:28:15Z</time>
        <extensions><gpxtpx:TrackPointExtension>
          <gpxtpx:hr>179</gpxtpx:hr>
        </gpxtpx:TrackPointExtension></extensions>
      </trkpt>
      <trkpt lat="31.401152" lon="120.086908">
        <ele>4.0</ele>
        <time>2026-04-19T00:28:16Z</time>
        <extensions><gpxtpx:TrackPointExtension>
          <gpxtpx:hr>179</gpxtpx:hr>
        </gpxtpx:TrackPointExtension></extensions>
      </trkpt>
      <trkpt lat="31.401176" lon="120.086937">
        <ele>4.0</ele>
        <time>2026-04-19T00:28:17Z</time>
        <extensions><gpxtpx:TrackPointExtension>
          <gpxtpx:hr>179</gpxtpx:hr>
        </gpxtpx:TrackPointExtension></extensions>
      </trkpt>
      <trkpt lat="31.401202" lon="120.086967">
        <ele>4.0</ele>
        <time>2026-04-19T00:28:18Z</time>
        <extensions><gpxtpx:TrackPointExtension>
          <gpxtpx:hr>180</gpxtpx:hr>
        </gpxtpx:TrackPointExtension></extensions>
      </trkpt>
      <trkpt lat="31.401228" lon="120.086998">
        <ele>4.0</ele>
        <time>2026-04-19T00:28:19Z</time>
        <extensions><gpxtpx:TrackPointExtension>
          <gpxtpx:hr>180</gpxtpx:hr>
        </gpxtpx:TrackPointExtension></extensions>
      </trkpt>
      <trkpt lat="31.401255" lon="120.087028">
        <ele>4.0</ele>
        <time>2026-04-19T00:28:20Z</time>
        <extensions><gpxtpx:TrackPointExtension>
          <gpxtpx:hr>180</gpxtpx:hr>
        </gpxtpx:TrackPointExtension></extensions>
      </trkpt>
      <trkpt lat="31.401301" lon="120.087082">
        <ele>4.0</ele>
        <time>2026-04-19T00:28:21Z</time>
        <extensions><gpxtpx:TrackPointExtension>
          <gpxtpx:hr>180</gpxtpx:hr>
        </gpxtpx:TrackPointExtension></extensions>
      </trkpt>
      <trkpt lat="31.401321" lon="120.087105">
        <ele>4.0</ele>
        <time>2026-04-19T00:28:22Z</time>
        <extensions><gpxtpx:TrackPointExtension>
          <gpxtpx:hr>180</gpxtpx:hr>
        </gpxtpx:TrackPointExtension></extensions>
      </trkpt>
      <trkpt lat="31.401341" lon="120.087129">
        <ele>4.0</ele>
        <time>2026-04-19T00:28:23Z</time>
        <extensions><gpxtpx:TrackPointExtension>
          <gpxtpx:hr>180</gpxtpx:hr>
        </gpxtpx:TrackPointExtension></extensions>
      </trkpt>
      <trkpt lat="31.401361" lon="120.087152">
        <ele>4.0</ele>
        <time>2026-04-19T00:28:24Z</time>
        <extensions><gpxtpx:TrackPointExtension>
          <gpxtpx:hr>180</gpxtpx:hr>
        </gpxtpx:TrackPointExtension></extensions>
      </trkpt>
      <trkpt lat="31.401381" lon="120.087176">
        <ele>4.0</ele>
        <time>2026-04-19T00:28:25Z</time>
        <extensions><gpxtpx:TrackPointExtension>
          <gpxtpx:hr>180</gpxtpx:hr>
        </gpxtpx:TrackPointExtension></extensions>
      </trkpt>
      <trkpt lat="31.401405" lon="120.087205">
        <ele>4.0</ele>
        <time>2026-04-19T00:28:26Z</time>
        <extensions><gpxtpx:TrackPointExtension>
          <gpxtpx:hr>180</gpxtpx:hr>
        </gpxtpx:TrackPointExtension></extensions>
      </trkpt>
      <trkpt lat="31.401428" lon="120.087234">
        <ele>4.0</ele>
        <time>2026-04-19T00:28:27Z</time>
        <extensions><gpxtpx:TrackPointExtension>
          <gpxtpx:hr>180</gpxtpx:hr>
        </gpxtpx:TrackPointExtension></extensions>
      </trkpt>
      <trkpt lat="31.401453" lon="120.087264">
        <ele>4.0</ele>
        <time>2026-04-19T00:28:28Z</time>
        <extensions><gpxtpx:TrackPointExtension>
          <gpxtpx:hr>180</gpxtpx:hr>
        </gpxtpx:TrackPointExtension></extensions>
      </trkpt>
      <trkpt lat="31.401477" lon="120.087294">
        <ele>4.0</ele>
        <time>2026-04-19T00:28:29Z</time>
        <extensions><gpxtpx:TrackPointExtension>
          <gpxtpx:hr>180</gpxtpx:hr>
        </gpxtpx:TrackPointExtension></extensions>
      </trkpt>
      <trkpt lat="31.401502" lon="120.087325">
        <ele>4.0</ele>
        <time>2026-04-19T00:28:30Z</time>
        <extensions><gpxtpx:TrackPointExtension>
          <gpxtpx:hr>180</gpxtpx:hr>
        </gpxtpx:TrackPointExtension></extensions>
      </trkpt>
      <trkpt lat="31.401527" lon="120.087355">
        <ele>4.0</ele>
        <time>2026-04-19T00:28:31Z</time>
        <extensions><gpxtpx:TrackPointExtension>
          <gpxtpx:hr>180</gpxtpx:hr>
        </gpxtpx:TrackPointExtension></extensions>
      </trkpt>
      <trkpt lat="31.401552" lon="120.087386">
        <ele>4.0</ele>
        <time>2026-04-19T00:28:32Z</time>
        <extensions><gpxtpx:TrackPointExtension>
          <gpxtpx:hr>180</gpxtpx:hr>
        </gpxtpx:TrackPointExtension></extensions>
      </trkpt>
      <trkpt lat="31.401576" lon="120.087417">
        <ele>4.0</ele>
        <time>2026-04-19T00:28:33Z</time>
        <extensions><gpxtpx:TrackPointExtension>
          <gpxtpx:hr>180</gpxtpx:hr>
        </gpxtpx:TrackPointExtension></extensions>
      </trkpt>
      <trkpt lat="31.4016" lon="120.087448">
        <ele>4.0</ele>
        <time>2026-04-19T00:28:34Z</time>
        <extensions><gpxtpx:TrackPointExtension>
          <gpxtpx:hr>180</gpxtpx:hr>
        </gpxtpx:TrackPointExtension></extensions>
      </trkpt>
      <trkpt lat="31.401624" lon="120.087479">
        <ele>4.0</ele>
        <time>2026-04-19T00:28:35Z</time>
        <extensions><gpxtpx:TrackPointExtension>
          <gpxtpx:hr>179</gpxtpx:hr>
        </gpxtpx:TrackPointExtension></extensions>
      </trkpt>
      <trkpt lat="31.401648" lon="120.08751">
        <ele>4.0</ele>
        <time>2026-04-19T00:28:36Z</time>
        <extensions><gpxtpx:TrackPointExtension>
          <gpxtpx:hr>179</gpxtpx:hr>
        </gpxtpx:TrackPointExtension></extensions>
      </trkpt>
      <trkpt lat="31.401673" lon="120.087541">
        <ele>4.0</ele>
        <time>2026-04-19T00:28:37Z</time>
        <extensions><gpxtpx:TrackPointExtension>
          <gpxtpx:hr>179</gpxtpx:hr>
        </gpxtpx:TrackPointExtension></extensions>
      </trkpt>
      <trkpt lat="31.401699" lon="120.087572">
        <ele>4.0</ele>
        <time>2026-04-19T00:28:38Z</time>
        <extensions><gpxtpx:TrackPointExtension>
          <gpxtpx:hr>179</gpxtpx:hr>
        </gpxtpx:TrackPointExtension></extensions>
      </trkpt>
      <trkpt lat="31.401725" lon="120.087603">
        <ele>4.0</ele>
        <time>2026-04-19T00:28:39Z</time>
        <extensions><gpxtpx:TrackPointExtension>
          <gpxtpx:hr>179</gpxtpx:hr>
        </gpxtpx:TrackPointExtension></extensions>
      </trkpt>
      <trkpt lat="31.401752" lon="120.087633">
        <ele>4.0</ele>
        <time>2026-04-19T00:28:40Z</time>
        <extensions><gpxtpx:TrackPointExtension>
          <gpxtpx:hr>179</gpxtpx:hr>
        </gpxtpx:TrackPointExtension></extensions>
      </trkpt>
      <trkpt lat="31.40178" lon="120.087663">
        <ele>4.0</ele>
        <time>2026-04-19T00:28:41Z</time>
        <extensions><gpxtpx:TrackPointExtension>
          <gpxtpx:hr>179</gpxtpx:hr>
        </gpxtpx:TrackPointExtension></extensions>
      </trkpt>
      <trkpt lat="31.401808" lon="120.087692">
        <ele>4.0</ele>
        <time>2026-04-19T00:28:42Z</time>
        <extensions><gpxtpx:TrackPointExtension>
          <gpxtpx:hr>179</gpxtpx:hr>
        </gpxtpx:TrackPointExtension></extensions>
      </trkpt>
      <trkpt lat="31.401857" lon="120.087746">
        <ele>4.0</ele>
        <time>2026-04-19T00:28:43Z</time>
        <extensions><gpxtpx:TrackPointExtension>
          <gpxtpx:hr>179</gpxtpx:hr>
        </gpxtpx:TrackPointExtension></extensions>
      </trkpt>
      <trkpt lat="31.401879" lon="120.087769">
        <ele>4.0</ele>
        <time>2026-04-19T00:28:44Z</time>
        <extensions><gpxtpx:TrackPointExtension>
          <gpxtpx:hr>179</gpxtpx:hr>
        </gpxtpx:TrackPointExtension></extensions>
      </trkpt>
      <trkpt lat="31.4019" lon="120.087793">
        <ele>4.0</ele>
        <time>2026-04-19T00:28:45Z</time>
        <extensions><gpxtpx:TrackPointExtension>
          <gpxtpx:hr>179</gpxtpx:hr>
        </gpxtpx:TrackPointExtension></extensions>
      </trkpt>
      <trkpt lat="31.401922" lon="120.087816">
        <ele>4.0</ele>
        <time>2026-04-19T00:28:46Z</time>
        <extensions><gpxtpx:TrackPointExtension>
          <gpxtpx:hr>179</gpxtpx:hr>
        </gpxtpx:TrackPointExtension></extensions>
      </trkpt>
      <trkpt lat="31.401943" lon="120.08784">
        <ele>4.0</ele>
        <time>2026-04-19T00:28:47Z</time>
        <extensions><gpxtpx:TrackPointExtension>
          <gpxtpx:hr>179</gpxtpx:hr>
        </gpxtpx:TrackPointExtension></extensions>
      </trkpt>
      <trkpt lat="31.401968" lon="120.08787">
        <ele>4.0</ele>
        <time>2026-04-19T00:28:48Z</time>
        <extensions><gpxtpx:TrackPointExtension>
          <gpxtpx:hr>179</gpxtpx:hr>
        </gpxtpx:TrackPointExtension></extensions>
      </trkpt>
      <trkpt lat="31.401991" lon="120.087901">
        <ele>4.0</ele>
        <time>2026-04-19T00:28:49Z</time>
        <extensions><gpxtpx:TrackPointExtension>
          <gpxtpx:hr>179</gpxtpx:hr>
        </gpxtpx:TrackPointExtension></extensions>
      </trkpt>
      <trkpt lat="31.402014" lon="120.087932">
        <ele>4.0</ele>
        <time>2026-04-19T00:28:50Z</time>
        <extensions><gpxtpx:TrackPointExtension>
          <gpxtpx:hr>179</gpxtpx:hr>
        </gpxtpx:TrackPointExtension></extensions>
      </trkpt>
      <trkpt lat="31.402037" lon="120.087962">
        <ele>4.0</ele>
        <time>2026-04-19T00:28:51Z</time>
        <extensions><gpxtpx:TrackPointExtension>
          <gpxtpx:hr>179</gpxtpx:hr>
        </gpxtpx:TrackPointExtension></extensions>
      </trkpt>
      <trkpt lat="31.40206" lon="120.087993">
        <ele>4.0</ele>
        <time>2026-04-19T00:28:52Z</time>
        <extensions><gpxtpx:TrackPointExtension>
          <gpxtpx:hr>179</gpxtpx:hr>
        </gpxtpx:TrackPointExtension></extensions>
      </trkpt>
      <trkpt lat="31.402084" lon="120.088023">
        <ele>4.0</ele>
        <time>2026-04-19T00:28:53Z</time>
        <extensions><gpxtpx:TrackPointExtension>
          <gpxtpx:hr>179</gpxtpx:hr>
        </gpxtpx:TrackPointExtension></extensions>
      </trkpt>
      <trkpt lat="31.402109" lon="120.088053">
        <ele>4.0</ele>
        <time>2026-04-19T00:28:54Z</time>
        <extensions><gpxtpx:TrackPointExtension>
          <gpxtpx:hr>179</gpxtpx:hr>
        </gpxtpx:TrackPointExtension></extensions>
      </trkpt>
      <trkpt lat="31.402133" lon="120.088082">
        <ele>4.0</ele>
        <time>2026-04-19T00:28:55Z</time>
        <extensions><gpxtpx:TrackPointExtension>
          <gpxtpx:hr>179</gpxtpx:hr>
        </gpxtpx:TrackPointExtension></extensions>
      </trkpt>
      <trkpt lat="31.402159" lon="120.088112">
        <ele>4.0</ele>
        <time>2026-04-19T00:28:56Z</time>
        <extensions><gpxtpx:TrackPointExtension>
          <gpxtpx:hr>179</gpxtpx:hr>
        </gpxtpx:TrackPointExtension></extensions>
      </trkpt>
      <trkpt lat="31.402185" lon="120.088142">
        <ele>4.0</ele>
        <time>2026-04-19T00:28:57Z</time>
        <extensions><gpxtpx:TrackPointExtension>
          <gpxtpx:hr>179</gpxtpx:hr>
        </gpxtpx:TrackPointExtension></extensions>
      </trkpt>
      <trkpt lat="31.402212" lon="120.088174">
        <ele>4.0</ele>
        <time>2026-04-19T00:28:58Z</time>
        <extensions><gpxtpx:TrackPointExtension>
          <gpxtpx:hr>179</gpxtpx:hr>
        </gpxtpx:TrackPointExtension></extensions>
      </trkpt>
      <trkpt lat="31.40224" lon="120.088205">
        <ele>4.0</ele>
        <time>2026-04-19T00:28:59Z</time>
        <extensions><gpxtpx:TrackPointExtension>
          <gpxtpx:hr>179</gpxtpx:hr>
        </gpxtpx:TrackPointExtension></extensions>
      </trkpt>
      <trkpt lat="31.402266" lon="120.088236">
        <ele>4.0</ele>
        <time>2026-04-19T00:29:00Z</time>
        <extensions><gpxtpx:TrackPointExtension>
          <gpxtpx:hr>179</gpxtpx:hr>
        </gpxtpx:TrackPointExtension></extensions>
      </trkpt>
      <trkpt lat="31.402293" lon="120.088267">
        <ele>4.0</ele>
        <time>2026-04-19T00:29:01Z</time>
        <extensions><gpxtpx:TrackPointExtension>
          <gpxtpx:hr>179</gpxtpx:hr>
        </gpxtpx:TrackPointExtension></extensions>
      </trkpt>
      <trkpt lat="31.402319" lon="120.088297">
        <ele>4.0</ele>
        <time>2026-04-19T00:29:02Z</time>
        <extensions><gpxtpx:TrackPointExtension>
          <gpxtpx:hr>180</gpxtpx:hr>
        </gpxtpx:TrackPointExtension></extensions>
      </trkpt>
      <trkpt lat="31.402345" lon="120.088327">
        <ele>4.0</ele>
        <time>2026-04-19T00:29:03Z</time>
        <extensions><gpxtpx:TrackPointExtension>
          <gpxtpx:hr>180</gpxtpx:hr>
        </gpxtpx:TrackPointExtension></extensions>
      </trkpt>
      <trkpt lat="31.40237" lon="120.088356">
        <ele>4.0</ele>
        <time>2026-04-19T00:29:04Z</time>
        <extensions><gpxtpx:TrackPointExtension>
          <gpxtpx:hr>180</gpxtpx:hr>
        </gpxtpx:TrackPointExtension></extensions>
      </trkpt>
      <trkpt lat="31.402396" lon="120.088385">
        <ele>4.0</ele>
        <time>2026-04-19T00:29:05Z</time>
        <extensions><gpxtpx:TrackPointExtension>
          <gpxtpx:hr>180</gpxtpx:hr>
        </gpxtpx:TrackPointExtension></extensions>
      </trkpt>
      <trkpt lat="31.402422" lon="120.088415">
        <ele>4.0</ele>
        <time>2026-04-19T00:29:06Z</time>
        <extensions><gpxtpx:TrackPointExtension>
          <gpxtpx:hr>180</gpxtpx:hr>
        </gpxtpx:TrackPointExtension></extensions>
      </trkpt>
      <trkpt lat="31.402448" lon="120.088444">
        <ele>4.0</ele>
        <time>2026-04-19T00:29:07Z</time>
        <extensions><gpxtpx:TrackPointExtension>
          <gpxtpx:hr>181</gpxtpx:hr>
        </gpxtpx:TrackPointExtension></extensions>
      </trkpt>
      <trkpt lat="31.402474" lon="120.088475">
        <ele>4.0</ele>
        <time>2026-04-19T00:29:08Z</time>
        <extensions><gpxtpx:TrackPointExtension>
          <gpxtpx:hr>181</gpxtpx:hr>
        </gpxtpx:TrackPointExtension></extensions>
      </trkpt>
      <trkpt lat="31.4025" lon="120.088506">
        <ele>4.0</ele>
        <time>2026-04-19T00:29:09Z</time>
        <extensions><gpxtpx:TrackPointExtension>
          <gpxtpx:hr>181</gpxtpx:hr>
        </gpxtpx:TrackPointExtension></extensions>
      </trkpt>
      <trkpt lat="31.402526" lon="120.088538">
        <ele>4.0</ele>
        <time>2026-04-19T00:29:10Z</time>
        <extensions><gpxtpx:TrackPointExtension>
          <gpxtpx:hr>181</gpxtpx:hr>
        </gpxtpx:TrackPointExtension></extensions>
      </trkpt>
      <trkpt lat="31.402551" lon="120.08857">
        <ele>4.0</ele>
        <time>2026-04-19T00:29:11Z</time>
        <extensions><gpxtpx:TrackPointExtension>
          <gpxtpx:hr>181</gpxtpx:hr>
        </gpxtpx:TrackPointExtension></extensions>
      </trkpt>
      <trkpt lat="31.402577" lon="120.0886">
        <ele>4.0</ele>
        <time>2026-04-19T00:29:12Z</time>
        <extensions><gpxtpx:TrackPointExtension>
          <gpxtpx:hr>182</gpxtpx:hr>
        </gpxtpx:TrackPointExtension></extensions>
      </trkpt>
      <trkpt lat="31.402603" lon="120.088631">
        <ele>4.0</ele>
        <time>2026-04-19T00:29:13Z</time>
        <extensions><gpxtpx:TrackPointExtension>
          <gpxtpx:hr>182</gpxtpx:hr>
        </gpxtpx:TrackPointExtension></extensions>
      </trkpt>
      <trkpt lat="31.402628" lon="120.088661">
        <ele>4.0</ele>
        <time>2026-04-19T00:29:14Z</time>
        <extensions><gpxtpx:TrackPointExtension>
          <gpxtpx:hr>182</gpxtpx:hr>
        </gpxtpx:TrackPointExtension></extensions>
      </trkpt>
      <trkpt lat="31.402654" lon="120.088691">
        <ele>4.0</ele>
        <time>2026-04-19T00:29:15Z</time>
        <extensions><gpxtpx:TrackPointExtension>
          <gpxtpx:hr>182</gpxtpx:hr>
        </gpxtpx:TrackPointExtension></extensions>
      </trkpt>
      <trkpt lat="31.40268" lon="120.088721">
        <ele>4.0</ele>
        <time>2026-04-19T00:29:16Z</time>
        <extensions><gpxtpx:TrackPointExtension>
          <gpxtpx:hr>182</gpxtpx:hr>
        </gpxtpx:TrackPointExtension></extensions>
      </trkpt>
      <trkpt lat="31.402705" lon="120.088751">
        <ele>4.0</ele>
        <time>2026-04-19T00:29:17Z</time>
        <extensions><gpxtpx:TrackPointExtension>
          <gpxtpx:hr>182</gpxtpx:hr>
        </gpxtpx:TrackPointExtension></extensions>
      </trkpt>
      <trkpt lat="31.40273" lon="120.088781">
        <ele>4.0</ele>
        <time>2026-04-19T00:29:18Z</time>
        <extensions><gpxtpx:TrackPointExtension>
          <gpxtpx:hr>181</gpxtpx:hr>
        </gpxtpx:TrackPointExtension></extensions>
      </trkpt>
      <trkpt lat="31.402755" lon="120.08881">
        <ele>4.0</ele>
        <time>2026-04-19T00:29:19Z</time>
        <extensions><gpxtpx:TrackPointExtension>
          <gpxtpx:hr>181</gpxtpx:hr>
        </gpxtpx:TrackPointExtension></extensions>
      </trkpt>
      <trkpt lat="31.40278" lon="120.088839">
        <ele>4.0</ele>
        <time>2026-04-19T00:29:20Z</time>
        <extensions><gpxtpx:TrackPointExtension>
          <gpxtpx:hr>181</gpxtpx:hr>
        </gpxtpx:TrackPointExtension></extensions>
      </trkpt>
      <trkpt lat="31.402805" lon="120.088868">
        <ele>4.0</ele>
        <time>2026-04-19T00:29:21Z</time>
        <extensions><gpxtpx:TrackPointExtension>
          <gpxtpx:hr>181</gpxtpx:hr>
        </gpxtpx:TrackPointExtension></extensions>
      </trkpt>
      <trkpt lat="31.40283" lon="120.088897">
        <ele>4.0</ele>
        <time>2026-04-19T00:29:22Z</time>
        <extensions><gpxtpx:TrackPointExtension>
          <gpxtpx:hr>180</gpxtpx:hr>
        </gpxtpx:TrackPointExtension></extensions>
      </trkpt>
      <trkpt lat="31.402856" lon="120.088927">
        <ele>4.0</ele>
        <time>2026-04-19T00:29:23Z</time>
        <extensions><gpxtpx:TrackPointExtension>
          <gpxtpx:hr>180</gpxtpx:hr>
        </gpxtpx:TrackPointExtension></extensions>
      </trkpt>
      <trkpt lat="31.402881" lon="120.088956">
        <ele>4.0</ele>
        <time>2026-04-19T00:29:24Z</time>
        <extensions><gpxtpx:TrackPointExtension>
          <gpxtpx:hr>180</gpxtpx:hr>
        </gpxtpx:TrackPointExtension></extensions>
      </trkpt>
      <trkpt lat="31.402906" lon="120.088986">
        <ele>4.0</ele>
        <time>2026-04-19T00:29:25Z</time>
        <extensions><gpxtpx:TrackPointExtension>
          <gpxtpx:hr>180</gpxtpx:hr>
        </gpxtpx:TrackPointExtension></extensions>
      </trkpt>
      <trkpt lat="31.402931" lon="120.089017">
        <ele>4.0</ele>
        <time>2026-04-19T00:29:26Z</time>
        <extensions><gpxtpx:TrackPointExtension>
          <gpxtpx:hr>180</gpxtpx:hr>
        </gpxtpx:TrackPointExtension></extensions>
      </trkpt>
      <trkpt lat="31.402956" lon="120.089048">
        <ele>4.0</ele>
        <time>2026-04-19T00:29:27Z</time>
        <extensions><gpxtpx:TrackPointExtension>
          <gpxtpx:hr>180</gpxtpx:hr>
        </gpxtpx:TrackPointExtension></extensions>
      </trkpt>
      <trkpt lat="31.402981" lon="120.089079">
        <ele>4.0</ele>
        <time>2026-04-19T00:29:28Z</time>
        <extensions><gpxtpx:TrackPointExtension>
          <gpxtpx:hr>180</gpxtpx:hr>
        </gpxtpx:TrackPointExtension></extensions>
      </trkpt>
      <trkpt lat="31.403006" lon="120.089111">
        <ele>4.0</ele>
        <time>2026-04-19T00:29:29Z</time>
        <extensions><gpxtpx:TrackPointExtension>
          <gpxtpx:hr>180</gpxtpx:hr>
        </gpxtpx:TrackPointExtension></extensions>
      </trkpt>
      <trkpt lat="31.403031" lon="120.089142">
        <ele>4.0</ele>
        <time>2026-04-19T00:29:30Z</time>
        <extensions><gpxtpx:TrackPointExtension>
          <gpxtpx:hr>181</gpxtpx:hr>
        </gpxtpx:TrackPointExtension></extensions>
      </trkpt>
      <trkpt lat="31.403056" lon="120.089174">
        <ele>5.0</ele>
        <time>2026-04-19T00:29:31Z</time>
        <extensions><gpxtpx:TrackPointExtension>
          <gpxtpx:hr>181</gpxtpx:hr>
        </gpxtpx:TrackPointExtension></extensions>
      </trkpt>
      <trkpt lat="31.403081" lon="120.089205">
        <ele>5.0</ele>
        <time>2026-04-19T00:29:32Z</time>
        <extensions><gpxtpx:TrackPointExtension>
          <gpxtpx:hr>181</gpxtpx:hr>
        </gpxtpx:TrackPointExtension></extensions>
      </trkpt>
      <trkpt lat="31.403106" lon="120.089236">
        <ele>5.0</ele>
        <time>2026-04-19T00:29:33Z</time>
        <extensions><gpxtpx:TrackPointExtension>
          <gpxtpx:hr>181</gpxtpx:hr>
        </gpxtpx:TrackPointExtension></extensions>
      </trkpt>
      <trkpt lat="31.403132" lon="120.089266">
        <ele>5.0</ele>
        <time>2026-04-19T00:29:34Z</time>
        <extensions><gpxtpx:TrackPointExtension>
          <gpxtpx:hr>181</gpxtpx:hr>
        </gpxtpx:TrackPointExtension></extensions>
      </trkpt>
      <trkpt lat="31.403158" lon="120.089297">
        <ele>5.0</ele>
        <time>2026-04-19T00:29:35Z</time>
        <extensions><gpxtpx:TrackPointExtension>
          <gpxtpx:hr>181</gpxtpx:hr>
        </gpxtpx:TrackPointExtension></extensions>
      </trkpt>
      <trkpt lat="31.403184" lon="120.089327">
        <ele>5.0</ele>
        <time>2026-04-19T00:29:36Z</time>
        <extensions><gpxtpx:TrackPointExtension>
          <gpxtpx:hr>181</gpxtpx:hr>
        </gpxtpx:TrackPointExtension></extensions>
      </trkpt>
      <trkpt lat="31.40321" lon="120.089357">
        <ele>5.0</ele>
        <time>2026-04-19T00:29:37Z</time>
        <extensions><gpxtpx:TrackPointExtension>
          <gpxtpx:hr>181</gpxtpx:hr>
        </gpxtpx:TrackPointExtension></extensions>
      </trkpt>
      <trkpt lat="31.403237" lon="120.089388">
        <ele>5.0</ele>
        <time>2026-04-19T00:29:38Z</time>
        <extensions><gpxtpx:TrackPointExtension>
          <gpxtpx:hr>181</gpxtpx:hr>
        </gpxtpx:TrackPointExtension></extensions>
      </trkpt>
      <trkpt lat="31.403264" lon="120.089418">
        <ele>5.0</ele>
        <time>2026-04-19T00:29:39Z</time>
        <extensions><gpxtpx:TrackPointExtension>
          <gpxtpx:hr>181</gpxtpx:hr>
        </gpxtpx:TrackPointExtension></extensions>
      </trkpt>
      <trkpt lat="31.40329" lon="120.089449">
        <ele>5.0</ele>
        <time>2026-04-19T00:29:40Z</time>
        <extensions><gpxtpx:TrackPointExtension>
          <gpxtpx:hr>180</gpxtpx:hr>
        </gpxtpx:TrackPointExtension></extensions>
      </trkpt>
      <trkpt lat="31.403317" lon="120.089479">
        <ele>5.0</ele>
        <time>2026-04-19T00:29:41Z</time>
        <extensions><gpxtpx:TrackPointExtension>
          <gpxtpx:hr>180</gpxtpx:hr>
        </gpxtpx:TrackPointExtension></extensions>
      </trkpt>
      <trkpt lat="31.403344" lon="120.089509">
        <ele>4.0</ele>
        <time>2026-04-19T00:29:42Z</time>
        <extensions><gpxtpx:TrackPointExtension>
          <gpxtpx:hr>180</gpxtpx:hr>
        </gpxtpx:TrackPointExtension></extensions>
      </trkpt>
      <trkpt lat="31.403371" lon="120.089539">
        <ele>4.0</ele>
        <time>2026-04-19T00:29:43Z</time>
        <extensions><gpxtpx:TrackPointExtension>
          <gpxtpx:hr>180</gpxtpx:hr>
        </gpxtpx:TrackPointExtension></extensions>
      </trkpt>
      <trkpt lat="31.403397" lon="120.08957">
        <ele>4.0</ele>
        <time>2026-04-19T00:29:44Z</time>
        <extensions><gpxtpx:TrackPointExtension>
          <gpxtpx:hr>180</gpxtpx:hr>
        </gpxtpx:TrackPointExtension></extensions>
      </trkpt>
      <trkpt lat="31.403424" lon="120.089601">
        <ele>4.0</ele>
        <time>2026-04-19T00:29:45Z</time>
        <extensions><gpxtpx:TrackPointExtension>
          <gpxtpx:hr>180</gpxtpx:hr>
        </gpxtpx:TrackPointExtension></extensions>
      </trkpt>
      <trkpt lat="31.40345" lon="120.089631">
        <ele>4.0</ele>
        <time>2026-04-19T00:29:46Z</time>
        <extensions><gpxtpx:TrackPointExtension>
          <gpxtpx:hr>180</gpxtpx:hr>
        </gpxtpx:TrackPointExtension></extensions>
      </trkpt>
      <trkpt lat="31.403476" lon="120.089662">
        <ele>4.0</ele>
        <time>2026-04-19T00:29:47Z</time>
        <extensions><gpxtpx:TrackPointExtension>
          <gpxtpx:hr>180</gpxtpx:hr>
        </gpxtpx:TrackPointExtension></extensions>
      </trkpt>
      <trkpt lat="31.403502" lon="120.089692">
        <ele>4.0</ele>
        <time>2026-04-19T00:29:48Z</time>
        <extensions><gpxtpx:TrackPointExtension>
          <gpxtpx:hr>180</gpxtpx:hr>
        </gpxtpx:TrackPointExtension></extensions>
      </trkpt>
      <trkpt lat="31.403527" lon="120.089723">
        <ele>4.0</ele>
        <time>2026-04-19T00:29:49Z</time>
        <extensions><gpxtpx:TrackPointExtension>
          <gpxtpx:hr>180</gpxtpx:hr>
        </gpxtpx:TrackPointExtension></extensions>
      </trkpt>
      <trkpt lat="31.40355" lon="120.089755">
        <ele>4.0</ele>
        <time>2026-04-19T00:29:50Z</time>
        <extensions><gpxtpx:TrackPointExtension>
          <gpxtpx:hr>180</gpxtpx:hr>
        </gpxtpx:TrackPointExtension></extensions>
      </trkpt>
      <trkpt lat="31.403573" lon="120.089788">
        <ele>4.0</ele>
        <time>2026-04-19T00:29:51Z</time>
        <extensions><gpxtpx:TrackPointExtension>
          <gpxtpx:hr>180</gpxtpx:hr>
        </gpxtpx:TrackPointExtension></extensions>
      </trkpt>
      <trkpt lat="31.403594" lon="120.089821">
        <ele>4.0</ele>
        <time>2026-04-19T00:29:52Z</time>
        <extensions><gpxtpx:TrackPointExtension>
          <gpxtpx:hr>180</gpxtpx:hr>
        </gpxtpx:TrackPointExtension></extensions>
      </trkpt>
      <trkpt lat="31.403615" lon="120.089855">
        <ele>4.0</ele>
        <time>2026-04-19T00:29:53Z</time>
        <extensions><gpxtpx:TrackPointExtension>
          <gpxtpx:hr>180</gpxtpx:hr>
        </gpxtpx:TrackPointExtension></extensions>
      </trkpt>
      <trkpt lat="31.403636" lon="120.089888">
        <ele>4.0</ele>
        <time>2026-04-19T00:29:54Z</time>
        <extensions><gpxtpx:TrackPointExtension>
          <gpxtpx:hr>180</gpxtpx:hr>
        </gpxtpx:TrackPointExtension></extensions>
      </trkpt>
      <trkpt lat="31.403658" lon="120.089921">
        <ele>4.0</ele>
        <time>2026-04-19T00:29:55Z</time>
        <extensions><gpxtpx:TrackPointExtension>
          <gpxtpx:hr>180</gpxtpx:hr>
        </gpxtpx:TrackPointExtension></extensions>
      </trkpt>
      <trkpt lat="31.403681" lon="120.089951">
        <ele>4.0</ele>
        <time>2026-04-19T00:29:56Z</time>
        <extensions><gpxtpx:TrackPointExtension>
          <gpxtpx:hr>180</gpxtpx:hr>
        </gpxtpx:TrackPointExtension></extensions>
      </trkpt>
      <trkpt lat="31.403704" lon="120.089982">
        <ele>4.0</ele>
        <time>2026-04-19T00:29:57Z</time>
        <extensions><gpxtpx:TrackPointExtension>
          <gpxtpx:hr>180</gpxtpx:hr>
        </gpxtpx:TrackPointExtension></extensions>
      </trkpt>
      <trkpt lat="31.403729" lon="120.090011">
        <ele>4.0</ele>
        <time>2026-04-19T00:29:58Z</time>
        <extensions><gpxtpx:TrackPointExtension>
          <gpxtpx:hr>180</gpxtpx:hr>
        </gpxtpx:TrackPointExtension></extensions>
      </trkpt>
      <trkpt lat="31.403754" lon="120.090041">
        <ele>4.0</ele>
        <time>2026-04-19T00:29:59Z</time>
        <extensions><gpxtpx:TrackPointExtension>
          <gpxtpx:hr>180</gpxtpx:hr>
        </gpxtpx:TrackPointExtension></extensions>
      </trkpt>
      <trkpt lat="31.403779" lon="120.090069">
        <ele>4.0</ele>
        <time>2026-04-19T00:30:00Z</time>
        <extensions><gpxtpx:TrackPointExtension>
          <gpxtpx:hr>180</gpxtpx:hr>
        </gpxtpx:TrackPointExtension></extensions>
      </trkpt>
      <trkpt lat="31.403805" lon="120.090098">
        <ele>4.0</ele>
        <time>2026-04-19T00:30:01Z</time>
        <extensions><gpxtpx:TrackPointExtension>
          <gpxtpx:hr>180</gpxtpx:hr>
        </gpxtpx:TrackPointExtension></extensions>
      </trkpt>
      <trkpt lat="31.403829" lon="120.090126">
        <ele>4.0</ele>
        <time>2026-04-19T00:30:02Z</time>
        <extensions><gpxtpx:TrackPointExtension>
          <gpxtpx:hr>179</gpxtpx:hr>
        </gpxtpx:TrackPointExtension></extensions>
      </trkpt>
      <trkpt lat="31.403854" lon="120.090154">
        <ele>4.0</ele>
        <time>2026-04-19T00:30:03Z</time>
        <extensions><gpxtpx:TrackPointExtension>
          <gpxtpx:hr>179</gpxtpx:hr>
        </gpxtpx:TrackPointExtension></extensions>
      </trkpt>
      <trkpt lat="31.403878" lon="120.090183">
        <ele>4.0</ele>
        <time>2026-04-19T00:30:04Z</time>
        <extensions><gpxtpx:TrackPointExtension>
          <gpxtpx:hr>179</gpxtpx:hr>
        </gpxtpx:TrackPointExtension></extensions>
      </trkpt>
      <trkpt lat="31.403902" lon="120.090212">
        <ele>4.0</ele>
        <time>2026-04-19T00:30:05Z</time>
        <extensions><gpxtpx:TrackPointExtension>
          <gpxtpx:hr>179</gpxtpx:hr>
        </gpxtpx:TrackPointExtension></extensions>
      </trkpt>
      <trkpt lat="31.403926" lon="120.090242">
        <ele>4.0</ele>
        <time>2026-04-19T00:30:06Z</time>
        <extensions><gpxtpx:TrackPointExtension>
          <gpxtpx:hr>179</gpxtpx:hr>
        </gpxtpx:TrackPointExtension></extensions>
      </trkpt>
      <trkpt lat="31.403971" lon="120.090296">
        <ele>4.0</ele>
        <time>2026-04-19T00:30:07Z</time>
        <extensions><gpxtpx:TrackPointExtension>
          <gpxtpx:hr>179</gpxtpx:hr>
        </gpxtpx:TrackPointExtension></extensions>
      </trkpt>
      <trkpt lat="31.403991" lon="120.090319">
        <ele>4.0</ele>
        <time>2026-04-19T00:30:08Z</time>
        <extensions><gpxtpx:TrackPointExtension>
          <gpxtpx:hr>179</gpxtpx:hr>
        </gpxtpx:TrackPointExtension></extensions>
      </trkpt>
      <trkpt lat="31.404011" lon="120.090343">
        <ele>4.0</ele>
        <time>2026-04-19T00:30:09Z</time>
        <extensions><gpxtpx:TrackPointExtension>
          <gpxtpx:hr>179</gpxtpx:hr>
        </gpxtpx:TrackPointExtension></extensions>
      </trkpt>
      <trkpt lat="31.404031" lon="120.090367">
        <ele>4.0</ele>
        <time>2026-04-19T00:30:10Z</time>
        <extensions><gpxtpx:TrackPointExtension>
          <gpxtpx:hr>179</gpxtpx:hr>
        </gpxtpx:TrackPointExtension></extensions>
      </trkpt>
      <trkpt lat="31.404051" lon="120.09039">
        <ele>4.0</ele>
        <time>2026-04-19T00:30:11Z</time>
        <extensions><gpxtpx:TrackPointExtension>
          <gpxtpx:hr>179</gpxtpx:hr>
        </gpxtpx:TrackPointExtension></extensions>
      </trkpt>
      <trkpt lat="31.404076" lon="120.09042">
        <ele>4.0</ele>
        <time>2026-04-19T00:30:12Z</time>
        <extensions><gpxtpx:TrackPointExtension>
          <gpxtpx:hr>179</gpxtpx:hr>
        </gpxtpx:TrackPointExtension></extensions>
      </trkpt>
      <trkpt lat="31.404101" lon="120.090449">
        <ele>4.0</ele>
        <time>2026-04-19T00:30:13Z</time>
        <extensions><gpxtpx:TrackPointExtension>
          <gpxtpx:hr>179</gpxtpx:hr>
        </gpxtpx:TrackPointExtension></extensions>
      </trkpt>
      <trkpt lat="31.404126" lon="120.090478">
        <ele>4.0</ele>
        <time>2026-04-19T00:30:14Z</time>
        <extensions><gpxtpx:TrackPointExtension>
          <gpxtpx:hr>179</gpxtpx:hr>
        </gpxtpx:TrackPointExtension></extensions>
      </trkpt>
      <trkpt lat="31.404151" lon="120.090507">
        <ele>4.0</ele>
        <time>2026-04-19T00:30:15Z</time>
        <extensions><gpxtpx:TrackPointExtension>
          <gpxtpx:hr>179</gpxtpx:hr>
        </gpxtpx:TrackPointExtension></extensions>
      </trkpt>
      <trkpt lat="31.404175" lon="120.090535">
        <ele>4.0</ele>
        <time>2026-04-19T00:30:16Z</time>
        <extensions><gpxtpx:TrackPointExtension>
          <gpxtpx:hr>179</gpxtpx:hr>
        </gpxtpx:TrackPointExtension></extensions>
      </trkpt>
      <trkpt lat="31.4042" lon="120.090564">
        <ele>3.0</ele>
        <time>2026-04-19T00:30:17Z</time>
        <extensions><gpxtpx:TrackPointExtension>
          <gpxtpx:hr>179</gpxtpx:hr>
        </gpxtpx:TrackPointExtension></extensions>
      </trkpt>
      <trkpt lat="31.404226" lon="120.090593">
        <ele>3.0</ele>
        <time>2026-04-19T00:30:18Z</time>
        <extensions><gpxtpx:TrackPointExtension>
          <gpxtpx:hr>179</gpxtpx:hr>
        </gpxtpx:TrackPointExtension></extensions>
      </trkpt>
      <trkpt lat="31.404251" lon="120.090622">
        <ele>3.0</ele>
        <time>2026-04-19T00:30:19Z</time>
        <extensions><gpxtpx:TrackPointExtension>
          <gpxtpx:hr>179</gpxtpx:hr>
        </gpxtpx:TrackPointExtension></extensions>
      </trkpt>
      <trkpt lat="31.404279" lon="120.090649">
        <ele>3.0</ele>
        <time>2026-04-19T00:30:20Z</time>
        <extensions><gpxtpx:TrackPointExtension>
          <gpxtpx:hr>179</gpxtpx:hr>
        </gpxtpx:TrackPointExtension></extensions>
      </trkpt>
      <trkpt lat="31.404306" lon="120.090676">
        <ele>3.0</ele>
        <time>2026-04-19T00:30:21Z</time>
        <extensions><gpxtpx:TrackPointExtension>
          <gpxtpx:hr>179</gpxtpx:hr>
        </gpxtpx:TrackPointExtension></extensions>
      </trkpt>
      <trkpt lat="31.404334" lon="120.090702">
        <ele>3.0</ele>
        <time>2026-04-19T00:30:22Z</time>
        <extensions><gpxtpx:TrackPointExtension>
          <gpxtpx:hr>180</gpxtpx:hr>
        </gpxtpx:TrackPointExtension></extensions>
      </trkpt>
      <trkpt lat="31.404362" lon="120.090728">
        <ele>3.0</ele>
        <time>2026-04-19T00:30:23Z</time>
        <extensions><gpxtpx:TrackPointExtension>
          <gpxtpx:hr>179</gpxtpx:hr>
        </gpxtpx:TrackPointExtension></extensions>
      </trkpt>
      <trkpt lat="31.404389" lon="120.090755">
        <ele>3.0</ele>
        <time>2026-04-19T00:30:24Z</time>
        <extensions><gpxtpx:TrackPointExtension>
          <gpxtpx:hr>179</gpxtpx:hr>
        </gpxtpx:TrackPointExtension></extensions>
      </trkpt>
      <trkpt lat="31.404416" lon="120.090782">
        <ele>3.0</ele>
        <time>2026-04-19T00:30:25Z</time>
        <extensions><gpxtpx:TrackPointExtension>
          <gpxtpx:hr>179</gpxtpx:hr>
        </gpxtpx:TrackPointExtension></extensions>
      </trkpt>
      <trkpt lat="31.404442" lon="120.09081">
        <ele>3.0</ele>
        <time>2026-04-19T00:30:26Z</time>
        <extensions><gpxtpx:TrackPointExtension>
          <gpxtpx:hr>179</gpxtpx:hr>
        </gpxtpx:TrackPointExtension></extensions>
      </trkpt>
      <trkpt lat="31.404468" lon="120.090838">
        <ele>3.0</ele>
        <time>2026-04-19T00:30:27Z</time>
        <extensions><gpxtpx:TrackPointExtension>
          <gpxtpx:hr>179</gpxtpx:hr>
        </gpxtpx:TrackPointExtension></extensions>
      </trkpt>
      <trkpt lat="31.404493" lon="120.090867">
        <ele>3.0</ele>
        <time>2026-04-19T00:30:28Z</time>
        <extensions><gpxtpx:TrackPointExtension>
          <gpxtpx:hr>179</gpxtpx:hr>
        </gpxtpx:TrackPointExtension></extensions>
      </trkpt>
      <trkpt lat="31.404538" lon="120.090923">
        <ele>3.0</ele>
        <time>2026-04-19T00:30:29Z</time>
        <extensions><gpxtpx:TrackPointExtension>
          <gpxtpx:hr>179</gpxtpx:hr>
        </gpxtpx:TrackPointExtension></extensions>
      </trkpt>
      <trkpt lat="31.404558" lon="120.090949">
        <ele>3.0</ele>
        <time>2026-04-19T00:30:30Z</time>
        <extensions><gpxtpx:TrackPointExtension>
          <gpxtpx:hr>179</gpxtpx:hr>
        </gpxtpx:TrackPointExtension></extensions>
      </trkpt>
      <trkpt lat="31.404579" lon="120.090974">
        <ele>3.0</ele>
        <time>2026-04-19T00:30:31Z</time>
        <extensions><gpxtpx:TrackPointExtension>
          <gpxtpx:hr>179</gpxtpx:hr>
        </gpxtpx:TrackPointExtension></extensions>
      </trkpt>
      <trkpt lat="31.404599" lon="120.091">
        <ele>3.0</ele>
        <time>2026-04-19T00:30:32Z</time>
        <extensions><gpxtpx:TrackPointExtension>
          <gpxtpx:hr>179</gpxtpx:hr>
        </gpxtpx:TrackPointExtension></extensions>
      </trkpt>
      <trkpt lat="31.40462" lon="120.091026">
        <ele>3.0</ele>
        <time>2026-04-19T00:30:33Z</time>
        <extensions><gpxtpx:TrackPointExtension>
          <gpxtpx:hr>179</gpxtpx:hr>
        </gpxtpx:TrackPointExtension></extensions>
      </trkpt>
      <trkpt lat="31.40464" lon="120.091052">
        <ele>3.0</ele>
        <time>2026-04-19T00:30:34Z</time>
        <extensions><gpxtpx:TrackPointExtension>
          <gpxtpx:hr>179</gpxtpx:hr>
        </gpxtpx:TrackPointExtension></extensions>
      </trkpt>
      <trkpt lat="31.404661" lon="120.091077">
        <ele>3.0</ele>
        <time>2026-04-19T00:30:35Z</time>
        <extensions><gpxtpx:TrackPointExtension>
          <gpxtpx:hr>179</gpxtpx:hr>
        </gpxtpx:TrackPointExtension></extensions>
      </trkpt>
      <trkpt lat="31.404686" lon="120.091108">
        <ele>3.0</ele>
        <time>2026-04-19T00:30:36Z</time>
        <extensions><gpxtpx:TrackPointExtension>
          <gpxtpx:hr>179</gpxtpx:hr>
        </gpxtpx:TrackPointExtension></extensions>
      </trkpt>
      <trkpt lat="31.404711" lon="120.091138">
        <ele>3.0</ele>
        <time>2026-04-19T00:30:37Z</time>
        <extensions><gpxtpx:TrackPointExtension>
          <gpxtpx:hr>179</gpxtpx:hr>
        </gpxtpx:TrackPointExtension></extensions>
      </trkpt>
      <trkpt lat="31.404736" lon="120.091167">
        <ele>3.0</ele>
        <time>2026-04-19T00:30:38Z</time>
        <extensions><gpxtpx:TrackPointExtension>
          <gpxtpx:hr>179</gpxtpx:hr>
        </gpxtpx:TrackPointExtension></extensions>
      </trkpt>
      <trkpt lat="31.404761" lon="120.091197">
        <ele>3.0</ele>
        <time>2026-04-19T00:30:39Z</time>
        <extensions><gpxtpx:TrackPointExtension>
          <gpxtpx:hr>179</gpxtpx:hr>
        </gpxtpx:TrackPointExtension></extensions>
      </trkpt>
      <trkpt lat="31.404785" lon="120.091227">
        <ele>3.0</ele>
        <time>2026-04-19T00:30:40Z</time>
        <extensions><gpxtpx:TrackPointExtension>
          <gpxtpx:hr>179</gpxtpx:hr>
        </gpxtpx:TrackPointExtension></extensions>
      </trkpt>
      <trkpt lat="31.40481" lon="120.091257">
        <ele>3.0</ele>
        <time>2026-04-19T00:30:41Z</time>
        <extensions><gpxtpx:TrackPointExtension>
          <gpxtpx:hr>179</gpxtpx:hr>
        </gpxtpx:TrackPointExtension></extensions>
      </trkpt>
      <trkpt lat="31.404833" lon="120.091287">
        <ele>3.0</ele>
        <time>2026-04-19T00:30:42Z</time>
        <extensions><gpxtpx:TrackPointExtension>
          <gpxtpx:hr>179</gpxtpx:hr>
        </gpxtpx:TrackPointExtension></extensions>
      </trkpt>
      <trkpt lat="31.404856" lon="120.091317">
        <ele>3.0</ele>
        <time>2026-04-19T00:30:43Z</time>
        <extensions><gpxtpx:TrackPointExtension>
          <gpxtpx:hr>179</gpxtpx:hr>
        </gpxtpx:TrackPointExtension></extensions>
      </trkpt>
      <trkpt lat="31.404879" lon="120.091347">
        <ele>3.0</ele>
        <time>2026-04-19T00:30:44Z</time>
        <extensions><gpxtpx:TrackPointExtension>
          <gpxtpx:hr>179</gpxtpx:hr>
        </gpxtpx:TrackPointExtension></extensions>
      </trkpt>
      <trkpt lat="31.404902" lon="120.091377">
        <ele>3.0</ele>
        <time>2026-04-19T00:30:45Z</time>
        <extensions><gpxtpx:TrackPointExtension>
          <gpxtpx:hr>179</gpxtpx:hr>
        </gpxtpx:TrackPointExtension></extensions>
      </trkpt>
      <trkpt lat="31.404926" lon="120.091406">
        <ele>3.0</ele>
        <time>2026-04-19T00:30:46Z</time>
        <extensions><gpxtpx:TrackPointExtension>
          <gpxtpx:hr>179</gpxtpx:hr>
        </gpxtpx:TrackPointExtension></extensions>
      </trkpt>
      <trkpt lat="31.404951" lon="120.091435">
        <ele>3.0</ele>
        <time>2026-04-19T00:30:47Z</time>
        <extensions><gpxtpx:TrackPointExtension>
          <gpxtpx:hr>179</gpxtpx:hr>
        </gpxtpx:TrackPointExtension></extensions>
      </trkpt>
      <trkpt lat="31.404976" lon="120.091464">
        <ele>3.0</ele>
        <time>2026-04-19T00:30:48Z</time>
        <extensions><gpxtpx:TrackPointExtension>
          <gpxtpx:hr>179</gpxtpx:hr>
        </gpxtpx:TrackPointExtension></extensions>
      </trkpt>
      <trkpt lat="31.405001" lon="120.091492">
        <ele>3.0</ele>
        <time>2026-04-19T00:30:49Z</time>
        <extensions><gpxtpx:TrackPointExtension>
          <gpxtpx:hr>179</gpxtpx:hr>
        </gpxtpx:TrackPointExtension></extensions>
      </trkpt>
      <trkpt lat="31.405026" lon="120.091521">
        <ele>3.0</ele>
        <time>2026-04-19T00:30:50Z</time>
        <extensions><gpxtpx:TrackPointExtension>
          <gpxtpx:hr>179</gpxtpx:hr>
        </gpxtpx:TrackPointExtension></extensions>
      </trkpt>
      <trkpt lat="31.405051" lon="120.091549">
        <ele>3.0</ele>
        <time>2026-04-19T00:30:51Z</time>
        <extensions><gpxtpx:TrackPointExtension>
          <gpxtpx:hr>179</gpxtpx:hr>
        </gpxtpx:TrackPointExtension></extensions>
      </trkpt>
      <trkpt lat="31.405075" lon="120.091579">
        <ele>3.0</ele>
        <time>2026-04-19T00:30:52Z</time>
        <extensions><gpxtpx:TrackPointExtension>
          <gpxtpx:hr>179</gpxtpx:hr>
        </gpxtpx:TrackPointExtension></extensions>
      </trkpt>
      <trkpt lat="31.4051" lon="120.091609">
        <ele>3.0</ele>
        <time>2026-04-19T00:30:53Z</time>
        <extensions><gpxtpx:TrackPointExtension>
          <gpxtpx:hr>180</gpxtpx:hr>
        </gpxtpx:TrackPointExtension></extensions>
      </trkpt>
      <trkpt lat="31.405125" lon="120.091639">
        <ele>3.0</ele>
        <time>2026-04-19T00:30:54Z</time>
        <extensions><gpxtpx:TrackPointExtension>
          <gpxtpx:hr>180</gpxtpx:hr>
        </gpxtpx:TrackPointExtension></extensions>
      </trkpt>
      <trkpt lat="31.405151" lon="120.091669">
        <ele>3.0</ele>
        <time>2026-04-19T00:30:55Z</time>
        <extensions><gpxtpx:TrackPointExtension>
          <gpxtpx:hr>180</gpxtpx:hr>
        </gpxtpx:TrackPointExtension></extensions>
      </trkpt>
      <trkpt lat="31.405177" lon="120.091699">
        <ele>3.0</ele>
        <time>2026-04-19T00:30:56Z</time>
        <extensions><gpxtpx:TrackPointExtension>
          <gpxtpx:hr>180</gpxtpx:hr>
        </gpxtpx:TrackPointExtension></extensions>
      </trkpt>
      <trkpt lat="31.405204" lon="120.091729">
        <ele>3.0</ele>
        <time>2026-04-19T00:30:57Z</time>
        <extensions><gpxtpx:TrackPointExtension>
          <gpxtpx:hr>181</gpxtpx:hr>
        </gpxtpx:TrackPointExtension></extensions>
      </trkpt>
      <trkpt lat="31.405231" lon="120.091758">
        <ele>3.0</ele>
        <time>2026-04-19T00:30:58Z</time>
        <extensions><gpxtpx:TrackPointExtension>
          <gpxtpx:hr>181</gpxtpx:hr>
        </gpxtpx:TrackPointExtension></extensions>
      </trkpt>
      <trkpt lat="31.405259" lon="120.091787">
        <ele>3.0</ele>
        <time>2026-04-19T00:30:59Z</time>
        <extensions><gpxtpx:TrackPointExtension>
          <gpxtpx:hr>181</gpxtpx:hr>
        </gpxtpx:TrackPointExtension></extensions>
      </trkpt>
      <trkpt lat="31.405286" lon="120.091817">
        <ele>3.0</ele>
        <time>2026-04-19T00:31:00Z</time>
        <extensions><gpxtpx:TrackPointExtension>
          <gpxtpx:hr>181</gpxtpx:hr>
        </gpxtpx:TrackPointExtension></extensions>
      </trkpt>
      <trkpt lat="31.405313" lon="120.091847">
        <ele>4.0</ele>
        <time>2026-04-19T00:31:01Z</time>
        <extensions><gpxtpx:TrackPointExtension>
          <gpxtpx:hr>181</gpxtpx:hr>
        </gpxtpx:TrackPointExtension></extensions>
      </trkpt>
      <trkpt lat="31.40534" lon="120.091877">
        <ele>4.0</ele>
        <time>2026-04-19T00:31:02Z</time>
        <extensions><gpxtpx:TrackPointExtension>
          <gpxtpx:hr>181</gpxtpx:hr>
        </gpxtpx:TrackPointExtension></extensions>
      </trkpt>
      <trkpt lat="31.405367" lon="120.091908">
        <ele>4.0</ele>
        <time>2026-04-19T00:31:03Z</time>
        <extensions><gpxtpx:TrackPointExtension>
          <gpxtpx:hr>181</gpxtpx:hr>
        </gpxtpx:TrackPointExtension></extensions>
      </trkpt>
      <trkpt lat="31.405394" lon="120.091938">
        <ele>4.0</ele>
        <time>2026-04-19T00:31:04Z</time>
        <extensions><gpxtpx:TrackPointExtension>
          <gpxtpx:hr>181</gpxtpx:hr>
        </gpxtpx:TrackPointExtension></extensions>
      </trkpt>
      <trkpt lat="31.405421" lon="120.091969">
        <ele>4.0</ele>
        <time>2026-04-19T00:31:05Z</time>
        <extensions><gpxtpx:TrackPointExtension>
          <gpxtpx:hr>181</gpxtpx:hr>
        </gpxtpx:TrackPointExtension></extensions>
      </trkpt>
      <trkpt lat="31.405449" lon="120.091999">
        <ele>4.0</ele>
        <time>2026-04-19T00:31:06Z</time>
        <extensions><gpxtpx:TrackPointExtension>
          <gpxtpx:hr>181</gpxtpx:hr>
        </gpxtpx:TrackPointExtension></extensions>
      </trkpt>
      <trkpt lat="31.405476" lon="120.092029">
        <ele>4.0</ele>
        <time>2026-04-19T00:31:07Z</time>
        <extensions><gpxtpx:TrackPointExtension>
          <gpxtpx:hr>181</gpxtpx:hr>
        </gpxtpx:TrackPointExtension></extensions>
      </trkpt>
      <trkpt lat="31.405502" lon="120.092059">
        <ele>4.0</ele>
        <time>2026-04-19T00:31:08Z</time>
        <extensions><gpxtpx:TrackPointExtension>
          <gpxtpx:hr>181</gpxtpx:hr>
        </gpxtpx:TrackPointExtension></extensions>
      </trkpt>
      <trkpt lat="31.405529" lon="120.092089">
        <ele>4.0</ele>
        <time>2026-04-19T00:31:09Z</time>
        <extensions><gpxtpx:TrackPointExtension>
          <gpxtpx:hr>181</gpxtpx:hr>
        </gpxtpx:TrackPointExtension></extensions>
      </trkpt>
      <trkpt lat="31.405554" lon="120.092119">
        <ele>4.0</ele>
        <time>2026-04-19T00:31:10Z</time>
        <extensions><gpxtpx:TrackPointExtension>
          <gpxtpx:hr>181</gpxtpx:hr>
        </gpxtpx:TrackPointExtension></extensions>
      </trkpt>
      <trkpt lat="31.405579" lon="120.092149">
        <ele>4.0</ele>
        <time>2026-04-19T00:31:11Z</time>
        <extensions><gpxtpx:TrackPointExtension>
          <gpxtpx:hr>181</gpxtpx:hr>
        </gpxtpx:TrackPointExtension></extensions>
      </trkpt>
      <trkpt lat="31.405604" lon="120.09218">
        <ele>3.0</ele>
        <time>2026-04-19T00:31:12Z</time>
        <extensions><gpxtpx:TrackPointExtension>
          <gpxtpx:hr>181</gpxtpx:hr>
        </gpxtpx:TrackPointExtension></extensions>
      </trkpt>
      <trkpt lat="31.405628" lon="120.09221">
        <ele>3.0</ele>
        <time>2026-04-19T00:31:13Z</time>
        <extensions><gpxtpx:TrackPointExtension>
          <gpxtpx:hr>181</gpxtpx:hr>
        </gpxtpx:TrackPointExtension></extensions>
      </trkpt>
      <trkpt lat="31.405652" lon="120.092241">
        <ele>3.0</ele>
        <time>2026-04-19T00:31:14Z</time>
        <extensions><gpxtpx:TrackPointExtension>
          <gpxtpx:hr>181</gpxtpx:hr>
        </gpxtpx:TrackPointExtension></extensions>
      </trkpt>
      <trkpt lat="31.405676" lon="120.092271">
        <ele>3.0</ele>
        <time>2026-04-19T00:31:15Z</time>
        <extensions><gpxtpx:TrackPointExtension>
          <gpxtpx:hr>181</gpxtpx:hr>
        </gpxtpx:TrackPointExtension></extensions>
      </trkpt>
      <trkpt lat="31.405699" lon="120.092302">
        <ele>3.0</ele>
        <time>2026-04-19T00:31:16Z</time>
        <extensions><gpxtpx:TrackPointExtension>
          <gpxtpx:hr>181</gpxtpx:hr>
        </gpxtpx:TrackPointExtension></extensions>
      </trkpt>
      <trkpt lat="31.405723" lon="120.092333">
        <ele>3.0</ele>
        <time>2026-04-19T00:31:17Z</time>
        <extensions><gpxtpx:TrackPointExtension>
          <gpxtpx:hr>181</gpxtpx:hr>
        </gpxtpx:TrackPointExtension></extensions>
      </trkpt>
      <trkpt lat="31.405747" lon="120.092364">
        <ele>3.0</ele>
        <time>2026-04-19T00:31:18Z</time>
        <extensions><gpxtpx:TrackPointExtension>
          <gpxtpx:hr>181</gpxtpx:hr>
        </gpxtpx:TrackPointExtension></extensions>
      </trkpt>
      <trkpt lat="31.40577" lon="120.092395">
        <ele>3.0</ele>
        <time>2026-04-19T00:31:19Z</time>
        <extensions><gpxtpx:TrackPointExtension>
          <gpxtpx:hr>181</gpxtpx:hr>
        </gpxtpx:TrackPointExtension></extensions>
      </trkpt>
      <trkpt lat="31.405794" lon="120.092426">
        <ele>3.0</ele>
        <time>2026-04-19T00:31:20Z</time>
        <extensions><gpxtpx:TrackPointExtension>
          <gpxtpx:hr>181</gpxtpx:hr>
        </gpxtpx:TrackPointExtension></extensions>
      </trkpt>
      <trkpt lat="31.405818" lon="120.092457">
        <ele>3.0</ele>
        <time>2026-04-19T00:31:21Z</time>
        <extensions><gpxtpx:TrackPointExtension>
          <gpxtpx:hr>181</gpxtpx:hr>
        </gpxtpx:TrackPointExtension></extensions>
      </trkpt>
      <trkpt lat="31.405842" lon="120.092487">
        <ele>3.0</ele>
        <time>2026-04-19T00:31:22Z</time>
        <extensions><gpxtpx:TrackPointExtension>
          <gpxtpx:hr>181</gpxtpx:hr>
        </gpxtpx:TrackPointExtension></extensions>
      </trkpt>
      <trkpt lat="31.405867" lon="120.092517">
        <ele>3.0</ele>
        <time>2026-04-19T00:31:23Z</time>
        <extensions><gpxtpx:TrackPointExtension>
          <gpxtpx:hr>181</gpxtpx:hr>
        </gpxtpx:TrackPointExtension></extensions>
      </trkpt>
      <trkpt lat="31.405891" lon="120.092547">
        <ele>3.0</ele>
        <time>2026-04-19T00:31:24Z</time>
        <extensions><gpxtpx:TrackPointExtension>
          <gpxtpx:hr>181</gpxtpx:hr>
        </gpxtpx:TrackPointExtension></extensions>
      </trkpt>
      <trkpt lat="31.405916" lon="120.092577">
        <ele>3.0</ele>
        <time>2026-04-19T00:31:25Z</time>
        <extensions><gpxtpx:TrackPointExtension>
          <gpxtpx:hr>181</gpxtpx:hr>
        </gpxtpx:TrackPointExtension></extensions>
      </trkpt>
      <trkpt lat="31.405942" lon="120.092606">
        <ele>3.0</ele>
        <time>2026-04-19T00:31:26Z</time>
        <extensions><gpxtpx:TrackPointExtension>
          <gpxtpx:hr>181</gpxtpx:hr>
        </gpxtpx:TrackPointExtension></extensions>
      </trkpt>
      <trkpt lat="31.405968" lon="120.092636">
        <ele>3.0</ele>
        <time>2026-04-19T00:31:27Z</time>
        <extensions><gpxtpx:TrackPointExtension>
          <gpxtpx:hr>181</gpxtpx:hr>
        </gpxtpx:TrackPointExtension></extensions>
      </trkpt>
      <trkpt lat="31.405993" lon="120.092665">
        <ele>3.0</ele>
        <time>2026-04-19T00:31:28Z</time>
        <extensions><gpxtpx:TrackPointExtension>
          <gpxtpx:hr>181</gpxtpx:hr>
        </gpxtpx:TrackPointExtension></extensions>
      </trkpt>
      <trkpt lat="31.406018" lon="120.092695">
        <ele>3.0</ele>
        <time>2026-04-19T00:31:29Z</time>
        <extensions><gpxtpx:TrackPointExtension>
          <gpxtpx:hr>181</gpxtpx:hr>
        </gpxtpx:TrackPointExtension></extensions>
      </trkpt>
      <trkpt lat="31.406043" lon="120.092725">
        <ele>3.0</ele>
        <time>2026-04-19T00:31:30Z</time>
        <extensions><gpxtpx:TrackPointExtension>
          <gpxtpx:hr>181</gpxtpx:hr>
        </gpxtpx:TrackPointExtension></extensions>
      </trkpt>
      <trkpt lat="31.406067" lon="120.092755">
        <ele>4.0</ele>
        <time>2026-04-19T00:31:31Z</time>
        <extensions><gpxtpx:TrackPointExtension>
          <gpxtpx:hr>181</gpxtpx:hr>
        </gpxtpx:TrackPointExtension></extensions>
      </trkpt>
      <trkpt lat="31.406092" lon="120.092785">
        <ele>4.0</ele>
        <time>2026-04-19T00:31:32Z</time>
        <extensions><gpxtpx:TrackPointExtension>
          <gpxtpx:hr>182</gpxtpx:hr>
        </gpxtpx:TrackPointExtension></extensions>
      </trkpt>
      <trkpt lat="31.406116" lon="120.092815">
        <ele>4.0</ele>
        <time>2026-04-19T00:31:33Z</time>
        <extensions><gpxtpx:TrackPointExtension>
          <gpxtpx:hr>181</gpxtpx:hr>
        </gpxtpx:TrackPointExtension></extensions>
      </trkpt>
      <trkpt lat="31.40614" lon="120.092846">
        <ele>4.0</ele>
        <time>2026-04-19T00:31:34Z</time>
        <extensions><gpxtpx:TrackPointExtension>
          <gpxtpx:hr>181</gpxtpx:hr>
        </gpxtpx:TrackPointExtension></extensions>
      </trkpt>
      <trkpt lat="31.406164" lon="120.092877">
        <ele>4.0</ele>
        <time>2026-04-19T00:31:35Z</time>
        <extensions><gpxtpx:TrackPointExtension>
          <gpxtpx:hr>181</gpxtpx:hr>
        </gpxtpx:TrackPointExtension></extensions>
      </trkpt>
      <trkpt lat="31.406186" lon="120.092908">
        <ele>4.0</ele>
        <time>2026-04-19T00:31:36Z</time>
        <extensions><gpxtpx:TrackPointExtension>
          <gpxtpx:hr>181</gpxtpx:hr>
        </gpxtpx:TrackPointExtension></extensions>
      </trkpt>
      <trkpt lat="31.406209" lon="120.092939">
        <ele>4.0</ele>
        <time>2026-04-19T00:31:37Z</time>
        <extensions><gpxtpx:TrackPointExtension>
          <gpxtpx:hr>180</gpxtpx:hr>
        </gpxtpx:TrackPointExtension></extensions>
      </trkpt>
      <trkpt lat="31.406232" lon="120.092971">
        <ele>4.0</ele>
        <time>2026-04-19T00:31:38Z</time>
        <extensions><gpxtpx:TrackPointExtension>
          <gpxtpx:hr>180</gpxtpx:hr>
        </gpxtpx:TrackPointExtension></extensions>
      </trkpt>
      <trkpt lat="31.406255" lon="120.093003">
        <ele>4.0</ele>
        <time>2026-04-19T00:31:39Z</time>
        <extensions><gpxtpx:TrackPointExtension>
          <gpxtpx:hr>180</gpxtpx:hr>
        </gpxtpx:TrackPointExtension></extensions>
      </trkpt>
      <trkpt lat="31.406279" lon="120.093035">
        <ele>4.0</ele>
        <time>2026-04-19T00:31:40Z</time>
        <extensions><gpxtpx:TrackPointExtension>
          <gpxtpx:hr>181</gpxtpx:hr>
        </gpxtpx:TrackPointExtension></extensions>
      </trkpt>
      <trkpt lat="31.406304" lon="120.093067">
        <ele>4.0</ele>
        <time>2026-04-19T00:31:41Z</time>
        <extensions><gpxtpx:TrackPointExtension>
          <gpxtpx:hr>181</gpxtpx:hr>
        </gpxtpx:TrackPointExtension></extensions>
      </trkpt>
      <trkpt lat="31.406329" lon="120.093099">
        <ele>4.0</ele>
        <time>2026-04-19T00:31:42Z</time>
        <extensions><gpxtpx:TrackPointExtension>
          <gpxtpx:hr>181</gpxtpx:hr>
        </gpxtpx:TrackPointExtension></extensions>
      </trkpt>
      <trkpt lat="31.406354" lon="120.09313">
        <ele>4.0</ele>
        <time>2026-04-19T00:31:43Z</time>
        <extensions><gpxtpx:TrackPointExtension>
          <gpxtpx:hr>181</gpxtpx:hr>
        </gpxtpx:TrackPointExtension></extensions>
      </trkpt>
      <trkpt lat="31.406379" lon="120.093161">
        <ele>4.0</ele>
        <time>2026-04-19T00:31:44Z</time>
        <extensions><gpxtpx:TrackPointExtension>
          <gpxtpx:hr>181</gpxtpx:hr>
        </gpxtpx:TrackPointExtension></extensions>
      </trkpt>
      <trkpt lat="31.406404" lon="120.093192">
        <ele>4.0</ele>
        <time>2026-04-19T00:31:45Z</time>
        <extensions><gpxtpx:TrackPointExtension>
          <gpxtpx:hr>181</gpxtpx:hr>
        </gpxtpx:TrackPointExtension></extensions>
      </trkpt>
      <trkpt lat="31.406429" lon="120.093224">
        <ele>4.0</ele>
        <time>2026-04-19T00:31:46Z</time>
        <extensions><gpxtpx:TrackPointExtension>
          <gpxtpx:hr>181</gpxtpx:hr>
        </gpxtpx:TrackPointExtension></extensions>
      </trkpt>
      <trkpt lat="31.406455" lon="120.093255">
        <ele>4.0</ele>
        <time>2026-04-19T00:31:47Z</time>
        <extensions><gpxtpx:TrackPointExtension>
          <gpxtpx:hr>181</gpxtpx:hr>
        </gpxtpx:TrackPointExtension></extensions>
      </trkpt>
      <trkpt lat="31.406479" lon="120.093287">
        <ele>4.0</ele>
        <time>2026-04-19T00:31:48Z</time>
        <extensions><gpxtpx:TrackPointExtension>
          <gpxtpx:hr>181</gpxtpx:hr>
        </gpxtpx:TrackPointExtension></extensions>
      </trkpt>
      <trkpt lat="31.406504" lon="120.093319">
        <ele>4.0</ele>
        <time>2026-04-19T00:31:49Z</time>
        <extensions><gpxtpx:TrackPointExtension>
          <gpxtpx:hr>181</gpxtpx:hr>
        </gpxtpx:TrackPointExtension></extensions>
      </trkpt>
      <trkpt lat="31.406529" lon="120.09335">
        <ele>4.0</ele>
        <time>2026-04-19T00:31:50Z</time>
        <extensions><gpxtpx:TrackPointExtension>
          <gpxtpx:hr>182</gpxtpx:hr>
        </gpxtpx:TrackPointExtension></extensions>
      </trkpt>
      <trkpt lat="31.406553" lon="120.093381">
        <ele>4.0</ele>
        <time>2026-04-19T00:31:51Z</time>
        <extensions><gpxtpx:TrackPointExtension>
          <gpxtpx:hr>182</gpxtpx:hr>
        </gpxtpx:TrackPointExtension></extensions>
      </trkpt>
      <trkpt lat="31.406577" lon="120.093413">
        <ele>4.0</ele>
        <time>2026-04-19T00:31:52Z</time>
        <extensions><gpxtpx:TrackPointExtension>
          <gpxtpx:hr>182</gpxtpx:hr>
        </gpxtpx:TrackPointExtension></extensions>
      </trkpt>
      <trkpt lat="31.406602" lon="120.093444">
        <ele>4.0</ele>
        <time>2026-04-19T00:31:53Z</time>
        <extensions><gpxtpx:TrackPointExtension>
          <gpxtpx:hr>182</gpxtpx:hr>
        </gpxtpx:TrackPointExtension></extensions>
      </trkpt>
      <trkpt lat="31.406626" lon="120.093475">
        <ele>4.0</ele>
        <time>2026-04-19T00:31:54Z</time>
        <extensions><gpxtpx:TrackPointExtension>
          <gpxtpx:hr>181</gpxtpx:hr>
        </gpxtpx:TrackPointExtension></extensions>
      </trkpt>
      <trkpt lat="31.40665" lon="120.093506">
        <ele>4.0</ele>
        <time>2026-04-19T00:31:55Z</time>
        <extensions><gpxtpx:TrackPointExtension>
          <gpxtpx:hr>181</gpxtpx:hr>
        </gpxtpx:TrackPointExtension></extensions>
      </trkpt>
      <trkpt lat="31.406674" lon="120.093536">
        <ele>4.0</ele>
        <time>2026-04-19T00:31:56Z</time>
        <extensions><gpxtpx:TrackPointExtension>
          <gpxtpx:hr>181</gpxtpx:hr>
        </gpxtpx:TrackPointExtension></extensions>
      </trkpt>
      <trkpt lat="31.406698" lon="120.093567">
        <ele>4.0</ele>
        <time>2026-04-19T00:31:57Z</time>
        <extensions><gpxtpx:TrackPointExtension>
          <gpxtpx:hr>182</gpxtpx:hr>
        </gpxtpx:TrackPointExtension></extensions>
      </trkpt>
      <trkpt lat="31.406721" lon="120.093598">
        <ele>4.0</ele>
        <time>2026-04-19T00:31:58Z</time>
        <extensions><gpxtpx:TrackPointExtension>
          <gpxtpx:hr>181</gpxtpx:hr>
        </gpxtpx:TrackPointExtension></extensions>
      </trkpt>
      <trkpt lat="31.406744" lon="120.093628">
        <ele>4.0</ele>
        <time>2026-04-19T00:31:59Z</time>
        <extensions><gpxtpx:TrackPointExtension>
          <gpxtpx:hr>181</gpxtpx:hr>
        </gpxtpx:TrackPointExtension></extensions>
      </trkpt>
      <trkpt lat="31.406765" lon="120.09366">
        <ele>4.0</ele>
        <time>2026-04-19T00:32:00Z</time>
        <extensions><gpxtpx:TrackPointExtension>
          <gpxtpx:hr>181</gpxtpx:hr>
        </gpxtpx:TrackPointExtension></extensions>
      </trkpt>
      <trkpt lat="31.406787" lon="120.093692">
        <ele>4.0</ele>
        <time>2026-04-19T00:32:01Z</time>
        <extensions><gpxtpx:TrackPointExtension>
          <gpxtpx:hr>181</gpxtpx:hr>
        </gpxtpx:TrackPointExtension></extensions>
      </trkpt>
      <trkpt lat="31.406809" lon="120.093725">
        <ele>3.0</ele>
        <time>2026-04-19T00:32:02Z</time>
        <extensions><gpxtpx:TrackPointExtension>
          <gpxtpx:hr>181</gpxtpx:hr>
        </gpxtpx:TrackPointExtension></extensions>
      </trkpt>
      <trkpt lat="31.406831" lon="120.093758">
        <ele>3.0</ele>
        <time>2026-04-19T00:32:03Z</time>
        <extensions><gpxtpx:TrackPointExtension>
          <gpxtpx:hr>181</gpxtpx:hr>
        </gpxtpx:TrackPointExtension></extensions>
      </trkpt>
      <trkpt lat="31.406853" lon="120.09379">
        <ele>3.0</ele>
        <time>2026-04-19T00:32:04Z</time>
        <extensions><gpxtpx:TrackPointExtension>
          <gpxtpx:hr>181</gpxtpx:hr>
        </gpxtpx:TrackPointExtension></extensions>
      </trkpt>
      <trkpt lat="31.406875" lon="120.093822">
        <ele>3.0</ele>
        <time>2026-04-19T00:32:05Z</time>
        <extensions><gpxtpx:TrackPointExtension>
          <gpxtpx:hr>181</gpxtpx:hr>
        </gpxtpx:TrackPointExtension></extensions>
      </trkpt>
      <trkpt lat="31.406897" lon="120.093853">
        <ele>3.0</ele>
        <time>2026-04-19T00:32:06Z</time>
        <extensions><gpxtpx:TrackPointExtension>
          <gpxtpx:hr>181</gpxtpx:hr>
        </gpxtpx:TrackPointExtension></extensions>
      </trkpt>
      <trkpt lat="31.406919" lon="120.093885">
        <ele>3.0</ele>
        <time>2026-04-19T00:32:07Z</time>
        <extensions><gpxtpx:TrackPointExtension>
          <gpxtpx:hr>181</gpxtpx:hr>
        </gpxtpx:TrackPointExtension></extensions>
      </trkpt>
      <trkpt lat="31.406942" lon="120.093916">
        <ele>3.0</ele>
        <time>2026-04-19T00:32:08Z</time>
        <extensions><gpxtpx:TrackPointExtension>
          <gpxtpx:hr>181</gpxtpx:hr>
        </gpxtpx:TrackPointExtension></extensions>
      </trkpt>
      <trkpt lat="31.406965" lon="120.093948">
        <ele>3.0</ele>
        <time>2026-04-19T00:32:09Z</time>
        <extensions><gpxtpx:TrackPointExtension>
          <gpxtpx:hr>181</gpxtpx:hr>
        </gpxtpx:TrackPointExtension></extensions>
      </trkpt>
      <trkpt lat="31.406988" lon="120.093979">
        <ele>3.0</ele>
        <time>2026-04-19T00:32:10Z</time>
        <extensions><gpxtpx:TrackPointExtension>
          <gpxtpx:hr>180</gpxtpx:hr>
        </gpxtpx:TrackPointExtension></extensions>
      </trkpt>
      <trkpt lat="31.407011" lon="120.094011">
        <ele>3.0</ele>
        <time>2026-04-19T00:32:11Z</time>
        <extensions><gpxtpx:TrackPointExtension>
          <gpxtpx:hr>181</gpxtpx:hr>
        </gpxtpx:TrackPointExtension></extensions>
      </trkpt>
      <trkpt lat="31.407033" lon="120.094043">
        <ele>3.0</ele>
        <time>2026-04-19T00:32:12Z</time>
        <extensions><gpxtpx:TrackPointExtension>
          <gpxtpx:hr>181</gpxtpx:hr>
        </gpxtpx:TrackPointExtension></extensions>
      </trkpt>
      <trkpt lat="31.407055" lon="120.094074">
        <ele>3.0</ele>
        <time>2026-04-19T00:32:13Z</time>
        <extensions><gpxtpx:TrackPointExtension>
          <gpxtpx:hr>181</gpxtpx:hr>
        </gpxtpx:TrackPointExtension></extensions>
      </trkpt>
      <trkpt lat="31.407077" lon="120.094106">
        <ele>3.0</ele>
        <time>2026-04-19T00:32:14Z</time>
        <extensions><gpxtpx:TrackPointExtension>
          <gpxtpx:hr>181</gpxtpx:hr>
        </gpxtpx:TrackPointExtension></extensions>
      </trkpt>
      <trkpt lat="31.407099" lon="120.094137">
        <ele>3.0</ele>
        <time>2026-04-19T00:32:15Z</time>
        <extensions><gpxtpx:TrackPointExtension>
          <gpxtpx:hr>181</gpxtpx:hr>
        </gpxtpx:TrackPointExtension></extensions>
      </trkpt>
      <trkpt lat="31.407122" lon="120.094169">
        <ele>3.0</ele>
        <time>2026-04-19T00:32:16Z</time>
        <extensions><gpxtpx:TrackPointExtension>
          <gpxtpx:hr>181</gpxtpx:hr>
        </gpxtpx:TrackPointExtension></extensions>
      </trkpt>
      <trkpt lat="31.407144" lon="120.0942">
        <ele>3.0</ele>
        <time>2026-04-19T00:32:17Z</time>
        <extensions><gpxtpx:TrackPointExtension>
          <gpxtpx:hr>181</gpxtpx:hr>
        </gpxtpx:TrackPointExtension></extensions>
      </trkpt>
      <trkpt lat="31.407166" lon="120.094231">
        <ele>3.0</ele>
        <time>2026-04-19T00:32:18Z</time>
        <extensions><gpxtpx:TrackPointExtension>
          <gpxtpx:hr>181</gpxtpx:hr>
        </gpxtpx:TrackPointExtension></extensions>
      </trkpt>
      <trkpt lat="31.407188" lon="120.094262">
        <ele>3.0</ele>
        <time>2026-04-19T00:32:19Z</time>
        <extensions><gpxtpx:TrackPointExtension>
          <gpxtpx:hr>182</gpxtpx:hr>
        </gpxtpx:TrackPointExtension></extensions>
      </trkpt>
      <trkpt lat="31.40721" lon="120.094294">
        <ele>3.0</ele>
        <time>2026-04-19T00:32:20Z</time>
        <extensions><gpxtpx:TrackPointExtension>
          <gpxtpx:hr>182</gpxtpx:hr>
        </gpxtpx:TrackPointExtension></extensions>
      </trkpt>
      <trkpt lat="31.407231" lon="120.094326">
        <ele>3.0</ele>
        <time>2026-04-19T00:32:21Z</time>
        <extensions><gpxtpx:TrackPointExtension>
          <gpxtpx:hr>182</gpxtpx:hr>
        </gpxtpx:TrackPointExtension></extensions>
      </trkpt>
      <trkpt lat="31.407252" lon="120.094359">
        <ele>3.0</ele>
        <time>2026-04-19T00:32:22Z</time>
        <extensions><gpxtpx:TrackPointExtension>
          <gpxtpx:hr>182</gpxtpx:hr>
        </gpxtpx:TrackPointExtension></extensions>
      </trkpt>
      <trkpt lat="31.407273" lon="120.094393">
        <ele>3.0</ele>
        <time>2026-04-19T00:32:23Z</time>
        <extensions><gpxtpx:TrackPointExtension>
          <gpxtpx:hr>182</gpxtpx:hr>
        </gpxtpx:TrackPointExtension></extensions>
      </trkpt>
      <trkpt lat="31.407295" lon="120.094427">
        <ele>3.0</ele>
        <time>2026-04-19T00:32:24Z</time>
        <extensions><gpxtpx:TrackPointExtension>
          <gpxtpx:hr>182</gpxtpx:hr>
        </gpxtpx:TrackPointExtension></extensions>
      </trkpt>
      <trkpt lat="31.407316" lon="120.094461">
        <ele>3.0</ele>
        <time>2026-04-19T00:32:25Z</time>
        <extensions><gpxtpx:TrackPointExtension>
          <gpxtpx:hr>182</gpxtpx:hr>
        </gpxtpx:TrackPointExtension></extensions>
      </trkpt>
      <trkpt lat="31.407339" lon="120.094495">
        <ele>3.0</ele>
        <time>2026-04-19T00:32:26Z</time>
        <extensions><gpxtpx:TrackPointExtension>
          <gpxtpx:hr>182</gpxtpx:hr>
        </gpxtpx:TrackPointExtension></extensions>
      </trkpt>
      <trkpt lat="31.407361" lon="120.094529">
        <ele>3.0</ele>
        <time>2026-04-19T00:32:27Z</time>
        <extensions><gpxtpx:TrackPointExtension>
          <gpxtpx:hr>182</gpxtpx:hr>
        </gpxtpx:TrackPointExtension></extensions>
      </trkpt>
      <trkpt lat="31.407384" lon="120.094563">
        <ele>3.0</ele>
        <time>2026-04-19T00:32:28Z</time>
        <extensions><gpxtpx:TrackPointExtension>
          <gpxtpx:hr>182</gpxtpx:hr>
        </gpxtpx:TrackPointExtension></extensions>
      </trkpt>
      <trkpt lat="31.407407" lon="120.094598">
        <ele>3.0</ele>
        <time>2026-04-19T00:32:29Z</time>
        <extensions><gpxtpx:TrackPointExtension>
          <gpxtpx:hr>182</gpxtpx:hr>
        </gpxtpx:TrackPointExtension></extensions>
      </trkpt>
      <trkpt lat="31.407429" lon="120.094631">
        <ele>3.0</ele>
        <time>2026-04-19T00:32:30Z</time>
        <extensions><gpxtpx:TrackPointExtension>
          <gpxtpx:hr>182</gpxtpx:hr>
        </gpxtpx:TrackPointExtension></extensions>
      </trkpt>
      <trkpt lat="31.407452" lon="120.094665">
        <ele>3.0</ele>
        <time>2026-04-19T00:32:31Z</time>
        <extensions><gpxtpx:TrackPointExtension>
          <gpxtpx:hr>182</gpxtpx:hr>
        </gpxtpx:TrackPointExtension></extensions>
      </trkpt>
      <trkpt lat="31.407475" lon="120.094698">
        <ele>3.0</ele>
        <time>2026-04-19T00:32:32Z</time>
        <extensions><gpxtpx:TrackPointExtension>
          <gpxtpx:hr>182</gpxtpx:hr>
        </gpxtpx:TrackPointExtension></extensions>
      </trkpt>
      <trkpt lat="31.407497" lon="120.094731">
        <ele>3.0</ele>
        <time>2026-04-19T00:32:33Z</time>
        <extensions><gpxtpx:TrackPointExtension>
          <gpxtpx:hr>182</gpxtpx:hr>
        </gpxtpx:TrackPointExtension></extensions>
      </trkpt>
      <trkpt lat="31.407519" lon="120.094763">
        <ele>3.0</ele>
        <time>2026-04-19T00:32:34Z</time>
        <extensions><gpxtpx:TrackPointExtension>
          <gpxtpx:hr>182</gpxtpx:hr>
        </gpxtpx:TrackPointExtension></extensions>
      </trkpt>
      <trkpt lat="31.407542" lon="120.094794">
        <ele>3.0</ele>
        <time>2026-04-19T00:32:35Z</time>
        <extensions><gpxtpx:TrackPointExtension>
          <gpxtpx:hr>182</gpxtpx:hr>
        </gpxtpx:TrackPointExtension></extensions>
      </trkpt>
      <trkpt lat="31.407563" lon="120.094826">
        <ele>3.0</ele>
        <time>2026-04-19T00:32:36Z</time>
        <extensions><gpxtpx:TrackPointExtension>
          <gpxtpx:hr>182</gpxtpx:hr>
        </gpxtpx:TrackPointExtension></extensions>
      </trkpt>
      <trkpt lat="31.407585" lon="120.094859">
        <ele>3.0</ele>
        <time>2026-04-19T00:32:37Z</time>
        <extensions><gpxtpx:TrackPointExtension>
          <gpxtpx:hr>182</gpxtpx:hr>
        </gpxtpx:TrackPointExtension></extensions>
      </trkpt>
      <trkpt lat="31.407607" lon="120.094891">
        <ele>3.0</ele>
        <time>2026-04-19T00:32:38Z</time>
        <extensions><gpxtpx:TrackPointExtension>
          <gpxtpx:hr>182</gpxtpx:hr>
        </gpxtpx:TrackPointExtension></extensions>
      </trkpt>
      <trkpt lat="31.407629" lon="120.094924">
        <ele>3.0</ele>
        <time>2026-04-19T00:32:39Z</time>
        <extensions><gpxtpx:TrackPointExtension>
          <gpxtpx:hr>183</gpxtpx:hr>
        </gpxtpx:TrackPointExtension></extensions>
      </trkpt>
      <trkpt lat="31.407649" lon="120.094958">
        <ele>3.0</ele>
        <time>2026-04-19T00:32:40Z</time>
        <extensions><gpxtpx:TrackPointExtension>
          <gpxtpx:hr>183</gpxtpx:hr>
        </gpxtpx:TrackPointExtension></extensions>
      </trkpt>
      <trkpt lat="31.407671" lon="120.094993">
        <ele>3.0</ele>
        <time>2026-04-19T00:32:41Z</time>
        <extensions><gpxtpx:TrackPointExtension>
          <gpxtpx:hr>183</gpxtpx:hr>
        </gpxtpx:TrackPointExtension></extensions>
      </trkpt>
      <trkpt lat="31.407691" lon="120.095026">
        <ele>3.0</ele>
        <time>2026-04-19T00:32:42Z</time>
        <extensions><gpxtpx:TrackPointExtension>
          <gpxtpx:hr>183</gpxtpx:hr>
        </gpxtpx:TrackPointExtension></extensions>
      </trkpt>
      <trkpt lat="31.407711" lon="120.09506">
        <ele>3.0</ele>
        <time>2026-04-19T00:32:43Z</time>
        <extensions><gpxtpx:TrackPointExtension>
          <gpxtpx:hr>183</gpxtpx:hr>
        </gpxtpx:TrackPointExtension></extensions>
      </trkpt>
      <trkpt lat="31.40773" lon="120.095093">
        <ele>3.0</ele>
        <time>2026-04-19T00:32:44Z</time>
        <extensions><gpxtpx:TrackPointExtension>
          <gpxtpx:hr>183</gpxtpx:hr>
        </gpxtpx:TrackPointExtension></extensions>
      </trkpt>
      <trkpt lat="31.407767" lon="120.095154">
        <ele>3.0</ele>
        <time>2026-04-19T00:32:45Z</time>
        <extensions><gpxtpx:TrackPointExtension>
          <gpxtpx:hr>182</gpxtpx:hr>
        </gpxtpx:TrackPointExtension></extensions>
      </trkpt>
      <trkpt lat="31.407784" lon="120.095181">
        <ele>3.0</ele>
        <time>2026-04-19T00:32:46Z</time>
        <extensions><gpxtpx:TrackPointExtension>
          <gpxtpx:hr>182</gpxtpx:hr>
        </gpxtpx:TrackPointExtension></extensions>
      </trkpt>
      <trkpt lat="31.407802" lon="120.095209">
        <ele>3.0</ele>
        <time>2026-04-19T00:32:47Z</time>
        <extensions><gpxtpx:TrackPointExtension>
          <gpxtpx:hr>182</gpxtpx:hr>
        </gpxtpx:TrackPointExtension></extensions>
      </trkpt>
      <trkpt lat="31.40782" lon="120.095237">
        <ele>3.0</ele>
        <time>2026-04-19T00:32:48Z</time>
        <extensions><gpxtpx:TrackPointExtension>
          <gpxtpx:hr>182</gpxtpx:hr>
        </gpxtpx:TrackPointExtension></extensions>
      </trkpt>
      <trkpt lat="31.407837" lon="120.095265">
        <ele>3.0</ele>
        <time>2026-04-19T00:32:49Z</time>
        <extensions><gpxtpx:TrackPointExtension>
          <gpxtpx:hr>182</gpxtpx:hr>
        </gpxtpx:TrackPointExtension></extensions>
      </trkpt>
      <trkpt lat="31.407855" lon="120.095292">
        <ele>3.0</ele>
        <time>2026-04-19T00:32:50Z</time>
        <extensions><gpxtpx:TrackPointExtension>
          <gpxtpx:hr>182</gpxtpx:hr>
        </gpxtpx:TrackPointExtension></extensions>
      </trkpt>
      <trkpt lat="31.407873" lon="120.09532">
        <ele>3.0</ele>
        <time>2026-04-19T00:32:51Z</time>
        <extensions><gpxtpx:TrackPointExtension>
          <gpxtpx:hr>181</gpxtpx:hr>
        </gpxtpx:TrackPointExtension></extensions>
      </trkpt>
      <trkpt lat="31.407894" lon="120.095352">
        <ele>3.0</ele>
        <time>2026-04-19T00:32:52Z</time>
        <extensions><gpxtpx:TrackPointExtension>
          <gpxtpx:hr>181</gpxtpx:hr>
        </gpxtpx:TrackPointExtension></extensions>
      </trkpt>
      <trkpt lat="31.407916" lon="120.095385">
        <ele>3.0</ele>
        <time>2026-04-19T00:32:53Z</time>
        <extensions><gpxtpx:TrackPointExtension>
          <gpxtpx:hr>181</gpxtpx:hr>
        </gpxtpx:TrackPointExtension></extensions>
      </trkpt>
      <trkpt lat="31.407938" lon="120.095417">
        <ele>3.0</ele>
        <time>2026-04-19T00:32:54Z</time>
        <extensions><gpxtpx:TrackPointExtension>
          <gpxtpx:hr>181</gpxtpx:hr>
        </gpxtpx:TrackPointExtension></extensions>
      </trkpt>
      <trkpt lat="31.407959" lon="120.09545">
        <ele>3.0</ele>
        <time>2026-04-19T00:32:55Z</time>
        <extensions><gpxtpx:TrackPointExtension>
          <gpxtpx:hr>181</gpxtpx:hr>
        </gpxtpx:TrackPointExtension></extensions>
      </trkpt>
      <trkpt lat="31.407982" lon="120.095481">
        <ele>4.0</ele>
        <time>2026-04-19T00:32:56Z</time>
        <extensions><gpxtpx:TrackPointExtension>
          <gpxtpx:hr>181</gpxtpx:hr>
        </gpxtpx:TrackPointExtension></extensions>
      </trkpt>
      <trkpt lat="31.408004" lon="120.095512">
        <ele>4.0</ele>
        <time>2026-04-19T00:32:57Z</time>
        <extensions><gpxtpx:TrackPointExtension>
          <gpxtpx:hr>181</gpxtpx:hr>
        </gpxtpx:TrackPointExtension></extensions>
      </trkpt>
      <trkpt lat="31.408027" lon="120.095544">
        <ele>4.0</ele>
        <time>2026-04-19T00:32:58Z</time>
        <extensions><gpxtpx:TrackPointExtension>
          <gpxtpx:hr>181</gpxtpx:hr>
        </gpxtpx:TrackPointExtension></extensions>
      </trkpt>
      <trkpt lat="31.40805" lon="120.095576">
        <ele>4.0</ele>
        <time>2026-04-19T00:32:59Z</time>
        <extensions><gpxtpx:TrackPointExtension>
          <gpxtpx:hr>181</gpxtpx:hr>
        </gpxtpx:TrackPointExtension></extensions>
      </trkpt>
      <trkpt lat="31.408073" lon="120.095609">
        <ele>4.0</ele>
        <time>2026-04-19T00:33:00Z</time>
        <extensions><gpxtpx:TrackPointExtension>
          <gpxtpx:hr>181</gpxtpx:hr>
        </gpxtpx:TrackPointExtension></extensions>
      </trkpt>
      <trkpt lat="31.408096" lon="120.095642">
        <ele>4.0</ele>
        <time>2026-04-19T00:33:01Z</time>
        <extensions><gpxtpx:TrackPointExtension>
          <gpxtpx:hr>181</gpxtpx:hr>
        </gpxtpx:TrackPointExtension></extensions>
      </trkpt>
      <trkpt lat="31.408118" lon="120.095675">
        <ele>4.0</ele>
        <time>2026-04-19T00:33:02Z</time>
        <extensions><gpxtpx:TrackPointExtension>
          <gpxtpx:hr>181</gpxtpx:hr>
        </gpxtpx:TrackPointExtension></extensions>
      </trkpt>
      <trkpt lat="31.40814" lon="120.095708">
        <ele>4.0</ele>
        <time>2026-04-19T00:33:03Z</time>
        <extensions><gpxtpx:TrackPointExtension>
          <gpxtpx:hr>181</gpxtpx:hr>
        </gpxtpx:TrackPointExtension></extensions>
      </trkpt>
      <trkpt lat="31.408161" lon="120.095741">
        <ele>4.0</ele>
        <time>2026-04-19T00:33:04Z</time>
        <extensions><gpxtpx:TrackPointExtension>
          <gpxtpx:hr>180</gpxtpx:hr>
        </gpxtpx:TrackPointExtension></extensions>
      </trkpt>
      <trkpt lat="31.408182" lon="120.095773">
        <ele>4.0</ele>
        <time>2026-04-19T00:33:05Z</time>
        <extensions><gpxtpx:TrackPointExtension>
          <gpxtpx:hr>181</gpxtpx:hr>
        </gpxtpx:TrackPointExtension></extensions>
      </trkpt>
      <trkpt lat="31.408203" lon="120.095805">
        <ele>4.0</ele>
        <time>2026-04-19T00:33:06Z</time>
        <extensions><gpxtpx:TrackPointExtension>
          <gpxtpx:hr>181</gpxtpx:hr>
        </gpxtpx:TrackPointExtension></extensions>
      </trkpt>
      <trkpt lat="31.408223" lon="120.095837">
        <ele>4.0</ele>
        <time>2026-04-19T00:33:07Z</time>
        <extensions><gpxtpx:TrackPointExtension>
          <gpxtpx:hr>181</gpxtpx:hr>
        </gpxtpx:TrackPointExtension></extensions>
      </trkpt>
      <trkpt lat="31.408244" lon="120.095868">
        <ele>4.0</ele>
        <time>2026-04-19T00:33:08Z</time>
        <extensions><gpxtpx:TrackPointExtension>
          <gpxtpx:hr>181</gpxtpx:hr>
        </gpxtpx:TrackPointExtension></extensions>
      </trkpt>
      <trkpt lat="31.408264" lon="120.0959">
        <ele>4.0</ele>
        <time>2026-04-19T00:33:09Z</time>
        <extensions><gpxtpx:TrackPointExtension>
          <gpxtpx:hr>181</gpxtpx:hr>
        </gpxtpx:TrackPointExtension></extensions>
      </trkpt>
      <trkpt lat="31.408284" lon="120.095931">
        <ele>4.0</ele>
        <time>2026-04-19T00:33:10Z</time>
        <extensions><gpxtpx:TrackPointExtension>
          <gpxtpx:hr>180</gpxtpx:hr>
        </gpxtpx:TrackPointExtension></extensions>
      </trkpt>
      <trkpt lat="31.408305" lon="120.095963">
        <ele>4.0</ele>
        <time>2026-04-19T00:33:11Z</time>
        <extensions><gpxtpx:TrackPointExtension>
          <gpxtpx:hr>181</gpxtpx:hr>
        </gpxtpx:TrackPointExtension></extensions>
      </trkpt>
      <trkpt lat="31.408325" lon="120.095995">
        <ele>4.0</ele>
        <time>2026-04-19T00:33:12Z</time>
        <extensions><gpxtpx:TrackPointExtension>
          <gpxtpx:hr>180</gpxtpx:hr>
        </gpxtpx:TrackPointExtension></extensions>
      </trkpt>
      <trkpt lat="31.408345" lon="120.096027">
        <ele>4.0</ele>
        <time>2026-04-19T00:33:13Z</time>
        <extensions><gpxtpx:TrackPointExtension>
          <gpxtpx:hr>180</gpxtpx:hr>
        </gpxtpx:TrackPointExtension></extensions>
      </trkpt>
      <trkpt lat="31.408366" lon="120.096061">
        <ele>4.0</ele>
        <time>2026-04-19T00:33:14Z</time>
        <extensions><gpxtpx:TrackPointExtension>
          <gpxtpx:hr>180</gpxtpx:hr>
        </gpxtpx:TrackPointExtension></extensions>
      </trkpt>
      <trkpt lat="31.408388" lon="120.096095">
        <ele>4.0</ele>
        <time>2026-04-19T00:33:15Z</time>
        <extensions><gpxtpx:TrackPointExtension>
          <gpxtpx:hr>180</gpxtpx:hr>
        </gpxtpx:TrackPointExtension></extensions>
      </trkpt>
      <trkpt lat="31.408411" lon="120.096129">
        <ele>4.0</ele>
        <time>2026-04-19T00:33:16Z</time>
        <extensions><gpxtpx:TrackPointExtension>
          <gpxtpx:hr>180</gpxtpx:hr>
        </gpxtpx:TrackPointExtension></extensions>
      </trkpt>
      <trkpt lat="31.408434" lon="120.096163">
        <ele>4.0</ele>
        <time>2026-04-19T00:33:17Z</time>
        <extensions><gpxtpx:TrackPointExtension>
          <gpxtpx:hr>179</gpxtpx:hr>
        </gpxtpx:TrackPointExtension></extensions>
      </trkpt>
      <trkpt lat="31.408455" lon="120.096197">
        <ele>4.0</ele>
        <time>2026-04-19T00:33:18Z</time>
        <extensions><gpxtpx:TrackPointExtension>
          <gpxtpx:hr>179</gpxtpx:hr>
        </gpxtpx:TrackPointExtension></extensions>
      </trkpt>
      <trkpt lat="31.408477" lon="120.096231">
        <ele>4.0</ele>
        <time>2026-04-19T00:33:19Z</time>
        <extensions><gpxtpx:TrackPointExtension>
          <gpxtpx:hr>179</gpxtpx:hr>
        </gpxtpx:TrackPointExtension></extensions>
      </trkpt>
      <trkpt lat="31.408498" lon="120.096265">
        <ele>4.0</ele>
        <time>2026-04-19T00:33:20Z</time>
        <extensions><gpxtpx:TrackPointExtension>
          <gpxtpx:hr>179</gpxtpx:hr>
        </gpxtpx:TrackPointExtension></extensions>
      </trkpt>
      <trkpt lat="31.408519" lon="120.096298">
        <ele>4.0</ele>
        <time>2026-04-19T00:33:21Z</time>
        <extensions><gpxtpx:TrackPointExtension>
          <gpxtpx:hr>179</gpxtpx:hr>
        </gpxtpx:TrackPointExtension></extensions>
      </trkpt>
      <trkpt lat="31.408539" lon="120.096331">
        <ele>4.0</ele>
        <time>2026-04-19T00:33:22Z</time>
        <extensions><gpxtpx:TrackPointExtension>
          <gpxtpx:hr>179</gpxtpx:hr>
        </gpxtpx:TrackPointExtension></extensions>
      </trkpt>
      <trkpt lat="31.408559" lon="120.096365">
        <ele>4.0</ele>
        <time>2026-04-19T00:33:23Z</time>
        <extensions><gpxtpx:TrackPointExtension>
          <gpxtpx:hr>179</gpxtpx:hr>
        </gpxtpx:TrackPointExtension></extensions>
      </trkpt>
      <trkpt lat="31.408579" lon="120.096398">
        <ele>4.0</ele>
        <time>2026-04-19T00:33:24Z</time>
        <extensions><gpxtpx:TrackPointExtension>
          <gpxtpx:hr>179</gpxtpx:hr>
        </gpxtpx:TrackPointExtension></extensions>
      </trkpt>
      <trkpt lat="31.408598" lon="120.096431">
        <ele>4.0</ele>
        <time>2026-04-19T00:33:25Z</time>
        <extensions><gpxtpx:TrackPointExtension>
          <gpxtpx:hr>179</gpxtpx:hr>
        </gpxtpx:TrackPointExtension></extensions>
      </trkpt>
      <trkpt lat="31.408618" lon="120.096464">
        <ele>4.0</ele>
        <time>2026-04-19T00:33:26Z</time>
        <extensions><gpxtpx:TrackPointExtension>
          <gpxtpx:hr>179</gpxtpx:hr>
        </gpxtpx:TrackPointExtension></extensions>
      </trkpt>
      <trkpt lat="31.408638" lon="120.096496">
        <ele>3.0</ele>
        <time>2026-04-19T00:33:27Z</time>
        <extensions><gpxtpx:TrackPointExtension>
          <gpxtpx:hr>178</gpxtpx:hr>
        </gpxtpx:TrackPointExtension></extensions>
      </trkpt>
      <trkpt lat="31.408658" lon="120.096527">
        <ele>3.0</ele>
        <time>2026-04-19T00:33:28Z</time>
        <extensions><gpxtpx:TrackPointExtension>
          <gpxtpx:hr>178</gpxtpx:hr>
        </gpxtpx:TrackPointExtension></extensions>
      </trkpt>
      <trkpt lat="31.408679" lon="120.096558">
        <ele>3.0</ele>
        <time>2026-04-19T00:33:29Z</time>
        <extensions><gpxtpx:TrackPointExtension>
          <gpxtpx:hr>178</gpxtpx:hr>
        </gpxtpx:TrackPointExtension></extensions>
      </trkpt>
      <trkpt lat="31.408701" lon="120.09659">
        <ele>3.0</ele>
        <time>2026-04-19T00:33:30Z</time>
        <extensions><gpxtpx:TrackPointExtension>
          <gpxtpx:hr>178</gpxtpx:hr>
        </gpxtpx:TrackPointExtension></extensions>
      </trkpt>
      <trkpt lat="31.408722" lon="120.096621">
        <ele>3.0</ele>
        <time>2026-04-19T00:33:31Z</time>
        <extensions><gpxtpx:TrackPointExtension>
          <gpxtpx:hr>178</gpxtpx:hr>
        </gpxtpx:TrackPointExtension></extensions>
      </trkpt>
      <trkpt lat="31.408744" lon="120.096653">
        <ele>3.0</ele>
        <time>2026-04-19T00:33:32Z</time>
        <extensions><gpxtpx:TrackPointExtension>
          <gpxtpx:hr>178</gpxtpx:hr>
        </gpxtpx:TrackPointExtension></extensions>
      </trkpt>
      <trkpt lat="31.408765" lon="120.096685">
        <ele>3.0</ele>
        <time>2026-04-19T00:33:33Z</time>
        <extensions><gpxtpx:TrackPointExtension>
          <gpxtpx:hr>178</gpxtpx:hr>
        </gpxtpx:TrackPointExtension></extensions>
      </trkpt>
      <trkpt lat="31.408786" lon="120.096718">
        <ele>3.0</ele>
        <time>2026-04-19T00:33:34Z</time>
        <extensions><gpxtpx:TrackPointExtension>
          <gpxtpx:hr>178</gpxtpx:hr>
        </gpxtpx:TrackPointExtension></extensions>
      </trkpt>
      <trkpt lat="31.408808" lon="120.096751">
        <ele>3.0</ele>
        <time>2026-04-19T00:33:35Z</time>
        <extensions><gpxtpx:TrackPointExtension>
          <gpxtpx:hr>178</gpxtpx:hr>
        </gpxtpx:TrackPointExtension></extensions>
      </trkpt>
      <trkpt lat="31.408829" lon="120.096784">
        <ele>3.0</ele>
        <time>2026-04-19T00:33:36Z</time>
        <extensions><gpxtpx:TrackPointExtension>
          <gpxtpx:hr>178</gpxtpx:hr>
        </gpxtpx:TrackPointExtension></extensions>
      </trkpt>
      <trkpt lat="31.40885" lon="120.096816">
        <ele>3.0</ele>
        <time>2026-04-19T00:33:37Z</time>
        <extensions><gpxtpx:TrackPointExtension>
          <gpxtpx:hr>178</gpxtpx:hr>
        </gpxtpx:TrackPointExtension></extensions>
      </trkpt>
      <trkpt lat="31.408871" lon="120.096848">
        <ele>3.0</ele>
        <time>2026-04-19T00:33:38Z</time>
        <extensions><gpxtpx:TrackPointExtension>
          <gpxtpx:hr>178</gpxtpx:hr>
        </gpxtpx:TrackPointExtension></extensions>
      </trkpt>
      <trkpt lat="31.408892" lon="120.09688">
        <ele>3.0</ele>
        <time>2026-04-19T00:33:39Z</time>
        <extensions><gpxtpx:TrackPointExtension>
          <gpxtpx:hr>178</gpxtpx:hr>
        </gpxtpx:TrackPointExtension></extensions>
      </trkpt>
      <trkpt lat="31.408913" lon="120.096912">
        <ele>3.0</ele>
        <time>2026-04-19T00:33:40Z</time>
        <extensions><gpxtpx:TrackPointExtension>
          <gpxtpx:hr>178</gpxtpx:hr>
        </gpxtpx:TrackPointExtension></extensions>
      </trkpt>
      <trkpt lat="31.408934" lon="120.096945">
        <ele>3.0</ele>
        <time>2026-04-19T00:33:41Z</time>
        <extensions><gpxtpx:TrackPointExtension>
          <gpxtpx:hr>178</gpxtpx:hr>
        </gpxtpx:TrackPointExtension></extensions>
      </trkpt>
      <trkpt lat="31.408955" lon="120.096977">
        <ele>3.0</ele>
        <time>2026-04-19T00:33:42Z</time>
        <extensions><gpxtpx:TrackPointExtension>
          <gpxtpx:hr>178</gpxtpx:hr>
        </gpxtpx:TrackPointExtension></extensions>
      </trkpt>
      <trkpt lat="31.408976" lon="120.097009">
        <ele>3.0</ele>
        <time>2026-04-19T00:33:43Z</time>
        <extensions><gpxtpx:TrackPointExtension>
          <gpxtpx:hr>177</gpxtpx:hr>
        </gpxtpx:TrackPointExtension></extensions>
      </trkpt>
      <trkpt lat="31.408997" lon="120.097041">
        <ele>3.0</ele>
        <time>2026-04-19T00:33:44Z</time>
        <extensions><gpxtpx:TrackPointExtension>
          <gpxtpx:hr>178</gpxtpx:hr>
        </gpxtpx:TrackPointExtension></extensions>
      </trkpt>
      <trkpt lat="31.409019" lon="120.097073">
        <ele>3.0</ele>
        <time>2026-04-19T00:33:45Z</time>
        <extensions><gpxtpx:TrackPointExtension>
          <gpxtpx:hr>178</gpxtpx:hr>
        </gpxtpx:TrackPointExtension></extensions>
      </trkpt>
      <trkpt lat="31.40904" lon="120.097105">
        <ele>3.0</ele>
        <time>2026-04-19T00:33:46Z</time>
        <extensions><gpxtpx:TrackPointExtension>
          <gpxtpx:hr>178</gpxtpx:hr>
        </gpxtpx:TrackPointExtension></extensions>
      </trkpt>
      <trkpt lat="31.409062" lon="120.097136">
        <ele>3.0</ele>
        <time>2026-04-19T00:33:47Z</time>
        <extensions><gpxtpx:TrackPointExtension>
          <gpxtpx:hr>178</gpxtpx:hr>
        </gpxtpx:TrackPointExtension></extensions>
      </trkpt>
      <trkpt lat="31.409083" lon="120.097168">
        <ele>3.0</ele>
        <time>2026-04-19T00:33:48Z</time>
        <extensions><gpxtpx:TrackPointExtension>
          <gpxtpx:hr>178</gpxtpx:hr>
        </gpxtpx:TrackPointExtension></extensions>
      </trkpt>
      <trkpt lat="31.409104" lon="120.0972">
        <ele>3.0</ele>
        <time>2026-04-19T00:33:49Z</time>
        <extensions><gpxtpx:TrackPointExtension>
          <gpxtpx:hr>178</gpxtpx:hr>
        </gpxtpx:TrackPointExtension></extensions>
      </trkpt>
      <trkpt lat="31.409125" lon="120.097231">
        <ele>3.0</ele>
        <time>2026-04-19T00:33:50Z</time>
        <extensions><gpxtpx:TrackPointExtension>
          <gpxtpx:hr>178</gpxtpx:hr>
        </gpxtpx:TrackPointExtension></extensions>
      </trkpt>
      <trkpt lat="31.409145" lon="120.097263">
        <ele>3.0</ele>
        <time>2026-04-19T00:33:51Z</time>
        <extensions><gpxtpx:TrackPointExtension>
          <gpxtpx:hr>178</gpxtpx:hr>
        </gpxtpx:TrackPointExtension></extensions>
      </trkpt>
      <trkpt lat="31.409166" lon="120.097296">
        <ele>3.0</ele>
        <time>2026-04-19T00:33:52Z</time>
        <extensions><gpxtpx:TrackPointExtension>
          <gpxtpx:hr>178</gpxtpx:hr>
        </gpxtpx:TrackPointExtension></extensions>
      </trkpt>
      <trkpt lat="31.409188" lon="120.097328">
        <ele>3.0</ele>
        <time>2026-04-19T00:33:53Z</time>
        <extensions><gpxtpx:TrackPointExtension>
          <gpxtpx:hr>178</gpxtpx:hr>
        </gpxtpx:TrackPointExtension></extensions>
      </trkpt>
      <trkpt lat="31.409209" lon="120.097361">
        <ele>3.0</ele>
        <time>2026-04-19T00:33:54Z</time>
        <extensions><gpxtpx:TrackPointExtension>
          <gpxtpx:hr>178</gpxtpx:hr>
        </gpxtpx:TrackPointExtension></extensions>
      </trkpt>
      <trkpt lat="31.409231" lon="120.097394">
        <ele>3.0</ele>
        <time>2026-04-19T00:33:55Z</time>
        <extensions><gpxtpx:TrackPointExtension>
          <gpxtpx:hr>178</gpxtpx:hr>
        </gpxtpx:TrackPointExtension></extensions>
      </trkpt>
      <trkpt lat="31.409252" lon="120.097428">
        <ele>3.0</ele>
        <time>2026-04-19T00:33:56Z</time>
        <extensions><gpxtpx:TrackPointExtension>
          <gpxtpx:hr>178</gpxtpx:hr>
        </gpxtpx:TrackPointExtension></extensions>
      </trkpt>
      <trkpt lat="31.409273" lon="120.097462">
        <ele>2.0</ele>
        <time>2026-04-19T00:33:57Z</time>
        <extensions><gpxtpx:TrackPointExtension>
          <gpxtpx:hr>178</gpxtpx:hr>
        </gpxtpx:TrackPointExtension></extensions>
      </trkpt>
      <trkpt lat="31.409294" lon="120.097496">
        <ele>2.0</ele>
        <time>2026-04-19T00:33:58Z</time>
        <extensions><gpxtpx:TrackPointExtension>
          <gpxtpx:hr>178</gpxtpx:hr>
        </gpxtpx:TrackPointExtension></extensions>
      </trkpt>
      <trkpt lat="31.409314" lon="120.09753">
        <ele>2.0</ele>
        <time>2026-04-19T00:33:59Z</time>
        <extensions><gpxtpx:TrackPointExtension>
          <gpxtpx:hr>178</gpxtpx:hr>
        </gpxtpx:TrackPointExtension></extensions>
      </trkpt>
      <trkpt lat="31.409335" lon="120.097564">
        <ele>2.0</ele>
        <time>2026-04-19T00:34:00Z</time>
        <extensions><gpxtpx:TrackPointExtension>
          <gpxtpx:hr>178</gpxtpx:hr>
        </gpxtpx:TrackPointExtension></extensions>
      </trkpt>
      <trkpt lat="31.409355" lon="120.097598">
        <ele>2.0</ele>
        <time>2026-04-19T00:34:01Z</time>
        <extensions><gpxtpx:TrackPointExtension>
          <gpxtpx:hr>179</gpxtpx:hr>
        </gpxtpx:TrackPointExtension></extensions>
      </trkpt>
      <trkpt lat="31.409375" lon="120.097632">
        <ele>2.0</ele>
        <time>2026-04-19T00:34:02Z</time>
        <extensions><gpxtpx:TrackPointExtension>
          <gpxtpx:hr>179</gpxtpx:hr>
        </gpxtpx:TrackPointExtension></extensions>
      </trkpt>
      <trkpt lat="31.409396" lon="120.097665">
        <ele>2.0</ele>
        <time>2026-04-19T00:34:03Z</time>
        <extensions><gpxtpx:TrackPointExtension>
          <gpxtpx:hr>179</gpxtpx:hr>
        </gpxtpx:TrackPointExtension></extensions>
      </trkpt>
      <trkpt lat="31.409416" lon="120.097699">
        <ele>2.0</ele>
        <time>2026-04-19T00:34:04Z</time>
        <extensions><gpxtpx:TrackPointExtension>
          <gpxtpx:hr>179</gpxtpx:hr>
        </gpxtpx:TrackPointExtension></extensions>
      </trkpt>
      <trkpt lat="31.409437" lon="120.097732">
        <ele>2.0</ele>
        <time>2026-04-19T00:34:05Z</time>
        <extensions><gpxtpx:TrackPointExtension>
          <gpxtpx:hr>179</gpxtpx:hr>
        </gpxtpx:TrackPointExtension></extensions>
      </trkpt>
      <trkpt lat="31.409459" lon="120.097765">
        <ele>2.0</ele>
        <time>2026-04-19T00:34:06Z</time>
        <extensions><gpxtpx:TrackPointExtension>
          <gpxtpx:hr>179</gpxtpx:hr>
        </gpxtpx:TrackPointExtension></extensions>
      </trkpt>
      <trkpt lat="31.409481" lon="120.097798">
        <ele>2.0</ele>
        <time>2026-04-19T00:34:07Z</time>
        <extensions><gpxtpx:TrackPointExtension>
          <gpxtpx:hr>179</gpxtpx:hr>
        </gpxtpx:TrackPointExtension></extensions>
      </trkpt>
      <trkpt lat="31.409503" lon="120.09783">
        <ele>2.0</ele>
        <time>2026-04-19T00:34:08Z</time>
        <extensions><gpxtpx:TrackPointExtension>
          <gpxtpx:hr>179</gpxtpx:hr>
        </gpxtpx:TrackPointExtension></extensions>
      </trkpt>
      <trkpt lat="31.409526" lon="120.097863">
        <ele>2.0</ele>
        <time>2026-04-19T00:34:09Z</time>
        <extensions><gpxtpx:TrackPointExtension>
          <gpxtpx:hr>179</gpxtpx:hr>
        </gpxtpx:TrackPointExtension></extensions>
      </trkpt>
      <trkpt lat="31.409548" lon="120.097895">
        <ele>2.0</ele>
        <time>2026-04-19T00:34:10Z</time>
        <extensions><gpxtpx:TrackPointExtension>
          <gpxtpx:hr>179</gpxtpx:hr>
        </gpxtpx:TrackPointExtension></extensions>
      </trkpt>
      <trkpt lat="31.409571" lon="120.097927">
        <ele>3.0</ele>
        <time>2026-04-19T00:34:11Z</time>
        <extensions><gpxtpx:TrackPointExtension>
          <gpxtpx:hr>179</gpxtpx:hr>
        </gpxtpx:TrackPointExtension></extensions>
      </trkpt>
      <trkpt lat="31.409593" lon="120.097958">
        <ele>3.0</ele>
        <time>2026-04-19T00:34:12Z</time>
        <extensions><gpxtpx:TrackPointExtension>
          <gpxtpx:hr>179</gpxtpx:hr>
        </gpxtpx:TrackPointExtension></extensions>
      </trkpt>
      <trkpt lat="31.409632" lon="120.098016">
        <ele>3.0</ele>
        <time>2026-04-19T00:34:13Z</time>
        <extensions><gpxtpx:TrackPointExtension>
          <gpxtpx:hr>179</gpxtpx:hr>
        </gpxtpx:TrackPointExtension></extensions>
      </trkpt>
      <trkpt lat="31.409648" lon="120.098042">
        <ele>3.0</ele>
        <time>2026-04-19T00:34:14Z</time>
        <extensions><gpxtpx:TrackPointExtension>
          <gpxtpx:hr>179</gpxtpx:hr>
        </gpxtpx:TrackPointExtension></extensions>
      </trkpt>
      <trkpt lat="31.409665" lon="120.098068">
        <ele>3.0</ele>
        <time>2026-04-19T00:34:15Z</time>
        <extensions><gpxtpx:TrackPointExtension>
          <gpxtpx:hr>179</gpxtpx:hr>
        </gpxtpx:TrackPointExtension></extensions>
      </trkpt>
      <trkpt lat="31.409681" lon="120.098094">
        <ele>3.0</ele>
        <time>2026-04-19T00:34:16Z</time>
        <extensions><gpxtpx:TrackPointExtension>
          <gpxtpx:hr>179</gpxtpx:hr>
        </gpxtpx:TrackPointExtension></extensions>
      </trkpt>
      <trkpt lat="31.409698" lon="120.09812">
        <ele>3.0</ele>
        <time>2026-04-19T00:34:17Z</time>
        <extensions><gpxtpx:TrackPointExtension>
          <gpxtpx:hr>179</gpxtpx:hr>
        </gpxtpx:TrackPointExtension></extensions>
      </trkpt>
      <trkpt lat="31.409718" lon="120.098153">
        <ele>3.0</ele>
        <time>2026-04-19T00:34:18Z</time>
        <extensions><gpxtpx:TrackPointExtension>
          <gpxtpx:hr>178</gpxtpx:hr>
        </gpxtpx:TrackPointExtension></extensions>
      </trkpt>
      <trkpt lat="31.409737" lon="120.098185">
        <ele>3.0</ele>
        <time>2026-04-19T00:34:19Z</time>
        <extensions><gpxtpx:TrackPointExtension>
          <gpxtpx:hr>178</gpxtpx:hr>
        </gpxtpx:TrackPointExtension></extensions>
      </trkpt>
      <trkpt lat="31.409757" lon="120.098218">
        <ele>3.0</ele>
        <time>2026-04-19T00:34:20Z</time>
        <extensions><gpxtpx:TrackPointExtension>
          <gpxtpx:hr>178</gpxtpx:hr>
        </gpxtpx:TrackPointExtension></extensions>
      </trkpt>
      <trkpt lat="31.409776" lon="120.09825">
        <ele>3.0</ele>
        <time>2026-04-19T00:34:21Z</time>
        <extensions><gpxtpx:TrackPointExtension>
          <gpxtpx:hr>178</gpxtpx:hr>
        </gpxtpx:TrackPointExtension></extensions>
      </trkpt>
      <trkpt lat="31.409796" lon="120.098282">
        <ele>3.0</ele>
        <time>2026-04-19T00:34:22Z</time>
        <extensions><gpxtpx:TrackPointExtension>
          <gpxtpx:hr>178</gpxtpx:hr>
        </gpxtpx:TrackPointExtension></extensions>
      </trkpt>
      <trkpt lat="31.409816" lon="120.098314">
        <ele>3.0</ele>
        <time>2026-04-19T00:34:23Z</time>
        <extensions><gpxtpx:TrackPointExtension>
          <gpxtpx:hr>178</gpxtpx:hr>
        </gpxtpx:TrackPointExtension></extensions>
      </trkpt>
      <trkpt lat="31.409837" lon="120.098346">
        <ele>3.0</ele>
        <time>2026-04-19T00:34:24Z</time>
        <extensions><gpxtpx:TrackPointExtension>
          <gpxtpx:hr>178</gpxtpx:hr>
        </gpxtpx:TrackPointExtension></extensions>
      </trkpt>
      <trkpt lat="31.409857" lon="120.098378">
        <ele>3.0</ele>
        <time>2026-04-19T00:34:25Z</time>
        <extensions><gpxtpx:TrackPointExtension>
          <gpxtpx:hr>178</gpxtpx:hr>
        </gpxtpx:TrackPointExtension></extensions>
      </trkpt>
      <trkpt lat="31.409878" lon="120.098411">
        <ele>3.0</ele>
        <time>2026-04-19T00:34:26Z</time>
        <extensions><gpxtpx:TrackPointExtension>
          <gpxtpx:hr>178</gpxtpx:hr>
        </gpxtpx:TrackPointExtension></extensions>
      </trkpt>
      <trkpt lat="31.409899" lon="120.098443">
        <ele>3.0</ele>
        <time>2026-04-19T00:34:27Z</time>
        <extensions><gpxtpx:TrackPointExtension>
          <gpxtpx:hr>178</gpxtpx:hr>
        </gpxtpx:TrackPointExtension></extensions>
      </trkpt>
      <trkpt lat="31.40992" lon="120.098476">
        <ele>3.0</ele>
        <time>2026-04-19T00:34:28Z</time>
        <extensions><gpxtpx:TrackPointExtension>
          <gpxtpx:hr>178</gpxtpx:hr>
        </gpxtpx:TrackPointExtension></extensions>
      </trkpt>
      <trkpt lat="31.409941" lon="120.098509">
        <ele>3.0</ele>
        <time>2026-04-19T00:34:29Z</time>
        <extensions><gpxtpx:TrackPointExtension>
          <gpxtpx:hr>178</gpxtpx:hr>
        </gpxtpx:TrackPointExtension></extensions>
      </trkpt>
      <trkpt lat="31.409963" lon="120.098543">
        <ele>3.0</ele>
        <time>2026-04-19T00:34:30Z</time>
        <extensions><gpxtpx:TrackPointExtension>
          <gpxtpx:hr>178</gpxtpx:hr>
        </gpxtpx:TrackPointExtension></extensions>
      </trkpt>
      <trkpt lat="31.409985" lon="120.098576">
        <ele>3.0</ele>
        <time>2026-04-19T00:34:31Z</time>
        <extensions><gpxtpx:TrackPointExtension>
          <gpxtpx:hr>178</gpxtpx:hr>
        </gpxtpx:TrackPointExtension></extensions>
      </trkpt>
      <trkpt lat="31.410006" lon="120.098608">
        <ele>3.0</ele>
        <time>2026-04-19T00:34:32Z</time>
        <extensions><gpxtpx:TrackPointExtension>
          <gpxtpx:hr>178</gpxtpx:hr>
        </gpxtpx:TrackPointExtension></extensions>
      </trkpt>
      <trkpt lat="31.410028" lon="120.098641">
        <ele>3.0</ele>
        <time>2026-04-19T00:34:33Z</time>
        <extensions><gpxtpx:TrackPointExtension>
          <gpxtpx:hr>178</gpxtpx:hr>
        </gpxtpx:TrackPointExtension></extensions>
      </trkpt>
      <trkpt lat="31.41005" lon="120.098674">
        <ele>3.0</ele>
        <time>2026-04-19T00:34:34Z</time>
        <extensions><gpxtpx:TrackPointExtension>
          <gpxtpx:hr>178</gpxtpx:hr>
        </gpxtpx:TrackPointExtension></extensions>
      </trkpt>
      <trkpt lat="31.410072" lon="120.098707">
        <ele>3.0</ele>
        <time>2026-04-19T00:34:35Z</time>
        <extensions><gpxtpx:TrackPointExtension>
          <gpxtpx:hr>177</gpxtpx:hr>
        </gpxtpx:TrackPointExtension></extensions>
      </trkpt>
      <trkpt lat="31.410093" lon="120.09874">
        <ele>3.0</ele>
        <time>2026-04-19T00:34:36Z</time>
        <extensions><gpxtpx:TrackPointExtension>
          <gpxtpx:hr>177</gpxtpx:hr>
        </gpxtpx:TrackPointExtension></extensions>
      </trkpt>
      <trkpt lat="31.410116" lon="120.098772">
        <ele>3.0</ele>
        <time>2026-04-19T00:34:37Z</time>
        <extensions><gpxtpx:TrackPointExtension>
          <gpxtpx:hr>178</gpxtpx:hr>
        </gpxtpx:TrackPointExtension></extensions>
      </trkpt>
      <trkpt lat="31.410137" lon="120.098805">
        <ele>3.0</ele>
        <time>2026-04-19T00:34:38Z</time>
        <extensions><gpxtpx:TrackPointExtension>
          <gpxtpx:hr>178</gpxtpx:hr>
        </gpxtpx:TrackPointExtension></extensions>
      </trkpt>
      <trkpt lat="31.410159" lon="120.098838">
        <ele>3.0</ele>
        <time>2026-04-19T00:34:39Z</time>
        <extensions><gpxtpx:TrackPointExtension>
          <gpxtpx:hr>177</gpxtpx:hr>
        </gpxtpx:TrackPointExtension></extensions>
      </trkpt>
      <trkpt lat="31.410179" lon="120.098871">
        <ele>3.0</ele>
        <time>2026-04-19T00:34:40Z</time>
        <extensions><gpxtpx:TrackPointExtension>
          <gpxtpx:hr>177</gpxtpx:hr>
        </gpxtpx:TrackPointExtension></extensions>
      </trkpt>
      <trkpt lat="31.410215" lon="120.09893">
        <ele>3.0</ele>
        <time>2026-04-19T00:34:41Z</time>
        <extensions><gpxtpx:TrackPointExtension>
          <gpxtpx:hr>177</gpxtpx:hr>
        </gpxtpx:TrackPointExtension></extensions>
      </trkpt>
      <trkpt lat="31.41023" lon="120.098957">
        <ele>3.0</ele>
        <time>2026-04-19T00:34:42Z</time>
        <extensions><gpxtpx:TrackPointExtension>
          <gpxtpx:hr>177</gpxtpx:hr>
        </gpxtpx:TrackPointExtension></extensions>
      </trkpt>
      <trkpt lat="31.410246" lon="120.098983">
        <ele>3.0</ele>
        <time>2026-04-19T00:34:43Z</time>
        <extensions><gpxtpx:TrackPointExtension>
          <gpxtpx:hr>177</gpxtpx:hr>
        </gpxtpx:TrackPointExtension></extensions>
      </trkpt>
      <trkpt lat="31.410262" lon="120.09901">
        <ele>3.0</ele>
        <time>2026-04-19T00:34:44Z</time>
        <extensions><gpxtpx:TrackPointExtension>
          <gpxtpx:hr>177</gpxtpx:hr>
        </gpxtpx:TrackPointExtension></extensions>
      </trkpt>
      <trkpt lat="31.410278" lon="120.099037">
        <ele>3.0</ele>
        <time>2026-04-19T00:34:45Z</time>
        <extensions><gpxtpx:TrackPointExtension>
          <gpxtpx:hr>177</gpxtpx:hr>
        </gpxtpx:TrackPointExtension></extensions>
      </trkpt>
      <trkpt lat="31.410297" lon="120.09907">
        <ele>3.0</ele>
        <time>2026-04-19T00:34:46Z</time>
        <extensions><gpxtpx:TrackPointExtension>
          <gpxtpx:hr>177</gpxtpx:hr>
        </gpxtpx:TrackPointExtension></extensions>
      </trkpt>
      <trkpt lat="31.410317" lon="120.099103">
        <ele>2.0</ele>
        <time>2026-04-19T00:34:47Z</time>
        <extensions><gpxtpx:TrackPointExtension>
          <gpxtpx:hr>177</gpxtpx:hr>
        </gpxtpx:TrackPointExtension></extensions>
      </trkpt>
      <trkpt lat="31.410336" lon="120.099136">
        <ele>2.0</ele>
        <time>2026-04-19T00:34:48Z</time>
        <extensions><gpxtpx:TrackPointExtension>
          <gpxtpx:hr>177</gpxtpx:hr>
        </gpxtpx:TrackPointExtension></extensions>
      </trkpt>
      <trkpt lat="31.410355" lon="120.099169">
        <ele>2.0</ele>
        <time>2026-04-19T00:34:49Z</time>
        <extensions><gpxtpx:TrackPointExtension>
          <gpxtpx:hr>177</gpxtpx:hr>
        </gpxtpx:TrackPointExtension></extensions>
      </trkpt>
      <trkpt lat="31.410375" lon="120.099203">
        <ele>2.0</ele>
        <time>2026-04-19T00:34:50Z</time>
        <extensions><gpxtpx:TrackPointExtension>
          <gpxtpx:hr>177</gpxtpx:hr>
        </gpxtpx:TrackPointExtension></extensions>
      </trkpt>
      <trkpt lat="31.410394" lon="120.099236">
        <ele>2.0</ele>
        <time>2026-04-19T00:34:51Z</time>
        <extensions><gpxtpx:TrackPointExtension>
          <gpxtpx:hr>177</gpxtpx:hr>
        </gpxtpx:TrackPointExtension></extensions>
      </trkpt>
      <trkpt lat="31.410413" lon="120.09927">
        <ele>2.0</ele>
        <time>2026-04-19T00:34:52Z</time>
        <extensions><gpxtpx:TrackPointExtension>
          <gpxtpx:hr>177</gpxtpx:hr>
        </gpxtpx:TrackPointExtension></extensions>
      </trkpt>
      <trkpt lat="31.410431" lon="120.099304">
        <ele>2.0</ele>
        <time>2026-04-19T00:34:53Z</time>
        <extensions><gpxtpx:TrackPointExtension>
          <gpxtpx:hr>177</gpxtpx:hr>
        </gpxtpx:TrackPointExtension></extensions>
      </trkpt>
      <trkpt lat="31.410451" lon="120.099339">
        <ele>2.0</ele>
        <time>2026-04-19T00:34:54Z</time>
        <extensions><gpxtpx:TrackPointExtension>
          <gpxtpx:hr>177</gpxtpx:hr>
        </gpxtpx:TrackPointExtension></extensions>
      </trkpt>
      <trkpt lat="31.41047" lon="120.099373">
        <ele>2.0</ele>
        <time>2026-04-19T00:34:55Z</time>
        <extensions><gpxtpx:TrackPointExtension>
          <gpxtpx:hr>177</gpxtpx:hr>
        </gpxtpx:TrackPointExtension></extensions>
      </trkpt>
      <trkpt lat="31.41049" lon="120.099409">
        <ele>2.0</ele>
        <time>2026-04-19T00:34:56Z</time>
        <extensions><gpxtpx:TrackPointExtension>
          <gpxtpx:hr>177</gpxtpx:hr>
        </gpxtpx:TrackPointExtension></extensions>
      </trkpt>
      <trkpt lat="31.41051" lon="120.099444">
        <ele>2.0</ele>
        <time>2026-04-19T00:34:57Z</time>
        <extensions><gpxtpx:TrackPointExtension>
          <gpxtpx:hr>178</gpxtpx:hr>
        </gpxtpx:TrackPointExtension></extensions>
      </trkpt>
      <trkpt lat="31.410531" lon="120.09948">
        <ele>2.0</ele>
        <time>2026-04-19T00:34:58Z</time>
        <extensions><gpxtpx:TrackPointExtension>
          <gpxtpx:hr>178</gpxtpx:hr>
        </gpxtpx:TrackPointExtension></extensions>
      </trkpt>
      <trkpt lat="31.410551" lon="120.099516">
        <ele>2.0</ele>
        <time>2026-04-19T00:34:59Z</time>
        <extensions><gpxtpx:TrackPointExtension>
          <gpxtpx:hr>178</gpxtpx:hr>
        </gpxtpx:TrackPointExtension></extensions>
      </trkpt>
      <trkpt lat="31.41057" lon="120.099553">
        <ele>2.0</ele>
        <time>2026-04-19T00:35:00Z</time>
        <extensions><gpxtpx:TrackPointExtension>
          <gpxtpx:hr>178</gpxtpx:hr>
        </gpxtpx:TrackPointExtension></extensions>
      </trkpt>
      <trkpt lat="31.410589" lon="120.09959">
        <ele>2.0</ele>
        <time>2026-04-19T00:35:01Z</time>
        <extensions><gpxtpx:TrackPointExtension>
          <gpxtpx:hr>178</gpxtpx:hr>
        </gpxtpx:TrackPointExtension></extensions>
      </trkpt>
      <trkpt lat="31.410608" lon="120.099627">
        <ele>2.0</ele>
        <time>2026-04-19T00:35:02Z</time>
        <extensions><gpxtpx:TrackPointExtension>
          <gpxtpx:hr>178</gpxtpx:hr>
        </gpxtpx:TrackPointExtension></extensions>
      </trkpt>
      <trkpt lat="31.410628" lon="120.099664">
        <ele>2.0</ele>
        <time>2026-04-19T00:35:03Z</time>
        <extensions><gpxtpx:TrackPointExtension>
          <gpxtpx:hr>178</gpxtpx:hr>
        </gpxtpx:TrackPointExtension></extensions>
      </trkpt>
      <trkpt lat="31.410647" lon="120.099701">
        <ele>2.0</ele>
        <time>2026-04-19T00:35:04Z</time>
        <extensions><gpxtpx:TrackPointExtension>
          <gpxtpx:hr>178</gpxtpx:hr>
        </gpxtpx:TrackPointExtension></extensions>
      </trkpt>
      <trkpt lat="31.410666" lon="120.099737">
        <ele>2.0</ele>
        <time>2026-04-19T00:35:05Z</time>
        <extensions><gpxtpx:TrackPointExtension>
          <gpxtpx:hr>179</gpxtpx:hr>
        </gpxtpx:TrackPointExtension></extensions>
      </trkpt>
      <trkpt lat="31.410685" lon="120.099773">
        <ele>2.0</ele>
        <time>2026-04-19T00:35:06Z</time>
        <extensions><gpxtpx:TrackPointExtension>
          <gpxtpx:hr>179</gpxtpx:hr>
        </gpxtpx:TrackPointExtension></extensions>
      </trkpt>
      <trkpt lat="31.410704" lon="120.09981">
        <ele>2.0</ele>
        <time>2026-04-19T00:35:07Z</time>
        <extensions><gpxtpx:TrackPointExtension>
          <gpxtpx:hr>179</gpxtpx:hr>
        </gpxtpx:TrackPointExtension></extensions>
      </trkpt>
      <trkpt lat="31.410722" lon="120.099846">
        <ele>2.0</ele>
        <time>2026-04-19T00:35:08Z</time>
        <extensions><gpxtpx:TrackPointExtension>
          <gpxtpx:hr>179</gpxtpx:hr>
        </gpxtpx:TrackPointExtension></extensions>
      </trkpt>
      <trkpt lat="31.41074" lon="120.099883">
        <ele>2.0</ele>
        <time>2026-04-19T00:35:09Z</time>
        <extensions><gpxtpx:TrackPointExtension>
          <gpxtpx:hr>179</gpxtpx:hr>
        </gpxtpx:TrackPointExtension></extensions>
      </trkpt>
      <trkpt lat="31.410758" lon="120.099919">
        <ele>2.0</ele>
        <time>2026-04-19T00:35:10Z</time>
        <extensions><gpxtpx:TrackPointExtension>
          <gpxtpx:hr>179</gpxtpx:hr>
        </gpxtpx:TrackPointExtension></extensions>
      </trkpt>
      <trkpt lat="31.410776" lon="120.099955">
        <ele>2.0</ele>
        <time>2026-04-19T00:35:11Z</time>
        <extensions><gpxtpx:TrackPointExtension>
          <gpxtpx:hr>179</gpxtpx:hr>
        </gpxtpx:TrackPointExtension></extensions>
      </trkpt>
      <trkpt lat="31.410795" lon="120.099992">
        <ele>2.0</ele>
        <time>2026-04-19T00:35:12Z</time>
        <extensions><gpxtpx:TrackPointExtension>
          <gpxtpx:hr>179</gpxtpx:hr>
        </gpxtpx:TrackPointExtension></extensions>
      </trkpt>
      <trkpt lat="31.410828" lon="120.100058">
        <ele>2.0</ele>
        <time>2026-04-19T00:35:13Z</time>
        <extensions><gpxtpx:TrackPointExtension>
          <gpxtpx:hr>179</gpxtpx:hr>
        </gpxtpx:TrackPointExtension></extensions>
      </trkpt>
      <trkpt lat="31.410843" lon="120.100087">
        <ele>2.0</ele>
        <time>2026-04-19T00:35:14Z</time>
        <extensions><gpxtpx:TrackPointExtension>
          <gpxtpx:hr>179</gpxtpx:hr>
        </gpxtpx:TrackPointExtension></extensions>
      </trkpt>
      <trkpt lat="31.410857" lon="120.100115">
        <ele>2.0</ele>
        <time>2026-04-19T00:35:15Z</time>
        <extensions><gpxtpx:TrackPointExtension>
          <gpxtpx:hr>179</gpxtpx:hr>
        </gpxtpx:TrackPointExtension></extensions>
      </trkpt>
      <trkpt lat="31.410872" lon="120.100144">
        <ele>2.0</ele>
        <time>2026-04-19T00:35:16Z</time>
        <extensions><gpxtpx:TrackPointExtension>
          <gpxtpx:hr>178</gpxtpx:hr>
        </gpxtpx:TrackPointExtension></extensions>
      </trkpt>
      <trkpt lat="31.410886" lon="120.100173">
        <ele>2.0</ele>
        <time>2026-04-19T00:35:17Z</time>
        <extensions><gpxtpx:TrackPointExtension>
          <gpxtpx:hr>178</gpxtpx:hr>
        </gpxtpx:TrackPointExtension></extensions>
      </trkpt>
      <trkpt lat="31.410904" lon="120.100209">
        <ele>2.0</ele>
        <time>2026-04-19T00:35:18Z</time>
        <extensions><gpxtpx:TrackPointExtension>
          <gpxtpx:hr>178</gpxtpx:hr>
        </gpxtpx:TrackPointExtension></extensions>
      </trkpt>
      <trkpt lat="31.410921" lon="120.100245">
        <ele>2.0</ele>
        <time>2026-04-19T00:35:19Z</time>
        <extensions><gpxtpx:TrackPointExtension>
          <gpxtpx:hr>178</gpxtpx:hr>
        </gpxtpx:TrackPointExtension></extensions>
      </trkpt>
      <trkpt lat="31.41094" lon="120.100282">
        <ele>2.0</ele>
        <time>2026-04-19T00:35:20Z</time>
        <extensions><gpxtpx:TrackPointExtension>
          <gpxtpx:hr>178</gpxtpx:hr>
        </gpxtpx:TrackPointExtension></extensions>
      </trkpt>
      <trkpt lat="31.410959" lon="120.100318">
        <ele>3.0</ele>
        <time>2026-04-19T00:35:21Z</time>
        <extensions><gpxtpx:TrackPointExtension>
          <gpxtpx:hr>178</gpxtpx:hr>
        </gpxtpx:TrackPointExtension></extensions>
      </trkpt>
      <trkpt lat="31.410978" lon="120.100356">
        <ele>3.0</ele>
        <time>2026-04-19T00:35:22Z</time>
        <extensions><gpxtpx:TrackPointExtension>
          <gpxtpx:hr>178</gpxtpx:hr>
        </gpxtpx:TrackPointExtension></extensions>
      </trkpt>
      <trkpt lat="31.410998" lon="120.100393">
        <ele>3.0</ele>
        <time>2026-04-19T00:35:23Z</time>
        <extensions><gpxtpx:TrackPointExtension>
          <gpxtpx:hr>178</gpxtpx:hr>
        </gpxtpx:TrackPointExtension></extensions>
      </trkpt>
      <trkpt lat="31.411017" lon="120.10043">
        <ele>3.0</ele>
        <time>2026-04-19T00:35:24Z</time>
        <extensions><gpxtpx:TrackPointExtension>
          <gpxtpx:hr>178</gpxtpx:hr>
        </gpxtpx:TrackPointExtension></extensions>
      </trkpt>
      <trkpt lat="31.411037" lon="120.100467">
        <ele>3.0</ele>
        <time>2026-04-19T00:35:25Z</time>
        <extensions><gpxtpx:TrackPointExtension>
          <gpxtpx:hr>178</gpxtpx:hr>
        </gpxtpx:TrackPointExtension></extensions>
      </trkpt>
      <trkpt lat="31.411055" lon="120.100504">
        <ele>3.0</ele>
        <time>2026-04-19T00:35:26Z</time>
        <extensions><gpxtpx:TrackPointExtension>
          <gpxtpx:hr>178</gpxtpx:hr>
        </gpxtpx:TrackPointExtension></extensions>
      </trkpt>
      <trkpt lat="31.411074" lon="120.10054">
        <ele>3.0</ele>
        <time>2026-04-19T00:35:27Z</time>
        <extensions><gpxtpx:TrackPointExtension>
          <gpxtpx:hr>179</gpxtpx:hr>
        </gpxtpx:TrackPointExtension></extensions>
      </trkpt>
      <trkpt lat="31.41109" lon="120.100577">
        <ele>3.0</ele>
        <time>2026-04-19T00:35:28Z</time>
        <extensions><gpxtpx:TrackPointExtension>
          <gpxtpx:hr>178</gpxtpx:hr>
        </gpxtpx:TrackPointExtension></extensions>
      </trkpt>
      <trkpt lat="31.411107" lon="120.100613">
        <ele>3.0</ele>
        <time>2026-04-19T00:35:29Z</time>
        <extensions><gpxtpx:TrackPointExtension>
          <gpxtpx:hr>179</gpxtpx:hr>
        </gpxtpx:TrackPointExtension></extensions>
      </trkpt>
      <trkpt lat="31.411123" lon="120.10065">
        <ele>3.0</ele>
        <time>2026-04-19T00:35:30Z</time>
        <extensions><gpxtpx:TrackPointExtension>
          <gpxtpx:hr>179</gpxtpx:hr>
        </gpxtpx:TrackPointExtension></extensions>
      </trkpt>
      <trkpt lat="31.411139" lon="120.100686">
        <ele>3.0</ele>
        <time>2026-04-19T00:35:31Z</time>
        <extensions><gpxtpx:TrackPointExtension>
          <gpxtpx:hr>179</gpxtpx:hr>
        </gpxtpx:TrackPointExtension></extensions>
      </trkpt>
      <trkpt lat="31.411154" lon="120.100724">
        <ele>3.0</ele>
        <time>2026-04-19T00:35:32Z</time>
        <extensions><gpxtpx:TrackPointExtension>
          <gpxtpx:hr>179</gpxtpx:hr>
        </gpxtpx:TrackPointExtension></extensions>
      </trkpt>
      <trkpt lat="31.41117" lon="120.100761">
        <ele>3.0</ele>
        <time>2026-04-19T00:35:33Z</time>
        <extensions><gpxtpx:TrackPointExtension>
          <gpxtpx:hr>179</gpxtpx:hr>
        </gpxtpx:TrackPointExtension></extensions>
      </trkpt>
      <trkpt lat="31.411186" lon="120.100799">
        <ele>3.0</ele>
        <time>2026-04-19T00:35:34Z</time>
        <extensions><gpxtpx:TrackPointExtension>
          <gpxtpx:hr>179</gpxtpx:hr>
        </gpxtpx:TrackPointExtension></extensions>
      </trkpt>
      <trkpt lat="31.411203" lon="120.100837">
        <ele>3.0</ele>
        <time>2026-04-19T00:35:35Z</time>
        <extensions><gpxtpx:TrackPointExtension>
          <gpxtpx:hr>179</gpxtpx:hr>
        </gpxtpx:TrackPointExtension></extensions>
      </trkpt>
      <trkpt lat="31.411221" lon="120.100875">
        <ele>3.0</ele>
        <time>2026-04-19T00:35:36Z</time>
        <extensions><gpxtpx:TrackPointExtension>
          <gpxtpx:hr>180</gpxtpx:hr>
        </gpxtpx:TrackPointExtension></extensions>
      </trkpt>
      <trkpt lat="31.411239" lon="120.100912">
        <ele>3.0</ele>
        <time>2026-04-19T00:35:37Z</time>
        <extensions><gpxtpx:TrackPointExtension>
          <gpxtpx:hr>179</gpxtpx:hr>
        </gpxtpx:TrackPointExtension></extensions>
      </trkpt>
      <trkpt lat="31.411259" lon="120.100949">
        <ele>3.0</ele>
        <time>2026-04-19T00:35:38Z</time>
        <extensions><gpxtpx:TrackPointExtension>
          <gpxtpx:hr>179</gpxtpx:hr>
        </gpxtpx:TrackPointExtension></extensions>
      </trkpt>
      <trkpt lat="31.411278" lon="120.100986">
        <ele>3.0</ele>
        <time>2026-04-19T00:35:39Z</time>
        <extensions><gpxtpx:TrackPointExtension>
          <gpxtpx:hr>179</gpxtpx:hr>
        </gpxtpx:TrackPointExtension></extensions>
      </trkpt>
      <trkpt lat="31.411299" lon="120.101022">
        <ele>3.0</ele>
        <time>2026-04-19T00:35:40Z</time>
        <extensions><gpxtpx:TrackPointExtension>
          <gpxtpx:hr>179</gpxtpx:hr>
        </gpxtpx:TrackPointExtension></extensions>
      </trkpt>
      <trkpt lat="31.411319" lon="120.101057">
        <ele>3.0</ele>
        <time>2026-04-19T00:35:41Z</time>
        <extensions><gpxtpx:TrackPointExtension>
          <gpxtpx:hr>179</gpxtpx:hr>
        </gpxtpx:TrackPointExtension></extensions>
      </trkpt>
      <trkpt lat="31.411339" lon="120.101093">
        <ele>3.0</ele>
        <time>2026-04-19T00:35:42Z</time>
        <extensions><gpxtpx:TrackPointExtension>
          <gpxtpx:hr>179</gpxtpx:hr>
        </gpxtpx:TrackPointExtension></extensions>
      </trkpt>
      <trkpt lat="31.411358" lon="120.101129">
        <ele>3.0</ele>
        <time>2026-04-19T00:35:43Z</time>
        <extensions><gpxtpx:TrackPointExtension>
          <gpxtpx:hr>179</gpxtpx:hr>
        </gpxtpx:TrackPointExtension></extensions>
      </trkpt>
      <trkpt lat="31.411378" lon="120.101165">
        <ele>3.0</ele>
        <time>2026-04-19T00:35:44Z</time>
        <extensions><gpxtpx:TrackPointExtension>
          <gpxtpx:hr>179</gpxtpx:hr>
        </gpxtpx:TrackPointExtension></extensions>
      </trkpt>
      <trkpt lat="31.411398" lon="120.101201">
        <ele>3.0</ele>
        <time>2026-04-19T00:35:45Z</time>
        <extensions><gpxtpx:TrackPointExtension>
          <gpxtpx:hr>178</gpxtpx:hr>
        </gpxtpx:TrackPointExtension></extensions>
      </trkpt>
      <trkpt lat="31.411418" lon="120.101238">
        <ele>3.0</ele>
        <time>2026-04-19T00:35:46Z</time>
        <extensions><gpxtpx:TrackPointExtension>
          <gpxtpx:hr>178</gpxtpx:hr>
        </gpxtpx:TrackPointExtension></extensions>
      </trkpt>
      <trkpt lat="31.411454" lon="120.101305">
        <ele>3.0</ele>
        <time>2026-04-19T00:35:47Z</time>
        <extensions><gpxtpx:TrackPointExtension>
          <gpxtpx:hr>178</gpxtpx:hr>
        </gpxtpx:TrackPointExtension></extensions>
      </trkpt>
      <trkpt lat="31.411471" lon="120.101336">
        <ele>3.0</ele>
        <time>2026-04-19T00:35:48Z</time>
        <extensions><gpxtpx:TrackPointExtension>
          <gpxtpx:hr>178</gpxtpx:hr>
        </gpxtpx:TrackPointExtension></extensions>
      </trkpt>
      <trkpt lat="31.411487" lon="120.101366">
        <ele>3.0</ele>
        <time>2026-04-19T00:35:49Z</time>
        <extensions><gpxtpx:TrackPointExtension>
          <gpxtpx:hr>178</gpxtpx:hr>
        </gpxtpx:TrackPointExtension></extensions>
      </trkpt>
      <trkpt lat="31.411503" lon="120.101397">
        <ele>3.0</ele>
        <time>2026-04-19T00:35:50Z</time>
        <extensions><gpxtpx:TrackPointExtension>
          <gpxtpx:hr>178</gpxtpx:hr>
        </gpxtpx:TrackPointExtension></extensions>
      </trkpt>
      <trkpt lat="31.41152" lon="120.101427">
        <ele>3.0</ele>
        <time>2026-04-19T00:35:51Z</time>
        <extensions><gpxtpx:TrackPointExtension>
          <gpxtpx:hr>178</gpxtpx:hr>
        </gpxtpx:TrackPointExtension></extensions>
      </trkpt>
      <trkpt lat="31.41154" lon="120.101466">
        <ele>2.0</ele>
        <time>2026-04-19T00:35:52Z</time>
        <extensions><gpxtpx:TrackPointExtension>
          <gpxtpx:hr>178</gpxtpx:hr>
        </gpxtpx:TrackPointExtension></extensions>
      </trkpt>
      <trkpt lat="31.411561" lon="120.101504">
        <ele>2.0</ele>
        <time>2026-04-19T00:35:53Z</time>
        <extensions><gpxtpx:TrackPointExtension>
          <gpxtpx:hr>178</gpxtpx:hr>
        </gpxtpx:TrackPointExtension></extensions>
      </trkpt>
      <trkpt lat="31.41158" lon="120.101542">
        <ele>2.0</ele>
        <time>2026-04-19T00:35:54Z</time>
        <extensions><gpxtpx:TrackPointExtension>
          <gpxtpx:hr>178</gpxtpx:hr>
        </gpxtpx:TrackPointExtension></extensions>
      </trkpt>
      <trkpt lat="31.4116" lon="120.10158">
        <ele>2.0</ele>
        <time>2026-04-19T00:35:55Z</time>
        <extensions><gpxtpx:TrackPointExtension>
          <gpxtpx:hr>178</gpxtpx:hr>
        </gpxtpx:TrackPointExtension></extensions>
      </trkpt>
      <trkpt lat="31.41162" lon="120.101615">
        <ele>2.0</ele>
        <time>2026-04-19T00:35:56Z</time>
        <extensions><gpxtpx:TrackPointExtension>
          <gpxtpx:hr>178</gpxtpx:hr>
        </gpxtpx:TrackPointExtension></extensions>
      </trkpt>
      <trkpt lat="31.411639" lon="120.101651">
        <ele>2.0</ele>
        <time>2026-04-19T00:35:57Z</time>
        <extensions><gpxtpx:TrackPointExtension>
          <gpxtpx:hr>178</gpxtpx:hr>
        </gpxtpx:TrackPointExtension></extensions>
      </trkpt>
      <trkpt lat="31.411659" lon="120.101686">
        <ele>2.0</ele>
        <time>2026-04-19T00:35:58Z</time>
        <extensions><gpxtpx:TrackPointExtension>
          <gpxtpx:hr>178</gpxtpx:hr>
        </gpxtpx:TrackPointExtension></extensions>
      </trkpt>
      <trkpt lat="31.411678" lon="120.101721">
        <ele>2.0</ele>
        <time>2026-04-19T00:35:59Z</time>
        <extensions><gpxtpx:TrackPointExtension>
          <gpxtpx:hr>178</gpxtpx:hr>
        </gpxtpx:TrackPointExtension></extensions>
      </trkpt>
      <trkpt lat="31.411697" lon="120.101755">
        <ele>2.0</ele>
        <time>2026-04-19T00:36:00Z</time>
        <extensions><gpxtpx:TrackPointExtension>
          <gpxtpx:hr>178</gpxtpx:hr>
        </gpxtpx:TrackPointExtension></extensions>
      </trkpt>
      <trkpt lat="31.411716" lon="120.10179">
        <ele>2.0</ele>
        <time>2026-04-19T00:36:01Z</time>
        <extensions><gpxtpx:TrackPointExtension>
          <gpxtpx:hr>178</gpxtpx:hr>
        </gpxtpx:TrackPointExtension></extensions>
      </trkpt>
      <trkpt lat="31.411734" lon="120.101825">
        <ele>2.0</ele>
        <time>2026-04-19T00:36:02Z</time>
        <extensions><gpxtpx:TrackPointExtension>
          <gpxtpx:hr>179</gpxtpx:hr>
        </gpxtpx:TrackPointExtension></extensions>
      </trkpt>
      <trkpt lat="31.411752" lon="120.101859">
        <ele>2.0</ele>
        <time>2026-04-19T00:36:03Z</time>
        <extensions><gpxtpx:TrackPointExtension>
          <gpxtpx:hr>179</gpxtpx:hr>
        </gpxtpx:TrackPointExtension></extensions>
      </trkpt>
      <trkpt lat="31.411771" lon="120.101893">
        <ele>2.0</ele>
        <time>2026-04-19T00:36:04Z</time>
        <extensions><gpxtpx:TrackPointExtension>
          <gpxtpx:hr>179</gpxtpx:hr>
        </gpxtpx:TrackPointExtension></extensions>
      </trkpt>
      <trkpt lat="31.41179" lon="120.101927">
        <ele>2.0</ele>
        <time>2026-04-19T00:36:05Z</time>
        <extensions><gpxtpx:TrackPointExtension>
          <gpxtpx:hr>179</gpxtpx:hr>
        </gpxtpx:TrackPointExtension></extensions>
      </trkpt>
      <trkpt lat="31.41181" lon="120.101959">
        <ele>2.0</ele>
        <time>2026-04-19T00:36:06Z</time>
        <extensions><gpxtpx:TrackPointExtension>
          <gpxtpx:hr>179</gpxtpx:hr>
        </gpxtpx:TrackPointExtension></extensions>
      </trkpt>
      <trkpt lat="31.41183" lon="120.101991">
        <ele>2.0</ele>
        <time>2026-04-19T00:36:07Z</time>
        <extensions><gpxtpx:TrackPointExtension>
          <gpxtpx:hr>179</gpxtpx:hr>
        </gpxtpx:TrackPointExtension></extensions>
      </trkpt>
      <trkpt lat="31.411852" lon="120.102022">
        <ele>2.0</ele>
        <time>2026-04-19T00:36:08Z</time>
        <extensions><gpxtpx:TrackPointExtension>
          <gpxtpx:hr>178</gpxtpx:hr>
        </gpxtpx:TrackPointExtension></extensions>
      </trkpt>
      <trkpt lat="31.411874" lon="120.102053">
        <ele>2.0</ele>
        <time>2026-04-19T00:36:09Z</time>
        <extensions><gpxtpx:TrackPointExtension>
          <gpxtpx:hr>178</gpxtpx:hr>
        </gpxtpx:TrackPointExtension></extensions>
      </trkpt>
      <trkpt lat="31.411898" lon="120.102083">
        <ele>2.0</ele>
        <time>2026-04-19T00:36:10Z</time>
        <extensions><gpxtpx:TrackPointExtension>
          <gpxtpx:hr>178</gpxtpx:hr>
        </gpxtpx:TrackPointExtension></extensions>
      </trkpt>
      <trkpt lat="31.411922" lon="120.102113">
        <ele>2.0</ele>
        <time>2026-04-19T00:36:11Z</time>
        <extensions><gpxtpx:TrackPointExtension>
          <gpxtpx:hr>178</gpxtpx:hr>
        </gpxtpx:TrackPointExtension></extensions>
      </trkpt>
      <trkpt lat="31.411947" lon="120.102143">
        <ele>2.0</ele>
        <time>2026-04-19T00:36:12Z</time>
        <extensions><gpxtpx:TrackPointExtension>
          <gpxtpx:hr>178</gpxtpx:hr>
        </gpxtpx:TrackPointExtension></extensions>
      </trkpt>
      <trkpt lat="31.411972" lon="120.102172">
        <ele>2.0</ele>
        <time>2026-04-19T00:36:13Z</time>
        <extensions><gpxtpx:TrackPointExtension>
          <gpxtpx:hr>178</gpxtpx:hr>
        </gpxtpx:TrackPointExtension></extensions>
      </trkpt>
      <trkpt lat="31.411999" lon="120.102201">
        <ele>2.0</ele>
        <time>2026-04-19T00:36:14Z</time>
        <extensions><gpxtpx:TrackPointExtension>
          <gpxtpx:hr>179</gpxtpx:hr>
        </gpxtpx:TrackPointExtension></extensions>
      </trkpt>
      <trkpt lat="31.412025" lon="120.102229">
        <ele>2.0</ele>
        <time>2026-04-19T00:36:15Z</time>
        <extensions><gpxtpx:TrackPointExtension>
          <gpxtpx:hr>179</gpxtpx:hr>
        </gpxtpx:TrackPointExtension></extensions>
      </trkpt>
      <trkpt lat="31.412053" lon="120.102256">
        <ele>2.0</ele>
        <time>2026-04-19T00:36:16Z</time>
        <extensions><gpxtpx:TrackPointExtension>
          <gpxtpx:hr>179</gpxtpx:hr>
        </gpxtpx:TrackPointExtension></extensions>
      </trkpt>
      <trkpt lat="31.412081" lon="120.102283">
        <ele>2.0</ele>
        <time>2026-04-19T00:36:17Z</time>
        <extensions><gpxtpx:TrackPointExtension>
          <gpxtpx:hr>179</gpxtpx:hr>
        </gpxtpx:TrackPointExtension></extensions>
      </trkpt>
      <trkpt lat="31.41211" lon="120.102309">
        <ele>2.0</ele>
        <time>2026-04-19T00:36:18Z</time>
        <extensions><gpxtpx:TrackPointExtension>
          <gpxtpx:hr>179</gpxtpx:hr>
        </gpxtpx:TrackPointExtension></extensions>
      </trkpt>
      <trkpt lat="31.412139" lon="120.102335">
        <ele>2.0</ele>
        <time>2026-04-19T00:36:19Z</time>
        <extensions><gpxtpx:TrackPointExtension>
          <gpxtpx:hr>179</gpxtpx:hr>
        </gpxtpx:TrackPointExtension></extensions>
      </trkpt>
      <trkpt lat="31.412168" lon="120.102361">
        <ele>2.0</ele>
        <time>2026-04-19T00:36:20Z</time>
        <extensions><gpxtpx:TrackPointExtension>
          <gpxtpx:hr>179</gpxtpx:hr>
        </gpxtpx:TrackPointExtension></extensions>
      </trkpt>
      <trkpt lat="31.412196" lon="120.102388">
        <ele>2.0</ele>
        <time>2026-04-19T00:36:21Z</time>
        <extensions><gpxtpx:TrackPointExtension>
          <gpxtpx:hr>179</gpxtpx:hr>
        </gpxtpx:TrackPointExtension></extensions>
      </trkpt>
      <trkpt lat="31.412224" lon="120.102415">
        <ele>2.0</ele>
        <time>2026-04-19T00:36:22Z</time>
        <extensions><gpxtpx:TrackPointExtension>
          <gpxtpx:hr>179</gpxtpx:hr>
        </gpxtpx:TrackPointExtension></extensions>
      </trkpt>
      <trkpt lat="31.412251" lon="120.102442">
        <ele>2.0</ele>
        <time>2026-04-19T00:36:23Z</time>
        <extensions><gpxtpx:TrackPointExtension>
          <gpxtpx:hr>179</gpxtpx:hr>
        </gpxtpx:TrackPointExtension></extensions>
      </trkpt>
      <trkpt lat="31.412278" lon="120.102469">
        <ele>2.0</ele>
        <time>2026-04-19T00:36:24Z</time>
        <extensions><gpxtpx:TrackPointExtension>
          <gpxtpx:hr>179</gpxtpx:hr>
        </gpxtpx:TrackPointExtension></extensions>
      </trkpt>
      <trkpt lat="31.412305" lon="120.102497">
        <ele>2.0</ele>
        <time>2026-04-19T00:36:25Z</time>
        <extensions><gpxtpx:TrackPointExtension>
          <gpxtpx:hr>179</gpxtpx:hr>
        </gpxtpx:TrackPointExtension></extensions>
      </trkpt>
      <trkpt lat="31.412333" lon="120.102523">
        <ele>3.0</ele>
        <time>2026-04-19T00:36:26Z</time>
        <extensions><gpxtpx:TrackPointExtension>
          <gpxtpx:hr>179</gpxtpx:hr>
        </gpxtpx:TrackPointExtension></extensions>
      </trkpt>
      <trkpt lat="31.41236" lon="120.102549">
        <ele>3.0</ele>
        <time>2026-04-19T00:36:27Z</time>
        <extensions><gpxtpx:TrackPointExtension>
          <gpxtpx:hr>179</gpxtpx:hr>
        </gpxtpx:TrackPointExtension></extensions>
      </trkpt>
      <trkpt lat="31.412388" lon="120.102575">
        <ele>3.0</ele>
        <time>2026-04-19T00:36:28Z</time>
        <extensions><gpxtpx:TrackPointExtension>
          <gpxtpx:hr>179</gpxtpx:hr>
        </gpxtpx:TrackPointExtension></extensions>
      </trkpt>
      <trkpt lat="31.412415" lon="120.1026">
        <ele>3.0</ele>
        <time>2026-04-19T00:36:29Z</time>
        <extensions><gpxtpx:TrackPointExtension>
          <gpxtpx:hr>179</gpxtpx:hr>
        </gpxtpx:TrackPointExtension></extensions>
      </trkpt>
      <trkpt lat="31.412443" lon="120.102623">
        <ele>3.0</ele>
        <time>2026-04-19T00:36:30Z</time>
        <extensions><gpxtpx:TrackPointExtension>
          <gpxtpx:hr>179</gpxtpx:hr>
        </gpxtpx:TrackPointExtension></extensions>
      </trkpt>
      <trkpt lat="31.412471" lon="120.102647">
        <ele>3.0</ele>
        <time>2026-04-19T00:36:31Z</time>
        <extensions><gpxtpx:TrackPointExtension>
          <gpxtpx:hr>179</gpxtpx:hr>
        </gpxtpx:TrackPointExtension></extensions>
      </trkpt>
      <trkpt lat="31.4125" lon="120.10267">
        <ele>3.0</ele>
        <time>2026-04-19T00:36:32Z</time>
        <extensions><gpxtpx:TrackPointExtension>
          <gpxtpx:hr>179</gpxtpx:hr>
        </gpxtpx:TrackPointExtension></extensions>
      </trkpt>
      <trkpt lat="31.412529" lon="120.102692">
        <ele>3.0</ele>
        <time>2026-04-19T00:36:33Z</time>
        <extensions><gpxtpx:TrackPointExtension>
          <gpxtpx:hr>179</gpxtpx:hr>
        </gpxtpx:TrackPointExtension></extensions>
      </trkpt>
      <trkpt lat="31.412559" lon="120.102712">
        <ele>3.0</ele>
        <time>2026-04-19T00:36:34Z</time>
        <extensions><gpxtpx:TrackPointExtension>
          <gpxtpx:hr>179</gpxtpx:hr>
        </gpxtpx:TrackPointExtension></extensions>
      </trkpt>
      <trkpt lat="31.412588" lon="120.102732">
        <ele>3.0</ele>
        <time>2026-04-19T00:36:35Z</time>
        <extensions><gpxtpx:TrackPointExtension>
          <gpxtpx:hr>179</gpxtpx:hr>
        </gpxtpx:TrackPointExtension></extensions>
      </trkpt>
      <trkpt lat="31.412618" lon="120.102751">
        <ele>3.0</ele>
        <time>2026-04-19T00:36:36Z</time>
        <extensions><gpxtpx:TrackPointExtension>
          <gpxtpx:hr>179</gpxtpx:hr>
        </gpxtpx:TrackPointExtension></extensions>
      </trkpt>
      <trkpt lat="31.412648" lon="120.10277">
        <ele>3.0</ele>
        <time>2026-04-19T00:36:37Z</time>
        <extensions><gpxtpx:TrackPointExtension>
          <gpxtpx:hr>179</gpxtpx:hr>
        </gpxtpx:TrackPointExtension></extensions>
      </trkpt>
      <trkpt lat="31.412678" lon="120.10279">
        <ele>3.0</ele>
        <time>2026-04-19T00:36:38Z</time>
        <extensions><gpxtpx:TrackPointExtension>
          <gpxtpx:hr>179</gpxtpx:hr>
        </gpxtpx:TrackPointExtension></extensions>
      </trkpt>
      <trkpt lat="31.412708" lon="120.102809">
        <ele>3.0</ele>
        <time>2026-04-19T00:36:39Z</time>
        <extensions><gpxtpx:TrackPointExtension>
          <gpxtpx:hr>179</gpxtpx:hr>
        </gpxtpx:TrackPointExtension></extensions>
      </trkpt>
      <trkpt lat="31.412738" lon="120.102831">
        <ele>3.0</ele>
        <time>2026-04-19T00:36:40Z</time>
        <extensions><gpxtpx:TrackPointExtension>
          <gpxtpx:hr>179</gpxtpx:hr>
        </gpxtpx:TrackPointExtension></extensions>
      </trkpt>
      <trkpt lat="31.412768" lon="120.102852">
        <ele>3.0</ele>
        <time>2026-04-19T00:36:41Z</time>
        <extensions><gpxtpx:TrackPointExtension>
          <gpxtpx:hr>178</gpxtpx:hr>
        </gpxtpx:TrackPointExtension></extensions>
      </trkpt>
      <trkpt lat="31.412798" lon="120.102875">
        <ele>3.0</ele>
        <time>2026-04-19T00:36:42Z</time>
        <extensions><gpxtpx:TrackPointExtension>
          <gpxtpx:hr>178</gpxtpx:hr>
        </gpxtpx:TrackPointExtension></extensions>
      </trkpt>
      <trkpt lat="31.412828" lon="120.102897">
        <ele>3.0</ele>
        <time>2026-04-19T00:36:43Z</time>
        <extensions><gpxtpx:TrackPointExtension>
          <gpxtpx:hr>179</gpxtpx:hr>
        </gpxtpx:TrackPointExtension></extensions>
      </trkpt>
      <trkpt lat="31.412858" lon="120.102919">
        <ele>3.0</ele>
        <time>2026-04-19T00:36:44Z</time>
        <extensions><gpxtpx:TrackPointExtension>
          <gpxtpx:hr>179</gpxtpx:hr>
        </gpxtpx:TrackPointExtension></extensions>
      </trkpt>
      <trkpt lat="31.412889" lon="120.102942">
        <ele>3.0</ele>
        <time>2026-04-19T00:36:45Z</time>
        <extensions><gpxtpx:TrackPointExtension>
          <gpxtpx:hr>179</gpxtpx:hr>
        </gpxtpx:TrackPointExtension></extensions>
      </trkpt>
      <trkpt lat="31.41292" lon="120.102965">
        <ele>3.0</ele>
        <time>2026-04-19T00:36:46Z</time>
        <extensions><gpxtpx:TrackPointExtension>
          <gpxtpx:hr>179</gpxtpx:hr>
        </gpxtpx:TrackPointExtension></extensions>
      </trkpt>
      <trkpt lat="31.412952" lon="120.102988">
        <ele>3.0</ele>
        <time>2026-04-19T00:36:47Z</time>
        <extensions><gpxtpx:TrackPointExtension>
          <gpxtpx:hr>179</gpxtpx:hr>
        </gpxtpx:TrackPointExtension></extensions>
      </trkpt>
      <trkpt lat="31.412984" lon="120.103012">
        <ele>3.0</ele>
        <time>2026-04-19T00:36:48Z</time>
        <extensions><gpxtpx:TrackPointExtension>
          <gpxtpx:hr>179</gpxtpx:hr>
        </gpxtpx:TrackPointExtension></extensions>
      </trkpt>
      <trkpt lat="31.413017" lon="120.103035">
        <ele>3.0</ele>
        <time>2026-04-19T00:36:49Z</time>
        <extensions><gpxtpx:TrackPointExtension>
          <gpxtpx:hr>179</gpxtpx:hr>
        </gpxtpx:TrackPointExtension></extensions>
      </trkpt>
      <trkpt lat="31.413048" lon="120.10306">
        <ele>3.0</ele>
        <time>2026-04-19T00:36:50Z</time>
        <extensions><gpxtpx:TrackPointExtension>
          <gpxtpx:hr>179</gpxtpx:hr>
        </gpxtpx:TrackPointExtension></extensions>
      </trkpt>
      <trkpt lat="31.41308" lon="120.103085">
        <ele>4.0</ele>
        <time>2026-04-19T00:36:51Z</time>
        <extensions><gpxtpx:TrackPointExtension>
          <gpxtpx:hr>179</gpxtpx:hr>
        </gpxtpx:TrackPointExtension></extensions>
      </trkpt>
      <trkpt lat="31.413109" lon="120.10311">
        <ele>3.0</ele>
        <time>2026-04-19T00:36:52Z</time>
        <extensions><gpxtpx:TrackPointExtension>
          <gpxtpx:hr>179</gpxtpx:hr>
        </gpxtpx:TrackPointExtension></extensions>
      </trkpt>
      <trkpt lat="31.413138" lon="120.103135">
        <ele>3.0</ele>
        <time>2026-04-19T00:36:53Z</time>
        <extensions><gpxtpx:TrackPointExtension>
          <gpxtpx:hr>179</gpxtpx:hr>
        </gpxtpx:TrackPointExtension></extensions>
      </trkpt>
      <trkpt lat="31.413166" lon="120.103161">
        <ele>3.0</ele>
        <time>2026-04-19T00:36:54Z</time>
        <extensions><gpxtpx:TrackPointExtension>
          <gpxtpx:hr>178</gpxtpx:hr>
        </gpxtpx:TrackPointExtension></extensions>
      </trkpt>
      <trkpt lat="31.413194" lon="120.103186">
        <ele>3.0</ele>
        <time>2026-04-19T00:36:55Z</time>
        <extensions><gpxtpx:TrackPointExtension>
          <gpxtpx:hr>178</gpxtpx:hr>
        </gpxtpx:TrackPointExtension></extensions>
      </trkpt>
      <trkpt lat="31.413221" lon="120.103211">
        <ele>3.0</ele>
        <time>2026-04-19T00:36:56Z</time>
        <extensions><gpxtpx:TrackPointExtension>
          <gpxtpx:hr>178</gpxtpx:hr>
        </gpxtpx:TrackPointExtension></extensions>
      </trkpt>
      <trkpt lat="31.413248" lon="120.103237">
        <ele>3.0</ele>
        <time>2026-04-19T00:36:57Z</time>
        <extensions><gpxtpx:TrackPointExtension>
          <gpxtpx:hr>178</gpxtpx:hr>
        </gpxtpx:TrackPointExtension></extensions>
      </trkpt>
      <trkpt lat="31.413274" lon="120.103261">
        <ele>3.0</ele>
        <time>2026-04-19T00:36:58Z</time>
        <extensions><gpxtpx:TrackPointExtension>
          <gpxtpx:hr>178</gpxtpx:hr>
        </gpxtpx:TrackPointExtension></extensions>
      </trkpt>
      <trkpt lat="31.4133" lon="120.103286">
        <ele>3.0</ele>
        <time>2026-04-19T00:36:59Z</time>
        <extensions><gpxtpx:TrackPointExtension>
          <gpxtpx:hr>178</gpxtpx:hr>
        </gpxtpx:TrackPointExtension></extensions>
      </trkpt>
      <trkpt lat="31.413326" lon="120.103311">
        <ele>3.0</ele>
        <time>2026-04-19T00:37:00Z</time>
        <extensions><gpxtpx:TrackPointExtension>
          <gpxtpx:hr>178</gpxtpx:hr>
        </gpxtpx:TrackPointExtension></extensions>
      </trkpt>
      <trkpt lat="31.413375" lon="120.103356">
        <ele>3.0</ele>
        <time>2026-04-19T00:37:01Z</time>
        <extensions><gpxtpx:TrackPointExtension>
          <gpxtpx:hr>178</gpxtpx:hr>
        </gpxtpx:TrackPointExtension></extensions>
      </trkpt>
      <trkpt lat="31.413397" lon="120.103376">
        <ele>3.0</ele>
        <time>2026-04-19T00:37:02Z</time>
        <extensions><gpxtpx:TrackPointExtension>
          <gpxtpx:hr>178</gpxtpx:hr>
        </gpxtpx:TrackPointExtension></extensions>
      </trkpt>
      <trkpt lat="31.413418" lon="120.103395">
        <ele>3.0</ele>
        <time>2026-04-19T00:37:03Z</time>
        <extensions><gpxtpx:TrackPointExtension>
          <gpxtpx:hr>178</gpxtpx:hr>
        </gpxtpx:TrackPointExtension></extensions>
      </trkpt>
      <trkpt lat="31.41344" lon="120.103415">
        <ele>3.0</ele>
        <time>2026-04-19T00:37:04Z</time>
        <extensions><gpxtpx:TrackPointExtension>
          <gpxtpx:hr>178</gpxtpx:hr>
        </gpxtpx:TrackPointExtension></extensions>
      </trkpt>
      <trkpt lat="31.413462" lon="120.103435">
        <ele>3.0</ele>
        <time>2026-04-19T00:37:05Z</time>
        <extensions><gpxtpx:TrackPointExtension>
          <gpxtpx:hr>177</gpxtpx:hr>
        </gpxtpx:TrackPointExtension></extensions>
      </trkpt>
      <trkpt lat="31.41349" lon="120.103461">
        <ele>3.0</ele>
        <time>2026-04-19T00:37:06Z</time>
        <extensions><gpxtpx:TrackPointExtension>
          <gpxtpx:hr>177</gpxtpx:hr>
        </gpxtpx:TrackPointExtension></extensions>
      </trkpt>
      <trkpt lat="31.413519" lon="120.103487">
        <ele>3.0</ele>
        <time>2026-04-19T00:37:07Z</time>
        <extensions><gpxtpx:TrackPointExtension>
          <gpxtpx:hr>177</gpxtpx:hr>
        </gpxtpx:TrackPointExtension></extensions>
      </trkpt>
      <trkpt lat="31.413549" lon="120.103514">
        <ele>3.0</ele>
        <time>2026-04-19T00:37:08Z</time>
        <extensions><gpxtpx:TrackPointExtension>
          <gpxtpx:hr>177</gpxtpx:hr>
        </gpxtpx:TrackPointExtension></extensions>
      </trkpt>
      <trkpt lat="31.413578" lon="120.103541">
        <ele>3.0</ele>
        <time>2026-04-19T00:37:09Z</time>
        <extensions><gpxtpx:TrackPointExtension>
          <gpxtpx:hr>177</gpxtpx:hr>
        </gpxtpx:TrackPointExtension></extensions>
      </trkpt>
      <trkpt lat="31.413609" lon="120.103567">
        <ele>3.0</ele>
        <time>2026-04-19T00:37:10Z</time>
        <extensions><gpxtpx:TrackPointExtension>
          <gpxtpx:hr>177</gpxtpx:hr>
        </gpxtpx:TrackPointExtension></extensions>
      </trkpt>
      <trkpt lat="31.413639" lon="120.103593">
        <ele>3.0</ele>
        <time>2026-04-19T00:37:11Z</time>
        <extensions><gpxtpx:TrackPointExtension>
          <gpxtpx:hr>177</gpxtpx:hr>
        </gpxtpx:TrackPointExtension></extensions>
      </trkpt>
      <trkpt lat="31.413671" lon="120.103615">
        <ele>3.0</ele>
        <time>2026-04-19T00:37:12Z</time>
        <extensions><gpxtpx:TrackPointExtension>
          <gpxtpx:hr>177</gpxtpx:hr>
        </gpxtpx:TrackPointExtension></extensions>
      </trkpt>
      <trkpt lat="31.413702" lon="120.103637">
        <ele>3.0</ele>
        <time>2026-04-19T00:37:13Z</time>
        <extensions><gpxtpx:TrackPointExtension>
          <gpxtpx:hr>178</gpxtpx:hr>
        </gpxtpx:TrackPointExtension></extensions>
      </trkpt>
      <trkpt lat="31.413737" lon="120.103654">
        <ele>3.0</ele>
        <time>2026-04-19T00:37:14Z</time>
        <extensions><gpxtpx:TrackPointExtension>
          <gpxtpx:hr>179</gpxtpx:hr>
        </gpxtpx:TrackPointExtension></extensions>
      </trkpt>
      <trkpt lat="31.413772" lon="120.103671">
        <ele>3.0</ele>
        <time>2026-04-19T00:37:15Z</time>
        <extensions><gpxtpx:TrackPointExtension>
          <gpxtpx:hr>179</gpxtpx:hr>
        </gpxtpx:TrackPointExtension></extensions>
      </trkpt>
      <trkpt lat="31.413809" lon="120.103682">
        <ele>3.0</ele>
        <time>2026-04-19T00:37:16Z</time>
        <extensions><gpxtpx:TrackPointExtension>
          <gpxtpx:hr>179</gpxtpx:hr>
        </gpxtpx:TrackPointExtension></extensions>
      </trkpt>
      <trkpt lat="31.413847" lon="120.103694">
        <ele>3.0</ele>
        <time>2026-04-19T00:37:17Z</time>
        <extensions><gpxtpx:TrackPointExtension>
          <gpxtpx:hr>179</gpxtpx:hr>
        </gpxtpx:TrackPointExtension></extensions>
      </trkpt>
      <trkpt lat="31.413885" lon="120.103697">
        <ele>3.0</ele>
        <time>2026-04-19T00:37:18Z</time>
        <extensions><gpxtpx:TrackPointExtension>
          <gpxtpx:hr>179</gpxtpx:hr>
        </gpxtpx:TrackPointExtension></extensions>
      </trkpt>
      <trkpt lat="31.413923" lon="120.103701">
        <ele>3.0</ele>
        <time>2026-04-19T00:37:19Z</time>
        <extensions><gpxtpx:TrackPointExtension>
          <gpxtpx:hr>179</gpxtpx:hr>
        </gpxtpx:TrackPointExtension></extensions>
      </trkpt>
      <trkpt lat="31.41396" lon="120.103699">
        <ele>3.0</ele>
        <time>2026-04-19T00:37:20Z</time>
        <extensions><gpxtpx:TrackPointExtension>
          <gpxtpx:hr>179</gpxtpx:hr>
        </gpxtpx:TrackPointExtension></extensions>
      </trkpt>
      <trkpt lat="31.413997" lon="120.103698">
        <ele>3.0</ele>
        <time>2026-04-19T00:37:21Z</time>
        <extensions><gpxtpx:TrackPointExtension>
          <gpxtpx:hr>179</gpxtpx:hr>
        </gpxtpx:TrackPointExtension></extensions>
      </trkpt>
      <trkpt lat="31.414033" lon="120.103692">
        <ele>3.0</ele>
        <time>2026-04-19T00:37:22Z</time>
        <extensions><gpxtpx:TrackPointExtension>
          <gpxtpx:hr>179</gpxtpx:hr>
        </gpxtpx:TrackPointExtension></extensions>
      </trkpt>
      <trkpt lat="31.414069" lon="120.103686">
        <ele>3.0</ele>
        <time>2026-04-19T00:37:23Z</time>
        <extensions><gpxtpx:TrackPointExtension>
          <gpxtpx:hr>179</gpxtpx:hr>
        </gpxtpx:TrackPointExtension></extensions>
      </trkpt>
      <trkpt lat="31.414103" lon="120.103678">
        <ele>3.0</ele>
        <time>2026-04-19T00:37:24Z</time>
        <extensions><gpxtpx:TrackPointExtension>
          <gpxtpx:hr>179</gpxtpx:hr>
        </gpxtpx:TrackPointExtension></extensions>
      </trkpt>
      <trkpt lat="31.414168" lon="120.103659">
        <ele>3.0</ele>
        <time>2026-04-19T00:37:25Z</time>
        <extensions><gpxtpx:TrackPointExtension>
          <gpxtpx:hr>179</gpxtpx:hr>
        </gpxtpx:TrackPointExtension></extensions>
      </trkpt>
      <trkpt lat="31.414198" lon="120.103649">
        <ele>3.0</ele>
        <time>2026-04-19T00:37:26Z</time>
        <extensions><gpxtpx:TrackPointExtension>
          <gpxtpx:hr>179</gpxtpx:hr>
        </gpxtpx:TrackPointExtension></extensions>
      </trkpt>
      <trkpt lat="31.414228" lon="120.103638">
        <ele>3.0</ele>
        <time>2026-04-19T00:37:27Z</time>
        <extensions><gpxtpx:TrackPointExtension>
          <gpxtpx:hr>179</gpxtpx:hr>
        </gpxtpx:TrackPointExtension></extensions>
      </trkpt>
      <trkpt lat="31.414259" lon="120.103627">
        <ele>3.0</ele>
        <time>2026-04-19T00:37:28Z</time>
        <extensions><gpxtpx:TrackPointExtension>
          <gpxtpx:hr>179</gpxtpx:hr>
        </gpxtpx:TrackPointExtension></extensions>
      </trkpt>
      <trkpt lat="31.414289" lon="120.103617">
        <ele>3.0</ele>
        <time>2026-04-19T00:37:29Z</time>
        <extensions><gpxtpx:TrackPointExtension>
          <gpxtpx:hr>179</gpxtpx:hr>
        </gpxtpx:TrackPointExtension></extensions>
      </trkpt>
      <trkpt lat="31.414319" lon="120.103606">
        <ele>3.0</ele>
        <time>2026-04-19T00:37:30Z</time>
        <extensions><gpxtpx:TrackPointExtension>
          <gpxtpx:hr>179</gpxtpx:hr>
        </gpxtpx:TrackPointExtension></extensions>
      </trkpt>
      <trkpt lat="31.414349" lon="120.103596">
        <ele>3.0</ele>
        <time>2026-04-19T00:37:31Z</time>
        <extensions><gpxtpx:TrackPointExtension>
          <gpxtpx:hr>179</gpxtpx:hr>
        </gpxtpx:TrackPointExtension></extensions>
      </trkpt>
      <trkpt lat="31.414384" lon="120.10358">
        <ele>3.0</ele>
        <time>2026-04-19T00:37:32Z</time>
        <extensions><gpxtpx:TrackPointExtension>
          <gpxtpx:hr>179</gpxtpx:hr>
        </gpxtpx:TrackPointExtension></extensions>
      </trkpt>
      <trkpt lat="31.414419" lon="120.103565">
        <ele>3.0</ele>
        <time>2026-04-19T00:37:33Z</time>
        <extensions><gpxtpx:TrackPointExtension>
          <gpxtpx:hr>179</gpxtpx:hr>
        </gpxtpx:TrackPointExtension></extensions>
      </trkpt>
      <trkpt lat="31.414453" lon="120.103546">
        <ele>3.0</ele>
        <time>2026-04-19T00:37:34Z</time>
        <extensions><gpxtpx:TrackPointExtension>
          <gpxtpx:hr>179</gpxtpx:hr>
        </gpxtpx:TrackPointExtension></extensions>
      </trkpt>
      <trkpt lat="31.414487" lon="120.103528">
        <ele>3.0</ele>
        <time>2026-04-19T00:37:35Z</time>
        <extensions><gpxtpx:TrackPointExtension>
          <gpxtpx:hr>179</gpxtpx:hr>
        </gpxtpx:TrackPointExtension></extensions>
      </trkpt>
      <trkpt lat="31.41452" lon="120.103507">
        <ele>3.0</ele>
        <time>2026-04-19T00:37:36Z</time>
        <extensions><gpxtpx:TrackPointExtension>
          <gpxtpx:hr>179</gpxtpx:hr>
        </gpxtpx:TrackPointExtension></extensions>
      </trkpt>
      <trkpt lat="31.414552" lon="120.103486">
        <ele>3.0</ele>
        <time>2026-04-19T00:37:37Z</time>
        <extensions><gpxtpx:TrackPointExtension>
          <gpxtpx:hr>179</gpxtpx:hr>
        </gpxtpx:TrackPointExtension></extensions>
      </trkpt>
      <trkpt lat="31.414583" lon="120.103464">
        <ele>3.0</ele>
        <time>2026-04-19T00:37:38Z</time>
        <extensions><gpxtpx:TrackPointExtension>
          <gpxtpx:hr>179</gpxtpx:hr>
        </gpxtpx:TrackPointExtension></extensions>
      </trkpt>
      <trkpt lat="31.414615" lon="120.103442">
        <ele>3.0</ele>
        <time>2026-04-19T00:37:39Z</time>
        <extensions><gpxtpx:TrackPointExtension>
          <gpxtpx:hr>179</gpxtpx:hr>
        </gpxtpx:TrackPointExtension></extensions>
      </trkpt>
      <trkpt lat="31.414645" lon="120.103418">
        <ele>3.0</ele>
        <time>2026-04-19T00:37:40Z</time>
        <extensions><gpxtpx:TrackPointExtension>
          <gpxtpx:hr>179</gpxtpx:hr>
        </gpxtpx:TrackPointExtension></extensions>
      </trkpt>
      <trkpt lat="31.414676" lon="120.103395">
        <ele>3.0</ele>
        <time>2026-04-19T00:37:41Z</time>
        <extensions><gpxtpx:TrackPointExtension>
          <gpxtpx:hr>179</gpxtpx:hr>
        </gpxtpx:TrackPointExtension></extensions>
      </trkpt>
      <trkpt lat="31.414706" lon="120.103371">
        <ele>3.0</ele>
        <time>2026-04-19T00:37:42Z</time>
        <extensions><gpxtpx:TrackPointExtension>
          <gpxtpx:hr>179</gpxtpx:hr>
        </gpxtpx:TrackPointExtension></extensions>
      </trkpt>
      <trkpt lat="31.414736" lon="120.103346">
        <ele>3.0</ele>
        <time>2026-04-19T00:37:43Z</time>
        <extensions><gpxtpx:TrackPointExtension>
          <gpxtpx:hr>179</gpxtpx:hr>
        </gpxtpx:TrackPointExtension></extensions>
      </trkpt>
      <trkpt lat="31.414767" lon="120.103323">
        <ele>3.0</ele>
        <time>2026-04-19T00:37:44Z</time>
        <extensions><gpxtpx:TrackPointExtension>
          <gpxtpx:hr>179</gpxtpx:hr>
        </gpxtpx:TrackPointExtension></extensions>
      </trkpt>
      <trkpt lat="31.414797" lon="120.1033">
        <ele>3.0</ele>
        <time>2026-04-19T00:37:45Z</time>
        <extensions><gpxtpx:TrackPointExtension>
          <gpxtpx:hr>179</gpxtpx:hr>
        </gpxtpx:TrackPointExtension></extensions>
      </trkpt>
      <trkpt lat="31.414828" lon="120.103279">
        <ele>3.0</ele>
        <time>2026-04-19T00:37:46Z</time>
        <extensions><gpxtpx:TrackPointExtension>
          <gpxtpx:hr>180</gpxtpx:hr>
        </gpxtpx:TrackPointExtension></extensions>
      </trkpt>
      <trkpt lat="31.414859" lon="120.103257">
        <ele>3.0</ele>
        <time>2026-04-19T00:37:47Z</time>
        <extensions><gpxtpx:TrackPointExtension>
          <gpxtpx:hr>180</gpxtpx:hr>
        </gpxtpx:TrackPointExtension></extensions>
      </trkpt>
      <trkpt lat="31.41489" lon="120.103235">
        <ele>3.0</ele>
        <time>2026-04-19T00:37:48Z</time>
        <extensions><gpxtpx:TrackPointExtension>
          <gpxtpx:hr>180</gpxtpx:hr>
        </gpxtpx:TrackPointExtension></extensions>
      </trkpt>
      <trkpt lat="31.414922" lon="120.103213">
        <ele>3.0</ele>
        <time>2026-04-19T00:37:49Z</time>
        <extensions><gpxtpx:TrackPointExtension>
          <gpxtpx:hr>180</gpxtpx:hr>
        </gpxtpx:TrackPointExtension></extensions>
      </trkpt>
      <trkpt lat="31.414954" lon="120.103192">
        <ele>3.0</ele>
        <time>2026-04-19T00:37:50Z</time>
        <extensions><gpxtpx:TrackPointExtension>
          <gpxtpx:hr>180</gpxtpx:hr>
        </gpxtpx:TrackPointExtension></extensions>
      </trkpt>
      <trkpt lat="31.414987" lon="120.103171">
        <ele>4.0</ele>
        <time>2026-04-19T00:37:51Z</time>
        <extensions><gpxtpx:TrackPointExtension>
          <gpxtpx:hr>180</gpxtpx:hr>
        </gpxtpx:TrackPointExtension></extensions>
      </trkpt>
      <trkpt lat="31.41502" lon="120.103151">
        <ele>4.0</ele>
        <time>2026-04-19T00:37:52Z</time>
        <extensions><gpxtpx:TrackPointExtension>
          <gpxtpx:hr>180</gpxtpx:hr>
        </gpxtpx:TrackPointExtension></extensions>
      </trkpt>
      <trkpt lat="31.415053" lon="120.103131">
        <ele>4.0</ele>
        <time>2026-04-19T00:37:53Z</time>
        <extensions><gpxtpx:TrackPointExtension>
          <gpxtpx:hr>180</gpxtpx:hr>
        </gpxtpx:TrackPointExtension></extensions>
      </trkpt>
      <trkpt lat="31.415087" lon="120.103113">
        <ele>4.0</ele>
        <time>2026-04-19T00:37:54Z</time>
        <extensions><gpxtpx:TrackPointExtension>
          <gpxtpx:hr>180</gpxtpx:hr>
        </gpxtpx:TrackPointExtension></extensions>
      </trkpt>
      <trkpt lat="31.415121" lon="120.103095">
        <ele>4.0</ele>
        <time>2026-04-19T00:37:55Z</time>
        <extensions><gpxtpx:TrackPointExtension>
          <gpxtpx:hr>180</gpxtpx:hr>
        </gpxtpx:TrackPointExtension></extensions>
      </trkpt>
      <trkpt lat="31.415155" lon="120.103078">
        <ele>4.0</ele>
        <time>2026-04-19T00:37:56Z</time>
        <extensions><gpxtpx:TrackPointExtension>
          <gpxtpx:hr>180</gpxtpx:hr>
        </gpxtpx:TrackPointExtension></extensions>
      </trkpt>
      <trkpt lat="31.415189" lon="120.103061">
        <ele>4.0</ele>
        <time>2026-04-19T00:37:57Z</time>
        <extensions><gpxtpx:TrackPointExtension>
          <gpxtpx:hr>180</gpxtpx:hr>
        </gpxtpx:TrackPointExtension></extensions>
      </trkpt>
      <trkpt lat="31.415221" lon="120.103044">
        <ele>4.0</ele>
        <time>2026-04-19T00:37:58Z</time>
        <extensions><gpxtpx:TrackPointExtension>
          <gpxtpx:hr>180</gpxtpx:hr>
        </gpxtpx:TrackPointExtension></extensions>
      </trkpt>
      <trkpt lat="31.415254" lon="120.103026">
        <ele>4.0</ele>
        <time>2026-04-19T00:37:59Z</time>
        <extensions><gpxtpx:TrackPointExtension>
          <gpxtpx:hr>180</gpxtpx:hr>
        </gpxtpx:TrackPointExtension></extensions>
      </trkpt>
      <trkpt lat="31.415286" lon="120.103007">
        <ele>4.0</ele>
        <time>2026-04-19T00:38:00Z</time>
        <extensions><gpxtpx:TrackPointExtension>
          <gpxtpx:hr>180</gpxtpx:hr>
        </gpxtpx:TrackPointExtension></extensions>
      </trkpt>
      <trkpt lat="31.415318" lon="120.102987">
        <ele>4.0</ele>
        <time>2026-04-19T00:38:01Z</time>
        <extensions><gpxtpx:TrackPointExtension>
          <gpxtpx:hr>180</gpxtpx:hr>
        </gpxtpx:TrackPointExtension></extensions>
      </trkpt>
      <trkpt lat="31.41535" lon="120.102966">
        <ele>3.0</ele>
        <time>2026-04-19T00:38:02Z</time>
        <extensions><gpxtpx:TrackPointExtension>
          <gpxtpx:hr>180</gpxtpx:hr>
        </gpxtpx:TrackPointExtension></extensions>
      </trkpt>
      <trkpt lat="31.415382" lon="120.102946">
        <ele>3.0</ele>
        <time>2026-04-19T00:38:03Z</time>
        <extensions><gpxtpx:TrackPointExtension>
          <gpxtpx:hr>180</gpxtpx:hr>
        </gpxtpx:TrackPointExtension></extensions>
      </trkpt>
      <trkpt lat="31.415413" lon="120.102923">
        <ele>3.0</ele>
        <time>2026-04-19T00:38:04Z</time>
        <extensions><gpxtpx:TrackPointExtension>
          <gpxtpx:hr>180</gpxtpx:hr>
        </gpxtpx:TrackPointExtension></extensions>
      </trkpt>
      <trkpt lat="31.415446" lon="120.1029">
        <ele>3.0</ele>
        <time>2026-04-19T00:38:05Z</time>
        <extensions><gpxtpx:TrackPointExtension>
          <gpxtpx:hr>180</gpxtpx:hr>
        </gpxtpx:TrackPointExtension></extensions>
      </trkpt>
      <trkpt lat="31.415478" lon="120.102877">
        <ele>3.0</ele>
        <time>2026-04-19T00:38:06Z</time>
        <extensions><gpxtpx:TrackPointExtension>
          <gpxtpx:hr>180</gpxtpx:hr>
        </gpxtpx:TrackPointExtension></extensions>
      </trkpt>
      <trkpt lat="31.415511" lon="120.102854">
        <ele>3.0</ele>
        <time>2026-04-19T00:38:07Z</time>
        <extensions><gpxtpx:TrackPointExtension>
          <gpxtpx:hr>180</gpxtpx:hr>
        </gpxtpx:TrackPointExtension></extensions>
      </trkpt>
      <trkpt lat="31.415543" lon="120.102831">
        <ele>3.0</ele>
        <time>2026-04-19T00:38:08Z</time>
        <extensions><gpxtpx:TrackPointExtension>
          <gpxtpx:hr>180</gpxtpx:hr>
        </gpxtpx:TrackPointExtension></extensions>
      </trkpt>
      <trkpt lat="31.415576" lon="120.102809">
        <ele>3.0</ele>
        <time>2026-04-19T00:38:09Z</time>
        <extensions><gpxtpx:TrackPointExtension>
          <gpxtpx:hr>180</gpxtpx:hr>
        </gpxtpx:TrackPointExtension></extensions>
      </trkpt>
      <trkpt lat="31.415608" lon="120.102788">
        <ele>3.0</ele>
        <time>2026-04-19T00:38:10Z</time>
        <extensions><gpxtpx:TrackPointExtension>
          <gpxtpx:hr>180</gpxtpx:hr>
        </gpxtpx:TrackPointExtension></extensions>
      </trkpt>
      <trkpt lat="31.41564" lon="120.102766">
        <ele>3.0</ele>
        <time>2026-04-19T00:38:11Z</time>
        <extensions><gpxtpx:TrackPointExtension>
          <gpxtpx:hr>180</gpxtpx:hr>
        </gpxtpx:TrackPointExtension></extensions>
      </trkpt>
      <trkpt lat="31.415671" lon="120.102745">
        <ele>3.0</ele>
        <time>2026-04-19T00:38:12Z</time>
        <extensions><gpxtpx:TrackPointExtension>
          <gpxtpx:hr>180</gpxtpx:hr>
        </gpxtpx:TrackPointExtension></extensions>
      </trkpt>
      <trkpt lat="31.415703" lon="120.102725">
        <ele>3.0</ele>
        <time>2026-04-19T00:38:13Z</time>
        <extensions><gpxtpx:TrackPointExtension>
          <gpxtpx:hr>180</gpxtpx:hr>
        </gpxtpx:TrackPointExtension></extensions>
      </trkpt>
      <trkpt lat="31.415734" lon="120.102704">
        <ele>3.0</ele>
        <time>2026-04-19T00:38:14Z</time>
        <extensions><gpxtpx:TrackPointExtension>
          <gpxtpx:hr>180</gpxtpx:hr>
        </gpxtpx:TrackPointExtension></extensions>
      </trkpt>
      <trkpt lat="31.415765" lon="120.102684">
        <ele>3.0</ele>
        <time>2026-04-19T00:38:15Z</time>
        <extensions><gpxtpx:TrackPointExtension>
          <gpxtpx:hr>180</gpxtpx:hr>
        </gpxtpx:TrackPointExtension></extensions>
      </trkpt>
      <trkpt lat="31.415794" lon="120.102662">
        <ele>3.0</ele>
        <time>2026-04-19T00:38:16Z</time>
        <extensions><gpxtpx:TrackPointExtension>
          <gpxtpx:hr>180</gpxtpx:hr>
        </gpxtpx:TrackPointExtension></extensions>
      </trkpt>
      <trkpt lat="31.415824" lon="120.102641">
        <ele>3.0</ele>
        <time>2026-04-19T00:38:17Z</time>
        <extensions><gpxtpx:TrackPointExtension>
          <gpxtpx:hr>180</gpxtpx:hr>
        </gpxtpx:TrackPointExtension></extensions>
      </trkpt>
      <trkpt lat="31.415854" lon="120.102618">
        <ele>3.0</ele>
        <time>2026-04-19T00:38:18Z</time>
        <extensions><gpxtpx:TrackPointExtension>
          <gpxtpx:hr>180</gpxtpx:hr>
        </gpxtpx:TrackPointExtension></extensions>
      </trkpt>
      <trkpt lat="31.415884" lon="120.102595">
        <ele>3.0</ele>
        <time>2026-04-19T00:38:19Z</time>
        <extensions><gpxtpx:TrackPointExtension>
          <gpxtpx:hr>180</gpxtpx:hr>
        </gpxtpx:TrackPointExtension></extensions>
      </trkpt>
      <trkpt lat="31.415914" lon="120.102572">
        <ele>3.0</ele>
        <time>2026-04-19T00:38:20Z</time>
        <extensions><gpxtpx:TrackPointExtension>
          <gpxtpx:hr>180</gpxtpx:hr>
        </gpxtpx:TrackPointExtension></extensions>
      </trkpt>
      <trkpt lat="31.415943" lon="120.102549">
        <ele>3.0</ele>
        <time>2026-04-19T00:38:21Z</time>
        <extensions><gpxtpx:TrackPointExtension>
          <gpxtpx:hr>180</gpxtpx:hr>
        </gpxtpx:TrackPointExtension></extensions>
      </trkpt>
      <trkpt lat="31.415974" lon="120.102527">
        <ele>3.0</ele>
        <time>2026-04-19T00:38:22Z</time>
        <extensions><gpxtpx:TrackPointExtension>
          <gpxtpx:hr>180</gpxtpx:hr>
        </gpxtpx:TrackPointExtension></extensions>
      </trkpt>
      <trkpt lat="31.416004" lon="120.102506">
        <ele>3.0</ele>
        <time>2026-04-19T00:38:23Z</time>
        <extensions><gpxtpx:TrackPointExtension>
          <gpxtpx:hr>180</gpxtpx:hr>
        </gpxtpx:TrackPointExtension></extensions>
      </trkpt>
      <trkpt lat="31.416036" lon="120.102486">
        <ele>3.0</ele>
        <time>2026-04-19T00:38:24Z</time>
        <extensions><gpxtpx:TrackPointExtension>
          <gpxtpx:hr>180</gpxtpx:hr>
        </gpxtpx:TrackPointExtension></extensions>
      </trkpt>
      <trkpt lat="31.416068" lon="120.102466">
        <ele>3.0</ele>
        <time>2026-04-19T00:38:25Z</time>
        <extensions><gpxtpx:TrackPointExtension>
          <gpxtpx:hr>180</gpxtpx:hr>
        </gpxtpx:TrackPointExtension></extensions>
      </trkpt>
      <trkpt lat="31.4161" lon="120.102446">
        <ele>4.0</ele>
        <time>2026-04-19T00:38:26Z</time>
        <extensions><gpxtpx:TrackPointExtension>
          <gpxtpx:hr>180</gpxtpx:hr>
        </gpxtpx:TrackPointExtension></extensions>
      </trkpt>
      <trkpt lat="31.416131" lon="120.102426">
        <ele>4.0</ele>
        <time>2026-04-19T00:38:27Z</time>
        <extensions><gpxtpx:TrackPointExtension>
          <gpxtpx:hr>180</gpxtpx:hr>
        </gpxtpx:TrackPointExtension></extensions>
      </trkpt>
      <trkpt lat="31.416162" lon="120.102406">
        <ele>4.0</ele>
        <time>2026-04-19T00:38:28Z</time>
        <extensions><gpxtpx:TrackPointExtension>
          <gpxtpx:hr>180</gpxtpx:hr>
        </gpxtpx:TrackPointExtension></extensions>
      </trkpt>
      <trkpt lat="31.416194" lon="120.102385">
        <ele>4.0</ele>
        <time>2026-04-19T00:38:29Z</time>
        <extensions><gpxtpx:TrackPointExtension>
          <gpxtpx:hr>180</gpxtpx:hr>
        </gpxtpx:TrackPointExtension></extensions>
      </trkpt>
      <trkpt lat="31.416225" lon="120.102366">
        <ele>4.0</ele>
        <time>2026-04-19T00:38:30Z</time>
        <extensions><gpxtpx:TrackPointExtension>
          <gpxtpx:hr>180</gpxtpx:hr>
        </gpxtpx:TrackPointExtension></extensions>
      </trkpt>
      <trkpt lat="31.416256" lon="120.102347">
        <ele>4.0</ele>
        <time>2026-04-19T00:38:31Z</time>
        <extensions><gpxtpx:TrackPointExtension>
          <gpxtpx:hr>180</gpxtpx:hr>
        </gpxtpx:TrackPointExtension></extensions>
      </trkpt>
      <trkpt lat="31.416287" lon="120.102328">
        <ele>4.0</ele>
        <time>2026-04-19T00:38:32Z</time>
        <extensions><gpxtpx:TrackPointExtension>
          <gpxtpx:hr>180</gpxtpx:hr>
        </gpxtpx:TrackPointExtension></extensions>
      </trkpt>
      <trkpt lat="31.416319" lon="120.102309">
        <ele>4.0</ele>
        <time>2026-04-19T00:38:33Z</time>
        <extensions><gpxtpx:TrackPointExtension>
          <gpxtpx:hr>180</gpxtpx:hr>
        </gpxtpx:TrackPointExtension></extensions>
      </trkpt>
      <trkpt lat="31.41635" lon="120.102291">
        <ele>4.0</ele>
        <time>2026-04-19T00:38:34Z</time>
        <extensions><gpxtpx:TrackPointExtension>
          <gpxtpx:hr>180</gpxtpx:hr>
        </gpxtpx:TrackPointExtension></extensions>
      </trkpt>
      <trkpt lat="31.416382" lon="120.102272">
        <ele>4.0</ele>
        <time>2026-04-19T00:38:35Z</time>
        <extensions><gpxtpx:TrackPointExtension>
          <gpxtpx:hr>180</gpxtpx:hr>
        </gpxtpx:TrackPointExtension></extensions>
      </trkpt>
      <trkpt lat="31.416414" lon="120.102252">
        <ele>4.0</ele>
        <time>2026-04-19T00:38:36Z</time>
        <extensions><gpxtpx:TrackPointExtension>
          <gpxtpx:hr>180</gpxtpx:hr>
        </gpxtpx:TrackPointExtension></extensions>
      </trkpt>
      <trkpt lat="31.416445" lon="120.102232">
        <ele>4.0</ele>
        <time>2026-04-19T00:38:37Z</time>
        <extensions><gpxtpx:TrackPointExtension>
          <gpxtpx:hr>180</gpxtpx:hr>
        </gpxtpx:TrackPointExtension></extensions>
      </trkpt>
      <trkpt lat="31.416477" lon="120.10221">
        <ele>4.0</ele>
        <time>2026-04-19T00:38:38Z</time>
        <extensions><gpxtpx:TrackPointExtension>
          <gpxtpx:hr>181</gpxtpx:hr>
        </gpxtpx:TrackPointExtension></extensions>
      </trkpt>
      <trkpt lat="31.416508" lon="120.102188">
        <ele>4.0</ele>
        <time>2026-04-19T00:38:39Z</time>
        <extensions><gpxtpx:TrackPointExtension>
          <gpxtpx:hr>181</gpxtpx:hr>
        </gpxtpx:TrackPointExtension></extensions>
      </trkpt>
      <trkpt lat="31.41654" lon="120.102165">
        <ele>4.0</ele>
        <time>2026-04-19T00:38:40Z</time>
        <extensions><gpxtpx:TrackPointExtension>
          <gpxtpx:hr>181</gpxtpx:hr>
        </gpxtpx:TrackPointExtension></extensions>
      </trkpt>
      <trkpt lat="31.416572" lon="120.102142">
        <ele>4.0</ele>
        <time>2026-04-19T00:38:41Z</time>
        <extensions><gpxtpx:TrackPointExtension>
          <gpxtpx:hr>181</gpxtpx:hr>
        </gpxtpx:TrackPointExtension></extensions>
      </trkpt>
      <trkpt lat="31.416604" lon="120.10212">
        <ele>4.0</ele>
        <time>2026-04-19T00:38:42Z</time>
        <extensions><gpxtpx:TrackPointExtension>
          <gpxtpx:hr>180</gpxtpx:hr>
        </gpxtpx:TrackPointExtension></extensions>
      </trkpt>
      <trkpt lat="31.416635" lon="120.102099">
        <ele>4.0</ele>
        <time>2026-04-19T00:38:43Z</time>
        <extensions><gpxtpx:TrackPointExtension>
          <gpxtpx:hr>180</gpxtpx:hr>
        </gpxtpx:TrackPointExtension></extensions>
      </trkpt>
      <trkpt lat="31.416666" lon="120.102078">
        <ele>4.0</ele>
        <time>2026-04-19T00:38:44Z</time>
        <extensions><gpxtpx:TrackPointExtension>
          <gpxtpx:hr>180</gpxtpx:hr>
        </gpxtpx:TrackPointExtension></extensions>
      </trkpt>
      <trkpt lat="31.416697" lon="120.102057">
        <ele>4.0</ele>
        <time>2026-04-19T00:38:45Z</time>
        <extensions><gpxtpx:TrackPointExtension>
          <gpxtpx:hr>180</gpxtpx:hr>
        </gpxtpx:TrackPointExtension></extensions>
      </trkpt>
      <trkpt lat="31.416727" lon="120.102035">
        <ele>5.0</ele>
        <time>2026-04-19T00:38:46Z</time>
        <extensions><gpxtpx:TrackPointExtension>
          <gpxtpx:hr>180</gpxtpx:hr>
        </gpxtpx:TrackPointExtension></extensions>
      </trkpt>
      <trkpt lat="31.416758" lon="120.102014">
        <ele>4.0</ele>
        <time>2026-04-19T00:38:47Z</time>
        <extensions><gpxtpx:TrackPointExtension>
          <gpxtpx:hr>180</gpxtpx:hr>
        </gpxtpx:TrackPointExtension></extensions>
      </trkpt>
      <trkpt lat="31.416789" lon="120.101991">
        <ele>4.0</ele>
        <time>2026-04-19T00:38:48Z</time>
        <extensions><gpxtpx:TrackPointExtension>
          <gpxtpx:hr>180</gpxtpx:hr>
        </gpxtpx:TrackPointExtension></extensions>
      </trkpt>
      <trkpt lat="31.41682" lon="120.101969">
        <ele>4.0</ele>
        <time>2026-04-19T00:38:49Z</time>
        <extensions><gpxtpx:TrackPointExtension>
          <gpxtpx:hr>180</gpxtpx:hr>
        </gpxtpx:TrackPointExtension></extensions>
      </trkpt>
      <trkpt lat="31.416851" lon="120.101948">
        <ele>4.0</ele>
        <time>2026-04-19T00:38:50Z</time>
        <extensions><gpxtpx:TrackPointExtension>
          <gpxtpx:hr>181</gpxtpx:hr>
        </gpxtpx:TrackPointExtension></extensions>
      </trkpt>
      <trkpt lat="31.416882" lon="120.101926">
        <ele>4.0</ele>
        <time>2026-04-19T00:38:51Z</time>
        <extensions><gpxtpx:TrackPointExtension>
          <gpxtpx:hr>181</gpxtpx:hr>
        </gpxtpx:TrackPointExtension></extensions>
      </trkpt>
      <trkpt lat="31.416913" lon="120.101904">
        <ele>4.0</ele>
        <time>2026-04-19T00:38:52Z</time>
        <extensions><gpxtpx:TrackPointExtension>
          <gpxtpx:hr>181</gpxtpx:hr>
        </gpxtpx:TrackPointExtension></extensions>
      </trkpt>
      <trkpt lat="31.416943" lon="120.101882">
        <ele>4.0</ele>
        <time>2026-04-19T00:38:53Z</time>
        <extensions><gpxtpx:TrackPointExtension>
          <gpxtpx:hr>181</gpxtpx:hr>
        </gpxtpx:TrackPointExtension></extensions>
      </trkpt>
      <trkpt lat="31.416975" lon="120.101858">
        <ele>4.0</ele>
        <time>2026-04-19T00:38:54Z</time>
        <extensions><gpxtpx:TrackPointExtension>
          <gpxtpx:hr>181</gpxtpx:hr>
        </gpxtpx:TrackPointExtension></extensions>
      </trkpt>
      <trkpt lat="31.417006" lon="120.101835">
        <ele>4.0</ele>
        <time>2026-04-19T00:38:55Z</time>
        <extensions><gpxtpx:TrackPointExtension>
          <gpxtpx:hr>181</gpxtpx:hr>
        </gpxtpx:TrackPointExtension></extensions>
      </trkpt>
      <trkpt lat="31.417038" lon="120.101811">
        <ele>4.0</ele>
        <time>2026-04-19T00:38:56Z</time>
        <extensions><gpxtpx:TrackPointExtension>
          <gpxtpx:hr>181</gpxtpx:hr>
        </gpxtpx:TrackPointExtension></extensions>
      </trkpt>
      <trkpt lat="31.417071" lon="120.101788">
        <ele>4.0</ele>
        <time>2026-04-19T00:38:57Z</time>
        <extensions><gpxtpx:TrackPointExtension>
          <gpxtpx:hr>181</gpxtpx:hr>
        </gpxtpx:TrackPointExtension></extensions>
      </trkpt>
      <trkpt lat="31.417104" lon="120.101764">
        <ele>4.0</ele>
        <time>2026-04-19T00:38:58Z</time>
        <extensions><gpxtpx:TrackPointExtension>
          <gpxtpx:hr>181</gpxtpx:hr>
        </gpxtpx:TrackPointExtension></extensions>
      </trkpt>
      <trkpt lat="31.417138" lon="120.101741">
        <ele>4.0</ele>
        <time>2026-04-19T00:38:59Z</time>
        <extensions><gpxtpx:TrackPointExtension>
          <gpxtpx:hr>181</gpxtpx:hr>
        </gpxtpx:TrackPointExtension></extensions>
      </trkpt>
      <trkpt lat="31.417171" lon="120.101717">
        <ele>4.0</ele>
        <time>2026-04-19T00:39:00Z</time>
        <extensions><gpxtpx:TrackPointExtension>
          <gpxtpx:hr>181</gpxtpx:hr>
        </gpxtpx:TrackPointExtension></extensions>
      </trkpt>
      <trkpt lat="31.417205" lon="120.101693">
        <ele>4.0</ele>
        <time>2026-04-19T00:39:01Z</time>
        <extensions><gpxtpx:TrackPointExtension>
          <gpxtpx:hr>181</gpxtpx:hr>
        </gpxtpx:TrackPointExtension></extensions>
      </trkpt>
      <trkpt lat="31.41724" lon="120.101669">
        <ele>4.0</ele>
        <time>2026-04-19T00:39:02Z</time>
        <extensions><gpxtpx:TrackPointExtension>
          <gpxtpx:hr>181</gpxtpx:hr>
        </gpxtpx:TrackPointExtension></extensions>
      </trkpt>
      <trkpt lat="31.417274" lon="120.101645">
        <ele>4.0</ele>
        <time>2026-04-19T00:39:03Z</time>
        <extensions><gpxtpx:TrackPointExtension>
          <gpxtpx:hr>181</gpxtpx:hr>
        </gpxtpx:TrackPointExtension></extensions>
      </trkpt>
      <trkpt lat="31.417308" lon="120.101622">
        <ele>4.0</ele>
        <time>2026-04-19T00:39:04Z</time>
        <extensions><gpxtpx:TrackPointExtension>
          <gpxtpx:hr>181</gpxtpx:hr>
        </gpxtpx:TrackPointExtension></extensions>
      </trkpt>
      <trkpt lat="31.417342" lon="120.101599">
        <ele>4.0</ele>
        <time>2026-04-19T00:39:05Z</time>
        <extensions><gpxtpx:TrackPointExtension>
          <gpxtpx:hr>181</gpxtpx:hr>
        </gpxtpx:TrackPointExtension></extensions>
      </trkpt>
      <trkpt lat="31.417375" lon="120.101577">
        <ele>4.0</ele>
        <time>2026-04-19T00:39:06Z</time>
        <extensions><gpxtpx:TrackPointExtension>
          <gpxtpx:hr>182</gpxtpx:hr>
        </gpxtpx:TrackPointExtension></extensions>
      </trkpt>
      <trkpt lat="31.417409" lon="120.101555">
        <ele>3.0</ele>
        <time>2026-04-19T00:39:07Z</time>
        <extensions><gpxtpx:TrackPointExtension>
          <gpxtpx:hr>182</gpxtpx:hr>
        </gpxtpx:TrackPointExtension></extensions>
      </trkpt>
      <trkpt lat="31.417441" lon="120.101534">
        <ele>3.0</ele>
        <time>2026-04-19T00:39:08Z</time>
        <extensions><gpxtpx:TrackPointExtension>
          <gpxtpx:hr>182</gpxtpx:hr>
        </gpxtpx:TrackPointExtension></extensions>
      </trkpt>
      <trkpt lat="31.417474" lon="120.101513">
        <ele>3.0</ele>
        <time>2026-04-19T00:39:09Z</time>
        <extensions><gpxtpx:TrackPointExtension>
          <gpxtpx:hr>182</gpxtpx:hr>
        </gpxtpx:TrackPointExtension></extensions>
      </trkpt>
      <trkpt lat="31.417508" lon="120.101494">
        <ele>3.0</ele>
        <time>2026-04-19T00:39:10Z</time>
        <extensions><gpxtpx:TrackPointExtension>
          <gpxtpx:hr>181</gpxtpx:hr>
        </gpxtpx:TrackPointExtension></extensions>
      </trkpt>
      <trkpt lat="31.417541" lon="120.101474">
        <ele>3.0</ele>
        <time>2026-04-19T00:39:11Z</time>
        <extensions><gpxtpx:TrackPointExtension>
          <gpxtpx:hr>181</gpxtpx:hr>
        </gpxtpx:TrackPointExtension></extensions>
      </trkpt>
      <trkpt lat="31.417575" lon="120.101455">
        <ele>3.0</ele>
        <time>2026-04-19T00:39:12Z</time>
        <extensions><gpxtpx:TrackPointExtension>
          <gpxtpx:hr>181</gpxtpx:hr>
        </gpxtpx:TrackPointExtension></extensions>
      </trkpt>
      <trkpt lat="31.417609" lon="120.101436">
        <ele>3.0</ele>
        <time>2026-04-19T00:39:13Z</time>
        <extensions><gpxtpx:TrackPointExtension>
          <gpxtpx:hr>181</gpxtpx:hr>
        </gpxtpx:TrackPointExtension></extensions>
      </trkpt>
      <trkpt lat="31.417642" lon="120.101416">
        <ele>3.0</ele>
        <time>2026-04-19T00:39:14Z</time>
        <extensions><gpxtpx:TrackPointExtension>
          <gpxtpx:hr>181</gpxtpx:hr>
        </gpxtpx:TrackPointExtension></extensions>
      </trkpt>
      <trkpt lat="31.417676" lon="120.101396">
        <ele>3.0</ele>
        <time>2026-04-19T00:39:15Z</time>
        <extensions><gpxtpx:TrackPointExtension>
          <gpxtpx:hr>181</gpxtpx:hr>
        </gpxtpx:TrackPointExtension></extensions>
      </trkpt>
      <trkpt lat="31.417708" lon="120.101375">
        <ele>3.0</ele>
        <time>2026-04-19T00:39:16Z</time>
        <extensions><gpxtpx:TrackPointExtension>
          <gpxtpx:hr>181</gpxtpx:hr>
        </gpxtpx:TrackPointExtension></extensions>
      </trkpt>
      <trkpt lat="31.41774" lon="120.101353">
        <ele>3.0</ele>
        <time>2026-04-19T00:39:17Z</time>
        <extensions><gpxtpx:TrackPointExtension>
          <gpxtpx:hr>181</gpxtpx:hr>
        </gpxtpx:TrackPointExtension></extensions>
      </trkpt>
      <trkpt lat="31.41777" lon="120.101331">
        <ele>3.0</ele>
        <time>2026-04-19T00:39:18Z</time>
        <extensions><gpxtpx:TrackPointExtension>
          <gpxtpx:hr>181</gpxtpx:hr>
        </gpxtpx:TrackPointExtension></extensions>
      </trkpt>
      <trkpt lat="31.417801" lon="120.101308">
        <ele>3.0</ele>
        <time>2026-04-19T00:39:19Z</time>
        <extensions><gpxtpx:TrackPointExtension>
          <gpxtpx:hr>181</gpxtpx:hr>
        </gpxtpx:TrackPointExtension></extensions>
      </trkpt>
      <trkpt lat="31.41783" lon="120.101286">
        <ele>3.0</ele>
        <time>2026-04-19T00:39:20Z</time>
        <extensions><gpxtpx:TrackPointExtension>
          <gpxtpx:hr>181</gpxtpx:hr>
        </gpxtpx:TrackPointExtension></extensions>
      </trkpt>
      <trkpt lat="31.417859" lon="120.101264">
        <ele>3.0</ele>
        <time>2026-04-19T00:39:21Z</time>
        <extensions><gpxtpx:TrackPointExtension>
          <gpxtpx:hr>182</gpxtpx:hr>
        </gpxtpx:TrackPointExtension></extensions>
      </trkpt>
      <trkpt lat="31.417887" lon="120.101243">
        <ele>3.0</ele>
        <time>2026-04-19T00:39:22Z</time>
        <extensions><gpxtpx:TrackPointExtension>
          <gpxtpx:hr>181</gpxtpx:hr>
        </gpxtpx:TrackPointExtension></extensions>
      </trkpt>
      <trkpt lat="31.417915" lon="120.101222">
        <ele>3.0</ele>
        <time>2026-04-19T00:39:23Z</time>
        <extensions><gpxtpx:TrackPointExtension>
          <gpxtpx:hr>181</gpxtpx:hr>
        </gpxtpx:TrackPointExtension></extensions>
      </trkpt>
      <trkpt lat="31.417944" lon="120.101201">
        <ele>3.0</ele>
        <time>2026-04-19T00:39:24Z</time>
        <extensions><gpxtpx:TrackPointExtension>
          <gpxtpx:hr>181</gpxtpx:hr>
        </gpxtpx:TrackPointExtension></extensions>
      </trkpt>
      <trkpt lat="31.417973" lon="120.10118">
        <ele>3.0</ele>
        <time>2026-04-19T00:39:25Z</time>
        <extensions><gpxtpx:TrackPointExtension>
          <gpxtpx:hr>182</gpxtpx:hr>
        </gpxtpx:TrackPointExtension></extensions>
      </trkpt>
      <trkpt lat="31.418004" lon="120.101159">
        <ele>3.0</ele>
        <time>2026-04-19T00:39:26Z</time>
        <extensions><gpxtpx:TrackPointExtension>
          <gpxtpx:hr>181</gpxtpx:hr>
        </gpxtpx:TrackPointExtension></extensions>
      </trkpt>
      <trkpt lat="31.418034" lon="120.101138">
        <ele>3.0</ele>
        <time>2026-04-19T00:39:27Z</time>
        <extensions><gpxtpx:TrackPointExtension>
          <gpxtpx:hr>181</gpxtpx:hr>
        </gpxtpx:TrackPointExtension></extensions>
      </trkpt>
      <trkpt lat="31.418066" lon="120.101119">
        <ele>3.0</ele>
        <time>2026-04-19T00:39:28Z</time>
        <extensions><gpxtpx:TrackPointExtension>
          <gpxtpx:hr>181</gpxtpx:hr>
        </gpxtpx:TrackPointExtension></extensions>
      </trkpt>
      <trkpt lat="31.418097" lon="120.1011">
        <ele>3.0</ele>
        <time>2026-04-19T00:39:29Z</time>
        <extensions><gpxtpx:TrackPointExtension>
          <gpxtpx:hr>181</gpxtpx:hr>
        </gpxtpx:TrackPointExtension></extensions>
      </trkpt>
      <trkpt lat="31.418128" lon="120.101081">
        <ele>3.0</ele>
        <time>2026-04-19T00:39:30Z</time>
        <extensions><gpxtpx:TrackPointExtension>
          <gpxtpx:hr>181</gpxtpx:hr>
        </gpxtpx:TrackPointExtension></extensions>
      </trkpt>
      <trkpt lat="31.41816" lon="120.101063">
        <ele>3.0</ele>
        <time>2026-04-19T00:39:31Z</time>
        <extensions><gpxtpx:TrackPointExtension>
          <gpxtpx:hr>181</gpxtpx:hr>
        </gpxtpx:TrackPointExtension></extensions>
      </trkpt>
      <trkpt lat="31.41819" lon="120.101042">
        <ele>3.0</ele>
        <time>2026-04-19T00:39:32Z</time>
        <extensions><gpxtpx:TrackPointExtension>
          <gpxtpx:hr>180</gpxtpx:hr>
        </gpxtpx:TrackPointExtension></extensions>
      </trkpt>
      <trkpt lat="31.418221" lon="120.101021">
        <ele>3.0</ele>
        <time>2026-04-19T00:39:33Z</time>
        <extensions><gpxtpx:TrackPointExtension>
          <gpxtpx:hr>180</gpxtpx:hr>
        </gpxtpx:TrackPointExtension></extensions>
      </trkpt>
      <trkpt lat="31.418251" lon="120.100998">
        <ele>3.0</ele>
        <time>2026-04-19T00:39:34Z</time>
        <extensions><gpxtpx:TrackPointExtension>
          <gpxtpx:hr>180</gpxtpx:hr>
        </gpxtpx:TrackPointExtension></extensions>
      </trkpt>
      <trkpt lat="31.418281" lon="120.100974">
        <ele>3.0</ele>
        <time>2026-04-19T00:39:35Z</time>
        <extensions><gpxtpx:TrackPointExtension>
          <gpxtpx:hr>180</gpxtpx:hr>
        </gpxtpx:TrackPointExtension></extensions>
      </trkpt>
      <trkpt lat="31.418312" lon="120.100949">
        <ele>3.0</ele>
        <time>2026-04-19T00:39:36Z</time>
        <extensions><gpxtpx:TrackPointExtension>
          <gpxtpx:hr>179</gpxtpx:hr>
        </gpxtpx:TrackPointExtension></extensions>
      </trkpt>
      <trkpt lat="31.418343" lon="120.100924">
        <ele>3.0</ele>
        <time>2026-04-19T00:39:37Z</time>
        <extensions><gpxtpx:TrackPointExtension>
          <gpxtpx:hr>179</gpxtpx:hr>
        </gpxtpx:TrackPointExtension></extensions>
      </trkpt>
      <trkpt lat="31.418374" lon="120.100899">
        <ele>3.0</ele>
        <time>2026-04-19T00:39:38Z</time>
        <extensions><gpxtpx:TrackPointExtension>
          <gpxtpx:hr>179</gpxtpx:hr>
        </gpxtpx:TrackPointExtension></extensions>
      </trkpt>
      <trkpt lat="31.418406" lon="120.100874">
        <ele>3.0</ele>
        <time>2026-04-19T00:39:39Z</time>
        <extensions><gpxtpx:TrackPointExtension>
          <gpxtpx:hr>179</gpxtpx:hr>
        </gpxtpx:TrackPointExtension></extensions>
      </trkpt>
      <trkpt lat="31.418438" lon="120.100852">
        <ele>3.0</ele>
        <time>2026-04-19T00:39:40Z</time>
        <extensions><gpxtpx:TrackPointExtension>
          <gpxtpx:hr>179</gpxtpx:hr>
        </gpxtpx:TrackPointExtension></extensions>
      </trkpt>
      <trkpt lat="31.41847" lon="120.100829">
        <ele>3.0</ele>
        <time>2026-04-19T00:39:41Z</time>
        <extensions><gpxtpx:TrackPointExtension>
          <gpxtpx:hr>179</gpxtpx:hr>
        </gpxtpx:TrackPointExtension></extensions>
      </trkpt>
      <trkpt lat="31.418502" lon="120.100809">
        <ele>3.0</ele>
        <time>2026-04-19T00:39:42Z</time>
        <extensions><gpxtpx:TrackPointExtension>
          <gpxtpx:hr>179</gpxtpx:hr>
        </gpxtpx:TrackPointExtension></extensions>
      </trkpt>
      <trkpt lat="31.418535" lon="120.100788">
        <ele>3.0</ele>
        <time>2026-04-19T00:39:43Z</time>
        <extensions><gpxtpx:TrackPointExtension>
          <gpxtpx:hr>179</gpxtpx:hr>
        </gpxtpx:TrackPointExtension></extensions>
      </trkpt>
      <trkpt lat="31.418567" lon="120.100766">
        <ele>3.0</ele>
        <time>2026-04-19T00:39:44Z</time>
        <extensions><gpxtpx:TrackPointExtension>
          <gpxtpx:hr>179</gpxtpx:hr>
        </gpxtpx:TrackPointExtension></extensions>
      </trkpt>
      <trkpt lat="31.4186" lon="120.100744">
        <ele>3.0</ele>
        <time>2026-04-19T00:39:45Z</time>
        <extensions><gpxtpx:TrackPointExtension>
          <gpxtpx:hr>179</gpxtpx:hr>
        </gpxtpx:TrackPointExtension></extensions>
      </trkpt>
      <trkpt lat="31.418633" lon="120.100721">
        <ele>4.0</ele>
        <time>2026-04-19T00:39:46Z</time>
        <extensions><gpxtpx:TrackPointExtension>
          <gpxtpx:hr>179</gpxtpx:hr>
        </gpxtpx:TrackPointExtension></extensions>
      </trkpt>
      <trkpt lat="31.418665" lon="120.100698">
        <ele>4.0</ele>
        <time>2026-04-19T00:39:47Z</time>
        <extensions><gpxtpx:TrackPointExtension>
          <gpxtpx:hr>179</gpxtpx:hr>
        </gpxtpx:TrackPointExtension></extensions>
      </trkpt>
      <trkpt lat="31.418698" lon="120.100675">
        <ele>4.0</ele>
        <time>2026-04-19T00:39:48Z</time>
        <extensions><gpxtpx:TrackPointExtension>
          <gpxtpx:hr>179</gpxtpx:hr>
        </gpxtpx:TrackPointExtension></extensions>
      </trkpt>
      <trkpt lat="31.41873" lon="120.100652">
        <ele>4.0</ele>
        <time>2026-04-19T00:39:49Z</time>
        <extensions><gpxtpx:TrackPointExtension>
          <gpxtpx:hr>179</gpxtpx:hr>
        </gpxtpx:TrackPointExtension></extensions>
      </trkpt>
      <trkpt lat="31.418762" lon="120.10063">
        <ele>4.0</ele>
        <time>2026-04-19T00:39:50Z</time>
        <extensions><gpxtpx:TrackPointExtension>
          <gpxtpx:hr>179</gpxtpx:hr>
        </gpxtpx:TrackPointExtension></extensions>
      </trkpt>
      <trkpt lat="31.418794" lon="120.100607">
        <ele>4.0</ele>
        <time>2026-04-19T00:39:51Z</time>
        <extensions><gpxtpx:TrackPointExtension>
          <gpxtpx:hr>179</gpxtpx:hr>
        </gpxtpx:TrackPointExtension></extensions>
      </trkpt>
      <trkpt lat="31.418827" lon="120.100586">
        <ele>4.0</ele>
        <time>2026-04-19T00:39:52Z</time>
        <extensions><gpxtpx:TrackPointExtension>
          <gpxtpx:hr>179</gpxtpx:hr>
        </gpxtpx:TrackPointExtension></extensions>
      </trkpt>
      <trkpt lat="31.41886" lon="120.100565">
        <ele>4.0</ele>
        <time>2026-04-19T00:39:53Z</time>
        <extensions><gpxtpx:TrackPointExtension>
          <gpxtpx:hr>179</gpxtpx:hr>
        </gpxtpx:TrackPointExtension></extensions>
      </trkpt>
      <trkpt lat="31.418893" lon="120.100545">
        <ele>4.0</ele>
        <time>2026-04-19T00:39:54Z</time>
        <extensions><gpxtpx:TrackPointExtension>
          <gpxtpx:hr>179</gpxtpx:hr>
        </gpxtpx:TrackPointExtension></extensions>
      </trkpt>
      <trkpt lat="31.418927" lon="120.100525">
        <ele>4.0</ele>
        <time>2026-04-19T00:39:55Z</time>
        <extensions><gpxtpx:TrackPointExtension>
          <gpxtpx:hr>179</gpxtpx:hr>
        </gpxtpx:TrackPointExtension></extensions>
      </trkpt>
      <trkpt lat="31.41896" lon="120.100506">
        <ele>4.0</ele>
        <time>2026-04-19T00:39:56Z</time>
        <extensions><gpxtpx:TrackPointExtension>
          <gpxtpx:hr>180</gpxtpx:hr>
        </gpxtpx:TrackPointExtension></extensions>
      </trkpt>
      <trkpt lat="31.418993" lon="120.100487">
        <ele>4.0</ele>
        <time>2026-04-19T00:39:57Z</time>
        <extensions><gpxtpx:TrackPointExtension>
          <gpxtpx:hr>180</gpxtpx:hr>
        </gpxtpx:TrackPointExtension></extensions>
      </trkpt>
      <trkpt lat="31.419026" lon="120.100467">
        <ele>4.0</ele>
        <time>2026-04-19T00:39:58Z</time>
        <extensions><gpxtpx:TrackPointExtension>
          <gpxtpx:hr>180</gpxtpx:hr>
        </gpxtpx:TrackPointExtension></extensions>
      </trkpt>
      <trkpt lat="31.41906" lon="120.100446">
        <ele>4.0</ele>
        <time>2026-04-19T00:39:59Z</time>
        <extensions><gpxtpx:TrackPointExtension>
          <gpxtpx:hr>180</gpxtpx:hr>
        </gpxtpx:TrackPointExtension></extensions>
      </trkpt>
      <trkpt lat="31.419093" lon="120.100422">
        <ele>4.0</ele>
        <time>2026-04-19T00:40:00Z</time>
        <extensions><gpxtpx:TrackPointExtension>
          <gpxtpx:hr>180</gpxtpx:hr>
        </gpxtpx:TrackPointExtension></extensions>
      </trkpt>
      <trkpt lat="31.419127" lon="120.100398">
        <ele>4.0</ele>
        <time>2026-04-19T00:40:01Z</time>
        <extensions><gpxtpx:TrackPointExtension>
          <gpxtpx:hr>180</gpxtpx:hr>
        </gpxtpx:TrackPointExtension></extensions>
      </trkpt>
      <trkpt lat="31.41916" lon="120.100373">
        <ele>4.0</ele>
        <time>2026-04-19T00:40:02Z</time>
        <extensions><gpxtpx:TrackPointExtension>
          <gpxtpx:hr>180</gpxtpx:hr>
        </gpxtpx:TrackPointExtension></extensions>
      </trkpt>
      <trkpt lat="31.41922" lon="120.10033">
        <ele>4.0</ele>
        <time>2026-04-19T00:40:03Z</time>
        <extensions><gpxtpx:TrackPointExtension>
          <gpxtpx:hr>180</gpxtpx:hr>
        </gpxtpx:TrackPointExtension></extensions>
      </trkpt>
      <trkpt lat="31.419248" lon="120.100313">
        <ele>4.0</ele>
        <time>2026-04-19T00:40:04Z</time>
        <extensions><gpxtpx:TrackPointExtension>
          <gpxtpx:hr>180</gpxtpx:hr>
        </gpxtpx:TrackPointExtension></extensions>
      </trkpt>
      <trkpt lat="31.419275" lon="120.100295">
        <ele>4.0</ele>
        <time>2026-04-19T00:40:05Z</time>
        <extensions><gpxtpx:TrackPointExtension>
          <gpxtpx:hr>180</gpxtpx:hr>
        </gpxtpx:TrackPointExtension></extensions>
      </trkpt>
      <trkpt lat="31.419302" lon="120.100278">
        <ele>4.0</ele>
        <time>2026-04-19T00:40:06Z</time>
        <extensions><gpxtpx:TrackPointExtension>
          <gpxtpx:hr>180</gpxtpx:hr>
        </gpxtpx:TrackPointExtension></extensions>
      </trkpt>
      <trkpt lat="31.41933" lon="120.10026">
        <ele>4.0</ele>
        <time>2026-04-19T00:40:07Z</time>
        <extensions><gpxtpx:TrackPointExtension>
          <gpxtpx:hr>180</gpxtpx:hr>
        </gpxtpx:TrackPointExtension></extensions>
      </trkpt>
      <trkpt lat="31.419365" lon="120.100238">
        <ele>4.0</ele>
        <time>2026-04-19T00:40:08Z</time>
        <extensions><gpxtpx:TrackPointExtension>
          <gpxtpx:hr>180</gpxtpx:hr>
        </gpxtpx:TrackPointExtension></extensions>
      </trkpt>
      <trkpt lat="31.419401" lon="120.100216">
        <ele>4.0</ele>
        <time>2026-04-19T00:40:09Z</time>
        <extensions><gpxtpx:TrackPointExtension>
          <gpxtpx:hr>180</gpxtpx:hr>
        </gpxtpx:TrackPointExtension></extensions>
      </trkpt>
      <trkpt lat="31.419438" lon="120.10019">
        <ele>4.0</ele>
        <time>2026-04-19T00:40:10Z</time>
        <extensions><gpxtpx:TrackPointExtension>
          <gpxtpx:hr>180</gpxtpx:hr>
        </gpxtpx:TrackPointExtension></extensions>
      </trkpt>
      <trkpt lat="31.419474" lon="120.100165">
        <ele>4.0</ele>
        <time>2026-04-19T00:40:11Z</time>
        <extensions><gpxtpx:TrackPointExtension>
          <gpxtpx:hr>180</gpxtpx:hr>
        </gpxtpx:TrackPointExtension></extensions>
      </trkpt>
      <trkpt lat="31.41951" lon="120.100137">
        <ele>4.0</ele>
        <time>2026-04-19T00:40:12Z</time>
        <extensions><gpxtpx:TrackPointExtension>
          <gpxtpx:hr>180</gpxtpx:hr>
        </gpxtpx:TrackPointExtension></extensions>
      </trkpt>
      <trkpt lat="31.419545" lon="120.100109">
        <ele>4.0</ele>
        <time>2026-04-19T00:40:13Z</time>
        <extensions><gpxtpx:TrackPointExtension>
          <gpxtpx:hr>180</gpxtpx:hr>
        </gpxtpx:TrackPointExtension></extensions>
      </trkpt>
      <trkpt lat="31.419581" lon="120.10008">
        <ele>4.0</ele>
        <time>2026-04-19T00:40:14Z</time>
        <extensions><gpxtpx:TrackPointExtension>
          <gpxtpx:hr>180</gpxtpx:hr>
        </gpxtpx:TrackPointExtension></extensions>
      </trkpt>
      <trkpt lat="31.419616" lon="120.10005">
        <ele>4.0</ele>
        <time>2026-04-19T00:40:15Z</time>
        <extensions><gpxtpx:TrackPointExtension>
          <gpxtpx:hr>180</gpxtpx:hr>
        </gpxtpx:TrackPointExtension></extensions>
      </trkpt>
      <trkpt lat="31.419653" lon="120.100022">
        <ele>5.0</ele>
        <time>2026-04-19T00:40:16Z</time>
        <extensions><gpxtpx:TrackPointExtension>
          <gpxtpx:hr>180</gpxtpx:hr>
        </gpxtpx:TrackPointExtension></extensions>
      </trkpt>
      <trkpt lat="31.419691" lon="120.099994">
        <ele>4.0</ele>
        <time>2026-04-19T00:40:17Z</time>
        <extensions><gpxtpx:TrackPointExtension>
          <gpxtpx:hr>180</gpxtpx:hr>
        </gpxtpx:TrackPointExtension></extensions>
      </trkpt>
      <trkpt lat="31.419728" lon="120.099968">
        <ele>4.0</ele>
        <time>2026-04-19T00:40:18Z</time>
        <extensions><gpxtpx:TrackPointExtension>
          <gpxtpx:hr>180</gpxtpx:hr>
        </gpxtpx:TrackPointExtension></extensions>
      </trkpt>
      <trkpt lat="31.419767" lon="120.099943">
        <ele>4.0</ele>
        <time>2026-04-19T00:40:19Z</time>
        <extensions><gpxtpx:TrackPointExtension>
          <gpxtpx:hr>179</gpxtpx:hr>
        </gpxtpx:TrackPointExtension></extensions>
      </trkpt>
      <trkpt lat="31.419767" lon="120.099943">
        <ele>4.0</ele>
        <time>2026-04-19T00:40:20Z</time>
        <extensions><gpxtpx:TrackPointExtension>
          <gpxtpx:hr>179</gpxtpx:hr>
        </gpxtpx:TrackPointExtension></extensions>
      </trkpt>
      <trkpt lat="31.419767" lon="120.099943">
        <ele>4.0</ele>
        <time>2026-04-19T00:40:21Z</time>
        <extensions><gpxtpx:TrackPointExtension>
          <gpxtpx:hr>179</gpxtpx:hr>
        </gpxtpx:TrackPointExtension></extensions>
      </trkpt>
      <trkpt lat="31.419767" lon="120.099943">
        <ele>4.0</ele>
        <time>2026-04-19T00:40:22Z</time>
        <extensions><gpxtpx:TrackPointExtension>
          <gpxtpx:hr>179</gpxtpx:hr>
        </gpxtpx:TrackPointExtension></extensions>
      </trkpt>
    </trkseg>
  </trk>
</gpx>