<?xml version="1.0" encoding="UTF-8"?>
<gpx xmlns="http://www.topografix.com/GPX/1/1" xmlns:gpxtpx="http://www.garmin.com/xmlschemas/TrackPointExtension/v1" version="1.1" creator="Strava">
  <metadata><link href="https://www.strava.com/activities/20400670827"><text>Strava</text></link></metadata>
  <trk>
    <name>WSE10K南京站</name>
    <trkseg>
      <trkpt lat="32.028392" lon="118.702064">
        <ele>21.0</ele>
        <time>2026-09-30T23:11:09Z</time>
        <extensions><gpxtpx:TrackPointExtension>
          <gpxtpx:hr>89</gpxtpx:hr>
        </gpxtpx:TrackPointExtension></extensions>
      </trkpt>
      <trkpt lat="32.028392" lon="118.702064">
        <ele>21.0</ele>
        <time>2026-09-30T23:11:10Z</time>
        <extensions><gpxtpx:TrackPointExtension>
          <gpxtpx:hr>89</gpxtpx:hr>
        </gpxtpx:TrackPointExtension></extensions>
      </trkpt>
      <trkpt lat="32.0284" lon="118.702072">
        <ele>21.0</ele>
        <time>2026-09-30T23:11:11Z</time>
        <extensions><gpxtpx:TrackPointExtension>
          <gpxtpx:hr>89</gpxtpx:hr>
        </gpxtpx:TrackPointExtension></extensions>
      </trkpt>
      <trkpt lat="32.028416" lon="118.702086">
        <ele>21.0</ele>
        <time>2026-09-30T23:11:12Z</time>
        <extensions><gpxtpx:TrackPointExtension>
          <gpxtpx:hr>90</gpxtpx:hr>
        </gpxtpx:TrackPointExtension></extensions>
      </trkpt>
      <trkpt lat="32.028438" lon="118.702105">
        <ele>21.0</ele>
        <time>2026-09-30T23:11:13Z</time>
        <extensions><gpxtpx:TrackPointExtension>
          <gpxtpx:hr>90</gpxtpx:hr>
        </gpxtpx:TrackPointExtension></extensions>
      </trkpt>
      <trkpt lat="32.028465" lon="118.702127">
        <ele>21.0</ele>
        <time>2026-09-30T23:11:14Z</time>
        <extensions><gpxtpx:TrackPointExtension>
          <gpxtpx:hr>90</gpxtpx:hr>
        </gpxtpx:TrackPointExtension></extensions>
      </trkpt>
      <trkpt lat="32.028498" lon="118.702153">
        <ele>21.0</ele>
        <time>2026-09-30T23:11:15Z</time>
        <extensions><gpxtpx:TrackPointExtension>
          <gpxtpx:hr>91</gpxtpx:hr>
        </gpxtpx:TrackPointExtension></extensions>
      </trkpt>
      <trkpt lat="32.028534" lon="118.70218">
        <ele>21.0</ele>
        <time>2026-09-30T23:11:16Z</time>
        <extensions><gpxtpx:TrackPointExtension>
          <gpxtpx:hr>91</gpxtpx:hr>
        </gpxtpx:TrackPointExtension></extensions>
      </trkpt>
      <trkpt lat="32.028574" lon="118.702208">
        <ele>21.0</ele>
        <time>2026-09-30T23:11:17Z</time>
        <extensions><gpxtpx:TrackPointExtension>
          <gpxtpx:hr>92</gpxtpx:hr>
        </gpxtpx:TrackPointExtension></extensions>
      </trkpt>
      <trkpt lat="32.028615" lon="118.702237">
        <ele>21.0</ele>
        <time>2026-09-30T23:11:18Z</time>
        <extensions><gpxtpx:TrackPointExtension>
          <gpxtpx:hr>93</gpxtpx:hr>
        </gpxtpx:TrackPointExtension></extensions>
      </trkpt>
      <trkpt lat="32.028657" lon="118.702265">
        <ele>21.0</ele>
        <time>2026-09-30T23:11:19Z</time>
        <extensions><gpxtpx:TrackPointExtension>
          <gpxtpx:hr>94</gpxtpx:hr>
        </gpxtpx:TrackPointExtension></extensions>
      </trkpt>
      <trkpt lat="32.0287" lon="118.702292">
        <ele>21.0</ele>
        <time>2026-09-30T23:11:20Z</time>
        <extensions><gpxtpx:TrackPointExtension>
          <gpxtpx:hr>95</gpxtpx:hr>
        </gpxtpx:TrackPointExtension></extensions>
      </trkpt>
      <trkpt lat="32.028743" lon="118.702317">
        <ele>21.0</ele>
        <time>2026-09-30T23:11:21Z</time>
        <extensions><gpxtpx:TrackPointExtension>
          <gpxtpx:hr>98</gpxtpx:hr>
        </gpxtpx:TrackPointExtension></extensions>
      </trkpt>
      <trkpt lat="32.028785" lon="118.70234">
        <ele>21.0</ele>
        <time>2026-09-30T23:11:22Z</time>
        <extensions><gpxtpx:TrackPointExtension>
          <gpxtpx:hr>101</gpxtpx:hr>
        </gpxtpx:TrackPointExtension></extensions>
      </trkpt>
      <trkpt lat="32.028827" lon="118.70236">
        <ele>21.0</ele>
        <time>2026-09-30T23:11:23Z</time>
        <extensions><gpxtpx:TrackPointExtension>
          <gpxtpx:hr>104</gpxtpx:hr>
        </gpxtpx:TrackPointExtension></extensions>
      </trkpt>
      <trkpt lat="32.028868" lon="118.702378">
        <ele>21.0</ele>
        <time>2026-09-30T23:11:24Z</time>
        <extensions><gpxtpx:TrackPointExtension>
          <gpxtpx:hr>107</gpxtpx:hr>
        </gpxtpx:TrackPointExtension></extensions>
      </trkpt>
      <trkpt lat="32.028909" lon="118.702394">
        <ele>21.0</ele>
        <time>2026-09-30T23:11:25Z</time>
        <extensions><gpxtpx:TrackPointExtension>
          <gpxtpx:hr>107</gpxtpx:hr>
        </gpxtpx:TrackPointExtension></extensions>
      </trkpt>
      <trkpt lat="32.02895" lon="118.702409">
        <ele>21.0</ele>
        <time>2026-09-30T23:11:26Z</time>
        <extensions><gpxtpx:TrackPointExtension>
          <gpxtpx:hr>108</gpxtpx:hr>
        </gpxtpx:TrackPointExtension></extensions>
      </trkpt>
      <trkpt lat="32.02899" lon="118.702423">
        <ele>21.0</ele>
        <time>2026-09-30T23:11:27Z</time>
        <extensions><gpxtpx:TrackPointExtension>
          <gpxtpx:hr>108</gpxtpx:hr>
        </gpxtpx:TrackPointExtension></extensions>
      </trkpt>
      <trkpt lat="32.029031" lon="118.702436">
        <ele>21.0</ele>
        <time>2026-09-30T23:11:28Z</time>
        <extensions><gpxtpx:TrackPointExtension>
          <gpxtpx:hr>109</gpxtpx:hr>
        </gpxtpx:TrackPointExtension></extensions>
      </trkpt>
      <trkpt lat="32.029072" lon="118.702448">
        <ele>21.0</ele>
        <time>2026-09-30T23:11:29Z</time>
        <extensions><gpxtpx:TrackPointExtension>
          <gpxtpx:hr>110</gpxtpx:hr>
        </gpxtpx:TrackPointExtension></extensions>
      </trkpt>
      <trkpt lat="32.029113" lon="118.702461">
        <ele>21.0</ele>
        <time>2026-09-30T23:11:30Z</time>
        <extensions><gpxtpx:TrackPointExtension>
          <gpxtpx:hr>110</gpxtpx:hr>
        </gpxtpx:TrackPointExtension></extensions>
      </trkpt>
      <trkpt lat="32.029154" lon="118.702474">
        <ele>21.0</ele>
        <time>2026-09-30T23:11:31Z</time>
        <extensions><gpxtpx:TrackPointExtension>
          <gpxtpx:hr>114</gpxtpx:hr>
        </gpxtpx:TrackPointExtension></extensions>
      </trkpt>
      <trkpt lat="32.029194" lon="118.702487">
        <ele>21.0</ele>
        <time>2026-09-30T23:11:32Z</time>
        <extensions><gpxtpx:TrackPointExtension>
          <gpxtpx:hr>118</gpxtpx:hr>
        </gpxtpx:TrackPointExtension></extensions>
      </trkpt>
      <trkpt lat="32.029235" lon="118.702501">
        <ele>22.0</ele>
        <time>2026-09-30T23:11:33Z</time>
        <extensions><gpxtpx:TrackPointExtension>
          <gpxtpx:hr>121</gpxtpx:hr>
        </gpxtpx:TrackPointExtension></extensions>
      </trkpt>
      <trkpt lat="32.029275" lon="118.702514">
        <ele>22.0</ele>
        <time>2026-09-30T23:11:34Z</time>
        <extensions><gpxtpx:TrackPointExtension>
          <gpxtpx:hr>124</gpxtpx:hr>
        </gpxtpx:TrackPointExtension></extensions>
      </trkpt>
      <trkpt lat="32.029314" lon="118.702526">
        <ele>22.0</ele>
        <time>2026-09-30T23:11:35Z</time>
        <extensions><gpxtpx:TrackPointExtension>
          <gpxtpx:hr>127</gpxtpx:hr>
        </gpxtpx:TrackPointExtension></extensions>
      </trkpt>
      <trkpt lat="32.029353" lon="118.702539">
        <ele>22.0</ele>
        <time>2026-09-30T23:11:36Z</time>
        <extensions><gpxtpx:TrackPointExtension>
          <gpxtpx:hr>130</gpxtpx:hr>
        </gpxtpx:TrackPointExtension></extensions>
      </trkpt>
      <trkpt lat="32.029392" lon="118.702552">
        <ele>22.0</ele>
        <time>2026-09-30T23:11:37Z</time>
        <extensions><gpxtpx:TrackPointExtension>
          <gpxtpx:hr>133</gpxtpx:hr>
        </gpxtpx:TrackPointExtension></extensions>
      </trkpt>
      <trkpt lat="32.02943" lon="118.702565">
        <ele>22.0</ele>
        <time>2026-09-30T23:11:38Z</time>
        <extensions><gpxtpx:TrackPointExtension>
          <gpxtpx:hr>136</gpxtpx:hr>
        </gpxtpx:TrackPointExtension></extensions>
      </trkpt>
      <trkpt lat="32.029469" lon="118.702579">
        <ele>22.0</ele>
        <time>2026-09-30T23:11:39Z</time>
        <extensions><gpxtpx:TrackPointExtension>
          <gpxtpx:hr>139</gpxtpx:hr>
        </gpxtpx:TrackPointExtension></extensions>
      </trkpt>
      <trkpt lat="32.029507" lon="118.702593">
        <ele>22.0</ele>
        <time>2026-09-30T23:11:40Z</time>
        <extensions><gpxtpx:TrackPointExtension>
          <gpxtpx:hr>142</gpxtpx:hr>
        </gpxtpx:TrackPointExtension></extensions>
      </trkpt>
      <trkpt lat="32.029546" lon="118.702606">
        <ele>22.0</ele>
        <time>2026-09-30T23:11:41Z</time>
        <extensions><gpxtpx:TrackPointExtension>
          <gpxtpx:hr>143</gpxtpx:hr>
        </gpxtpx:TrackPointExtension></extensions>
      </trkpt>
      <trkpt lat="32.029586" lon="118.702619">
        <ele>22.0</ele>
        <time>2026-09-30T23:11:42Z</time>
        <extensions><gpxtpx:TrackPointExtension>
          <gpxtpx:hr>144</gpxtpx:hr>
        </gpxtpx:TrackPointExtension></extensions>
      </trkpt>
      <trkpt lat="32.029625" lon="118.702632">
        <ele>22.0</ele>
        <time>2026-09-30T23:11:43Z</time>
        <extensions><gpxtpx:TrackPointExtension>
          <gpxtpx:hr>144</gpxtpx:hr>
        </gpxtpx:TrackPointExtension></extensions>
      </trkpt>
      <trkpt lat="32.029663" lon="118.702645">
        <ele>22.0</ele>
        <time>2026-09-30T23:11:44Z</time>
        <extensions><gpxtpx:TrackPointExtension>
          <gpxtpx:hr>145</gpxtpx:hr>
        </gpxtpx:TrackPointExtension></extensions>
      </trkpt>
      <trkpt lat="32.029702" lon="118.702657">
        <ele>22.0</ele>
        <time>2026-09-30T23:11:45Z</time>
        <extensions><gpxtpx:TrackPointExtension>
          <gpxtpx:hr>145</gpxtpx:hr>
        </gpxtpx:TrackPointExtension></extensions>
      </trkpt>
      <trkpt lat="32.029739" lon="118.70267">
        <ele>22.0</ele>
        <time>2026-09-30T23:11:46Z</time>
        <extensions><gpxtpx:TrackPointExtension>
          <gpxtpx:hr>146</gpxtpx:hr>
        </gpxtpx:TrackPointExtension></extensions>
      </trkpt>
      <trkpt lat="32.029776" lon="118.702684">
        <ele>22.0</ele>
        <time>2026-09-30T23:11:47Z</time>
        <extensions><gpxtpx:TrackPointExtension>
          <gpxtpx:hr>147</gpxtpx:hr>
        </gpxtpx:TrackPointExtension></extensions>
      </trkpt>
      <trkpt lat="32.029813" lon="118.702699">
        <ele>22.0</ele>
        <time>2026-09-30T23:11:48Z</time>
        <extensions><gpxtpx:TrackPointExtension>
          <gpxtpx:hr>147</gpxtpx:hr>
        </gpxtpx:TrackPointExtension></extensions>
      </trkpt>
      <trkpt lat="32.029849" lon="118.702714">
        <ele>22.0</ele>
        <time>2026-09-30T23:11:49Z</time>
        <extensions><gpxtpx:TrackPointExtension>
          <gpxtpx:hr>147</gpxtpx:hr>
        </gpxtpx:TrackPointExtension></extensions>
      </trkpt>
      <trkpt lat="32.029886" lon="118.70273">
        <ele>22.0</ele>
        <time>2026-09-30T23:11:50Z</time>
        <extensions><gpxtpx:TrackPointExtension>
          <gpxtpx:hr>147</gpxtpx:hr>
        </gpxtpx:TrackPointExtension></extensions>
      </trkpt>
      <trkpt lat="32.029922" lon="118.702746">
        <ele>22.0</ele>
        <time>2026-09-30T23:11:51Z</time>
        <extensions><gpxtpx:TrackPointExtension>
          <gpxtpx:hr>147</gpxtpx:hr>
        </gpxtpx:TrackPointExtension></extensions>
      </trkpt>
      <trkpt lat="32.02996" lon="118.702761">
        <ele>22.0</ele>
        <time>2026-09-30T23:11:52Z</time>
        <extensions><gpxtpx:TrackPointExtension>
          <gpxtpx:hr>148</gpxtpx:hr>
        </gpxtpx:TrackPointExtension></extensions>
      </trkpt>
      <trkpt lat="32.029998" lon="118.702775">
        <ele>22.0</ele>
        <time>2026-09-30T23:11:53Z</time>
        <extensions><gpxtpx:TrackPointExtension>
          <gpxtpx:hr>149</gpxtpx:hr>
        </gpxtpx:TrackPointExtension></extensions>
      </trkpt>
      <trkpt lat="32.030037" lon="118.702789">
        <ele>22.0</ele>
        <time>2026-09-30T23:11:54Z</time>
        <extensions><gpxtpx:TrackPointExtension>
          <gpxtpx:hr>149</gpxtpx:hr>
        </gpxtpx:TrackPointExtension></extensions>
      </trkpt>
      <trkpt lat="32.030076" lon="118.702804">
        <ele>22.0</ele>
        <time>2026-09-30T23:11:55Z</time>
        <extensions><gpxtpx:TrackPointExtension>
          <gpxtpx:hr>149</gpxtpx:hr>
        </gpxtpx:TrackPointExtension></extensions>
      </trkpt>
      <trkpt lat="32.030115" lon="118.70282">
        <ele>22.0</ele>
        <time>2026-09-30T23:11:56Z</time>
        <extensions><gpxtpx:TrackPointExtension>
          <gpxtpx:hr>149</gpxtpx:hr>
        </gpxtpx:TrackPointExtension></extensions>
      </trkpt>
      <trkpt lat="32.030154" lon="118.702837">
        <ele>22.0</ele>
        <time>2026-09-30T23:11:57Z</time>
        <extensions><gpxtpx:TrackPointExtension>
          <gpxtpx:hr>149</gpxtpx:hr>
        </gpxtpx:TrackPointExtension></extensions>
      </trkpt>
      <trkpt lat="32.030192" lon="118.702855">
        <ele>22.0</ele>
        <time>2026-09-30T23:11:58Z</time>
        <extensions><gpxtpx:TrackPointExtension>
          <gpxtpx:hr>149</gpxtpx:hr>
        </gpxtpx:TrackPointExtension></extensions>
      </trkpt>
      <trkpt lat="32.03023" lon="118.702872">
        <ele>22.0</ele>
        <time>2026-09-30T23:11:59Z</time>
        <extensions><gpxtpx:TrackPointExtension>
          <gpxtpx:hr>148</gpxtpx:hr>
        </gpxtpx:TrackPointExtension></extensions>
      </trkpt>
      <trkpt lat="32.030268" lon="118.702889">
        <ele>22.0</ele>
        <time>2026-09-30T23:12:00Z</time>
        <extensions><gpxtpx:TrackPointExtension>
          <gpxtpx:hr>147</gpxtpx:hr>
        </gpxtpx:TrackPointExtension></extensions>
      </trkpt>
      <trkpt lat="32.030305" lon="118.702906">
        <ele>22.0</ele>
        <time>2026-09-30T23:12:01Z</time>
        <extensions><gpxtpx:TrackPointExtension>
          <gpxtpx:hr>147</gpxtpx:hr>
        </gpxtpx:TrackPointExtension></extensions>
      </trkpt>
      <trkpt lat="32.030342" lon="118.702923">
        <ele>22.0</ele>
        <time>2026-09-30T23:12:02Z</time>
        <extensions><gpxtpx:TrackPointExtension>
          <gpxtpx:hr>147</gpxtpx:hr>
        </gpxtpx:TrackPointExtension></extensions>
      </trkpt>
      <trkpt lat="32.03038" lon="118.702939">
        <ele>22.0</ele>
        <time>2026-09-30T23:12:03Z</time>
        <extensions><gpxtpx:TrackPointExtension>
          <gpxtpx:hr>147</gpxtpx:hr>
        </gpxtpx:TrackPointExtension></extensions>
      </trkpt>
      <trkpt lat="32.030417" lon="118.702955">
        <ele>22.0</ele>
        <time>2026-09-30T23:12:04Z</time>
        <extensions><gpxtpx:TrackPointExtension>
          <gpxtpx:hr>147</gpxtpx:hr>
        </gpxtpx:TrackPointExtension></extensions>
      </trkpt>
      <trkpt lat="32.030454" lon="118.70297">
        <ele>22.0</ele>
        <time>2026-09-30T23:12:05Z</time>
        <extensions><gpxtpx:TrackPointExtension>
          <gpxtpx:hr>148</gpxtpx:hr>
        </gpxtpx:TrackPointExtension></extensions>
      </trkpt>
      <trkpt lat="32.030491" lon="118.702986">
        <ele>22.0</ele>
        <time>2026-09-30T23:12:06Z</time>
        <extensions><gpxtpx:TrackPointExtension>
          <gpxtpx:hr>148</gpxtpx:hr>
        </gpxtpx:TrackPointExtension></extensions>
      </trkpt>
      <trkpt lat="32.030528" lon="118.703002">
        <ele>22.0</ele>
        <time>2026-09-30T23:12:07Z</time>
        <extensions><gpxtpx:TrackPointExtension>
          <gpxtpx:hr>148</gpxtpx:hr>
        </gpxtpx:TrackPointExtension></extensions>
      </trkpt>
      <trkpt lat="32.030565" lon="118.703017">
        <ele>22.0</ele>
        <time>2026-09-30T23:12:08Z</time>
        <extensions><gpxtpx:TrackPointExtension>
          <gpxtpx:hr>148</gpxtpx:hr>
        </gpxtpx:TrackPointExtension></extensions>
      </trkpt>
      <trkpt lat="32.030602" lon="118.703033">
        <ele>22.0</ele>
        <time>2026-09-30T23:12:09Z</time>
        <extensions><gpxtpx:TrackPointExtension>
          <gpxtpx:hr>148</gpxtpx:hr>
        </gpxtpx:TrackPointExtension></extensions>
      </trkpt>
      <trkpt lat="32.030638" lon="118.703048">
        <ele>21.0</ele>
        <time>2026-09-30T23:12:10Z</time>
        <extensions><gpxtpx:TrackPointExtension>
          <gpxtpx:hr>148</gpxtpx:hr>
        </gpxtpx:TrackPointExtension></extensions>
      </trkpt>
      <trkpt lat="32.030676" lon="118.703062">
        <ele>21.0</ele>
        <time>2026-09-30T23:12:11Z</time>
        <extensions><gpxtpx:TrackPointExtension>
          <gpxtpx:hr>148</gpxtpx:hr>
        </gpxtpx:TrackPointExtension></extensions>
      </trkpt>
      <trkpt lat="32.030713" lon="118.703076">
        <ele>21.0</ele>
        <time>2026-09-30T23:12:12Z</time>
        <extensions><gpxtpx:TrackPointExtension>
          <gpxtpx:hr>148</gpxtpx:hr>
        </gpxtpx:TrackPointExtension></extensions>
      </trkpt>
      <trkpt lat="32.030751" lon="118.70309">
        <ele>21.0</ele>
        <time>2026-09-30T23:12:13Z</time>
        <extensions><gpxtpx:TrackPointExtension>
          <gpxtpx:hr>147</gpxtpx:hr>
        </gpxtpx:TrackPointExtension></extensions>
      </trkpt>
      <trkpt lat="32.030788" lon="118.703105">
        <ele>21.0</ele>
        <time>2026-09-30T23:12:14Z</time>
        <extensions><gpxtpx:TrackPointExtension>
          <gpxtpx:hr>147</gpxtpx:hr>
        </gpxtpx:TrackPointExtension></extensions>
      </trkpt>
      <trkpt lat="32.030824" lon="118.70312">
        <ele>21.0</ele>
        <time>2026-09-30T23:12:15Z</time>
        <extensions><gpxtpx:TrackPointExtension>
          <gpxtpx:hr>148</gpxtpx:hr>
        </gpxtpx:TrackPointExtension></extensions>
      </trkpt>
      <trkpt lat="32.030861" lon="118.703136">
        <ele>21.0</ele>
        <time>2026-09-30T23:12:16Z</time>
        <extensions><gpxtpx:TrackPointExtension>
          <gpxtpx:hr>148</gpxtpx:hr>
        </gpxtpx:TrackPointExtension></extensions>
      </trkpt>
      <trkpt lat="32.030897" lon="118.703151">
        <ele>21.0</ele>
        <time>2026-09-30T23:12:17Z</time>
        <extensions><gpxtpx:TrackPointExtension>
          <gpxtpx:hr>149</gpxtpx:hr>
        </gpxtpx:TrackPointExtension></extensions>
      </trkpt>
      <trkpt lat="32.030933" lon="118.703166">
        <ele>20.0</ele>
        <time>2026-09-30T23:12:18Z</time>
        <extensions><gpxtpx:TrackPointExtension>
          <gpxtpx:hr>149</gpxtpx:hr>
        </gpxtpx:TrackPointExtension></extensions>
      </trkpt>
      <trkpt lat="32.03097" lon="118.70318">
        <ele>20.0</ele>
        <time>2026-09-30T23:12:19Z</time>
        <extensions><gpxtpx:TrackPointExtension>
          <gpxtpx:hr>150</gpxtpx:hr>
        </gpxtpx:TrackPointExtension></extensions>
      </trkpt>
      <trkpt lat="32.031007" lon="118.703193">
        <ele>20.0</ele>
        <time>2026-09-30T23:12:20Z</time>
        <extensions><gpxtpx:TrackPointExtension>
          <gpxtpx:hr>149</gpxtpx:hr>
        </gpxtpx:TrackPointExtension></extensions>
      </trkpt>
      <trkpt lat="32.031044" lon="118.703205">
        <ele>20.0</ele>
        <time>2026-09-30T23:12:21Z</time>
        <extensions><gpxtpx:TrackPointExtension>
          <gpxtpx:hr>149</gpxtpx:hr>
        </gpxtpx:TrackPointExtension></extensions>
      </trkpt>
      <trkpt lat="32.031081" lon="118.703217">
        <ele>20.0</ele>
        <time>2026-09-30T23:12:22Z</time>
        <extensions><gpxtpx:TrackPointExtension>
          <gpxtpx:hr>149</gpxtpx:hr>
        </gpxtpx:TrackPointExtension></extensions>
      </trkpt>
      <trkpt lat="32.031118" lon="118.70323">
        <ele>20.0</ele>
        <time>2026-09-30T23:12:23Z</time>
        <extensions><gpxtpx:TrackPointExtension>
          <gpxtpx:hr>149</gpxtpx:hr>
        </gpxtpx:TrackPointExtension></extensions>
      </trkpt>
      <trkpt lat="32.031156" lon="118.703244">
        <ele>20.0</ele>
        <time>2026-09-30T23:12:24Z</time>
        <extensions><gpxtpx:TrackPointExtension>
          <gpxtpx:hr>149</gpxtpx:hr>
        </gpxtpx:TrackPointExtension></extensions>
      </trkpt>
      <trkpt lat="32.031192" lon="118.703258">
        <ele>21.0</ele>
        <time>2026-09-30T23:12:25Z</time>
        <extensions><gpxtpx:TrackPointExtension>
          <gpxtpx:hr>150</gpxtpx:hr>
        </gpxtpx:TrackPointExtension></extensions>
      </trkpt>
      <trkpt lat="32.031228" lon="118.703273">
        <ele>21.0</ele>
        <time>2026-09-30T23:12:26Z</time>
        <extensions><gpxtpx:TrackPointExtension>
          <gpxtpx:hr>150</gpxtpx:hr>
        </gpxtpx:TrackPointExtension></extensions>
      </trkpt>
      <trkpt lat="32.031264" lon="118.703289">
        <ele>21.0</ele>
        <time>2026-09-30T23:12:27Z</time>
        <extensions><gpxtpx:TrackPointExtension>
          <gpxtpx:hr>150</gpxtpx:hr>
        </gpxtpx:TrackPointExtension></extensions>
      </trkpt>
      <trkpt lat="32.031299" lon="118.703306">
        <ele>21.0</ele>
        <time>2026-09-30T23:12:28Z</time>
        <extensions><gpxtpx:TrackPointExtension>
          <gpxtpx:hr>151</gpxtpx:hr>
        </gpxtpx:TrackPointExtension></extensions>
      </trkpt>
      <trkpt lat="32.031334" lon="118.703323">
        <ele>21.0</ele>
        <time>2026-09-30T23:12:29Z</time>
        <extensions><gpxtpx:TrackPointExtension>
          <gpxtpx:hr>151</gpxtpx:hr>
        </gpxtpx:TrackPointExtension></extensions>
      </trkpt>
      <trkpt lat="32.031369" lon="118.70334">
        <ele>21.0</ele>
        <time>2026-09-30T23:12:30Z</time>
        <extensions><gpxtpx:TrackPointExtension>
          <gpxtpx:hr>152</gpxtpx:hr>
        </gpxtpx:TrackPointExtension></extensions>
      </trkpt>
      <trkpt lat="32.031404" lon="118.703356">
        <ele>21.0</ele>
        <time>2026-09-30T23:12:31Z</time>
        <extensions><gpxtpx:TrackPointExtension>
          <gpxtpx:hr>152</gpxtpx:hr>
        </gpxtpx:TrackPointExtension></extensions>
      </trkpt>
      <trkpt lat="32.031439" lon="118.703373">
        <ele>21.0</ele>
        <time>2026-09-30T23:12:32Z</time>
        <extensions><gpxtpx:TrackPointExtension>
          <gpxtpx:hr>153</gpxtpx:hr>
        </gpxtpx:TrackPointExtension></extensions>
      </trkpt>
      <trkpt lat="32.031474" lon="118.703389">
        <ele>21.0</ele>
        <time>2026-09-30T23:12:33Z</time>
        <extensions><gpxtpx:TrackPointExtension>
          <gpxtpx:hr>153</gpxtpx:hr>
        </gpxtpx:TrackPointExtension></extensions>
      </trkpt>
      <trkpt lat="32.031509" lon="118.703405">
        <ele>21.0</ele>
        <time>2026-09-30T23:12:34Z</time>
        <extensions><gpxtpx:TrackPointExtension>
          <gpxtpx:hr>154</gpxtpx:hr>
        </gpxtpx:TrackPointExtension></extensions>
      </trkpt>
      <trkpt lat="32.031545" lon="118.703421">
        <ele>21.0</ele>
        <time>2026-09-30T23:12:35Z</time>
        <extensions><gpxtpx:TrackPointExtension>
          <gpxtpx:hr>153</gpxtpx:hr>
        </gpxtpx:TrackPointExtension></extensions>
      </trkpt>
      <trkpt lat="32.03158" lon="118.703435">
        <ele>21.0</ele>
        <time>2026-09-30T23:12:36Z</time>
        <extensions><gpxtpx:TrackPointExtension>
          <gpxtpx:hr>154</gpxtpx:hr>
        </gpxtpx:TrackPointExtension></extensions>
      </trkpt>
      <trkpt lat="32.031615" lon="118.703451">
        <ele>21.0</ele>
        <time>2026-09-30T23:12:37Z</time>
        <extensions><gpxtpx:TrackPointExtension>
          <gpxtpx:hr>154</gpxtpx:hr>
        </gpxtpx:TrackPointExtension></extensions>
      </trkpt>
      <trkpt lat="32.031651" lon="118.703466">
        <ele>21.0</ele>
        <time>2026-09-30T23:12:38Z</time>
        <extensions><gpxtpx:TrackPointExtension>
          <gpxtpx:hr>153</gpxtpx:hr>
        </gpxtpx:TrackPointExtension></extensions>
      </trkpt>
      <trkpt lat="32.031686" lon="118.703482">
        <ele>21.0</ele>
        <time>2026-09-30T23:12:39Z</time>
        <extensions><gpxtpx:TrackPointExtension>
          <gpxtpx:hr>154</gpxtpx:hr>
        </gpxtpx:TrackPointExtension></extensions>
      </trkpt>
      <trkpt lat="32.031721" lon="118.703497">
        <ele>21.0</ele>
        <time>2026-09-30T23:12:40Z</time>
        <extensions><gpxtpx:TrackPointExtension>
          <gpxtpx:hr>153</gpxtpx:hr>
        </gpxtpx:TrackPointExtension></extensions>
      </trkpt>
      <trkpt lat="32.031756" lon="118.703512">
        <ele>21.0</ele>
        <time>2026-09-30T23:12:41Z</time>
        <extensions><gpxtpx:TrackPointExtension>
          <gpxtpx:hr>153</gpxtpx:hr>
        </gpxtpx:TrackPointExtension></extensions>
      </trkpt>
      <trkpt lat="32.031792" lon="118.703526">
        <ele>20.0</ele>
        <time>2026-09-30T23:12:42Z</time>
        <extensions><gpxtpx:TrackPointExtension>
          <gpxtpx:hr>153</gpxtpx:hr>
        </gpxtpx:TrackPointExtension></extensions>
      </trkpt>
      <trkpt lat="32.031828" lon="118.703541">
        <ele>20.0</ele>
        <time>2026-09-30T23:12:43Z</time>
        <extensions><gpxtpx:TrackPointExtension>
          <gpxtpx:hr>153</gpxtpx:hr>
        </gpxtpx:TrackPointExtension></extensions>
      </trkpt>
      <trkpt lat="32.031864" lon="118.703557">
        <ele>20.0</ele>
        <time>2026-09-30T23:12:44Z</time>
        <extensions><gpxtpx:TrackPointExtension>
          <gpxtpx:hr>153</gpxtpx:hr>
        </gpxtpx:TrackPointExtension></extensions>
      </trkpt>
      <trkpt lat="32.0319" lon="118.703572">
        <ele>20.0</ele>
        <time>2026-09-30T23:12:45Z</time>
        <extensions><gpxtpx:TrackPointExtension>
          <gpxtpx:hr>152</gpxtpx:hr>
        </gpxtpx:TrackPointExtension></extensions>
      </trkpt>
      <trkpt lat="32.031935" lon="118.703587">
        <ele>20.0</ele>
        <time>2026-09-30T23:12:46Z</time>
        <extensions><gpxtpx:TrackPointExtension>
          <gpxtpx:hr>152</gpxtpx:hr>
        </gpxtpx:TrackPointExtension></extensions>
      </trkpt>
      <trkpt lat="32.03197" lon="118.703602">
        <ele>20.0</ele>
        <time>2026-09-30T23:12:47Z</time>
        <extensions><gpxtpx:TrackPointExtension>
          <gpxtpx:hr>152</gpxtpx:hr>
        </gpxtpx:TrackPointExtension></extensions>
      </trkpt>
      <trkpt lat="32.032004" lon="118.703617">
        <ele>20.0</ele>
        <time>2026-09-30T23:12:48Z</time>
        <extensions><gpxtpx:TrackPointExtension>
          <gpxtpx:hr>153</gpxtpx:hr>
        </gpxtpx:TrackPointExtension></extensions>
      </trkpt>
      <trkpt lat="32.032038" lon="118.703631">
        <ele>20.0</ele>
        <time>2026-09-30T23:12:49Z</time>
        <extensions><gpxtpx:TrackPointExtension>
          <gpxtpx:hr>153</gpxtpx:hr>
        </gpxtpx:TrackPointExtension></extensions>
      </trkpt>
      <trkpt lat="32.032072" lon="118.703646">
        <ele>20.0</ele>
        <time>2026-09-30T23:12:50Z</time>
        <extensions><gpxtpx:TrackPointExtension>
          <gpxtpx:hr>154</gpxtpx:hr>
        </gpxtpx:TrackPointExtension></extensions>
      </trkpt>
      <trkpt lat="32.032106" lon="118.70366">
        <ele>20.0</ele>
        <time>2026-09-30T23:12:51Z</time>
        <extensions><gpxtpx:TrackPointExtension>
          <gpxtpx:hr>154</gpxtpx:hr>
        </gpxtpx:TrackPointExtension></extensions>
      </trkpt>
      <trkpt lat="32.032139" lon="118.703674">
        <ele>20.0</ele>
        <time>2026-09-30T23:12:52Z</time>
        <extensions><gpxtpx:TrackPointExtension>
          <gpxtpx:hr>154</gpxtpx:hr>
        </gpxtpx:TrackPointExtension></extensions>
      </trkpt>
      <trkpt lat="32.032172" lon="118.703689">
        <ele>20.0</ele>
        <time>2026-09-30T23:12:53Z</time>
        <extensions><gpxtpx:TrackPointExtension>
          <gpxtpx:hr>155</gpxtpx:hr>
        </gpxtpx:TrackPointExtension></extensions>
      </trkpt>
      <trkpt lat="32.032205" lon="118.703704">
        <ele>20.0</ele>
        <time>2026-09-30T23:12:54Z</time>
        <extensions><gpxtpx:TrackPointExtension>
          <gpxtpx:hr>154</gpxtpx:hr>
        </gpxtpx:TrackPointExtension></extensions>
      </trkpt>
      <trkpt lat="32.032237" lon="118.703721">
        <ele>20.0</ele>
        <time>2026-09-30T23:12:55Z</time>
        <extensions><gpxtpx:TrackPointExtension>
          <gpxtpx:hr>155</gpxtpx:hr>
        </gpxtpx:TrackPointExtension></extensions>
      </trkpt>
      <trkpt lat="32.032268" lon="118.703739">
        <ele>20.0</ele>
        <time>2026-09-30T23:12:56Z</time>
        <extensions><gpxtpx:TrackPointExtension>
          <gpxtpx:hr>155</gpxtpx:hr>
        </gpxtpx:TrackPointExtension></extensions>
      </trkpt>
      <trkpt lat="32.032299" lon="118.703758">
        <ele>20.0</ele>
        <time>2026-09-30T23:12:57Z</time>
        <extensions><gpxtpx:TrackPointExtension>
          <gpxtpx:hr>154</gpxtpx:hr>
        </gpxtpx:TrackPointExtension></extensions>
      </trkpt>
      <trkpt lat="32.032331" lon="118.703777">
        <ele>20.0</ele>
        <time>2026-09-30T23:12:58Z</time>
        <extensions><gpxtpx:TrackPointExtension>
          <gpxtpx:hr>155</gpxtpx:hr>
        </gpxtpx:TrackPointExtension></extensions>
      </trkpt>
      <trkpt lat="32.032361" lon="118.703796">
        <ele>20.0</ele>
        <time>2026-09-30T23:12:59Z</time>
        <extensions><gpxtpx:TrackPointExtension>
          <gpxtpx:hr>155</gpxtpx:hr>
        </gpxtpx:TrackPointExtension></extensions>
      </trkpt>
      <trkpt lat="32.032392" lon="118.703814">
        <ele>20.0</ele>
        <time>2026-09-30T23:13:00Z</time>
        <extensions><gpxtpx:TrackPointExtension>
          <gpxtpx:hr>155</gpxtpx:hr>
        </gpxtpx:TrackPointExtension></extensions>
      </trkpt>
      <trkpt lat="32.032423" lon="118.703834">
        <ele>20.0</ele>
        <time>2026-09-30T23:13:01Z</time>
        <extensions><gpxtpx:TrackPointExtension>
          <gpxtpx:hr>155</gpxtpx:hr>
        </gpxtpx:TrackPointExtension></extensions>
      </trkpt>
      <trkpt lat="32.032454" lon="118.703853">
        <ele>20.0</ele>
        <time>2026-09-30T23:13:02Z</time>
        <extensions><gpxtpx:TrackPointExtension>
          <gpxtpx:hr>155</gpxtpx:hr>
        </gpxtpx:TrackPointExtension></extensions>
      </trkpt>
      <trkpt lat="32.032485" lon="118.703874">
        <ele>20.0</ele>
        <time>2026-09-30T23:13:03Z</time>
        <extensions><gpxtpx:TrackPointExtension>
          <gpxtpx:hr>156</gpxtpx:hr>
        </gpxtpx:TrackPointExtension></extensions>
      </trkpt>
      <trkpt lat="32.032516" lon="118.703895">
        <ele>20.0</ele>
        <time>2026-09-30T23:13:04Z</time>
        <extensions><gpxtpx:TrackPointExtension>
          <gpxtpx:hr>156</gpxtpx:hr>
        </gpxtpx:TrackPointExtension></extensions>
      </trkpt>
      <trkpt lat="32.032547" lon="118.703915">
        <ele>20.0</ele>
        <time>2026-09-30T23:13:05Z</time>
        <extensions><gpxtpx:TrackPointExtension>
          <gpxtpx:hr>157</gpxtpx:hr>
        </gpxtpx:TrackPointExtension></extensions>
      </trkpt>
      <trkpt lat="32.032578" lon="118.703936">
        <ele>20.0</ele>
        <time>2026-09-30T23:13:06Z</time>
        <extensions><gpxtpx:TrackPointExtension>
          <gpxtpx:hr>157</gpxtpx:hr>
        </gpxtpx:TrackPointExtension></extensions>
      </trkpt>
      <trkpt lat="32.032609" lon="118.703957">
        <ele>20.0</ele>
        <time>2026-09-30T23:13:07Z</time>
        <extensions><gpxtpx:TrackPointExtension>
          <gpxtpx:hr>157</gpxtpx:hr>
        </gpxtpx:TrackPointExtension></extensions>
      </trkpt>
      <trkpt lat="32.03264" lon="118.703979">
        <ele>20.0</ele>
        <time>2026-09-30T23:13:08Z</time>
        <extensions><gpxtpx:TrackPointExtension>
          <gpxtpx:hr>156</gpxtpx:hr>
        </gpxtpx:TrackPointExtension></extensions>
      </trkpt>
      <trkpt lat="32.03267" lon="118.704003">
        <ele>20.0</ele>
        <time>2026-09-30T23:13:09Z</time>
        <extensions><gpxtpx:TrackPointExtension>
          <gpxtpx:hr>157</gpxtpx:hr>
        </gpxtpx:TrackPointExtension></extensions>
      </trkpt>
      <trkpt lat="32.032699" lon="118.704028">
        <ele>20.0</ele>
        <time>2026-09-30T23:13:10Z</time>
        <extensions><gpxtpx:TrackPointExtension>
          <gpxtpx:hr>157</gpxtpx:hr>
        </gpxtpx:TrackPointExtension></extensions>
      </trkpt>
      <trkpt lat="32.032727" lon="118.704054">
        <ele>20.0</ele>
        <time>2026-09-30T23:13:11Z</time>
        <extensions><gpxtpx:TrackPointExtension>
          <gpxtpx:hr>157</gpxtpx:hr>
        </gpxtpx:TrackPointExtension></extensions>
      </trkpt>
      <trkpt lat="32.032756" lon="118.704081">
        <ele>20.0</ele>
        <time>2026-09-30T23:13:12Z</time>
        <extensions><gpxtpx:TrackPointExtension>
          <gpxtpx:hr>157</gpxtpx:hr>
        </gpxtpx:TrackPointExtension></extensions>
      </trkpt>
      <trkpt lat="32.032785" lon="118.704106">
        <ele>20.0</ele>
        <time>2026-09-30T23:13:13Z</time>
        <extensions><gpxtpx:TrackPointExtension>
          <gpxtpx:hr>158</gpxtpx:hr>
        </gpxtpx:TrackPointExtension></extensions>
      </trkpt>
      <trkpt lat="32.032815" lon="118.704131">
        <ele>20.0</ele>
        <time>2026-09-30T23:13:14Z</time>
        <extensions><gpxtpx:TrackPointExtension>
          <gpxtpx:hr>158</gpxtpx:hr>
        </gpxtpx:TrackPointExtension></extensions>
      </trkpt>
      <trkpt lat="32.032845" lon="118.704155">
        <ele>20.0</ele>
        <time>2026-09-30T23:13:15Z</time>
        <extensions><gpxtpx:TrackPointExtension>
          <gpxtpx:hr>159</gpxtpx:hr>
        </gpxtpx:TrackPointExtension></extensions>
      </trkpt>
      <trkpt lat="32.032875" lon="118.704179">
        <ele>20.0</ele>
        <time>2026-09-30T23:13:16Z</time>
        <extensions><gpxtpx:TrackPointExtension>
          <gpxtpx:hr>159</gpxtpx:hr>
        </gpxtpx:TrackPointExtension></extensions>
      </trkpt>
      <trkpt lat="32.032905" lon="118.704202">
        <ele>20.0</ele>
        <time>2026-09-30T23:13:17Z</time>
        <extensions><gpxtpx:TrackPointExtension>
          <gpxtpx:hr>160</gpxtpx:hr>
        </gpxtpx:TrackPointExtension></extensions>
      </trkpt>
      <trkpt lat="32.032935" lon="118.704227">
        <ele>20.0</ele>
        <time>2026-09-30T23:13:18Z</time>
        <extensions><gpxtpx:TrackPointExtension>
          <gpxtpx:hr>160</gpxtpx:hr>
        </gpxtpx:TrackPointExtension></extensions>
      </trkpt>
      <trkpt lat="32.032965" lon="118.704252">
        <ele>20.0</ele>
        <time>2026-09-30T23:13:19Z</time>
        <extensions><gpxtpx:TrackPointExtension>
          <gpxtpx:hr>160</gpxtpx:hr>
        </gpxtpx:TrackPointExtension></extensions>
      </trkpt>
      <trkpt lat="32.032996" lon="118.704279">
        <ele>20.0</ele>
        <time>2026-09-30T23:13:20Z</time>
        <extensions><gpxtpx:TrackPointExtension>
          <gpxtpx:hr>160</gpxtpx:hr>
        </gpxtpx:TrackPointExtension></extensions>
      </trkpt>
      <trkpt lat="32.033026" lon="118.704305">
        <ele>20.0</ele>
        <time>2026-09-30T23:13:21Z</time>
        <extensions><gpxtpx:TrackPointExtension>
          <gpxtpx:hr>159</gpxtpx:hr>
        </gpxtpx:TrackPointExtension></extensions>
      </trkpt>
      <trkpt lat="32.033056" lon="118.704332">
        <ele>20.0</ele>
        <time>2026-09-30T23:13:22Z</time>
        <extensions><gpxtpx:TrackPointExtension>
          <gpxtpx:hr>159</gpxtpx:hr>
        </gpxtpx:TrackPointExtension></extensions>
      </trkpt>
      <trkpt lat="32.033087" lon="118.704358">
        <ele>20.0</ele>
        <time>2026-09-30T23:13:23Z</time>
        <extensions><gpxtpx:TrackPointExtension>
          <gpxtpx:hr>157</gpxtpx:hr>
        </gpxtpx:TrackPointExtension></extensions>
      </trkpt>
      <trkpt lat="32.033117" lon="118.704384">
        <ele>20.0</ele>
        <time>2026-09-30T23:13:24Z</time>
        <extensions><gpxtpx:TrackPointExtension>
          <gpxtpx:hr>158</gpxtpx:hr>
        </gpxtpx:TrackPointExtension></extensions>
      </trkpt>
      <trkpt lat="32.033147" lon="118.70441">
        <ele>20.0</ele>
        <time>2026-09-30T23:13:25Z</time>
        <extensions><gpxtpx:TrackPointExtension>
          <gpxtpx:hr>157</gpxtpx:hr>
        </gpxtpx:TrackPointExtension></extensions>
      </trkpt>
      <trkpt lat="32.033175" lon="118.704437">
        <ele>20.0</ele>
        <time>2026-09-30T23:13:26Z</time>
        <extensions><gpxtpx:TrackPointExtension>
          <gpxtpx:hr>158</gpxtpx:hr>
        </gpxtpx:TrackPointExtension></extensions>
      </trkpt>
      <trkpt lat="32.033202" lon="118.704463">
        <ele>20.0</ele>
        <time>2026-09-30T23:13:27Z</time>
        <extensions><gpxtpx:TrackPointExtension>
          <gpxtpx:hr>159</gpxtpx:hr>
        </gpxtpx:TrackPointExtension></extensions>
      </trkpt>
      <trkpt lat="32.033229" lon="118.704488">
        <ele>20.0</ele>
        <time>2026-09-30T23:13:28Z</time>
        <extensions><gpxtpx:TrackPointExtension>
          <gpxtpx:hr>159</gpxtpx:hr>
        </gpxtpx:TrackPointExtension></extensions>
      </trkpt>
      <trkpt lat="32.033255" lon="118.704514">
        <ele>20.0</ele>
        <time>2026-09-30T23:13:29Z</time>
        <extensions><gpxtpx:TrackPointExtension>
          <gpxtpx:hr>160</gpxtpx:hr>
        </gpxtpx:TrackPointExtension></extensions>
      </trkpt>
      <trkpt lat="32.033282" lon="118.704539">
        <ele>20.0</ele>
        <time>2026-09-30T23:13:30Z</time>
        <extensions><gpxtpx:TrackPointExtension>
          <gpxtpx:hr>160</gpxtpx:hr>
        </gpxtpx:TrackPointExtension></extensions>
      </trkpt>
      <trkpt lat="32.033308" lon="118.704565">
        <ele>20.0</ele>
        <time>2026-09-30T23:13:31Z</time>
        <extensions><gpxtpx:TrackPointExtension>
          <gpxtpx:hr>160</gpxtpx:hr>
        </gpxtpx:TrackPointExtension></extensions>
      </trkpt>
      <trkpt lat="32.033333" lon="118.704591">
        <ele>20.0</ele>
        <time>2026-09-30T23:13:32Z</time>
        <extensions><gpxtpx:TrackPointExtension>
          <gpxtpx:hr>160</gpxtpx:hr>
        </gpxtpx:TrackPointExtension></extensions>
      </trkpt>
      <trkpt lat="32.033359" lon="118.704615">
        <ele>20.0</ele>
        <time>2026-09-30T23:13:33Z</time>
        <extensions><gpxtpx:TrackPointExtension>
          <gpxtpx:hr>160</gpxtpx:hr>
        </gpxtpx:TrackPointExtension></extensions>
      </trkpt>
      <trkpt lat="32.033385" lon="118.704638">
        <ele>20.0</ele>
        <time>2026-09-30T23:13:34Z</time>
        <extensions><gpxtpx:TrackPointExtension>
          <gpxtpx:hr>160</gpxtpx:hr>
        </gpxtpx:TrackPointExtension></extensions>
      </trkpt>
      <trkpt lat="32.033412" lon="118.704658">
        <ele>20.0</ele>
        <time>2026-09-30T23:13:35Z</time>
        <extensions><gpxtpx:TrackPointExtension>
          <gpxtpx:hr>159</gpxtpx:hr>
        </gpxtpx:TrackPointExtension></extensions>
      </trkpt>
      <trkpt lat="32.03344" lon="118.70468">
        <ele>20.0</ele>
        <time>2026-09-30T23:13:36Z</time>
        <extensions><gpxtpx:TrackPointExtension>
          <gpxtpx:hr>159</gpxtpx:hr>
        </gpxtpx:TrackPointExtension></extensions>
      </trkpt>
      <trkpt lat="32.033468" lon="118.704703">
        <ele>20.0</ele>
        <time>2026-09-30T23:13:37Z</time>
        <extensions><gpxtpx:TrackPointExtension>
          <gpxtpx:hr>159</gpxtpx:hr>
        </gpxtpx:TrackPointExtension></extensions>
      </trkpt>
      <trkpt lat="32.033499" lon="118.704728">
        <ele>20.0</ele>
        <time>2026-09-30T23:13:38Z</time>
        <extensions><gpxtpx:TrackPointExtension>
          <gpxtpx:hr>159</gpxtpx:hr>
        </gpxtpx:TrackPointExtension></extensions>
      </trkpt>
      <trkpt lat="32.033529" lon="118.704755">
        <ele>20.0</ele>
        <time>2026-09-30T23:13:39Z</time>
        <extensions><gpxtpx:TrackPointExtension>
          <gpxtpx:hr>159</gpxtpx:hr>
        </gpxtpx:TrackPointExtension></extensions>
      </trkpt>
      <trkpt lat="32.03356" lon="118.704783">
        <ele>20.0</ele>
        <time>2026-09-30T23:13:40Z</time>
        <extensions><gpxtpx:TrackPointExtension>
          <gpxtpx:hr>159</gpxtpx:hr>
        </gpxtpx:TrackPointExtension></extensions>
      </trkpt>
      <trkpt lat="32.03359" lon="118.704812">
        <ele>20.0</ele>
        <time>2026-09-30T23:13:41Z</time>
        <extensions><gpxtpx:TrackPointExtension>
          <gpxtpx:hr>159</gpxtpx:hr>
        </gpxtpx:TrackPointExtension></extensions>
      </trkpt>
      <trkpt lat="32.033619" lon="118.70484">
        <ele>20.0</ele>
        <time>2026-09-30T23:13:42Z</time>
        <extensions><gpxtpx:TrackPointExtension>
          <gpxtpx:hr>159</gpxtpx:hr>
        </gpxtpx:TrackPointExtension></extensions>
      </trkpt>
      <trkpt lat="32.033649" lon="118.704868">
        <ele>20.0</ele>
        <time>2026-09-30T23:13:43Z</time>
        <extensions><gpxtpx:TrackPointExtension>
          <gpxtpx:hr>159</gpxtpx:hr>
        </gpxtpx:TrackPointExtension></extensions>
      </trkpt>
      <trkpt lat="32.033678" lon="118.704895">
        <ele>20.0</ele>
        <time>2026-09-30T23:13:44Z</time>
        <extensions><gpxtpx:TrackPointExtension>
          <gpxtpx:hr>160</gpxtpx:hr>
        </gpxtpx:TrackPointExtension></extensions>
      </trkpt>
      <trkpt lat="32.033706" lon="118.704922">
        <ele>20.0</ele>
        <time>2026-09-30T23:13:45Z</time>
        <extensions><gpxtpx:TrackPointExtension>
          <gpxtpx:hr>160</gpxtpx:hr>
        </gpxtpx:TrackPointExtension></extensions>
      </trkpt>
      <trkpt lat="32.033735" lon="118.704948">
        <ele>20.0</ele>
        <time>2026-09-30T23:13:46Z</time>
        <extensions><gpxtpx:TrackPointExtension>
          <gpxtpx:hr>161</gpxtpx:hr>
        </gpxtpx:TrackPointExtension></extensions>
      </trkpt>
      <trkpt lat="32.033763" lon="118.704974">
        <ele>20.0</ele>
        <time>2026-09-30T23:13:47Z</time>
        <extensions><gpxtpx:TrackPointExtension>
          <gpxtpx:hr>160</gpxtpx:hr>
        </gpxtpx:TrackPointExtension></extensions>
      </trkpt>
      <trkpt lat="32.033792" lon="118.705">
        <ele>20.0</ele>
        <time>2026-09-30T23:13:48Z</time>
        <extensions><gpxtpx:TrackPointExtension>
          <gpxtpx:hr>161</gpxtpx:hr>
        </gpxtpx:TrackPointExtension></extensions>
      </trkpt>
      <trkpt lat="32.033821" lon="118.705027">
        <ele>20.0</ele>
        <time>2026-09-30T23:13:49Z</time>
        <extensions><gpxtpx:TrackPointExtension>
          <gpxtpx:hr>160</gpxtpx:hr>
        </gpxtpx:TrackPointExtension></extensions>
      </trkpt>
      <trkpt lat="32.03385" lon="118.705054">
        <ele>20.0</ele>
        <time>2026-09-30T23:13:50Z</time>
        <extensions><gpxtpx:TrackPointExtension>
          <gpxtpx:hr>159</gpxtpx:hr>
        </gpxtpx:TrackPointExtension></extensions>
      </trkpt>
      <trkpt lat="32.03388" lon="118.705082">
        <ele>20.0</ele>
        <time>2026-09-30T23:13:51Z</time>
        <extensions><gpxtpx:TrackPointExtension>
          <gpxtpx:hr>158</gpxtpx:hr>
        </gpxtpx:TrackPointExtension></extensions>
      </trkpt>
      <trkpt lat="32.033909" lon="118.705111">
        <ele>20.0</ele>
        <time>2026-09-30T23:13:52Z</time>
        <extensions><gpxtpx:TrackPointExtension>
          <gpxtpx:hr>157</gpxtpx:hr>
        </gpxtpx:TrackPointExtension></extensions>
      </trkpt>
      <trkpt lat="32.033939" lon="118.70514">
        <ele>20.0</ele>
        <time>2026-09-30T23:13:53Z</time>
        <extensions><gpxtpx:TrackPointExtension>
          <gpxtpx:hr>157</gpxtpx:hr>
        </gpxtpx:TrackPointExtension></extensions>
      </trkpt>
      <trkpt lat="32.033968" lon="118.705168">
        <ele>20.0</ele>
        <time>2026-09-30T23:13:54Z</time>
        <extensions><gpxtpx:TrackPointExtension>
          <gpxtpx:hr>157</gpxtpx:hr>
        </gpxtpx:TrackPointExtension></extensions>
      </trkpt>
      <trkpt lat="32.033997" lon="118.705197">
        <ele>20.0</ele>
        <time>2026-09-30T23:13:55Z</time>
        <extensions><gpxtpx:TrackPointExtension>
          <gpxtpx:hr>158</gpxtpx:hr>
        </gpxtpx:TrackPointExtension></extensions>
      </trkpt>
      <trkpt lat="32.034026" lon="118.705225">
        <ele>20.0</ele>
        <time>2026-09-30T23:13:56Z</time>
        <extensions><gpxtpx:TrackPointExtension>
          <gpxtpx:hr>158</gpxtpx:hr>
        </gpxtpx:TrackPointExtension></extensions>
      </trkpt>
      <trkpt lat="32.034056" lon="118.705252">
        <ele>20.0</ele>
        <time>2026-09-30T23:13:57Z</time>
        <extensions><gpxtpx:TrackPointExtension>
          <gpxtpx:hr>159</gpxtpx:hr>
        </gpxtpx:TrackPointExtension></extensions>
      </trkpt>
      <trkpt lat="32.034086" lon="118.705277">
        <ele>20.0</ele>
        <time>2026-09-30T23:13:58Z</time>
        <extensions><gpxtpx:TrackPointExtension>
          <gpxtpx:hr>159</gpxtpx:hr>
        </gpxtpx:TrackPointExtension></extensions>
      </trkpt>
      <trkpt lat="32.034116" lon="118.705302">
        <ele>20.0</ele>
        <time>2026-09-30T23:13:59Z</time>
        <extensions><gpxtpx:TrackPointExtension>
          <gpxtpx:hr>159</gpxtpx:hr>
        </gpxtpx:TrackPointExtension></extensions>
      </trkpt>
      <trkpt lat="32.034146" lon="118.705326">
        <ele>20.0</ele>
        <time>2026-09-30T23:14:00Z</time>
        <extensions><gpxtpx:TrackPointExtension>
          <gpxtpx:hr>160</gpxtpx:hr>
        </gpxtpx:TrackPointExtension></extensions>
      </trkpt>
      <trkpt lat="32.034175" lon="118.705349">
        <ele>20.0</ele>
        <time>2026-09-30T23:14:01Z</time>
        <extensions><gpxtpx:TrackPointExtension>
          <gpxtpx:hr>160</gpxtpx:hr>
        </gpxtpx:TrackPointExtension></extensions>
      </trkpt>
      <trkpt lat="32.034204" lon="118.705372">
        <ele>20.0</ele>
        <time>2026-09-30T23:14:02Z</time>
        <extensions><gpxtpx:TrackPointExtension>
          <gpxtpx:hr>160</gpxtpx:hr>
        </gpxtpx:TrackPointExtension></extensions>
      </trkpt>
      <trkpt lat="32.034236" lon="118.705393">
        <ele>20.0</ele>
        <time>2026-09-30T23:14:03Z</time>
        <extensions><gpxtpx:TrackPointExtension>
          <gpxtpx:hr>160</gpxtpx:hr>
        </gpxtpx:TrackPointExtension></extensions>
      </trkpt>
      <trkpt lat="32.034268" lon="118.705416">
        <ele>20.0</ele>
        <time>2026-09-30T23:14:04Z</time>
        <extensions><gpxtpx:TrackPointExtension>
          <gpxtpx:hr>161</gpxtpx:hr>
        </gpxtpx:TrackPointExtension></extensions>
      </trkpt>
      <trkpt lat="32.034299" lon="118.70544">
        <ele>20.0</ele>
        <time>2026-09-30T23:14:05Z</time>
        <extensions><gpxtpx:TrackPointExtension>
          <gpxtpx:hr>161</gpxtpx:hr>
        </gpxtpx:TrackPointExtension></extensions>
      </trkpt>
      <trkpt lat="32.034328" lon="118.705465">
        <ele>20.0</ele>
        <time>2026-09-30T23:14:06Z</time>
        <extensions><gpxtpx:TrackPointExtension>
          <gpxtpx:hr>161</gpxtpx:hr>
        </gpxtpx:TrackPointExtension></extensions>
      </trkpt>
      <trkpt lat="32.034358" lon="118.705492">
        <ele>20.0</ele>
        <time>2026-09-30T23:14:07Z</time>
        <extensions><gpxtpx:TrackPointExtension>
          <gpxtpx:hr>161</gpxtpx:hr>
        </gpxtpx:TrackPointExtension></extensions>
      </trkpt>
      <trkpt lat="32.034387" lon="118.705518">
        <ele>20.0</ele>
        <time>2026-09-30T23:14:08Z</time>
        <extensions><gpxtpx:TrackPointExtension>
          <gpxtpx:hr>161</gpxtpx:hr>
        </gpxtpx:TrackPointExtension></extensions>
      </trkpt>
      <trkpt lat="32.034417" lon="118.705545">
        <ele>20.0</ele>
        <time>2026-09-30T23:14:09Z</time>
        <extensions><gpxtpx:TrackPointExtension>
          <gpxtpx:hr>160</gpxtpx:hr>
        </gpxtpx:TrackPointExtension></extensions>
      </trkpt>
      <trkpt lat="32.034447" lon="118.705572">
        <ele>20.0</ele>
        <time>2026-09-30T23:14:10Z</time>
        <extensions><gpxtpx:TrackPointExtension>
          <gpxtpx:hr>160</gpxtpx:hr>
        </gpxtpx:TrackPointExtension></extensions>
      </trkpt>
      <trkpt lat="32.034478" lon="118.705598">
        <ele>20.0</ele>
        <time>2026-09-30T23:14:11Z</time>
        <extensions><gpxtpx:TrackPointExtension>
          <gpxtpx:hr>160</gpxtpx:hr>
        </gpxtpx:TrackPointExtension></extensions>
      </trkpt>
      <trkpt lat="32.034509" lon="118.705624">
        <ele>20.0</ele>
        <time>2026-09-30T23:14:12Z</time>
        <extensions><gpxtpx:TrackPointExtension>
          <gpxtpx:hr>160</gpxtpx:hr>
        </gpxtpx:TrackPointExtension></extensions>
      </trkpt>
      <trkpt lat="32.03454" lon="118.70565">
        <ele>20.0</ele>
        <time>2026-09-30T23:14:13Z</time>
        <extensions><gpxtpx:TrackPointExtension>
          <gpxtpx:hr>160</gpxtpx:hr>
        </gpxtpx:TrackPointExtension></extensions>
      </trkpt>
      <trkpt lat="32.03457" lon="118.705675">
        <ele>20.0</ele>
        <time>2026-09-30T23:14:14Z</time>
        <extensions><gpxtpx:TrackPointExtension>
          <gpxtpx:hr>161</gpxtpx:hr>
        </gpxtpx:TrackPointExtension></extensions>
      </trkpt>
      <trkpt lat="32.034601" lon="118.705701">
        <ele>20.0</ele>
        <time>2026-09-30T23:14:15Z</time>
        <extensions><gpxtpx:TrackPointExtension>
          <gpxtpx:hr>161</gpxtpx:hr>
        </gpxtpx:TrackPointExtension></extensions>
      </trkpt>
      <trkpt lat="32.034631" lon="118.705727">
        <ele>20.0</ele>
        <time>2026-09-30T23:14:16Z</time>
        <extensions><gpxtpx:TrackPointExtension>
          <gpxtpx:hr>162</gpxtpx:hr>
        </gpxtpx:TrackPointExtension></extensions>
      </trkpt>
      <trkpt lat="32.03466" lon="118.705753">
        <ele>20.0</ele>
        <time>2026-09-30T23:14:17Z</time>
        <extensions><gpxtpx:TrackPointExtension>
          <gpxtpx:hr>161</gpxtpx:hr>
        </gpxtpx:TrackPointExtension></extensions>
      </trkpt>
      <trkpt lat="32.034687" lon="118.70578">
        <ele>19.0</ele>
        <time>2026-09-30T23:14:18Z</time>
        <extensions><gpxtpx:TrackPointExtension>
          <gpxtpx:hr>162</gpxtpx:hr>
        </gpxtpx:TrackPointExtension></extensions>
      </trkpt>
      <trkpt lat="32.034714" lon="118.705806">
        <ele>19.0</ele>
        <time>2026-09-30T23:14:19Z</time>
        <extensions><gpxtpx:TrackPointExtension>
          <gpxtpx:hr>161</gpxtpx:hr>
        </gpxtpx:TrackPointExtension></extensions>
      </trkpt>
      <trkpt lat="32.034741" lon="118.705833">
        <ele>19.0</ele>
        <time>2026-09-30T23:14:20Z</time>
        <extensions><gpxtpx:TrackPointExtension>
          <gpxtpx:hr>160</gpxtpx:hr>
        </gpxtpx:TrackPointExtension></extensions>
      </trkpt>
      <trkpt lat="32.034768" lon="118.705859">
        <ele>19.0</ele>
        <time>2026-09-30T23:14:21Z</time>
        <extensions><gpxtpx:TrackPointExtension>
          <gpxtpx:hr>160</gpxtpx:hr>
        </gpxtpx:TrackPointExtension></extensions>
      </trkpt>
      <trkpt lat="32.034795" lon="118.705885">
        <ele>19.0</ele>
        <time>2026-09-30T23:14:22Z</time>
        <extensions><gpxtpx:TrackPointExtension>
          <gpxtpx:hr>160</gpxtpx:hr>
        </gpxtpx:TrackPointExtension></extensions>
      </trkpt>
      <trkpt lat="32.034823" lon="118.70591">
        <ele>19.0</ele>
        <time>2026-09-30T23:14:23Z</time>
        <extensions><gpxtpx:TrackPointExtension>
          <gpxtpx:hr>160</gpxtpx:hr>
        </gpxtpx:TrackPointExtension></extensions>
      </trkpt>
      <trkpt lat="32.034852" lon="118.705935">
        <ele>19.0</ele>
        <time>2026-09-30T23:14:24Z</time>
        <extensions><gpxtpx:TrackPointExtension>
          <gpxtpx:hr>160</gpxtpx:hr>
        </gpxtpx:TrackPointExtension></extensions>
      </trkpt>
      <trkpt lat="32.034882" lon="118.705959">
        <ele>19.0</ele>
        <time>2026-09-30T23:14:25Z</time>
        <extensions><gpxtpx:TrackPointExtension>
          <gpxtpx:hr>159</gpxtpx:hr>
        </gpxtpx:TrackPointExtension></extensions>
      </trkpt>
      <trkpt lat="32.034912" lon="118.705983">
        <ele>19.0</ele>
        <time>2026-09-30T23:14:26Z</time>
        <extensions><gpxtpx:TrackPointExtension>
          <gpxtpx:hr>159</gpxtpx:hr>
        </gpxtpx:TrackPointExtension></extensions>
      </trkpt>
      <trkpt lat="32.034942" lon="118.706007">
        <ele>19.0</ele>
        <time>2026-09-30T23:14:27Z</time>
        <extensions><gpxtpx:TrackPointExtension>
          <gpxtpx:hr>159</gpxtpx:hr>
        </gpxtpx:TrackPointExtension></extensions>
      </trkpt>
      <trkpt lat="32.034972" lon="118.70603">
        <ele>19.0</ele>
        <time>2026-09-30T23:14:28Z</time>
        <extensions><gpxtpx:TrackPointExtension>
          <gpxtpx:hr>160</gpxtpx:hr>
        </gpxtpx:TrackPointExtension></extensions>
      </trkpt>
      <trkpt lat="32.035003" lon="118.706053">
        <ele>19.0</ele>
        <time>2026-09-30T23:14:29Z</time>
        <extensions><gpxtpx:TrackPointExtension>
          <gpxtpx:hr>160</gpxtpx:hr>
        </gpxtpx:TrackPointExtension></extensions>
      </trkpt>
      <trkpt lat="32.035033" lon="118.706076">
        <ele>19.0</ele>
        <time>2026-09-30T23:14:30Z</time>
        <extensions><gpxtpx:TrackPointExtension>
          <gpxtpx:hr>161</gpxtpx:hr>
        </gpxtpx:TrackPointExtension></extensions>
      </trkpt>
      <trkpt lat="32.035064" lon="118.706099">
        <ele>19.0</ele>
        <time>2026-09-30T23:14:31Z</time>
        <extensions><gpxtpx:TrackPointExtension>
          <gpxtpx:hr>163</gpxtpx:hr>
        </gpxtpx:TrackPointExtension></extensions>
      </trkpt>
      <trkpt lat="32.035095" lon="118.706123">
        <ele>19.0</ele>
        <time>2026-09-30T23:14:32Z</time>
        <extensions><gpxtpx:TrackPointExtension>
          <gpxtpx:hr>164</gpxtpx:hr>
        </gpxtpx:TrackPointExtension></extensions>
      </trkpt>
      <trkpt lat="32.035126" lon="118.706146">
        <ele>19.0</ele>
        <time>2026-09-30T23:14:33Z</time>
        <extensions><gpxtpx:TrackPointExtension>
          <gpxtpx:hr>164</gpxtpx:hr>
        </gpxtpx:TrackPointExtension></extensions>
      </trkpt>
      <trkpt lat="32.035155" lon="118.706171">
        <ele>19.0</ele>
        <time>2026-09-30T23:14:34Z</time>
        <extensions><gpxtpx:TrackPointExtension>
          <gpxtpx:hr>164</gpxtpx:hr>
        </gpxtpx:TrackPointExtension></extensions>
      </trkpt>
      <trkpt lat="32.035184" lon="118.706196">
        <ele>19.0</ele>
        <time>2026-09-30T23:14:35Z</time>
        <extensions><gpxtpx:TrackPointExtension>
          <gpxtpx:hr>164</gpxtpx:hr>
        </gpxtpx:TrackPointExtension></extensions>
      </trkpt>
      <trkpt lat="32.035213" lon="118.706221">
        <ele>19.0</ele>
        <time>2026-09-30T23:14:36Z</time>
        <extensions><gpxtpx:TrackPointExtension>
          <gpxtpx:hr>164</gpxtpx:hr>
        </gpxtpx:TrackPointExtension></extensions>
      </trkpt>
      <trkpt lat="32.035242" lon="118.706247">
        <ele>19.0</ele>
        <time>2026-09-30T23:14:37Z</time>
        <extensions><gpxtpx:TrackPointExtension>
          <gpxtpx:hr>163</gpxtpx:hr>
        </gpxtpx:TrackPointExtension></extensions>
      </trkpt>
      <trkpt lat="32.035271" lon="118.706272">
        <ele>19.0</ele>
        <time>2026-09-30T23:14:38Z</time>
        <extensions><gpxtpx:TrackPointExtension>
          <gpxtpx:hr>163</gpxtpx:hr>
        </gpxtpx:TrackPointExtension></extensions>
      </trkpt>
      <trkpt lat="32.035301" lon="118.706297">
        <ele>19.0</ele>
        <time>2026-09-30T23:14:39Z</time>
        <extensions><gpxtpx:TrackPointExtension>
          <gpxtpx:hr>163</gpxtpx:hr>
        </gpxtpx:TrackPointExtension></extensions>
      </trkpt>
      <trkpt lat="32.03533" lon="118.706321">
        <ele>19.0</ele>
        <time>2026-09-30T23:14:40Z</time>
        <extensions><gpxtpx:TrackPointExtension>
          <gpxtpx:hr>164</gpxtpx:hr>
        </gpxtpx:TrackPointExtension></extensions>
      </trkpt>
      <trkpt lat="32.035359" lon="118.706346">
        <ele>19.0</ele>
        <time>2026-09-30T23:14:41Z</time>
        <extensions><gpxtpx:TrackPointExtension>
          <gpxtpx:hr>164</gpxtpx:hr>
        </gpxtpx:TrackPointExtension></extensions>
      </trkpt>
      <trkpt lat="32.035388" lon="118.70637">
        <ele>19.0</ele>
        <time>2026-09-30T23:14:42Z</time>
        <extensions><gpxtpx:TrackPointExtension>
          <gpxtpx:hr>164</gpxtpx:hr>
        </gpxtpx:TrackPointExtension></extensions>
      </trkpt>
      <trkpt lat="32.035418" lon="118.706393">
        <ele>19.0</ele>
        <time>2026-09-30T23:14:43Z</time>
        <extensions><gpxtpx:TrackPointExtension>
          <gpxtpx:hr>164</gpxtpx:hr>
        </gpxtpx:TrackPointExtension></extensions>
      </trkpt>
      <trkpt lat="32.035447" lon="118.706415">
        <ele>19.0</ele>
        <time>2026-09-30T23:14:44Z</time>
        <extensions><gpxtpx:TrackPointExtension>
          <gpxtpx:hr>164</gpxtpx:hr>
        </gpxtpx:TrackPointExtension></extensions>
      </trkpt>
      <trkpt lat="32.035477" lon="118.706436">
        <ele>19.0</ele>
        <time>2026-09-30T23:14:45Z</time>
        <extensions><gpxtpx:TrackPointExtension>
          <gpxtpx:hr>165</gpxtpx:hr>
        </gpxtpx:TrackPointExtension></extensions>
      </trkpt>
      <trkpt lat="32.035508" lon="118.706456">
        <ele>19.0</ele>
        <time>2026-09-30T23:14:46Z</time>
        <extensions><gpxtpx:TrackPointExtension>
          <gpxtpx:hr>165</gpxtpx:hr>
        </gpxtpx:TrackPointExtension></extensions>
      </trkpt>
      <trkpt lat="32.035539" lon="118.706476">
        <ele>19.0</ele>
        <time>2026-09-30T23:14:47Z</time>
        <extensions><gpxtpx:TrackPointExtension>
          <gpxtpx:hr>165</gpxtpx:hr>
        </gpxtpx:TrackPointExtension></extensions>
      </trkpt>
      <trkpt lat="32.03557" lon="118.706496">
        <ele>19.0</ele>
        <time>2026-09-30T23:14:48Z</time>
        <extensions><gpxtpx:TrackPointExtension>
          <gpxtpx:hr>165</gpxtpx:hr>
        </gpxtpx:TrackPointExtension></extensions>
      </trkpt>
      <trkpt lat="32.035602" lon="118.706516">
        <ele>19.0</ele>
        <time>2026-09-30T23:14:49Z</time>
        <extensions><gpxtpx:TrackPointExtension>
          <gpxtpx:hr>165</gpxtpx:hr>
        </gpxtpx:TrackPointExtension></extensions>
      </trkpt>
      <trkpt lat="32.035633" lon="118.706537">
        <ele>19.0</ele>
        <time>2026-09-30T23:14:50Z</time>
        <extensions><gpxtpx:TrackPointExtension>
          <gpxtpx:hr>165</gpxtpx:hr>
        </gpxtpx:TrackPointExtension></extensions>
      </trkpt>
      <trkpt lat="32.035665" lon="118.70656">
        <ele>19.0</ele>
        <time>2026-09-30T23:14:51Z</time>
        <extensions><gpxtpx:TrackPointExtension>
          <gpxtpx:hr>165</gpxtpx:hr>
        </gpxtpx:TrackPointExtension></extensions>
      </trkpt>
      <trkpt lat="32.035696" lon="118.706584">
        <ele>19.0</ele>
        <time>2026-09-30T23:14:52Z</time>
        <extensions><gpxtpx:TrackPointExtension>
          <gpxtpx:hr>165</gpxtpx:hr>
        </gpxtpx:TrackPointExtension></extensions>
      </trkpt>
      <trkpt lat="32.035726" lon="118.706608">
        <ele>19.0</ele>
        <time>2026-09-30T23:14:53Z</time>
        <extensions><gpxtpx:TrackPointExtension>
          <gpxtpx:hr>165</gpxtpx:hr>
        </gpxtpx:TrackPointExtension></extensions>
      </trkpt>
      <trkpt lat="32.035756" lon="118.706633">
        <ele>19.0</ele>
        <time>2026-09-30T23:14:54Z</time>
        <extensions><gpxtpx:TrackPointExtension>
          <gpxtpx:hr>165</gpxtpx:hr>
        </gpxtpx:TrackPointExtension></extensions>
      </trkpt>
      <trkpt lat="32.035786" lon="118.706659">
        <ele>19.0</ele>
        <time>2026-09-30T23:14:55Z</time>
        <extensions><gpxtpx:TrackPointExtension>
          <gpxtpx:hr>165</gpxtpx:hr>
        </gpxtpx:TrackPointExtension></extensions>
      </trkpt>
      <trkpt lat="32.035816" lon="118.706686">
        <ele>19.0</ele>
        <time>2026-09-30T23:14:56Z</time>
        <extensions><gpxtpx:TrackPointExtension>
          <gpxtpx:hr>165</gpxtpx:hr>
        </gpxtpx:TrackPointExtension></extensions>
      </trkpt>
      <trkpt lat="32.035846" lon="118.706713">
        <ele>19.0</ele>
        <time>2026-09-30T23:14:57Z</time>
        <extensions><gpxtpx:TrackPointExtension>
          <gpxtpx:hr>165</gpxtpx:hr>
        </gpxtpx:TrackPointExtension></extensions>
      </trkpt>
      <trkpt lat="32.035876" lon="118.706739">
        <ele>19.0</ele>
        <time>2026-09-30T23:14:58Z</time>
        <extensions><gpxtpx:TrackPointExtension>
          <gpxtpx:hr>165</gpxtpx:hr>
        </gpxtpx:TrackPointExtension></extensions>
      </trkpt>
      <trkpt lat="32.035906" lon="118.706764">
        <ele>19.0</ele>
        <time>2026-09-30T23:14:59Z</time>
        <extensions><gpxtpx:TrackPointExtension>
          <gpxtpx:hr>165</gpxtpx:hr>
        </gpxtpx:TrackPointExtension></extensions>
      </trkpt>
      <trkpt lat="32.035937" lon="118.706788">
        <ele>19.0</ele>
        <time>2026-09-30T23:15:00Z</time>
        <extensions><gpxtpx:TrackPointExtension>
          <gpxtpx:hr>165</gpxtpx:hr>
        </gpxtpx:TrackPointExtension></extensions>
      </trkpt>
      <trkpt lat="32.035969" lon="118.706811">
        <ele>19.0</ele>
        <time>2026-09-30T23:15:01Z</time>
        <extensions><gpxtpx:TrackPointExtension>
          <gpxtpx:hr>165</gpxtpx:hr>
        </gpxtpx:TrackPointExtension></extensions>
      </trkpt>
      <trkpt lat="32.036001" lon="118.706833">
        <ele>19.0</ele>
        <time>2026-09-30T23:15:02Z</time>
        <extensions><gpxtpx:TrackPointExtension>
          <gpxtpx:hr>165</gpxtpx:hr>
        </gpxtpx:TrackPointExtension></extensions>
      </trkpt>
      <trkpt lat="32.036033" lon="118.706856">
        <ele>19.0</ele>
        <time>2026-09-30T23:15:03Z</time>
        <extensions><gpxtpx:TrackPointExtension>
          <gpxtpx:hr>165</gpxtpx:hr>
        </gpxtpx:TrackPointExtension></extensions>
      </trkpt>
      <trkpt lat="32.036065" lon="118.706879">
        <ele>19.0</ele>
        <time>2026-09-30T23:15:04Z</time>
        <extensions><gpxtpx:TrackPointExtension>
          <gpxtpx:hr>164</gpxtpx:hr>
        </gpxtpx:TrackPointExtension></extensions>
      </trkpt>
      <trkpt lat="32.036097" lon="118.706901">
        <ele>19.0</ele>
        <time>2026-09-30T23:15:05Z</time>
        <extensions><gpxtpx:TrackPointExtension>
          <gpxtpx:hr>165</gpxtpx:hr>
        </gpxtpx:TrackPointExtension></extensions>
      </trkpt>
      <trkpt lat="32.03613" lon="118.706924">
        <ele>19.0</ele>
        <time>2026-09-30T23:15:06Z</time>
        <extensions><gpxtpx:TrackPointExtension>
          <gpxtpx:hr>164</gpxtpx:hr>
        </gpxtpx:TrackPointExtension></extensions>
      </trkpt>
      <trkpt lat="32.036161" lon="118.706947">
        <ele>19.0</ele>
        <time>2026-09-30T23:15:07Z</time>
        <extensions><gpxtpx:TrackPointExtension>
          <gpxtpx:hr>164</gpxtpx:hr>
        </gpxtpx:TrackPointExtension></extensions>
      </trkpt>
      <trkpt lat="32.036192" lon="118.706971">
        <ele>19.0</ele>
        <time>2026-09-30T23:15:08Z</time>
        <extensions><gpxtpx:TrackPointExtension>
          <gpxtpx:hr>164</gpxtpx:hr>
        </gpxtpx:TrackPointExtension></extensions>
      </trkpt>
      <trkpt lat="32.036222" lon="118.706995">
        <ele>19.0</ele>
        <time>2026-09-30T23:15:09Z</time>
        <extensions><gpxtpx:TrackPointExtension>
          <gpxtpx:hr>164</gpxtpx:hr>
        </gpxtpx:TrackPointExtension></extensions>
      </trkpt>
      <trkpt lat="32.03625" lon="118.707019">
        <ele>19.0</ele>
        <time>2026-09-30T23:15:10Z</time>
        <extensions><gpxtpx:TrackPointExtension>
          <gpxtpx:hr>165</gpxtpx:hr>
        </gpxtpx:TrackPointExtension></extensions>
      </trkpt>
      <trkpt lat="32.036279" lon="118.707044">
        <ele>19.0</ele>
        <time>2026-09-30T23:15:11Z</time>
        <extensions><gpxtpx:TrackPointExtension>
          <gpxtpx:hr>165</gpxtpx:hr>
        </gpxtpx:TrackPointExtension></extensions>
      </trkpt>
      <trkpt lat="32.036308" lon="118.707068">
        <ele>19.0</ele>
        <time>2026-09-30T23:15:12Z</time>
        <extensions><gpxtpx:TrackPointExtension>
          <gpxtpx:hr>165</gpxtpx:hr>
        </gpxtpx:TrackPointExtension></extensions>
      </trkpt>
      <trkpt lat="32.036337" lon="118.707091">
        <ele>19.0</ele>
        <time>2026-09-30T23:15:13Z</time>
        <extensions><gpxtpx:TrackPointExtension>
          <gpxtpx:hr>165</gpxtpx:hr>
        </gpxtpx:TrackPointExtension></extensions>
      </trkpt>
      <trkpt lat="32.036367" lon="118.707115">
        <ele>19.0</ele>
        <time>2026-09-30T23:15:14Z</time>
        <extensions><gpxtpx:TrackPointExtension>
          <gpxtpx:hr>166</gpxtpx:hr>
        </gpxtpx:TrackPointExtension></extensions>
      </trkpt>
      <trkpt lat="32.036396" lon="118.707139">
        <ele>19.0</ele>
        <time>2026-09-30T23:15:15Z</time>
        <extensions><gpxtpx:TrackPointExtension>
          <gpxtpx:hr>166</gpxtpx:hr>
        </gpxtpx:TrackPointExtension></extensions>
      </trkpt>
      <trkpt lat="32.036425" lon="118.707163">
        <ele>19.0</ele>
        <time>2026-09-30T23:15:16Z</time>
        <extensions><gpxtpx:TrackPointExtension>
          <gpxtpx:hr>166</gpxtpx:hr>
        </gpxtpx:TrackPointExtension></extensions>
      </trkpt>
      <trkpt lat="32.036454" lon="118.707188">
        <ele>19.0</ele>
        <time>2026-09-30T23:15:17Z</time>
        <extensions><gpxtpx:TrackPointExtension>
          <gpxtpx:hr>166</gpxtpx:hr>
        </gpxtpx:TrackPointExtension></extensions>
      </trkpt>
      <trkpt lat="32.036482" lon="118.707214">
        <ele>19.0</ele>
        <time>2026-09-30T23:15:18Z</time>
        <extensions><gpxtpx:TrackPointExtension>
          <gpxtpx:hr>167</gpxtpx:hr>
        </gpxtpx:TrackPointExtension></extensions>
      </trkpt>
      <trkpt lat="32.03651" lon="118.70724">
        <ele>19.0</ele>
        <time>2026-09-30T23:15:19Z</time>
        <extensions><gpxtpx:TrackPointExtension>
          <gpxtpx:hr>167</gpxtpx:hr>
        </gpxtpx:TrackPointExtension></extensions>
      </trkpt>
      <trkpt lat="32.03654" lon="118.707266">
        <ele>19.0</ele>
        <time>2026-09-30T23:15:20Z</time>
        <extensions><gpxtpx:TrackPointExtension>
          <gpxtpx:hr>167</gpxtpx:hr>
        </gpxtpx:TrackPointExtension></extensions>
      </trkpt>
      <trkpt lat="32.036569" lon="118.707292">
        <ele>19.0</ele>
        <time>2026-09-30T23:15:21Z</time>
        <extensions><gpxtpx:TrackPointExtension>
          <gpxtpx:hr>167</gpxtpx:hr>
        </gpxtpx:TrackPointExtension></extensions>
      </trkpt>
      <trkpt lat="32.036599" lon="118.707317">
        <ele>18.0</ele>
        <time>2026-09-30T23:15:22Z</time>
        <extensions><gpxtpx:TrackPointExtension>
          <gpxtpx:hr>167</gpxtpx:hr>
        </gpxtpx:TrackPointExtension></extensions>
      </trkpt>
      <trkpt lat="32.036628" lon="118.707343">
        <ele>18.0</ele>
        <time>2026-09-30T23:15:23Z</time>
        <extensions><gpxtpx:TrackPointExtension>
          <gpxtpx:hr>167</gpxtpx:hr>
        </gpxtpx:TrackPointExtension></extensions>
      </trkpt>
      <trkpt lat="32.036657" lon="118.707369">
        <ele>18.0</ele>
        <time>2026-09-30T23:15:24Z</time>
        <extensions><gpxtpx:TrackPointExtension>
          <gpxtpx:hr>167</gpxtpx:hr>
        </gpxtpx:TrackPointExtension></extensions>
      </trkpt>
      <trkpt lat="32.036687" lon="118.707394">
        <ele>18.0</ele>
        <time>2026-09-30T23:15:25Z</time>
        <extensions><gpxtpx:TrackPointExtension>
          <gpxtpx:hr>168</gpxtpx:hr>
        </gpxtpx:TrackPointExtension></extensions>
      </trkpt>
      <trkpt lat="32.036716" lon="118.70742">
        <ele>18.0</ele>
        <time>2026-09-30T23:15:26Z</time>
        <extensions><gpxtpx:TrackPointExtension>
          <gpxtpx:hr>167</gpxtpx:hr>
        </gpxtpx:TrackPointExtension></extensions>
      </trkpt>
      <trkpt lat="32.036746" lon="118.707445">
        <ele>18.0</ele>
        <time>2026-09-30T23:15:27Z</time>
        <extensions><gpxtpx:TrackPointExtension>
          <gpxtpx:hr>167</gpxtpx:hr>
        </gpxtpx:TrackPointExtension></extensions>
      </trkpt>
      <trkpt lat="32.036776" lon="118.70747">
        <ele>18.0</ele>
        <time>2026-09-30T23:15:28Z</time>
        <extensions><gpxtpx:TrackPointExtension>
          <gpxtpx:hr>167</gpxtpx:hr>
        </gpxtpx:TrackPointExtension></extensions>
      </trkpt>
      <trkpt lat="32.036807" lon="118.707494">
        <ele>18.0</ele>
        <time>2026-09-30T23:15:29Z</time>
        <extensions><gpxtpx:TrackPointExtension>
          <gpxtpx:hr>167</gpxtpx:hr>
        </gpxtpx:TrackPointExtension></extensions>
      </trkpt>
      <trkpt lat="32.036838" lon="118.707518">
        <ele>18.0</ele>
        <time>2026-09-30T23:15:30Z</time>
        <extensions><gpxtpx:TrackPointExtension>
          <gpxtpx:hr>166</gpxtpx:hr>
        </gpxtpx:TrackPointExtension></extensions>
      </trkpt>
      <trkpt lat="32.036869" lon="118.707542">
        <ele>18.0</ele>
        <time>2026-09-30T23:15:31Z</time>
        <extensions><gpxtpx:TrackPointExtension>
          <gpxtpx:hr>166</gpxtpx:hr>
        </gpxtpx:TrackPointExtension></extensions>
      </trkpt>
      <trkpt lat="32.0369" lon="118.707564">
        <ele>18.0</ele>
        <time>2026-09-30T23:15:32Z</time>
        <extensions><gpxtpx:TrackPointExtension>
          <gpxtpx:hr>166</gpxtpx:hr>
        </gpxtpx:TrackPointExtension></extensions>
      </trkpt>
      <trkpt lat="32.036931" lon="118.707586">
        <ele>18.0</ele>
        <time>2026-09-30T23:15:33Z</time>
        <extensions><gpxtpx:TrackPointExtension>
          <gpxtpx:hr>166</gpxtpx:hr>
        </gpxtpx:TrackPointExtension></extensions>
      </trkpt>
      <trkpt lat="32.036963" lon="118.707607">
        <ele>18.0</ele>
        <time>2026-09-30T23:15:34Z</time>
        <extensions><gpxtpx:TrackPointExtension>
          <gpxtpx:hr>166</gpxtpx:hr>
        </gpxtpx:TrackPointExtension></extensions>
      </trkpt>
      <trkpt lat="32.036995" lon="118.707627">
        <ele>18.0</ele>
        <time>2026-09-30T23:15:35Z</time>
        <extensions><gpxtpx:TrackPointExtension>
          <gpxtpx:hr>165</gpxtpx:hr>
        </gpxtpx:TrackPointExtension></extensions>
      </trkpt>
      <trkpt lat="32.037026" lon="118.707647">
        <ele>18.0</ele>
        <time>2026-09-30T23:15:36Z</time>
        <extensions><gpxtpx:TrackPointExtension>
          <gpxtpx:hr>166</gpxtpx:hr>
        </gpxtpx:TrackPointExtension></extensions>
      </trkpt>
      <trkpt lat="32.037058" lon="118.707665">
        <ele>19.0</ele>
        <time>2026-09-30T23:15:37Z</time>
        <extensions><gpxtpx:TrackPointExtension>
          <gpxtpx:hr>166</gpxtpx:hr>
        </gpxtpx:TrackPointExtension></extensions>
      </trkpt>
      <trkpt lat="32.03709" lon="118.707683">
        <ele>19.0</ele>
        <time>2026-09-30T23:15:38Z</time>
        <extensions><gpxtpx:TrackPointExtension>
          <gpxtpx:hr>166</gpxtpx:hr>
        </gpxtpx:TrackPointExtension></extensions>
      </trkpt>
      <trkpt lat="32.037122" lon="118.7077">
        <ele>19.0</ele>
        <time>2026-09-30T23:15:39Z</time>
        <extensions><gpxtpx:TrackPointExtension>
          <gpxtpx:hr>166</gpxtpx:hr>
        </gpxtpx:TrackPointExtension></extensions>
      </trkpt>
      <trkpt lat="32.037154" lon="118.707718">
        <ele>19.0</ele>
        <time>2026-09-30T23:15:40Z</time>
        <extensions><gpxtpx:TrackPointExtension>
          <gpxtpx:hr>166</gpxtpx:hr>
        </gpxtpx:TrackPointExtension></extensions>
      </trkpt>
      <trkpt lat="32.037186" lon="118.707736">
        <ele>19.0</ele>
        <time>2026-09-30T23:15:41Z</time>
        <extensions><gpxtpx:TrackPointExtension>
          <gpxtpx:hr>166</gpxtpx:hr>
        </gpxtpx:TrackPointExtension></extensions>
      </trkpt>
      <trkpt lat="32.037219" lon="118.707754">
        <ele>19.0</ele>
        <time>2026-09-30T23:15:42Z</time>
        <extensions><gpxtpx:TrackPointExtension>
          <gpxtpx:hr>166</gpxtpx:hr>
        </gpxtpx:TrackPointExtension></extensions>
      </trkpt>
      <trkpt lat="32.037252" lon="118.707773">
        <ele>19.0</ele>
        <time>2026-09-30T23:15:43Z</time>
        <extensions><gpxtpx:TrackPointExtension>
          <gpxtpx:hr>166</gpxtpx:hr>
        </gpxtpx:TrackPointExtension></extensions>
      </trkpt>
      <trkpt lat="32.037285" lon="118.707793">
        <ele>19.0</ele>
        <time>2026-09-30T23:15:44Z</time>
        <extensions><gpxtpx:TrackPointExtension>
          <gpxtpx:hr>166</gpxtpx:hr>
        </gpxtpx:TrackPointExtension></extensions>
      </trkpt>
      <trkpt lat="32.037319" lon="118.707813">
        <ele>19.0</ele>
        <time>2026-09-30T23:15:45Z</time>
        <extensions><gpxtpx:TrackPointExtension>
          <gpxtpx:hr>166</gpxtpx:hr>
        </gpxtpx:TrackPointExtension></extensions>
      </trkpt>
      <trkpt lat="32.037351" lon="118.707834">
        <ele>19.0</ele>
        <time>2026-09-30T23:15:46Z</time>
        <extensions><gpxtpx:TrackPointExtension>
          <gpxtpx:hr>166</gpxtpx:hr>
        </gpxtpx:TrackPointExtension></extensions>
      </trkpt>
      <trkpt lat="32.037383" lon="118.707856">
        <ele>19.0</ele>
        <time>2026-09-30T23:15:47Z</time>
        <extensions><gpxtpx:TrackPointExtension>
          <gpxtpx:hr>166</gpxtpx:hr>
        </gpxtpx:TrackPointExtension></extensions>
      </trkpt>
      <trkpt lat="32.037413" lon="118.707877">
        <ele>19.0</ele>
        <time>2026-09-30T23:15:48Z</time>
        <extensions><gpxtpx:TrackPointExtension>
          <gpxtpx:hr>166</gpxtpx:hr>
        </gpxtpx:TrackPointExtension></extensions>
      </trkpt>
      <trkpt lat="32.037444" lon="118.707898">
        <ele>19.0</ele>
        <time>2026-09-30T23:15:49Z</time>
        <extensions><gpxtpx:TrackPointExtension>
          <gpxtpx:hr>165</gpxtpx:hr>
        </gpxtpx:TrackPointExtension></extensions>
      </trkpt>
      <trkpt lat="32.037475" lon="118.707919">
        <ele>19.0</ele>
        <time>2026-09-30T23:15:50Z</time>
        <extensions><gpxtpx:TrackPointExtension>
          <gpxtpx:hr>166</gpxtpx:hr>
        </gpxtpx:TrackPointExtension></extensions>
      </trkpt>
      <trkpt lat="32.037506" lon="118.707938">
        <ele>19.0</ele>
        <time>2026-09-30T23:15:51Z</time>
        <extensions><gpxtpx:TrackPointExtension>
          <gpxtpx:hr>166</gpxtpx:hr>
        </gpxtpx:TrackPointExtension></extensions>
      </trkpt>
      <trkpt lat="32.037538" lon="118.707958">
        <ele>19.0</ele>
        <time>2026-09-30T23:15:52Z</time>
        <extensions><gpxtpx:TrackPointExtension>
          <gpxtpx:hr>166</gpxtpx:hr>
        </gpxtpx:TrackPointExtension></extensions>
      </trkpt>
      <trkpt lat="32.03757" lon="118.707976">
        <ele>19.0</ele>
        <time>2026-09-30T23:15:53Z</time>
        <extensions><gpxtpx:TrackPointExtension>
          <gpxtpx:hr>165</gpxtpx:hr>
        </gpxtpx:TrackPointExtension></extensions>
      </trkpt>
      <trkpt lat="32.037603" lon="118.707995">
        <ele>19.0</ele>
        <time>2026-09-30T23:15:54Z</time>
        <extensions><gpxtpx:TrackPointExtension>
          <gpxtpx:hr>165</gpxtpx:hr>
        </gpxtpx:TrackPointExtension></extensions>
      </trkpt>
      <trkpt lat="32.037636" lon="118.708013">
        <ele>19.0</ele>
        <time>2026-09-30T23:15:55Z</time>
        <extensions><gpxtpx:TrackPointExtension>
          <gpxtpx:hr>165</gpxtpx:hr>
        </gpxtpx:TrackPointExtension></extensions>
      </trkpt>
      <trkpt lat="32.037669" lon="118.708032">
        <ele>19.0</ele>
        <time>2026-09-30T23:15:56Z</time>
        <extensions><gpxtpx:TrackPointExtension>
          <gpxtpx:hr>165</gpxtpx:hr>
        </gpxtpx:TrackPointExtension></extensions>
      </trkpt>
      <trkpt lat="32.037702" lon="118.708051">
        <ele>19.0</ele>
        <time>2026-09-30T23:15:57Z</time>
        <extensions><gpxtpx:TrackPointExtension>
          <gpxtpx:hr>165</gpxtpx:hr>
        </gpxtpx:TrackPointExtension></extensions>
      </trkpt>
      <trkpt lat="32.037735" lon="118.70807">
        <ele>19.0</ele>
        <time>2026-09-30T23:15:58Z</time>
        <extensions><gpxtpx:TrackPointExtension>
          <gpxtpx:hr>165</gpxtpx:hr>
        </gpxtpx:TrackPointExtension></extensions>
      </trkpt>
      <trkpt lat="32.037769" lon="118.708089">
        <ele>19.0</ele>
        <time>2026-09-30T23:15:59Z</time>
        <extensions><gpxtpx:TrackPointExtension>
          <gpxtpx:hr>165</gpxtpx:hr>
        </gpxtpx:TrackPointExtension></extensions>
      </trkpt>
      <trkpt lat="32.037803" lon="118.708109">
        <ele>19.0</ele>
        <time>2026-09-30T23:16:00Z</time>
        <extensions><gpxtpx:TrackPointExtension>
          <gpxtpx:hr>165</gpxtpx:hr>
        </gpxtpx:TrackPointExtension></extensions>
      </trkpt>
      <trkpt lat="32.037838" lon="118.708129">
        <ele>19.0</ele>
        <time>2026-09-30T23:16:01Z</time>
        <extensions><gpxtpx:TrackPointExtension>
          <gpxtpx:hr>166</gpxtpx:hr>
        </gpxtpx:TrackPointExtension></extensions>
      </trkpt>
      <trkpt lat="32.037873" lon="118.708148">
        <ele>19.0</ele>
        <time>2026-09-30T23:16:02Z</time>
        <extensions><gpxtpx:TrackPointExtension>
          <gpxtpx:hr>166</gpxtpx:hr>
        </gpxtpx:TrackPointExtension></extensions>
      </trkpt>
      <trkpt lat="32.037907" lon="118.708168">
        <ele>19.0</ele>
        <time>2026-09-30T23:16:03Z</time>
        <extensions><gpxtpx:TrackPointExtension>
          <gpxtpx:hr>166</gpxtpx:hr>
        </gpxtpx:TrackPointExtension></extensions>
      </trkpt>
      <trkpt lat="32.037941" lon="118.708186">
        <ele>19.0</ele>
        <time>2026-09-30T23:16:04Z</time>
        <extensions><gpxtpx:TrackPointExtension>
          <gpxtpx:hr>166</gpxtpx:hr>
        </gpxtpx:TrackPointExtension></extensions>
      </trkpt>
      <trkpt lat="32.037974" lon="118.708205">
        <ele>19.0</ele>
        <time>2026-09-30T23:16:05Z</time>
        <extensions><gpxtpx:TrackPointExtension>
          <gpxtpx:hr>166</gpxtpx:hr>
        </gpxtpx:TrackPointExtension></extensions>
      </trkpt>
      <trkpt lat="32.038007" lon="118.708224">
        <ele>19.0</ele>
        <time>2026-09-30T23:16:06Z</time>
        <extensions><gpxtpx:TrackPointExtension>
          <gpxtpx:hr>167</gpxtpx:hr>
        </gpxtpx:TrackPointExtension></extensions>
      </trkpt>
      <trkpt lat="32.03804" lon="118.708243">
        <ele>19.0</ele>
        <time>2026-09-30T23:16:07Z</time>
        <extensions><gpxtpx:TrackPointExtension>
          <gpxtpx:hr>167</gpxtpx:hr>
        </gpxtpx:TrackPointExtension></extensions>
      </trkpt>
      <trkpt lat="32.038073" lon="118.708261">
        <ele>19.0</ele>
        <time>2026-09-30T23:16:08Z</time>
        <extensions><gpxtpx:TrackPointExtension>
          <gpxtpx:hr>167</gpxtpx:hr>
        </gpxtpx:TrackPointExtension></extensions>
      </trkpt>
      <trkpt lat="32.038106" lon="118.708279">
        <ele>19.0</ele>
        <time>2026-09-30T23:16:09Z</time>
        <extensions><gpxtpx:TrackPointExtension>
          <gpxtpx:hr>167</gpxtpx:hr>
        </gpxtpx:TrackPointExtension></extensions>
      </trkpt>
      <trkpt lat="32.038139" lon="118.708298">
        <ele>19.0</ele>
        <time>2026-09-30T23:16:10Z</time>
        <extensions><gpxtpx:TrackPointExtension>
          <gpxtpx:hr>167</gpxtpx:hr>
        </gpxtpx:TrackPointExtension></extensions>
      </trkpt>
      <trkpt lat="32.038172" lon="118.708317">
        <ele>19.0</ele>
        <time>2026-09-30T23:16:11Z</time>
        <extensions><gpxtpx:TrackPointExtension>
          <gpxtpx:hr>167</gpxtpx:hr>
        </gpxtpx:TrackPointExtension></extensions>
      </trkpt>
      <trkpt lat="32.038204" lon="118.708336">
        <ele>19.0</ele>
        <time>2026-09-30T23:16:12Z</time>
        <extensions><gpxtpx:TrackPointExtension>
          <gpxtpx:hr>167</gpxtpx:hr>
        </gpxtpx:TrackPointExtension></extensions>
      </trkpt>
      <trkpt lat="32.038237" lon="118.708355">
        <ele>19.0</ele>
        <time>2026-09-30T23:16:13Z</time>
        <extensions><gpxtpx:TrackPointExtension>
          <gpxtpx:hr>168</gpxtpx:hr>
        </gpxtpx:TrackPointExtension></extensions>
      </trkpt>
      <trkpt lat="32.038269" lon="118.708374">
        <ele>19.0</ele>
        <time>2026-09-30T23:16:14Z</time>
        <extensions><gpxtpx:TrackPointExtension>
          <gpxtpx:hr>167</gpxtpx:hr>
        </gpxtpx:TrackPointExtension></extensions>
      </trkpt>
      <trkpt lat="32.038301" lon="118.708394">
        <ele>19.0</ele>
        <time>2026-09-30T23:16:15Z</time>
        <extensions><gpxtpx:TrackPointExtension>
          <gpxtpx:hr>168</gpxtpx:hr>
        </gpxtpx:TrackPointExtension></extensions>
      </trkpt>
      <trkpt lat="32.038331" lon="118.708414">
        <ele>19.0</ele>
        <time>2026-09-30T23:16:16Z</time>
        <extensions><gpxtpx:TrackPointExtension>
          <gpxtpx:hr>168</gpxtpx:hr>
        </gpxtpx:TrackPointExtension></extensions>
      </trkpt>
      <trkpt lat="32.038361" lon="118.708434">
        <ele>19.0</ele>
        <time>2026-09-30T23:16:17Z</time>
        <extensions><gpxtpx:TrackPointExtension>
          <gpxtpx:hr>168</gpxtpx:hr>
        </gpxtpx:TrackPointExtension></extensions>
      </trkpt>
      <trkpt lat="32.038392" lon="118.708454">
        <ele>19.0</ele>
        <time>2026-09-30T23:16:18Z</time>
        <extensions><gpxtpx:TrackPointExtension>
          <gpxtpx:hr>168</gpxtpx:hr>
        </gpxtpx:TrackPointExtension></extensions>
      </trkpt>
      <trkpt lat="32.038422" lon="118.708474">
        <ele>19.0</ele>
        <time>2026-09-30T23:16:19Z</time>
        <extensions><gpxtpx:TrackPointExtension>
          <gpxtpx:hr>167</gpxtpx:hr>
        </gpxtpx:TrackPointExtension></extensions>
      </trkpt>
      <trkpt lat="32.038452" lon="118.708493">
        <ele>19.0</ele>
        <time>2026-09-30T23:16:20Z</time>
        <extensions><gpxtpx:TrackPointExtension>
          <gpxtpx:hr>167</gpxtpx:hr>
        </gpxtpx:TrackPointExtension></extensions>
      </trkpt>
      <trkpt lat="32.038482" lon="118.708514">
        <ele>19.0</ele>
        <time>2026-09-30T23:16:21Z</time>
        <extensions><gpxtpx:TrackPointExtension>
          <gpxtpx:hr>167</gpxtpx:hr>
        </gpxtpx:TrackPointExtension></extensions>
      </trkpt>
      <trkpt lat="32.038513" lon="118.708534">
        <ele>19.0</ele>
        <time>2026-09-30T23:16:22Z</time>
        <extensions><gpxtpx:TrackPointExtension>
          <gpxtpx:hr>167</gpxtpx:hr>
        </gpxtpx:TrackPointExtension></extensions>
      </trkpt>
      <trkpt lat="32.038544" lon="118.708554">
        <ele>19.0</ele>
        <time>2026-09-30T23:16:23Z</time>
        <extensions><gpxtpx:TrackPointExtension>
          <gpxtpx:hr>168</gpxtpx:hr>
        </gpxtpx:TrackPointExtension></extensions>
      </trkpt>
      <trkpt lat="32.038577" lon="118.708574">
        <ele>19.0</ele>
        <time>2026-09-30T23:16:24Z</time>
        <extensions><gpxtpx:TrackPointExtension>
          <gpxtpx:hr>168</gpxtpx:hr>
        </gpxtpx:TrackPointExtension></extensions>
      </trkpt>
      <trkpt lat="32.03861" lon="118.708593">
        <ele>19.0</ele>
        <time>2026-09-30T23:16:25Z</time>
        <extensions><gpxtpx:TrackPointExtension>
          <gpxtpx:hr>169</gpxtpx:hr>
        </gpxtpx:TrackPointExtension></extensions>
      </trkpt>
      <trkpt lat="32.038643" lon="118.708611">
        <ele>19.0</ele>
        <time>2026-09-30T23:16:26Z</time>
        <extensions><gpxtpx:TrackPointExtension>
          <gpxtpx:hr>168</gpxtpx:hr>
        </gpxtpx:TrackPointExtension></extensions>
      </trkpt>
      <trkpt lat="32.038676" lon="118.708629">
        <ele>19.0</ele>
        <time>2026-09-30T23:16:27Z</time>
        <extensions><gpxtpx:TrackPointExtension>
          <gpxtpx:hr>168</gpxtpx:hr>
        </gpxtpx:TrackPointExtension></extensions>
      </trkpt>
      <trkpt lat="32.038708" lon="118.708647">
        <ele>19.0</ele>
        <time>2026-09-30T23:16:28Z</time>
        <extensions><gpxtpx:TrackPointExtension>
          <gpxtpx:hr>168</gpxtpx:hr>
        </gpxtpx:TrackPointExtension></extensions>
      </trkpt>
      <trkpt lat="32.038741" lon="118.708664">
        <ele>19.0</ele>
        <time>2026-09-30T23:16:29Z</time>
        <extensions><gpxtpx:TrackPointExtension>
          <gpxtpx:hr>168</gpxtpx:hr>
        </gpxtpx:TrackPointExtension></extensions>
      </trkpt>
      <trkpt lat="32.038774" lon="118.708682">
        <ele>18.0</ele>
        <time>2026-09-30T23:16:30Z</time>
        <extensions><gpxtpx:TrackPointExtension>
          <gpxtpx:hr>168</gpxtpx:hr>
        </gpxtpx:TrackPointExtension></extensions>
      </trkpt>
      <trkpt lat="32.038806" lon="118.7087">
        <ele>18.0</ele>
        <time>2026-09-30T23:16:31Z</time>
        <extensions><gpxtpx:TrackPointExtension>
          <gpxtpx:hr>168</gpxtpx:hr>
        </gpxtpx:TrackPointExtension></extensions>
      </trkpt>
      <trkpt lat="32.038837" lon="118.708718">
        <ele>18.0</ele>
        <time>2026-09-30T23:16:32Z</time>
        <extensions><gpxtpx:TrackPointExtension>
          <gpxtpx:hr>169</gpxtpx:hr>
        </gpxtpx:TrackPointExtension></extensions>
      </trkpt>
      <trkpt lat="32.038869" lon="118.708737">
        <ele>18.0</ele>
        <time>2026-09-30T23:16:33Z</time>
        <extensions><gpxtpx:TrackPointExtension>
          <gpxtpx:hr>169</gpxtpx:hr>
        </gpxtpx:TrackPointExtension></extensions>
      </trkpt>
      <trkpt lat="32.038901" lon="118.708756">
        <ele>18.0</ele>
        <time>2026-09-30T23:16:34Z</time>
        <extensions><gpxtpx:TrackPointExtension>
          <gpxtpx:hr>169</gpxtpx:hr>
        </gpxtpx:TrackPointExtension></extensions>
      </trkpt>
      <trkpt lat="32.038933" lon="118.708775">
        <ele>18.0</ele>
        <time>2026-09-30T23:16:35Z</time>
        <extensions><gpxtpx:TrackPointExtension>
          <gpxtpx:hr>169</gpxtpx:hr>
        </gpxtpx:TrackPointExtension></extensions>
      </trkpt>
      <trkpt lat="32.038965" lon="118.708796">
        <ele>18.0</ele>
        <time>2026-09-30T23:16:36Z</time>
        <extensions><gpxtpx:TrackPointExtension>
          <gpxtpx:hr>168</gpxtpx:hr>
        </gpxtpx:TrackPointExtension></extensions>
      </trkpt>
      <trkpt lat="32.038997" lon="118.708817">
        <ele>18.0</ele>
        <time>2026-09-30T23:16:37Z</time>
        <extensions><gpxtpx:TrackPointExtension>
          <gpxtpx:hr>168</gpxtpx:hr>
        </gpxtpx:TrackPointExtension></extensions>
      </trkpt>
      <trkpt lat="32.039028" lon="118.708837">
        <ele>18.0</ele>
        <time>2026-09-30T23:16:38Z</time>
        <extensions><gpxtpx:TrackPointExtension>
          <gpxtpx:hr>168</gpxtpx:hr>
        </gpxtpx:TrackPointExtension></extensions>
      </trkpt>
      <trkpt lat="32.039059" lon="118.708857">
        <ele>18.0</ele>
        <time>2026-09-30T23:16:39Z</time>
        <extensions><gpxtpx:TrackPointExtension>
          <gpxtpx:hr>168</gpxtpx:hr>
        </gpxtpx:TrackPointExtension></extensions>
      </trkpt>
      <trkpt lat="32.039091" lon="118.708876">
        <ele>18.0</ele>
        <time>2026-09-30T23:16:40Z</time>
        <extensions><gpxtpx:TrackPointExtension>
          <gpxtpx:hr>168</gpxtpx:hr>
        </gpxtpx:TrackPointExtension></extensions>
      </trkpt>
      <trkpt lat="32.039122" lon="118.708895">
        <ele>19.0</ele>
        <time>2026-09-30T23:16:41Z</time>
        <extensions><gpxtpx:TrackPointExtension>
          <gpxtpx:hr>168</gpxtpx:hr>
        </gpxtpx:TrackPointExtension></extensions>
      </trkpt>
      <trkpt lat="32.039155" lon="118.708914">
        <ele>19.0</ele>
        <time>2026-09-30T23:16:42Z</time>
        <extensions><gpxtpx:TrackPointExtension>
          <gpxtpx:hr>168</gpxtpx:hr>
        </gpxtpx:TrackPointExtension></extensions>
      </trkpt>
      <trkpt lat="32.039187" lon="118.708933">
        <ele>19.0</ele>
        <time>2026-09-30T23:16:43Z</time>
        <extensions><gpxtpx:TrackPointExtension>
          <gpxtpx:hr>168</gpxtpx:hr>
        </gpxtpx:TrackPointExtension></extensions>
      </trkpt>
      <trkpt lat="32.039219" lon="118.708952">
        <ele>19.0</ele>
        <time>2026-09-30T23:16:44Z</time>
        <extensions><gpxtpx:TrackPointExtension>
          <gpxtpx:hr>167</gpxtpx:hr>
        </gpxtpx:TrackPointExtension></extensions>
      </trkpt>
      <trkpt lat="32.039251" lon="118.708972">
        <ele>19.0</ele>
        <time>2026-09-30T23:16:45Z</time>
        <extensions><gpxtpx:TrackPointExtension>
          <gpxtpx:hr>167</gpxtpx:hr>
        </gpxtpx:TrackPointExtension></extensions>
      </trkpt>
      <trkpt lat="32.039283" lon="118.708991">
        <ele>19.0</ele>
        <time>2026-09-30T23:16:46Z</time>
        <extensions><gpxtpx:TrackPointExtension>
          <gpxtpx:hr>167</gpxtpx:hr>
        </gpxtpx:TrackPointExtension></extensions>
      </trkpt>
      <trkpt lat="32.039315" lon="118.70901">
        <ele>19.0</ele>
        <time>2026-09-30T23:16:47Z</time>
        <extensions><gpxtpx:TrackPointExtension>
          <gpxtpx:hr>167</gpxtpx:hr>
        </gpxtpx:TrackPointExtension></extensions>
      </trkpt>
      <trkpt lat="32.039348" lon="118.709029">
        <ele>19.0</ele>
        <time>2026-09-30T23:16:48Z</time>
        <extensions><gpxtpx:TrackPointExtension>
          <gpxtpx:hr>167</gpxtpx:hr>
        </gpxtpx:TrackPointExtension></extensions>
      </trkpt>
      <trkpt lat="32.03938" lon="118.709048">
        <ele>19.0</ele>
        <time>2026-09-30T23:16:49Z</time>
        <extensions><gpxtpx:TrackPointExtension>
          <gpxtpx:hr>167</gpxtpx:hr>
        </gpxtpx:TrackPointExtension></extensions>
      </trkpt>
      <trkpt lat="32.039412" lon="118.709068">
        <ele>19.0</ele>
        <time>2026-09-30T23:16:50Z</time>
        <extensions><gpxtpx:TrackPointExtension>
          <gpxtpx:hr>167</gpxtpx:hr>
        </gpxtpx:TrackPointExtension></extensions>
      </trkpt>
      <trkpt lat="32.039444" lon="118.709087">
        <ele>19.0</ele>
        <time>2026-09-30T23:16:51Z</time>
        <extensions><gpxtpx:TrackPointExtension>
          <gpxtpx:hr>168</gpxtpx:hr>
        </gpxtpx:TrackPointExtension></extensions>
      </trkpt>
      <trkpt lat="32.039477" lon="118.709107">
        <ele>19.0</ele>
        <time>2026-09-30T23:16:52Z</time>
        <extensions><gpxtpx:TrackPointExtension>
          <gpxtpx:hr>168</gpxtpx:hr>
        </gpxtpx:TrackPointExtension></extensions>
      </trkpt>
      <trkpt lat="32.039509" lon="118.709127">
        <ele>19.0</ele>
        <time>2026-09-30T23:16:53Z</time>
        <extensions><gpxtpx:TrackPointExtension>
          <gpxtpx:hr>167</gpxtpx:hr>
        </gpxtpx:TrackPointExtension></extensions>
      </trkpt>
      <trkpt lat="32.039543" lon="118.709146">
        <ele>18.0</ele>
        <time>2026-09-30T23:16:54Z</time>
        <extensions><gpxtpx:TrackPointExtension>
          <gpxtpx:hr>167</gpxtpx:hr>
        </gpxtpx:TrackPointExtension></extensions>
      </trkpt>
      <trkpt lat="32.039576" lon="118.709166">
        <ele>18.0</ele>
        <time>2026-09-30T23:16:55Z</time>
        <extensions><gpxtpx:TrackPointExtension>
          <gpxtpx:hr>167</gpxtpx:hr>
        </gpxtpx:TrackPointExtension></extensions>
      </trkpt>
      <trkpt lat="32.03961" lon="118.709185">
        <ele>18.0</ele>
        <time>2026-09-30T23:16:56Z</time>
        <extensions><gpxtpx:TrackPointExtension>
          <gpxtpx:hr>167</gpxtpx:hr>
        </gpxtpx:TrackPointExtension></extensions>
      </trkpt>
      <trkpt lat="32.039643" lon="118.709205">
        <ele>18.0</ele>
        <time>2026-09-30T23:16:57Z</time>
        <extensions><gpxtpx:TrackPointExtension>
          <gpxtpx:hr>167</gpxtpx:hr>
        </gpxtpx:TrackPointExtension></extensions>
      </trkpt>
      <trkpt lat="32.039676" lon="118.709226">
        <ele>18.0</ele>
        <time>2026-09-30T23:16:58Z</time>
        <extensions><gpxtpx:TrackPointExtension>
          <gpxtpx:hr>167</gpxtpx:hr>
        </gpxtpx:TrackPointExtension></extensions>
      </trkpt>
      <trkpt lat="32.039708" lon="118.709247">
        <ele>18.0</ele>
        <time>2026-09-30T23:16:59Z</time>
        <extensions><gpxtpx:TrackPointExtension>
          <gpxtpx:hr>167</gpxtpx:hr>
        </gpxtpx:TrackPointExtension></extensions>
      </trkpt>
      <trkpt lat="32.039741" lon="118.709267">
        <ele>18.0</ele>
        <time>2026-09-30T23:17:00Z</time>
        <extensions><gpxtpx:TrackPointExtension>
          <gpxtpx:hr>167</gpxtpx:hr>
        </gpxtpx:TrackPointExtension></extensions>
      </trkpt>
      <trkpt lat="32.039773" lon="118.709288">
        <ele>18.0</ele>
        <time>2026-09-30T23:17:01Z</time>
        <extensions><gpxtpx:TrackPointExtension>
          <gpxtpx:hr>167</gpxtpx:hr>
        </gpxtpx:TrackPointExtension></extensions>
      </trkpt>
      <trkpt lat="32.039806" lon="118.709308">
        <ele>18.0</ele>
        <time>2026-09-30T23:17:02Z</time>
        <extensions><gpxtpx:TrackPointExtension>
          <gpxtpx:hr>167</gpxtpx:hr>
        </gpxtpx:TrackPointExtension></extensions>
      </trkpt>
      <trkpt lat="32.039839" lon="118.709329">
        <ele>18.0</ele>
        <time>2026-09-30T23:17:03Z</time>
        <extensions><gpxtpx:TrackPointExtension>
          <gpxtpx:hr>167</gpxtpx:hr>
        </gpxtpx:TrackPointExtension></extensions>
      </trkpt>
      <trkpt lat="32.039872" lon="118.709349">
        <ele>18.0</ele>
        <time>2026-09-30T23:17:04Z</time>
        <extensions><gpxtpx:TrackPointExtension>
          <gpxtpx:hr>167</gpxtpx:hr>
        </gpxtpx:TrackPointExtension></extensions>
      </trkpt>
      <trkpt lat="32.039905" lon="118.70937">
        <ele>18.0</ele>
        <time>2026-09-30T23:17:05Z</time>
        <extensions><gpxtpx:TrackPointExtension>
          <gpxtpx:hr>166</gpxtpx:hr>
        </gpxtpx:TrackPointExtension></extensions>
      </trkpt>
      <trkpt lat="32.039937" lon="118.709391">
        <ele>18.0</ele>
        <time>2026-09-30T23:17:06Z</time>
        <extensions><gpxtpx:TrackPointExtension>
          <gpxtpx:hr>167</gpxtpx:hr>
        </gpxtpx:TrackPointExtension></extensions>
      </trkpt>
      <trkpt lat="32.039969" lon="118.709412">
        <ele>18.0</ele>
        <time>2026-09-30T23:17:07Z</time>
        <extensions><gpxtpx:TrackPointExtension>
          <gpxtpx:hr>167</gpxtpx:hr>
        </gpxtpx:TrackPointExtension></extensions>
      </trkpt>
      <trkpt lat="32.04" lon="118.709433">
        <ele>18.0</ele>
        <time>2026-09-30T23:17:08Z</time>
        <extensions><gpxtpx:TrackPointExtension>
          <gpxtpx:hr>167</gpxtpx:hr>
        </gpxtpx:TrackPointExtension></extensions>
      </trkpt>
      <trkpt lat="32.040032" lon="118.709453">
        <ele>18.0</ele>
        <time>2026-09-30T23:17:09Z</time>
        <extensions><gpxtpx:TrackPointExtension>
          <gpxtpx:hr>168</gpxtpx:hr>
        </gpxtpx:TrackPointExtension></extensions>
      </trkpt>
      <trkpt lat="32.040063" lon="118.709473">
        <ele>18.0</ele>
        <time>2026-09-30T23:17:10Z</time>
        <extensions><gpxtpx:TrackPointExtension>
          <gpxtpx:hr>168</gpxtpx:hr>
        </gpxtpx:TrackPointExtension></extensions>
      </trkpt>
      <trkpt lat="32.040095" lon="118.709493">
        <ele>18.0</ele>
        <time>2026-09-30T23:17:11Z</time>
        <extensions><gpxtpx:TrackPointExtension>
          <gpxtpx:hr>168</gpxtpx:hr>
        </gpxtpx:TrackPointExtension></extensions>
      </trkpt>
      <trkpt lat="32.040128" lon="118.709512">
        <ele>18.0</ele>
        <time>2026-09-30T23:17:12Z</time>
        <extensions><gpxtpx:TrackPointExtension>
          <gpxtpx:hr>168</gpxtpx:hr>
        </gpxtpx:TrackPointExtension></extensions>
      </trkpt>
      <trkpt lat="32.040161" lon="118.70953">
        <ele>18.0</ele>
        <time>2026-09-30T23:17:13Z</time>
        <extensions><gpxtpx:TrackPointExtension>
          <gpxtpx:hr>168</gpxtpx:hr>
        </gpxtpx:TrackPointExtension></extensions>
      </trkpt>
      <trkpt lat="32.040194" lon="118.709548">
        <ele>18.0</ele>
        <time>2026-09-30T23:17:14Z</time>
        <extensions><gpxtpx:TrackPointExtension>
          <gpxtpx:hr>168</gpxtpx:hr>
        </gpxtpx:TrackPointExtension></extensions>
      </trkpt>
      <trkpt lat="32.040228" lon="118.709567">
        <ele>18.0</ele>
        <time>2026-09-30T23:17:15Z</time>
        <extensions><gpxtpx:TrackPointExtension>
          <gpxtpx:hr>168</gpxtpx:hr>
        </gpxtpx:TrackPointExtension></extensions>
      </trkpt>
      <trkpt lat="32.040261" lon="118.709585">
        <ele>18.0</ele>
        <time>2026-09-30T23:17:16Z</time>
        <extensions><gpxtpx:TrackPointExtension>
          <gpxtpx:hr>168</gpxtpx:hr>
        </gpxtpx:TrackPointExtension></extensions>
      </trkpt>
      <trkpt lat="32.040295" lon="118.709602">
        <ele>18.0</ele>
        <time>2026-09-30T23:17:17Z</time>
        <extensions><gpxtpx:TrackPointExtension>
          <gpxtpx:hr>168</gpxtpx:hr>
        </gpxtpx:TrackPointExtension></extensions>
      </trkpt>
      <trkpt lat="32.040329" lon="118.70962">
        <ele>18.0</ele>
        <time>2026-09-30T23:17:18Z</time>
        <extensions><gpxtpx:TrackPointExtension>
          <gpxtpx:hr>168</gpxtpx:hr>
        </gpxtpx:TrackPointExtension></extensions>
      </trkpt>
      <trkpt lat="32.040364" lon="118.709635">
        <ele>18.0</ele>
        <time>2026-09-30T23:17:19Z</time>
        <extensions><gpxtpx:TrackPointExtension>
          <gpxtpx:hr>169</gpxtpx:hr>
        </gpxtpx:TrackPointExtension></extensions>
      </trkpt>
      <trkpt lat="32.040399" lon="118.709651">
        <ele>18.0</ele>
        <time>2026-09-30T23:17:20Z</time>
        <extensions><gpxtpx:TrackPointExtension>
          <gpxtpx:hr>169</gpxtpx:hr>
        </gpxtpx:TrackPointExtension></extensions>
      </trkpt>
      <trkpt lat="32.040433" lon="118.709667">
        <ele>18.0</ele>
        <time>2026-09-30T23:17:21Z</time>
        <extensions><gpxtpx:TrackPointExtension>
          <gpxtpx:hr>169</gpxtpx:hr>
        </gpxtpx:TrackPointExtension></extensions>
      </trkpt>
      <trkpt lat="32.040468" lon="118.709683">
        <ele>18.0</ele>
        <time>2026-09-30T23:17:22Z</time>
        <extensions><gpxtpx:TrackPointExtension>
          <gpxtpx:hr>169</gpxtpx:hr>
        </gpxtpx:TrackPointExtension></extensions>
      </trkpt>
      <trkpt lat="32.040502" lon="118.7097">
        <ele>18.0</ele>
        <time>2026-09-30T23:17:23Z</time>
        <extensions><gpxtpx:TrackPointExtension>
          <gpxtpx:hr>168</gpxtpx:hr>
        </gpxtpx:TrackPointExtension></extensions>
      </trkpt>
      <trkpt lat="32.040536" lon="118.709716">
        <ele>18.0</ele>
        <time>2026-09-30T23:17:24Z</time>
        <extensions><gpxtpx:TrackPointExtension>
          <gpxtpx:hr>168</gpxtpx:hr>
        </gpxtpx:TrackPointExtension></extensions>
      </trkpt>
      <trkpt lat="32.04057" lon="118.709733">
        <ele>18.0</ele>
        <time>2026-09-30T23:17:25Z</time>
        <extensions><gpxtpx:TrackPointExtension>
          <gpxtpx:hr>168</gpxtpx:hr>
        </gpxtpx:TrackPointExtension></extensions>
      </trkpt>
      <trkpt lat="32.040603" lon="118.70975">
        <ele>17.0</ele>
        <time>2026-09-30T23:17:26Z</time>
        <extensions><gpxtpx:TrackPointExtension>
          <gpxtpx:hr>168</gpxtpx:hr>
        </gpxtpx:TrackPointExtension></extensions>
      </trkpt>
      <trkpt lat="32.040637" lon="118.709767">
        <ele>17.0</ele>
        <time>2026-09-30T23:17:27Z</time>
        <extensions><gpxtpx:TrackPointExtension>
          <gpxtpx:hr>167</gpxtpx:hr>
        </gpxtpx:TrackPointExtension></extensions>
      </trkpt>
      <trkpt lat="32.040671" lon="118.709784">
        <ele>17.0</ele>
        <time>2026-09-30T23:17:28Z</time>
        <extensions><gpxtpx:TrackPointExtension>
          <gpxtpx:hr>167</gpxtpx:hr>
        </gpxtpx:TrackPointExtension></extensions>
      </trkpt>
      <trkpt lat="32.040704" lon="118.709801">
        <ele>17.0</ele>
        <time>2026-09-30T23:17:29Z</time>
        <extensions><gpxtpx:TrackPointExtension>
          <gpxtpx:hr>168</gpxtpx:hr>
        </gpxtpx:TrackPointExtension></extensions>
      </trkpt>
      <trkpt lat="32.040737" lon="118.709818">
        <ele>17.0</ele>
        <time>2026-09-30T23:17:30Z</time>
        <extensions><gpxtpx:TrackPointExtension>
          <gpxtpx:hr>168</gpxtpx:hr>
        </gpxtpx:TrackPointExtension></extensions>
      </trkpt>
      <trkpt lat="32.04077" lon="118.709836">
        <ele>17.0</ele>
        <time>2026-09-30T23:17:31Z</time>
        <extensions><gpxtpx:TrackPointExtension>
          <gpxtpx:hr>168</gpxtpx:hr>
        </gpxtpx:TrackPointExtension></extensions>
      </trkpt>
      <trkpt lat="32.040803" lon="118.709853">
        <ele>17.0</ele>
        <time>2026-09-30T23:17:32Z</time>
        <extensions><gpxtpx:TrackPointExtension>
          <gpxtpx:hr>168</gpxtpx:hr>
        </gpxtpx:TrackPointExtension></extensions>
      </trkpt>
      <trkpt lat="32.040835" lon="118.709872">
        <ele>17.0</ele>
        <time>2026-09-30T23:17:33Z</time>
        <extensions><gpxtpx:TrackPointExtension>
          <gpxtpx:hr>168</gpxtpx:hr>
        </gpxtpx:TrackPointExtension></extensions>
      </trkpt>
      <trkpt lat="32.040867" lon="118.70989">
        <ele>17.0</ele>
        <time>2026-09-30T23:17:34Z</time>
        <extensions><gpxtpx:TrackPointExtension>
          <gpxtpx:hr>168</gpxtpx:hr>
        </gpxtpx:TrackPointExtension></extensions>
      </trkpt>
      <trkpt lat="32.040901" lon="118.709906">
        <ele>17.0</ele>
        <time>2026-09-30T23:17:35Z</time>
        <extensions><gpxtpx:TrackPointExtension>
          <gpxtpx:hr>168</gpxtpx:hr>
        </gpxtpx:TrackPointExtension></extensions>
      </trkpt>
      <trkpt lat="32.040934" lon="118.709922">
        <ele>17.0</ele>
        <time>2026-09-30T23:17:36Z</time>
        <extensions><gpxtpx:TrackPointExtension>
          <gpxtpx:hr>168</gpxtpx:hr>
        </gpxtpx:TrackPointExtension></extensions>
      </trkpt>
      <trkpt lat="32.040968" lon="118.709937">
        <ele>17.0</ele>
        <time>2026-09-30T23:17:37Z</time>
        <extensions><gpxtpx:TrackPointExtension>
          <gpxtpx:hr>168</gpxtpx:hr>
        </gpxtpx:TrackPointExtension></extensions>
      </trkpt>
      <trkpt lat="32.041001" lon="118.709952">
        <ele>17.0</ele>
        <time>2026-09-30T23:17:38Z</time>
        <extensions><gpxtpx:TrackPointExtension>
          <gpxtpx:hr>168</gpxtpx:hr>
        </gpxtpx:TrackPointExtension></extensions>
      </trkpt>
      <trkpt lat="32.041035" lon="118.709968">
        <ele>17.0</ele>
        <time>2026-09-30T23:17:39Z</time>
        <extensions><gpxtpx:TrackPointExtension>
          <gpxtpx:hr>168</gpxtpx:hr>
        </gpxtpx:TrackPointExtension></extensions>
      </trkpt>
      <trkpt lat="32.041067" lon="118.709984">
        <ele>17.0</ele>
        <time>2026-09-30T23:17:40Z</time>
        <extensions><gpxtpx:TrackPointExtension>
          <gpxtpx:hr>168</gpxtpx:hr>
        </gpxtpx:TrackPointExtension></extensions>
      </trkpt>
      <trkpt lat="32.041099" lon="118.71">
        <ele>17.0</ele>
        <time>2026-09-30T23:17:41Z</time>
        <extensions><gpxtpx:TrackPointExtension>
          <gpxtpx:hr>168</gpxtpx:hr>
        </gpxtpx:TrackPointExtension></extensions>
      </trkpt>
      <trkpt lat="32.04113" lon="118.710017">
        <ele>17.0</ele>
        <time>2026-09-30T23:17:42Z</time>
        <extensions><gpxtpx:TrackPointExtension>
          <gpxtpx:hr>168</gpxtpx:hr>
        </gpxtpx:TrackPointExtension></extensions>
      </trkpt>
      <trkpt lat="32.041162" lon="118.710034">
        <ele>17.0</ele>
        <time>2026-09-30T23:17:43Z</time>
        <extensions><gpxtpx:TrackPointExtension>
          <gpxtpx:hr>168</gpxtpx:hr>
        </gpxtpx:TrackPointExtension></extensions>
      </trkpt>
      <trkpt lat="32.041194" lon="118.710051">
        <ele>17.0</ele>
        <time>2026-09-30T23:17:44Z</time>
        <extensions><gpxtpx:TrackPointExtension>
          <gpxtpx:hr>168</gpxtpx:hr>
        </gpxtpx:TrackPointExtension></extensions>
      </trkpt>
      <trkpt lat="32.041225" lon="118.710068">
        <ele>17.0</ele>
        <time>2026-09-30T23:17:45Z</time>
        <extensions><gpxtpx:TrackPointExtension>
          <gpxtpx:hr>168</gpxtpx:hr>
        </gpxtpx:TrackPointExtension></extensions>
      </trkpt>
      <trkpt lat="32.041256" lon="118.710086">
        <ele>17.0</ele>
        <time>2026-09-30T23:17:46Z</time>
        <extensions><gpxtpx:TrackPointExtension>
          <gpxtpx:hr>168</gpxtpx:hr>
        </gpxtpx:TrackPointExtension></extensions>
      </trkpt>
      <trkpt lat="32.041287" lon="118.710105">
        <ele>17.0</ele>
        <time>2026-09-30T23:17:47Z</time>
        <extensions><gpxtpx:TrackPointExtension>
          <gpxtpx:hr>168</gpxtpx:hr>
        </gpxtpx:TrackPointExtension></extensions>
      </trkpt>
      <trkpt lat="32.041318" lon="118.710123">
        <ele>17.0</ele>
        <time>2026-09-30T23:17:48Z</time>
        <extensions><gpxtpx:TrackPointExtension>
          <gpxtpx:hr>168</gpxtpx:hr>
        </gpxtpx:TrackPointExtension></extensions>
      </trkpt>
      <trkpt lat="32.041349" lon="118.71014">
        <ele>17.0</ele>
        <time>2026-09-30T23:17:49Z</time>
        <extensions><gpxtpx:TrackPointExtension>
          <gpxtpx:hr>168</gpxtpx:hr>
        </gpxtpx:TrackPointExtension></extensions>
      </trkpt>
      <trkpt lat="32.041381" lon="118.710158">
        <ele>17.0</ele>
        <time>2026-09-30T23:17:50Z</time>
        <extensions><gpxtpx:TrackPointExtension>
          <gpxtpx:hr>168</gpxtpx:hr>
        </gpxtpx:TrackPointExtension></extensions>
      </trkpt>
      <trkpt lat="32.041414" lon="118.710175">
        <ele>17.0</ele>
        <time>2026-09-30T23:17:51Z</time>
        <extensions><gpxtpx:TrackPointExtension>
          <gpxtpx:hr>168</gpxtpx:hr>
        </gpxtpx:TrackPointExtension></extensions>
      </trkpt>
      <trkpt lat="32.041448" lon="118.710192">
        <ele>17.0</ele>
        <time>2026-09-30T23:17:52Z</time>
        <extensions><gpxtpx:TrackPointExtension>
          <gpxtpx:hr>168</gpxtpx:hr>
        </gpxtpx:TrackPointExtension></extensions>
      </trkpt>
      <trkpt lat="32.041483" lon="118.710209">
        <ele>17.0</ele>
        <time>2026-09-30T23:17:53Z</time>
        <extensions><gpxtpx:TrackPointExtension>
          <gpxtpx:hr>168</gpxtpx:hr>
        </gpxtpx:TrackPointExtension></extensions>
      </trkpt>
      <trkpt lat="32.041517" lon="118.710226">
        <ele>17.0</ele>
        <time>2026-09-30T23:17:54Z</time>
        <extensions><gpxtpx:TrackPointExtension>
          <gpxtpx:hr>168</gpxtpx:hr>
        </gpxtpx:TrackPointExtension></extensions>
      </trkpt>
      <trkpt lat="32.041551" lon="118.710242">
        <ele>17.0</ele>
        <time>2026-09-30T23:17:55Z</time>
        <extensions><gpxtpx:TrackPointExtension>
          <gpxtpx:hr>168</gpxtpx:hr>
        </gpxtpx:TrackPointExtension></extensions>
      </trkpt>
      <trkpt lat="32.041586" lon="118.710257">
        <ele>17.0</ele>
        <time>2026-09-30T23:17:56Z</time>
        <extensions><gpxtpx:TrackPointExtension>
          <gpxtpx:hr>168</gpxtpx:hr>
        </gpxtpx:TrackPointExtension></extensions>
      </trkpt>
      <trkpt lat="32.04162" lon="118.710273">
        <ele>17.0</ele>
        <time>2026-09-30T23:17:57Z</time>
        <extensions><gpxtpx:TrackPointExtension>
          <gpxtpx:hr>168</gpxtpx:hr>
        </gpxtpx:TrackPointExtension></extensions>
      </trkpt>
      <trkpt lat="32.041653" lon="118.710289">
        <ele>17.0</ele>
        <time>2026-09-30T23:17:58Z</time>
        <extensions><gpxtpx:TrackPointExtension>
          <gpxtpx:hr>168</gpxtpx:hr>
        </gpxtpx:TrackPointExtension></extensions>
      </trkpt>
      <trkpt lat="32.041687" lon="118.710306">
        <ele>17.0</ele>
        <time>2026-09-30T23:17:59Z</time>
        <extensions><gpxtpx:TrackPointExtension>
          <gpxtpx:hr>168</gpxtpx:hr>
        </gpxtpx:TrackPointExtension></extensions>
      </trkpt>
      <trkpt lat="32.04172" lon="118.710322">
        <ele>17.0</ele>
        <time>2026-09-30T23:18:00Z</time>
        <extensions><gpxtpx:TrackPointExtension>
          <gpxtpx:hr>168</gpxtpx:hr>
        </gpxtpx:TrackPointExtension></extensions>
      </trkpt>
      <trkpt lat="32.041754" lon="118.71034">
        <ele>17.0</ele>
        <time>2026-09-30T23:18:01Z</time>
        <extensions><gpxtpx:TrackPointExtension>
          <gpxtpx:hr>168</gpxtpx:hr>
        </gpxtpx:TrackPointExtension></extensions>
      </trkpt>
      <trkpt lat="32.041787" lon="118.710357">
        <ele>17.0</ele>
        <time>2026-09-30T23:18:02Z</time>
        <extensions><gpxtpx:TrackPointExtension>
          <gpxtpx:hr>168</gpxtpx:hr>
        </gpxtpx:TrackPointExtension></extensions>
      </trkpt>
      <trkpt lat="32.041822" lon="118.710375">
        <ele>17.0</ele>
        <time>2026-09-30T23:18:03Z</time>
        <extensions><gpxtpx:TrackPointExtension>
          <gpxtpx:hr>168</gpxtpx:hr>
        </gpxtpx:TrackPointExtension></extensions>
      </trkpt>
      <trkpt lat="32.041857" lon="118.710393">
        <ele>17.0</ele>
        <time>2026-09-30T23:18:04Z</time>
        <extensions><gpxtpx:TrackPointExtension>
          <gpxtpx:hr>168</gpxtpx:hr>
        </gpxtpx:TrackPointExtension></extensions>
      </trkpt>
      <trkpt lat="32.041893" lon="118.71041">
        <ele>18.0</ele>
        <time>2026-09-30T23:18:05Z</time>
        <extensions><gpxtpx:TrackPointExtension>
          <gpxtpx:hr>168</gpxtpx:hr>
        </gpxtpx:TrackPointExtension></extensions>
      </trkpt>
      <trkpt lat="32.041928" lon="118.710427">
        <ele>18.0</ele>
        <time>2026-09-30T23:18:06Z</time>
        <extensions><gpxtpx:TrackPointExtension>
          <gpxtpx:hr>168</gpxtpx:hr>
        </gpxtpx:TrackPointExtension></extensions>
      </trkpt>
      <trkpt lat="32.041963" lon="118.710443">
        <ele>18.0</ele>
        <time>2026-09-30T23:18:07Z</time>
        <extensions><gpxtpx:TrackPointExtension>
          <gpxtpx:hr>168</gpxtpx:hr>
        </gpxtpx:TrackPointExtension></extensions>
      </trkpt>
      <trkpt lat="32.041998" lon="118.710459">
        <ele>18.0</ele>
        <time>2026-09-30T23:18:08Z</time>
        <extensions><gpxtpx:TrackPointExtension>
          <gpxtpx:hr>168</gpxtpx:hr>
        </gpxtpx:TrackPointExtension></extensions>
      </trkpt>
      <trkpt lat="32.042033" lon="118.710474">
        <ele>18.0</ele>
        <time>2026-09-30T23:18:09Z</time>
        <extensions><gpxtpx:TrackPointExtension>
          <gpxtpx:hr>168</gpxtpx:hr>
        </gpxtpx:TrackPointExtension></extensions>
      </trkpt>
      <trkpt lat="32.042068" lon="118.710489">
        <ele>18.0</ele>
        <time>2026-09-30T23:18:10Z</time>
        <extensions><gpxtpx:TrackPointExtension>
          <gpxtpx:hr>169</gpxtpx:hr>
        </gpxtpx:TrackPointExtension></extensions>
      </trkpt>
      <trkpt lat="32.042103" lon="118.710505">
        <ele>18.0</ele>
        <time>2026-09-30T23:18:11Z</time>
        <extensions><gpxtpx:TrackPointExtension>
          <gpxtpx:hr>169</gpxtpx:hr>
        </gpxtpx:TrackPointExtension></extensions>
      </trkpt>
      <trkpt lat="32.042138" lon="118.710521">
        <ele>18.0</ele>
        <time>2026-09-30T23:18:12Z</time>
        <extensions><gpxtpx:TrackPointExtension>
          <gpxtpx:hr>169</gpxtpx:hr>
        </gpxtpx:TrackPointExtension></extensions>
      </trkpt>
      <trkpt lat="32.042172" lon="118.710539">
        <ele>18.0</ele>
        <time>2026-09-30T23:18:13Z</time>
        <extensions><gpxtpx:TrackPointExtension>
          <gpxtpx:hr>169</gpxtpx:hr>
        </gpxtpx:TrackPointExtension></extensions>
      </trkpt>
      <trkpt lat="32.042206" lon="118.710557">
        <ele>18.0</ele>
        <time>2026-09-30T23:18:14Z</time>
        <extensions><gpxtpx:TrackPointExtension>
          <gpxtpx:hr>169</gpxtpx:hr>
        </gpxtpx:TrackPointExtension></extensions>
      </trkpt>
      <trkpt lat="32.04224" lon="118.710576">
        <ele>18.0</ele>
        <time>2026-09-30T23:18:15Z</time>
        <extensions><gpxtpx:TrackPointExtension>
          <gpxtpx:hr>169</gpxtpx:hr>
        </gpxtpx:TrackPointExtension></extensions>
      </trkpt>
      <trkpt lat="32.042273" lon="118.710595">
        <ele>18.0</ele>
        <time>2026-09-30T23:18:16Z</time>
        <extensions><gpxtpx:TrackPointExtension>
          <gpxtpx:hr>169</gpxtpx:hr>
        </gpxtpx:TrackPointExtension></extensions>
      </trkpt>
      <trkpt lat="32.042307" lon="118.710614">
        <ele>18.0</ele>
        <time>2026-09-30T23:18:17Z</time>
        <extensions><gpxtpx:TrackPointExtension>
          <gpxtpx:hr>169</gpxtpx:hr>
        </gpxtpx:TrackPointExtension></extensions>
      </trkpt>
      <trkpt lat="32.042341" lon="118.710632">
        <ele>17.0</ele>
        <time>2026-09-30T23:18:18Z</time>
        <extensions><gpxtpx:TrackPointExtension>
          <gpxtpx:hr>169</gpxtpx:hr>
        </gpxtpx:TrackPointExtension></extensions>
      </trkpt>
      <trkpt lat="32.042375" lon="118.71065">
        <ele>17.0</ele>
        <time>2026-09-30T23:18:19Z</time>
        <extensions><gpxtpx:TrackPointExtension>
          <gpxtpx:hr>169</gpxtpx:hr>
        </gpxtpx:TrackPointExtension></extensions>
      </trkpt>
      <trkpt lat="32.042409" lon="118.710668">
        <ele>17.0</ele>
        <time>2026-09-30T23:18:20Z</time>
        <extensions><gpxtpx:TrackPointExtension>
          <gpxtpx:hr>169</gpxtpx:hr>
        </gpxtpx:TrackPointExtension></extensions>
      </trkpt>
      <trkpt lat="32.042444" lon="118.710686">
        <ele>17.0</ele>
        <time>2026-09-30T23:18:21Z</time>
        <extensions><gpxtpx:TrackPointExtension>
          <gpxtpx:hr>169</gpxtpx:hr>
        </gpxtpx:TrackPointExtension></extensions>
      </trkpt>
      <trkpt lat="32.042479" lon="118.710704">
        <ele>17.0</ele>
        <time>2026-09-30T23:18:22Z</time>
        <extensions><gpxtpx:TrackPointExtension>
          <gpxtpx:hr>169</gpxtpx:hr>
        </gpxtpx:TrackPointExtension></extensions>
      </trkpt>
      <trkpt lat="32.042514" lon="118.710722">
        <ele>17.0</ele>
        <time>2026-09-30T23:18:23Z</time>
        <extensions><gpxtpx:TrackPointExtension>
          <gpxtpx:hr>170</gpxtpx:hr>
        </gpxtpx:TrackPointExtension></extensions>
      </trkpt>
      <trkpt lat="32.042548" lon="118.71074">
        <ele>17.0</ele>
        <time>2026-09-30T23:18:24Z</time>
        <extensions><gpxtpx:TrackPointExtension>
          <gpxtpx:hr>170</gpxtpx:hr>
        </gpxtpx:TrackPointExtension></extensions>
      </trkpt>
      <trkpt lat="32.042583" lon="118.710759">
        <ele>17.0</ele>
        <time>2026-09-30T23:18:25Z</time>
        <extensions><gpxtpx:TrackPointExtension>
          <gpxtpx:hr>170</gpxtpx:hr>
        </gpxtpx:TrackPointExtension></extensions>
      </trkpt>
      <trkpt lat="32.042616" lon="118.710777">
        <ele>17.0</ele>
        <time>2026-09-30T23:18:26Z</time>
        <extensions><gpxtpx:TrackPointExtension>
          <gpxtpx:hr>169</gpxtpx:hr>
        </gpxtpx:TrackPointExtension></extensions>
      </trkpt>
      <trkpt lat="32.04265" lon="118.710794">
        <ele>17.0</ele>
        <time>2026-09-30T23:18:27Z</time>
        <extensions><gpxtpx:TrackPointExtension>
          <gpxtpx:hr>170</gpxtpx:hr>
        </gpxtpx:TrackPointExtension></extensions>
      </trkpt>
      <trkpt lat="32.042684" lon="118.710812">
        <ele>17.0</ele>
        <time>2026-09-30T23:18:28Z</time>
        <extensions><gpxtpx:TrackPointExtension>
          <gpxtpx:hr>169</gpxtpx:hr>
        </gpxtpx:TrackPointExtension></extensions>
      </trkpt>
      <trkpt lat="32.042717" lon="118.710829">
        <ele>17.0</ele>
        <time>2026-09-30T23:18:29Z</time>
        <extensions><gpxtpx:TrackPointExtension>
          <gpxtpx:hr>170</gpxtpx:hr>
        </gpxtpx:TrackPointExtension></extensions>
      </trkpt>
      <trkpt lat="32.042749" lon="118.710848">
        <ele>17.0</ele>
        <time>2026-09-30T23:18:30Z</time>
        <extensions><gpxtpx:TrackPointExtension>
          <gpxtpx:hr>169</gpxtpx:hr>
        </gpxtpx:TrackPointExtension></extensions>
      </trkpt>
      <trkpt lat="32.04278" lon="118.710867">
        <ele>17.0</ele>
        <time>2026-09-30T23:18:31Z</time>
        <extensions><gpxtpx:TrackPointExtension>
          <gpxtpx:hr>169</gpxtpx:hr>
        </gpxtpx:TrackPointExtension></extensions>
      </trkpt>
      <trkpt lat="32.042811" lon="118.710885">
        <ele>17.0</ele>
        <time>2026-09-30T23:18:32Z</time>
        <extensions><gpxtpx:TrackPointExtension>
          <gpxtpx:hr>169</gpxtpx:hr>
        </gpxtpx:TrackPointExtension></extensions>
      </trkpt>
      <trkpt lat="32.04284" lon="118.710903">
        <ele>17.0</ele>
        <time>2026-09-30T23:18:33Z</time>
        <extensions><gpxtpx:TrackPointExtension>
          <gpxtpx:hr>169</gpxtpx:hr>
        </gpxtpx:TrackPointExtension></extensions>
      </trkpt>
      <trkpt lat="32.04287" lon="118.710921">
        <ele>17.0</ele>
        <time>2026-09-30T23:18:34Z</time>
        <extensions><gpxtpx:TrackPointExtension>
          <gpxtpx:hr>169</gpxtpx:hr>
        </gpxtpx:TrackPointExtension></extensions>
      </trkpt>
      <trkpt lat="32.0429" lon="118.710937">
        <ele>17.0</ele>
        <time>2026-09-30T23:18:35Z</time>
        <extensions><gpxtpx:TrackPointExtension>
          <gpxtpx:hr>169</gpxtpx:hr>
        </gpxtpx:TrackPointExtension></extensions>
      </trkpt>
      <trkpt lat="32.042931" lon="118.710953">
        <ele>17.0</ele>
        <time>2026-09-30T23:18:36Z</time>
        <extensions><gpxtpx:TrackPointExtension>
          <gpxtpx:hr>169</gpxtpx:hr>
        </gpxtpx:TrackPointExtension></extensions>
      </trkpt>
      <trkpt lat="32.042963" lon="118.710968">
        <ele>17.0</ele>
        <time>2026-09-30T23:18:37Z</time>
        <extensions><gpxtpx:TrackPointExtension>
          <gpxtpx:hr>169</gpxtpx:hr>
        </gpxtpx:TrackPointExtension></extensions>
      </trkpt>
      <trkpt lat="32.042997" lon="118.710981">
        <ele>17.0</ele>
        <time>2026-09-30T23:18:38Z</time>
        <extensions><gpxtpx:TrackPointExtension>
          <gpxtpx:hr>169</gpxtpx:hr>
        </gpxtpx:TrackPointExtension></extensions>
      </trkpt>
      <trkpt lat="32.043032" lon="118.710994">
        <ele>17.0</ele>
        <time>2026-09-30T23:18:39Z</time>
        <extensions><gpxtpx:TrackPointExtension>
          <gpxtpx:hr>169</gpxtpx:hr>
        </gpxtpx:TrackPointExtension></extensions>
      </trkpt>
      <trkpt lat="32.043067" lon="118.711007">
        <ele>17.0</ele>
        <time>2026-09-30T23:18:40Z</time>
        <extensions><gpxtpx:TrackPointExtension>
          <gpxtpx:hr>169</gpxtpx:hr>
        </gpxtpx:TrackPointExtension></extensions>
      </trkpt>
      <trkpt lat="32.043103" lon="118.711021">
        <ele>17.0</ele>
        <time>2026-09-30T23:18:41Z</time>
        <extensions><gpxtpx:TrackPointExtension>
          <gpxtpx:hr>169</gpxtpx:hr>
        </gpxtpx:TrackPointExtension></extensions>
      </trkpt>
      <trkpt lat="32.043138" lon="118.711034">
        <ele>17.0</ele>
        <time>2026-09-30T23:18:42Z</time>
        <extensions><gpxtpx:TrackPointExtension>
          <gpxtpx:hr>169</gpxtpx:hr>
        </gpxtpx:TrackPointExtension></extensions>
      </trkpt>
      <trkpt lat="32.043172" lon="118.711049">
        <ele>17.0</ele>
        <time>2026-09-30T23:18:43Z</time>
        <extensions><gpxtpx:TrackPointExtension>
          <gpxtpx:hr>169</gpxtpx:hr>
        </gpxtpx:TrackPointExtension></extensions>
      </trkpt>
      <trkpt lat="32.043205" lon="118.711064">
        <ele>17.0</ele>
        <time>2026-09-30T23:18:44Z</time>
        <extensions><gpxtpx:TrackPointExtension>
          <gpxtpx:hr>169</gpxtpx:hr>
        </gpxtpx:TrackPointExtension></extensions>
      </trkpt>
      <trkpt lat="32.043237" lon="118.711081">
        <ele>17.0</ele>
        <time>2026-09-30T23:18:45Z</time>
        <extensions><gpxtpx:TrackPointExtension>
          <gpxtpx:hr>170</gpxtpx:hr>
        </gpxtpx:TrackPointExtension></extensions>
      </trkpt>
      <trkpt lat="32.043268" lon="118.7111">
        <ele>16.0</ele>
        <time>2026-09-30T23:18:46Z</time>
        <extensions><gpxtpx:TrackPointExtension>
          <gpxtpx:hr>170</gpxtpx:hr>
        </gpxtpx:TrackPointExtension></extensions>
      </trkpt>
      <trkpt lat="32.043298" lon="118.711119">
        <ele>16.0</ele>
        <time>2026-09-30T23:18:47Z</time>
        <extensions><gpxtpx:TrackPointExtension>
          <gpxtpx:hr>170</gpxtpx:hr>
        </gpxtpx:TrackPointExtension></extensions>
      </trkpt>
      <trkpt lat="32.043329" lon="118.711139">
        <ele>16.0</ele>
        <time>2026-09-30T23:18:48Z</time>
        <extensions><gpxtpx:TrackPointExtension>
          <gpxtpx:hr>170</gpxtpx:hr>
        </gpxtpx:TrackPointExtension></extensions>
      </trkpt>
      <trkpt lat="32.043359" lon="118.71116">
        <ele>16.0</ele>
        <time>2026-09-30T23:18:49Z</time>
        <extensions><gpxtpx:TrackPointExtension>
          <gpxtpx:hr>170</gpxtpx:hr>
        </gpxtpx:TrackPointExtension></extensions>
      </trkpt>
      <trkpt lat="32.043389" lon="118.71118">
        <ele>16.0</ele>
        <time>2026-09-30T23:18:50Z</time>
        <extensions><gpxtpx:TrackPointExtension>
          <gpxtpx:hr>170</gpxtpx:hr>
        </gpxtpx:TrackPointExtension></extensions>
      </trkpt>
      <trkpt lat="32.04342" lon="118.711199">
        <ele>16.0</ele>
        <time>2026-09-30T23:18:51Z</time>
        <extensions><gpxtpx:TrackPointExtension>
          <gpxtpx:hr>170</gpxtpx:hr>
        </gpxtpx:TrackPointExtension></extensions>
      </trkpt>
      <trkpt lat="32.043451" lon="118.711218">
        <ele>16.0</ele>
        <time>2026-09-30T23:18:52Z</time>
        <extensions><gpxtpx:TrackPointExtension>
          <gpxtpx:hr>170</gpxtpx:hr>
        </gpxtpx:TrackPointExtension></extensions>
      </trkpt>
      <trkpt lat="32.043482" lon="118.711237">
        <ele>16.0</ele>
        <time>2026-09-30T23:18:53Z</time>
        <extensions><gpxtpx:TrackPointExtension>
          <gpxtpx:hr>170</gpxtpx:hr>
        </gpxtpx:TrackPointExtension></extensions>
      </trkpt>
      <trkpt lat="32.043514" lon="118.711255">
        <ele>16.0</ele>
        <time>2026-09-30T23:18:54Z</time>
        <extensions><gpxtpx:TrackPointExtension>
          <gpxtpx:hr>170</gpxtpx:hr>
        </gpxtpx:TrackPointExtension></extensions>
      </trkpt>
      <trkpt lat="32.043547" lon="118.711274">
        <ele>16.0</ele>
        <time>2026-09-30T23:18:55Z</time>
        <extensions><gpxtpx:TrackPointExtension>
          <gpxtpx:hr>170</gpxtpx:hr>
        </gpxtpx:TrackPointExtension></extensions>
      </trkpt>
      <trkpt lat="32.043581" lon="118.711291">
        <ele>16.0</ele>
        <time>2026-09-30T23:18:56Z</time>
        <extensions><gpxtpx:TrackPointExtension>
          <gpxtpx:hr>170</gpxtpx:hr>
        </gpxtpx:TrackPointExtension></extensions>
      </trkpt>
      <trkpt lat="32.043615" lon="118.711308">
        <ele>16.0</ele>
        <time>2026-09-30T23:18:57Z</time>
        <extensions><gpxtpx:TrackPointExtension>
          <gpxtpx:hr>170</gpxtpx:hr>
        </gpxtpx:TrackPointExtension></extensions>
      </trkpt>
      <trkpt lat="32.043651" lon="118.711326">
        <ele>16.0</ele>
        <time>2026-09-30T23:18:58Z</time>
        <extensions><gpxtpx:TrackPointExtension>
          <gpxtpx:hr>170</gpxtpx:hr>
        </gpxtpx:TrackPointExtension></extensions>
      </trkpt>
      <trkpt lat="32.043687" lon="118.711343">
        <ele>16.0</ele>
        <time>2026-09-30T23:18:59Z</time>
        <extensions><gpxtpx:TrackPointExtension>
          <gpxtpx:hr>171</gpxtpx:hr>
        </gpxtpx:TrackPointExtension></extensions>
      </trkpt>
      <trkpt lat="32.043723" lon="118.71136">
        <ele>16.0</ele>
        <time>2026-09-30T23:19:00Z</time>
        <extensions><gpxtpx:TrackPointExtension>
          <gpxtpx:hr>171</gpxtpx:hr>
        </gpxtpx:TrackPointExtension></extensions>
      </trkpt>
      <trkpt lat="32.043759" lon="118.711376">
        <ele>16.0</ele>
        <time>2026-09-30T23:19:01Z</time>
        <extensions><gpxtpx:TrackPointExtension>
          <gpxtpx:hr>171</gpxtpx:hr>
        </gpxtpx:TrackPointExtension></extensions>
      </trkpt>
      <trkpt lat="32.043795" lon="118.711391">
        <ele>16.0</ele>
        <time>2026-09-30T23:19:02Z</time>
        <extensions><gpxtpx:TrackPointExtension>
          <gpxtpx:hr>171</gpxtpx:hr>
        </gpxtpx:TrackPointExtension></extensions>
      </trkpt>
      <trkpt lat="32.04383" lon="118.711407">
        <ele>16.0</ele>
        <time>2026-09-30T23:19:03Z</time>
        <extensions><gpxtpx:TrackPointExtension>
          <gpxtpx:hr>171</gpxtpx:hr>
        </gpxtpx:TrackPointExtension></extensions>
      </trkpt>
      <trkpt lat="32.043864" lon="118.711422">
        <ele>16.0</ele>
        <time>2026-09-30T23:19:04Z</time>
        <extensions><gpxtpx:TrackPointExtension>
          <gpxtpx:hr>171</gpxtpx:hr>
        </gpxtpx:TrackPointExtension></extensions>
      </trkpt>
      <trkpt lat="32.043896" lon="118.711438">
        <ele>16.0</ele>
        <time>2026-09-30T23:19:05Z</time>
        <extensions><gpxtpx:TrackPointExtension>
          <gpxtpx:hr>171</gpxtpx:hr>
        </gpxtpx:TrackPointExtension></extensions>
      </trkpt>
      <trkpt lat="32.043927" lon="118.711454">
        <ele>16.0</ele>
        <time>2026-09-30T23:19:06Z</time>
        <extensions><gpxtpx:TrackPointExtension>
          <gpxtpx:hr>171</gpxtpx:hr>
        </gpxtpx:TrackPointExtension></extensions>
      </trkpt>
      <trkpt lat="32.043957" lon="118.711471">
        <ele>16.0</ele>
        <time>2026-09-30T23:19:07Z</time>
        <extensions><gpxtpx:TrackPointExtension>
          <gpxtpx:hr>171</gpxtpx:hr>
        </gpxtpx:TrackPointExtension></extensions>
      </trkpt>
      <trkpt lat="32.043987" lon="118.711488">
        <ele>16.0</ele>
        <time>2026-09-30T23:19:08Z</time>
        <extensions><gpxtpx:TrackPointExtension>
          <gpxtpx:hr>171</gpxtpx:hr>
        </gpxtpx:TrackPointExtension></extensions>
      </trkpt>
      <trkpt lat="32.044017" lon="118.711506">
        <ele>16.0</ele>
        <time>2026-09-30T23:19:09Z</time>
        <extensions><gpxtpx:TrackPointExtension>
          <gpxtpx:hr>171</gpxtpx:hr>
        </gpxtpx:TrackPointExtension></extensions>
      </trkpt>
      <trkpt lat="32.044047" lon="118.711525">
        <ele>16.0</ele>
        <time>2026-09-30T23:19:10Z</time>
        <extensions><gpxtpx:TrackPointExtension>
          <gpxtpx:hr>171</gpxtpx:hr>
        </gpxtpx:TrackPointExtension></extensions>
      </trkpt>
      <trkpt lat="32.044078" lon="118.711542">
        <ele>16.0</ele>
        <time>2026-09-30T23:19:11Z</time>
        <extensions><gpxtpx:TrackPointExtension>
          <gpxtpx:hr>171</gpxtpx:hr>
        </gpxtpx:TrackPointExtension></extensions>
      </trkpt>
      <trkpt lat="32.044109" lon="118.711559">
        <ele>16.0</ele>
        <time>2026-09-30T23:19:12Z</time>
        <extensions><gpxtpx:TrackPointExtension>
          <gpxtpx:hr>171</gpxtpx:hr>
        </gpxtpx:TrackPointExtension></extensions>
      </trkpt>
      <trkpt lat="32.044142" lon="118.711576">
        <ele>16.0</ele>
        <time>2026-09-30T23:19:13Z</time>
        <extensions><gpxtpx:TrackPointExtension>
          <gpxtpx:hr>172</gpxtpx:hr>
        </gpxtpx:TrackPointExtension></extensions>
      </trkpt>
      <trkpt lat="32.044176" lon="118.711593">
        <ele>16.0</ele>
        <time>2026-09-30T23:19:14Z</time>
        <extensions><gpxtpx:TrackPointExtension>
          <gpxtpx:hr>172</gpxtpx:hr>
        </gpxtpx:TrackPointExtension></extensions>
      </trkpt>
      <trkpt lat="32.04421" lon="118.71161">
        <ele>16.0</ele>
        <time>2026-09-30T23:19:15Z</time>
        <extensions><gpxtpx:TrackPointExtension>
          <gpxtpx:hr>172</gpxtpx:hr>
        </gpxtpx:TrackPointExtension></extensions>
      </trkpt>
      <trkpt lat="32.044244" lon="118.711628">
        <ele>16.0</ele>
        <time>2026-09-30T23:19:16Z</time>
        <extensions><gpxtpx:TrackPointExtension>
          <gpxtpx:hr>173</gpxtpx:hr>
        </gpxtpx:TrackPointExtension></extensions>
      </trkpt>
      <trkpt lat="32.044278" lon="118.711646">
        <ele>16.0</ele>
        <time>2026-09-30T23:19:17Z</time>
        <extensions><gpxtpx:TrackPointExtension>
          <gpxtpx:hr>173</gpxtpx:hr>
        </gpxtpx:TrackPointExtension></extensions>
      </trkpt>
      <trkpt lat="32.044312" lon="118.711664">
        <ele>16.0</ele>
        <time>2026-09-30T23:19:18Z</time>
        <extensions><gpxtpx:TrackPointExtension>
          <gpxtpx:hr>173</gpxtpx:hr>
        </gpxtpx:TrackPointExtension></extensions>
      </trkpt>
      <trkpt lat="32.044346" lon="118.711682">
        <ele>16.0</ele>
        <time>2026-09-30T23:19:19Z</time>
        <extensions><gpxtpx:TrackPointExtension>
          <gpxtpx:hr>173</gpxtpx:hr>
        </gpxtpx:TrackPointExtension></extensions>
      </trkpt>
      <trkpt lat="32.044381" lon="118.7117">
        <ele>16.0</ele>
        <time>2026-09-30T23:19:20Z</time>
        <extensions><gpxtpx:TrackPointExtension>
          <gpxtpx:hr>174</gpxtpx:hr>
        </gpxtpx:TrackPointExtension></extensions>
      </trkpt>
      <trkpt lat="32.044417" lon="118.711717">
        <ele>16.0</ele>
        <time>2026-09-30T23:19:21Z</time>
        <extensions><gpxtpx:TrackPointExtension>
          <gpxtpx:hr>175</gpxtpx:hr>
        </gpxtpx:TrackPointExtension></extensions>
      </trkpt>
      <trkpt lat="32.044452" lon="118.711734">
        <ele>16.0</ele>
        <time>2026-09-30T23:19:22Z</time>
        <extensions><gpxtpx:TrackPointExtension>
          <gpxtpx:hr>174</gpxtpx:hr>
        </gpxtpx:TrackPointExtension></extensions>
      </trkpt>
      <trkpt lat="32.044486" lon="118.711752">
        <ele>16.0</ele>
        <time>2026-09-30T23:19:23Z</time>
        <extensions><gpxtpx:TrackPointExtension>
          <gpxtpx:hr>175</gpxtpx:hr>
        </gpxtpx:TrackPointExtension></extensions>
      </trkpt>
      <trkpt lat="32.04452" lon="118.71177">
        <ele>16.0</ele>
        <time>2026-09-30T23:19:24Z</time>
        <extensions><gpxtpx:TrackPointExtension>
          <gpxtpx:hr>175</gpxtpx:hr>
        </gpxtpx:TrackPointExtension></extensions>
      </trkpt>
      <trkpt lat="32.044553" lon="118.711788">
        <ele>16.0</ele>
        <time>2026-09-30T23:19:25Z</time>
        <extensions><gpxtpx:TrackPointExtension>
          <gpxtpx:hr>176</gpxtpx:hr>
        </gpxtpx:TrackPointExtension></extensions>
      </trkpt>
      <trkpt lat="32.044586" lon="118.711805">
        <ele>15.0</ele>
        <time>2026-09-30T23:19:26Z</time>
        <extensions><gpxtpx:TrackPointExtension>
          <gpxtpx:hr>176</gpxtpx:hr>
        </gpxtpx:TrackPointExtension></extensions>
      </trkpt>
      <trkpt lat="32.044618" lon="118.711821">
        <ele>15.0</ele>
        <time>2026-09-30T23:19:27Z</time>
        <extensions><gpxtpx:TrackPointExtension>
          <gpxtpx:hr>176</gpxtpx:hr>
        </gpxtpx:TrackPointExtension></extensions>
      </trkpt>
      <trkpt lat="32.044651" lon="118.711837">
        <ele>15.0</ele>
        <time>2026-09-30T23:19:28Z</time>
        <extensions><gpxtpx:TrackPointExtension>
          <gpxtpx:hr>176</gpxtpx:hr>
        </gpxtpx:TrackPointExtension></extensions>
      </trkpt>
      <trkpt lat="32.044685" lon="118.711853">
        <ele>15.0</ele>
        <time>2026-09-30T23:19:29Z</time>
        <extensions><gpxtpx:TrackPointExtension>
          <gpxtpx:hr>176</gpxtpx:hr>
        </gpxtpx:TrackPointExtension></extensions>
      </trkpt>
      <trkpt lat="32.044719" lon="118.711868">
        <ele>15.0</ele>
        <time>2026-09-30T23:19:30Z</time>
        <extensions><gpxtpx:TrackPointExtension>
          <gpxtpx:hr>176</gpxtpx:hr>
        </gpxtpx:TrackPointExtension></extensions>
      </trkpt>
      <trkpt lat="32.044752" lon="118.711884">
        <ele>15.0</ele>
        <time>2026-09-30T23:19:31Z</time>
        <extensions><gpxtpx:TrackPointExtension>
          <gpxtpx:hr>176</gpxtpx:hr>
        </gpxtpx:TrackPointExtension></extensions>
      </trkpt>
      <trkpt lat="32.044786" lon="118.711899">
        <ele>15.0</ele>
        <time>2026-09-30T23:19:32Z</time>
        <extensions><gpxtpx:TrackPointExtension>
          <gpxtpx:hr>176</gpxtpx:hr>
        </gpxtpx:TrackPointExtension></extensions>
      </trkpt>
      <trkpt lat="32.044819" lon="118.711915">
        <ele>15.0</ele>
        <time>2026-09-30T23:19:33Z</time>
        <extensions><gpxtpx:TrackPointExtension>
          <gpxtpx:hr>175</gpxtpx:hr>
        </gpxtpx:TrackPointExtension></extensions>
      </trkpt>
      <trkpt lat="32.044851" lon="118.711932">
        <ele>15.0</ele>
        <time>2026-09-30T23:19:34Z</time>
        <extensions><gpxtpx:TrackPointExtension>
          <gpxtpx:hr>175</gpxtpx:hr>
        </gpxtpx:TrackPointExtension></extensions>
      </trkpt>
      <trkpt lat="32.044883" lon="118.711949">
        <ele>15.0</ele>
        <time>2026-09-30T23:19:35Z</time>
        <extensions><gpxtpx:TrackPointExtension>
          <gpxtpx:hr>175</gpxtpx:hr>
        </gpxtpx:TrackPointExtension></extensions>
      </trkpt>
      <trkpt lat="32.044916" lon="118.711967">
        <ele>15.0</ele>
        <time>2026-09-30T23:19:36Z</time>
        <extensions><gpxtpx:TrackPointExtension>
          <gpxtpx:hr>175</gpxtpx:hr>
        </gpxtpx:TrackPointExtension></extensions>
      </trkpt>
      <trkpt lat="32.044948" lon="118.711984">
        <ele>15.0</ele>
        <time>2026-09-30T23:19:37Z</time>
        <extensions><gpxtpx:TrackPointExtension>
          <gpxtpx:hr>174</gpxtpx:hr>
        </gpxtpx:TrackPointExtension></extensions>
      </trkpt>
      <trkpt lat="32.04498" lon="118.712001">
        <ele>15.0</ele>
        <time>2026-09-30T23:19:38Z</time>
        <extensions><gpxtpx:TrackPointExtension>
          <gpxtpx:hr>174</gpxtpx:hr>
        </gpxtpx:TrackPointExtension></extensions>
      </trkpt>
      <trkpt lat="32.045013" lon="118.712018">
        <ele>15.0</ele>
        <time>2026-09-30T23:19:39Z</time>
        <extensions><gpxtpx:TrackPointExtension>
          <gpxtpx:hr>173</gpxtpx:hr>
        </gpxtpx:TrackPointExtension></extensions>
      </trkpt>
      <trkpt lat="32.045046" lon="118.712035">
        <ele>15.0</ele>
        <time>2026-09-30T23:19:40Z</time>
        <extensions><gpxtpx:TrackPointExtension>
          <gpxtpx:hr>172</gpxtpx:hr>
        </gpxtpx:TrackPointExtension></extensions>
      </trkpt>
      <trkpt lat="32.045079" lon="118.712051">
        <ele>16.0</ele>
        <time>2026-09-30T23:19:41Z</time>
        <extensions><gpxtpx:TrackPointExtension>
          <gpxtpx:hr>172</gpxtpx:hr>
        </gpxtpx:TrackPointExtension></extensions>
      </trkpt>
      <trkpt lat="32.045112" lon="118.712067">
        <ele>15.0</ele>
        <time>2026-09-30T23:19:42Z</time>
        <extensions><gpxtpx:TrackPointExtension>
          <gpxtpx:hr>171</gpxtpx:hr>
        </gpxtpx:TrackPointExtension></extensions>
      </trkpt>
      <trkpt lat="32.045145" lon="118.712083">
        <ele>15.0</ele>
        <time>2026-09-30T23:19:43Z</time>
        <extensions><gpxtpx:TrackPointExtension>
          <gpxtpx:hr>171</gpxtpx:hr>
        </gpxtpx:TrackPointExtension></extensions>
      </trkpt>
      <trkpt lat="32.045178" lon="118.7121">
        <ele>15.0</ele>
        <time>2026-09-30T23:19:44Z</time>
        <extensions><gpxtpx:TrackPointExtension>
          <gpxtpx:hr>171</gpxtpx:hr>
        </gpxtpx:TrackPointExtension></extensions>
      </trkpt>
      <trkpt lat="32.045211" lon="118.712116">
        <ele>15.0</ele>
        <time>2026-09-30T23:19:45Z</time>
        <extensions><gpxtpx:TrackPointExtension>
          <gpxtpx:hr>171</gpxtpx:hr>
        </gpxtpx:TrackPointExtension></extensions>
      </trkpt>
      <trkpt lat="32.045244" lon="118.712133">
        <ele>15.0</ele>
        <time>2026-09-30T23:19:46Z</time>
        <extensions><gpxtpx:TrackPointExtension>
          <gpxtpx:hr>171</gpxtpx:hr>
        </gpxtpx:TrackPointExtension></extensions>
      </trkpt>
      <trkpt lat="32.045277" lon="118.712149">
        <ele>15.0</ele>
        <time>2026-09-30T23:19:47Z</time>
        <extensions><gpxtpx:TrackPointExtension>
          <gpxtpx:hr>171</gpxtpx:hr>
        </gpxtpx:TrackPointExtension></extensions>
      </trkpt>
      <trkpt lat="32.04531" lon="118.712166">
        <ele>15.0</ele>
        <time>2026-09-30T23:19:48Z</time>
        <extensions><gpxtpx:TrackPointExtension>
          <gpxtpx:hr>171</gpxtpx:hr>
        </gpxtpx:TrackPointExtension></extensions>
      </trkpt>
      <trkpt lat="32.045343" lon="118.712183">
        <ele>15.0</ele>
        <time>2026-09-30T23:19:49Z</time>
        <extensions><gpxtpx:TrackPointExtension>
          <gpxtpx:hr>171</gpxtpx:hr>
        </gpxtpx:TrackPointExtension></extensions>
      </trkpt>
      <trkpt lat="32.045376" lon="118.712201">
        <ele>15.0</ele>
        <time>2026-09-30T23:19:50Z</time>
        <extensions><gpxtpx:TrackPointExtension>
          <gpxtpx:hr>171</gpxtpx:hr>
        </gpxtpx:TrackPointExtension></extensions>
      </trkpt>
      <trkpt lat="32.045409" lon="118.712219">
        <ele>15.0</ele>
        <time>2026-09-30T23:19:51Z</time>
        <extensions><gpxtpx:TrackPointExtension>
          <gpxtpx:hr>171</gpxtpx:hr>
        </gpxtpx:TrackPointExtension></extensions>
      </trkpt>
      <trkpt lat="32.045441" lon="118.712237">
        <ele>15.0</ele>
        <time>2026-09-30T23:19:52Z</time>
        <extensions><gpxtpx:TrackPointExtension>
          <gpxtpx:hr>171</gpxtpx:hr>
        </gpxtpx:TrackPointExtension></extensions>
      </trkpt>
      <trkpt lat="32.045474" lon="118.712254">
        <ele>15.0</ele>
        <time>2026-09-30T23:19:53Z</time>
        <extensions><gpxtpx:TrackPointExtension>
          <gpxtpx:hr>171</gpxtpx:hr>
        </gpxtpx:TrackPointExtension></extensions>
      </trkpt>
      <trkpt lat="32.045506" lon="118.712272">
        <ele>15.0</ele>
        <time>2026-09-30T23:19:54Z</time>
        <extensions><gpxtpx:TrackPointExtension>
          <gpxtpx:hr>171</gpxtpx:hr>
        </gpxtpx:TrackPointExtension></extensions>
      </trkpt>
      <trkpt lat="32.045539" lon="118.712289">
        <ele>15.0</ele>
        <time>2026-09-30T23:19:55Z</time>
        <extensions><gpxtpx:TrackPointExtension>
          <gpxtpx:hr>171</gpxtpx:hr>
        </gpxtpx:TrackPointExtension></extensions>
      </trkpt>
      <trkpt lat="32.045573" lon="118.712306">
        <ele>15.0</ele>
        <time>2026-09-30T23:19:56Z</time>
        <extensions><gpxtpx:TrackPointExtension>
          <gpxtpx:hr>170</gpxtpx:hr>
        </gpxtpx:TrackPointExtension></extensions>
      </trkpt>
      <trkpt lat="32.045607" lon="118.712322">
        <ele>15.0</ele>
        <time>2026-09-30T23:19:57Z</time>
        <extensions><gpxtpx:TrackPointExtension>
          <gpxtpx:hr>170</gpxtpx:hr>
        </gpxtpx:TrackPointExtension></extensions>
      </trkpt>
      <trkpt lat="32.045642" lon="118.712338">
        <ele>15.0</ele>
        <time>2026-09-30T23:19:58Z</time>
        <extensions><gpxtpx:TrackPointExtension>
          <gpxtpx:hr>169</gpxtpx:hr>
        </gpxtpx:TrackPointExtension></extensions>
      </trkpt>
      <trkpt lat="32.045676" lon="118.712354">
        <ele>15.0</ele>
        <time>2026-09-30T23:19:59Z</time>
        <extensions><gpxtpx:TrackPointExtension>
          <gpxtpx:hr>170</gpxtpx:hr>
        </gpxtpx:TrackPointExtension></extensions>
      </trkpt>
      <trkpt lat="32.04571" lon="118.712371">
        <ele>15.0</ele>
        <time>2026-09-30T23:20:00Z</time>
        <extensions><gpxtpx:TrackPointExtension>
          <gpxtpx:hr>170</gpxtpx:hr>
        </gpxtpx:TrackPointExtension></extensions>
      </trkpt>
      <trkpt lat="32.045743" lon="118.712388">
        <ele>15.0</ele>
        <time>2026-09-30T23:20:01Z</time>
        <extensions><gpxtpx:TrackPointExtension>
          <gpxtpx:hr>170</gpxtpx:hr>
        </gpxtpx:TrackPointExtension></extensions>
      </trkpt>
      <trkpt lat="32.045775" lon="118.712405">
        <ele>15.0</ele>
        <time>2026-09-30T23:20:02Z</time>
        <extensions><gpxtpx:TrackPointExtension>
          <gpxtpx:hr>170</gpxtpx:hr>
        </gpxtpx:TrackPointExtension></extensions>
      </trkpt>
      <trkpt lat="32.045806" lon="118.712421">
        <ele>15.0</ele>
        <time>2026-09-30T23:20:03Z</time>
        <extensions><gpxtpx:TrackPointExtension>
          <gpxtpx:hr>171</gpxtpx:hr>
        </gpxtpx:TrackPointExtension></extensions>
      </trkpt>
      <trkpt lat="32.045838" lon="118.712437">
        <ele>15.0</ele>
        <time>2026-09-30T23:20:04Z</time>
        <extensions><gpxtpx:TrackPointExtension>
          <gpxtpx:hr>171</gpxtpx:hr>
        </gpxtpx:TrackPointExtension></extensions>
      </trkpt>
      <trkpt lat="32.045869" lon="118.712452">
        <ele>15.0</ele>
        <time>2026-09-30T23:20:05Z</time>
        <extensions><gpxtpx:TrackPointExtension>
          <gpxtpx:hr>171</gpxtpx:hr>
        </gpxtpx:TrackPointExtension></extensions>
      </trkpt>
      <trkpt lat="32.0459" lon="118.712468">
        <ele>15.0</ele>
        <time>2026-09-30T23:20:06Z</time>
        <extensions><gpxtpx:TrackPointExtension>
          <gpxtpx:hr>171</gpxtpx:hr>
        </gpxtpx:TrackPointExtension></extensions>
      </trkpt>
      <trkpt lat="32.045931" lon="118.712484">
        <ele>15.0</ele>
        <time>2026-09-30T23:20:07Z</time>
        <extensions><gpxtpx:TrackPointExtension>
          <gpxtpx:hr>171</gpxtpx:hr>
        </gpxtpx:TrackPointExtension></extensions>
      </trkpt>
      <trkpt lat="32.045961" lon="118.7125">
        <ele>15.0</ele>
        <time>2026-09-30T23:20:08Z</time>
        <extensions><gpxtpx:TrackPointExtension>
          <gpxtpx:hr>171</gpxtpx:hr>
        </gpxtpx:TrackPointExtension></extensions>
      </trkpt>
      <trkpt lat="32.045992" lon="118.712517">
        <ele>15.0</ele>
        <time>2026-09-30T23:20:09Z</time>
        <extensions><gpxtpx:TrackPointExtension>
          <gpxtpx:hr>170</gpxtpx:hr>
        </gpxtpx:TrackPointExtension></extensions>
      </trkpt>
      <trkpt lat="32.046023" lon="118.712534">
        <ele>15.0</ele>
        <time>2026-09-30T23:20:10Z</time>
        <extensions><gpxtpx:TrackPointExtension>
          <gpxtpx:hr>170</gpxtpx:hr>
        </gpxtpx:TrackPointExtension></extensions>
      </trkpt>
      <trkpt lat="32.046054" lon="118.712552">
        <ele>15.0</ele>
        <time>2026-09-30T23:20:11Z</time>
        <extensions><gpxtpx:TrackPointExtension>
          <gpxtpx:hr>170</gpxtpx:hr>
        </gpxtpx:TrackPointExtension></extensions>
      </trkpt>
      <trkpt lat="32.046085" lon="118.712569">
        <ele>15.0</ele>
        <time>2026-09-30T23:20:12Z</time>
        <extensions><gpxtpx:TrackPointExtension>
          <gpxtpx:hr>170</gpxtpx:hr>
        </gpxtpx:TrackPointExtension></extensions>
      </trkpt>
      <trkpt lat="32.046116" lon="118.712586">
        <ele>15.0</ele>
        <time>2026-09-30T23:20:13Z</time>
        <extensions><gpxtpx:TrackPointExtension>
          <gpxtpx:hr>170</gpxtpx:hr>
        </gpxtpx:TrackPointExtension></extensions>
      </trkpt>
      <trkpt lat="32.046147" lon="118.712603">
        <ele>14.0</ele>
        <time>2026-09-30T23:20:14Z</time>
        <extensions><gpxtpx:TrackPointExtension>
          <gpxtpx:hr>170</gpxtpx:hr>
        </gpxtpx:TrackPointExtension></extensions>
      </trkpt>
      <trkpt lat="32.04618" lon="118.712619">
        <ele>14.0</ele>
        <time>2026-09-30T23:20:15Z</time>
        <extensions><gpxtpx:TrackPointExtension>
          <gpxtpx:hr>170</gpxtpx:hr>
        </gpxtpx:TrackPointExtension></extensions>
      </trkpt>
      <trkpt lat="32.046213" lon="118.712635">
        <ele>14.0</ele>
        <time>2026-09-30T23:20:16Z</time>
        <extensions><gpxtpx:TrackPointExtension>
          <gpxtpx:hr>170</gpxtpx:hr>
        </gpxtpx:TrackPointExtension></extensions>
      </trkpt>
      <trkpt lat="32.046248" lon="118.712649">
        <ele>14.0</ele>
        <time>2026-09-30T23:20:17Z</time>
        <extensions><gpxtpx:TrackPointExtension>
          <gpxtpx:hr>169</gpxtpx:hr>
        </gpxtpx:TrackPointExtension></extensions>
      </trkpt>
      <trkpt lat="32.046283" lon="118.712664">
        <ele>14.0</ele>
        <time>2026-09-30T23:20:18Z</time>
        <extensions><gpxtpx:TrackPointExtension>
          <gpxtpx:hr>169</gpxtpx:hr>
        </gpxtpx:TrackPointExtension></extensions>
      </trkpt>
      <trkpt lat="32.04632" lon="118.712679">
        <ele>14.0</ele>
        <time>2026-09-30T23:20:19Z</time>
        <extensions><gpxtpx:TrackPointExtension>
          <gpxtpx:hr>169</gpxtpx:hr>
        </gpxtpx:TrackPointExtension></extensions>
      </trkpt>
      <trkpt lat="32.046356" lon="118.712695">
        <ele>14.0</ele>
        <time>2026-09-30T23:20:20Z</time>
        <extensions><gpxtpx:TrackPointExtension>
          <gpxtpx:hr>169</gpxtpx:hr>
        </gpxtpx:TrackPointExtension></extensions>
      </trkpt>
      <trkpt lat="32.046391" lon="118.712711">
        <ele>14.0</ele>
        <time>2026-09-30T23:20:21Z</time>
        <extensions><gpxtpx:TrackPointExtension>
          <gpxtpx:hr>169</gpxtpx:hr>
        </gpxtpx:TrackPointExtension></extensions>
      </trkpt>
      <trkpt lat="32.046424" lon="118.712728">
        <ele>14.0</ele>
        <time>2026-09-30T23:20:22Z</time>
        <extensions><gpxtpx:TrackPointExtension>
          <gpxtpx:hr>169</gpxtpx:hr>
        </gpxtpx:TrackPointExtension></extensions>
      </trkpt>
      <trkpt lat="32.046457" lon="118.712746">
        <ele>14.0</ele>
        <time>2026-09-30T23:20:23Z</time>
        <extensions><gpxtpx:TrackPointExtension>
          <gpxtpx:hr>169</gpxtpx:hr>
        </gpxtpx:TrackPointExtension></extensions>
      </trkpt>
      <trkpt lat="32.046488" lon="118.712765">
        <ele>14.0</ele>
        <time>2026-09-30T23:20:24Z</time>
        <extensions><gpxtpx:TrackPointExtension>
          <gpxtpx:hr>169</gpxtpx:hr>
        </gpxtpx:TrackPointExtension></extensions>
      </trkpt>
      <trkpt lat="32.046519" lon="118.712783">
        <ele>14.0</ele>
        <time>2026-09-30T23:20:25Z</time>
        <extensions><gpxtpx:TrackPointExtension>
          <gpxtpx:hr>169</gpxtpx:hr>
        </gpxtpx:TrackPointExtension></extensions>
      </trkpt>
      <trkpt lat="32.046549" lon="118.712801">
        <ele>14.0</ele>
        <time>2026-09-30T23:20:26Z</time>
        <extensions><gpxtpx:TrackPointExtension>
          <gpxtpx:hr>169</gpxtpx:hr>
        </gpxtpx:TrackPointExtension></extensions>
      </trkpt>
      <trkpt lat="32.046579" lon="118.712819">
        <ele>14.0</ele>
        <time>2026-09-30T23:20:27Z</time>
        <extensions><gpxtpx:TrackPointExtension>
          <gpxtpx:hr>169</gpxtpx:hr>
        </gpxtpx:TrackPointExtension></extensions>
      </trkpt>
      <trkpt lat="32.046608" lon="118.712836">
        <ele>14.0</ele>
        <time>2026-09-30T23:20:28Z</time>
        <extensions><gpxtpx:TrackPointExtension>
          <gpxtpx:hr>169</gpxtpx:hr>
        </gpxtpx:TrackPointExtension></extensions>
      </trkpt>
      <trkpt lat="32.046637" lon="118.712854">
        <ele>14.0</ele>
        <time>2026-09-30T23:20:29Z</time>
        <extensions><gpxtpx:TrackPointExtension>
          <gpxtpx:hr>169</gpxtpx:hr>
        </gpxtpx:TrackPointExtension></extensions>
      </trkpt>
      <trkpt lat="32.046666" lon="118.712873">
        <ele>14.0</ele>
        <time>2026-09-30T23:20:30Z</time>
        <extensions><gpxtpx:TrackPointExtension>
          <gpxtpx:hr>169</gpxtpx:hr>
        </gpxtpx:TrackPointExtension></extensions>
      </trkpt>
      <trkpt lat="32.046696" lon="118.712892">
        <ele>14.0</ele>
        <time>2026-09-30T23:20:31Z</time>
        <extensions><gpxtpx:TrackPointExtension>
          <gpxtpx:hr>169</gpxtpx:hr>
        </gpxtpx:TrackPointExtension></extensions>
      </trkpt>
      <trkpt lat="32.046727" lon="118.712911">
        <ele>14.0</ele>
        <time>2026-09-30T23:20:32Z</time>
        <extensions><gpxtpx:TrackPointExtension>
          <gpxtpx:hr>169</gpxtpx:hr>
        </gpxtpx:TrackPointExtension></extensions>
      </trkpt>
      <trkpt lat="32.046759" lon="118.71293">
        <ele>14.0</ele>
        <time>2026-09-30T23:20:33Z</time>
        <extensions><gpxtpx:TrackPointExtension>
          <gpxtpx:hr>169</gpxtpx:hr>
        </gpxtpx:TrackPointExtension></extensions>
      </trkpt>
      <trkpt lat="32.046791" lon="118.712949">
        <ele>14.0</ele>
        <time>2026-09-30T23:20:34Z</time>
        <extensions><gpxtpx:TrackPointExtension>
          <gpxtpx:hr>170</gpxtpx:hr>
        </gpxtpx:TrackPointExtension></extensions>
      </trkpt>
      <trkpt lat="32.046824" lon="118.712966">
        <ele>14.0</ele>
        <time>2026-09-30T23:20:35Z</time>
        <extensions><gpxtpx:TrackPointExtension>
          <gpxtpx:hr>170</gpxtpx:hr>
        </gpxtpx:TrackPointExtension></extensions>
      </trkpt>
      <trkpt lat="32.046857" lon="118.712983">
        <ele>14.0</ele>
        <time>2026-09-30T23:20:36Z</time>
        <extensions><gpxtpx:TrackPointExtension>
          <gpxtpx:hr>170</gpxtpx:hr>
        </gpxtpx:TrackPointExtension></extensions>
      </trkpt>
      <trkpt lat="32.046891" lon="118.712999">
        <ele>14.0</ele>
        <time>2026-09-30T23:20:37Z</time>
        <extensions><gpxtpx:TrackPointExtension>
          <gpxtpx:hr>170</gpxtpx:hr>
        </gpxtpx:TrackPointExtension></extensions>
      </trkpt>
      <trkpt lat="32.046926" lon="118.713015">
        <ele>14.0</ele>
        <time>2026-09-30T23:20:38Z</time>
        <extensions><gpxtpx:TrackPointExtension>
          <gpxtpx:hr>171</gpxtpx:hr>
        </gpxtpx:TrackPointExtension></extensions>
      </trkpt>
      <trkpt lat="32.04696" lon="118.713031">
        <ele>14.0</ele>
        <time>2026-09-30T23:20:39Z</time>
        <extensions><gpxtpx:TrackPointExtension>
          <gpxtpx:hr>171</gpxtpx:hr>
        </gpxtpx:TrackPointExtension></extensions>
      </trkpt>
      <trkpt lat="32.046993" lon="118.713049">
        <ele>14.0</ele>
        <time>2026-09-30T23:20:40Z</time>
        <extensions><gpxtpx:TrackPointExtension>
          <gpxtpx:hr>171</gpxtpx:hr>
        </gpxtpx:TrackPointExtension></extensions>
      </trkpt>
      <trkpt lat="32.047026" lon="118.713067">
        <ele>14.0</ele>
        <time>2026-09-30T23:20:41Z</time>
        <extensions><gpxtpx:TrackPointExtension>
          <gpxtpx:hr>171</gpxtpx:hr>
        </gpxtpx:TrackPointExtension></extensions>
      </trkpt>
      <trkpt lat="32.047059" lon="118.713085">
        <ele>14.0</ele>
        <time>2026-09-30T23:20:42Z</time>
        <extensions><gpxtpx:TrackPointExtension>
          <gpxtpx:hr>170</gpxtpx:hr>
        </gpxtpx:TrackPointExtension></extensions>
      </trkpt>
      <trkpt lat="32.047093" lon="118.713102">
        <ele>14.0</ele>
        <time>2026-09-30T23:20:43Z</time>
        <extensions><gpxtpx:TrackPointExtension>
          <gpxtpx:hr>171</gpxtpx:hr>
        </gpxtpx:TrackPointExtension></extensions>
      </trkpt>
      <trkpt lat="32.047127" lon="118.713119">
        <ele>14.0</ele>
        <time>2026-09-30T23:20:44Z</time>
        <extensions><gpxtpx:TrackPointExtension>
          <gpxtpx:hr>171</gpxtpx:hr>
        </gpxtpx:TrackPointExtension></extensions>
      </trkpt>
      <trkpt lat="32.047161" lon="118.713136">
        <ele>14.0</ele>
        <time>2026-09-30T23:20:45Z</time>
        <extensions><gpxtpx:TrackPointExtension>
          <gpxtpx:hr>171</gpxtpx:hr>
        </gpxtpx:TrackPointExtension></extensions>
      </trkpt>
      <trkpt lat="32.047195" lon="118.713154">
        <ele>14.0</ele>
        <time>2026-09-30T23:20:46Z</time>
        <extensions><gpxtpx:TrackPointExtension>
          <gpxtpx:hr>171</gpxtpx:hr>
        </gpxtpx:TrackPointExtension></extensions>
      </trkpt>
      <trkpt lat="32.047228" lon="118.713171">
        <ele>14.0</ele>
        <time>2026-09-30T23:20:47Z</time>
        <extensions><gpxtpx:TrackPointExtension>
          <gpxtpx:hr>171</gpxtpx:hr>
        </gpxtpx:TrackPointExtension></extensions>
      </trkpt>
      <trkpt lat="32.04726" lon="118.71319">
        <ele>14.0</ele>
        <time>2026-09-30T23:20:48Z</time>
        <extensions><gpxtpx:TrackPointExtension>
          <gpxtpx:hr>171</gpxtpx:hr>
        </gpxtpx:TrackPointExtension></extensions>
      </trkpt>
      <trkpt lat="32.047291" lon="118.713209">
        <ele>14.0</ele>
        <time>2026-09-30T23:20:49Z</time>
        <extensions><gpxtpx:TrackPointExtension>
          <gpxtpx:hr>171</gpxtpx:hr>
        </gpxtpx:TrackPointExtension></extensions>
      </trkpt>
      <trkpt lat="32.04732" lon="118.713229">
        <ele>14.0</ele>
        <time>2026-09-30T23:20:50Z</time>
        <extensions><gpxtpx:TrackPointExtension>
          <gpxtpx:hr>171</gpxtpx:hr>
        </gpxtpx:TrackPointExtension></extensions>
      </trkpt>
      <trkpt lat="32.047349" lon="118.713249">
        <ele>14.0</ele>
        <time>2026-09-30T23:20:51Z</time>
        <extensions><gpxtpx:TrackPointExtension>
          <gpxtpx:hr>171</gpxtpx:hr>
        </gpxtpx:TrackPointExtension></extensions>
      </trkpt>
      <trkpt lat="32.047378" lon="118.713269">
        <ele>14.0</ele>
        <time>2026-09-30T23:20:52Z</time>
        <extensions><gpxtpx:TrackPointExtension>
          <gpxtpx:hr>171</gpxtpx:hr>
        </gpxtpx:TrackPointExtension></extensions>
      </trkpt>
      <trkpt lat="32.047407" lon="118.713289">
        <ele>15.0</ele>
        <time>2026-09-30T23:20:53Z</time>
        <extensions><gpxtpx:TrackPointExtension>
          <gpxtpx:hr>171</gpxtpx:hr>
        </gpxtpx:TrackPointExtension></extensions>
      </trkpt>
      <trkpt lat="32.047436" lon="118.713309">
        <ele>15.0</ele>
        <time>2026-09-30T23:20:54Z</time>
        <extensions><gpxtpx:TrackPointExtension>
          <gpxtpx:hr>171</gpxtpx:hr>
        </gpxtpx:TrackPointExtension></extensions>
      </trkpt>
      <trkpt lat="32.047466" lon="118.713327">
        <ele>15.0</ele>
        <time>2026-09-30T23:20:55Z</time>
        <extensions><gpxtpx:TrackPointExtension>
          <gpxtpx:hr>171</gpxtpx:hr>
        </gpxtpx:TrackPointExtension></extensions>
      </trkpt>
      <trkpt lat="32.047496" lon="118.713346">
        <ele>15.0</ele>
        <time>2026-09-30T23:20:56Z</time>
        <extensions><gpxtpx:TrackPointExtension>
          <gpxtpx:hr>171</gpxtpx:hr>
        </gpxtpx:TrackPointExtension></extensions>
      </trkpt>
      <trkpt lat="32.047527" lon="118.713363">
        <ele>15.0</ele>
        <time>2026-09-30T23:20:57Z</time>
        <extensions><gpxtpx:TrackPointExtension>
          <gpxtpx:hr>171</gpxtpx:hr>
        </gpxtpx:TrackPointExtension></extensions>
      </trkpt>
      <trkpt lat="32.047557" lon="118.713381">
        <ele>15.0</ele>
        <time>2026-09-30T23:20:58Z</time>
        <extensions><gpxtpx:TrackPointExtension>
          <gpxtpx:hr>171</gpxtpx:hr>
        </gpxtpx:TrackPointExtension></extensions>
      </trkpt>
      <trkpt lat="32.047587" lon="118.713397">
        <ele>15.0</ele>
        <time>2026-09-30T23:20:59Z</time>
        <extensions><gpxtpx:TrackPointExtension>
          <gpxtpx:hr>171</gpxtpx:hr>
        </gpxtpx:TrackPointExtension></extensions>
      </trkpt>
      <trkpt lat="32.047617" lon="118.713414">
        <ele>15.0</ele>
        <time>2026-09-30T23:21:00Z</time>
        <extensions><gpxtpx:TrackPointExtension>
          <gpxtpx:hr>171</gpxtpx:hr>
        </gpxtpx:TrackPointExtension></extensions>
      </trkpt>
      <trkpt lat="32.047648" lon="118.713431">
        <ele>15.0</ele>
        <time>2026-09-30T23:21:01Z</time>
        <extensions><gpxtpx:TrackPointExtension>
          <gpxtpx:hr>171</gpxtpx:hr>
        </gpxtpx:TrackPointExtension></extensions>
      </trkpt>
      <trkpt lat="32.04768" lon="118.713448">
        <ele>15.0</ele>
        <time>2026-09-30T23:21:02Z</time>
        <extensions><gpxtpx:TrackPointExtension>
          <gpxtpx:hr>171</gpxtpx:hr>
        </gpxtpx:TrackPointExtension></extensions>
      </trkpt>
      <trkpt lat="32.047713" lon="118.713466">
        <ele>15.0</ele>
        <time>2026-09-30T23:21:03Z</time>
        <extensions><gpxtpx:TrackPointExtension>
          <gpxtpx:hr>171</gpxtpx:hr>
        </gpxtpx:TrackPointExtension></extensions>
      </trkpt>
      <trkpt lat="32.047747" lon="118.713484">
        <ele>15.0</ele>
        <time>2026-09-30T23:21:04Z</time>
        <extensions><gpxtpx:TrackPointExtension>
          <gpxtpx:hr>171</gpxtpx:hr>
        </gpxtpx:TrackPointExtension></extensions>
      </trkpt>
      <trkpt lat="32.047782" lon="118.713502">
        <ele>15.0</ele>
        <time>2026-09-30T23:21:05Z</time>
        <extensions><gpxtpx:TrackPointExtension>
          <gpxtpx:hr>172</gpxtpx:hr>
        </gpxtpx:TrackPointExtension></extensions>
      </trkpt>
      <trkpt lat="32.047818" lon="118.71352">
        <ele>15.0</ele>
        <time>2026-09-30T23:21:06Z</time>
        <extensions><gpxtpx:TrackPointExtension>
          <gpxtpx:hr>172</gpxtpx:hr>
        </gpxtpx:TrackPointExtension></extensions>
      </trkpt>
      <trkpt lat="32.047853" lon="118.713538">
        <ele>15.0</ele>
        <time>2026-09-30T23:21:07Z</time>
        <extensions><gpxtpx:TrackPointExtension>
          <gpxtpx:hr>172</gpxtpx:hr>
        </gpxtpx:TrackPointExtension></extensions>
      </trkpt>
      <trkpt lat="32.047888" lon="118.713557">
        <ele>15.0</ele>
        <time>2026-09-30T23:21:08Z</time>
        <extensions><gpxtpx:TrackPointExtension>
          <gpxtpx:hr>172</gpxtpx:hr>
        </gpxtpx:TrackPointExtension></extensions>
      </trkpt>
      <trkpt lat="32.047923" lon="118.713575">
        <ele>15.0</ele>
        <time>2026-09-30T23:21:09Z</time>
        <extensions><gpxtpx:TrackPointExtension>
          <gpxtpx:hr>172</gpxtpx:hr>
        </gpxtpx:TrackPointExtension></extensions>
      </trkpt>
      <trkpt lat="32.047956" lon="118.713594">
        <ele>15.0</ele>
        <time>2026-09-30T23:21:10Z</time>
        <extensions><gpxtpx:TrackPointExtension>
          <gpxtpx:hr>172</gpxtpx:hr>
        </gpxtpx:TrackPointExtension></extensions>
      </trkpt>
      <trkpt lat="32.047989" lon="118.713613">
        <ele>15.0</ele>
        <time>2026-09-30T23:21:11Z</time>
        <extensions><gpxtpx:TrackPointExtension>
          <gpxtpx:hr>172</gpxtpx:hr>
        </gpxtpx:TrackPointExtension></extensions>
      </trkpt>
      <trkpt lat="32.048021" lon="118.713632">
        <ele>15.0</ele>
        <time>2026-09-30T23:21:12Z</time>
        <extensions><gpxtpx:TrackPointExtension>
          <gpxtpx:hr>172</gpxtpx:hr>
        </gpxtpx:TrackPointExtension></extensions>
      </trkpt>
      <trkpt lat="32.048053" lon="118.713652">
        <ele>15.0</ele>
        <time>2026-09-30T23:21:13Z</time>
        <extensions><gpxtpx:TrackPointExtension>
          <gpxtpx:hr>172</gpxtpx:hr>
        </gpxtpx:TrackPointExtension></extensions>
      </trkpt>
      <trkpt lat="32.048085" lon="118.713672">
        <ele>15.0</ele>
        <time>2026-09-30T23:21:14Z</time>
        <extensions><gpxtpx:TrackPointExtension>
          <gpxtpx:hr>172</gpxtpx:hr>
        </gpxtpx:TrackPointExtension></extensions>
      </trkpt>
      <trkpt lat="32.048117" lon="118.713693">
        <ele>15.0</ele>
        <time>2026-09-30T23:21:15Z</time>
        <extensions><gpxtpx:TrackPointExtension>
          <gpxtpx:hr>172</gpxtpx:hr>
        </gpxtpx:TrackPointExtension></extensions>
      </trkpt>
      <trkpt lat="32.048149" lon="118.713715">
        <ele>15.0</ele>
        <time>2026-09-30T23:21:16Z</time>
        <extensions><gpxtpx:TrackPointExtension>
          <gpxtpx:hr>172</gpxtpx:hr>
        </gpxtpx:TrackPointExtension></extensions>
      </trkpt>
      <trkpt lat="32.048183" lon="118.713738">
        <ele>15.0</ele>
        <time>2026-09-30T23:21:17Z</time>
        <extensions><gpxtpx:TrackPointExtension>
          <gpxtpx:hr>172</gpxtpx:hr>
        </gpxtpx:TrackPointExtension></extensions>
      </trkpt>
      <trkpt lat="32.048218" lon="118.713759">
        <ele>15.0</ele>
        <time>2026-09-30T23:21:18Z</time>
        <extensions><gpxtpx:TrackPointExtension>
          <gpxtpx:hr>171</gpxtpx:hr>
        </gpxtpx:TrackPointExtension></extensions>
      </trkpt>
      <trkpt lat="32.048253" lon="118.71378">
        <ele>15.0</ele>
        <time>2026-09-30T23:21:19Z</time>
        <extensions><gpxtpx:TrackPointExtension>
          <gpxtpx:hr>171</gpxtpx:hr>
        </gpxtpx:TrackPointExtension></extensions>
      </trkpt>
      <trkpt lat="32.048288" lon="118.713801">
        <ele>15.0</ele>
        <time>2026-09-30T23:21:20Z</time>
        <extensions><gpxtpx:TrackPointExtension>
          <gpxtpx:hr>171</gpxtpx:hr>
        </gpxtpx:TrackPointExtension></extensions>
      </trkpt>
      <trkpt lat="32.048323" lon="118.713822">
        <ele>15.0</ele>
        <time>2026-09-30T23:21:21Z</time>
        <extensions><gpxtpx:TrackPointExtension>
          <gpxtpx:hr>171</gpxtpx:hr>
        </gpxtpx:TrackPointExtension></extensions>
      </trkpt>
      <trkpt lat="32.048358" lon="118.713842">
        <ele>15.0</ele>
        <time>2026-09-30T23:21:22Z</time>
        <extensions><gpxtpx:TrackPointExtension>
          <gpxtpx:hr>172</gpxtpx:hr>
        </gpxtpx:TrackPointExtension></extensions>
      </trkpt>
      <trkpt lat="32.048393" lon="118.713861">
        <ele>15.0</ele>
        <time>2026-09-30T23:21:23Z</time>
        <extensions><gpxtpx:TrackPointExtension>
          <gpxtpx:hr>172</gpxtpx:hr>
        </gpxtpx:TrackPointExtension></extensions>
      </trkpt>
      <trkpt lat="32.048428" lon="118.71388">
        <ele>15.0</ele>
        <time>2026-09-30T23:21:24Z</time>
        <extensions><gpxtpx:TrackPointExtension>
          <gpxtpx:hr>172</gpxtpx:hr>
        </gpxtpx:TrackPointExtension></extensions>
      </trkpt>
      <trkpt lat="32.048464" lon="118.713898">
        <ele>15.0</ele>
        <time>2026-09-30T23:21:25Z</time>
        <extensions><gpxtpx:TrackPointExtension>
          <gpxtpx:hr>172</gpxtpx:hr>
        </gpxtpx:TrackPointExtension></extensions>
      </trkpt>
      <trkpt lat="32.048499" lon="118.713916">
        <ele>15.0</ele>
        <time>2026-09-30T23:21:26Z</time>
        <extensions><gpxtpx:TrackPointExtension>
          <gpxtpx:hr>172</gpxtpx:hr>
        </gpxtpx:TrackPointExtension></extensions>
      </trkpt>
      <trkpt lat="32.048534" lon="118.713934">
        <ele>15.0</ele>
        <time>2026-09-30T23:21:27Z</time>
        <extensions><gpxtpx:TrackPointExtension>
          <gpxtpx:hr>172</gpxtpx:hr>
        </gpxtpx:TrackPointExtension></extensions>
      </trkpt>
      <trkpt lat="32.048568" lon="118.713951">
        <ele>15.0</ele>
        <time>2026-09-30T23:21:28Z</time>
        <extensions><gpxtpx:TrackPointExtension>
          <gpxtpx:hr>172</gpxtpx:hr>
        </gpxtpx:TrackPointExtension></extensions>
      </trkpt>
      <trkpt lat="32.048603" lon="118.713968">
        <ele>15.0</ele>
        <time>2026-09-30T23:21:29Z</time>
        <extensions><gpxtpx:TrackPointExtension>
          <gpxtpx:hr>172</gpxtpx:hr>
        </gpxtpx:TrackPointExtension></extensions>
      </trkpt>
      <trkpt lat="32.048639" lon="118.713985">
        <ele>15.0</ele>
        <time>2026-09-30T23:21:30Z</time>
        <extensions><gpxtpx:TrackPointExtension>
          <gpxtpx:hr>172</gpxtpx:hr>
        </gpxtpx:TrackPointExtension></extensions>
      </trkpt>
      <trkpt lat="32.048674" lon="118.714002">
        <ele>15.0</ele>
        <time>2026-09-30T23:21:31Z</time>
        <extensions><gpxtpx:TrackPointExtension>
          <gpxtpx:hr>172</gpxtpx:hr>
        </gpxtpx:TrackPointExtension></extensions>
      </trkpt>
      <trkpt lat="32.048707" lon="118.71402">
        <ele>15.0</ele>
        <time>2026-09-30T23:21:32Z</time>
        <extensions><gpxtpx:TrackPointExtension>
          <gpxtpx:hr>173</gpxtpx:hr>
        </gpxtpx:TrackPointExtension></extensions>
      </trkpt>
      <trkpt lat="32.048739" lon="118.714038">
        <ele>15.0</ele>
        <time>2026-09-30T23:21:33Z</time>
        <extensions><gpxtpx:TrackPointExtension>
          <gpxtpx:hr>173</gpxtpx:hr>
        </gpxtpx:TrackPointExtension></extensions>
      </trkpt>
      <trkpt lat="32.04877" lon="118.714057">
        <ele>15.0</ele>
        <time>2026-09-30T23:21:34Z</time>
        <extensions><gpxtpx:TrackPointExtension>
          <gpxtpx:hr>173</gpxtpx:hr>
        </gpxtpx:TrackPointExtension></extensions>
      </trkpt>
      <trkpt lat="32.0488" lon="118.714076">
        <ele>15.0</ele>
        <time>2026-09-30T23:21:35Z</time>
        <extensions><gpxtpx:TrackPointExtension>
          <gpxtpx:hr>173</gpxtpx:hr>
        </gpxtpx:TrackPointExtension></extensions>
      </trkpt>
      <trkpt lat="32.04883" lon="118.714094">
        <ele>15.0</ele>
        <time>2026-09-30T23:21:36Z</time>
        <extensions><gpxtpx:TrackPointExtension>
          <gpxtpx:hr>173</gpxtpx:hr>
        </gpxtpx:TrackPointExtension></extensions>
      </trkpt>
      <trkpt lat="32.048861" lon="118.714112">
        <ele>15.0</ele>
        <time>2026-09-30T23:21:37Z</time>
        <extensions><gpxtpx:TrackPointExtension>
          <gpxtpx:hr>173</gpxtpx:hr>
        </gpxtpx:TrackPointExtension></extensions>
      </trkpt>
      <trkpt lat="32.048891" lon="118.71413">
        <ele>15.0</ele>
        <time>2026-09-30T23:21:38Z</time>
        <extensions><gpxtpx:TrackPointExtension>
          <gpxtpx:hr>173</gpxtpx:hr>
        </gpxtpx:TrackPointExtension></extensions>
      </trkpt>
      <trkpt lat="32.048923" lon="118.714148">
        <ele>15.0</ele>
        <time>2026-09-30T23:21:39Z</time>
        <extensions><gpxtpx:TrackPointExtension>
          <gpxtpx:hr>173</gpxtpx:hr>
        </gpxtpx:TrackPointExtension></extensions>
      </trkpt>
      <trkpt lat="32.048955" lon="118.714166">
        <ele>15.0</ele>
        <time>2026-09-30T23:21:40Z</time>
        <extensions><gpxtpx:TrackPointExtension>
          <gpxtpx:hr>173</gpxtpx:hr>
        </gpxtpx:TrackPointExtension></extensions>
      </trkpt>
      <trkpt lat="32.048987" lon="118.714184">
        <ele>15.0</ele>
        <time>2026-09-30T23:21:41Z</time>
        <extensions><gpxtpx:TrackPointExtension>
          <gpxtpx:hr>173</gpxtpx:hr>
        </gpxtpx:TrackPointExtension></extensions>
      </trkpt>
      <trkpt lat="32.049019" lon="118.714202">
        <ele>14.0</ele>
        <time>2026-09-30T23:21:42Z</time>
        <extensions><gpxtpx:TrackPointExtension>
          <gpxtpx:hr>173</gpxtpx:hr>
        </gpxtpx:TrackPointExtension></extensions>
      </trkpt>
      <trkpt lat="32.049051" lon="118.714219">
        <ele>14.0</ele>
        <time>2026-09-30T23:21:43Z</time>
        <extensions><gpxtpx:TrackPointExtension>
          <gpxtpx:hr>173</gpxtpx:hr>
        </gpxtpx:TrackPointExtension></extensions>
      </trkpt>
      <trkpt lat="32.049082" lon="118.714236">
        <ele>14.0</ele>
        <time>2026-09-30T23:21:44Z</time>
        <extensions><gpxtpx:TrackPointExtension>
          <gpxtpx:hr>173</gpxtpx:hr>
        </gpxtpx:TrackPointExtension></extensions>
      </trkpt>
      <trkpt lat="32.049113" lon="118.714251">
        <ele>14.0</ele>
        <time>2026-09-30T23:21:45Z</time>
        <extensions><gpxtpx:TrackPointExtension>
          <gpxtpx:hr>173</gpxtpx:hr>
        </gpxtpx:TrackPointExtension></extensions>
      </trkpt>
      <trkpt lat="32.049144" lon="118.714266">
        <ele>14.0</ele>
        <time>2026-09-30T23:21:46Z</time>
        <extensions><gpxtpx:TrackPointExtension>
          <gpxtpx:hr>173</gpxtpx:hr>
        </gpxtpx:TrackPointExtension></extensions>
      </trkpt>
      <trkpt lat="32.049175" lon="118.714282">
        <ele>14.0</ele>
        <time>2026-09-30T23:21:47Z</time>
        <extensions><gpxtpx:TrackPointExtension>
          <gpxtpx:hr>173</gpxtpx:hr>
        </gpxtpx:TrackPointExtension></extensions>
      </trkpt>
      <trkpt lat="32.049205" lon="118.714299">
        <ele>14.0</ele>
        <time>2026-09-30T23:21:48Z</time>
        <extensions><gpxtpx:TrackPointExtension>
          <gpxtpx:hr>173</gpxtpx:hr>
        </gpxtpx:TrackPointExtension></extensions>
      </trkpt>
      <trkpt lat="32.049235" lon="118.714316">
        <ele>14.0</ele>
        <time>2026-09-30T23:21:49Z</time>
        <extensions><gpxtpx:TrackPointExtension>
          <gpxtpx:hr>173</gpxtpx:hr>
        </gpxtpx:TrackPointExtension></extensions>
      </trkpt>
      <trkpt lat="32.049265" lon="118.714335">
        <ele>14.0</ele>
        <time>2026-09-30T23:21:50Z</time>
        <extensions><gpxtpx:TrackPointExtension>
          <gpxtpx:hr>173</gpxtpx:hr>
        </gpxtpx:TrackPointExtension></extensions>
      </trkpt>
      <trkpt lat="32.049296" lon="118.714353">
        <ele>14.0</ele>
        <time>2026-09-30T23:21:51Z</time>
        <extensions><gpxtpx:TrackPointExtension>
          <gpxtpx:hr>172</gpxtpx:hr>
        </gpxtpx:TrackPointExtension></extensions>
      </trkpt>
      <trkpt lat="32.049327" lon="118.714372">
        <ele>14.0</ele>
        <time>2026-09-30T23:21:52Z</time>
        <extensions><gpxtpx:TrackPointExtension>
          <gpxtpx:hr>172</gpxtpx:hr>
        </gpxtpx:TrackPointExtension></extensions>
      </trkpt>
      <trkpt lat="32.049357" lon="118.71439">
        <ele>14.0</ele>
        <time>2026-09-30T23:21:53Z</time>
        <extensions><gpxtpx:TrackPointExtension>
          <gpxtpx:hr>172</gpxtpx:hr>
        </gpxtpx:TrackPointExtension></extensions>
      </trkpt>
      <trkpt lat="32.049388" lon="118.714407">
        <ele>14.0</ele>
        <time>2026-09-30T23:21:54Z</time>
        <extensions><gpxtpx:TrackPointExtension>
          <gpxtpx:hr>172</gpxtpx:hr>
        </gpxtpx:TrackPointExtension></extensions>
      </trkpt>
      <trkpt lat="32.04942" lon="118.714425">
        <ele>14.0</ele>
        <time>2026-09-30T23:21:55Z</time>
        <extensions><gpxtpx:TrackPointExtension>
          <gpxtpx:hr>172</gpxtpx:hr>
        </gpxtpx:TrackPointExtension></extensions>
      </trkpt>
      <trkpt lat="32.049451" lon="118.714442">
        <ele>14.0</ele>
        <time>2026-09-30T23:21:56Z</time>
        <extensions><gpxtpx:TrackPointExtension>
          <gpxtpx:hr>172</gpxtpx:hr>
        </gpxtpx:TrackPointExtension></extensions>
      </trkpt>
      <trkpt lat="32.049484" lon="118.714459">
        <ele>14.0</ele>
        <time>2026-09-30T23:21:57Z</time>
        <extensions><gpxtpx:TrackPointExtension>
          <gpxtpx:hr>172</gpxtpx:hr>
        </gpxtpx:TrackPointExtension></extensions>
      </trkpt>
      <trkpt lat="32.049517" lon="118.714476">
        <ele>14.0</ele>
        <time>2026-09-30T23:21:58Z</time>
        <extensions><gpxtpx:TrackPointExtension>
          <gpxtpx:hr>172</gpxtpx:hr>
        </gpxtpx:TrackPointExtension></extensions>
      </trkpt>
      <trkpt lat="32.049551" lon="118.714493">
        <ele>14.0</ele>
        <time>2026-09-30T23:21:59Z</time>
        <extensions><gpxtpx:TrackPointExtension>
          <gpxtpx:hr>171</gpxtpx:hr>
        </gpxtpx:TrackPointExtension></extensions>
      </trkpt>
      <trkpt lat="32.049586" lon="118.71451">
        <ele>14.0</ele>
        <time>2026-09-30T23:22:00Z</time>
        <extensions><gpxtpx:TrackPointExtension>
          <gpxtpx:hr>171</gpxtpx:hr>
        </gpxtpx:TrackPointExtension></extensions>
      </trkpt>
      <trkpt lat="32.049622" lon="118.714526">
        <ele>14.0</ele>
        <time>2026-09-30T23:22:01Z</time>
        <extensions><gpxtpx:TrackPointExtension>
          <gpxtpx:hr>171</gpxtpx:hr>
        </gpxtpx:TrackPointExtension></extensions>
      </trkpt>
      <trkpt lat="32.049658" lon="118.71454">
        <ele>14.0</ele>
        <time>2026-09-30T23:22:02Z</time>
        <extensions><gpxtpx:TrackPointExtension>
          <gpxtpx:hr>171</gpxtpx:hr>
        </gpxtpx:TrackPointExtension></extensions>
      </trkpt>
      <trkpt lat="32.049693" lon="118.714555">
        <ele>14.0</ele>
        <time>2026-09-30T23:22:03Z</time>
        <extensions><gpxtpx:TrackPointExtension>
          <gpxtpx:hr>171</gpxtpx:hr>
        </gpxtpx:TrackPointExtension></extensions>
      </trkpt>
      <trkpt lat="32.049727" lon="118.71457">
        <ele>14.0</ele>
        <time>2026-09-30T23:22:04Z</time>
        <extensions><gpxtpx:TrackPointExtension>
          <gpxtpx:hr>171</gpxtpx:hr>
        </gpxtpx:TrackPointExtension></extensions>
      </trkpt>
      <trkpt lat="32.049761" lon="118.714585">
        <ele>14.0</ele>
        <time>2026-09-30T23:22:05Z</time>
        <extensions><gpxtpx:TrackPointExtension>
          <gpxtpx:hr>171</gpxtpx:hr>
        </gpxtpx:TrackPointExtension></extensions>
      </trkpt>
      <trkpt lat="32.049794" lon="118.714601">
        <ele>14.0</ele>
        <time>2026-09-30T23:22:06Z</time>
        <extensions><gpxtpx:TrackPointExtension>
          <gpxtpx:hr>171</gpxtpx:hr>
        </gpxtpx:TrackPointExtension></extensions>
      </trkpt>
      <trkpt lat="32.049826" lon="118.714618">
        <ele>14.0</ele>
        <time>2026-09-30T23:22:07Z</time>
        <extensions><gpxtpx:TrackPointExtension>
          <gpxtpx:hr>171</gpxtpx:hr>
        </gpxtpx:TrackPointExtension></extensions>
      </trkpt>
      <trkpt lat="32.049859" lon="118.714635">
        <ele>14.0</ele>
        <time>2026-09-30T23:22:08Z</time>
        <extensions><gpxtpx:TrackPointExtension>
          <gpxtpx:hr>172</gpxtpx:hr>
        </gpxtpx:TrackPointExtension></extensions>
      </trkpt>
      <trkpt lat="32.049892" lon="118.714651">
        <ele>14.0</ele>
        <time>2026-09-30T23:22:09Z</time>
        <extensions><gpxtpx:TrackPointExtension>
          <gpxtpx:hr>172</gpxtpx:hr>
        </gpxtpx:TrackPointExtension></extensions>
      </trkpt>
      <trkpt lat="32.049925" lon="118.714668">
        <ele>14.0</ele>
        <time>2026-09-30T23:22:10Z</time>
        <extensions><gpxtpx:TrackPointExtension>
          <gpxtpx:hr>172</gpxtpx:hr>
        </gpxtpx:TrackPointExtension></extensions>
      </trkpt>
      <trkpt lat="32.049957" lon="118.714684">
        <ele>14.0</ele>
        <time>2026-09-30T23:22:11Z</time>
        <extensions><gpxtpx:TrackPointExtension>
          <gpxtpx:hr>172</gpxtpx:hr>
        </gpxtpx:TrackPointExtension></extensions>
      </trkpt>
      <trkpt lat="32.049991" lon="118.7147">
        <ele>14.0</ele>
        <time>2026-09-30T23:22:12Z</time>
        <extensions><gpxtpx:TrackPointExtension>
          <gpxtpx:hr>173</gpxtpx:hr>
        </gpxtpx:TrackPointExtension></extensions>
      </trkpt>
      <trkpt lat="32.050025" lon="118.714716">
        <ele>14.0</ele>
        <time>2026-09-30T23:22:13Z</time>
        <extensions><gpxtpx:TrackPointExtension>
          <gpxtpx:hr>173</gpxtpx:hr>
        </gpxtpx:TrackPointExtension></extensions>
      </trkpt>
      <trkpt lat="32.050059" lon="118.714732">
        <ele>14.0</ele>
        <time>2026-09-30T23:22:14Z</time>
        <extensions><gpxtpx:TrackPointExtension>
          <gpxtpx:hr>173</gpxtpx:hr>
        </gpxtpx:TrackPointExtension></extensions>
      </trkpt>
      <trkpt lat="32.050093" lon="118.71475">
        <ele>14.0</ele>
        <time>2026-09-30T23:22:15Z</time>
        <extensions><gpxtpx:TrackPointExtension>
          <gpxtpx:hr>173</gpxtpx:hr>
        </gpxtpx:TrackPointExtension></extensions>
      </trkpt>
      <trkpt lat="32.050127" lon="118.714767">
        <ele>14.0</ele>
        <time>2026-09-30T23:22:16Z</time>
        <extensions><gpxtpx:TrackPointExtension>
          <gpxtpx:hr>173</gpxtpx:hr>
        </gpxtpx:TrackPointExtension></extensions>
      </trkpt>
      <trkpt lat="32.05016" lon="118.714786">
        <ele>14.0</ele>
        <time>2026-09-30T23:22:17Z</time>
        <extensions><gpxtpx:TrackPointExtension>
          <gpxtpx:hr>173</gpxtpx:hr>
        </gpxtpx:TrackPointExtension></extensions>
      </trkpt>
      <trkpt lat="32.050192" lon="118.714805">
        <ele>14.0</ele>
        <time>2026-09-30T23:22:18Z</time>
        <extensions><gpxtpx:TrackPointExtension>
          <gpxtpx:hr>173</gpxtpx:hr>
        </gpxtpx:TrackPointExtension></extensions>
      </trkpt>
      <trkpt lat="32.050225" lon="118.714824">
        <ele>14.0</ele>
        <time>2026-09-30T23:22:19Z</time>
        <extensions><gpxtpx:TrackPointExtension>
          <gpxtpx:hr>173</gpxtpx:hr>
        </gpxtpx:TrackPointExtension></extensions>
      </trkpt>
      <trkpt lat="32.050257" lon="118.714843">
        <ele>14.0</ele>
        <time>2026-09-30T23:22:20Z</time>
        <extensions><gpxtpx:TrackPointExtension>
          <gpxtpx:hr>173</gpxtpx:hr>
        </gpxtpx:TrackPointExtension></extensions>
      </trkpt>
      <trkpt lat="32.05029" lon="118.714861">
        <ele>14.0</ele>
        <time>2026-09-30T23:22:21Z</time>
        <extensions><gpxtpx:TrackPointExtension>
          <gpxtpx:hr>173</gpxtpx:hr>
        </gpxtpx:TrackPointExtension></extensions>
      </trkpt>
      <trkpt lat="32.050322" lon="118.714879">
        <ele>14.0</ele>
        <time>2026-09-30T23:22:22Z</time>
        <extensions><gpxtpx:TrackPointExtension>
          <gpxtpx:hr>174</gpxtpx:hr>
        </gpxtpx:TrackPointExtension></extensions>
      </trkpt>
      <trkpt lat="32.050355" lon="118.714895">
        <ele>14.0</ele>
        <time>2026-09-30T23:22:23Z</time>
        <extensions><gpxtpx:TrackPointExtension>
          <gpxtpx:hr>174</gpxtpx:hr>
        </gpxtpx:TrackPointExtension></extensions>
      </trkpt>
      <trkpt lat="32.050388" lon="118.714911">
        <ele>14.0</ele>
        <time>2026-09-30T23:22:24Z</time>
        <extensions><gpxtpx:TrackPointExtension>
          <gpxtpx:hr>174</gpxtpx:hr>
        </gpxtpx:TrackPointExtension></extensions>
      </trkpt>
      <trkpt lat="32.05042" lon="118.714926">
        <ele>14.0</ele>
        <time>2026-09-30T23:22:25Z</time>
        <extensions><gpxtpx:TrackPointExtension>
          <gpxtpx:hr>174</gpxtpx:hr>
        </gpxtpx:TrackPointExtension></extensions>
      </trkpt>
      <trkpt lat="32.050453" lon="118.714942">
        <ele>14.0</ele>
        <time>2026-09-30T23:22:26Z</time>
        <extensions><gpxtpx:TrackPointExtension>
          <gpxtpx:hr>174</gpxtpx:hr>
        </gpxtpx:TrackPointExtension></extensions>
      </trkpt>
      <trkpt lat="32.050485" lon="118.714958">
        <ele>14.0</ele>
        <time>2026-09-30T23:22:27Z</time>
        <extensions><gpxtpx:TrackPointExtension>
          <gpxtpx:hr>173</gpxtpx:hr>
        </gpxtpx:TrackPointExtension></extensions>
      </trkpt>
      <trkpt lat="32.050519" lon="118.714975">
        <ele>14.0</ele>
        <time>2026-09-30T23:22:28Z</time>
        <extensions><gpxtpx:TrackPointExtension>
          <gpxtpx:hr>173</gpxtpx:hr>
        </gpxtpx:TrackPointExtension></extensions>
      </trkpt>
      <trkpt lat="32.050552" lon="118.714991">
        <ele>14.0</ele>
        <time>2026-09-30T23:22:29Z</time>
        <extensions><gpxtpx:TrackPointExtension>
          <gpxtpx:hr>173</gpxtpx:hr>
        </gpxtpx:TrackPointExtension></extensions>
      </trkpt>
      <trkpt lat="32.050586" lon="118.715007">
        <ele>14.0</ele>
        <time>2026-09-30T23:22:30Z</time>
        <extensions><gpxtpx:TrackPointExtension>
          <gpxtpx:hr>173</gpxtpx:hr>
        </gpxtpx:TrackPointExtension></extensions>
      </trkpt>
      <trkpt lat="32.05062" lon="118.715021">
        <ele>14.0</ele>
        <time>2026-09-30T23:22:31Z</time>
        <extensions><gpxtpx:TrackPointExtension>
          <gpxtpx:hr>173</gpxtpx:hr>
        </gpxtpx:TrackPointExtension></extensions>
      </trkpt>
      <trkpt lat="32.050654" lon="118.715035">
        <ele>14.0</ele>
        <time>2026-09-30T23:22:32Z</time>
        <extensions><gpxtpx:TrackPointExtension>
          <gpxtpx:hr>173</gpxtpx:hr>
        </gpxtpx:TrackPointExtension></extensions>
      </trkpt>
      <trkpt lat="32.050689" lon="118.715048">
        <ele>14.0</ele>
        <time>2026-09-30T23:22:33Z</time>
        <extensions><gpxtpx:TrackPointExtension>
          <gpxtpx:hr>173</gpxtpx:hr>
        </gpxtpx:TrackPointExtension></extensions>
      </trkpt>
      <trkpt lat="32.050724" lon="118.715061">
        <ele>14.0</ele>
        <time>2026-09-30T23:22:34Z</time>
        <extensions><gpxtpx:TrackPointExtension>
          <gpxtpx:hr>173</gpxtpx:hr>
        </gpxtpx:TrackPointExtension></extensions>
      </trkpt>
      <trkpt lat="32.050759" lon="118.715072">
        <ele>14.0</ele>
        <time>2026-09-30T23:22:35Z</time>
        <extensions><gpxtpx:TrackPointExtension>
          <gpxtpx:hr>173</gpxtpx:hr>
        </gpxtpx:TrackPointExtension></extensions>
      </trkpt>
      <trkpt lat="32.050794" lon="118.715083">
        <ele>14.0</ele>
        <time>2026-09-30T23:22:36Z</time>
        <extensions><gpxtpx:TrackPointExtension>
          <gpxtpx:hr>173</gpxtpx:hr>
        </gpxtpx:TrackPointExtension></extensions>
      </trkpt>
      <trkpt lat="32.05083" lon="118.715094">
        <ele>14.0</ele>
        <time>2026-09-30T23:22:37Z</time>
        <extensions><gpxtpx:TrackPointExtension>
          <gpxtpx:hr>172</gpxtpx:hr>
        </gpxtpx:TrackPointExtension></extensions>
      </trkpt>
      <trkpt lat="32.050867" lon="118.715104">
        <ele>13.0</ele>
        <time>2026-09-30T23:22:38Z</time>
        <extensions><gpxtpx:TrackPointExtension>
          <gpxtpx:hr>172</gpxtpx:hr>
        </gpxtpx:TrackPointExtension></extensions>
      </trkpt>
      <trkpt lat="32.050904" lon="118.715114">
        <ele>13.0</ele>
        <time>2026-09-30T23:22:39Z</time>
        <extensions><gpxtpx:TrackPointExtension>
          <gpxtpx:hr>172</gpxtpx:hr>
        </gpxtpx:TrackPointExtension></extensions>
      </trkpt>
      <trkpt lat="32.050939" lon="118.715124">
        <ele>13.0</ele>
        <time>2026-09-30T23:22:40Z</time>
        <extensions><gpxtpx:TrackPointExtension>
          <gpxtpx:hr>172</gpxtpx:hr>
        </gpxtpx:TrackPointExtension></extensions>
      </trkpt>
      <trkpt lat="32.050974" lon="118.715135">
        <ele>13.0</ele>
        <time>2026-09-30T23:22:41Z</time>
        <extensions><gpxtpx:TrackPointExtension>
          <gpxtpx:hr>172</gpxtpx:hr>
        </gpxtpx:TrackPointExtension></extensions>
      </trkpt>
      <trkpt lat="32.051008" lon="118.715144">
        <ele>13.0</ele>
        <time>2026-09-30T23:22:42Z</time>
        <extensions><gpxtpx:TrackPointExtension>
          <gpxtpx:hr>172</gpxtpx:hr>
        </gpxtpx:TrackPointExtension></extensions>
      </trkpt>
      <trkpt lat="32.051042" lon="118.715154">
        <ele>13.0</ele>
        <time>2026-09-30T23:22:43Z</time>
        <extensions><gpxtpx:TrackPointExtension>
          <gpxtpx:hr>172</gpxtpx:hr>
        </gpxtpx:TrackPointExtension></extensions>
      </trkpt>
      <trkpt lat="32.051075" lon="118.715163">
        <ele>13.0</ele>
        <time>2026-09-30T23:22:44Z</time>
        <extensions><gpxtpx:TrackPointExtension>
          <gpxtpx:hr>171</gpxtpx:hr>
        </gpxtpx:TrackPointExtension></extensions>
      </trkpt>
      <trkpt lat="32.051107" lon="118.715173">
        <ele>13.0</ele>
        <time>2026-09-30T23:22:45Z</time>
        <extensions><gpxtpx:TrackPointExtension>
          <gpxtpx:hr>171</gpxtpx:hr>
        </gpxtpx:TrackPointExtension></extensions>
      </trkpt>
      <trkpt lat="32.05114" lon="118.715183">
        <ele>13.0</ele>
        <time>2026-09-30T23:22:46Z</time>
        <extensions><gpxtpx:TrackPointExtension>
          <gpxtpx:hr>170</gpxtpx:hr>
        </gpxtpx:TrackPointExtension></extensions>
      </trkpt>
      <trkpt lat="32.051173" lon="118.715193">
        <ele>13.0</ele>
        <time>2026-09-30T23:22:47Z</time>
        <extensions><gpxtpx:TrackPointExtension>
          <gpxtpx:hr>170</gpxtpx:hr>
        </gpxtpx:TrackPointExtension></extensions>
      </trkpt>
      <trkpt lat="32.051206" lon="118.715205">
        <ele>13.0</ele>
        <time>2026-09-30T23:22:48Z</time>
        <extensions><gpxtpx:TrackPointExtension>
          <gpxtpx:hr>170</gpxtpx:hr>
        </gpxtpx:TrackPointExtension></extensions>
      </trkpt>
      <trkpt lat="32.051239" lon="118.715217">
        <ele>13.0</ele>
        <time>2026-09-30T23:22:49Z</time>
        <extensions><gpxtpx:TrackPointExtension>
          <gpxtpx:hr>170</gpxtpx:hr>
        </gpxtpx:TrackPointExtension></extensions>
      </trkpt>
      <trkpt lat="32.051273" lon="118.71523">
        <ele>13.0</ele>
        <time>2026-09-30T23:22:50Z</time>
        <extensions><gpxtpx:TrackPointExtension>
          <gpxtpx:hr>170</gpxtpx:hr>
        </gpxtpx:TrackPointExtension></extensions>
      </trkpt>
      <trkpt lat="32.051307" lon="118.715244">
        <ele>13.0</ele>
        <time>2026-09-30T23:22:51Z</time>
        <extensions><gpxtpx:TrackPointExtension>
          <gpxtpx:hr>170</gpxtpx:hr>
        </gpxtpx:TrackPointExtension></extensions>
      </trkpt>
      <trkpt lat="32.05134" lon="118.71526">
        <ele>13.0</ele>
        <time>2026-09-30T23:22:52Z</time>
        <extensions><gpxtpx:TrackPointExtension>
          <gpxtpx:hr>170</gpxtpx:hr>
        </gpxtpx:TrackPointExtension></extensions>
      </trkpt>
      <trkpt lat="32.051374" lon="118.715277">
        <ele>13.0</ele>
        <time>2026-09-30T23:22:53Z</time>
        <extensions><gpxtpx:TrackPointExtension>
          <gpxtpx:hr>170</gpxtpx:hr>
        </gpxtpx:TrackPointExtension></extensions>
      </trkpt>
      <trkpt lat="32.051407" lon="118.715295">
        <ele>13.0</ele>
        <time>2026-09-30T23:22:54Z</time>
        <extensions><gpxtpx:TrackPointExtension>
          <gpxtpx:hr>170</gpxtpx:hr>
        </gpxtpx:TrackPointExtension></extensions>
      </trkpt>
      <trkpt lat="32.05144" lon="118.715312">
        <ele>13.0</ele>
        <time>2026-09-30T23:22:55Z</time>
        <extensions><gpxtpx:TrackPointExtension>
          <gpxtpx:hr>170</gpxtpx:hr>
        </gpxtpx:TrackPointExtension></extensions>
      </trkpt>
      <trkpt lat="32.051473" lon="118.71533">
        <ele>13.0</ele>
        <time>2026-09-30T23:22:56Z</time>
        <extensions><gpxtpx:TrackPointExtension>
          <gpxtpx:hr>170</gpxtpx:hr>
        </gpxtpx:TrackPointExtension></extensions>
      </trkpt>
      <trkpt lat="32.051505" lon="118.715348">
        <ele>13.0</ele>
        <time>2026-09-30T23:22:57Z</time>
        <extensions><gpxtpx:TrackPointExtension>
          <gpxtpx:hr>169</gpxtpx:hr>
        </gpxtpx:TrackPointExtension></extensions>
      </trkpt>
      <trkpt lat="32.051537" lon="118.715365">
        <ele>13.0</ele>
        <time>2026-09-30T23:22:58Z</time>
        <extensions><gpxtpx:TrackPointExtension>
          <gpxtpx:hr>169</gpxtpx:hr>
        </gpxtpx:TrackPointExtension></extensions>
      </trkpt>
      <trkpt lat="32.051569" lon="118.715382">
        <ele>13.0</ele>
        <time>2026-09-30T23:22:59Z</time>
        <extensions><gpxtpx:TrackPointExtension>
          <gpxtpx:hr>169</gpxtpx:hr>
        </gpxtpx:TrackPointExtension></extensions>
      </trkpt>
      <trkpt lat="32.051601" lon="118.7154">
        <ele>13.0</ele>
        <time>2026-09-30T23:23:00Z</time>
        <extensions><gpxtpx:TrackPointExtension>
          <gpxtpx:hr>169</gpxtpx:hr>
        </gpxtpx:TrackPointExtension></extensions>
      </trkpt>
      <trkpt lat="32.051633" lon="118.715417">
        <ele>13.0</ele>
        <time>2026-09-30T23:23:01Z</time>
        <extensions><gpxtpx:TrackPointExtension>
          <gpxtpx:hr>169</gpxtpx:hr>
        </gpxtpx:TrackPointExtension></extensions>
      </trkpt>
      <trkpt lat="32.051664" lon="118.715434">
        <ele>13.0</ele>
        <time>2026-09-30T23:23:02Z</time>
        <extensions><gpxtpx:TrackPointExtension>
          <gpxtpx:hr>169</gpxtpx:hr>
        </gpxtpx:TrackPointExtension></extensions>
      </trkpt>
      <trkpt lat="32.051696" lon="118.715451">
        <ele>13.0</ele>
        <time>2026-09-30T23:23:03Z</time>
        <extensions><gpxtpx:TrackPointExtension>
          <gpxtpx:hr>169</gpxtpx:hr>
        </gpxtpx:TrackPointExtension></extensions>
      </trkpt>
      <trkpt lat="32.051729" lon="118.715469">
        <ele>13.0</ele>
        <time>2026-09-30T23:23:04Z</time>
        <extensions><gpxtpx:TrackPointExtension>
          <gpxtpx:hr>169</gpxtpx:hr>
        </gpxtpx:TrackPointExtension></extensions>
      </trkpt>
      <trkpt lat="32.051762" lon="118.715486">
        <ele>13.0</ele>
        <time>2026-09-30T23:23:05Z</time>
        <extensions><gpxtpx:TrackPointExtension>
          <gpxtpx:hr>169</gpxtpx:hr>
        </gpxtpx:TrackPointExtension></extensions>
      </trkpt>
      <trkpt lat="32.051795" lon="118.715503">
        <ele>13.0</ele>
        <time>2026-09-30T23:23:06Z</time>
        <extensions><gpxtpx:TrackPointExtension>
          <gpxtpx:hr>169</gpxtpx:hr>
        </gpxtpx:TrackPointExtension></extensions>
      </trkpt>
      <trkpt lat="32.051828" lon="118.71552">
        <ele>13.0</ele>
        <time>2026-09-30T23:23:07Z</time>
        <extensions><gpxtpx:TrackPointExtension>
          <gpxtpx:hr>170</gpxtpx:hr>
        </gpxtpx:TrackPointExtension></extensions>
      </trkpt>
      <trkpt lat="32.05186" lon="118.715537">
        <ele>13.0</ele>
        <time>2026-09-30T23:23:08Z</time>
        <extensions><gpxtpx:TrackPointExtension>
          <gpxtpx:hr>170</gpxtpx:hr>
        </gpxtpx:TrackPointExtension></extensions>
      </trkpt>
      <trkpt lat="32.051892" lon="118.715554">
        <ele>13.0</ele>
        <time>2026-09-30T23:23:09Z</time>
        <extensions><gpxtpx:TrackPointExtension>
          <gpxtpx:hr>170</gpxtpx:hr>
        </gpxtpx:TrackPointExtension></extensions>
      </trkpt>
      <trkpt lat="32.051925" lon="118.715572">
        <ele>13.0</ele>
        <time>2026-09-30T23:23:10Z</time>
        <extensions><gpxtpx:TrackPointExtension>
          <gpxtpx:hr>170</gpxtpx:hr>
        </gpxtpx:TrackPointExtension></extensions>
      </trkpt>
      <trkpt lat="32.051957" lon="118.715589">
        <ele>13.0</ele>
        <time>2026-09-30T23:23:11Z</time>
        <extensions><gpxtpx:TrackPointExtension>
          <gpxtpx:hr>170</gpxtpx:hr>
        </gpxtpx:TrackPointExtension></extensions>
      </trkpt>
      <trkpt lat="32.051989" lon="118.715606">
        <ele>13.0</ele>
        <time>2026-09-30T23:23:12Z</time>
        <extensions><gpxtpx:TrackPointExtension>
          <gpxtpx:hr>170</gpxtpx:hr>
        </gpxtpx:TrackPointExtension></extensions>
      </trkpt>
      <trkpt lat="32.052021" lon="118.715622">
        <ele>13.0</ele>
        <time>2026-09-30T23:23:13Z</time>
        <extensions><gpxtpx:TrackPointExtension>
          <gpxtpx:hr>170</gpxtpx:hr>
        </gpxtpx:TrackPointExtension></extensions>
      </trkpt>
      <trkpt lat="32.052054" lon="118.715638">
        <ele>13.0</ele>
        <time>2026-09-30T23:23:14Z</time>
        <extensions><gpxtpx:TrackPointExtension>
          <gpxtpx:hr>170</gpxtpx:hr>
        </gpxtpx:TrackPointExtension></extensions>
      </trkpt>
      <trkpt lat="32.052085" lon="118.715652">
        <ele>13.0</ele>
        <time>2026-09-30T23:23:15Z</time>
        <extensions><gpxtpx:TrackPointExtension>
          <gpxtpx:hr>170</gpxtpx:hr>
        </gpxtpx:TrackPointExtension></extensions>
      </trkpt>
      <trkpt lat="32.052117" lon="118.715667">
        <ele>13.0</ele>
        <time>2026-09-30T23:23:16Z</time>
        <extensions><gpxtpx:TrackPointExtension>
          <gpxtpx:hr>170</gpxtpx:hr>
        </gpxtpx:TrackPointExtension></extensions>
      </trkpt>
      <trkpt lat="32.052147" lon="118.715682">
        <ele>13.0</ele>
        <time>2026-09-30T23:23:17Z</time>
        <extensions><gpxtpx:TrackPointExtension>
          <gpxtpx:hr>170</gpxtpx:hr>
        </gpxtpx:TrackPointExtension></extensions>
      </trkpt>
      <trkpt lat="32.052177" lon="118.715698">
        <ele>13.0</ele>
        <time>2026-09-30T23:23:18Z</time>
        <extensions><gpxtpx:TrackPointExtension>
          <gpxtpx:hr>170</gpxtpx:hr>
        </gpxtpx:TrackPointExtension></extensions>
      </trkpt>
      <trkpt lat="32.052207" lon="118.715714">
        <ele>13.0</ele>
        <time>2026-09-30T23:23:19Z</time>
        <extensions><gpxtpx:TrackPointExtension>
          <gpxtpx:hr>170</gpxtpx:hr>
        </gpxtpx:TrackPointExtension></extensions>
      </trkpt>
      <trkpt lat="32.052237" lon="118.715732">
        <ele>13.0</ele>
        <time>2026-09-30T23:23:20Z</time>
        <extensions><gpxtpx:TrackPointExtension>
          <gpxtpx:hr>170</gpxtpx:hr>
        </gpxtpx:TrackPointExtension></extensions>
      </trkpt>
      <trkpt lat="32.052266" lon="118.715749">
        <ele>13.0</ele>
        <time>2026-09-30T23:23:21Z</time>
        <extensions><gpxtpx:TrackPointExtension>
          <gpxtpx:hr>170</gpxtpx:hr>
        </gpxtpx:TrackPointExtension></extensions>
      </trkpt>
      <trkpt lat="32.052295" lon="118.715767">
        <ele>13.0</ele>
        <time>2026-09-30T23:23:22Z</time>
        <extensions><gpxtpx:TrackPointExtension>
          <gpxtpx:hr>170</gpxtpx:hr>
        </gpxtpx:TrackPointExtension></extensions>
      </trkpt>
      <trkpt lat="32.052324" lon="118.715785">
        <ele>13.0</ele>
        <time>2026-09-30T23:23:23Z</time>
        <extensions><gpxtpx:TrackPointExtension>
          <gpxtpx:hr>170</gpxtpx:hr>
        </gpxtpx:TrackPointExtension></extensions>
      </trkpt>
      <trkpt lat="32.052354" lon="118.715803">
        <ele>13.0</ele>
        <time>2026-09-30T23:23:24Z</time>
        <extensions><gpxtpx:TrackPointExtension>
          <gpxtpx:hr>170</gpxtpx:hr>
        </gpxtpx:TrackPointExtension></extensions>
      </trkpt>
      <trkpt lat="32.052384" lon="118.715821">
        <ele>13.0</ele>
        <time>2026-09-30T23:23:25Z</time>
        <extensions><gpxtpx:TrackPointExtension>
          <gpxtpx:hr>170</gpxtpx:hr>
        </gpxtpx:TrackPointExtension></extensions>
      </trkpt>
      <trkpt lat="32.052415" lon="118.71584">
        <ele>13.0</ele>
        <time>2026-09-30T23:23:26Z</time>
        <extensions><gpxtpx:TrackPointExtension>
          <gpxtpx:hr>170</gpxtpx:hr>
        </gpxtpx:TrackPointExtension></extensions>
      </trkpt>
      <trkpt lat="32.052446" lon="118.715858">
        <ele>13.0</ele>
        <time>2026-09-30T23:23:27Z</time>
        <extensions><gpxtpx:TrackPointExtension>
          <gpxtpx:hr>170</gpxtpx:hr>
        </gpxtpx:TrackPointExtension></extensions>
      </trkpt>
      <trkpt lat="32.052477" lon="118.715876">
        <ele>13.0</ele>
        <time>2026-09-30T23:23:28Z</time>
        <extensions><gpxtpx:TrackPointExtension>
          <gpxtpx:hr>170</gpxtpx:hr>
        </gpxtpx:TrackPointExtension></extensions>
      </trkpt>
      <trkpt lat="32.05251" lon="118.715892">
        <ele>13.0</ele>
        <time>2026-09-30T23:23:29Z</time>
        <extensions><gpxtpx:TrackPointExtension>
          <gpxtpx:hr>171</gpxtpx:hr>
        </gpxtpx:TrackPointExtension></extensions>
      </trkpt>
      <trkpt lat="32.052544" lon="118.715907">
        <ele>13.0</ele>
        <time>2026-09-30T23:23:30Z</time>
        <extensions><gpxtpx:TrackPointExtension>
          <gpxtpx:hr>171</gpxtpx:hr>
        </gpxtpx:TrackPointExtension></extensions>
      </trkpt>
      <trkpt lat="32.052577" lon="118.715923">
        <ele>13.0</ele>
        <time>2026-09-30T23:23:31Z</time>
        <extensions><gpxtpx:TrackPointExtension>
          <gpxtpx:hr>171</gpxtpx:hr>
        </gpxtpx:TrackPointExtension></extensions>
      </trkpt>
      <trkpt lat="32.052609" lon="118.715939">
        <ele>13.0</ele>
        <time>2026-09-30T23:23:32Z</time>
        <extensions><gpxtpx:TrackPointExtension>
          <gpxtpx:hr>171</gpxtpx:hr>
        </gpxtpx:TrackPointExtension></extensions>
      </trkpt>
      <trkpt lat="32.052641" lon="118.715956">
        <ele>13.0</ele>
        <time>2026-09-30T23:23:33Z</time>
        <extensions><gpxtpx:TrackPointExtension>
          <gpxtpx:hr>171</gpxtpx:hr>
        </gpxtpx:TrackPointExtension></extensions>
      </trkpt>
      <trkpt lat="32.052673" lon="118.715972">
        <ele>13.0</ele>
        <time>2026-09-30T23:23:34Z</time>
        <extensions><gpxtpx:TrackPointExtension>
          <gpxtpx:hr>171</gpxtpx:hr>
        </gpxtpx:TrackPointExtension></extensions>
      </trkpt>
      <trkpt lat="32.052706" lon="118.715989">
        <ele>13.0</ele>
        <time>2026-09-30T23:23:35Z</time>
        <extensions><gpxtpx:TrackPointExtension>
          <gpxtpx:hr>171</gpxtpx:hr>
        </gpxtpx:TrackPointExtension></extensions>
      </trkpt>
      <trkpt lat="32.052738" lon="118.716005">
        <ele>13.0</ele>
        <time>2026-09-30T23:23:36Z</time>
        <extensions><gpxtpx:TrackPointExtension>
          <gpxtpx:hr>171</gpxtpx:hr>
        </gpxtpx:TrackPointExtension></extensions>
      </trkpt>
      <trkpt lat="32.052772" lon="118.716021">
        <ele>13.0</ele>
        <time>2026-09-30T23:23:37Z</time>
        <extensions><gpxtpx:TrackPointExtension>
          <gpxtpx:hr>171</gpxtpx:hr>
        </gpxtpx:TrackPointExtension></extensions>
      </trkpt>
      <trkpt lat="32.052805" lon="118.716037">
        <ele>12.0</ele>
        <time>2026-09-30T23:23:38Z</time>
        <extensions><gpxtpx:TrackPointExtension>
          <gpxtpx:hr>171</gpxtpx:hr>
        </gpxtpx:TrackPointExtension></extensions>
      </trkpt>
      <trkpt lat="32.05284" lon="118.716052">
        <ele>12.0</ele>
        <time>2026-09-30T23:23:39Z</time>
        <extensions><gpxtpx:TrackPointExtension>
          <gpxtpx:hr>171</gpxtpx:hr>
        </gpxtpx:TrackPointExtension></extensions>
      </trkpt>
      <trkpt lat="32.052875" lon="118.716067">
        <ele>12.0</ele>
        <time>2026-09-30T23:23:40Z</time>
        <extensions><gpxtpx:TrackPointExtension>
          <gpxtpx:hr>171</gpxtpx:hr>
        </gpxtpx:TrackPointExtension></extensions>
      </trkpt>
      <trkpt lat="32.05291" lon="118.716083">
        <ele>12.0</ele>
        <time>2026-09-30T23:23:41Z</time>
        <extensions><gpxtpx:TrackPointExtension>
          <gpxtpx:hr>171</gpxtpx:hr>
        </gpxtpx:TrackPointExtension></extensions>
      </trkpt>
      <trkpt lat="32.052946" lon="118.7161">
        <ele>12.0</ele>
        <time>2026-09-30T23:23:42Z</time>
        <extensions><gpxtpx:TrackPointExtension>
          <gpxtpx:hr>171</gpxtpx:hr>
        </gpxtpx:TrackPointExtension></extensions>
      </trkpt>
      <trkpt lat="32.052982" lon="118.716118">
        <ele>12.0</ele>
        <time>2026-09-30T23:23:43Z</time>
        <extensions><gpxtpx:TrackPointExtension>
          <gpxtpx:hr>171</gpxtpx:hr>
        </gpxtpx:TrackPointExtension></extensions>
      </trkpt>
      <trkpt lat="32.053018" lon="118.716137">
        <ele>12.0</ele>
        <time>2026-09-30T23:23:44Z</time>
        <extensions><gpxtpx:TrackPointExtension>
          <gpxtpx:hr>171</gpxtpx:hr>
        </gpxtpx:TrackPointExtension></extensions>
      </trkpt>
      <trkpt lat="32.053053" lon="118.716157">
        <ele>12.0</ele>
        <time>2026-09-30T23:23:45Z</time>
        <extensions><gpxtpx:TrackPointExtension>
          <gpxtpx:hr>171</gpxtpx:hr>
        </gpxtpx:TrackPointExtension></extensions>
      </trkpt>
      <trkpt lat="32.053087" lon="118.716177">
        <ele>12.0</ele>
        <time>2026-09-30T23:23:46Z</time>
        <extensions><gpxtpx:TrackPointExtension>
          <gpxtpx:hr>171</gpxtpx:hr>
        </gpxtpx:TrackPointExtension></extensions>
      </trkpt>
      <trkpt lat="32.053121" lon="118.716197">
        <ele>12.0</ele>
        <time>2026-09-30T23:23:47Z</time>
        <extensions><gpxtpx:TrackPointExtension>
          <gpxtpx:hr>171</gpxtpx:hr>
        </gpxtpx:TrackPointExtension></extensions>
      </trkpt>
      <trkpt lat="32.053155" lon="118.716217">
        <ele>12.0</ele>
        <time>2026-09-30T23:23:48Z</time>
        <extensions><gpxtpx:TrackPointExtension>
          <gpxtpx:hr>171</gpxtpx:hr>
        </gpxtpx:TrackPointExtension></extensions>
      </trkpt>
      <trkpt lat="32.053188" lon="118.716237">
        <ele>13.0</ele>
        <time>2026-09-30T23:23:49Z</time>
        <extensions><gpxtpx:TrackPointExtension>
          <gpxtpx:hr>171</gpxtpx:hr>
        </gpxtpx:TrackPointExtension></extensions>
      </trkpt>
      <trkpt lat="32.053221" lon="118.716256">
        <ele>13.0</ele>
        <time>2026-09-30T23:23:50Z</time>
        <extensions><gpxtpx:TrackPointExtension>
          <gpxtpx:hr>171</gpxtpx:hr>
        </gpxtpx:TrackPointExtension></extensions>
      </trkpt>
      <trkpt lat="32.053254" lon="118.716275">
        <ele>13.0</ele>
        <time>2026-09-30T23:23:51Z</time>
        <extensions><gpxtpx:TrackPointExtension>
          <gpxtpx:hr>171</gpxtpx:hr>
        </gpxtpx:TrackPointExtension></extensions>
      </trkpt>
      <trkpt lat="32.053286" lon="118.716292">
        <ele>13.0</ele>
        <time>2026-09-30T23:23:52Z</time>
        <extensions><gpxtpx:TrackPointExtension>
          <gpxtpx:hr>171</gpxtpx:hr>
        </gpxtpx:TrackPointExtension></extensions>
      </trkpt>
      <trkpt lat="32.053319" lon="118.716309">
        <ele>13.0</ele>
        <time>2026-09-30T23:23:53Z</time>
        <extensions><gpxtpx:TrackPointExtension>
          <gpxtpx:hr>172</gpxtpx:hr>
        </gpxtpx:TrackPointExtension></extensions>
      </trkpt>
      <trkpt lat="32.053352" lon="118.716325">
        <ele>13.0</ele>
        <time>2026-09-30T23:23:54Z</time>
        <extensions><gpxtpx:TrackPointExtension>
          <gpxtpx:hr>171</gpxtpx:hr>
        </gpxtpx:TrackPointExtension></extensions>
      </trkpt>
      <trkpt lat="32.053384" lon="118.71634">
        <ele>13.0</ele>
        <time>2026-09-30T23:23:55Z</time>
        <extensions><gpxtpx:TrackPointExtension>
          <gpxtpx:hr>171</gpxtpx:hr>
        </gpxtpx:TrackPointExtension></extensions>
      </trkpt>
      <trkpt lat="32.053417" lon="118.716356">
        <ele>13.0</ele>
        <time>2026-09-30T23:23:56Z</time>
        <extensions><gpxtpx:TrackPointExtension>
          <gpxtpx:hr>171</gpxtpx:hr>
        </gpxtpx:TrackPointExtension></extensions>
      </trkpt>
      <trkpt lat="32.053448" lon="118.716373">
        <ele>13.0</ele>
        <time>2026-09-30T23:23:57Z</time>
        <extensions><gpxtpx:TrackPointExtension>
          <gpxtpx:hr>171</gpxtpx:hr>
        </gpxtpx:TrackPointExtension></extensions>
      </trkpt>
      <trkpt lat="32.05348" lon="118.716391">
        <ele>12.0</ele>
        <time>2026-09-30T23:23:58Z</time>
        <extensions><gpxtpx:TrackPointExtension>
          <gpxtpx:hr>172</gpxtpx:hr>
        </gpxtpx:TrackPointExtension></extensions>
      </trkpt>
      <trkpt lat="32.053512" lon="118.716408">
        <ele>12.0</ele>
        <time>2026-09-30T23:23:59Z</time>
        <extensions><gpxtpx:TrackPointExtension>
          <gpxtpx:hr>172</gpxtpx:hr>
        </gpxtpx:TrackPointExtension></extensions>
      </trkpt>
      <trkpt lat="32.053545" lon="118.716424">
        <ele>12.0</ele>
        <time>2026-09-30T23:24:00Z</time>
        <extensions><gpxtpx:TrackPointExtension>
          <gpxtpx:hr>172</gpxtpx:hr>
        </gpxtpx:TrackPointExtension></extensions>
      </trkpt>
      <trkpt lat="32.053578" lon="118.71644">
        <ele>12.0</ele>
        <time>2026-09-30T23:24:01Z</time>
        <extensions><gpxtpx:TrackPointExtension>
          <gpxtpx:hr>172</gpxtpx:hr>
        </gpxtpx:TrackPointExtension></extensions>
      </trkpt>
      <trkpt lat="32.05361" lon="118.716457">
        <ele>12.0</ele>
        <time>2026-09-30T23:24:02Z</time>
        <extensions><gpxtpx:TrackPointExtension>
          <gpxtpx:hr>172</gpxtpx:hr>
        </gpxtpx:TrackPointExtension></extensions>
      </trkpt>
      <trkpt lat="32.053643" lon="118.716474">
        <ele>12.0</ele>
        <time>2026-09-30T23:24:03Z</time>
        <extensions><gpxtpx:TrackPointExtension>
          <gpxtpx:hr>172</gpxtpx:hr>
        </gpxtpx:TrackPointExtension></extensions>
      </trkpt>
      <trkpt lat="32.053676" lon="118.716492">
        <ele>12.0</ele>
        <time>2026-09-30T23:24:04Z</time>
        <extensions><gpxtpx:TrackPointExtension>
          <gpxtpx:hr>172</gpxtpx:hr>
        </gpxtpx:TrackPointExtension></extensions>
      </trkpt>
      <trkpt lat="32.05371" lon="118.716509">
        <ele>12.0</ele>
        <time>2026-09-30T23:24:05Z</time>
        <extensions><gpxtpx:TrackPointExtension>
          <gpxtpx:hr>172</gpxtpx:hr>
        </gpxtpx:TrackPointExtension></extensions>
      </trkpt>
      <trkpt lat="32.053744" lon="118.716526">
        <ele>12.0</ele>
        <time>2026-09-30T23:24:06Z</time>
        <extensions><gpxtpx:TrackPointExtension>
          <gpxtpx:hr>172</gpxtpx:hr>
        </gpxtpx:TrackPointExtension></extensions>
      </trkpt>
      <trkpt lat="32.053777" lon="118.716543">
        <ele>12.0</ele>
        <time>2026-09-30T23:24:07Z</time>
        <extensions><gpxtpx:TrackPointExtension>
          <gpxtpx:hr>172</gpxtpx:hr>
        </gpxtpx:TrackPointExtension></extensions>
      </trkpt>
      <trkpt lat="32.05381" lon="118.71656">
        <ele>12.0</ele>
        <time>2026-09-30T23:24:08Z</time>
        <extensions><gpxtpx:TrackPointExtension>
          <gpxtpx:hr>172</gpxtpx:hr>
        </gpxtpx:TrackPointExtension></extensions>
      </trkpt>
      <trkpt lat="32.053843" lon="118.716578">
        <ele>12.0</ele>
        <time>2026-09-30T23:24:09Z</time>
        <extensions><gpxtpx:TrackPointExtension>
          <gpxtpx:hr>172</gpxtpx:hr>
        </gpxtpx:TrackPointExtension></extensions>
      </trkpt>
      <trkpt lat="32.053875" lon="118.716595">
        <ele>12.0</ele>
        <time>2026-09-30T23:24:10Z</time>
        <extensions><gpxtpx:TrackPointExtension>
          <gpxtpx:hr>172</gpxtpx:hr>
        </gpxtpx:TrackPointExtension></extensions>
      </trkpt>
      <trkpt lat="32.053906" lon="118.716612">
        <ele>12.0</ele>
        <time>2026-09-30T23:24:11Z</time>
        <extensions><gpxtpx:TrackPointExtension>
          <gpxtpx:hr>172</gpxtpx:hr>
        </gpxtpx:TrackPointExtension></extensions>
      </trkpt>
      <trkpt lat="32.053938" lon="118.716629">
        <ele>12.0</ele>
        <time>2026-09-30T23:24:12Z</time>
        <extensions><gpxtpx:TrackPointExtension>
          <gpxtpx:hr>172</gpxtpx:hr>
        </gpxtpx:TrackPointExtension></extensions>
      </trkpt>
      <trkpt lat="32.05397" lon="118.716645">
        <ele>12.0</ele>
        <time>2026-09-30T23:24:13Z</time>
        <extensions><gpxtpx:TrackPointExtension>
          <gpxtpx:hr>172</gpxtpx:hr>
        </gpxtpx:TrackPointExtension></extensions>
      </trkpt>
      <trkpt lat="32.054002" lon="118.716661">
        <ele>12.0</ele>
        <time>2026-09-30T23:24:14Z</time>
        <extensions><gpxtpx:TrackPointExtension>
          <gpxtpx:hr>172</gpxtpx:hr>
        </gpxtpx:TrackPointExtension></extensions>
      </trkpt>
      <trkpt lat="32.054034" lon="118.716678">
        <ele>12.0</ele>
        <time>2026-09-30T23:24:15Z</time>
        <extensions><gpxtpx:TrackPointExtension>
          <gpxtpx:hr>172</gpxtpx:hr>
        </gpxtpx:TrackPointExtension></extensions>
      </trkpt>
      <trkpt lat="32.054066" lon="118.716694">
        <ele>12.0</ele>
        <time>2026-09-30T23:24:16Z</time>
        <extensions><gpxtpx:TrackPointExtension>
          <gpxtpx:hr>172</gpxtpx:hr>
        </gpxtpx:TrackPointExtension></extensions>
      </trkpt>
      <trkpt lat="32.054098" lon="118.716712">
        <ele>12.0</ele>
        <time>2026-09-30T23:24:17Z</time>
        <extensions><gpxtpx:TrackPointExtension>
          <gpxtpx:hr>172</gpxtpx:hr>
        </gpxtpx:TrackPointExtension></extensions>
      </trkpt>
      <trkpt lat="32.05413" lon="118.716729">
        <ele>12.0</ele>
        <time>2026-09-30T23:24:18Z</time>
        <extensions><gpxtpx:TrackPointExtension>
          <gpxtpx:hr>172</gpxtpx:hr>
        </gpxtpx:TrackPointExtension></extensions>
      </trkpt>
      <trkpt lat="32.054161" lon="118.716746">
        <ele>12.0</ele>
        <time>2026-09-30T23:24:19Z</time>
        <extensions><gpxtpx:TrackPointExtension>
          <gpxtpx:hr>172</gpxtpx:hr>
        </gpxtpx:TrackPointExtension></extensions>
      </trkpt>
      <trkpt lat="32.054192" lon="118.716763">
        <ele>12.0</ele>
        <time>2026-09-30T23:24:20Z</time>
        <extensions><gpxtpx:TrackPointExtension>
          <gpxtpx:hr>172</gpxtpx:hr>
        </gpxtpx:TrackPointExtension></extensions>
      </trkpt>
      <trkpt lat="32.054223" lon="118.716781">
        <ele>12.0</ele>
        <time>2026-09-30T23:24:21Z</time>
        <extensions><gpxtpx:TrackPointExtension>
          <gpxtpx:hr>172</gpxtpx:hr>
        </gpxtpx:TrackPointExtension></extensions>
      </trkpt>
      <trkpt lat="32.054253" lon="118.716798">
        <ele>12.0</ele>
        <time>2026-09-30T23:24:22Z</time>
        <extensions><gpxtpx:TrackPointExtension>
          <gpxtpx:hr>173</gpxtpx:hr>
        </gpxtpx:TrackPointExtension></extensions>
      </trkpt>
      <trkpt lat="32.054283" lon="118.716815">
        <ele>12.0</ele>
        <time>2026-09-30T23:24:23Z</time>
        <extensions><gpxtpx:TrackPointExtension>
          <gpxtpx:hr>173</gpxtpx:hr>
        </gpxtpx:TrackPointExtension></extensions>
      </trkpt>
      <trkpt lat="32.054313" lon="118.716832">
        <ele>12.0</ele>
        <time>2026-09-30T23:24:24Z</time>
        <extensions><gpxtpx:TrackPointExtension>
          <gpxtpx:hr>172</gpxtpx:hr>
        </gpxtpx:TrackPointExtension></extensions>
      </trkpt>
      <trkpt lat="32.054343" lon="118.716848">
        <ele>12.0</ele>
        <time>2026-09-30T23:24:25Z</time>
        <extensions><gpxtpx:TrackPointExtension>
          <gpxtpx:hr>172</gpxtpx:hr>
        </gpxtpx:TrackPointExtension></extensions>
      </trkpt>
      <trkpt lat="32.054374" lon="118.716864">
        <ele>12.0</ele>
        <time>2026-09-30T23:24:26Z</time>
        <extensions><gpxtpx:TrackPointExtension>
          <gpxtpx:hr>172</gpxtpx:hr>
        </gpxtpx:TrackPointExtension></extensions>
      </trkpt>
      <trkpt lat="32.054406" lon="118.716879">
        <ele>12.0</ele>
        <time>2026-09-30T23:24:27Z</time>
        <extensions><gpxtpx:TrackPointExtension>
          <gpxtpx:hr>172</gpxtpx:hr>
        </gpxtpx:TrackPointExtension></extensions>
      </trkpt>
      <trkpt lat="32.054439" lon="118.716892">
        <ele>12.0</ele>
        <time>2026-09-30T23:24:28Z</time>
        <extensions><gpxtpx:TrackPointExtension>
          <gpxtpx:hr>172</gpxtpx:hr>
        </gpxtpx:TrackPointExtension></extensions>
      </trkpt>
      <trkpt lat="32.054473" lon="118.716906">
        <ele>12.0</ele>
        <time>2026-09-30T23:24:29Z</time>
        <extensions><gpxtpx:TrackPointExtension>
          <gpxtpx:hr>172</gpxtpx:hr>
        </gpxtpx:TrackPointExtension></extensions>
      </trkpt>
      <trkpt lat="32.054507" lon="118.71692">
        <ele>12.0</ele>
        <time>2026-09-30T23:24:30Z</time>
        <extensions><gpxtpx:TrackPointExtension>
          <gpxtpx:hr>172</gpxtpx:hr>
        </gpxtpx:TrackPointExtension></extensions>
      </trkpt>
      <trkpt lat="32.054543" lon="118.716934">
        <ele>12.0</ele>
        <time>2026-09-30T23:24:31Z</time>
        <extensions><gpxtpx:TrackPointExtension>
          <gpxtpx:hr>172</gpxtpx:hr>
        </gpxtpx:TrackPointExtension></extensions>
      </trkpt>
      <trkpt lat="32.054578" lon="118.716949">
        <ele>12.0</ele>
        <time>2026-09-30T23:24:32Z</time>
        <extensions><gpxtpx:TrackPointExtension>
          <gpxtpx:hr>172</gpxtpx:hr>
        </gpxtpx:TrackPointExtension></extensions>
      </trkpt>
      <trkpt lat="32.054614" lon="118.716964">
        <ele>12.0</ele>
        <time>2026-09-30T23:24:33Z</time>
        <extensions><gpxtpx:TrackPointExtension>
          <gpxtpx:hr>172</gpxtpx:hr>
        </gpxtpx:TrackPointExtension></extensions>
      </trkpt>
      <trkpt lat="32.054649" lon="118.71698">
        <ele>12.0</ele>
        <time>2026-09-30T23:24:34Z</time>
        <extensions><gpxtpx:TrackPointExtension>
          <gpxtpx:hr>172</gpxtpx:hr>
        </gpxtpx:TrackPointExtension></extensions>
      </trkpt>
      <trkpt lat="32.054685" lon="118.716995">
        <ele>12.0</ele>
        <time>2026-09-30T23:24:35Z</time>
        <extensions><gpxtpx:TrackPointExtension>
          <gpxtpx:hr>171</gpxtpx:hr>
        </gpxtpx:TrackPointExtension></extensions>
      </trkpt>
      <trkpt lat="32.05472" lon="118.717011">
        <ele>12.0</ele>
        <time>2026-09-30T23:24:36Z</time>
        <extensions><gpxtpx:TrackPointExtension>
          <gpxtpx:hr>171</gpxtpx:hr>
        </gpxtpx:TrackPointExtension></extensions>
      </trkpt>
      <trkpt lat="32.054756" lon="118.717026">
        <ele>12.0</ele>
        <time>2026-09-30T23:24:37Z</time>
        <extensions><gpxtpx:TrackPointExtension>
          <gpxtpx:hr>171</gpxtpx:hr>
        </gpxtpx:TrackPointExtension></extensions>
      </trkpt>
      <trkpt lat="32.05479" lon="118.717041">
        <ele>12.0</ele>
        <time>2026-09-30T23:24:38Z</time>
        <extensions><gpxtpx:TrackPointExtension>
          <gpxtpx:hr>171</gpxtpx:hr>
        </gpxtpx:TrackPointExtension></extensions>
      </trkpt>
      <trkpt lat="32.054824" lon="118.717057">
        <ele>12.0</ele>
        <time>2026-09-30T23:24:39Z</time>
        <extensions><gpxtpx:TrackPointExtension>
          <gpxtpx:hr>172</gpxtpx:hr>
        </gpxtpx:TrackPointExtension></extensions>
      </trkpt>
      <trkpt lat="32.054857" lon="118.717073">
        <ele>12.0</ele>
        <time>2026-09-30T23:24:40Z</time>
        <extensions><gpxtpx:TrackPointExtension>
          <gpxtpx:hr>172</gpxtpx:hr>
        </gpxtpx:TrackPointExtension></extensions>
      </trkpt>
      <trkpt lat="32.054891" lon="118.717088">
        <ele>12.0</ele>
        <time>2026-09-30T23:24:41Z</time>
        <extensions><gpxtpx:TrackPointExtension>
          <gpxtpx:hr>172</gpxtpx:hr>
        </gpxtpx:TrackPointExtension></extensions>
      </trkpt>
      <trkpt lat="32.054924" lon="118.717104">
        <ele>12.0</ele>
        <time>2026-09-30T23:24:42Z</time>
        <extensions><gpxtpx:TrackPointExtension>
          <gpxtpx:hr>172</gpxtpx:hr>
        </gpxtpx:TrackPointExtension></extensions>
      </trkpt>
      <trkpt lat="32.054957" lon="118.71712">
        <ele>12.0</ele>
        <time>2026-09-30T23:24:43Z</time>
        <extensions><gpxtpx:TrackPointExtension>
          <gpxtpx:hr>172</gpxtpx:hr>
        </gpxtpx:TrackPointExtension></extensions>
      </trkpt>
      <trkpt lat="32.054991" lon="118.717136">
        <ele>12.0</ele>
        <time>2026-09-30T23:24:44Z</time>
        <extensions><gpxtpx:TrackPointExtension>
          <gpxtpx:hr>172</gpxtpx:hr>
        </gpxtpx:TrackPointExtension></extensions>
      </trkpt>
      <trkpt lat="32.055024" lon="118.717152">
        <ele>13.0</ele>
        <time>2026-09-30T23:24:45Z</time>
        <extensions><gpxtpx:TrackPointExtension>
          <gpxtpx:hr>172</gpxtpx:hr>
        </gpxtpx:TrackPointExtension></extensions>
      </trkpt>
      <trkpt lat="32.055058" lon="118.717167">
        <ele>13.0</ele>
        <time>2026-09-30T23:24:46Z</time>
        <extensions><gpxtpx:TrackPointExtension>
          <gpxtpx:hr>172</gpxtpx:hr>
        </gpxtpx:TrackPointExtension></extensions>
      </trkpt>
      <trkpt lat="32.055092" lon="118.717183">
        <ele>13.0</ele>
        <time>2026-09-30T23:24:47Z</time>
        <extensions><gpxtpx:TrackPointExtension>
          <gpxtpx:hr>172</gpxtpx:hr>
        </gpxtpx:TrackPointExtension></extensions>
      </trkpt>
      <trkpt lat="32.055125" lon="118.717199">
        <ele>13.0</ele>
        <time>2026-09-30T23:24:48Z</time>
        <extensions><gpxtpx:TrackPointExtension>
          <gpxtpx:hr>172</gpxtpx:hr>
        </gpxtpx:TrackPointExtension></extensions>
      </trkpt>
      <trkpt lat="32.05516" lon="118.717213">
        <ele>13.0</ele>
        <time>2026-09-30T23:24:49Z</time>
        <extensions><gpxtpx:TrackPointExtension>
          <gpxtpx:hr>172</gpxtpx:hr>
        </gpxtpx:TrackPointExtension></extensions>
      </trkpt>
      <trkpt lat="32.055194" lon="118.717228">
        <ele>12.0</ele>
        <time>2026-09-30T23:24:50Z</time>
        <extensions><gpxtpx:TrackPointExtension>
          <gpxtpx:hr>172</gpxtpx:hr>
        </gpxtpx:TrackPointExtension></extensions>
      </trkpt>
      <trkpt lat="32.055228" lon="118.717242">
        <ele>12.0</ele>
        <time>2026-09-30T23:24:51Z</time>
        <extensions><gpxtpx:TrackPointExtension>
          <gpxtpx:hr>172</gpxtpx:hr>
        </gpxtpx:TrackPointExtension></extensions>
      </trkpt>
      <trkpt lat="32.055261" lon="118.717258">
        <ele>12.0</ele>
        <time>2026-09-30T23:24:52Z</time>
        <extensions><gpxtpx:TrackPointExtension>
          <gpxtpx:hr>172</gpxtpx:hr>
        </gpxtpx:TrackPointExtension></extensions>
      </trkpt>
      <trkpt lat="32.055293" lon="118.717273">
        <ele>12.0</ele>
        <time>2026-09-30T23:24:53Z</time>
        <extensions><gpxtpx:TrackPointExtension>
          <gpxtpx:hr>172</gpxtpx:hr>
        </gpxtpx:TrackPointExtension></extensions>
      </trkpt>
      <trkpt lat="32.055325" lon="118.717288">
        <ele>12.0</ele>
        <time>2026-09-30T23:24:54Z</time>
        <extensions><gpxtpx:TrackPointExtension>
          <gpxtpx:hr>172</gpxtpx:hr>
        </gpxtpx:TrackPointExtension></extensions>
      </trkpt>
      <trkpt lat="32.055357" lon="118.717304">
        <ele>12.0</ele>
        <time>2026-09-30T23:24:55Z</time>
        <extensions><gpxtpx:TrackPointExtension>
          <gpxtpx:hr>172</gpxtpx:hr>
        </gpxtpx:TrackPointExtension></extensions>
      </trkpt>
      <trkpt lat="32.055389" lon="118.717321">
        <ele>12.0</ele>
        <time>2026-09-30T23:24:56Z</time>
        <extensions><gpxtpx:TrackPointExtension>
          <gpxtpx:hr>172</gpxtpx:hr>
        </gpxtpx:TrackPointExtension></extensions>
      </trkpt>
      <trkpt lat="32.05542" lon="118.717338">
        <ele>12.0</ele>
        <time>2026-09-30T23:24:57Z</time>
        <extensions><gpxtpx:TrackPointExtension>
          <gpxtpx:hr>172</gpxtpx:hr>
        </gpxtpx:TrackPointExtension></extensions>
      </trkpt>
      <trkpt lat="32.055451" lon="118.717355">
        <ele>12.0</ele>
        <time>2026-09-30T23:24:58Z</time>
        <extensions><gpxtpx:TrackPointExtension>
          <gpxtpx:hr>172</gpxtpx:hr>
        </gpxtpx:TrackPointExtension></extensions>
      </trkpt>
      <trkpt lat="32.055483" lon="118.717371">
        <ele>12.0</ele>
        <time>2026-09-30T23:24:59Z</time>
        <extensions><gpxtpx:TrackPointExtension>
          <gpxtpx:hr>172</gpxtpx:hr>
        </gpxtpx:TrackPointExtension></extensions>
      </trkpt>
      <trkpt lat="32.055514" lon="118.717388">
        <ele>12.0</ele>
        <time>2026-09-30T23:25:00Z</time>
        <extensions><gpxtpx:TrackPointExtension>
          <gpxtpx:hr>172</gpxtpx:hr>
        </gpxtpx:TrackPointExtension></extensions>
      </trkpt>
      <trkpt lat="32.055547" lon="118.717404">
        <ele>12.0</ele>
        <time>2026-09-30T23:25:01Z</time>
        <extensions><gpxtpx:TrackPointExtension>
          <gpxtpx:hr>173</gpxtpx:hr>
        </gpxtpx:TrackPointExtension></extensions>
      </trkpt>
      <trkpt lat="32.05558" lon="118.71742">
        <ele>12.0</ele>
        <time>2026-09-30T23:25:02Z</time>
        <extensions><gpxtpx:TrackPointExtension>
          <gpxtpx:hr>173</gpxtpx:hr>
        </gpxtpx:TrackPointExtension></extensions>
      </trkpt>
      <trkpt lat="32.055614" lon="118.717436">
        <ele>12.0</ele>
        <time>2026-09-30T23:25:03Z</time>
        <extensions><gpxtpx:TrackPointExtension>
          <gpxtpx:hr>173</gpxtpx:hr>
        </gpxtpx:TrackPointExtension></extensions>
      </trkpt>
      <trkpt lat="32.055648" lon="118.717452">
        <ele>12.0</ele>
        <time>2026-09-30T23:25:04Z</time>
        <extensions><gpxtpx:TrackPointExtension>
          <gpxtpx:hr>173</gpxtpx:hr>
        </gpxtpx:TrackPointExtension></extensions>
      </trkpt>
      <trkpt lat="32.055682" lon="118.717467">
        <ele>12.0</ele>
        <time>2026-09-30T23:25:05Z</time>
        <extensions><gpxtpx:TrackPointExtension>
          <gpxtpx:hr>173</gpxtpx:hr>
        </gpxtpx:TrackPointExtension></extensions>
      </trkpt>
      <trkpt lat="32.055717" lon="118.717481">
        <ele>12.0</ele>
        <time>2026-09-30T23:25:06Z</time>
        <extensions><gpxtpx:TrackPointExtension>
          <gpxtpx:hr>173</gpxtpx:hr>
        </gpxtpx:TrackPointExtension></extensions>
      </trkpt>
      <trkpt lat="32.055752" lon="118.717495">
        <ele>12.0</ele>
        <time>2026-09-30T23:25:07Z</time>
        <extensions><gpxtpx:TrackPointExtension>
          <gpxtpx:hr>172</gpxtpx:hr>
        </gpxtpx:TrackPointExtension></extensions>
      </trkpt>
      <trkpt lat="32.055787" lon="118.717509">
        <ele>12.0</ele>
        <time>2026-09-30T23:25:08Z</time>
        <extensions><gpxtpx:TrackPointExtension>
          <gpxtpx:hr>172</gpxtpx:hr>
        </gpxtpx:TrackPointExtension></extensions>
      </trkpt>
      <trkpt lat="32.055821" lon="118.717523">
        <ele>12.0</ele>
        <time>2026-09-30T23:25:09Z</time>
        <extensions><gpxtpx:TrackPointExtension>
          <gpxtpx:hr>172</gpxtpx:hr>
        </gpxtpx:TrackPointExtension></extensions>
      </trkpt>
      <trkpt lat="32.055855" lon="118.717537">
        <ele>12.0</ele>
        <time>2026-09-30T23:25:10Z</time>
        <extensions><gpxtpx:TrackPointExtension>
          <gpxtpx:hr>172</gpxtpx:hr>
        </gpxtpx:TrackPointExtension></extensions>
      </trkpt>
      <trkpt lat="32.055889" lon="118.71755">
        <ele>12.0</ele>
        <time>2026-09-30T23:25:11Z</time>
        <extensions><gpxtpx:TrackPointExtension>
          <gpxtpx:hr>172</gpxtpx:hr>
        </gpxtpx:TrackPointExtension></extensions>
      </trkpt>
      <trkpt lat="32.055922" lon="118.717563">
        <ele>12.0</ele>
        <time>2026-09-30T23:25:12Z</time>
        <extensions><gpxtpx:TrackPointExtension>
          <gpxtpx:hr>172</gpxtpx:hr>
        </gpxtpx:TrackPointExtension></extensions>
      </trkpt>
      <trkpt lat="32.055955" lon="118.717577">
        <ele>12.0</ele>
        <time>2026-09-30T23:25:13Z</time>
        <extensions><gpxtpx:TrackPointExtension>
          <gpxtpx:hr>172</gpxtpx:hr>
        </gpxtpx:TrackPointExtension></extensions>
      </trkpt>
      <trkpt lat="32.055987" lon="118.717591">
        <ele>12.0</ele>
        <time>2026-09-30T23:25:14Z</time>
        <extensions><gpxtpx:TrackPointExtension>
          <gpxtpx:hr>172</gpxtpx:hr>
        </gpxtpx:TrackPointExtension></extensions>
      </trkpt>
      <trkpt lat="32.05602" lon="118.717607">
        <ele>12.0</ele>
        <time>2026-09-30T23:25:15Z</time>
        <extensions><gpxtpx:TrackPointExtension>
          <gpxtpx:hr>172</gpxtpx:hr>
        </gpxtpx:TrackPointExtension></extensions>
      </trkpt>
      <trkpt lat="32.056053" lon="118.717623">
        <ele>12.0</ele>
        <time>2026-09-30T23:25:16Z</time>
        <extensions><gpxtpx:TrackPointExtension>
          <gpxtpx:hr>172</gpxtpx:hr>
        </gpxtpx:TrackPointExtension></extensions>
      </trkpt>
      <trkpt lat="32.056086" lon="118.717638">
        <ele>12.0</ele>
        <time>2026-09-30T23:25:17Z</time>
        <extensions><gpxtpx:TrackPointExtension>
          <gpxtpx:hr>172</gpxtpx:hr>
        </gpxtpx:TrackPointExtension></extensions>
      </trkpt>
      <trkpt lat="32.056119" lon="118.717653">
        <ele>12.0</ele>
        <time>2026-09-30T23:25:18Z</time>
        <extensions><gpxtpx:TrackPointExtension>
          <gpxtpx:hr>172</gpxtpx:hr>
        </gpxtpx:TrackPointExtension></extensions>
      </trkpt>
      <trkpt lat="32.056151" lon="118.717667">
        <ele>12.0</ele>
        <time>2026-09-30T23:25:19Z</time>
        <extensions><gpxtpx:TrackPointExtension>
          <gpxtpx:hr>172</gpxtpx:hr>
        </gpxtpx:TrackPointExtension></extensions>
      </trkpt>
      <trkpt lat="32.056183" lon="118.717681">
        <ele>12.0</ele>
        <time>2026-09-30T23:25:20Z</time>
        <extensions><gpxtpx:TrackPointExtension>
          <gpxtpx:hr>172</gpxtpx:hr>
        </gpxtpx:TrackPointExtension></extensions>
      </trkpt>
      <trkpt lat="32.056216" lon="118.717694">
        <ele>12.0</ele>
        <time>2026-09-30T23:25:21Z</time>
        <extensions><gpxtpx:TrackPointExtension>
          <gpxtpx:hr>173</gpxtpx:hr>
        </gpxtpx:TrackPointExtension></extensions>
      </trkpt>
      <trkpt lat="32.056249" lon="118.717708">
        <ele>12.0</ele>
        <time>2026-09-30T23:25:22Z</time>
        <extensions><gpxtpx:TrackPointExtension>
          <gpxtpx:hr>173</gpxtpx:hr>
        </gpxtpx:TrackPointExtension></extensions>
      </trkpt>
      <trkpt lat="32.056282" lon="118.717723">
        <ele>12.0</ele>
        <time>2026-09-30T23:25:23Z</time>
        <extensions><gpxtpx:TrackPointExtension>
          <gpxtpx:hr>174</gpxtpx:hr>
        </gpxtpx:TrackPointExtension></extensions>
      </trkpt>
      <trkpt lat="32.056316" lon="118.717737">
        <ele>12.0</ele>
        <time>2026-09-30T23:25:24Z</time>
        <extensions><gpxtpx:TrackPointExtension>
          <gpxtpx:hr>175</gpxtpx:hr>
        </gpxtpx:TrackPointExtension></extensions>
      </trkpt>
      <trkpt lat="32.056349" lon="118.717751">
        <ele>12.0</ele>
        <time>2026-09-30T23:25:25Z</time>
        <extensions><gpxtpx:TrackPointExtension>
          <gpxtpx:hr>175</gpxtpx:hr>
        </gpxtpx:TrackPointExtension></extensions>
      </trkpt>
      <trkpt lat="32.056383" lon="118.717765">
        <ele>12.0</ele>
        <time>2026-09-30T23:25:26Z</time>
        <extensions><gpxtpx:TrackPointExtension>
          <gpxtpx:hr>175</gpxtpx:hr>
        </gpxtpx:TrackPointExtension></extensions>
      </trkpt>
      <trkpt lat="32.056417" lon="118.71778">
        <ele>12.0</ele>
        <time>2026-09-30T23:25:27Z</time>
        <extensions><gpxtpx:TrackPointExtension>
          <gpxtpx:hr>175</gpxtpx:hr>
        </gpxtpx:TrackPointExtension></extensions>
      </trkpt>
      <trkpt lat="32.056451" lon="118.717795">
        <ele>12.0</ele>
        <time>2026-09-30T23:25:28Z</time>
        <extensions><gpxtpx:TrackPointExtension>
          <gpxtpx:hr>175</gpxtpx:hr>
        </gpxtpx:TrackPointExtension></extensions>
      </trkpt>
      <trkpt lat="32.056484" lon="118.717811">
        <ele>12.0</ele>
        <time>2026-09-30T23:25:29Z</time>
        <extensions><gpxtpx:TrackPointExtension>
          <gpxtpx:hr>174</gpxtpx:hr>
        </gpxtpx:TrackPointExtension></extensions>
      </trkpt>
      <trkpt lat="32.056518" lon="118.717828">
        <ele>12.0</ele>
        <time>2026-09-30T23:25:30Z</time>
        <extensions><gpxtpx:TrackPointExtension>
          <gpxtpx:hr>173</gpxtpx:hr>
        </gpxtpx:TrackPointExtension></extensions>
      </trkpt>
      <trkpt lat="32.056551" lon="118.717846">
        <ele>12.0</ele>
        <time>2026-09-30T23:25:31Z</time>
        <extensions><gpxtpx:TrackPointExtension>
          <gpxtpx:hr>173</gpxtpx:hr>
        </gpxtpx:TrackPointExtension></extensions>
      </trkpt>
      <trkpt lat="32.056584" lon="118.717865">
        <ele>12.0</ele>
        <time>2026-09-30T23:25:32Z</time>
        <extensions><gpxtpx:TrackPointExtension>
          <gpxtpx:hr>173</gpxtpx:hr>
        </gpxtpx:TrackPointExtension></extensions>
      </trkpt>
      <trkpt lat="32.056617" lon="118.717884">
        <ele>12.0</ele>
        <time>2026-09-30T23:25:33Z</time>
        <extensions><gpxtpx:TrackPointExtension>
          <gpxtpx:hr>173</gpxtpx:hr>
        </gpxtpx:TrackPointExtension></extensions>
      </trkpt>
      <trkpt lat="32.05665" lon="118.717901">
        <ele>12.0</ele>
        <time>2026-09-30T23:25:34Z</time>
        <extensions><gpxtpx:TrackPointExtension>
          <gpxtpx:hr>173</gpxtpx:hr>
        </gpxtpx:TrackPointExtension></extensions>
      </trkpt>
      <trkpt lat="32.056684" lon="118.717918">
        <ele>12.0</ele>
        <time>2026-09-30T23:25:35Z</time>
        <extensions><gpxtpx:TrackPointExtension>
          <gpxtpx:hr>173</gpxtpx:hr>
        </gpxtpx:TrackPointExtension></extensions>
      </trkpt>
      <trkpt lat="32.056717" lon="118.717933">
        <ele>12.0</ele>
        <time>2026-09-30T23:25:36Z</time>
        <extensions><gpxtpx:TrackPointExtension>
          <gpxtpx:hr>173</gpxtpx:hr>
        </gpxtpx:TrackPointExtension></extensions>
      </trkpt>
      <trkpt lat="32.05675" lon="118.717949">
        <ele>12.0</ele>
        <time>2026-09-30T23:25:37Z</time>
        <extensions><gpxtpx:TrackPointExtension>
          <gpxtpx:hr>173</gpxtpx:hr>
        </gpxtpx:TrackPointExtension></extensions>
      </trkpt>
      <trkpt lat="32.056783" lon="118.717963">
        <ele>12.0</ele>
        <time>2026-09-30T23:25:38Z</time>
        <extensions><gpxtpx:TrackPointExtension>
          <gpxtpx:hr>172</gpxtpx:hr>
        </gpxtpx:TrackPointExtension></extensions>
      </trkpt>
      <trkpt lat="32.056814" lon="118.717978">
        <ele>12.0</ele>
        <time>2026-09-30T23:25:39Z</time>
        <extensions><gpxtpx:TrackPointExtension>
          <gpxtpx:hr>173</gpxtpx:hr>
        </gpxtpx:TrackPointExtension></extensions>
      </trkpt>
      <trkpt lat="32.056846" lon="118.717992">
        <ele>12.0</ele>
        <time>2026-09-30T23:25:40Z</time>
        <extensions><gpxtpx:TrackPointExtension>
          <gpxtpx:hr>173</gpxtpx:hr>
        </gpxtpx:TrackPointExtension></extensions>
      </trkpt>
      <trkpt lat="32.056877" lon="118.718006">
        <ele>12.0</ele>
        <time>2026-09-30T23:25:41Z</time>
        <extensions><gpxtpx:TrackPointExtension>
          <gpxtpx:hr>173</gpxtpx:hr>
        </gpxtpx:TrackPointExtension></extensions>
      </trkpt>
      <trkpt lat="32.056908" lon="118.71802">
        <ele>12.0</ele>
        <time>2026-09-30T23:25:42Z</time>
        <extensions><gpxtpx:TrackPointExtension>
          <gpxtpx:hr>173</gpxtpx:hr>
        </gpxtpx:TrackPointExtension></extensions>
      </trkpt>
      <trkpt lat="32.056939" lon="118.718032">
        <ele>12.0</ele>
        <time>2026-09-30T23:25:43Z</time>
        <extensions><gpxtpx:TrackPointExtension>
          <gpxtpx:hr>173</gpxtpx:hr>
        </gpxtpx:TrackPointExtension></extensions>
      </trkpt>
      <trkpt lat="32.056971" lon="118.718044">
        <ele>12.0</ele>
        <time>2026-09-30T23:25:44Z</time>
        <extensions><gpxtpx:TrackPointExtension>
          <gpxtpx:hr>173</gpxtpx:hr>
        </gpxtpx:TrackPointExtension></extensions>
      </trkpt>
      <trkpt lat="32.057003" lon="118.718056">
        <ele>12.0</ele>
        <time>2026-09-30T23:25:45Z</time>
        <extensions><gpxtpx:TrackPointExtension>
          <gpxtpx:hr>173</gpxtpx:hr>
        </gpxtpx:TrackPointExtension></extensions>
      </trkpt>
      <trkpt lat="32.057036" lon="118.718068">
        <ele>12.0</ele>
        <time>2026-09-30T23:25:46Z</time>
        <extensions><gpxtpx:TrackPointExtension>
          <gpxtpx:hr>173</gpxtpx:hr>
        </gpxtpx:TrackPointExtension></extensions>
      </trkpt>
      <trkpt lat="32.057068" lon="118.71808">
        <ele>12.0</ele>
        <time>2026-09-30T23:25:47Z</time>
        <extensions><gpxtpx:TrackPointExtension>
          <gpxtpx:hr>173</gpxtpx:hr>
        </gpxtpx:TrackPointExtension></extensions>
      </trkpt>
      <trkpt lat="32.0571" lon="118.718092">
        <ele>12.0</ele>
        <time>2026-09-30T23:25:48Z</time>
        <extensions><gpxtpx:TrackPointExtension>
          <gpxtpx:hr>173</gpxtpx:hr>
        </gpxtpx:TrackPointExtension></extensions>
      </trkpt>
      <trkpt lat="32.057132" lon="118.718105">
        <ele>12.0</ele>
        <time>2026-09-30T23:25:49Z</time>
        <extensions><gpxtpx:TrackPointExtension>
          <gpxtpx:hr>172</gpxtpx:hr>
        </gpxtpx:TrackPointExtension></extensions>
      </trkpt>
      <trkpt lat="32.057164" lon="118.718117">
        <ele>12.0</ele>
        <time>2026-09-30T23:25:50Z</time>
        <extensions><gpxtpx:TrackPointExtension>
          <gpxtpx:hr>172</gpxtpx:hr>
        </gpxtpx:TrackPointExtension></extensions>
      </trkpt>
      <trkpt lat="32.057196" lon="118.718129">
        <ele>12.0</ele>
        <time>2026-09-30T23:25:51Z</time>
        <extensions><gpxtpx:TrackPointExtension>
          <gpxtpx:hr>172</gpxtpx:hr>
        </gpxtpx:TrackPointExtension></extensions>
      </trkpt>
      <trkpt lat="32.057227" lon="118.718141">
        <ele>12.0</ele>
        <time>2026-09-30T23:25:52Z</time>
        <extensions><gpxtpx:TrackPointExtension>
          <gpxtpx:hr>172</gpxtpx:hr>
        </gpxtpx:TrackPointExtension></extensions>
      </trkpt>
      <trkpt lat="32.057259" lon="118.718153">
        <ele>12.0</ele>
        <time>2026-09-30T23:25:53Z</time>
        <extensions><gpxtpx:TrackPointExtension>
          <gpxtpx:hr>172</gpxtpx:hr>
        </gpxtpx:TrackPointExtension></extensions>
      </trkpt>
      <trkpt lat="32.05729" lon="118.718165">
        <ele>12.0</ele>
        <time>2026-09-30T23:25:54Z</time>
        <extensions><gpxtpx:TrackPointExtension>
          <gpxtpx:hr>172</gpxtpx:hr>
        </gpxtpx:TrackPointExtension></extensions>
      </trkpt>
      <trkpt lat="32.057322" lon="118.718178">
        <ele>12.0</ele>
        <time>2026-09-30T23:25:55Z</time>
        <extensions><gpxtpx:TrackPointExtension>
          <gpxtpx:hr>172</gpxtpx:hr>
        </gpxtpx:TrackPointExtension></extensions>
      </trkpt>
      <trkpt lat="32.057354" lon="118.718191">
        <ele>12.0</ele>
        <time>2026-09-30T23:25:56Z</time>
        <extensions><gpxtpx:TrackPointExtension>
          <gpxtpx:hr>172</gpxtpx:hr>
        </gpxtpx:TrackPointExtension></extensions>
      </trkpt>
      <trkpt lat="32.057386" lon="118.718204">
        <ele>12.0</ele>
        <time>2026-09-30T23:25:57Z</time>
        <extensions><gpxtpx:TrackPointExtension>
          <gpxtpx:hr>173</gpxtpx:hr>
        </gpxtpx:TrackPointExtension></extensions>
      </trkpt>
      <trkpt lat="32.057419" lon="118.718217">
        <ele>12.0</ele>
        <time>2026-09-30T23:25:58Z</time>
        <extensions><gpxtpx:TrackPointExtension>
          <gpxtpx:hr>173</gpxtpx:hr>
        </gpxtpx:TrackPointExtension></extensions>
      </trkpt>
      <trkpt lat="32.057451" lon="118.71823">
        <ele>12.0</ele>
        <time>2026-09-30T23:25:59Z</time>
        <extensions><gpxtpx:TrackPointExtension>
          <gpxtpx:hr>173</gpxtpx:hr>
        </gpxtpx:TrackPointExtension></extensions>
      </trkpt>
      <trkpt lat="32.057484" lon="118.718243">
        <ele>12.0</ele>
        <time>2026-09-30T23:26:00Z</time>
        <extensions><gpxtpx:TrackPointExtension>
          <gpxtpx:hr>173</gpxtpx:hr>
        </gpxtpx:TrackPointExtension></extensions>
      </trkpt>
      <trkpt lat="32.057517" lon="118.718256">
        <ele>12.0</ele>
        <time>2026-09-30T23:26:01Z</time>
        <extensions><gpxtpx:TrackPointExtension>
          <gpxtpx:hr>173</gpxtpx:hr>
        </gpxtpx:TrackPointExtension></extensions>
      </trkpt>
      <trkpt lat="32.05755" lon="118.718268">
        <ele>12.0</ele>
        <time>2026-09-30T23:26:02Z</time>
        <extensions><gpxtpx:TrackPointExtension>
          <gpxtpx:hr>173</gpxtpx:hr>
        </gpxtpx:TrackPointExtension></extensions>
      </trkpt>
      <trkpt lat="32.057583" lon="118.71828">
        <ele>12.0</ele>
        <time>2026-09-30T23:26:03Z</time>
        <extensions><gpxtpx:TrackPointExtension>
          <gpxtpx:hr>173</gpxtpx:hr>
        </gpxtpx:TrackPointExtension></extensions>
      </trkpt>
      <trkpt lat="32.057616" lon="118.718293">
        <ele>12.0</ele>
        <time>2026-09-30T23:26:04Z</time>
        <extensions><gpxtpx:TrackPointExtension>
          <gpxtpx:hr>173</gpxtpx:hr>
        </gpxtpx:TrackPointExtension></extensions>
      </trkpt>
      <trkpt lat="32.057649" lon="118.718306">
        <ele>13.0</ele>
        <time>2026-09-30T23:26:05Z</time>
        <extensions><gpxtpx:TrackPointExtension>
          <gpxtpx:hr>173</gpxtpx:hr>
        </gpxtpx:TrackPointExtension></extensions>
      </trkpt>
      <trkpt lat="32.057682" lon="118.718319">
        <ele>13.0</ele>
        <time>2026-09-30T23:26:06Z</time>
        <extensions><gpxtpx:TrackPointExtension>
          <gpxtpx:hr>173</gpxtpx:hr>
        </gpxtpx:TrackPointExtension></extensions>
      </trkpt>
      <trkpt lat="32.057715" lon="118.718332">
        <ele>13.0</ele>
        <time>2026-09-30T23:26:07Z</time>
        <extensions><gpxtpx:TrackPointExtension>
          <gpxtpx:hr>173</gpxtpx:hr>
        </gpxtpx:TrackPointExtension></extensions>
      </trkpt>
      <trkpt lat="32.057748" lon="118.718346">
        <ele>13.0</ele>
        <time>2026-09-30T23:26:08Z</time>
        <extensions><gpxtpx:TrackPointExtension>
          <gpxtpx:hr>173</gpxtpx:hr>
        </gpxtpx:TrackPointExtension></extensions>
      </trkpt>
      <trkpt lat="32.05778" lon="118.718359">
        <ele>13.0</ele>
        <time>2026-09-30T23:26:09Z</time>
        <extensions><gpxtpx:TrackPointExtension>
          <gpxtpx:hr>173</gpxtpx:hr>
        </gpxtpx:TrackPointExtension></extensions>
      </trkpt>
      <trkpt lat="32.057813" lon="118.718371">
        <ele>13.0</ele>
        <time>2026-09-30T23:26:10Z</time>
        <extensions><gpxtpx:TrackPointExtension>
          <gpxtpx:hr>174</gpxtpx:hr>
        </gpxtpx:TrackPointExtension></extensions>
      </trkpt>
      <trkpt lat="32.057846" lon="118.718383">
        <ele>13.0</ele>
        <time>2026-09-30T23:26:11Z</time>
        <extensions><gpxtpx:TrackPointExtension>
          <gpxtpx:hr>174</gpxtpx:hr>
        </gpxtpx:TrackPointExtension></extensions>
      </trkpt>
      <trkpt lat="32.057878" lon="118.718395">
        <ele>13.0</ele>
        <time>2026-09-30T23:26:12Z</time>
        <extensions><gpxtpx:TrackPointExtension>
          <gpxtpx:hr>174</gpxtpx:hr>
        </gpxtpx:TrackPointExtension></extensions>
      </trkpt>
      <trkpt lat="32.057909" lon="118.718407">
        <ele>13.0</ele>
        <time>2026-09-30T23:26:13Z</time>
        <extensions><gpxtpx:TrackPointExtension>
          <gpxtpx:hr>174</gpxtpx:hr>
        </gpxtpx:TrackPointExtension></extensions>
      </trkpt>
      <trkpt lat="32.057941" lon="118.718419">
        <ele>13.0</ele>
        <time>2026-09-30T23:26:14Z</time>
        <extensions><gpxtpx:TrackPointExtension>
          <gpxtpx:hr>175</gpxtpx:hr>
        </gpxtpx:TrackPointExtension></extensions>
      </trkpt>
      <trkpt lat="32.057972" lon="118.718431">
        <ele>13.0</ele>
        <time>2026-09-30T23:26:15Z</time>
        <extensions><gpxtpx:TrackPointExtension>
          <gpxtpx:hr>175</gpxtpx:hr>
        </gpxtpx:TrackPointExtension></extensions>
      </trkpt>
      <trkpt lat="32.058004" lon="118.718443">
        <ele>13.0</ele>
        <time>2026-09-30T23:26:16Z</time>
        <extensions><gpxtpx:TrackPointExtension>
          <gpxtpx:hr>175</gpxtpx:hr>
        </gpxtpx:TrackPointExtension></extensions>
      </trkpt>
      <trkpt lat="32.058036" lon="118.718455">
        <ele>13.0</ele>
        <time>2026-09-30T23:26:17Z</time>
        <extensions><gpxtpx:TrackPointExtension>
          <gpxtpx:hr>175</gpxtpx:hr>
        </gpxtpx:TrackPointExtension></extensions>
      </trkpt>
      <trkpt lat="32.058069" lon="118.718466">
        <ele>12.0</ele>
        <time>2026-09-30T23:26:18Z</time>
        <extensions><gpxtpx:TrackPointExtension>
          <gpxtpx:hr>175</gpxtpx:hr>
        </gpxtpx:TrackPointExtension></extensions>
      </trkpt>
      <trkpt lat="32.058102" lon="118.718477">
        <ele>12.0</ele>
        <time>2026-09-30T23:26:19Z</time>
        <extensions><gpxtpx:TrackPointExtension>
          <gpxtpx:hr>175</gpxtpx:hr>
        </gpxtpx:TrackPointExtension></extensions>
      </trkpt>
      <trkpt lat="32.058135" lon="118.718488">
        <ele>12.0</ele>
        <time>2026-09-30T23:26:20Z</time>
        <extensions><gpxtpx:TrackPointExtension>
          <gpxtpx:hr>175</gpxtpx:hr>
        </gpxtpx:TrackPointExtension></extensions>
      </trkpt>
      <trkpt lat="32.058169" lon="118.718498">
        <ele>12.0</ele>
        <time>2026-09-30T23:26:21Z</time>
        <extensions><gpxtpx:TrackPointExtension>
          <gpxtpx:hr>174</gpxtpx:hr>
        </gpxtpx:TrackPointExtension></extensions>
      </trkpt>
      <trkpt lat="32.058202" lon="118.718509">
        <ele>11.0</ele>
        <time>2026-09-30T23:26:22Z</time>
        <extensions><gpxtpx:TrackPointExtension>
          <gpxtpx:hr>174</gpxtpx:hr>
        </gpxtpx:TrackPointExtension></extensions>
      </trkpt>
      <trkpt lat="32.058235" lon="118.71852">
        <ele>11.0</ele>
        <time>2026-09-30T23:26:23Z</time>
        <extensions><gpxtpx:TrackPointExtension>
          <gpxtpx:hr>174</gpxtpx:hr>
        </gpxtpx:TrackPointExtension></extensions>
      </trkpt>
      <trkpt lat="32.058267" lon="118.718531">
        <ele>11.0</ele>
        <time>2026-09-30T23:26:24Z</time>
        <extensions><gpxtpx:TrackPointExtension>
          <gpxtpx:hr>174</gpxtpx:hr>
        </gpxtpx:TrackPointExtension></extensions>
      </trkpt>
      <trkpt lat="32.0583" lon="118.718542">
        <ele>11.0</ele>
        <time>2026-09-30T23:26:25Z</time>
        <extensions><gpxtpx:TrackPointExtension>
          <gpxtpx:hr>173</gpxtpx:hr>
        </gpxtpx:TrackPointExtension></extensions>
      </trkpt>
      <trkpt lat="32.058332" lon="118.718553">
        <ele>11.0</ele>
        <time>2026-09-30T23:26:26Z</time>
        <extensions><gpxtpx:TrackPointExtension>
          <gpxtpx:hr>173</gpxtpx:hr>
        </gpxtpx:TrackPointExtension></extensions>
      </trkpt>
      <trkpt lat="32.058364" lon="118.718565">
        <ele>11.0</ele>
        <time>2026-09-30T23:26:27Z</time>
        <extensions><gpxtpx:TrackPointExtension>
          <gpxtpx:hr>173</gpxtpx:hr>
        </gpxtpx:TrackPointExtension></extensions>
      </trkpt>
      <trkpt lat="32.058396" lon="118.718576">
        <ele>11.0</ele>
        <time>2026-09-30T23:26:28Z</time>
        <extensions><gpxtpx:TrackPointExtension>
          <gpxtpx:hr>173</gpxtpx:hr>
        </gpxtpx:TrackPointExtension></extensions>
      </trkpt>
      <trkpt lat="32.058427" lon="118.718587">
        <ele>11.0</ele>
        <time>2026-09-30T23:26:29Z</time>
        <extensions><gpxtpx:TrackPointExtension>
          <gpxtpx:hr>173</gpxtpx:hr>
        </gpxtpx:TrackPointExtension></extensions>
      </trkpt>
      <trkpt lat="32.058459" lon="118.718598">
        <ele>11.0</ele>
        <time>2026-09-30T23:26:30Z</time>
        <extensions><gpxtpx:TrackPointExtension>
          <gpxtpx:hr>173</gpxtpx:hr>
        </gpxtpx:TrackPointExtension></extensions>
      </trkpt>
      <trkpt lat="32.05849" lon="118.718609">
        <ele>11.0</ele>
        <time>2026-09-30T23:26:31Z</time>
        <extensions><gpxtpx:TrackPointExtension>
          <gpxtpx:hr>173</gpxtpx:hr>
        </gpxtpx:TrackPointExtension></extensions>
      </trkpt>
      <trkpt lat="32.058522" lon="118.71862">
        <ele>11.0</ele>
        <time>2026-09-30T23:26:32Z</time>
        <extensions><gpxtpx:TrackPointExtension>
          <gpxtpx:hr>173</gpxtpx:hr>
        </gpxtpx:TrackPointExtension></extensions>
      </trkpt>
      <trkpt lat="32.058555" lon="118.718631">
        <ele>11.0</ele>
        <time>2026-09-30T23:26:33Z</time>
        <extensions><gpxtpx:TrackPointExtension>
          <gpxtpx:hr>174</gpxtpx:hr>
        </gpxtpx:TrackPointExtension></extensions>
      </trkpt>
      <trkpt lat="32.058587" lon="118.718643">
        <ele>11.0</ele>
        <time>2026-09-30T23:26:34Z</time>
        <extensions><gpxtpx:TrackPointExtension>
          <gpxtpx:hr>174</gpxtpx:hr>
        </gpxtpx:TrackPointExtension></extensions>
      </trkpt>
      <trkpt lat="32.058619" lon="118.718654">
        <ele>11.0</ele>
        <time>2026-09-30T23:26:35Z</time>
        <extensions><gpxtpx:TrackPointExtension>
          <gpxtpx:hr>174</gpxtpx:hr>
        </gpxtpx:TrackPointExtension></extensions>
      </trkpt>
      <trkpt lat="32.058651" lon="118.718666">
        <ele>11.0</ele>
        <time>2026-09-30T23:26:36Z</time>
        <extensions><gpxtpx:TrackPointExtension>
          <gpxtpx:hr>174</gpxtpx:hr>
        </gpxtpx:TrackPointExtension></extensions>
      </trkpt>
      <trkpt lat="32.058682" lon="118.718677">
        <ele>11.0</ele>
        <time>2026-09-30T23:26:37Z</time>
        <extensions><gpxtpx:TrackPointExtension>
          <gpxtpx:hr>175</gpxtpx:hr>
        </gpxtpx:TrackPointExtension></extensions>
      </trkpt>
      <trkpt lat="32.058714" lon="118.718688">
        <ele>11.0</ele>
        <time>2026-09-30T23:26:38Z</time>
        <extensions><gpxtpx:TrackPointExtension>
          <gpxtpx:hr>175</gpxtpx:hr>
        </gpxtpx:TrackPointExtension></extensions>
      </trkpt>
      <trkpt lat="32.058745" lon="118.718698">
        <ele>11.0</ele>
        <time>2026-09-30T23:26:39Z</time>
        <extensions><gpxtpx:TrackPointExtension>
          <gpxtpx:hr>174</gpxtpx:hr>
        </gpxtpx:TrackPointExtension></extensions>
      </trkpt>
      <trkpt lat="32.058776" lon="118.718708">
        <ele>11.0</ele>
        <time>2026-09-30T23:26:40Z</time>
        <extensions><gpxtpx:TrackPointExtension>
          <gpxtpx:hr>175</gpxtpx:hr>
        </gpxtpx:TrackPointExtension></extensions>
      </trkpt>
      <trkpt lat="32.058807" lon="118.718718">
        <ele>11.0</ele>
        <time>2026-09-30T23:26:41Z</time>
        <extensions><gpxtpx:TrackPointExtension>
          <gpxtpx:hr>175</gpxtpx:hr>
        </gpxtpx:TrackPointExtension></extensions>
      </trkpt>
      <trkpt lat="32.058838" lon="118.718729">
        <ele>11.0</ele>
        <time>2026-09-30T23:26:42Z</time>
        <extensions><gpxtpx:TrackPointExtension>
          <gpxtpx:hr>174</gpxtpx:hr>
        </gpxtpx:TrackPointExtension></extensions>
      </trkpt>
      <trkpt lat="32.058869" lon="118.718741">
        <ele>11.0</ele>
        <time>2026-09-30T23:26:43Z</time>
        <extensions><gpxtpx:TrackPointExtension>
          <gpxtpx:hr>174</gpxtpx:hr>
        </gpxtpx:TrackPointExtension></extensions>
      </trkpt>
      <trkpt lat="32.0589" lon="118.718752">
        <ele>11.0</ele>
        <time>2026-09-30T23:26:44Z</time>
        <extensions><gpxtpx:TrackPointExtension>
          <gpxtpx:hr>175</gpxtpx:hr>
        </gpxtpx:TrackPointExtension></extensions>
      </trkpt>
      <trkpt lat="32.058931" lon="118.718765">
        <ele>11.0</ele>
        <time>2026-09-30T23:26:45Z</time>
        <extensions><gpxtpx:TrackPointExtension>
          <gpxtpx:hr>175</gpxtpx:hr>
        </gpxtpx:TrackPointExtension></extensions>
      </trkpt>
      <trkpt lat="32.058962" lon="118.718777">
        <ele>11.0</ele>
        <time>2026-09-30T23:26:46Z</time>
        <extensions><gpxtpx:TrackPointExtension>
          <gpxtpx:hr>175</gpxtpx:hr>
        </gpxtpx:TrackPointExtension></extensions>
      </trkpt>
      <trkpt lat="32.058993" lon="118.718789">
        <ele>11.0</ele>
        <time>2026-09-30T23:26:47Z</time>
        <extensions><gpxtpx:TrackPointExtension>
          <gpxtpx:hr>175</gpxtpx:hr>
        </gpxtpx:TrackPointExtension></extensions>
      </trkpt>
      <trkpt lat="32.059025" lon="118.718802">
        <ele>11.0</ele>
        <time>2026-09-30T23:26:48Z</time>
        <extensions><gpxtpx:TrackPointExtension>
          <gpxtpx:hr>174</gpxtpx:hr>
        </gpxtpx:TrackPointExtension></extensions>
      </trkpt>
      <trkpt lat="32.059057" lon="118.718815">
        <ele>11.0</ele>
        <time>2026-09-30T23:26:49Z</time>
        <extensions><gpxtpx:TrackPointExtension>
          <gpxtpx:hr>174</gpxtpx:hr>
        </gpxtpx:TrackPointExtension></extensions>
      </trkpt>
      <trkpt lat="32.059088" lon="118.718827">
        <ele>10.0</ele>
        <time>2026-09-30T23:26:50Z</time>
        <extensions><gpxtpx:TrackPointExtension>
          <gpxtpx:hr>174</gpxtpx:hr>
        </gpxtpx:TrackPointExtension></extensions>
      </trkpt>
      <trkpt lat="32.059119" lon="118.71884">
        <ele>10.0</ele>
        <time>2026-09-30T23:26:51Z</time>
        <extensions><gpxtpx:TrackPointExtension>
          <gpxtpx:hr>174</gpxtpx:hr>
        </gpxtpx:TrackPointExtension></extensions>
      </trkpt>
      <trkpt lat="32.05915" lon="118.718851">
        <ele>10.0</ele>
        <time>2026-09-30T23:26:52Z</time>
        <extensions><gpxtpx:TrackPointExtension>
          <gpxtpx:hr>174</gpxtpx:hr>
        </gpxtpx:TrackPointExtension></extensions>
      </trkpt>
      <trkpt lat="32.059181" lon="118.718862">
        <ele>10.0</ele>
        <time>2026-09-30T23:26:53Z</time>
        <extensions><gpxtpx:TrackPointExtension>
          <gpxtpx:hr>175</gpxtpx:hr>
        </gpxtpx:TrackPointExtension></extensions>
      </trkpt>
      <trkpt lat="32.059212" lon="118.718873">
        <ele>10.0</ele>
        <time>2026-09-30T23:26:54Z</time>
        <extensions><gpxtpx:TrackPointExtension>
          <gpxtpx:hr>175</gpxtpx:hr>
        </gpxtpx:TrackPointExtension></extensions>
      </trkpt>
      <trkpt lat="32.059243" lon="118.718884">
        <ele>10.0</ele>
        <time>2026-09-30T23:26:55Z</time>
        <extensions><gpxtpx:TrackPointExtension>
          <gpxtpx:hr>175</gpxtpx:hr>
        </gpxtpx:TrackPointExtension></extensions>
      </trkpt>
      <trkpt lat="32.059274" lon="118.718895">
        <ele>10.0</ele>
        <time>2026-09-30T23:26:56Z</time>
        <extensions><gpxtpx:TrackPointExtension>
          <gpxtpx:hr>175</gpxtpx:hr>
        </gpxtpx:TrackPointExtension></extensions>
      </trkpt>
      <trkpt lat="32.059305" lon="118.718906">
        <ele>10.0</ele>
        <time>2026-09-30T23:26:57Z</time>
        <extensions><gpxtpx:TrackPointExtension>
          <gpxtpx:hr>175</gpxtpx:hr>
        </gpxtpx:TrackPointExtension></extensions>
      </trkpt>
      <trkpt lat="32.059336" lon="118.718916">
        <ele>10.0</ele>
        <time>2026-09-30T23:26:58Z</time>
        <extensions><gpxtpx:TrackPointExtension>
          <gpxtpx:hr>175</gpxtpx:hr>
        </gpxtpx:TrackPointExtension></extensions>
      </trkpt>
      <trkpt lat="32.059368" lon="118.718926">
        <ele>10.0</ele>
        <time>2026-09-30T23:26:59Z</time>
        <extensions><gpxtpx:TrackPointExtension>
          <gpxtpx:hr>175</gpxtpx:hr>
        </gpxtpx:TrackPointExtension></extensions>
      </trkpt>
      <trkpt lat="32.059399" lon="118.718936">
        <ele>10.0</ele>
        <time>2026-09-30T23:27:00Z</time>
        <extensions><gpxtpx:TrackPointExtension>
          <gpxtpx:hr>175</gpxtpx:hr>
        </gpxtpx:TrackPointExtension></extensions>
      </trkpt>
      <trkpt lat="32.05943" lon="118.718946">
        <ele>10.0</ele>
        <time>2026-09-30T23:27:01Z</time>
        <extensions><gpxtpx:TrackPointExtension>
          <gpxtpx:hr>175</gpxtpx:hr>
        </gpxtpx:TrackPointExtension></extensions>
      </trkpt>
      <trkpt lat="32.059462" lon="118.718956">
        <ele>10.0</ele>
        <time>2026-09-30T23:27:02Z</time>
        <extensions><gpxtpx:TrackPointExtension>
          <gpxtpx:hr>175</gpxtpx:hr>
        </gpxtpx:TrackPointExtension></extensions>
      </trkpt>
      <trkpt lat="32.059494" lon="118.718966">
        <ele>10.0</ele>
        <time>2026-09-30T23:27:03Z</time>
        <extensions><gpxtpx:TrackPointExtension>
          <gpxtpx:hr>175</gpxtpx:hr>
        </gpxtpx:TrackPointExtension></extensions>
      </trkpt>
      <trkpt lat="32.059525" lon="118.718976">
        <ele>10.0</ele>
        <time>2026-09-30T23:27:04Z</time>
        <extensions><gpxtpx:TrackPointExtension>
          <gpxtpx:hr>175</gpxtpx:hr>
        </gpxtpx:TrackPointExtension></extensions>
      </trkpt>
      <trkpt lat="32.059557" lon="118.718986">
        <ele>10.0</ele>
        <time>2026-09-30T23:27:05Z</time>
        <extensions><gpxtpx:TrackPointExtension>
          <gpxtpx:hr>175</gpxtpx:hr>
        </gpxtpx:TrackPointExtension></extensions>
      </trkpt>
      <trkpt lat="32.059589" lon="118.718997">
        <ele>10.0</ele>
        <time>2026-09-30T23:27:06Z</time>
        <extensions><gpxtpx:TrackPointExtension>
          <gpxtpx:hr>175</gpxtpx:hr>
        </gpxtpx:TrackPointExtension></extensions>
      </trkpt>
      <trkpt lat="32.059621" lon="118.719008">
        <ele>10.0</ele>
        <time>2026-09-30T23:27:07Z</time>
        <extensions><gpxtpx:TrackPointExtension>
          <gpxtpx:hr>175</gpxtpx:hr>
        </gpxtpx:TrackPointExtension></extensions>
      </trkpt>
      <trkpt lat="32.059653" lon="118.719019">
        <ele>10.0</ele>
        <time>2026-09-30T23:27:08Z</time>
        <extensions><gpxtpx:TrackPointExtension>
          <gpxtpx:hr>175</gpxtpx:hr>
        </gpxtpx:TrackPointExtension></extensions>
      </trkpt>
      <trkpt lat="32.059685" lon="118.71903">
        <ele>10.0</ele>
        <time>2026-09-30T23:27:09Z</time>
        <extensions><gpxtpx:TrackPointExtension>
          <gpxtpx:hr>175</gpxtpx:hr>
        </gpxtpx:TrackPointExtension></extensions>
      </trkpt>
      <trkpt lat="32.059718" lon="118.719041">
        <ele>10.0</ele>
        <time>2026-09-30T23:27:10Z</time>
        <extensions><gpxtpx:TrackPointExtension>
          <gpxtpx:hr>174</gpxtpx:hr>
        </gpxtpx:TrackPointExtension></extensions>
      </trkpt>
      <trkpt lat="32.059751" lon="118.719053">
        <ele>10.0</ele>
        <time>2026-09-30T23:27:11Z</time>
        <extensions><gpxtpx:TrackPointExtension>
          <gpxtpx:hr>175</gpxtpx:hr>
        </gpxtpx:TrackPointExtension></extensions>
      </trkpt>
      <trkpt lat="32.059784" lon="118.719065">
        <ele>10.0</ele>
        <time>2026-09-30T23:27:12Z</time>
        <extensions><gpxtpx:TrackPointExtension>
          <gpxtpx:hr>175</gpxtpx:hr>
        </gpxtpx:TrackPointExtension></extensions>
      </trkpt>
      <trkpt lat="32.059816" lon="118.719076">
        <ele>10.0</ele>
        <time>2026-09-30T23:27:13Z</time>
        <extensions><gpxtpx:TrackPointExtension>
          <gpxtpx:hr>174</gpxtpx:hr>
        </gpxtpx:TrackPointExtension></extensions>
      </trkpt>
      <trkpt lat="32.059849" lon="118.719088">
        <ele>10.0</ele>
        <time>2026-09-30T23:27:14Z</time>
        <extensions><gpxtpx:TrackPointExtension>
          <gpxtpx:hr>174</gpxtpx:hr>
        </gpxtpx:TrackPointExtension></extensions>
      </trkpt>
      <trkpt lat="32.059881" lon="118.719099">
        <ele>10.0</ele>
        <time>2026-09-30T23:27:15Z</time>
        <extensions><gpxtpx:TrackPointExtension>
          <gpxtpx:hr>174</gpxtpx:hr>
        </gpxtpx:TrackPointExtension></extensions>
      </trkpt>
      <trkpt lat="32.059913" lon="118.71911">
        <ele>10.0</ele>
        <time>2026-09-30T23:27:16Z</time>
        <extensions><gpxtpx:TrackPointExtension>
          <gpxtpx:hr>174</gpxtpx:hr>
        </gpxtpx:TrackPointExtension></extensions>
      </trkpt>
      <trkpt lat="32.059945" lon="118.719121">
        <ele>10.0</ele>
        <time>2026-09-30T23:27:17Z</time>
        <extensions><gpxtpx:TrackPointExtension>
          <gpxtpx:hr>174</gpxtpx:hr>
        </gpxtpx:TrackPointExtension></extensions>
      </trkpt>
      <trkpt lat="32.059976" lon="118.719132">
        <ele>10.0</ele>
        <time>2026-09-30T23:27:18Z</time>
        <extensions><gpxtpx:TrackPointExtension>
          <gpxtpx:hr>174</gpxtpx:hr>
        </gpxtpx:TrackPointExtension></extensions>
      </trkpt>
      <trkpt lat="32.060007" lon="118.719143">
        <ele>10.0</ele>
        <time>2026-09-30T23:27:19Z</time>
        <extensions><gpxtpx:TrackPointExtension>
          <gpxtpx:hr>175</gpxtpx:hr>
        </gpxtpx:TrackPointExtension></extensions>
      </trkpt>
      <trkpt lat="32.060038" lon="118.719154">
        <ele>10.0</ele>
        <time>2026-09-30T23:27:20Z</time>
        <extensions><gpxtpx:TrackPointExtension>
          <gpxtpx:hr>175</gpxtpx:hr>
        </gpxtpx:TrackPointExtension></extensions>
      </trkpt>
      <trkpt lat="32.060069" lon="118.719165">
        <ele>10.0</ele>
        <time>2026-09-30T23:27:21Z</time>
        <extensions><gpxtpx:TrackPointExtension>
          <gpxtpx:hr>175</gpxtpx:hr>
        </gpxtpx:TrackPointExtension></extensions>
      </trkpt>
      <trkpt lat="32.0601" lon="118.719176">
        <ele>10.0</ele>
        <time>2026-09-30T23:27:22Z</time>
        <extensions><gpxtpx:TrackPointExtension>
          <gpxtpx:hr>175</gpxtpx:hr>
        </gpxtpx:TrackPointExtension></extensions>
      </trkpt>
      <trkpt lat="32.060132" lon="118.719187">
        <ele>10.0</ele>
        <time>2026-09-30T23:27:23Z</time>
        <extensions><gpxtpx:TrackPointExtension>
          <gpxtpx:hr>175</gpxtpx:hr>
        </gpxtpx:TrackPointExtension></extensions>
      </trkpt>
      <trkpt lat="32.060164" lon="118.719197">
        <ele>10.0</ele>
        <time>2026-09-30T23:27:24Z</time>
        <extensions><gpxtpx:TrackPointExtension>
          <gpxtpx:hr>175</gpxtpx:hr>
        </gpxtpx:TrackPointExtension></extensions>
      </trkpt>
      <trkpt lat="32.060196" lon="118.719208">
        <ele>10.0</ele>
        <time>2026-09-30T23:27:25Z</time>
        <extensions><gpxtpx:TrackPointExtension>
          <gpxtpx:hr>175</gpxtpx:hr>
        </gpxtpx:TrackPointExtension></extensions>
      </trkpt>
      <trkpt lat="32.060229" lon="118.719219">
        <ele>10.0</ele>
        <time>2026-09-30T23:27:26Z</time>
        <extensions><gpxtpx:TrackPointExtension>
          <gpxtpx:hr>175</gpxtpx:hr>
        </gpxtpx:TrackPointExtension></extensions>
      </trkpt>
      <trkpt lat="32.060262" lon="118.71923">
        <ele>10.0</ele>
        <time>2026-09-30T23:27:27Z</time>
        <extensions><gpxtpx:TrackPointExtension>
          <gpxtpx:hr>175</gpxtpx:hr>
        </gpxtpx:TrackPointExtension></extensions>
      </trkpt>
      <trkpt lat="32.060295" lon="118.719241">
        <ele>10.0</ele>
        <time>2026-09-30T23:27:28Z</time>
        <extensions><gpxtpx:TrackPointExtension>
          <gpxtpx:hr>175</gpxtpx:hr>
        </gpxtpx:TrackPointExtension></extensions>
      </trkpt>
      <trkpt lat="32.060328" lon="118.719252">
        <ele>10.0</ele>
        <time>2026-09-30T23:27:29Z</time>
        <extensions><gpxtpx:TrackPointExtension>
          <gpxtpx:hr>175</gpxtpx:hr>
        </gpxtpx:TrackPointExtension></extensions>
      </trkpt>
      <trkpt lat="32.060361" lon="118.719263">
        <ele>10.0</ele>
        <time>2026-09-30T23:27:30Z</time>
        <extensions><gpxtpx:TrackPointExtension>
          <gpxtpx:hr>175</gpxtpx:hr>
        </gpxtpx:TrackPointExtension></extensions>
      </trkpt>
      <trkpt lat="32.060394" lon="118.719274">
        <ele>10.0</ele>
        <time>2026-09-30T23:27:31Z</time>
        <extensions><gpxtpx:TrackPointExtension>
          <gpxtpx:hr>175</gpxtpx:hr>
        </gpxtpx:TrackPointExtension></extensions>
      </trkpt>
      <trkpt lat="32.060427" lon="118.719285">
        <ele>10.0</ele>
        <time>2026-09-30T23:27:32Z</time>
        <extensions><gpxtpx:TrackPointExtension>
          <gpxtpx:hr>174</gpxtpx:hr>
        </gpxtpx:TrackPointExtension></extensions>
      </trkpt>
      <trkpt lat="32.060459" lon="118.719296">
        <ele>10.0</ele>
        <time>2026-09-30T23:27:33Z</time>
        <extensions><gpxtpx:TrackPointExtension>
          <gpxtpx:hr>174</gpxtpx:hr>
        </gpxtpx:TrackPointExtension></extensions>
      </trkpt>
      <trkpt lat="32.060492" lon="118.719307">
        <ele>10.0</ele>
        <time>2026-09-30T23:27:34Z</time>
        <extensions><gpxtpx:TrackPointExtension>
          <gpxtpx:hr>174</gpxtpx:hr>
        </gpxtpx:TrackPointExtension></extensions>
      </trkpt>
      <trkpt lat="32.060524" lon="118.719318">
        <ele>10.0</ele>
        <time>2026-09-30T23:27:35Z</time>
        <extensions><gpxtpx:TrackPointExtension>
          <gpxtpx:hr>174</gpxtpx:hr>
        </gpxtpx:TrackPointExtension></extensions>
      </trkpt>
      <trkpt lat="32.060557" lon="118.719329">
        <ele>10.0</ele>
        <time>2026-09-30T23:27:36Z</time>
        <extensions><gpxtpx:TrackPointExtension>
          <gpxtpx:hr>173</gpxtpx:hr>
        </gpxtpx:TrackPointExtension></extensions>
      </trkpt>
      <trkpt lat="32.060589" lon="118.719341">
        <ele>10.0</ele>
        <time>2026-09-30T23:27:37Z</time>
        <extensions><gpxtpx:TrackPointExtension>
          <gpxtpx:hr>173</gpxtpx:hr>
        </gpxtpx:TrackPointExtension></extensions>
      </trkpt>
      <trkpt lat="32.060621" lon="118.719353">
        <ele>9.0</ele>
        <time>2026-09-30T23:27:38Z</time>
        <extensions><gpxtpx:TrackPointExtension>
          <gpxtpx:hr>173</gpxtpx:hr>
        </gpxtpx:TrackPointExtension></extensions>
      </trkpt>
      <trkpt lat="32.060653" lon="118.719364">
        <ele>9.0</ele>
        <time>2026-09-30T23:27:39Z</time>
        <extensions><gpxtpx:TrackPointExtension>
          <gpxtpx:hr>173</gpxtpx:hr>
        </gpxtpx:TrackPointExtension></extensions>
      </trkpt>
      <trkpt lat="32.060685" lon="118.719376">
        <ele>9.0</ele>
        <time>2026-09-30T23:27:40Z</time>
        <extensions><gpxtpx:TrackPointExtension>
          <gpxtpx:hr>174</gpxtpx:hr>
        </gpxtpx:TrackPointExtension></extensions>
      </trkpt>
      <trkpt lat="32.060716" lon="118.719387">
        <ele>9.0</ele>
        <time>2026-09-30T23:27:41Z</time>
        <extensions><gpxtpx:TrackPointExtension>
          <gpxtpx:hr>174</gpxtpx:hr>
        </gpxtpx:TrackPointExtension></extensions>
      </trkpt>
      <trkpt lat="32.060748" lon="118.719398">
        <ele>9.0</ele>
        <time>2026-09-30T23:27:42Z</time>
        <extensions><gpxtpx:TrackPointExtension>
          <gpxtpx:hr>174</gpxtpx:hr>
        </gpxtpx:TrackPointExtension></extensions>
      </trkpt>
      <trkpt lat="32.060781" lon="118.719409">
        <ele>9.0</ele>
        <time>2026-09-30T23:27:43Z</time>
        <extensions><gpxtpx:TrackPointExtension>
          <gpxtpx:hr>174</gpxtpx:hr>
        </gpxtpx:TrackPointExtension></extensions>
      </trkpt>
      <trkpt lat="32.060813" lon="118.71942">
        <ele>9.0</ele>
        <time>2026-09-30T23:27:44Z</time>
        <extensions><gpxtpx:TrackPointExtension>
          <gpxtpx:hr>174</gpxtpx:hr>
        </gpxtpx:TrackPointExtension></extensions>
      </trkpt>
      <trkpt lat="32.060846" lon="118.71943">
        <ele>9.0</ele>
        <time>2026-09-30T23:27:45Z</time>
        <extensions><gpxtpx:TrackPointExtension>
          <gpxtpx:hr>174</gpxtpx:hr>
        </gpxtpx:TrackPointExtension></extensions>
      </trkpt>
      <trkpt lat="32.060879" lon="118.719441">
        <ele>9.0</ele>
        <time>2026-09-30T23:27:46Z</time>
        <extensions><gpxtpx:TrackPointExtension>
          <gpxtpx:hr>174</gpxtpx:hr>
        </gpxtpx:TrackPointExtension></extensions>
      </trkpt>
      <trkpt lat="32.060913" lon="118.719451">
        <ele>9.0</ele>
        <time>2026-09-30T23:27:47Z</time>
        <extensions><gpxtpx:TrackPointExtension>
          <gpxtpx:hr>175</gpxtpx:hr>
        </gpxtpx:TrackPointExtension></extensions>
      </trkpt>
      <trkpt lat="32.060948" lon="118.71946">
        <ele>9.0</ele>
        <time>2026-09-30T23:27:48Z</time>
        <extensions><gpxtpx:TrackPointExtension>
          <gpxtpx:hr>175</gpxtpx:hr>
        </gpxtpx:TrackPointExtension></extensions>
      </trkpt>
      <trkpt lat="32.060982" lon="118.71947">
        <ele>9.0</ele>
        <time>2026-09-30T23:27:49Z</time>
        <extensions><gpxtpx:TrackPointExtension>
          <gpxtpx:hr>175</gpxtpx:hr>
        </gpxtpx:TrackPointExtension></extensions>
      </trkpt>
      <trkpt lat="32.061016" lon="118.719481">
        <ele>9.0</ele>
        <time>2026-09-30T23:27:50Z</time>
        <extensions><gpxtpx:TrackPointExtension>
          <gpxtpx:hr>175</gpxtpx:hr>
        </gpxtpx:TrackPointExtension></extensions>
      </trkpt>
      <trkpt lat="32.06105" lon="118.719492">
        <ele>9.0</ele>
        <time>2026-09-30T23:27:51Z</time>
        <extensions><gpxtpx:TrackPointExtension>
          <gpxtpx:hr>175</gpxtpx:hr>
        </gpxtpx:TrackPointExtension></extensions>
      </trkpt>
      <trkpt lat="32.061083" lon="118.719503">
        <ele>9.0</ele>
        <time>2026-09-30T23:27:52Z</time>
        <extensions><gpxtpx:TrackPointExtension>
          <gpxtpx:hr>175</gpxtpx:hr>
        </gpxtpx:TrackPointExtension></extensions>
      </trkpt>
      <trkpt lat="32.061116" lon="118.719515">
        <ele>9.0</ele>
        <time>2026-09-30T23:27:53Z</time>
        <extensions><gpxtpx:TrackPointExtension>
          <gpxtpx:hr>175</gpxtpx:hr>
        </gpxtpx:TrackPointExtension></extensions>
      </trkpt>
      <trkpt lat="32.061148" lon="118.719527">
        <ele>9.0</ele>
        <time>2026-09-30T23:27:54Z</time>
        <extensions><gpxtpx:TrackPointExtension>
          <gpxtpx:hr>175</gpxtpx:hr>
        </gpxtpx:TrackPointExtension></extensions>
      </trkpt>
      <trkpt lat="32.061181" lon="118.71954">
        <ele>9.0</ele>
        <time>2026-09-30T23:27:55Z</time>
        <extensions><gpxtpx:TrackPointExtension>
          <gpxtpx:hr>175</gpxtpx:hr>
        </gpxtpx:TrackPointExtension></extensions>
      </trkpt>
      <trkpt lat="32.061213" lon="118.719552">
        <ele>9.0</ele>
        <time>2026-09-30T23:27:56Z</time>
        <extensions><gpxtpx:TrackPointExtension>
          <gpxtpx:hr>175</gpxtpx:hr>
        </gpxtpx:TrackPointExtension></extensions>
      </trkpt>
      <trkpt lat="32.061245" lon="118.719564">
        <ele>9.0</ele>
        <time>2026-09-30T23:27:57Z</time>
        <extensions><gpxtpx:TrackPointExtension>
          <gpxtpx:hr>174</gpxtpx:hr>
        </gpxtpx:TrackPointExtension></extensions>
      </trkpt>
      <trkpt lat="32.061277" lon="118.719575">
        <ele>9.0</ele>
        <time>2026-09-30T23:27:58Z</time>
        <extensions><gpxtpx:TrackPointExtension>
          <gpxtpx:hr>173</gpxtpx:hr>
        </gpxtpx:TrackPointExtension></extensions>
      </trkpt>
      <trkpt lat="32.06131" lon="118.719586">
        <ele>9.0</ele>
        <time>2026-09-30T23:27:59Z</time>
        <extensions><gpxtpx:TrackPointExtension>
          <gpxtpx:hr>173</gpxtpx:hr>
        </gpxtpx:TrackPointExtension></extensions>
      </trkpt>
      <trkpt lat="32.061343" lon="118.719597">
        <ele>9.0</ele>
        <time>2026-09-30T23:28:00Z</time>
        <extensions><gpxtpx:TrackPointExtension>
          <gpxtpx:hr>172</gpxtpx:hr>
        </gpxtpx:TrackPointExtension></extensions>
      </trkpt>
      <trkpt lat="32.061375" lon="118.719608">
        <ele>9.0</ele>
        <time>2026-09-30T23:28:01Z</time>
        <extensions><gpxtpx:TrackPointExtension>
          <gpxtpx:hr>172</gpxtpx:hr>
        </gpxtpx:TrackPointExtension></extensions>
      </trkpt>
      <trkpt lat="32.061407" lon="118.719618">
        <ele>9.0</ele>
        <time>2026-09-30T23:28:02Z</time>
        <extensions><gpxtpx:TrackPointExtension>
          <gpxtpx:hr>172</gpxtpx:hr>
        </gpxtpx:TrackPointExtension></extensions>
      </trkpt>
      <trkpt lat="32.061439" lon="118.719629">
        <ele>9.0</ele>
        <time>2026-09-30T23:28:03Z</time>
        <extensions><gpxtpx:TrackPointExtension>
          <gpxtpx:hr>172</gpxtpx:hr>
        </gpxtpx:TrackPointExtension></extensions>
      </trkpt>
      <trkpt lat="32.061471" lon="118.71964">
        <ele>9.0</ele>
        <time>2026-09-30T23:28:04Z</time>
        <extensions><gpxtpx:TrackPointExtension>
          <gpxtpx:hr>172</gpxtpx:hr>
        </gpxtpx:TrackPointExtension></extensions>
      </trkpt>
      <trkpt lat="32.061504" lon="118.719651">
        <ele>9.0</ele>
        <time>2026-09-30T23:28:05Z</time>
        <extensions><gpxtpx:TrackPointExtension>
          <gpxtpx:hr>172</gpxtpx:hr>
        </gpxtpx:TrackPointExtension></extensions>
      </trkpt>
      <trkpt lat="32.061537" lon="118.719662">
        <ele>9.0</ele>
        <time>2026-09-30T23:28:06Z</time>
        <extensions><gpxtpx:TrackPointExtension>
          <gpxtpx:hr>172</gpxtpx:hr>
        </gpxtpx:TrackPointExtension></extensions>
      </trkpt>
      <trkpt lat="32.06157" lon="118.719673">
        <ele>9.0</ele>
        <time>2026-09-30T23:28:07Z</time>
        <extensions><gpxtpx:TrackPointExtension>
          <gpxtpx:hr>172</gpxtpx:hr>
        </gpxtpx:TrackPointExtension></extensions>
      </trkpt>
      <trkpt lat="32.061603" lon="118.719685">
        <ele>9.0</ele>
        <time>2026-09-30T23:28:08Z</time>
        <extensions><gpxtpx:TrackPointExtension>
          <gpxtpx:hr>172</gpxtpx:hr>
        </gpxtpx:TrackPointExtension></extensions>
      </trkpt>
      <trkpt lat="32.061636" lon="118.719698">
        <ele>9.0</ele>
        <time>2026-09-30T23:28:09Z</time>
        <extensions><gpxtpx:TrackPointExtension>
          <gpxtpx:hr>172</gpxtpx:hr>
        </gpxtpx:TrackPointExtension></extensions>
      </trkpt>
      <trkpt lat="32.061669" lon="118.71971">
        <ele>9.0</ele>
        <time>2026-09-30T23:28:10Z</time>
        <extensions><gpxtpx:TrackPointExtension>
          <gpxtpx:hr>172</gpxtpx:hr>
        </gpxtpx:TrackPointExtension></extensions>
      </trkpt>
      <trkpt lat="32.061701" lon="118.719722">
        <ele>9.0</ele>
        <time>2026-09-30T23:28:11Z</time>
        <extensions><gpxtpx:TrackPointExtension>
          <gpxtpx:hr>172</gpxtpx:hr>
        </gpxtpx:TrackPointExtension></extensions>
      </trkpt>
      <trkpt lat="32.061734" lon="118.719734">
        <ele>9.0</ele>
        <time>2026-09-30T23:28:12Z</time>
        <extensions><gpxtpx:TrackPointExtension>
          <gpxtpx:hr>172</gpxtpx:hr>
        </gpxtpx:TrackPointExtension></extensions>
      </trkpt>
      <trkpt lat="32.061767" lon="118.719745">
        <ele>9.0</ele>
        <time>2026-09-30T23:28:13Z</time>
        <extensions><gpxtpx:TrackPointExtension>
          <gpxtpx:hr>172</gpxtpx:hr>
        </gpxtpx:TrackPointExtension></extensions>
      </trkpt>
      <trkpt lat="32.0618" lon="118.719755">
        <ele>8.0</ele>
        <time>2026-09-30T23:28:14Z</time>
        <extensions><gpxtpx:TrackPointExtension>
          <gpxtpx:hr>172</gpxtpx:hr>
        </gpxtpx:TrackPointExtension></extensions>
      </trkpt>
      <trkpt lat="32.061833" lon="118.719766">
        <ele>8.0</ele>
        <time>2026-09-30T23:28:15Z</time>
        <extensions><gpxtpx:TrackPointExtension>
          <gpxtpx:hr>172</gpxtpx:hr>
        </gpxtpx:TrackPointExtension></extensions>
      </trkpt>
      <trkpt lat="32.061865" lon="118.719776">
        <ele>8.0</ele>
        <time>2026-09-30T23:28:16Z</time>
        <extensions><gpxtpx:TrackPointExtension>
          <gpxtpx:hr>172</gpxtpx:hr>
        </gpxtpx:TrackPointExtension></extensions>
      </trkpt>
      <trkpt lat="32.061898" lon="118.719787">
        <ele>8.0</ele>
        <time>2026-09-30T23:28:17Z</time>
        <extensions><gpxtpx:TrackPointExtension>
          <gpxtpx:hr>172</gpxtpx:hr>
        </gpxtpx:TrackPointExtension></extensions>
      </trkpt>
      <trkpt lat="32.06193" lon="118.719798">
        <ele>8.0</ele>
        <time>2026-09-30T23:28:18Z</time>
        <extensions><gpxtpx:TrackPointExtension>
          <gpxtpx:hr>172</gpxtpx:hr>
        </gpxtpx:TrackPointExtension></extensions>
      </trkpt>
      <trkpt lat="32.061962" lon="118.719809">
        <ele>8.0</ele>
        <time>2026-09-30T23:28:19Z</time>
        <extensions><gpxtpx:TrackPointExtension>
          <gpxtpx:hr>172</gpxtpx:hr>
        </gpxtpx:TrackPointExtension></extensions>
      </trkpt>
      <trkpt lat="32.061993" lon="118.719821">
        <ele>8.0</ele>
        <time>2026-09-30T23:28:20Z</time>
        <extensions><gpxtpx:TrackPointExtension>
          <gpxtpx:hr>172</gpxtpx:hr>
        </gpxtpx:TrackPointExtension></extensions>
      </trkpt>
      <trkpt lat="32.062025" lon="118.719832">
        <ele>8.0</ele>
        <time>2026-09-30T23:28:21Z</time>
        <extensions><gpxtpx:TrackPointExtension>
          <gpxtpx:hr>172</gpxtpx:hr>
        </gpxtpx:TrackPointExtension></extensions>
      </trkpt>
      <trkpt lat="32.062057" lon="118.719843">
        <ele>8.0</ele>
        <time>2026-09-30T23:28:22Z</time>
        <extensions><gpxtpx:TrackPointExtension>
          <gpxtpx:hr>171</gpxtpx:hr>
        </gpxtpx:TrackPointExtension></extensions>
      </trkpt>
      <trkpt lat="32.062089" lon="118.719854">
        <ele>8.0</ele>
        <time>2026-09-30T23:28:23Z</time>
        <extensions><gpxtpx:TrackPointExtension>
          <gpxtpx:hr>171</gpxtpx:hr>
        </gpxtpx:TrackPointExtension></extensions>
      </trkpt>
      <trkpt lat="32.062121" lon="118.719864">
        <ele>8.0</ele>
        <time>2026-09-30T23:28:24Z</time>
        <extensions><gpxtpx:TrackPointExtension>
          <gpxtpx:hr>172</gpxtpx:hr>
        </gpxtpx:TrackPointExtension></extensions>
      </trkpt>
      <trkpt lat="32.062154" lon="118.719874">
        <ele>8.0</ele>
        <time>2026-09-30T23:28:25Z</time>
        <extensions><gpxtpx:TrackPointExtension>
          <gpxtpx:hr>172</gpxtpx:hr>
        </gpxtpx:TrackPointExtension></extensions>
      </trkpt>
      <trkpt lat="32.062186" lon="118.719884">
        <ele>8.0</ele>
        <time>2026-09-30T23:28:26Z</time>
        <extensions><gpxtpx:TrackPointExtension>
          <gpxtpx:hr>172</gpxtpx:hr>
        </gpxtpx:TrackPointExtension></extensions>
      </trkpt>
      <trkpt lat="32.06222" lon="118.719894">
        <ele>8.0</ele>
        <time>2026-09-30T23:28:27Z</time>
        <extensions><gpxtpx:TrackPointExtension>
          <gpxtpx:hr>172</gpxtpx:hr>
        </gpxtpx:TrackPointExtension></extensions>
      </trkpt>
      <trkpt lat="32.062253" lon="118.719903">
        <ele>8.0</ele>
        <time>2026-09-30T23:28:28Z</time>
        <extensions><gpxtpx:TrackPointExtension>
          <gpxtpx:hr>172</gpxtpx:hr>
        </gpxtpx:TrackPointExtension></extensions>
      </trkpt>
      <trkpt lat="32.062286" lon="118.719914">
        <ele>8.0</ele>
        <time>2026-09-30T23:28:29Z</time>
        <extensions><gpxtpx:TrackPointExtension>
          <gpxtpx:hr>172</gpxtpx:hr>
        </gpxtpx:TrackPointExtension></extensions>
      </trkpt>
      <trkpt lat="32.062319" lon="118.719924">
        <ele>8.0</ele>
        <time>2026-09-30T23:28:30Z</time>
        <extensions><gpxtpx:TrackPointExtension>
          <gpxtpx:hr>172</gpxtpx:hr>
        </gpxtpx:TrackPointExtension></extensions>
      </trkpt>
      <trkpt lat="32.062352" lon="118.719935">
        <ele>8.0</ele>
        <time>2026-09-30T23:28:31Z</time>
        <extensions><gpxtpx:TrackPointExtension>
          <gpxtpx:hr>172</gpxtpx:hr>
        </gpxtpx:TrackPointExtension></extensions>
      </trkpt>
      <trkpt lat="32.062384" lon="118.719947">
        <ele>8.0</ele>
        <time>2026-09-30T23:28:32Z</time>
        <extensions><gpxtpx:TrackPointExtension>
          <gpxtpx:hr>172</gpxtpx:hr>
        </gpxtpx:TrackPointExtension></extensions>
      </trkpt>
      <trkpt lat="32.062417" lon="118.719959">
        <ele>8.0</ele>
        <time>2026-09-30T23:28:33Z</time>
        <extensions><gpxtpx:TrackPointExtension>
          <gpxtpx:hr>172</gpxtpx:hr>
        </gpxtpx:TrackPointExtension></extensions>
      </trkpt>
      <trkpt lat="32.062449" lon="118.719971">
        <ele>8.0</ele>
        <time>2026-09-30T23:28:34Z</time>
        <extensions><gpxtpx:TrackPointExtension>
          <gpxtpx:hr>173</gpxtpx:hr>
        </gpxtpx:TrackPointExtension></extensions>
      </trkpt>
      <trkpt lat="32.062482" lon="118.719982">
        <ele>8.0</ele>
        <time>2026-09-30T23:28:35Z</time>
        <extensions><gpxtpx:TrackPointExtension>
          <gpxtpx:hr>173</gpxtpx:hr>
        </gpxtpx:TrackPointExtension></extensions>
      </trkpt>
      <trkpt lat="32.062514" lon="118.719992">
        <ele>8.0</ele>
        <time>2026-09-30T23:28:36Z</time>
        <extensions><gpxtpx:TrackPointExtension>
          <gpxtpx:hr>173</gpxtpx:hr>
        </gpxtpx:TrackPointExtension></extensions>
      </trkpt>
      <trkpt lat="32.062546" lon="118.720002">
        <ele>8.0</ele>
        <time>2026-09-30T23:28:37Z</time>
        <extensions><gpxtpx:TrackPointExtension>
          <gpxtpx:hr>173</gpxtpx:hr>
        </gpxtpx:TrackPointExtension></extensions>
      </trkpt>
      <trkpt lat="32.062578" lon="118.720011">
        <ele>8.0</ele>
        <time>2026-09-30T23:28:38Z</time>
        <extensions><gpxtpx:TrackPointExtension>
          <gpxtpx:hr>173</gpxtpx:hr>
        </gpxtpx:TrackPointExtension></extensions>
      </trkpt>
      <trkpt lat="32.06261" lon="118.720019">
        <ele>8.0</ele>
        <time>2026-09-30T23:28:39Z</time>
        <extensions><gpxtpx:TrackPointExtension>
          <gpxtpx:hr>173</gpxtpx:hr>
        </gpxtpx:TrackPointExtension></extensions>
      </trkpt>
      <trkpt lat="32.062643" lon="118.720027">
        <ele>8.0</ele>
        <time>2026-09-30T23:28:40Z</time>
        <extensions><gpxtpx:TrackPointExtension>
          <gpxtpx:hr>173</gpxtpx:hr>
        </gpxtpx:TrackPointExtension></extensions>
      </trkpt>
      <trkpt lat="32.062675" lon="118.720035">
        <ele>8.0</ele>
        <time>2026-09-30T23:28:41Z</time>
        <extensions><gpxtpx:TrackPointExtension>
          <gpxtpx:hr>173</gpxtpx:hr>
        </gpxtpx:TrackPointExtension></extensions>
      </trkpt>
      <trkpt lat="32.062708" lon="118.720042">
        <ele>8.0</ele>
        <time>2026-09-30T23:28:42Z</time>
        <extensions><gpxtpx:TrackPointExtension>
          <gpxtpx:hr>173</gpxtpx:hr>
        </gpxtpx:TrackPointExtension></extensions>
      </trkpt>
      <trkpt lat="32.062739" lon="118.720049">
        <ele>8.0</ele>
        <time>2026-09-30T23:28:43Z</time>
        <extensions><gpxtpx:TrackPointExtension>
          <gpxtpx:hr>173</gpxtpx:hr>
        </gpxtpx:TrackPointExtension></extensions>
      </trkpt>
      <trkpt lat="32.062771" lon="118.720056">
        <ele>8.0</ele>
        <time>2026-09-30T23:28:44Z</time>
        <extensions><gpxtpx:TrackPointExtension>
          <gpxtpx:hr>173</gpxtpx:hr>
        </gpxtpx:TrackPointExtension></extensions>
      </trkpt>
      <trkpt lat="32.062802" lon="118.720063">
        <ele>8.0</ele>
        <time>2026-09-30T23:28:45Z</time>
        <extensions><gpxtpx:TrackPointExtension>
          <gpxtpx:hr>173</gpxtpx:hr>
        </gpxtpx:TrackPointExtension></extensions>
      </trkpt>
      <trkpt lat="32.062833" lon="118.720071">
        <ele>8.0</ele>
        <time>2026-09-30T23:28:46Z</time>
        <extensions><gpxtpx:TrackPointExtension>
          <gpxtpx:hr>173</gpxtpx:hr>
        </gpxtpx:TrackPointExtension></extensions>
      </trkpt>
      <trkpt lat="32.062864" lon="118.720079">
        <ele>8.0</ele>
        <time>2026-09-30T23:28:47Z</time>
        <extensions><gpxtpx:TrackPointExtension>
          <gpxtpx:hr>173</gpxtpx:hr>
        </gpxtpx:TrackPointExtension></extensions>
      </trkpt>
      <trkpt lat="32.062895" lon="118.720088">
        <ele>8.0</ele>
        <time>2026-09-30T23:28:48Z</time>
        <extensions><gpxtpx:TrackPointExtension>
          <gpxtpx:hr>173</gpxtpx:hr>
        </gpxtpx:TrackPointExtension></extensions>
      </trkpt>
      <trkpt lat="32.062926" lon="118.720098">
        <ele>8.0</ele>
        <time>2026-09-30T23:28:49Z</time>
        <extensions><gpxtpx:TrackPointExtension>
          <gpxtpx:hr>173</gpxtpx:hr>
        </gpxtpx:TrackPointExtension></extensions>
      </trkpt>
      <trkpt lat="32.062958" lon="118.720107">
        <ele>8.0</ele>
        <time>2026-09-30T23:28:50Z</time>
        <extensions><gpxtpx:TrackPointExtension>
          <gpxtpx:hr>173</gpxtpx:hr>
        </gpxtpx:TrackPointExtension></extensions>
      </trkpt>
      <trkpt lat="32.062991" lon="118.720118">
        <ele>8.0</ele>
        <time>2026-09-30T23:28:51Z</time>
        <extensions><gpxtpx:TrackPointExtension>
          <gpxtpx:hr>173</gpxtpx:hr>
        </gpxtpx:TrackPointExtension></extensions>
      </trkpt>
      <trkpt lat="32.063024" lon="118.720128">
        <ele>8.0</ele>
        <time>2026-09-30T23:28:52Z</time>
        <extensions><gpxtpx:TrackPointExtension>
          <gpxtpx:hr>173</gpxtpx:hr>
        </gpxtpx:TrackPointExtension></extensions>
      </trkpt>
      <trkpt lat="32.063058" lon="118.720138">
        <ele>8.0</ele>
        <time>2026-09-30T23:28:53Z</time>
        <extensions><gpxtpx:TrackPointExtension>
          <gpxtpx:hr>172</gpxtpx:hr>
        </gpxtpx:TrackPointExtension></extensions>
      </trkpt>
      <trkpt lat="32.063091" lon="118.720148">
        <ele>8.0</ele>
        <time>2026-09-30T23:28:54Z</time>
        <extensions><gpxtpx:TrackPointExtension>
          <gpxtpx:hr>172</gpxtpx:hr>
        </gpxtpx:TrackPointExtension></extensions>
      </trkpt>
      <trkpt lat="32.063125" lon="118.720157">
        <ele>8.0</ele>
        <time>2026-09-30T23:28:55Z</time>
        <extensions><gpxtpx:TrackPointExtension>
          <gpxtpx:hr>172</gpxtpx:hr>
        </gpxtpx:TrackPointExtension></extensions>
      </trkpt>
      <trkpt lat="32.063158" lon="118.720165">
        <ele>8.0</ele>
        <time>2026-09-30T23:28:56Z</time>
        <extensions><gpxtpx:TrackPointExtension>
          <gpxtpx:hr>172</gpxtpx:hr>
        </gpxtpx:TrackPointExtension></extensions>
      </trkpt>
      <trkpt lat="32.063191" lon="118.720174">
        <ele>8.0</ele>
        <time>2026-09-30T23:28:57Z</time>
        <extensions><gpxtpx:TrackPointExtension>
          <gpxtpx:hr>172</gpxtpx:hr>
        </gpxtpx:TrackPointExtension></extensions>
      </trkpt>
      <trkpt lat="32.063223" lon="118.720183">
        <ele>8.0</ele>
        <time>2026-09-30T23:28:58Z</time>
        <extensions><gpxtpx:TrackPointExtension>
          <gpxtpx:hr>172</gpxtpx:hr>
        </gpxtpx:TrackPointExtension></extensions>
      </trkpt>
      <trkpt lat="32.063255" lon="118.720191">
        <ele>8.0</ele>
        <time>2026-09-30T23:28:59Z</time>
        <extensions><gpxtpx:TrackPointExtension>
          <gpxtpx:hr>173</gpxtpx:hr>
        </gpxtpx:TrackPointExtension></extensions>
      </trkpt>
      <trkpt lat="32.063287" lon="118.7202">
        <ele>8.0</ele>
        <time>2026-09-30T23:29:00Z</time>
        <extensions><gpxtpx:TrackPointExtension>
          <gpxtpx:hr>172</gpxtpx:hr>
        </gpxtpx:TrackPointExtension></extensions>
      </trkpt>
      <trkpt lat="32.063319" lon="118.720208">
        <ele>8.0</ele>
        <time>2026-09-30T23:29:01Z</time>
        <extensions><gpxtpx:TrackPointExtension>
          <gpxtpx:hr>173</gpxtpx:hr>
        </gpxtpx:TrackPointExtension></extensions>
      </trkpt>
      <trkpt lat="32.063351" lon="118.720217">
        <ele>8.0</ele>
        <time>2026-09-30T23:29:02Z</time>
        <extensions><gpxtpx:TrackPointExtension>
          <gpxtpx:hr>173</gpxtpx:hr>
        </gpxtpx:TrackPointExtension></extensions>
      </trkpt>
      <trkpt lat="32.063382" lon="118.720226">
        <ele>8.0</ele>
        <time>2026-09-30T23:29:03Z</time>
        <extensions><gpxtpx:TrackPointExtension>
          <gpxtpx:hr>173</gpxtpx:hr>
        </gpxtpx:TrackPointExtension></extensions>
      </trkpt>
      <trkpt lat="32.063413" lon="118.720235">
        <ele>8.0</ele>
        <time>2026-09-30T23:29:04Z</time>
        <extensions><gpxtpx:TrackPointExtension>
          <gpxtpx:hr>173</gpxtpx:hr>
        </gpxtpx:TrackPointExtension></extensions>
      </trkpt>
      <trkpt lat="32.063443" lon="118.720244">
        <ele>8.0</ele>
        <time>2026-09-30T23:29:05Z</time>
        <extensions><gpxtpx:TrackPointExtension>
          <gpxtpx:hr>173</gpxtpx:hr>
        </gpxtpx:TrackPointExtension></extensions>
      </trkpt>
      <trkpt lat="32.063473" lon="118.720253">
        <ele>8.0</ele>
        <time>2026-09-30T23:29:06Z</time>
        <extensions><gpxtpx:TrackPointExtension>
          <gpxtpx:hr>172</gpxtpx:hr>
        </gpxtpx:TrackPointExtension></extensions>
      </trkpt>
      <trkpt lat="32.063503" lon="118.720261">
        <ele>8.0</ele>
        <time>2026-09-30T23:29:07Z</time>
        <extensions><gpxtpx:TrackPointExtension>
          <gpxtpx:hr>172</gpxtpx:hr>
        </gpxtpx:TrackPointExtension></extensions>
      </trkpt>
      <trkpt lat="32.063535" lon="118.72027">
        <ele>8.0</ele>
        <time>2026-09-30T23:29:08Z</time>
        <extensions><gpxtpx:TrackPointExtension>
          <gpxtpx:hr>172</gpxtpx:hr>
        </gpxtpx:TrackPointExtension></extensions>
      </trkpt>
      <trkpt lat="32.063566" lon="118.720279">
        <ele>8.0</ele>
        <time>2026-09-30T23:29:09Z</time>
        <extensions><gpxtpx:TrackPointExtension>
          <gpxtpx:hr>172</gpxtpx:hr>
        </gpxtpx:TrackPointExtension></extensions>
      </trkpt>
      <trkpt lat="32.063597" lon="118.720288">
        <ele>8.0</ele>
        <time>2026-09-30T23:29:10Z</time>
        <extensions><gpxtpx:TrackPointExtension>
          <gpxtpx:hr>171</gpxtpx:hr>
        </gpxtpx:TrackPointExtension></extensions>
      </trkpt>
      <trkpt lat="32.063628" lon="118.720297">
        <ele>8.0</ele>
        <time>2026-09-30T23:29:11Z</time>
        <extensions><gpxtpx:TrackPointExtension>
          <gpxtpx:hr>171</gpxtpx:hr>
        </gpxtpx:TrackPointExtension></extensions>
      </trkpt>
      <trkpt lat="32.06366" lon="118.720306">
        <ele>8.0</ele>
        <time>2026-09-30T23:29:12Z</time>
        <extensions><gpxtpx:TrackPointExtension>
          <gpxtpx:hr>171</gpxtpx:hr>
        </gpxtpx:TrackPointExtension></extensions>
      </trkpt>
      <trkpt lat="32.063691" lon="118.720315">
        <ele>8.0</ele>
        <time>2026-09-30T23:29:13Z</time>
        <extensions><gpxtpx:TrackPointExtension>
          <gpxtpx:hr>171</gpxtpx:hr>
        </gpxtpx:TrackPointExtension></extensions>
      </trkpt>
      <trkpt lat="32.063723" lon="118.720324">
        <ele>8.0</ele>
        <time>2026-09-30T23:29:14Z</time>
        <extensions><gpxtpx:TrackPointExtension>
          <gpxtpx:hr>171</gpxtpx:hr>
        </gpxtpx:TrackPointExtension></extensions>
      </trkpt>
      <trkpt lat="32.063755" lon="118.720333">
        <ele>8.0</ele>
        <time>2026-09-30T23:29:15Z</time>
        <extensions><gpxtpx:TrackPointExtension>
          <gpxtpx:hr>171</gpxtpx:hr>
        </gpxtpx:TrackPointExtension></extensions>
      </trkpt>
      <trkpt lat="32.063787" lon="118.720342">
        <ele>8.0</ele>
        <time>2026-09-30T23:29:16Z</time>
        <extensions><gpxtpx:TrackPointExtension>
          <gpxtpx:hr>171</gpxtpx:hr>
        </gpxtpx:TrackPointExtension></extensions>
      </trkpt>
      <trkpt lat="32.06382" lon="118.720351">
        <ele>8.0</ele>
        <time>2026-09-30T23:29:17Z</time>
        <extensions><gpxtpx:TrackPointExtension>
          <gpxtpx:hr>170</gpxtpx:hr>
        </gpxtpx:TrackPointExtension></extensions>
      </trkpt>
      <trkpt lat="32.063853" lon="118.720359">
        <ele>8.0</ele>
        <time>2026-09-30T23:29:18Z</time>
        <extensions><gpxtpx:TrackPointExtension>
          <gpxtpx:hr>170</gpxtpx:hr>
        </gpxtpx:TrackPointExtension></extensions>
      </trkpt>
      <trkpt lat="32.063887" lon="118.720368">
        <ele>8.0</ele>
        <time>2026-09-30T23:29:19Z</time>
        <extensions><gpxtpx:TrackPointExtension>
          <gpxtpx:hr>170</gpxtpx:hr>
        </gpxtpx:TrackPointExtension></extensions>
      </trkpt>
      <trkpt lat="32.063922" lon="118.720376">
        <ele>8.0</ele>
        <time>2026-09-30T23:29:20Z</time>
        <extensions><gpxtpx:TrackPointExtension>
          <gpxtpx:hr>170</gpxtpx:hr>
        </gpxtpx:TrackPointExtension></extensions>
      </trkpt>
      <trkpt lat="32.063958" lon="118.720385">
        <ele>8.0</ele>
        <time>2026-09-30T23:29:21Z</time>
        <extensions><gpxtpx:TrackPointExtension>
          <gpxtpx:hr>169</gpxtpx:hr>
        </gpxtpx:TrackPointExtension></extensions>
      </trkpt>
      <trkpt lat="32.063994" lon="118.720394">
        <ele>8.0</ele>
        <time>2026-09-30T23:29:22Z</time>
        <extensions><gpxtpx:TrackPointExtension>
          <gpxtpx:hr>169</gpxtpx:hr>
        </gpxtpx:TrackPointExtension></extensions>
      </trkpt>
      <trkpt lat="32.064031" lon="118.720404">
        <ele>8.0</ele>
        <time>2026-09-30T23:29:23Z</time>
        <extensions><gpxtpx:TrackPointExtension>
          <gpxtpx:hr>169</gpxtpx:hr>
        </gpxtpx:TrackPointExtension></extensions>
      </trkpt>
      <trkpt lat="32.064067" lon="118.720414">
        <ele>8.0</ele>
        <time>2026-09-30T23:29:24Z</time>
        <extensions><gpxtpx:TrackPointExtension>
          <gpxtpx:hr>169</gpxtpx:hr>
        </gpxtpx:TrackPointExtension></extensions>
      </trkpt>
      <trkpt lat="32.064105" lon="118.720425">
        <ele>8.0</ele>
        <time>2026-09-30T23:29:25Z</time>
        <extensions><gpxtpx:TrackPointExtension>
          <gpxtpx:hr>169</gpxtpx:hr>
        </gpxtpx:TrackPointExtension></extensions>
      </trkpt>
      <trkpt lat="32.064142" lon="118.720436">
        <ele>8.0</ele>
        <time>2026-09-30T23:29:26Z</time>
        <extensions><gpxtpx:TrackPointExtension>
          <gpxtpx:hr>169</gpxtpx:hr>
        </gpxtpx:TrackPointExtension></extensions>
      </trkpt>
      <trkpt lat="32.064178" lon="118.720448">
        <ele>8.0</ele>
        <time>2026-09-30T23:29:27Z</time>
        <extensions><gpxtpx:TrackPointExtension>
          <gpxtpx:hr>170</gpxtpx:hr>
        </gpxtpx:TrackPointExtension></extensions>
      </trkpt>
      <trkpt lat="32.064214" lon="118.720461">
        <ele>8.0</ele>
        <time>2026-09-30T23:29:28Z</time>
        <extensions><gpxtpx:TrackPointExtension>
          <gpxtpx:hr>169</gpxtpx:hr>
        </gpxtpx:TrackPointExtension></extensions>
      </trkpt>
      <trkpt lat="32.064249" lon="118.720475">
        <ele>8.0</ele>
        <time>2026-09-30T23:29:29Z</time>
        <extensions><gpxtpx:TrackPointExtension>
          <gpxtpx:hr>169</gpxtpx:hr>
        </gpxtpx:TrackPointExtension></extensions>
      </trkpt>
      <trkpt lat="32.064282" lon="118.720489">
        <ele>8.0</ele>
        <time>2026-09-30T23:29:30Z</time>
        <extensions><gpxtpx:TrackPointExtension>
          <gpxtpx:hr>169</gpxtpx:hr>
        </gpxtpx:TrackPointExtension></extensions>
      </trkpt>
      <trkpt lat="32.064315" lon="118.720503">
        <ele>8.0</ele>
        <time>2026-09-30T23:29:31Z</time>
        <extensions><gpxtpx:TrackPointExtension>
          <gpxtpx:hr>169</gpxtpx:hr>
        </gpxtpx:TrackPointExtension></extensions>
      </trkpt>
      <trkpt lat="32.064347" lon="118.720516">
        <ele>8.0</ele>
        <time>2026-09-30T23:29:32Z</time>
        <extensions><gpxtpx:TrackPointExtension>
          <gpxtpx:hr>169</gpxtpx:hr>
        </gpxtpx:TrackPointExtension></extensions>
      </trkpt>
      <trkpt lat="32.064378" lon="118.720529">
        <ele>8.0</ele>
        <time>2026-09-30T23:29:33Z</time>
        <extensions><gpxtpx:TrackPointExtension>
          <gpxtpx:hr>169</gpxtpx:hr>
        </gpxtpx:TrackPointExtension></extensions>
      </trkpt>
      <trkpt lat="32.06441" lon="118.720542">
        <ele>8.0</ele>
        <time>2026-09-30T23:29:34Z</time>
        <extensions><gpxtpx:TrackPointExtension>
          <gpxtpx:hr>169</gpxtpx:hr>
        </gpxtpx:TrackPointExtension></extensions>
      </trkpt>
      <trkpt lat="32.064441" lon="118.720556">
        <ele>8.0</ele>
        <time>2026-09-30T23:29:35Z</time>
        <extensions><gpxtpx:TrackPointExtension>
          <gpxtpx:hr>169</gpxtpx:hr>
        </gpxtpx:TrackPointExtension></extensions>
      </trkpt>
      <trkpt lat="32.064472" lon="118.720569">
        <ele>8.0</ele>
        <time>2026-09-30T23:29:36Z</time>
        <extensions><gpxtpx:TrackPointExtension>
          <gpxtpx:hr>169</gpxtpx:hr>
        </gpxtpx:TrackPointExtension></extensions>
      </trkpt>
      <trkpt lat="32.064503" lon="118.720583">
        <ele>8.0</ele>
        <time>2026-09-30T23:29:37Z</time>
        <extensions><gpxtpx:TrackPointExtension>
          <gpxtpx:hr>169</gpxtpx:hr>
        </gpxtpx:TrackPointExtension></extensions>
      </trkpt>
      <trkpt lat="32.064534" lon="118.720596">
        <ele>8.0</ele>
        <time>2026-09-30T23:29:38Z</time>
        <extensions><gpxtpx:TrackPointExtension>
          <gpxtpx:hr>169</gpxtpx:hr>
        </gpxtpx:TrackPointExtension></extensions>
      </trkpt>
      <trkpt lat="32.064564" lon="118.72061">
        <ele>8.0</ele>
        <time>2026-09-30T23:29:39Z</time>
        <extensions><gpxtpx:TrackPointExtension>
          <gpxtpx:hr>169</gpxtpx:hr>
        </gpxtpx:TrackPointExtension></extensions>
      </trkpt>
      <trkpt lat="32.064595" lon="118.720623">
        <ele>8.0</ele>
        <time>2026-09-30T23:29:40Z</time>
        <extensions><gpxtpx:TrackPointExtension>
          <gpxtpx:hr>169</gpxtpx:hr>
        </gpxtpx:TrackPointExtension></extensions>
      </trkpt>
      <trkpt lat="32.064626" lon="118.720635">
        <ele>8.0</ele>
        <time>2026-09-30T23:29:41Z</time>
        <extensions><gpxtpx:TrackPointExtension>
          <gpxtpx:hr>169</gpxtpx:hr>
        </gpxtpx:TrackPointExtension></extensions>
      </trkpt>
      <trkpt lat="32.064657" lon="118.720647">
        <ele>8.0</ele>
        <time>2026-09-30T23:29:42Z</time>
        <extensions><gpxtpx:TrackPointExtension>
          <gpxtpx:hr>169</gpxtpx:hr>
        </gpxtpx:TrackPointExtension></extensions>
      </trkpt>
      <trkpt lat="32.064688" lon="118.720658">
        <ele>8.0</ele>
        <time>2026-09-30T23:29:43Z</time>
        <extensions><gpxtpx:TrackPointExtension>
          <gpxtpx:hr>169</gpxtpx:hr>
        </gpxtpx:TrackPointExtension></extensions>
      </trkpt>
      <trkpt lat="32.06472" lon="118.72067">
        <ele>8.0</ele>
        <time>2026-09-30T23:29:44Z</time>
        <extensions><gpxtpx:TrackPointExtension>
          <gpxtpx:hr>169</gpxtpx:hr>
        </gpxtpx:TrackPointExtension></extensions>
      </trkpt>
      <trkpt lat="32.064752" lon="118.720682">
        <ele>8.0</ele>
        <time>2026-09-30T23:29:45Z</time>
        <extensions><gpxtpx:TrackPointExtension>
          <gpxtpx:hr>169</gpxtpx:hr>
        </gpxtpx:TrackPointExtension></extensions>
      </trkpt>
      <trkpt lat="32.064784" lon="118.720694">
        <ele>8.0</ele>
        <time>2026-09-30T23:29:46Z</time>
        <extensions><gpxtpx:TrackPointExtension>
          <gpxtpx:hr>169</gpxtpx:hr>
        </gpxtpx:TrackPointExtension></extensions>
      </trkpt>
      <trkpt lat="32.064817" lon="118.720707">
        <ele>8.0</ele>
        <time>2026-09-30T23:29:47Z</time>
        <extensions><gpxtpx:TrackPointExtension>
          <gpxtpx:hr>169</gpxtpx:hr>
        </gpxtpx:TrackPointExtension></extensions>
      </trkpt>
      <trkpt lat="32.064849" lon="118.720721">
        <ele>8.0</ele>
        <time>2026-09-30T23:29:48Z</time>
        <extensions><gpxtpx:TrackPointExtension>
          <gpxtpx:hr>169</gpxtpx:hr>
        </gpxtpx:TrackPointExtension></extensions>
      </trkpt>
      <trkpt lat="32.064882" lon="118.720734">
        <ele>9.0</ele>
        <time>2026-09-30T23:29:49Z</time>
        <extensions><gpxtpx:TrackPointExtension>
          <gpxtpx:hr>169</gpxtpx:hr>
        </gpxtpx:TrackPointExtension></extensions>
      </trkpt>
      <trkpt lat="32.064914" lon="118.720748">
        <ele>9.0</ele>
        <time>2026-09-30T23:29:50Z</time>
        <extensions><gpxtpx:TrackPointExtension>
          <gpxtpx:hr>169</gpxtpx:hr>
        </gpxtpx:TrackPointExtension></extensions>
      </trkpt>
      <trkpt lat="32.064946" lon="118.720763">
        <ele>9.0</ele>
        <time>2026-09-30T23:29:51Z</time>
        <extensions><gpxtpx:TrackPointExtension>
          <gpxtpx:hr>169</gpxtpx:hr>
        </gpxtpx:TrackPointExtension></extensions>
      </trkpt>
      <trkpt lat="32.064979" lon="118.720777">
        <ele>9.0</ele>
        <time>2026-09-30T23:29:52Z</time>
        <extensions><gpxtpx:TrackPointExtension>
          <gpxtpx:hr>169</gpxtpx:hr>
        </gpxtpx:TrackPointExtension></extensions>
      </trkpt>
      <trkpt lat="32.065011" lon="118.720791">
        <ele>9.0</ele>
        <time>2026-09-30T23:29:53Z</time>
        <extensions><gpxtpx:TrackPointExtension>
          <gpxtpx:hr>169</gpxtpx:hr>
        </gpxtpx:TrackPointExtension></extensions>
      </trkpt>
      <trkpt lat="32.065042" lon="118.720805">
        <ele>9.0</ele>
        <time>2026-09-30T23:29:54Z</time>
        <extensions><gpxtpx:TrackPointExtension>
          <gpxtpx:hr>169</gpxtpx:hr>
        </gpxtpx:TrackPointExtension></extensions>
      </trkpt>
      <trkpt lat="32.065074" lon="118.720818">
        <ele>9.0</ele>
        <time>2026-09-30T23:29:55Z</time>
        <extensions><gpxtpx:TrackPointExtension>
          <gpxtpx:hr>169</gpxtpx:hr>
        </gpxtpx:TrackPointExtension></extensions>
      </trkpt>
      <trkpt lat="32.065106" lon="118.720832">
        <ele>9.0</ele>
        <time>2026-09-30T23:29:56Z</time>
        <extensions><gpxtpx:TrackPointExtension>
          <gpxtpx:hr>170</gpxtpx:hr>
        </gpxtpx:TrackPointExtension></extensions>
      </trkpt>
      <trkpt lat="32.065137" lon="118.720846">
        <ele>9.0</ele>
        <time>2026-09-30T23:29:57Z</time>
        <extensions><gpxtpx:TrackPointExtension>
          <gpxtpx:hr>170</gpxtpx:hr>
        </gpxtpx:TrackPointExtension></extensions>
      </trkpt>
      <trkpt lat="32.065168" lon="118.720859">
        <ele>9.0</ele>
        <time>2026-09-30T23:29:58Z</time>
        <extensions><gpxtpx:TrackPointExtension>
          <gpxtpx:hr>170</gpxtpx:hr>
        </gpxtpx:TrackPointExtension></extensions>
      </trkpt>
      <trkpt lat="32.065199" lon="118.720873">
        <ele>9.0</ele>
        <time>2026-09-30T23:29:59Z</time>
        <extensions><gpxtpx:TrackPointExtension>
          <gpxtpx:hr>170</gpxtpx:hr>
        </gpxtpx:TrackPointExtension></extensions>
      </trkpt>
      <trkpt lat="32.065231" lon="118.720886">
        <ele>9.0</ele>
        <time>2026-09-30T23:30:00Z</time>
        <extensions><gpxtpx:TrackPointExtension>
          <gpxtpx:hr>170</gpxtpx:hr>
        </gpxtpx:TrackPointExtension></extensions>
      </trkpt>
      <trkpt lat="32.065262" lon="118.720899">
        <ele>9.0</ele>
        <time>2026-09-30T23:30:01Z</time>
        <extensions><gpxtpx:TrackPointExtension>
          <gpxtpx:hr>170</gpxtpx:hr>
        </gpxtpx:TrackPointExtension></extensions>
      </trkpt>
      <trkpt lat="32.065294" lon="118.720912">
        <ele>9.0</ele>
        <time>2026-09-30T23:30:02Z</time>
        <extensions><gpxtpx:TrackPointExtension>
          <gpxtpx:hr>170</gpxtpx:hr>
        </gpxtpx:TrackPointExtension></extensions>
      </trkpt>
      <trkpt lat="32.065326" lon="118.720926">
        <ele>9.0</ele>
        <time>2026-09-30T23:30:03Z</time>
        <extensions><gpxtpx:TrackPointExtension>
          <gpxtpx:hr>170</gpxtpx:hr>
        </gpxtpx:TrackPointExtension></extensions>
      </trkpt>
      <trkpt lat="32.065358" lon="118.720939">
        <ele>9.0</ele>
        <time>2026-09-30T23:30:04Z</time>
        <extensions><gpxtpx:TrackPointExtension>
          <gpxtpx:hr>170</gpxtpx:hr>
        </gpxtpx:TrackPointExtension></extensions>
      </trkpt>
      <trkpt lat="32.065391" lon="118.720953">
        <ele>9.0</ele>
        <time>2026-09-30T23:30:05Z</time>
        <extensions><gpxtpx:TrackPointExtension>
          <gpxtpx:hr>170</gpxtpx:hr>
        </gpxtpx:TrackPointExtension></extensions>
      </trkpt>
      <trkpt lat="32.065425" lon="118.720967">
        <ele>9.0</ele>
        <time>2026-09-30T23:30:06Z</time>
        <extensions><gpxtpx:TrackPointExtension>
          <gpxtpx:hr>171</gpxtpx:hr>
        </gpxtpx:TrackPointExtension></extensions>
      </trkpt>
      <trkpt lat="32.065459" lon="118.72098">
        <ele>9.0</ele>
        <time>2026-09-30T23:30:07Z</time>
        <extensions><gpxtpx:TrackPointExtension>
          <gpxtpx:hr>171</gpxtpx:hr>
        </gpxtpx:TrackPointExtension></extensions>
      </trkpt>
      <trkpt lat="32.065492" lon="118.720994">
        <ele>9.0</ele>
        <time>2026-09-30T23:30:08Z</time>
        <extensions><gpxtpx:TrackPointExtension>
          <gpxtpx:hr>171</gpxtpx:hr>
        </gpxtpx:TrackPointExtension></extensions>
      </trkpt>
      <trkpt lat="32.065527" lon="118.721007">
        <ele>9.0</ele>
        <time>2026-09-30T23:30:09Z</time>
        <extensions><gpxtpx:TrackPointExtension>
          <gpxtpx:hr>171</gpxtpx:hr>
        </gpxtpx:TrackPointExtension></extensions>
      </trkpt>
      <trkpt lat="32.065561" lon="118.72102">
        <ele>8.0</ele>
        <time>2026-09-30T23:30:10Z</time>
        <extensions><gpxtpx:TrackPointExtension>
          <gpxtpx:hr>171</gpxtpx:hr>
        </gpxtpx:TrackPointExtension></extensions>
      </trkpt>
      <trkpt lat="32.065596" lon="118.721033">
        <ele>8.0</ele>
        <time>2026-09-30T23:30:11Z</time>
        <extensions><gpxtpx:TrackPointExtension>
          <gpxtpx:hr>171</gpxtpx:hr>
        </gpxtpx:TrackPointExtension></extensions>
      </trkpt>
      <trkpt lat="32.06563" lon="118.721046">
        <ele>8.0</ele>
        <time>2026-09-30T23:30:12Z</time>
        <extensions><gpxtpx:TrackPointExtension>
          <gpxtpx:hr>171</gpxtpx:hr>
        </gpxtpx:TrackPointExtension></extensions>
      </trkpt>
      <trkpt lat="32.065665" lon="118.721059">
        <ele>8.0</ele>
        <time>2026-09-30T23:30:13Z</time>
        <extensions><gpxtpx:TrackPointExtension>
          <gpxtpx:hr>171</gpxtpx:hr>
        </gpxtpx:TrackPointExtension></extensions>
      </trkpt>
      <trkpt lat="32.065699" lon="118.721071">
        <ele>8.0</ele>
        <time>2026-09-30T23:30:14Z</time>
        <extensions><gpxtpx:TrackPointExtension>
          <gpxtpx:hr>171</gpxtpx:hr>
        </gpxtpx:TrackPointExtension></extensions>
      </trkpt>
      <trkpt lat="32.065732" lon="118.721083">
        <ele>8.0</ele>
        <time>2026-09-30T23:30:15Z</time>
        <extensions><gpxtpx:TrackPointExtension>
          <gpxtpx:hr>170</gpxtpx:hr>
        </gpxtpx:TrackPointExtension></extensions>
      </trkpt>
      <trkpt lat="32.065765" lon="118.721094">
        <ele>8.0</ele>
        <time>2026-09-30T23:30:16Z</time>
        <extensions><gpxtpx:TrackPointExtension>
          <gpxtpx:hr>170</gpxtpx:hr>
        </gpxtpx:TrackPointExtension></extensions>
      </trkpt>
      <trkpt lat="32.065798" lon="118.721104">
        <ele>8.0</ele>
        <time>2026-09-30T23:30:17Z</time>
        <extensions><gpxtpx:TrackPointExtension>
          <gpxtpx:hr>170</gpxtpx:hr>
        </gpxtpx:TrackPointExtension></extensions>
      </trkpt>
      <trkpt lat="32.065831" lon="118.721114">
        <ele>8.0</ele>
        <time>2026-09-30T23:30:18Z</time>
        <extensions><gpxtpx:TrackPointExtension>
          <gpxtpx:hr>170</gpxtpx:hr>
        </gpxtpx:TrackPointExtension></extensions>
      </trkpt>
      <trkpt lat="32.065865" lon="118.721123">
        <ele>8.0</ele>
        <time>2026-09-30T23:30:19Z</time>
        <extensions><gpxtpx:TrackPointExtension>
          <gpxtpx:hr>170</gpxtpx:hr>
        </gpxtpx:TrackPointExtension></extensions>
      </trkpt>
      <trkpt lat="32.065898" lon="118.721132">
        <ele>8.0</ele>
        <time>2026-09-30T23:30:20Z</time>
        <extensions><gpxtpx:TrackPointExtension>
          <gpxtpx:hr>171</gpxtpx:hr>
        </gpxtpx:TrackPointExtension></extensions>
      </trkpt>
      <trkpt lat="32.065932" lon="118.721141">
        <ele>8.0</ele>
        <time>2026-09-30T23:30:21Z</time>
        <extensions><gpxtpx:TrackPointExtension>
          <gpxtpx:hr>171</gpxtpx:hr>
        </gpxtpx:TrackPointExtension></extensions>
      </trkpt>
      <trkpt lat="32.065966" lon="118.721149">
        <ele>7.0</ele>
        <time>2026-09-30T23:30:22Z</time>
        <extensions><gpxtpx:TrackPointExtension>
          <gpxtpx:hr>171</gpxtpx:hr>
        </gpxtpx:TrackPointExtension></extensions>
      </trkpt>
      <trkpt lat="32.066" lon="118.721157">
        <ele>7.0</ele>
        <time>2026-09-30T23:30:23Z</time>
        <extensions><gpxtpx:TrackPointExtension>
          <gpxtpx:hr>171</gpxtpx:hr>
        </gpxtpx:TrackPointExtension></extensions>
      </trkpt>
      <trkpt lat="32.066034" lon="118.721166">
        <ele>7.0</ele>
        <time>2026-09-30T23:30:24Z</time>
        <extensions><gpxtpx:TrackPointExtension>
          <gpxtpx:hr>171</gpxtpx:hr>
        </gpxtpx:TrackPointExtension></extensions>
      </trkpt>
      <trkpt lat="32.066068" lon="118.721175">
        <ele>7.0</ele>
        <time>2026-09-30T23:30:25Z</time>
        <extensions><gpxtpx:TrackPointExtension>
          <gpxtpx:hr>171</gpxtpx:hr>
        </gpxtpx:TrackPointExtension></extensions>
      </trkpt>
      <trkpt lat="32.066103" lon="118.721183">
        <ele>7.0</ele>
        <time>2026-09-30T23:30:26Z</time>
        <extensions><gpxtpx:TrackPointExtension>
          <gpxtpx:hr>171</gpxtpx:hr>
        </gpxtpx:TrackPointExtension></extensions>
      </trkpt>
      <trkpt lat="32.066137" lon="118.721192">
        <ele>7.0</ele>
        <time>2026-09-30T23:30:27Z</time>
        <extensions><gpxtpx:TrackPointExtension>
          <gpxtpx:hr>171</gpxtpx:hr>
        </gpxtpx:TrackPointExtension></extensions>
      </trkpt>
      <trkpt lat="32.066172" lon="118.7212">
        <ele>7.0</ele>
        <time>2026-09-30T23:30:28Z</time>
        <extensions><gpxtpx:TrackPointExtension>
          <gpxtpx:hr>171</gpxtpx:hr>
        </gpxtpx:TrackPointExtension></extensions>
      </trkpt>
      <trkpt lat="32.066206" lon="118.721209">
        <ele>7.0</ele>
        <time>2026-09-30T23:30:29Z</time>
        <extensions><gpxtpx:TrackPointExtension>
          <gpxtpx:hr>171</gpxtpx:hr>
        </gpxtpx:TrackPointExtension></extensions>
      </trkpt>
      <trkpt lat="32.066241" lon="118.721217">
        <ele>7.0</ele>
        <time>2026-09-30T23:30:30Z</time>
        <extensions><gpxtpx:TrackPointExtension>
          <gpxtpx:hr>171</gpxtpx:hr>
        </gpxtpx:TrackPointExtension></extensions>
      </trkpt>
      <trkpt lat="32.066276" lon="118.721225">
        <ele>7.0</ele>
        <time>2026-09-30T23:30:31Z</time>
        <extensions><gpxtpx:TrackPointExtension>
          <gpxtpx:hr>171</gpxtpx:hr>
        </gpxtpx:TrackPointExtension></extensions>
      </trkpt>
      <trkpt lat="32.066311" lon="118.721233">
        <ele>7.0</ele>
        <time>2026-09-30T23:30:32Z</time>
        <extensions><gpxtpx:TrackPointExtension>
          <gpxtpx:hr>171</gpxtpx:hr>
        </gpxtpx:TrackPointExtension></extensions>
      </trkpt>
      <trkpt lat="32.066348" lon="118.721242">
        <ele>7.0</ele>
        <time>2026-09-30T23:30:33Z</time>
        <extensions><gpxtpx:TrackPointExtension>
          <gpxtpx:hr>171</gpxtpx:hr>
        </gpxtpx:TrackPointExtension></extensions>
      </trkpt>
      <trkpt lat="32.066384" lon="118.72125">
        <ele>7.0</ele>
        <time>2026-09-30T23:30:34Z</time>
        <extensions><gpxtpx:TrackPointExtension>
          <gpxtpx:hr>171</gpxtpx:hr>
        </gpxtpx:TrackPointExtension></extensions>
      </trkpt>
      <trkpt lat="32.06642" lon="118.721259">
        <ele>7.0</ele>
        <time>2026-09-30T23:30:35Z</time>
        <extensions><gpxtpx:TrackPointExtension>
          <gpxtpx:hr>171</gpxtpx:hr>
        </gpxtpx:TrackPointExtension></extensions>
      </trkpt>
      <trkpt lat="32.066456" lon="118.721267">
        <ele>7.0</ele>
        <time>2026-09-30T23:30:36Z</time>
        <extensions><gpxtpx:TrackPointExtension>
          <gpxtpx:hr>171</gpxtpx:hr>
        </gpxtpx:TrackPointExtension></extensions>
      </trkpt>
      <trkpt lat="32.066491" lon="118.721276">
        <ele>7.0</ele>
        <time>2026-09-30T23:30:37Z</time>
        <extensions><gpxtpx:TrackPointExtension>
          <gpxtpx:hr>171</gpxtpx:hr>
        </gpxtpx:TrackPointExtension></extensions>
      </trkpt>
      <trkpt lat="32.066525" lon="118.721284">
        <ele>7.0</ele>
        <time>2026-09-30T23:30:38Z</time>
        <extensions><gpxtpx:TrackPointExtension>
          <gpxtpx:hr>171</gpxtpx:hr>
        </gpxtpx:TrackPointExtension></extensions>
      </trkpt>
      <trkpt lat="32.066559" lon="118.721293">
        <ele>7.0</ele>
        <time>2026-09-30T23:30:39Z</time>
        <extensions><gpxtpx:TrackPointExtension>
          <gpxtpx:hr>171</gpxtpx:hr>
        </gpxtpx:TrackPointExtension></extensions>
      </trkpt>
      <trkpt lat="32.066593" lon="118.721301">
        <ele>7.0</ele>
        <time>2026-09-30T23:30:40Z</time>
        <extensions><gpxtpx:TrackPointExtension>
          <gpxtpx:hr>170</gpxtpx:hr>
        </gpxtpx:TrackPointExtension></extensions>
      </trkpt>
      <trkpt lat="32.066626" lon="118.721309">
        <ele>7.0</ele>
        <time>2026-09-30T23:30:41Z</time>
        <extensions><gpxtpx:TrackPointExtension>
          <gpxtpx:hr>170</gpxtpx:hr>
        </gpxtpx:TrackPointExtension></extensions>
      </trkpt>
      <trkpt lat="32.066659" lon="118.721318">
        <ele>7.0</ele>
        <time>2026-09-30T23:30:42Z</time>
        <extensions><gpxtpx:TrackPointExtension>
          <gpxtpx:hr>170</gpxtpx:hr>
        </gpxtpx:TrackPointExtension></extensions>
      </trkpt>
      <trkpt lat="32.066692" lon="118.721327">
        <ele>7.0</ele>
        <time>2026-09-30T23:30:43Z</time>
        <extensions><gpxtpx:TrackPointExtension>
          <gpxtpx:hr>170</gpxtpx:hr>
        </gpxtpx:TrackPointExtension></extensions>
      </trkpt>
      <trkpt lat="32.066724" lon="118.721336">
        <ele>7.0</ele>
        <time>2026-09-30T23:30:44Z</time>
        <extensions><gpxtpx:TrackPointExtension>
          <gpxtpx:hr>170</gpxtpx:hr>
        </gpxtpx:TrackPointExtension></extensions>
      </trkpt>
      <trkpt lat="32.066757" lon="118.721344">
        <ele>7.0</ele>
        <time>2026-09-30T23:30:45Z</time>
        <extensions><gpxtpx:TrackPointExtension>
          <gpxtpx:hr>170</gpxtpx:hr>
        </gpxtpx:TrackPointExtension></extensions>
      </trkpt>
      <trkpt lat="32.06679" lon="118.721353">
        <ele>7.0</ele>
        <time>2026-09-30T23:30:46Z</time>
        <extensions><gpxtpx:TrackPointExtension>
          <gpxtpx:hr>170</gpxtpx:hr>
        </gpxtpx:TrackPointExtension></extensions>
      </trkpt>
      <trkpt lat="32.066824" lon="118.721361">
        <ele>7.0</ele>
        <time>2026-09-30T23:30:47Z</time>
        <extensions><gpxtpx:TrackPointExtension>
          <gpxtpx:hr>170</gpxtpx:hr>
        </gpxtpx:TrackPointExtension></extensions>
      </trkpt>
      <trkpt lat="32.066858" lon="118.721369">
        <ele>7.0</ele>
        <time>2026-09-30T23:30:48Z</time>
        <extensions><gpxtpx:TrackPointExtension>
          <gpxtpx:hr>170</gpxtpx:hr>
        </gpxtpx:TrackPointExtension></extensions>
      </trkpt>
      <trkpt lat="32.066893" lon="118.721376">
        <ele>7.0</ele>
        <time>2026-09-30T23:30:49Z</time>
        <extensions><gpxtpx:TrackPointExtension>
          <gpxtpx:hr>170</gpxtpx:hr>
        </gpxtpx:TrackPointExtension></extensions>
      </trkpt>
      <trkpt lat="32.066928" lon="118.721384">
        <ele>7.0</ele>
        <time>2026-09-30T23:30:50Z</time>
        <extensions><gpxtpx:TrackPointExtension>
          <gpxtpx:hr>170</gpxtpx:hr>
        </gpxtpx:TrackPointExtension></extensions>
      </trkpt>
      <trkpt lat="32.066962" lon="118.721392">
        <ele>7.0</ele>
        <time>2026-09-30T23:30:51Z</time>
        <extensions><gpxtpx:TrackPointExtension>
          <gpxtpx:hr>170</gpxtpx:hr>
        </gpxtpx:TrackPointExtension></extensions>
      </trkpt>
      <trkpt lat="32.066996" lon="118.721401">
        <ele>7.0</ele>
        <time>2026-09-30T23:30:52Z</time>
        <extensions><gpxtpx:TrackPointExtension>
          <gpxtpx:hr>170</gpxtpx:hr>
        </gpxtpx:TrackPointExtension></extensions>
      </trkpt>
      <trkpt lat="32.06703" lon="118.721411">
        <ele>7.0</ele>
        <time>2026-09-30T23:30:53Z</time>
        <extensions><gpxtpx:TrackPointExtension>
          <gpxtpx:hr>170</gpxtpx:hr>
        </gpxtpx:TrackPointExtension></extensions>
      </trkpt>
      <trkpt lat="32.067063" lon="118.721421">
        <ele>7.0</ele>
        <time>2026-09-30T23:30:54Z</time>
        <extensions><gpxtpx:TrackPointExtension>
          <gpxtpx:hr>170</gpxtpx:hr>
        </gpxtpx:TrackPointExtension></extensions>
      </trkpt>
      <trkpt lat="32.067097" lon="118.721431">
        <ele>7.0</ele>
        <time>2026-09-30T23:30:55Z</time>
        <extensions><gpxtpx:TrackPointExtension>
          <gpxtpx:hr>170</gpxtpx:hr>
        </gpxtpx:TrackPointExtension></extensions>
      </trkpt>
      <trkpt lat="32.06713" lon="118.721442">
        <ele>7.0</ele>
        <time>2026-09-30T23:30:56Z</time>
        <extensions><gpxtpx:TrackPointExtension>
          <gpxtpx:hr>170</gpxtpx:hr>
        </gpxtpx:TrackPointExtension></extensions>
      </trkpt>
      <trkpt lat="32.067164" lon="118.721451">
        <ele>7.0</ele>
        <time>2026-09-30T23:30:57Z</time>
        <extensions><gpxtpx:TrackPointExtension>
          <gpxtpx:hr>170</gpxtpx:hr>
        </gpxtpx:TrackPointExtension></extensions>
      </trkpt>
      <trkpt lat="32.067198" lon="118.721461">
        <ele>7.0</ele>
        <time>2026-09-30T23:30:58Z</time>
        <extensions><gpxtpx:TrackPointExtension>
          <gpxtpx:hr>170</gpxtpx:hr>
        </gpxtpx:TrackPointExtension></extensions>
      </trkpt>
      <trkpt lat="32.067232" lon="118.721469">
        <ele>7.0</ele>
        <time>2026-09-30T23:30:59Z</time>
        <extensions><gpxtpx:TrackPointExtension>
          <gpxtpx:hr>170</gpxtpx:hr>
        </gpxtpx:TrackPointExtension></extensions>
      </trkpt>
      <trkpt lat="32.067266" lon="118.721475">
        <ele>7.0</ele>
        <time>2026-09-30T23:31:00Z</time>
        <extensions><gpxtpx:TrackPointExtension>
          <gpxtpx:hr>170</gpxtpx:hr>
        </gpxtpx:TrackPointExtension></extensions>
      </trkpt>
      <trkpt lat="32.067301" lon="118.721478">
        <ele>7.0</ele>
        <time>2026-09-30T23:31:01Z</time>
        <extensions><gpxtpx:TrackPointExtension>
          <gpxtpx:hr>170</gpxtpx:hr>
        </gpxtpx:TrackPointExtension></extensions>
      </trkpt>
      <trkpt lat="32.067335" lon="118.72148">
        <ele>7.0</ele>
        <time>2026-09-30T23:31:02Z</time>
        <extensions><gpxtpx:TrackPointExtension>
          <gpxtpx:hr>170</gpxtpx:hr>
        </gpxtpx:TrackPointExtension></extensions>
      </trkpt>
      <trkpt lat="32.06737" lon="118.72148">
        <ele>7.0</ele>
        <time>2026-09-30T23:31:03Z</time>
        <extensions><gpxtpx:TrackPointExtension>
          <gpxtpx:hr>170</gpxtpx:hr>
        </gpxtpx:TrackPointExtension></extensions>
      </trkpt>
      <trkpt lat="32.067405" lon="118.721477">
        <ele>7.0</ele>
        <time>2026-09-30T23:31:04Z</time>
        <extensions><gpxtpx:TrackPointExtension>
          <gpxtpx:hr>170</gpxtpx:hr>
        </gpxtpx:TrackPointExtension></extensions>
      </trkpt>
      <trkpt lat="32.067439" lon="118.721473">
        <ele>7.0</ele>
        <time>2026-09-30T23:31:05Z</time>
        <extensions><gpxtpx:TrackPointExtension>
          <gpxtpx:hr>170</gpxtpx:hr>
        </gpxtpx:TrackPointExtension></extensions>
      </trkpt>
      <trkpt lat="32.067474" lon="118.721468">
        <ele>7.0</ele>
        <time>2026-09-30T23:31:06Z</time>
        <extensions><gpxtpx:TrackPointExtension>
          <gpxtpx:hr>170</gpxtpx:hr>
        </gpxtpx:TrackPointExtension></extensions>
      </trkpt>
      <trkpt lat="32.067509" lon="118.721462">
        <ele>7.0</ele>
        <time>2026-09-30T23:31:07Z</time>
        <extensions><gpxtpx:TrackPointExtension>
          <gpxtpx:hr>170</gpxtpx:hr>
        </gpxtpx:TrackPointExtension></extensions>
      </trkpt>
      <trkpt lat="32.067544" lon="118.721454">
        <ele>7.0</ele>
        <time>2026-09-30T23:31:08Z</time>
        <extensions><gpxtpx:TrackPointExtension>
          <gpxtpx:hr>170</gpxtpx:hr>
        </gpxtpx:TrackPointExtension></extensions>
      </trkpt>
      <trkpt lat="32.067579" lon="118.721445">
        <ele>7.0</ele>
        <time>2026-09-30T23:31:09Z</time>
        <extensions><gpxtpx:TrackPointExtension>
          <gpxtpx:hr>170</gpxtpx:hr>
        </gpxtpx:TrackPointExtension></extensions>
      </trkpt>
      <trkpt lat="32.067614" lon="118.721434">
        <ele>7.0</ele>
        <time>2026-09-30T23:31:10Z</time>
        <extensions><gpxtpx:TrackPointExtension>
          <gpxtpx:hr>170</gpxtpx:hr>
        </gpxtpx:TrackPointExtension></extensions>
      </trkpt>
      <trkpt lat="32.067649" lon="118.721421">
        <ele>7.0</ele>
        <time>2026-09-30T23:31:11Z</time>
        <extensions><gpxtpx:TrackPointExtension>
          <gpxtpx:hr>170</gpxtpx:hr>
        </gpxtpx:TrackPointExtension></extensions>
      </trkpt>
      <trkpt lat="32.067682" lon="118.721405">
        <ele>7.0</ele>
        <time>2026-09-30T23:31:12Z</time>
        <extensions><gpxtpx:TrackPointExtension>
          <gpxtpx:hr>170</gpxtpx:hr>
        </gpxtpx:TrackPointExtension></extensions>
      </trkpt>
      <trkpt lat="32.067713" lon="118.721386">
        <ele>7.0</ele>
        <time>2026-09-30T23:31:13Z</time>
        <extensions><gpxtpx:TrackPointExtension>
          <gpxtpx:hr>170</gpxtpx:hr>
        </gpxtpx:TrackPointExtension></extensions>
      </trkpt>
      <trkpt lat="32.067743" lon="118.721365">
        <ele>7.0</ele>
        <time>2026-09-30T23:31:14Z</time>
        <extensions><gpxtpx:TrackPointExtension>
          <gpxtpx:hr>170</gpxtpx:hr>
        </gpxtpx:TrackPointExtension></extensions>
      </trkpt>
      <trkpt lat="32.067772" lon="118.721341">
        <ele>7.0</ele>
        <time>2026-09-30T23:31:15Z</time>
        <extensions><gpxtpx:TrackPointExtension>
          <gpxtpx:hr>170</gpxtpx:hr>
        </gpxtpx:TrackPointExtension></extensions>
      </trkpt>
      <trkpt lat="32.067799" lon="118.721315">
        <ele>7.0</ele>
        <time>2026-09-30T23:31:16Z</time>
        <extensions><gpxtpx:TrackPointExtension>
          <gpxtpx:hr>170</gpxtpx:hr>
        </gpxtpx:TrackPointExtension></extensions>
      </trkpt>
      <trkpt lat="32.067825" lon="118.721287">
        <ele>7.0</ele>
        <time>2026-09-30T23:31:17Z</time>
        <extensions><gpxtpx:TrackPointExtension>
          <gpxtpx:hr>170</gpxtpx:hr>
        </gpxtpx:TrackPointExtension></extensions>
      </trkpt>
      <trkpt lat="32.067849" lon="118.721257">
        <ele>7.0</ele>
        <time>2026-09-30T23:31:18Z</time>
        <extensions><gpxtpx:TrackPointExtension>
          <gpxtpx:hr>170</gpxtpx:hr>
        </gpxtpx:TrackPointExtension></extensions>
      </trkpt>
      <trkpt lat="32.067872" lon="118.721224">
        <ele>7.0</ele>
        <time>2026-09-30T23:31:19Z</time>
        <extensions><gpxtpx:TrackPointExtension>
          <gpxtpx:hr>169</gpxtpx:hr>
        </gpxtpx:TrackPointExtension></extensions>
      </trkpt>
      <trkpt lat="32.067893" lon="118.721189">
        <ele>7.0</ele>
        <time>2026-09-30T23:31:20Z</time>
        <extensions><gpxtpx:TrackPointExtension>
          <gpxtpx:hr>169</gpxtpx:hr>
        </gpxtpx:TrackPointExtension></extensions>
      </trkpt>
      <trkpt lat="32.067912" lon="118.721153">
        <ele>7.0</ele>
        <time>2026-09-30T23:31:21Z</time>
        <extensions><gpxtpx:TrackPointExtension>
          <gpxtpx:hr>169</gpxtpx:hr>
        </gpxtpx:TrackPointExtension></extensions>
      </trkpt>
      <trkpt lat="32.067929" lon="118.721116">
        <ele>7.0</ele>
        <time>2026-09-30T23:31:22Z</time>
        <extensions><gpxtpx:TrackPointExtension>
          <gpxtpx:hr>170</gpxtpx:hr>
        </gpxtpx:TrackPointExtension></extensions>
      </trkpt>
      <trkpt lat="32.067945" lon="118.721079">
        <ele>7.0</ele>
        <time>2026-09-30T23:31:23Z</time>
        <extensions><gpxtpx:TrackPointExtension>
          <gpxtpx:hr>170</gpxtpx:hr>
        </gpxtpx:TrackPointExtension></extensions>
      </trkpt>
      <trkpt lat="32.06796" lon="118.72104">
        <ele>7.0</ele>
        <time>2026-09-30T23:31:24Z</time>
        <extensions><gpxtpx:TrackPointExtension>
          <gpxtpx:hr>170</gpxtpx:hr>
        </gpxtpx:TrackPointExtension></extensions>
      </trkpt>
      <trkpt lat="32.067975" lon="118.721001">
        <ele>7.0</ele>
        <time>2026-09-30T23:31:25Z</time>
        <extensions><gpxtpx:TrackPointExtension>
          <gpxtpx:hr>170</gpxtpx:hr>
        </gpxtpx:TrackPointExtension></extensions>
      </trkpt>
      <trkpt lat="32.06799" lon="118.720961">
        <ele>7.0</ele>
        <time>2026-09-30T23:31:26Z</time>
        <extensions><gpxtpx:TrackPointExtension>
          <gpxtpx:hr>169</gpxtpx:hr>
        </gpxtpx:TrackPointExtension></extensions>
      </trkpt>
      <trkpt lat="32.068005" lon="118.720921">
        <ele>7.0</ele>
        <time>2026-09-30T23:31:27Z</time>
        <extensions><gpxtpx:TrackPointExtension>
          <gpxtpx:hr>169</gpxtpx:hr>
        </gpxtpx:TrackPointExtension></extensions>
      </trkpt>
      <trkpt lat="32.06802" lon="118.720881">
        <ele>7.0</ele>
        <time>2026-09-30T23:31:28Z</time>
        <extensions><gpxtpx:TrackPointExtension>
          <gpxtpx:hr>169</gpxtpx:hr>
        </gpxtpx:TrackPointExtension></extensions>
      </trkpt>
      <trkpt lat="32.068034" lon="118.720841">
        <ele>7.0</ele>
        <time>2026-09-30T23:31:29Z</time>
        <extensions><gpxtpx:TrackPointExtension>
          <gpxtpx:hr>169</gpxtpx:hr>
        </gpxtpx:TrackPointExtension></extensions>
      </trkpt>
      <trkpt lat="32.068048" lon="118.720802">
        <ele>7.0</ele>
        <time>2026-09-30T23:31:30Z</time>
        <extensions><gpxtpx:TrackPointExtension>
          <gpxtpx:hr>169</gpxtpx:hr>
        </gpxtpx:TrackPointExtension></extensions>
      </trkpt>
      <trkpt lat="32.068062" lon="118.720764">
        <ele>7.0</ele>
        <time>2026-09-30T23:31:31Z</time>
        <extensions><gpxtpx:TrackPointExtension>
          <gpxtpx:hr>169</gpxtpx:hr>
        </gpxtpx:TrackPointExtension></extensions>
      </trkpt>
      <trkpt lat="32.068077" lon="118.720727">
        <ele>7.0</ele>
        <time>2026-09-30T23:31:32Z</time>
        <extensions><gpxtpx:TrackPointExtension>
          <gpxtpx:hr>169</gpxtpx:hr>
        </gpxtpx:TrackPointExtension></extensions>
      </trkpt>
      <trkpt lat="32.068092" lon="118.720691">
        <ele>7.0</ele>
        <time>2026-09-30T23:31:33Z</time>
        <extensions><gpxtpx:TrackPointExtension>
          <gpxtpx:hr>169</gpxtpx:hr>
        </gpxtpx:TrackPointExtension></extensions>
      </trkpt>
      <trkpt lat="32.068108" lon="118.720656">
        <ele>6.0</ele>
        <time>2026-09-30T23:31:34Z</time>
        <extensions><gpxtpx:TrackPointExtension>
          <gpxtpx:hr>169</gpxtpx:hr>
        </gpxtpx:TrackPointExtension></extensions>
      </trkpt>
      <trkpt lat="32.068124" lon="118.72062">
        <ele>6.0</ele>
        <time>2026-09-30T23:31:35Z</time>
        <extensions><gpxtpx:TrackPointExtension>
          <gpxtpx:hr>169</gpxtpx:hr>
        </gpxtpx:TrackPointExtension></extensions>
      </trkpt>
      <trkpt lat="32.068139" lon="118.720585">
        <ele>6.0</ele>
        <time>2026-09-30T23:31:36Z</time>
        <extensions><gpxtpx:TrackPointExtension>
          <gpxtpx:hr>169</gpxtpx:hr>
        </gpxtpx:TrackPointExtension></extensions>
      </trkpt>
      <trkpt lat="32.068154" lon="118.72055">
        <ele>6.0</ele>
        <time>2026-09-30T23:31:37Z</time>
        <extensions><gpxtpx:TrackPointExtension>
          <gpxtpx:hr>168</gpxtpx:hr>
        </gpxtpx:TrackPointExtension></extensions>
      </trkpt>
      <trkpt lat="32.068169" lon="118.720514">
        <ele>6.0</ele>
        <time>2026-09-30T23:31:38Z</time>
        <extensions><gpxtpx:TrackPointExtension>
          <gpxtpx:hr>168</gpxtpx:hr>
        </gpxtpx:TrackPointExtension></extensions>
      </trkpt>
      <trkpt lat="32.068184" lon="118.720477">
        <ele>6.0</ele>
        <time>2026-09-30T23:31:39Z</time>
        <extensions><gpxtpx:TrackPointExtension>
          <gpxtpx:hr>168</gpxtpx:hr>
        </gpxtpx:TrackPointExtension></extensions>
      </trkpt>
      <trkpt lat="32.068199" lon="118.72044">
        <ele>6.0</ele>
        <time>2026-09-30T23:31:40Z</time>
        <extensions><gpxtpx:TrackPointExtension>
          <gpxtpx:hr>168</gpxtpx:hr>
        </gpxtpx:TrackPointExtension></extensions>
      </trkpt>
      <trkpt lat="32.068214" lon="118.720402">
        <ele>6.0</ele>
        <time>2026-09-30T23:31:41Z</time>
        <extensions><gpxtpx:TrackPointExtension>
          <gpxtpx:hr>169</gpxtpx:hr>
        </gpxtpx:TrackPointExtension></extensions>
      </trkpt>
      <trkpt lat="32.06823" lon="118.720364">
        <ele>6.0</ele>
        <time>2026-09-30T23:31:42Z</time>
        <extensions><gpxtpx:TrackPointExtension>
          <gpxtpx:hr>169</gpxtpx:hr>
        </gpxtpx:TrackPointExtension></extensions>
      </trkpt>
      <trkpt lat="32.068245" lon="118.720326">
        <ele>6.0</ele>
        <time>2026-09-30T23:31:43Z</time>
        <extensions><gpxtpx:TrackPointExtension>
          <gpxtpx:hr>170</gpxtpx:hr>
        </gpxtpx:TrackPointExtension></extensions>
      </trkpt>
      <trkpt lat="32.068261" lon="118.720286">
        <ele>6.0</ele>
        <time>2026-09-30T23:31:44Z</time>
        <extensions><gpxtpx:TrackPointExtension>
          <gpxtpx:hr>170</gpxtpx:hr>
        </gpxtpx:TrackPointExtension></extensions>
      </trkpt>
      <trkpt lat="32.068276" lon="118.720247">
        <ele>6.0</ele>
        <time>2026-09-30T23:31:45Z</time>
        <extensions><gpxtpx:TrackPointExtension>
          <gpxtpx:hr>170</gpxtpx:hr>
        </gpxtpx:TrackPointExtension></extensions>
      </trkpt>
      <trkpt lat="32.068291" lon="118.720208">
        <ele>6.0</ele>
        <time>2026-09-30T23:31:46Z</time>
        <extensions><gpxtpx:TrackPointExtension>
          <gpxtpx:hr>170</gpxtpx:hr>
        </gpxtpx:TrackPointExtension></extensions>
      </trkpt>
      <trkpt lat="32.068307" lon="118.72017">
        <ele>6.0</ele>
        <time>2026-09-30T23:31:47Z</time>
        <extensions><gpxtpx:TrackPointExtension>
          <gpxtpx:hr>170</gpxtpx:hr>
        </gpxtpx:TrackPointExtension></extensions>
      </trkpt>
      <trkpt lat="32.068323" lon="118.720133">
        <ele>6.0</ele>
        <time>2026-09-30T23:31:48Z</time>
        <extensions><gpxtpx:TrackPointExtension>
          <gpxtpx:hr>170</gpxtpx:hr>
        </gpxtpx:TrackPointExtension></extensions>
      </trkpt>
      <trkpt lat="32.06834" lon="118.720096">
        <ele>6.0</ele>
        <time>2026-09-30T23:31:49Z</time>
        <extensions><gpxtpx:TrackPointExtension>
          <gpxtpx:hr>170</gpxtpx:hr>
        </gpxtpx:TrackPointExtension></extensions>
      </trkpt>
      <trkpt lat="32.068358" lon="118.72006">
        <ele>6.0</ele>
        <time>2026-09-30T23:31:50Z</time>
        <extensions><gpxtpx:TrackPointExtension>
          <gpxtpx:hr>171</gpxtpx:hr>
        </gpxtpx:TrackPointExtension></extensions>
      </trkpt>
      <trkpt lat="32.068377" lon="118.720023">
        <ele>6.0</ele>
        <time>2026-09-30T23:31:51Z</time>
        <extensions><gpxtpx:TrackPointExtension>
          <gpxtpx:hr>171</gpxtpx:hr>
        </gpxtpx:TrackPointExtension></extensions>
      </trkpt>
      <trkpt lat="32.068395" lon="118.719987">
        <ele>6.0</ele>
        <time>2026-09-30T23:31:52Z</time>
        <extensions><gpxtpx:TrackPointExtension>
          <gpxtpx:hr>171</gpxtpx:hr>
        </gpxtpx:TrackPointExtension></extensions>
      </trkpt>
      <trkpt lat="32.068412" lon="118.719949">
        <ele>6.0</ele>
        <time>2026-09-30T23:31:53Z</time>
        <extensions><gpxtpx:TrackPointExtension>
          <gpxtpx:hr>171</gpxtpx:hr>
        </gpxtpx:TrackPointExtension></extensions>
      </trkpt>
      <trkpt lat="32.068429" lon="118.719911">
        <ele>6.0</ele>
        <time>2026-09-30T23:31:54Z</time>
        <extensions><gpxtpx:TrackPointExtension>
          <gpxtpx:hr>171</gpxtpx:hr>
        </gpxtpx:TrackPointExtension></extensions>
      </trkpt>
      <trkpt lat="32.068445" lon="118.719872">
        <ele>6.0</ele>
        <time>2026-09-30T23:31:55Z</time>
        <extensions><gpxtpx:TrackPointExtension>
          <gpxtpx:hr>171</gpxtpx:hr>
        </gpxtpx:TrackPointExtension></extensions>
      </trkpt>
      <trkpt lat="32.068461" lon="118.719833">
        <ele>6.0</ele>
        <time>2026-09-30T23:31:56Z</time>
        <extensions><gpxtpx:TrackPointExtension>
          <gpxtpx:hr>172</gpxtpx:hr>
        </gpxtpx:TrackPointExtension></extensions>
      </trkpt>
      <trkpt lat="32.068477" lon="118.719794">
        <ele>6.0</ele>
        <time>2026-09-30T23:31:57Z</time>
        <extensions><gpxtpx:TrackPointExtension>
          <gpxtpx:hr>172</gpxtpx:hr>
        </gpxtpx:TrackPointExtension></extensions>
      </trkpt>
      <trkpt lat="32.068493" lon="118.719756">
        <ele>6.0</ele>
        <time>2026-09-30T23:31:58Z</time>
        <extensions><gpxtpx:TrackPointExtension>
          <gpxtpx:hr>172</gpxtpx:hr>
        </gpxtpx:TrackPointExtension></extensions>
      </trkpt>
      <trkpt lat="32.068509" lon="118.719719">
        <ele>6.0</ele>
        <time>2026-09-30T23:31:59Z</time>
        <extensions><gpxtpx:TrackPointExtension>
          <gpxtpx:hr>173</gpxtpx:hr>
        </gpxtpx:TrackPointExtension></extensions>
      </trkpt>
      <trkpt lat="32.068525" lon="118.719682">
        <ele>6.0</ele>
        <time>2026-09-30T23:32:00Z</time>
        <extensions><gpxtpx:TrackPointExtension>
          <gpxtpx:hr>173</gpxtpx:hr>
        </gpxtpx:TrackPointExtension></extensions>
      </trkpt>
      <trkpt lat="32.068542" lon="118.719646">
        <ele>6.0</ele>
        <time>2026-09-30T23:32:01Z</time>
        <extensions><gpxtpx:TrackPointExtension>
          <gpxtpx:hr>174</gpxtpx:hr>
        </gpxtpx:TrackPointExtension></extensions>
      </trkpt>
      <trkpt lat="32.068559" lon="118.719611">
        <ele>6.0</ele>
        <time>2026-09-30T23:32:02Z</time>
        <extensions><gpxtpx:TrackPointExtension>
          <gpxtpx:hr>174</gpxtpx:hr>
        </gpxtpx:TrackPointExtension></extensions>
      </trkpt>
      <trkpt lat="32.068576" lon="118.719576">
        <ele>6.0</ele>
        <time>2026-09-30T23:32:03Z</time>
        <extensions><gpxtpx:TrackPointExtension>
          <gpxtpx:hr>174</gpxtpx:hr>
        </gpxtpx:TrackPointExtension></extensions>
      </trkpt>
      <trkpt lat="32.068591" lon="118.719543">
        <ele>6.0</ele>
        <time>2026-09-30T23:32:04Z</time>
        <extensions><gpxtpx:TrackPointExtension>
          <gpxtpx:hr>174</gpxtpx:hr>
        </gpxtpx:TrackPointExtension></extensions>
      </trkpt>
      <trkpt lat="32.068602" lon="118.719512">
        <ele>6.0</ele>
        <time>2026-09-30T23:32:05Z</time>
        <extensions><gpxtpx:TrackPointExtension>
          <gpxtpx:hr>174</gpxtpx:hr>
        </gpxtpx:TrackPointExtension></extensions>
      </trkpt>
      <trkpt lat="32.068607" lon="118.719489">
        <ele>6.0</ele>
        <time>2026-09-30T23:32:06Z</time>
        <extensions><gpxtpx:TrackPointExtension>
          <gpxtpx:hr>174</gpxtpx:hr>
        </gpxtpx:TrackPointExtension></extensions>
      </trkpt>
      <trkpt lat="32.068604" lon="118.719479">
        <ele>6.0</ele>
        <time>2026-09-30T23:32:07Z</time>
        <extensions><gpxtpx:TrackPointExtension>
          <gpxtpx:hr>174</gpxtpx:hr>
        </gpxtpx:TrackPointExtension></extensions>
      </trkpt>
      <trkpt lat="32.068596" lon="118.719485">
        <ele>6.0</ele>
        <time>2026-09-30T23:32:08Z</time>
        <extensions><gpxtpx:TrackPointExtension>
          <gpxtpx:hr>174</gpxtpx:hr>
        </gpxtpx:TrackPointExtension></extensions>
      </trkpt>
      <trkpt lat="32.068583" lon="118.719506">
        <ele>6.0</ele>
        <time>2026-09-30T23:32:09Z</time>
        <extensions><gpxtpx:TrackPointExtension>
          <gpxtpx:hr>174</gpxtpx:hr>
        </gpxtpx:TrackPointExtension></extensions>
      </trkpt>
      <trkpt lat="32.068566" lon="118.719537">
        <ele>6.0</ele>
        <time>2026-09-30T23:32:10Z</time>
        <extensions><gpxtpx:TrackPointExtension>
          <gpxtpx:hr>174</gpxtpx:hr>
        </gpxtpx:TrackPointExtension></extensions>
      </trkpt>
      <trkpt lat="32.068549" lon="118.719575">
        <ele>6.0</ele>
        <time>2026-09-30T23:32:11Z</time>
        <extensions><gpxtpx:TrackPointExtension>
          <gpxtpx:hr>174</gpxtpx:hr>
        </gpxtpx:TrackPointExtension></extensions>
      </trkpt>
      <trkpt lat="32.068531" lon="118.719618">
        <ele>6.0</ele>
        <time>2026-09-30T23:32:12Z</time>
        <extensions><gpxtpx:TrackPointExtension>
          <gpxtpx:hr>174</gpxtpx:hr>
        </gpxtpx:TrackPointExtension></extensions>
      </trkpt>
      <trkpt lat="32.068513" lon="118.719663">
        <ele>6.0</ele>
        <time>2026-09-30T23:32:13Z</time>
        <extensions><gpxtpx:TrackPointExtension>
          <gpxtpx:hr>174</gpxtpx:hr>
        </gpxtpx:TrackPointExtension></extensions>
      </trkpt>
      <trkpt lat="32.068496" lon="118.719707">
        <ele>5.0</ele>
        <time>2026-09-30T23:32:14Z</time>
        <extensions><gpxtpx:TrackPointExtension>
          <gpxtpx:hr>174</gpxtpx:hr>
        </gpxtpx:TrackPointExtension></extensions>
      </trkpt>
      <trkpt lat="32.068479" lon="118.719751">
        <ele>5.0</ele>
        <time>2026-09-30T23:32:15Z</time>
        <extensions><gpxtpx:TrackPointExtension>
          <gpxtpx:hr>174</gpxtpx:hr>
        </gpxtpx:TrackPointExtension></extensions>
      </trkpt>
      <trkpt lat="32.068462" lon="118.719794">
        <ele>5.0</ele>
        <time>2026-09-30T23:32:16Z</time>
        <extensions><gpxtpx:TrackPointExtension>
          <gpxtpx:hr>174</gpxtpx:hr>
        </gpxtpx:TrackPointExtension></extensions>
      </trkpt>
      <trkpt lat="32.068446" lon="118.719836">
        <ele>5.0</ele>
        <time>2026-09-30T23:32:17Z</time>
        <extensions><gpxtpx:TrackPointExtension>
          <gpxtpx:hr>174</gpxtpx:hr>
        </gpxtpx:TrackPointExtension></extensions>
      </trkpt>
      <trkpt lat="32.068429" lon="118.719876">
        <ele>5.0</ele>
        <time>2026-09-30T23:32:18Z</time>
        <extensions><gpxtpx:TrackPointExtension>
          <gpxtpx:hr>174</gpxtpx:hr>
        </gpxtpx:TrackPointExtension></extensions>
      </trkpt>
      <trkpt lat="32.068413" lon="118.719916">
        <ele>5.0</ele>
        <time>2026-09-30T23:32:19Z</time>
        <extensions><gpxtpx:TrackPointExtension>
          <gpxtpx:hr>174</gpxtpx:hr>
        </gpxtpx:TrackPointExtension></extensions>
      </trkpt>
      <trkpt lat="32.068396" lon="118.719954">
        <ele>5.0</ele>
        <time>2026-09-30T23:32:20Z</time>
        <extensions><gpxtpx:TrackPointExtension>
          <gpxtpx:hr>173</gpxtpx:hr>
        </gpxtpx:TrackPointExtension></extensions>
      </trkpt>
      <trkpt lat="32.068379" lon="118.719991">
        <ele>5.0</ele>
        <time>2026-09-30T23:32:21Z</time>
        <extensions><gpxtpx:TrackPointExtension>
          <gpxtpx:hr>173</gpxtpx:hr>
        </gpxtpx:TrackPointExtension></extensions>
      </trkpt>
      <trkpt lat="32.068362" lon="118.720028">
        <ele>5.0</ele>
        <time>2026-09-30T23:32:22Z</time>
        <extensions><gpxtpx:TrackPointExtension>
          <gpxtpx:hr>173</gpxtpx:hr>
        </gpxtpx:TrackPointExtension></extensions>
      </trkpt>
      <trkpt lat="32.068344" lon="118.720065">
        <ele>5.0</ele>
        <time>2026-09-30T23:32:23Z</time>
        <extensions><gpxtpx:TrackPointExtension>
          <gpxtpx:hr>173</gpxtpx:hr>
        </gpxtpx:TrackPointExtension></extensions>
      </trkpt>
      <trkpt lat="32.068325" lon="118.720102">
        <ele>5.0</ele>
        <time>2026-09-30T23:32:24Z</time>
        <extensions><gpxtpx:TrackPointExtension>
          <gpxtpx:hr>173</gpxtpx:hr>
        </gpxtpx:TrackPointExtension></extensions>
      </trkpt>
      <trkpt lat="32.068307" lon="118.72014">
        <ele>5.0</ele>
        <time>2026-09-30T23:32:25Z</time>
        <extensions><gpxtpx:TrackPointExtension>
          <gpxtpx:hr>174</gpxtpx:hr>
        </gpxtpx:TrackPointExtension></extensions>
      </trkpt>
      <trkpt lat="32.068288" lon="118.720178">
        <ele>5.0</ele>
        <time>2026-09-30T23:32:26Z</time>
        <extensions><gpxtpx:TrackPointExtension>
          <gpxtpx:hr>174</gpxtpx:hr>
        </gpxtpx:TrackPointExtension></extensions>
      </trkpt>
      <trkpt lat="32.06827" lon="118.720215">
        <ele>5.0</ele>
        <time>2026-09-30T23:32:27Z</time>
        <extensions><gpxtpx:TrackPointExtension>
          <gpxtpx:hr>174</gpxtpx:hr>
        </gpxtpx:TrackPointExtension></extensions>
      </trkpt>
      <trkpt lat="32.068253" lon="118.720253">
        <ele>5.0</ele>
        <time>2026-09-30T23:32:28Z</time>
        <extensions><gpxtpx:TrackPointExtension>
          <gpxtpx:hr>173</gpxtpx:hr>
        </gpxtpx:TrackPointExtension></extensions>
      </trkpt>
      <trkpt lat="32.068236" lon="118.720289">
        <ele>5.0</ele>
        <time>2026-09-30T23:32:29Z</time>
        <extensions><gpxtpx:TrackPointExtension>
          <gpxtpx:hr>173</gpxtpx:hr>
        </gpxtpx:TrackPointExtension></extensions>
      </trkpt>
      <trkpt lat="32.068221" lon="118.720327">
        <ele>5.0</ele>
        <time>2026-09-30T23:32:30Z</time>
        <extensions><gpxtpx:TrackPointExtension>
          <gpxtpx:hr>173</gpxtpx:hr>
        </gpxtpx:TrackPointExtension></extensions>
      </trkpt>
      <trkpt lat="32.068207" lon="118.720365">
        <ele>5.0</ele>
        <time>2026-09-30T23:32:31Z</time>
        <extensions><gpxtpx:TrackPointExtension>
          <gpxtpx:hr>173</gpxtpx:hr>
        </gpxtpx:TrackPointExtension></extensions>
      </trkpt>
      <trkpt lat="32.068193" lon="118.720403">
        <ele>5.0</ele>
        <time>2026-09-30T23:32:32Z</time>
        <extensions><gpxtpx:TrackPointExtension>
          <gpxtpx:hr>172</gpxtpx:hr>
        </gpxtpx:TrackPointExtension></extensions>
      </trkpt>
      <trkpt lat="32.068178" lon="118.72044">
        <ele>6.0</ele>
        <time>2026-09-30T23:32:33Z</time>
        <extensions><gpxtpx:TrackPointExtension>
          <gpxtpx:hr>172</gpxtpx:hr>
        </gpxtpx:TrackPointExtension></extensions>
      </trkpt>
      <trkpt lat="32.068164" lon="118.720478">
        <ele>6.0</ele>
        <time>2026-09-30T23:32:34Z</time>
        <extensions><gpxtpx:TrackPointExtension>
          <gpxtpx:hr>172</gpxtpx:hr>
        </gpxtpx:TrackPointExtension></extensions>
      </trkpt>
      <trkpt lat="32.068149" lon="118.720516">
        <ele>6.0</ele>
        <time>2026-09-30T23:32:35Z</time>
        <extensions><gpxtpx:TrackPointExtension>
          <gpxtpx:hr>173</gpxtpx:hr>
        </gpxtpx:TrackPointExtension></extensions>
      </trkpt>
      <trkpt lat="32.068134" lon="118.720554">
        <ele>6.0</ele>
        <time>2026-09-30T23:32:36Z</time>
        <extensions><gpxtpx:TrackPointExtension>
          <gpxtpx:hr>173</gpxtpx:hr>
        </gpxtpx:TrackPointExtension></extensions>
      </trkpt>
      <trkpt lat="32.068118" lon="118.720592">
        <ele>6.0</ele>
        <time>2026-09-30T23:32:37Z</time>
        <extensions><gpxtpx:TrackPointExtension>
          <gpxtpx:hr>173</gpxtpx:hr>
        </gpxtpx:TrackPointExtension></extensions>
      </trkpt>
      <trkpt lat="32.068102" lon="118.720629">
        <ele>6.0</ele>
        <time>2026-09-30T23:32:38Z</time>
        <extensions><gpxtpx:TrackPointExtension>
          <gpxtpx:hr>173</gpxtpx:hr>
        </gpxtpx:TrackPointExtension></extensions>
      </trkpt>
      <trkpt lat="32.068086" lon="118.720667">
        <ele>6.0</ele>
        <time>2026-09-30T23:32:39Z</time>
        <extensions><gpxtpx:TrackPointExtension>
          <gpxtpx:hr>173</gpxtpx:hr>
        </gpxtpx:TrackPointExtension></extensions>
      </trkpt>
      <trkpt lat="32.068069" lon="118.720705">
        <ele>6.0</ele>
        <time>2026-09-30T23:32:40Z</time>
        <extensions><gpxtpx:TrackPointExtension>
          <gpxtpx:hr>173</gpxtpx:hr>
        </gpxtpx:TrackPointExtension></extensions>
      </trkpt>
      <trkpt lat="32.068053" lon="118.720744">
        <ele>6.0</ele>
        <time>2026-09-30T23:32:41Z</time>
        <extensions><gpxtpx:TrackPointExtension>
          <gpxtpx:hr>173</gpxtpx:hr>
        </gpxtpx:TrackPointExtension></extensions>
      </trkpt>
      <trkpt lat="32.068037" lon="118.720782">
        <ele>6.0</ele>
        <time>2026-09-30T23:32:42Z</time>
        <extensions><gpxtpx:TrackPointExtension>
          <gpxtpx:hr>173</gpxtpx:hr>
        </gpxtpx:TrackPointExtension></extensions>
      </trkpt>
      <trkpt lat="32.06802" lon="118.720821">
        <ele>6.0</ele>
        <time>2026-09-30T23:32:43Z</time>
        <extensions><gpxtpx:TrackPointExtension>
          <gpxtpx:hr>173</gpxtpx:hr>
        </gpxtpx:TrackPointExtension></extensions>
      </trkpt>
      <trkpt lat="32.068004" lon="118.72086">
        <ele>6.0</ele>
        <time>2026-09-30T23:32:44Z</time>
        <extensions><gpxtpx:TrackPointExtension>
          <gpxtpx:hr>173</gpxtpx:hr>
        </gpxtpx:TrackPointExtension></extensions>
      </trkpt>
      <trkpt lat="32.067987" lon="118.720898">
        <ele>6.0</ele>
        <time>2026-09-30T23:32:45Z</time>
        <extensions><gpxtpx:TrackPointExtension>
          <gpxtpx:hr>173</gpxtpx:hr>
        </gpxtpx:TrackPointExtension></extensions>
      </trkpt>
      <trkpt lat="32.06797" lon="118.720935">
        <ele>6.0</ele>
        <time>2026-09-30T23:32:46Z</time>
        <extensions><gpxtpx:TrackPointExtension>
          <gpxtpx:hr>173</gpxtpx:hr>
        </gpxtpx:TrackPointExtension></extensions>
      </trkpt>
      <trkpt lat="32.067953" lon="118.720972">
        <ele>6.0</ele>
        <time>2026-09-30T23:32:47Z</time>
        <extensions><gpxtpx:TrackPointExtension>
          <gpxtpx:hr>173</gpxtpx:hr>
        </gpxtpx:TrackPointExtension></extensions>
      </trkpt>
      <trkpt lat="32.067938" lon="118.72101">
        <ele>6.0</ele>
        <time>2026-09-30T23:32:48Z</time>
        <extensions><gpxtpx:TrackPointExtension>
          <gpxtpx:hr>173</gpxtpx:hr>
        </gpxtpx:TrackPointExtension></extensions>
      </trkpt>
      <trkpt lat="32.067923" lon="118.721047">
        <ele>6.0</ele>
        <time>2026-09-30T23:32:49Z</time>
        <extensions><gpxtpx:TrackPointExtension>
          <gpxtpx:hr>174</gpxtpx:hr>
        </gpxtpx:TrackPointExtension></extensions>
      </trkpt>
      <trkpt lat="32.067908" lon="118.721084">
        <ele>6.0</ele>
        <time>2026-09-30T23:32:50Z</time>
        <extensions><gpxtpx:TrackPointExtension>
          <gpxtpx:hr>174</gpxtpx:hr>
        </gpxtpx:TrackPointExtension></extensions>
      </trkpt>
      <trkpt lat="32.067893" lon="118.721121">
        <ele>6.0</ele>
        <time>2026-09-30T23:32:51Z</time>
        <extensions><gpxtpx:TrackPointExtension>
          <gpxtpx:hr>174</gpxtpx:hr>
        </gpxtpx:TrackPointExtension></extensions>
      </trkpt>
      <trkpt lat="32.067876" lon="118.721159">
        <ele>6.0</ele>
        <time>2026-09-30T23:32:52Z</time>
        <extensions><gpxtpx:TrackPointExtension>
          <gpxtpx:hr>174</gpxtpx:hr>
        </gpxtpx:TrackPointExtension></extensions>
      </trkpt>
      <trkpt lat="32.067858" lon="118.721195">
        <ele>6.0</ele>
        <time>2026-09-30T23:32:53Z</time>
        <extensions><gpxtpx:TrackPointExtension>
          <gpxtpx:hr>174</gpxtpx:hr>
        </gpxtpx:TrackPointExtension></extensions>
      </trkpt>
      <trkpt lat="32.067838" lon="118.721231">
        <ele>6.0</ele>
        <time>2026-09-30T23:32:54Z</time>
        <extensions><gpxtpx:TrackPointExtension>
          <gpxtpx:hr>174</gpxtpx:hr>
        </gpxtpx:TrackPointExtension></extensions>
      </trkpt>
      <trkpt lat="32.067815" lon="118.721266">
        <ele>6.0</ele>
        <time>2026-09-30T23:32:55Z</time>
        <extensions><gpxtpx:TrackPointExtension>
          <gpxtpx:hr>174</gpxtpx:hr>
        </gpxtpx:TrackPointExtension></extensions>
      </trkpt>
      <trkpt lat="32.06779" lon="118.721299">
        <ele>6.0</ele>
        <time>2026-09-30T23:32:56Z</time>
        <extensions><gpxtpx:TrackPointExtension>
          <gpxtpx:hr>174</gpxtpx:hr>
        </gpxtpx:TrackPointExtension></extensions>
      </trkpt>
      <trkpt lat="32.067763" lon="118.72133">
        <ele>6.0</ele>
        <time>2026-09-30T23:32:57Z</time>
        <extensions><gpxtpx:TrackPointExtension>
          <gpxtpx:hr>174</gpxtpx:hr>
        </gpxtpx:TrackPointExtension></extensions>
      </trkpt>
      <trkpt lat="32.067735" lon="118.721359">
        <ele>6.0</ele>
        <time>2026-09-30T23:32:58Z</time>
        <extensions><gpxtpx:TrackPointExtension>
          <gpxtpx:hr>174</gpxtpx:hr>
        </gpxtpx:TrackPointExtension></extensions>
      </trkpt>
      <trkpt lat="32.067706" lon="118.721386">
        <ele>6.0</ele>
        <time>2026-09-30T23:32:59Z</time>
        <extensions><gpxtpx:TrackPointExtension>
          <gpxtpx:hr>175</gpxtpx:hr>
        </gpxtpx:TrackPointExtension></extensions>
      </trkpt>
      <trkpt lat="32.067675" lon="118.72141">
        <ele>6.0</ele>
        <time>2026-09-30T23:33:00Z</time>
        <extensions><gpxtpx:TrackPointExtension>
          <gpxtpx:hr>175</gpxtpx:hr>
        </gpxtpx:TrackPointExtension></extensions>
      </trkpt>
      <trkpt lat="32.067643" lon="118.721431">
        <ele>6.0</ele>
        <time>2026-09-30T23:33:01Z</time>
        <extensions><gpxtpx:TrackPointExtension>
          <gpxtpx:hr>175</gpxtpx:hr>
        </gpxtpx:TrackPointExtension></extensions>
      </trkpt>
      <trkpt lat="32.067609" lon="118.72145">
        <ele>6.0</ele>
        <time>2026-09-30T23:33:02Z</time>
        <extensions><gpxtpx:TrackPointExtension>
          <gpxtpx:hr>175</gpxtpx:hr>
        </gpxtpx:TrackPointExtension></extensions>
      </trkpt>
      <trkpt lat="32.067573" lon="118.721465">
        <ele>6.0</ele>
        <time>2026-09-30T23:33:03Z</time>
        <extensions><gpxtpx:TrackPointExtension>
          <gpxtpx:hr>175</gpxtpx:hr>
        </gpxtpx:TrackPointExtension></extensions>
      </trkpt>
      <trkpt lat="32.067536" lon="118.721477">
        <ele>6.0</ele>
        <time>2026-09-30T23:33:04Z</time>
        <extensions><gpxtpx:TrackPointExtension>
          <gpxtpx:hr>175</gpxtpx:hr>
        </gpxtpx:TrackPointExtension></extensions>
      </trkpt>
      <trkpt lat="32.067499" lon="118.721487">
        <ele>6.0</ele>
        <time>2026-09-30T23:33:05Z</time>
        <extensions><gpxtpx:TrackPointExtension>
          <gpxtpx:hr>175</gpxtpx:hr>
        </gpxtpx:TrackPointExtension></extensions>
      </trkpt>
      <trkpt lat="32.067461" lon="118.721493">
        <ele>6.0</ele>
        <time>2026-09-30T23:33:06Z</time>
        <extensions><gpxtpx:TrackPointExtension>
          <gpxtpx:hr>175</gpxtpx:hr>
        </gpxtpx:TrackPointExtension></extensions>
      </trkpt>
      <trkpt lat="32.067424" lon="118.721499">
        <ele>6.0</ele>
        <time>2026-09-30T23:33:07Z</time>
        <extensions><gpxtpx:TrackPointExtension>
          <gpxtpx:hr>175</gpxtpx:hr>
        </gpxtpx:TrackPointExtension></extensions>
      </trkpt>
      <trkpt lat="32.067386" lon="118.721502">
        <ele>6.0</ele>
        <time>2026-09-30T23:33:08Z</time>
        <extensions><gpxtpx:TrackPointExtension>
          <gpxtpx:hr>175</gpxtpx:hr>
        </gpxtpx:TrackPointExtension></extensions>
      </trkpt>
      <trkpt lat="32.067349" lon="118.721505">
        <ele>6.0</ele>
        <time>2026-09-30T23:33:09Z</time>
        <extensions><gpxtpx:TrackPointExtension>
          <gpxtpx:hr>175</gpxtpx:hr>
        </gpxtpx:TrackPointExtension></extensions>
      </trkpt>
      <trkpt lat="32.067311" lon="118.721505">
        <ele>6.0</ele>
        <time>2026-09-30T23:33:10Z</time>
        <extensions><gpxtpx:TrackPointExtension>
          <gpxtpx:hr>175</gpxtpx:hr>
        </gpxtpx:TrackPointExtension></extensions>
      </trkpt>
      <trkpt lat="32.067274" lon="118.721503">
        <ele>6.0</ele>
        <time>2026-09-30T23:33:11Z</time>
        <extensions><gpxtpx:TrackPointExtension>
          <gpxtpx:hr>174</gpxtpx:hr>
        </gpxtpx:TrackPointExtension></extensions>
      </trkpt>
      <trkpt lat="32.067237" lon="118.721498">
        <ele>6.0</ele>
        <time>2026-09-30T23:33:12Z</time>
        <extensions><gpxtpx:TrackPointExtension>
          <gpxtpx:hr>174</gpxtpx:hr>
        </gpxtpx:TrackPointExtension></extensions>
      </trkpt>
      <trkpt lat="32.067199" lon="118.721492">
        <ele>6.0</ele>
        <time>2026-09-30T23:33:13Z</time>
        <extensions><gpxtpx:TrackPointExtension>
          <gpxtpx:hr>174</gpxtpx:hr>
        </gpxtpx:TrackPointExtension></extensions>
      </trkpt>
      <trkpt lat="32.067163" lon="118.721484">
        <ele>6.0</ele>
        <time>2026-09-30T23:33:14Z</time>
        <extensions><gpxtpx:TrackPointExtension>
          <gpxtpx:hr>175</gpxtpx:hr>
        </gpxtpx:TrackPointExtension></extensions>
      </trkpt>
      <trkpt lat="32.067127" lon="118.721475">
        <ele>6.0</ele>
        <time>2026-09-30T23:33:15Z</time>
        <extensions><gpxtpx:TrackPointExtension>
          <gpxtpx:hr>175</gpxtpx:hr>
        </gpxtpx:TrackPointExtension></extensions>
      </trkpt>
      <trkpt lat="32.067091" lon="118.721465">
        <ele>6.0</ele>
        <time>2026-09-30T23:33:16Z</time>
        <extensions><gpxtpx:TrackPointExtension>
          <gpxtpx:hr>175</gpxtpx:hr>
        </gpxtpx:TrackPointExtension></extensions>
      </trkpt>
      <trkpt lat="32.067056" lon="118.721453">
        <ele>6.0</ele>
        <time>2026-09-30T23:33:17Z</time>
        <extensions><gpxtpx:TrackPointExtension>
          <gpxtpx:hr>175</gpxtpx:hr>
        </gpxtpx:TrackPointExtension></extensions>
      </trkpt>
      <trkpt lat="32.067021" lon="118.721442">
        <ele>6.0</ele>
        <time>2026-09-30T23:33:18Z</time>
        <extensions><gpxtpx:TrackPointExtension>
          <gpxtpx:hr>175</gpxtpx:hr>
        </gpxtpx:TrackPointExtension></extensions>
      </trkpt>
      <trkpt lat="32.066986" lon="118.721431">
        <ele>6.0</ele>
        <time>2026-09-30T23:33:19Z</time>
        <extensions><gpxtpx:TrackPointExtension>
          <gpxtpx:hr>175</gpxtpx:hr>
        </gpxtpx:TrackPointExtension></extensions>
      </trkpt>
      <trkpt lat="32.066951" lon="118.72142">
        <ele>6.0</ele>
        <time>2026-09-30T23:33:20Z</time>
        <extensions><gpxtpx:TrackPointExtension>
          <gpxtpx:hr>175</gpxtpx:hr>
        </gpxtpx:TrackPointExtension></extensions>
      </trkpt>
      <trkpt lat="32.066916" lon="118.72141">
        <ele>6.0</ele>
        <time>2026-09-30T23:33:21Z</time>
        <extensions><gpxtpx:TrackPointExtension>
          <gpxtpx:hr>175</gpxtpx:hr>
        </gpxtpx:TrackPointExtension></extensions>
      </trkpt>
      <trkpt lat="32.06688" lon="118.7214">
        <ele>6.0</ele>
        <time>2026-09-30T23:33:22Z</time>
        <extensions><gpxtpx:TrackPointExtension>
          <gpxtpx:hr>175</gpxtpx:hr>
        </gpxtpx:TrackPointExtension></extensions>
      </trkpt>
      <trkpt lat="32.066845" lon="118.72139">
        <ele>6.0</ele>
        <time>2026-09-30T23:33:23Z</time>
        <extensions><gpxtpx:TrackPointExtension>
          <gpxtpx:hr>175</gpxtpx:hr>
        </gpxtpx:TrackPointExtension></extensions>
      </trkpt>
      <trkpt lat="32.066809" lon="118.72138">
        <ele>6.0</ele>
        <time>2026-09-30T23:33:24Z</time>
        <extensions><gpxtpx:TrackPointExtension>
          <gpxtpx:hr>175</gpxtpx:hr>
        </gpxtpx:TrackPointExtension></extensions>
      </trkpt>
      <trkpt lat="32.066772" lon="118.72137">
        <ele>6.0</ele>
        <time>2026-09-30T23:33:25Z</time>
        <extensions><gpxtpx:TrackPointExtension>
          <gpxtpx:hr>175</gpxtpx:hr>
        </gpxtpx:TrackPointExtension></extensions>
      </trkpt>
      <trkpt lat="32.066736" lon="118.721359">
        <ele>6.0</ele>
        <time>2026-09-30T23:33:26Z</time>
        <extensions><gpxtpx:TrackPointExtension>
          <gpxtpx:hr>175</gpxtpx:hr>
        </gpxtpx:TrackPointExtension></extensions>
      </trkpt>
      <trkpt lat="32.066699" lon="118.721349">
        <ele>6.0</ele>
        <time>2026-09-30T23:33:27Z</time>
        <extensions><gpxtpx:TrackPointExtension>
          <gpxtpx:hr>175</gpxtpx:hr>
        </gpxtpx:TrackPointExtension></extensions>
      </trkpt>
      <trkpt lat="32.066662" lon="118.721338">
        <ele>6.0</ele>
        <time>2026-09-30T23:33:28Z</time>
        <extensions><gpxtpx:TrackPointExtension>
          <gpxtpx:hr>175</gpxtpx:hr>
        </gpxtpx:TrackPointExtension></extensions>
      </trkpt>
      <trkpt lat="32.066624" lon="118.721327">
        <ele>6.0</ele>
        <time>2026-09-30T23:33:29Z</time>
        <extensions><gpxtpx:TrackPointExtension>
          <gpxtpx:hr>175</gpxtpx:hr>
        </gpxtpx:TrackPointExtension></extensions>
      </trkpt>
      <trkpt lat="32.066585" lon="118.721317">
        <ele>5.0</ele>
        <time>2026-09-30T23:33:30Z</time>
        <extensions><gpxtpx:TrackPointExtension>
          <gpxtpx:hr>175</gpxtpx:hr>
        </gpxtpx:TrackPointExtension></extensions>
      </trkpt>
      <trkpt lat="32.066547" lon="118.721306">
        <ele>5.0</ele>
        <time>2026-09-30T23:33:31Z</time>
        <extensions><gpxtpx:TrackPointExtension>
          <gpxtpx:hr>175</gpxtpx:hr>
        </gpxtpx:TrackPointExtension></extensions>
      </trkpt>
      <trkpt lat="32.06651" lon="118.721296">
        <ele>5.0</ele>
        <time>2026-09-30T23:33:32Z</time>
        <extensions><gpxtpx:TrackPointExtension>
          <gpxtpx:hr>175</gpxtpx:hr>
        </gpxtpx:TrackPointExtension></extensions>
      </trkpt>
      <trkpt lat="32.066472" lon="118.721286">
        <ele>5.0</ele>
        <time>2026-09-30T23:33:33Z</time>
        <extensions><gpxtpx:TrackPointExtension>
          <gpxtpx:hr>175</gpxtpx:hr>
        </gpxtpx:TrackPointExtension></extensions>
      </trkpt>
      <trkpt lat="32.066434" lon="118.721276">
        <ele>5.0</ele>
        <time>2026-09-30T23:33:34Z</time>
        <extensions><gpxtpx:TrackPointExtension>
          <gpxtpx:hr>175</gpxtpx:hr>
        </gpxtpx:TrackPointExtension></extensions>
      </trkpt>
      <trkpt lat="32.066396" lon="118.721268">
        <ele>5.0</ele>
        <time>2026-09-30T23:33:35Z</time>
        <extensions><gpxtpx:TrackPointExtension>
          <gpxtpx:hr>175</gpxtpx:hr>
        </gpxtpx:TrackPointExtension></extensions>
      </trkpt>
      <trkpt lat="32.066358" lon="118.721259">
        <ele>5.0</ele>
        <time>2026-09-30T23:33:36Z</time>
        <extensions><gpxtpx:TrackPointExtension>
          <gpxtpx:hr>175</gpxtpx:hr>
        </gpxtpx:TrackPointExtension></extensions>
      </trkpt>
      <trkpt lat="32.06632" lon="118.721251">
        <ele>5.0</ele>
        <time>2026-09-30T23:33:37Z</time>
        <extensions><gpxtpx:TrackPointExtension>
          <gpxtpx:hr>175</gpxtpx:hr>
        </gpxtpx:TrackPointExtension></extensions>
      </trkpt>
      <trkpt lat="32.066283" lon="118.721243">
        <ele>5.0</ele>
        <time>2026-09-30T23:33:38Z</time>
        <extensions><gpxtpx:TrackPointExtension>
          <gpxtpx:hr>175</gpxtpx:hr>
        </gpxtpx:TrackPointExtension></extensions>
      </trkpt>
      <trkpt lat="32.066245" lon="118.721233">
        <ele>5.0</ele>
        <time>2026-09-30T23:33:39Z</time>
        <extensions><gpxtpx:TrackPointExtension>
          <gpxtpx:hr>175</gpxtpx:hr>
        </gpxtpx:TrackPointExtension></extensions>
      </trkpt>
      <trkpt lat="32.066208" lon="118.721223">
        <ele>5.0</ele>
        <time>2026-09-30T23:33:40Z</time>
        <extensions><gpxtpx:TrackPointExtension>
          <gpxtpx:hr>175</gpxtpx:hr>
        </gpxtpx:TrackPointExtension></extensions>
      </trkpt>
      <trkpt lat="32.06617" lon="118.721213">
        <ele>5.0</ele>
        <time>2026-09-30T23:33:41Z</time>
        <extensions><gpxtpx:TrackPointExtension>
          <gpxtpx:hr>175</gpxtpx:hr>
        </gpxtpx:TrackPointExtension></extensions>
      </trkpt>
      <trkpt lat="32.066133" lon="118.721203">
        <ele>5.0</ele>
        <time>2026-09-30T23:33:42Z</time>
        <extensions><gpxtpx:TrackPointExtension>
          <gpxtpx:hr>175</gpxtpx:hr>
        </gpxtpx:TrackPointExtension></extensions>
      </trkpt>
      <trkpt lat="32.066096" lon="118.721192">
        <ele>5.0</ele>
        <time>2026-09-30T23:33:43Z</time>
        <extensions><gpxtpx:TrackPointExtension>
          <gpxtpx:hr>175</gpxtpx:hr>
        </gpxtpx:TrackPointExtension></extensions>
      </trkpt>
      <trkpt lat="32.06606" lon="118.721181">
        <ele>5.0</ele>
        <time>2026-09-30T23:33:44Z</time>
        <extensions><gpxtpx:TrackPointExtension>
          <gpxtpx:hr>175</gpxtpx:hr>
        </gpxtpx:TrackPointExtension></extensions>
      </trkpt>
      <trkpt lat="32.066024" lon="118.721171">
        <ele>5.0</ele>
        <time>2026-09-30T23:33:45Z</time>
        <extensions><gpxtpx:TrackPointExtension>
          <gpxtpx:hr>175</gpxtpx:hr>
        </gpxtpx:TrackPointExtension></extensions>
      </trkpt>
      <trkpt lat="32.065988" lon="118.72116">
        <ele>5.0</ele>
        <time>2026-09-30T23:33:46Z</time>
        <extensions><gpxtpx:TrackPointExtension>
          <gpxtpx:hr>175</gpxtpx:hr>
        </gpxtpx:TrackPointExtension></extensions>
      </trkpt>
      <trkpt lat="32.065952" lon="118.72115">
        <ele>5.0</ele>
        <time>2026-09-30T23:33:47Z</time>
        <extensions><gpxtpx:TrackPointExtension>
          <gpxtpx:hr>175</gpxtpx:hr>
        </gpxtpx:TrackPointExtension></extensions>
      </trkpt>
      <trkpt lat="32.065916" lon="118.72114">
        <ele>5.0</ele>
        <time>2026-09-30T23:33:48Z</time>
        <extensions><gpxtpx:TrackPointExtension>
          <gpxtpx:hr>175</gpxtpx:hr>
        </gpxtpx:TrackPointExtension></extensions>
      </trkpt>
      <trkpt lat="32.06588" lon="118.721131">
        <ele>5.0</ele>
        <time>2026-09-30T23:33:49Z</time>
        <extensions><gpxtpx:TrackPointExtension>
          <gpxtpx:hr>175</gpxtpx:hr>
        </gpxtpx:TrackPointExtension></extensions>
      </trkpt>
      <trkpt lat="32.065844" lon="118.721123">
        <ele>5.0</ele>
        <time>2026-09-30T23:33:50Z</time>
        <extensions><gpxtpx:TrackPointExtension>
          <gpxtpx:hr>175</gpxtpx:hr>
        </gpxtpx:TrackPointExtension></extensions>
      </trkpt>
      <trkpt lat="32.065808" lon="118.721114">
        <ele>5.0</ele>
        <time>2026-09-30T23:33:51Z</time>
        <extensions><gpxtpx:TrackPointExtension>
          <gpxtpx:hr>175</gpxtpx:hr>
        </gpxtpx:TrackPointExtension></extensions>
      </trkpt>
      <trkpt lat="32.065772" lon="118.721106">
        <ele>5.0</ele>
        <time>2026-09-30T23:33:52Z</time>
        <extensions><gpxtpx:TrackPointExtension>
          <gpxtpx:hr>175</gpxtpx:hr>
        </gpxtpx:TrackPointExtension></extensions>
      </trkpt>
      <trkpt lat="32.065736" lon="118.721097">
        <ele>5.0</ele>
        <time>2026-09-30T23:33:53Z</time>
        <extensions><gpxtpx:TrackPointExtension>
          <gpxtpx:hr>175</gpxtpx:hr>
        </gpxtpx:TrackPointExtension></extensions>
      </trkpt>
      <trkpt lat="32.0657" lon="118.721087">
        <ele>5.0</ele>
        <time>2026-09-30T23:33:54Z</time>
        <extensions><gpxtpx:TrackPointExtension>
          <gpxtpx:hr>175</gpxtpx:hr>
        </gpxtpx:TrackPointExtension></extensions>
      </trkpt>
      <trkpt lat="32.065665" lon="118.721075">
        <ele>5.0</ele>
        <time>2026-09-30T23:33:55Z</time>
        <extensions><gpxtpx:TrackPointExtension>
          <gpxtpx:hr>175</gpxtpx:hr>
        </gpxtpx:TrackPointExtension></extensions>
      </trkpt>
      <trkpt lat="32.065629" lon="118.721061">
        <ele>5.0</ele>
        <time>2026-09-30T23:33:56Z</time>
        <extensions><gpxtpx:TrackPointExtension>
          <gpxtpx:hr>175</gpxtpx:hr>
        </gpxtpx:TrackPointExtension></extensions>
      </trkpt>
      <trkpt lat="32.065594" lon="118.721046">
        <ele>5.0</ele>
        <time>2026-09-30T23:33:57Z</time>
        <extensions><gpxtpx:TrackPointExtension>
          <gpxtpx:hr>175</gpxtpx:hr>
        </gpxtpx:TrackPointExtension></extensions>
      </trkpt>
      <trkpt lat="32.065559" lon="118.721031">
        <ele>5.0</ele>
        <time>2026-09-30T23:33:58Z</time>
        <extensions><gpxtpx:TrackPointExtension>
          <gpxtpx:hr>175</gpxtpx:hr>
        </gpxtpx:TrackPointExtension></extensions>
      </trkpt>
      <trkpt lat="32.065525" lon="118.721016">
        <ele>5.0</ele>
        <time>2026-09-30T23:33:59Z</time>
        <extensions><gpxtpx:TrackPointExtension>
          <gpxtpx:hr>175</gpxtpx:hr>
        </gpxtpx:TrackPointExtension></extensions>
      </trkpt>
      <trkpt lat="32.06549" lon="118.721001">
        <ele>5.0</ele>
        <time>2026-09-30T23:34:00Z</time>
        <extensions><gpxtpx:TrackPointExtension>
          <gpxtpx:hr>175</gpxtpx:hr>
        </gpxtpx:TrackPointExtension></extensions>
      </trkpt>
      <trkpt lat="32.065455" lon="118.720985">
        <ele>5.0</ele>
        <time>2026-09-30T23:34:01Z</time>
        <extensions><gpxtpx:TrackPointExtension>
          <gpxtpx:hr>175</gpxtpx:hr>
        </gpxtpx:TrackPointExtension></extensions>
      </trkpt>
      <trkpt lat="32.065419" lon="118.720969">
        <ele>5.0</ele>
        <time>2026-09-30T23:34:02Z</time>
        <extensions><gpxtpx:TrackPointExtension>
          <gpxtpx:hr>175</gpxtpx:hr>
        </gpxtpx:TrackPointExtension></extensions>
      </trkpt>
      <trkpt lat="32.065384" lon="118.720954">
        <ele>5.0</ele>
        <time>2026-09-30T23:34:03Z</time>
        <extensions><gpxtpx:TrackPointExtension>
          <gpxtpx:hr>175</gpxtpx:hr>
        </gpxtpx:TrackPointExtension></extensions>
      </trkpt>
      <trkpt lat="32.065347" lon="118.720939">
        <ele>5.0</ele>
        <time>2026-09-30T23:34:04Z</time>
        <extensions><gpxtpx:TrackPointExtension>
          <gpxtpx:hr>176</gpxtpx:hr>
        </gpxtpx:TrackPointExtension></extensions>
      </trkpt>
      <trkpt lat="32.065311" lon="118.720924">
        <ele>5.0</ele>
        <time>2026-09-30T23:34:05Z</time>
        <extensions><gpxtpx:TrackPointExtension>
          <gpxtpx:hr>176</gpxtpx:hr>
        </gpxtpx:TrackPointExtension></extensions>
      </trkpt>
      <trkpt lat="32.065275" lon="118.720909">
        <ele>5.0</ele>
        <time>2026-09-30T23:34:06Z</time>
        <extensions><gpxtpx:TrackPointExtension>
          <gpxtpx:hr>176</gpxtpx:hr>
        </gpxtpx:TrackPointExtension></extensions>
      </trkpt>
      <trkpt lat="32.065238" lon="118.720895">
        <ele>5.0</ele>
        <time>2026-09-30T23:34:07Z</time>
        <extensions><gpxtpx:TrackPointExtension>
          <gpxtpx:hr>176</gpxtpx:hr>
        </gpxtpx:TrackPointExtension></extensions>
      </trkpt>
      <trkpt lat="32.065202" lon="118.72088">
        <ele>5.0</ele>
        <time>2026-09-30T23:34:08Z</time>
        <extensions><gpxtpx:TrackPointExtension>
          <gpxtpx:hr>175</gpxtpx:hr>
        </gpxtpx:TrackPointExtension></extensions>
      </trkpt>
      <trkpt lat="32.065166" lon="118.720865">
        <ele>5.0</ele>
        <time>2026-09-30T23:34:09Z</time>
        <extensions><gpxtpx:TrackPointExtension>
          <gpxtpx:hr>175</gpxtpx:hr>
        </gpxtpx:TrackPointExtension></extensions>
      </trkpt>
      <trkpt lat="32.06513" lon="118.720851">
        <ele>5.0</ele>
        <time>2026-09-30T23:34:10Z</time>
        <extensions><gpxtpx:TrackPointExtension>
          <gpxtpx:hr>175</gpxtpx:hr>
        </gpxtpx:TrackPointExtension></extensions>
      </trkpt>
      <trkpt lat="32.065094" lon="118.720836">
        <ele>5.0</ele>
        <time>2026-09-30T23:34:11Z</time>
        <extensions><gpxtpx:TrackPointExtension>
          <gpxtpx:hr>175</gpxtpx:hr>
        </gpxtpx:TrackPointExtension></extensions>
      </trkpt>
      <trkpt lat="32.065058" lon="118.720821">
        <ele>5.0</ele>
        <time>2026-09-30T23:34:12Z</time>
        <extensions><gpxtpx:TrackPointExtension>
          <gpxtpx:hr>175</gpxtpx:hr>
        </gpxtpx:TrackPointExtension></extensions>
      </trkpt>
      <trkpt lat="32.065022" lon="118.720807">
        <ele>5.0</ele>
        <time>2026-09-30T23:34:13Z</time>
        <extensions><gpxtpx:TrackPointExtension>
          <gpxtpx:hr>175</gpxtpx:hr>
        </gpxtpx:TrackPointExtension></extensions>
      </trkpt>
      <trkpt lat="32.064986" lon="118.720792">
        <ele>5.0</ele>
        <time>2026-09-30T23:34:14Z</time>
        <extensions><gpxtpx:TrackPointExtension>
          <gpxtpx:hr>175</gpxtpx:hr>
        </gpxtpx:TrackPointExtension></extensions>
      </trkpt>
      <trkpt lat="32.064951" lon="118.720777">
        <ele>5.0</ele>
        <time>2026-09-30T23:34:15Z</time>
        <extensions><gpxtpx:TrackPointExtension>
          <gpxtpx:hr>174</gpxtpx:hr>
        </gpxtpx:TrackPointExtension></extensions>
      </trkpt>
      <trkpt lat="32.064915" lon="118.720763">
        <ele>5.0</ele>
        <time>2026-09-30T23:34:16Z</time>
        <extensions><gpxtpx:TrackPointExtension>
          <gpxtpx:hr>174</gpxtpx:hr>
        </gpxtpx:TrackPointExtension></extensions>
      </trkpt>
      <trkpt lat="32.06488" lon="118.720749">
        <ele>5.0</ele>
        <time>2026-09-30T23:34:17Z</time>
        <extensions><gpxtpx:TrackPointExtension>
          <gpxtpx:hr>174</gpxtpx:hr>
        </gpxtpx:TrackPointExtension></extensions>
      </trkpt>
      <trkpt lat="32.064845" lon="118.720735">
        <ele>5.0</ele>
        <time>2026-09-30T23:34:18Z</time>
        <extensions><gpxtpx:TrackPointExtension>
          <gpxtpx:hr>174</gpxtpx:hr>
        </gpxtpx:TrackPointExtension></extensions>
      </trkpt>
      <trkpt lat="32.06481" lon="118.720721">
        <ele>5.0</ele>
        <time>2026-09-30T23:34:19Z</time>
        <extensions><gpxtpx:TrackPointExtension>
          <gpxtpx:hr>174</gpxtpx:hr>
        </gpxtpx:TrackPointExtension></extensions>
      </trkpt>
      <trkpt lat="32.064775" lon="118.720706">
        <ele>5.0</ele>
        <time>2026-09-30T23:34:20Z</time>
        <extensions><gpxtpx:TrackPointExtension>
          <gpxtpx:hr>174</gpxtpx:hr>
        </gpxtpx:TrackPointExtension></extensions>
      </trkpt>
      <trkpt lat="32.06474" lon="118.720691">
        <ele>5.0</ele>
        <time>2026-09-30T23:34:21Z</time>
        <extensions><gpxtpx:TrackPointExtension>
          <gpxtpx:hr>174</gpxtpx:hr>
        </gpxtpx:TrackPointExtension></extensions>
      </trkpt>
      <trkpt lat="32.064705" lon="118.720676">
        <ele>5.0</ele>
        <time>2026-09-30T23:34:22Z</time>
        <extensions><gpxtpx:TrackPointExtension>
          <gpxtpx:hr>174</gpxtpx:hr>
        </gpxtpx:TrackPointExtension></extensions>
      </trkpt>
      <trkpt lat="32.06467" lon="118.720661">
        <ele>5.0</ele>
        <time>2026-09-30T23:34:23Z</time>
        <extensions><gpxtpx:TrackPointExtension>
          <gpxtpx:hr>174</gpxtpx:hr>
        </gpxtpx:TrackPointExtension></extensions>
      </trkpt>
      <trkpt lat="32.064634" lon="118.720646">
        <ele>5.0</ele>
        <time>2026-09-30T23:34:24Z</time>
        <extensions><gpxtpx:TrackPointExtension>
          <gpxtpx:hr>174</gpxtpx:hr>
        </gpxtpx:TrackPointExtension></extensions>
      </trkpt>
      <trkpt lat="32.064599" lon="118.720631">
        <ele>5.0</ele>
        <time>2026-09-30T23:34:25Z</time>
        <extensions><gpxtpx:TrackPointExtension>
          <gpxtpx:hr>174</gpxtpx:hr>
        </gpxtpx:TrackPointExtension></extensions>
      </trkpt>
      <trkpt lat="32.064563" lon="118.720616">
        <ele>5.0</ele>
        <time>2026-09-30T23:34:26Z</time>
        <extensions><gpxtpx:TrackPointExtension>
          <gpxtpx:hr>174</gpxtpx:hr>
        </gpxtpx:TrackPointExtension></extensions>
      </trkpt>
      <trkpt lat="32.064526" lon="118.720602">
        <ele>5.0</ele>
        <time>2026-09-30T23:34:27Z</time>
        <extensions><gpxtpx:TrackPointExtension>
          <gpxtpx:hr>174</gpxtpx:hr>
        </gpxtpx:TrackPointExtension></extensions>
      </trkpt>
      <trkpt lat="32.06449" lon="118.720587">
        <ele>5.0</ele>
        <time>2026-09-30T23:34:28Z</time>
        <extensions><gpxtpx:TrackPointExtension>
          <gpxtpx:hr>173</gpxtpx:hr>
        </gpxtpx:TrackPointExtension></extensions>
      </trkpt>
      <trkpt lat="32.064454" lon="118.720572">
        <ele>5.0</ele>
        <time>2026-09-30T23:34:29Z</time>
        <extensions><gpxtpx:TrackPointExtension>
          <gpxtpx:hr>173</gpxtpx:hr>
        </gpxtpx:TrackPointExtension></extensions>
      </trkpt>
      <trkpt lat="32.064418" lon="118.720558">
        <ele>5.0</ele>
        <time>2026-09-30T23:34:30Z</time>
        <extensions><gpxtpx:TrackPointExtension>
          <gpxtpx:hr>173</gpxtpx:hr>
        </gpxtpx:TrackPointExtension></extensions>
      </trkpt>
      <trkpt lat="32.064382" lon="118.720544">
        <ele>5.0</ele>
        <time>2026-09-30T23:34:31Z</time>
        <extensions><gpxtpx:TrackPointExtension>
          <gpxtpx:hr>173</gpxtpx:hr>
        </gpxtpx:TrackPointExtension></extensions>
      </trkpt>
      <trkpt lat="32.064347" lon="118.72053">
        <ele>5.0</ele>
        <time>2026-09-30T23:34:32Z</time>
        <extensions><gpxtpx:TrackPointExtension>
          <gpxtpx:hr>172</gpxtpx:hr>
        </gpxtpx:TrackPointExtension></extensions>
      </trkpt>
      <trkpt lat="32.064311" lon="118.720516">
        <ele>5.0</ele>
        <time>2026-09-30T23:34:33Z</time>
        <extensions><gpxtpx:TrackPointExtension>
          <gpxtpx:hr>172</gpxtpx:hr>
        </gpxtpx:TrackPointExtension></extensions>
      </trkpt>
      <trkpt lat="32.064276" lon="118.720502">
        <ele>5.0</ele>
        <time>2026-09-30T23:34:34Z</time>
        <extensions><gpxtpx:TrackPointExtension>
          <gpxtpx:hr>172</gpxtpx:hr>
        </gpxtpx:TrackPointExtension></extensions>
      </trkpt>
      <trkpt lat="32.064241" lon="118.720488">
        <ele>5.0</ele>
        <time>2026-09-30T23:34:35Z</time>
        <extensions><gpxtpx:TrackPointExtension>
          <gpxtpx:hr>171</gpxtpx:hr>
        </gpxtpx:TrackPointExtension></extensions>
      </trkpt>
      <trkpt lat="32.064207" lon="118.720472">
        <ele>5.0</ele>
        <time>2026-09-30T23:34:36Z</time>
        <extensions><gpxtpx:TrackPointExtension>
          <gpxtpx:hr>171</gpxtpx:hr>
        </gpxtpx:TrackPointExtension></extensions>
      </trkpt>
      <trkpt lat="32.064173" lon="118.720457">
        <ele>5.0</ele>
        <time>2026-09-30T23:34:37Z</time>
        <extensions><gpxtpx:TrackPointExtension>
          <gpxtpx:hr>171</gpxtpx:hr>
        </gpxtpx:TrackPointExtension></extensions>
      </trkpt>
      <trkpt lat="32.064138" lon="118.720441">
        <ele>5.0</ele>
        <time>2026-09-30T23:34:38Z</time>
        <extensions><gpxtpx:TrackPointExtension>
          <gpxtpx:hr>172</gpxtpx:hr>
        </gpxtpx:TrackPointExtension></extensions>
      </trkpt>
      <trkpt lat="32.064104" lon="118.720425">
        <ele>5.0</ele>
        <time>2026-09-30T23:34:39Z</time>
        <extensions><gpxtpx:TrackPointExtension>
          <gpxtpx:hr>171</gpxtpx:hr>
        </gpxtpx:TrackPointExtension></extensions>
      </trkpt>
      <trkpt lat="32.064069" lon="118.72041">
        <ele>5.0</ele>
        <time>2026-09-30T23:34:40Z</time>
        <extensions><gpxtpx:TrackPointExtension>
          <gpxtpx:hr>171</gpxtpx:hr>
        </gpxtpx:TrackPointExtension></extensions>
      </trkpt>
      <trkpt lat="32.064034" lon="118.720397">
        <ele>5.0</ele>
        <time>2026-09-30T23:34:41Z</time>
        <extensions><gpxtpx:TrackPointExtension>
          <gpxtpx:hr>172</gpxtpx:hr>
        </gpxtpx:TrackPointExtension></extensions>
      </trkpt>
      <trkpt lat="32.063998" lon="118.720385">
        <ele>5.0</ele>
        <time>2026-09-30T23:34:42Z</time>
        <extensions><gpxtpx:TrackPointExtension>
          <gpxtpx:hr>171</gpxtpx:hr>
        </gpxtpx:TrackPointExtension></extensions>
      </trkpt>
      <trkpt lat="32.063962" lon="118.720375">
        <ele>5.0</ele>
        <time>2026-09-30T23:34:43Z</time>
        <extensions><gpxtpx:TrackPointExtension>
          <gpxtpx:hr>171</gpxtpx:hr>
        </gpxtpx:TrackPointExtension></extensions>
      </trkpt>
      <trkpt lat="32.063926" lon="118.720365">
        <ele>5.0</ele>
        <time>2026-09-30T23:34:44Z</time>
        <extensions><gpxtpx:TrackPointExtension>
          <gpxtpx:hr>171</gpxtpx:hr>
        </gpxtpx:TrackPointExtension></extensions>
      </trkpt>
      <trkpt lat="32.06389" lon="118.720357">
        <ele>6.0</ele>
        <time>2026-09-30T23:34:45Z</time>
        <extensions><gpxtpx:TrackPointExtension>
          <gpxtpx:hr>171</gpxtpx:hr>
        </gpxtpx:TrackPointExtension></extensions>
      </trkpt>
      <trkpt lat="32.063853" lon="118.720349">
        <ele>6.0</ele>
        <time>2026-09-30T23:34:46Z</time>
        <extensions><gpxtpx:TrackPointExtension>
          <gpxtpx:hr>171</gpxtpx:hr>
        </gpxtpx:TrackPointExtension></extensions>
      </trkpt>
      <trkpt lat="32.063817" lon="118.720341">
        <ele>6.0</ele>
        <time>2026-09-30T23:34:47Z</time>
        <extensions><gpxtpx:TrackPointExtension>
          <gpxtpx:hr>171</gpxtpx:hr>
        </gpxtpx:TrackPointExtension></extensions>
      </trkpt>
      <trkpt lat="32.06378" lon="118.720334">
        <ele>6.0</ele>
        <time>2026-09-30T23:34:48Z</time>
        <extensions><gpxtpx:TrackPointExtension>
          <gpxtpx:hr>171</gpxtpx:hr>
        </gpxtpx:TrackPointExtension></extensions>
      </trkpt>
      <trkpt lat="32.063743" lon="118.720327">
        <ele>6.0</ele>
        <time>2026-09-30T23:34:49Z</time>
        <extensions><gpxtpx:TrackPointExtension>
          <gpxtpx:hr>171</gpxtpx:hr>
        </gpxtpx:TrackPointExtension></extensions>
      </trkpt>
      <trkpt lat="32.063707" lon="118.720319">
        <ele>6.0</ele>
        <time>2026-09-30T23:34:50Z</time>
        <extensions><gpxtpx:TrackPointExtension>
          <gpxtpx:hr>171</gpxtpx:hr>
        </gpxtpx:TrackPointExtension></extensions>
      </trkpt>
      <trkpt lat="32.063671" lon="118.720311">
        <ele>6.0</ele>
        <time>2026-09-30T23:34:51Z</time>
        <extensions><gpxtpx:TrackPointExtension>
          <gpxtpx:hr>171</gpxtpx:hr>
        </gpxtpx:TrackPointExtension></extensions>
      </trkpt>
      <trkpt lat="32.063634" lon="118.720302">
        <ele>6.0</ele>
        <time>2026-09-30T23:34:52Z</time>
        <extensions><gpxtpx:TrackPointExtension>
          <gpxtpx:hr>172</gpxtpx:hr>
        </gpxtpx:TrackPointExtension></extensions>
      </trkpt>
      <trkpt lat="32.063598" lon="118.720293">
        <ele>6.0</ele>
        <time>2026-09-30T23:34:53Z</time>
        <extensions><gpxtpx:TrackPointExtension>
          <gpxtpx:hr>172</gpxtpx:hr>
        </gpxtpx:TrackPointExtension></extensions>
      </trkpt>
      <trkpt lat="32.063562" lon="118.720285">
        <ele>5.0</ele>
        <time>2026-09-30T23:34:54Z</time>
        <extensions><gpxtpx:TrackPointExtension>
          <gpxtpx:hr>172</gpxtpx:hr>
        </gpxtpx:TrackPointExtension></extensions>
      </trkpt>
      <trkpt lat="32.063525" lon="118.720276">
        <ele>5.0</ele>
        <time>2026-09-30T23:34:55Z</time>
        <extensions><gpxtpx:TrackPointExtension>
          <gpxtpx:hr>172</gpxtpx:hr>
        </gpxtpx:TrackPointExtension></extensions>
      </trkpt>
      <trkpt lat="32.063489" lon="118.720266">
        <ele>5.0</ele>
        <time>2026-09-30T23:34:56Z</time>
        <extensions><gpxtpx:TrackPointExtension>
          <gpxtpx:hr>172</gpxtpx:hr>
        </gpxtpx:TrackPointExtension></extensions>
      </trkpt>
      <trkpt lat="32.063453" lon="118.720256">
        <ele>5.0</ele>
        <time>2026-09-30T23:34:57Z</time>
        <extensions><gpxtpx:TrackPointExtension>
          <gpxtpx:hr>172</gpxtpx:hr>
        </gpxtpx:TrackPointExtension></extensions>
      </trkpt>
      <trkpt lat="32.063417" lon="118.720245">
        <ele>5.0</ele>
        <time>2026-09-30T23:34:58Z</time>
        <extensions><gpxtpx:TrackPointExtension>
          <gpxtpx:hr>172</gpxtpx:hr>
        </gpxtpx:TrackPointExtension></extensions>
      </trkpt>
      <trkpt lat="32.063382" lon="118.720234">
        <ele>5.0</ele>
        <time>2026-09-30T23:34:59Z</time>
        <extensions><gpxtpx:TrackPointExtension>
          <gpxtpx:hr>171</gpxtpx:hr>
        </gpxtpx:TrackPointExtension></extensions>
      </trkpt>
      <trkpt lat="32.063346" lon="118.720222">
        <ele>5.0</ele>
        <time>2026-09-30T23:35:00Z</time>
        <extensions><gpxtpx:TrackPointExtension>
          <gpxtpx:hr>171</gpxtpx:hr>
        </gpxtpx:TrackPointExtension></extensions>
      </trkpt>
      <trkpt lat="32.06331" lon="118.720211">
        <ele>5.0</ele>
        <time>2026-09-30T23:35:01Z</time>
        <extensions><gpxtpx:TrackPointExtension>
          <gpxtpx:hr>172</gpxtpx:hr>
        </gpxtpx:TrackPointExtension></extensions>
      </trkpt>
      <trkpt lat="32.063275" lon="118.720199">
        <ele>5.0</ele>
        <time>2026-09-30T23:35:02Z</time>
        <extensions><gpxtpx:TrackPointExtension>
          <gpxtpx:hr>172</gpxtpx:hr>
        </gpxtpx:TrackPointExtension></extensions>
      </trkpt>
      <trkpt lat="32.063239" lon="118.720187">
        <ele>5.0</ele>
        <time>2026-09-30T23:35:03Z</time>
        <extensions><gpxtpx:TrackPointExtension>
          <gpxtpx:hr>172</gpxtpx:hr>
        </gpxtpx:TrackPointExtension></extensions>
      </trkpt>
      <trkpt lat="32.063203" lon="118.720177">
        <ele>5.0</ele>
        <time>2026-09-30T23:35:04Z</time>
        <extensions><gpxtpx:TrackPointExtension>
          <gpxtpx:hr>172</gpxtpx:hr>
        </gpxtpx:TrackPointExtension></extensions>
      </trkpt>
      <trkpt lat="32.063168" lon="118.720167">
        <ele>5.0</ele>
        <time>2026-09-30T23:35:05Z</time>
        <extensions><gpxtpx:TrackPointExtension>
          <gpxtpx:hr>173</gpxtpx:hr>
        </gpxtpx:TrackPointExtension></extensions>
      </trkpt>
      <trkpt lat="32.063132" lon="118.720159">
        <ele>5.0</ele>
        <time>2026-09-30T23:35:06Z</time>
        <extensions><gpxtpx:TrackPointExtension>
          <gpxtpx:hr>173</gpxtpx:hr>
        </gpxtpx:TrackPointExtension></extensions>
      </trkpt>
      <trkpt lat="32.063096" lon="118.720151">
        <ele>5.0</ele>
        <time>2026-09-30T23:35:07Z</time>
        <extensions><gpxtpx:TrackPointExtension>
          <gpxtpx:hr>173</gpxtpx:hr>
        </gpxtpx:TrackPointExtension></extensions>
      </trkpt>
      <trkpt lat="32.063061" lon="118.720143">
        <ele>5.0</ele>
        <time>2026-09-30T23:35:08Z</time>
        <extensions><gpxtpx:TrackPointExtension>
          <gpxtpx:hr>173</gpxtpx:hr>
        </gpxtpx:TrackPointExtension></extensions>
      </trkpt>
      <trkpt lat="32.063027" lon="118.720136">
        <ele>5.0</ele>
        <time>2026-09-30T23:35:09Z</time>
        <extensions><gpxtpx:TrackPointExtension>
          <gpxtpx:hr>173</gpxtpx:hr>
        </gpxtpx:TrackPointExtension></extensions>
      </trkpt>
      <trkpt lat="32.062992" lon="118.720128">
        <ele>5.0</ele>
        <time>2026-09-30T23:35:10Z</time>
        <extensions><gpxtpx:TrackPointExtension>
          <gpxtpx:hr>173</gpxtpx:hr>
        </gpxtpx:TrackPointExtension></extensions>
      </trkpt>
      <trkpt lat="32.062957" lon="118.72012">
        <ele>5.0</ele>
        <time>2026-09-30T23:35:11Z</time>
        <extensions><gpxtpx:TrackPointExtension>
          <gpxtpx:hr>174</gpxtpx:hr>
        </gpxtpx:TrackPointExtension></extensions>
      </trkpt>
      <trkpt lat="32.062921" lon="118.720113">
        <ele>5.0</ele>
        <time>2026-09-30T23:35:12Z</time>
        <extensions><gpxtpx:TrackPointExtension>
          <gpxtpx:hr>174</gpxtpx:hr>
        </gpxtpx:TrackPointExtension></extensions>
      </trkpt>
      <trkpt lat="32.062885" lon="118.720105">
        <ele>5.0</ele>
        <time>2026-09-30T23:35:13Z</time>
        <extensions><gpxtpx:TrackPointExtension>
          <gpxtpx:hr>174</gpxtpx:hr>
        </gpxtpx:TrackPointExtension></extensions>
      </trkpt>
      <trkpt lat="32.062849" lon="118.720096">
        <ele>5.0</ele>
        <time>2026-09-30T23:35:14Z</time>
        <extensions><gpxtpx:TrackPointExtension>
          <gpxtpx:hr>174</gpxtpx:hr>
        </gpxtpx:TrackPointExtension></extensions>
      </trkpt>
      <trkpt lat="32.062813" lon="118.720087">
        <ele>5.0</ele>
        <time>2026-09-30T23:35:15Z</time>
        <extensions><gpxtpx:TrackPointExtension>
          <gpxtpx:hr>174</gpxtpx:hr>
        </gpxtpx:TrackPointExtension></extensions>
      </trkpt>
      <trkpt lat="32.062777" lon="118.720078">
        <ele>5.0</ele>
        <time>2026-09-30T23:35:16Z</time>
        <extensions><gpxtpx:TrackPointExtension>
          <gpxtpx:hr>174</gpxtpx:hr>
        </gpxtpx:TrackPointExtension></extensions>
      </trkpt>
      <trkpt lat="32.062741" lon="118.720069">
        <ele>5.0</ele>
        <time>2026-09-30T23:35:17Z</time>
        <extensions><gpxtpx:TrackPointExtension>
          <gpxtpx:hr>174</gpxtpx:hr>
        </gpxtpx:TrackPointExtension></extensions>
      </trkpt>
      <trkpt lat="32.062705" lon="118.72006">
        <ele>5.0</ele>
        <time>2026-09-30T23:35:18Z</time>
        <extensions><gpxtpx:TrackPointExtension>
          <gpxtpx:hr>174</gpxtpx:hr>
        </gpxtpx:TrackPointExtension></extensions>
      </trkpt>
      <trkpt lat="32.06267" lon="118.720052">
        <ele>5.0</ele>
        <time>2026-09-30T23:35:19Z</time>
        <extensions><gpxtpx:TrackPointExtension>
          <gpxtpx:hr>174</gpxtpx:hr>
        </gpxtpx:TrackPointExtension></extensions>
      </trkpt>
      <trkpt lat="32.062635" lon="118.720043">
        <ele>5.0</ele>
        <time>2026-09-30T23:35:20Z</time>
        <extensions><gpxtpx:TrackPointExtension>
          <gpxtpx:hr>174</gpxtpx:hr>
        </gpxtpx:TrackPointExtension></extensions>
      </trkpt>
      <trkpt lat="32.0626" lon="118.720034">
        <ele>6.0</ele>
        <time>2026-09-30T23:35:21Z</time>
        <extensions><gpxtpx:TrackPointExtension>
          <gpxtpx:hr>174</gpxtpx:hr>
        </gpxtpx:TrackPointExtension></extensions>
      </trkpt>
      <trkpt lat="32.062565" lon="118.720024">
        <ele>6.0</ele>
        <time>2026-09-30T23:35:22Z</time>
        <extensions><gpxtpx:TrackPointExtension>
          <gpxtpx:hr>174</gpxtpx:hr>
        </gpxtpx:TrackPointExtension></extensions>
      </trkpt>
      <trkpt lat="32.06253" lon="118.720014">
        <ele>6.0</ele>
        <time>2026-09-30T23:35:23Z</time>
        <extensions><gpxtpx:TrackPointExtension>
          <gpxtpx:hr>174</gpxtpx:hr>
        </gpxtpx:TrackPointExtension></extensions>
      </trkpt>
      <trkpt lat="32.062496" lon="118.720004">
        <ele>6.0</ele>
        <time>2026-09-30T23:35:24Z</time>
        <extensions><gpxtpx:TrackPointExtension>
          <gpxtpx:hr>174</gpxtpx:hr>
        </gpxtpx:TrackPointExtension></extensions>
      </trkpt>
      <trkpt lat="32.062461" lon="118.719994">
        <ele>6.0</ele>
        <time>2026-09-30T23:35:25Z</time>
        <extensions><gpxtpx:TrackPointExtension>
          <gpxtpx:hr>173</gpxtpx:hr>
        </gpxtpx:TrackPointExtension></extensions>
      </trkpt>
      <trkpt lat="32.062426" lon="118.719984">
        <ele>6.0</ele>
        <time>2026-09-30T23:35:26Z</time>
        <extensions><gpxtpx:TrackPointExtension>
          <gpxtpx:hr>173</gpxtpx:hr>
        </gpxtpx:TrackPointExtension></extensions>
      </trkpt>
      <trkpt lat="32.062391" lon="118.719972">
        <ele>6.0</ele>
        <time>2026-09-30T23:35:27Z</time>
        <extensions><gpxtpx:TrackPointExtension>
          <gpxtpx:hr>174</gpxtpx:hr>
        </gpxtpx:TrackPointExtension></extensions>
      </trkpt>
      <trkpt lat="32.062357" lon="118.71996">
        <ele>6.0</ele>
        <time>2026-09-30T23:35:28Z</time>
        <extensions><gpxtpx:TrackPointExtension>
          <gpxtpx:hr>174</gpxtpx:hr>
        </gpxtpx:TrackPointExtension></extensions>
      </trkpt>
      <trkpt lat="32.062322" lon="118.719947">
        <ele>6.0</ele>
        <time>2026-09-30T23:35:29Z</time>
        <extensions><gpxtpx:TrackPointExtension>
          <gpxtpx:hr>174</gpxtpx:hr>
        </gpxtpx:TrackPointExtension></extensions>
      </trkpt>
      <trkpt lat="32.062287" lon="118.719934">
        <ele>6.0</ele>
        <time>2026-09-30T23:35:30Z</time>
        <extensions><gpxtpx:TrackPointExtension>
          <gpxtpx:hr>174</gpxtpx:hr>
        </gpxtpx:TrackPointExtension></extensions>
      </trkpt>
      <trkpt lat="32.062252" lon="118.71992">
        <ele>6.0</ele>
        <time>2026-09-30T23:35:31Z</time>
        <extensions><gpxtpx:TrackPointExtension>
          <gpxtpx:hr>174</gpxtpx:hr>
        </gpxtpx:TrackPointExtension></extensions>
      </trkpt>
      <trkpt lat="32.062217" lon="118.719907">
        <ele>6.0</ele>
        <time>2026-09-30T23:35:32Z</time>
        <extensions><gpxtpx:TrackPointExtension>
          <gpxtpx:hr>174</gpxtpx:hr>
        </gpxtpx:TrackPointExtension></extensions>
      </trkpt>
      <trkpt lat="32.062182" lon="118.719893">
        <ele>6.0</ele>
        <time>2026-09-30T23:35:33Z</time>
        <extensions><gpxtpx:TrackPointExtension>
          <gpxtpx:hr>174</gpxtpx:hr>
        </gpxtpx:TrackPointExtension></extensions>
      </trkpt>
      <trkpt lat="32.062147" lon="118.719879">
        <ele>6.0</ele>
        <time>2026-09-30T23:35:34Z</time>
        <extensions><gpxtpx:TrackPointExtension>
          <gpxtpx:hr>173</gpxtpx:hr>
        </gpxtpx:TrackPointExtension></extensions>
      </trkpt>
      <trkpt lat="32.06211" lon="118.719866">
        <ele>6.0</ele>
        <time>2026-09-30T23:35:35Z</time>
        <extensions><gpxtpx:TrackPointExtension>
          <gpxtpx:hr>173</gpxtpx:hr>
        </gpxtpx:TrackPointExtension></extensions>
      </trkpt>
      <trkpt lat="32.062074" lon="118.719853">
        <ele>6.0</ele>
        <time>2026-09-30T23:35:36Z</time>
        <extensions><gpxtpx:TrackPointExtension>
          <gpxtpx:hr>173</gpxtpx:hr>
        </gpxtpx:TrackPointExtension></extensions>
      </trkpt>
      <trkpt lat="32.062037" lon="118.719839">
        <ele>6.0</ele>
        <time>2026-09-30T23:35:37Z</time>
        <extensions><gpxtpx:TrackPointExtension>
          <gpxtpx:hr>173</gpxtpx:hr>
        </gpxtpx:TrackPointExtension></extensions>
      </trkpt>
      <trkpt lat="32.062" lon="118.719826">
        <ele>6.0</ele>
        <time>2026-09-30T23:35:38Z</time>
        <extensions><gpxtpx:TrackPointExtension>
          <gpxtpx:hr>173</gpxtpx:hr>
        </gpxtpx:TrackPointExtension></extensions>
      </trkpt>
      <trkpt lat="32.061962" lon="118.719812">
        <ele>6.0</ele>
        <time>2026-09-30T23:35:39Z</time>
        <extensions><gpxtpx:TrackPointExtension>
          <gpxtpx:hr>173</gpxtpx:hr>
        </gpxtpx:TrackPointExtension></extensions>
      </trkpt>
      <trkpt lat="32.061924" lon="118.719798">
        <ele>6.0</ele>
        <time>2026-09-30T23:35:40Z</time>
        <extensions><gpxtpx:TrackPointExtension>
          <gpxtpx:hr>173</gpxtpx:hr>
        </gpxtpx:TrackPointExtension></extensions>
      </trkpt>
      <trkpt lat="32.061886" lon="118.719786">
        <ele>6.0</ele>
        <time>2026-09-30T23:35:41Z</time>
        <extensions><gpxtpx:TrackPointExtension>
          <gpxtpx:hr>174</gpxtpx:hr>
        </gpxtpx:TrackPointExtension></extensions>
      </trkpt>
      <trkpt lat="32.061848" lon="118.719773">
        <ele>6.0</ele>
        <time>2026-09-30T23:35:42Z</time>
        <extensions><gpxtpx:TrackPointExtension>
          <gpxtpx:hr>174</gpxtpx:hr>
        </gpxtpx:TrackPointExtension></extensions>
      </trkpt>
      <trkpt lat="32.061811" lon="118.719761">
        <ele>6.0</ele>
        <time>2026-09-30T23:35:43Z</time>
        <extensions><gpxtpx:TrackPointExtension>
          <gpxtpx:hr>174</gpxtpx:hr>
        </gpxtpx:TrackPointExtension></extensions>
      </trkpt>
      <trkpt lat="32.061775" lon="118.719749">
        <ele>6.0</ele>
        <time>2026-09-30T23:35:44Z</time>
        <extensions><gpxtpx:TrackPointExtension>
          <gpxtpx:hr>174</gpxtpx:hr>
        </gpxtpx:TrackPointExtension></extensions>
      </trkpt>
      <trkpt lat="32.061739" lon="118.719736">
        <ele>7.0</ele>
        <time>2026-09-30T23:35:45Z</time>
        <extensions><gpxtpx:TrackPointExtension>
          <gpxtpx:hr>173</gpxtpx:hr>
        </gpxtpx:TrackPointExtension></extensions>
      </trkpt>
      <trkpt lat="32.061703" lon="118.719723">
        <ele>7.0</ele>
        <time>2026-09-30T23:35:46Z</time>
        <extensions><gpxtpx:TrackPointExtension>
          <gpxtpx:hr>173</gpxtpx:hr>
        </gpxtpx:TrackPointExtension></extensions>
      </trkpt>
      <trkpt lat="32.061667" lon="118.719709">
        <ele>7.0</ele>
        <time>2026-09-30T23:35:47Z</time>
        <extensions><gpxtpx:TrackPointExtension>
          <gpxtpx:hr>173</gpxtpx:hr>
        </gpxtpx:TrackPointExtension></extensions>
      </trkpt>
      <trkpt lat="32.061631" lon="118.719695">
        <ele>7.0</ele>
        <time>2026-09-30T23:35:48Z</time>
        <extensions><gpxtpx:TrackPointExtension>
          <gpxtpx:hr>174</gpxtpx:hr>
        </gpxtpx:TrackPointExtension></extensions>
      </trkpt>
      <trkpt lat="32.061595" lon="118.71968">
        <ele>7.0</ele>
        <time>2026-09-30T23:35:49Z</time>
        <extensions><gpxtpx:TrackPointExtension>
          <gpxtpx:hr>174</gpxtpx:hr>
        </gpxtpx:TrackPointExtension></extensions>
      </trkpt>
      <trkpt lat="32.061559" lon="118.719665">
        <ele>7.0</ele>
        <time>2026-09-30T23:35:50Z</time>
        <extensions><gpxtpx:TrackPointExtension>
          <gpxtpx:hr>174</gpxtpx:hr>
        </gpxtpx:TrackPointExtension></extensions>
      </trkpt>
      <trkpt lat="32.061524" lon="118.71965">
        <ele>7.0</ele>
        <time>2026-09-30T23:35:51Z</time>
        <extensions><gpxtpx:TrackPointExtension>
          <gpxtpx:hr>174</gpxtpx:hr>
        </gpxtpx:TrackPointExtension></extensions>
      </trkpt>
      <trkpt lat="32.061488" lon="118.719637">
        <ele>7.0</ele>
        <time>2026-09-30T23:35:52Z</time>
        <extensions><gpxtpx:TrackPointExtension>
          <gpxtpx:hr>174</gpxtpx:hr>
        </gpxtpx:TrackPointExtension></extensions>
      </trkpt>
      <trkpt lat="32.061452" lon="118.719624">
        <ele>7.0</ele>
        <time>2026-09-30T23:35:53Z</time>
        <extensions><gpxtpx:TrackPointExtension>
          <gpxtpx:hr>174</gpxtpx:hr>
        </gpxtpx:TrackPointExtension></extensions>
      </trkpt>
      <trkpt lat="32.061416" lon="118.719611">
        <ele>7.0</ele>
        <time>2026-09-30T23:35:54Z</time>
        <extensions><gpxtpx:TrackPointExtension>
          <gpxtpx:hr>174</gpxtpx:hr>
        </gpxtpx:TrackPointExtension></extensions>
      </trkpt>
      <trkpt lat="32.06138" lon="118.719598">
        <ele>7.0</ele>
        <time>2026-09-30T23:35:55Z</time>
        <extensions><gpxtpx:TrackPointExtension>
          <gpxtpx:hr>174</gpxtpx:hr>
        </gpxtpx:TrackPointExtension></extensions>
      </trkpt>
      <trkpt lat="32.061345" lon="118.719585">
        <ele>7.0</ele>
        <time>2026-09-30T23:35:56Z</time>
        <extensions><gpxtpx:TrackPointExtension>
          <gpxtpx:hr>174</gpxtpx:hr>
        </gpxtpx:TrackPointExtension></extensions>
      </trkpt>
      <trkpt lat="32.061309" lon="118.719571">
        <ele>7.0</ele>
        <time>2026-09-30T23:35:57Z</time>
        <extensions><gpxtpx:TrackPointExtension>
          <gpxtpx:hr>174</gpxtpx:hr>
        </gpxtpx:TrackPointExtension></extensions>
      </trkpt>
      <trkpt lat="32.061273" lon="118.719558">
        <ele>7.0</ele>
        <time>2026-09-30T23:35:58Z</time>
        <extensions><gpxtpx:TrackPointExtension>
          <gpxtpx:hr>174</gpxtpx:hr>
        </gpxtpx:TrackPointExtension></extensions>
      </trkpt>
      <trkpt lat="32.061236" lon="118.719546">
        <ele>7.0</ele>
        <time>2026-09-30T23:35:59Z</time>
        <extensions><gpxtpx:TrackPointExtension>
          <gpxtpx:hr>174</gpxtpx:hr>
        </gpxtpx:TrackPointExtension></extensions>
      </trkpt>
      <trkpt lat="32.0612" lon="118.719533">
        <ele>7.0</ele>
        <time>2026-09-30T23:36:00Z</time>
        <extensions><gpxtpx:TrackPointExtension>
          <gpxtpx:hr>174</gpxtpx:hr>
        </gpxtpx:TrackPointExtension></extensions>
      </trkpt>
      <trkpt lat="32.061163" lon="118.719521">
        <ele>7.0</ele>
        <time>2026-09-30T23:36:01Z</time>
        <extensions><gpxtpx:TrackPointExtension>
          <gpxtpx:hr>174</gpxtpx:hr>
        </gpxtpx:TrackPointExtension></extensions>
      </trkpt>
      <trkpt lat="32.061125" lon="118.719508">
        <ele>7.0</ele>
        <time>2026-09-30T23:36:02Z</time>
        <extensions><gpxtpx:TrackPointExtension>
          <gpxtpx:hr>174</gpxtpx:hr>
        </gpxtpx:TrackPointExtension></extensions>
      </trkpt>
      <trkpt lat="32.061088" lon="118.719495">
        <ele>7.0</ele>
        <time>2026-09-30T23:36:03Z</time>
        <extensions><gpxtpx:TrackPointExtension>
          <gpxtpx:hr>174</gpxtpx:hr>
        </gpxtpx:TrackPointExtension></extensions>
      </trkpt>
      <trkpt lat="32.061051" lon="118.719482">
        <ele>7.0</ele>
        <time>2026-09-30T23:36:04Z</time>
        <extensions><gpxtpx:TrackPointExtension>
          <gpxtpx:hr>174</gpxtpx:hr>
        </gpxtpx:TrackPointExtension></extensions>
      </trkpt>
      <trkpt lat="32.061014" lon="118.719469">
        <ele>7.0</ele>
        <time>2026-09-30T23:36:05Z</time>
        <extensions><gpxtpx:TrackPointExtension>
          <gpxtpx:hr>174</gpxtpx:hr>
        </gpxtpx:TrackPointExtension></extensions>
      </trkpt>
      <trkpt lat="32.060978" lon="118.719457">
        <ele>7.0</ele>
        <time>2026-09-30T23:36:06Z</time>
        <extensions><gpxtpx:TrackPointExtension>
          <gpxtpx:hr>174</gpxtpx:hr>
        </gpxtpx:TrackPointExtension></extensions>
      </trkpt>
      <trkpt lat="32.060941" lon="118.719445">
        <ele>7.0</ele>
        <time>2026-09-30T23:36:07Z</time>
        <extensions><gpxtpx:TrackPointExtension>
          <gpxtpx:hr>174</gpxtpx:hr>
        </gpxtpx:TrackPointExtension></extensions>
      </trkpt>
      <trkpt lat="32.060905" lon="118.719432">
        <ele>7.0</ele>
        <time>2026-09-30T23:36:08Z</time>
        <extensions><gpxtpx:TrackPointExtension>
          <gpxtpx:hr>174</gpxtpx:hr>
        </gpxtpx:TrackPointExtension></extensions>
      </trkpt>
      <trkpt lat="32.060869" lon="118.719419">
        <ele>7.0</ele>
        <time>2026-09-30T23:36:09Z</time>
        <extensions><gpxtpx:TrackPointExtension>
          <gpxtpx:hr>174</gpxtpx:hr>
        </gpxtpx:TrackPointExtension></extensions>
      </trkpt>
      <trkpt lat="32.060834" lon="118.719405">
        <ele>7.0</ele>
        <time>2026-09-30T23:36:10Z</time>
        <extensions><gpxtpx:TrackPointExtension>
          <gpxtpx:hr>174</gpxtpx:hr>
        </gpxtpx:TrackPointExtension></extensions>
      </trkpt>
      <trkpt lat="32.060799" lon="118.719392">
        <ele>7.0</ele>
        <time>2026-09-30T23:36:11Z</time>
        <extensions><gpxtpx:TrackPointExtension>
          <gpxtpx:hr>174</gpxtpx:hr>
        </gpxtpx:TrackPointExtension></extensions>
      </trkpt>
      <trkpt lat="32.060763" lon="118.719379">
        <ele>7.0</ele>
        <time>2026-09-30T23:36:12Z</time>
        <extensions><gpxtpx:TrackPointExtension>
          <gpxtpx:hr>174</gpxtpx:hr>
        </gpxtpx:TrackPointExtension></extensions>
      </trkpt>
      <trkpt lat="32.060728" lon="118.719367">
        <ele>7.0</ele>
        <time>2026-09-30T23:36:13Z</time>
        <extensions><gpxtpx:TrackPointExtension>
          <gpxtpx:hr>174</gpxtpx:hr>
        </gpxtpx:TrackPointExtension></extensions>
      </trkpt>
      <trkpt lat="32.060692" lon="118.719355">
        <ele>6.0</ele>
        <time>2026-09-30T23:36:14Z</time>
        <extensions><gpxtpx:TrackPointExtension>
          <gpxtpx:hr>174</gpxtpx:hr>
        </gpxtpx:TrackPointExtension></extensions>
      </trkpt>
      <trkpt lat="32.060657" lon="118.719343">
        <ele>6.0</ele>
        <time>2026-09-30T23:36:15Z</time>
        <extensions><gpxtpx:TrackPointExtension>
          <gpxtpx:hr>174</gpxtpx:hr>
        </gpxtpx:TrackPointExtension></extensions>
      </trkpt>
      <trkpt lat="32.060621" lon="118.719332">
        <ele>6.0</ele>
        <time>2026-09-30T23:36:16Z</time>
        <extensions><gpxtpx:TrackPointExtension>
          <gpxtpx:hr>174</gpxtpx:hr>
        </gpxtpx:TrackPointExtension></extensions>
      </trkpt>
      <trkpt lat="32.060586" lon="118.71932">
        <ele>6.0</ele>
        <time>2026-09-30T23:36:17Z</time>
        <extensions><gpxtpx:TrackPointExtension>
          <gpxtpx:hr>174</gpxtpx:hr>
        </gpxtpx:TrackPointExtension></extensions>
      </trkpt>
      <trkpt lat="32.06055" lon="118.71931">
        <ele>6.0</ele>
        <time>2026-09-30T23:36:18Z</time>
        <extensions><gpxtpx:TrackPointExtension>
          <gpxtpx:hr>174</gpxtpx:hr>
        </gpxtpx:TrackPointExtension></extensions>
      </trkpt>
      <trkpt lat="32.060513" lon="118.7193">
        <ele>6.0</ele>
        <time>2026-09-30T23:36:19Z</time>
        <extensions><gpxtpx:TrackPointExtension>
          <gpxtpx:hr>174</gpxtpx:hr>
        </gpxtpx:TrackPointExtension></extensions>
      </trkpt>
      <trkpt lat="32.060476" lon="118.71929">
        <ele>6.0</ele>
        <time>2026-09-30T23:36:20Z</time>
        <extensions><gpxtpx:TrackPointExtension>
          <gpxtpx:hr>173</gpxtpx:hr>
        </gpxtpx:TrackPointExtension></extensions>
      </trkpt>
      <trkpt lat="32.060438" lon="118.71928">
        <ele>6.0</ele>
        <time>2026-09-30T23:36:21Z</time>
        <extensions><gpxtpx:TrackPointExtension>
          <gpxtpx:hr>173</gpxtpx:hr>
        </gpxtpx:TrackPointExtension></extensions>
      </trkpt>
      <trkpt lat="32.060402" lon="118.719269">
        <ele>6.0</ele>
        <time>2026-09-30T23:36:22Z</time>
        <extensions><gpxtpx:TrackPointExtension>
          <gpxtpx:hr>173</gpxtpx:hr>
        </gpxtpx:TrackPointExtension></extensions>
      </trkpt>
      <trkpt lat="32.060365" lon="118.719258">
        <ele>6.0</ele>
        <time>2026-09-30T23:36:23Z</time>
        <extensions><gpxtpx:TrackPointExtension>
          <gpxtpx:hr>173</gpxtpx:hr>
        </gpxtpx:TrackPointExtension></extensions>
      </trkpt>
      <trkpt lat="32.060329" lon="118.719246">
        <ele>6.0</ele>
        <time>2026-09-30T23:36:24Z</time>
        <extensions><gpxtpx:TrackPointExtension>
          <gpxtpx:hr>173</gpxtpx:hr>
        </gpxtpx:TrackPointExtension></extensions>
      </trkpt>
      <trkpt lat="32.060294" lon="118.719233">
        <ele>6.0</ele>
        <time>2026-09-30T23:36:25Z</time>
        <extensions><gpxtpx:TrackPointExtension>
          <gpxtpx:hr>173</gpxtpx:hr>
        </gpxtpx:TrackPointExtension></extensions>
      </trkpt>
      <trkpt lat="32.060259" lon="118.71922">
        <ele>6.0</ele>
        <time>2026-09-30T23:36:26Z</time>
        <extensions><gpxtpx:TrackPointExtension>
          <gpxtpx:hr>173</gpxtpx:hr>
        </gpxtpx:TrackPointExtension></extensions>
      </trkpt>
      <trkpt lat="32.060223" lon="118.719207">
        <ele>6.0</ele>
        <time>2026-09-30T23:36:27Z</time>
        <extensions><gpxtpx:TrackPointExtension>
          <gpxtpx:hr>173</gpxtpx:hr>
        </gpxtpx:TrackPointExtension></extensions>
      </trkpt>
      <trkpt lat="32.060188" lon="118.719195">
        <ele>6.0</ele>
        <time>2026-09-30T23:36:28Z</time>
        <extensions><gpxtpx:TrackPointExtension>
          <gpxtpx:hr>172</gpxtpx:hr>
        </gpxtpx:TrackPointExtension></extensions>
      </trkpt>
      <trkpt lat="32.060153" lon="118.719183">
        <ele>6.0</ele>
        <time>2026-09-30T23:36:29Z</time>
        <extensions><gpxtpx:TrackPointExtension>
          <gpxtpx:hr>172</gpxtpx:hr>
        </gpxtpx:TrackPointExtension></extensions>
      </trkpt>
      <trkpt lat="32.060118" lon="118.71917">
        <ele>6.0</ele>
        <time>2026-09-30T23:36:30Z</time>
        <extensions><gpxtpx:TrackPointExtension>
          <gpxtpx:hr>172</gpxtpx:hr>
        </gpxtpx:TrackPointExtension></extensions>
      </trkpt>
      <trkpt lat="32.060083" lon="118.719158">
        <ele>6.0</ele>
        <time>2026-09-30T23:36:31Z</time>
        <extensions><gpxtpx:TrackPointExtension>
          <gpxtpx:hr>172</gpxtpx:hr>
        </gpxtpx:TrackPointExtension></extensions>
      </trkpt>
      <trkpt lat="32.060048" lon="118.719145">
        <ele>6.0</ele>
        <time>2026-09-30T23:36:32Z</time>
        <extensions><gpxtpx:TrackPointExtension>
          <gpxtpx:hr>172</gpxtpx:hr>
        </gpxtpx:TrackPointExtension></extensions>
      </trkpt>
      <trkpt lat="32.060013" lon="118.719132">
        <ele>6.0</ele>
        <time>2026-09-30T23:36:33Z</time>
        <extensions><gpxtpx:TrackPointExtension>
          <gpxtpx:hr>172</gpxtpx:hr>
        </gpxtpx:TrackPointExtension></extensions>
      </trkpt>
      <trkpt lat="32.059977" lon="118.71912">
        <ele>6.0</ele>
        <time>2026-09-30T23:36:34Z</time>
        <extensions><gpxtpx:TrackPointExtension>
          <gpxtpx:hr>172</gpxtpx:hr>
        </gpxtpx:TrackPointExtension></extensions>
      </trkpt>
      <trkpt lat="32.05994" lon="118.719107">
        <ele>6.0</ele>
        <time>2026-09-30T23:36:35Z</time>
        <extensions><gpxtpx:TrackPointExtension>
          <gpxtpx:hr>173</gpxtpx:hr>
        </gpxtpx:TrackPointExtension></extensions>
      </trkpt>
      <trkpt lat="32.059903" lon="118.719097">
        <ele>6.0</ele>
        <time>2026-09-30T23:36:36Z</time>
        <extensions><gpxtpx:TrackPointExtension>
          <gpxtpx:hr>173</gpxtpx:hr>
        </gpxtpx:TrackPointExtension></extensions>
      </trkpt>
      <trkpt lat="32.059866" lon="118.719087">
        <ele>6.0</ele>
        <time>2026-09-30T23:36:37Z</time>
        <extensions><gpxtpx:TrackPointExtension>
          <gpxtpx:hr>172</gpxtpx:hr>
        </gpxtpx:TrackPointExtension></extensions>
      </trkpt>
      <trkpt lat="32.05983" lon="118.719077">
        <ele>5.0</ele>
        <time>2026-09-30T23:36:38Z</time>
        <extensions><gpxtpx:TrackPointExtension>
          <gpxtpx:hr>173</gpxtpx:hr>
        </gpxtpx:TrackPointExtension></extensions>
      </trkpt>
      <trkpt lat="32.059793" lon="118.719068">
        <ele>5.0</ele>
        <time>2026-09-30T23:36:39Z</time>
        <extensions><gpxtpx:TrackPointExtension>
          <gpxtpx:hr>173</gpxtpx:hr>
        </gpxtpx:TrackPointExtension></extensions>
      </trkpt>
      <trkpt lat="32.059757" lon="118.719058">
        <ele>5.0</ele>
        <time>2026-09-30T23:36:40Z</time>
        <extensions><gpxtpx:TrackPointExtension>
          <gpxtpx:hr>173</gpxtpx:hr>
        </gpxtpx:TrackPointExtension></extensions>
      </trkpt>
      <trkpt lat="32.059722" lon="118.719049">
        <ele>5.0</ele>
        <time>2026-09-30T23:36:41Z</time>
        <extensions><gpxtpx:TrackPointExtension>
          <gpxtpx:hr>173</gpxtpx:hr>
        </gpxtpx:TrackPointExtension></extensions>
      </trkpt>
      <trkpt lat="32.059687" lon="118.719039">
        <ele>5.0</ele>
        <time>2026-09-30T23:36:42Z</time>
        <extensions><gpxtpx:TrackPointExtension>
          <gpxtpx:hr>173</gpxtpx:hr>
        </gpxtpx:TrackPointExtension></extensions>
      </trkpt>
      <trkpt lat="32.059653" lon="118.719029">
        <ele>5.0</ele>
        <time>2026-09-30T23:36:43Z</time>
        <extensions><gpxtpx:TrackPointExtension>
          <gpxtpx:hr>173</gpxtpx:hr>
        </gpxtpx:TrackPointExtension></extensions>
      </trkpt>
      <trkpt lat="32.059618" lon="118.719019">
        <ele>5.0</ele>
        <time>2026-09-30T23:36:44Z</time>
        <extensions><gpxtpx:TrackPointExtension>
          <gpxtpx:hr>173</gpxtpx:hr>
        </gpxtpx:TrackPointExtension></extensions>
      </trkpt>
      <trkpt lat="32.059584" lon="118.719009">
        <ele>5.0</ele>
        <time>2026-09-30T23:36:45Z</time>
        <extensions><gpxtpx:TrackPointExtension>
          <gpxtpx:hr>173</gpxtpx:hr>
        </gpxtpx:TrackPointExtension></extensions>
      </trkpt>
      <trkpt lat="32.059549" lon="118.718997">
        <ele>5.0</ele>
        <time>2026-09-30T23:36:46Z</time>
        <extensions><gpxtpx:TrackPointExtension>
          <gpxtpx:hr>173</gpxtpx:hr>
        </gpxtpx:TrackPointExtension></extensions>
      </trkpt>
      <trkpt lat="32.059514" lon="118.718986">
        <ele>5.0</ele>
        <time>2026-09-30T23:36:47Z</time>
        <extensions><gpxtpx:TrackPointExtension>
          <gpxtpx:hr>173</gpxtpx:hr>
        </gpxtpx:TrackPointExtension></extensions>
      </trkpt>
      <trkpt lat="32.059478" lon="118.718974">
        <ele>5.0</ele>
        <time>2026-09-30T23:36:48Z</time>
        <extensions><gpxtpx:TrackPointExtension>
          <gpxtpx:hr>173</gpxtpx:hr>
        </gpxtpx:TrackPointExtension></extensions>
      </trkpt>
      <trkpt lat="32.059443" lon="118.718961">
        <ele>5.0</ele>
        <time>2026-09-30T23:36:49Z</time>
        <extensions><gpxtpx:TrackPointExtension>
          <gpxtpx:hr>172</gpxtpx:hr>
        </gpxtpx:TrackPointExtension></extensions>
      </trkpt>
      <trkpt lat="32.059407" lon="118.718947">
        <ele>5.0</ele>
        <time>2026-09-30T23:36:50Z</time>
        <extensions><gpxtpx:TrackPointExtension>
          <gpxtpx:hr>172</gpxtpx:hr>
        </gpxtpx:TrackPointExtension></extensions>
      </trkpt>
      <trkpt lat="32.059372" lon="118.718931">
        <ele>5.0</ele>
        <time>2026-09-30T23:36:51Z</time>
        <extensions><gpxtpx:TrackPointExtension>
          <gpxtpx:hr>173</gpxtpx:hr>
        </gpxtpx:TrackPointExtension></extensions>
      </trkpt>
      <trkpt lat="32.059336" lon="118.718914">
        <ele>5.0</ele>
        <time>2026-09-30T23:36:52Z</time>
        <extensions><gpxtpx:TrackPointExtension>
          <gpxtpx:hr>173</gpxtpx:hr>
        </gpxtpx:TrackPointExtension></extensions>
      </trkpt>
      <trkpt lat="32.059301" lon="118.718897">
        <ele>5.0</ele>
        <time>2026-09-30T23:36:53Z</time>
        <extensions><gpxtpx:TrackPointExtension>
          <gpxtpx:hr>173</gpxtpx:hr>
        </gpxtpx:TrackPointExtension></extensions>
      </trkpt>
      <trkpt lat="32.059265" lon="118.71888">
        <ele>5.0</ele>
        <time>2026-09-30T23:36:54Z</time>
        <extensions><gpxtpx:TrackPointExtension>
          <gpxtpx:hr>172</gpxtpx:hr>
        </gpxtpx:TrackPointExtension></extensions>
      </trkpt>
      <trkpt lat="32.059229" lon="118.718863">
        <ele>5.0</ele>
        <time>2026-09-30T23:36:55Z</time>
        <extensions><gpxtpx:TrackPointExtension>
          <gpxtpx:hr>173</gpxtpx:hr>
        </gpxtpx:TrackPointExtension></extensions>
      </trkpt>
      <trkpt lat="32.059193" lon="118.718846">
        <ele>5.0</ele>
        <time>2026-09-30T23:36:56Z</time>
        <extensions><gpxtpx:TrackPointExtension>
          <gpxtpx:hr>173</gpxtpx:hr>
        </gpxtpx:TrackPointExtension></extensions>
      </trkpt>
      <trkpt lat="32.059158" lon="118.718829">
        <ele>5.0</ele>
        <time>2026-09-30T23:36:57Z</time>
        <extensions><gpxtpx:TrackPointExtension>
          <gpxtpx:hr>173</gpxtpx:hr>
        </gpxtpx:TrackPointExtension></extensions>
      </trkpt>
      <trkpt lat="32.059123" lon="118.718814">
        <ele>5.0</ele>
        <time>2026-09-30T23:36:58Z</time>
        <extensions><gpxtpx:TrackPointExtension>
          <gpxtpx:hr>173</gpxtpx:hr>
        </gpxtpx:TrackPointExtension></extensions>
      </trkpt>
      <trkpt lat="32.059088" lon="118.718799">
        <ele>5.0</ele>
        <time>2026-09-30T23:36:59Z</time>
        <extensions><gpxtpx:TrackPointExtension>
          <gpxtpx:hr>173</gpxtpx:hr>
        </gpxtpx:TrackPointExtension></extensions>
      </trkpt>
      <trkpt lat="32.059053" lon="118.718786">
        <ele>5.0</ele>
        <time>2026-09-30T23:37:00Z</time>
        <extensions><gpxtpx:TrackPointExtension>
          <gpxtpx:hr>173</gpxtpx:hr>
        </gpxtpx:TrackPointExtension></extensions>
      </trkpt>
      <trkpt lat="32.059018" lon="118.718774">
        <ele>5.0</ele>
        <time>2026-09-30T23:37:01Z</time>
        <extensions><gpxtpx:TrackPointExtension>
          <gpxtpx:hr>173</gpxtpx:hr>
        </gpxtpx:TrackPointExtension></extensions>
      </trkpt>
      <trkpt lat="32.058983" lon="118.718763">
        <ele>5.0</ele>
        <time>2026-09-30T23:37:02Z</time>
        <extensions><gpxtpx:TrackPointExtension>
          <gpxtpx:hr>173</gpxtpx:hr>
        </gpxtpx:TrackPointExtension></extensions>
      </trkpt>
      <trkpt lat="32.058947" lon="118.718751">
        <ele>5.0</ele>
        <time>2026-09-30T23:37:03Z</time>
        <extensions><gpxtpx:TrackPointExtension>
          <gpxtpx:hr>173</gpxtpx:hr>
        </gpxtpx:TrackPointExtension></extensions>
      </trkpt>
      <trkpt lat="32.058911" lon="118.718739">
        <ele>5.0</ele>
        <time>2026-09-30T23:37:04Z</time>
        <extensions><gpxtpx:TrackPointExtension>
          <gpxtpx:hr>173</gpxtpx:hr>
        </gpxtpx:TrackPointExtension></extensions>
      </trkpt>
      <trkpt lat="32.058875" lon="118.718726">
        <ele>5.0</ele>
        <time>2026-09-30T23:37:05Z</time>
        <extensions><gpxtpx:TrackPointExtension>
          <gpxtpx:hr>174</gpxtpx:hr>
        </gpxtpx:TrackPointExtension></extensions>
      </trkpt>
      <trkpt lat="32.058839" lon="118.718713">
        <ele>5.0</ele>
        <time>2026-09-30T23:37:06Z</time>
        <extensions><gpxtpx:TrackPointExtension>
          <gpxtpx:hr>174</gpxtpx:hr>
        </gpxtpx:TrackPointExtension></extensions>
      </trkpt>
      <trkpt lat="32.058802" lon="118.718699">
        <ele>5.0</ele>
        <time>2026-09-30T23:37:07Z</time>
        <extensions><gpxtpx:TrackPointExtension>
          <gpxtpx:hr>174</gpxtpx:hr>
        </gpxtpx:TrackPointExtension></extensions>
      </trkpt>
      <trkpt lat="32.058766" lon="118.718685">
        <ele>5.0</ele>
        <time>2026-09-30T23:37:08Z</time>
        <extensions><gpxtpx:TrackPointExtension>
          <gpxtpx:hr>174</gpxtpx:hr>
        </gpxtpx:TrackPointExtension></extensions>
      </trkpt>
      <trkpt lat="32.05873" lon="118.718671">
        <ele>5.0</ele>
        <time>2026-09-30T23:37:09Z</time>
        <extensions><gpxtpx:TrackPointExtension>
          <gpxtpx:hr>174</gpxtpx:hr>
        </gpxtpx:TrackPointExtension></extensions>
      </trkpt>
      <trkpt lat="32.058694" lon="118.718656">
        <ele>5.0</ele>
        <time>2026-09-30T23:37:10Z</time>
        <extensions><gpxtpx:TrackPointExtension>
          <gpxtpx:hr>173</gpxtpx:hr>
        </gpxtpx:TrackPointExtension></extensions>
      </trkpt>
      <trkpt lat="32.058659" lon="118.718642">
        <ele>5.0</ele>
        <time>2026-09-30T23:37:11Z</time>
        <extensions><gpxtpx:TrackPointExtension>
          <gpxtpx:hr>174</gpxtpx:hr>
        </gpxtpx:TrackPointExtension></extensions>
      </trkpt>
      <trkpt lat="32.058624" lon="118.718628">
        <ele>5.0</ele>
        <time>2026-09-30T23:37:12Z</time>
        <extensions><gpxtpx:TrackPointExtension>
          <gpxtpx:hr>174</gpxtpx:hr>
        </gpxtpx:TrackPointExtension></extensions>
      </trkpt>
      <trkpt lat="32.05859" lon="118.718615">
        <ele>5.0</ele>
        <time>2026-09-30T23:37:13Z</time>
        <extensions><gpxtpx:TrackPointExtension>
          <gpxtpx:hr>174</gpxtpx:hr>
        </gpxtpx:TrackPointExtension></extensions>
      </trkpt>
      <trkpt lat="32.058556" lon="118.718602">
        <ele>5.0</ele>
        <time>2026-09-30T23:37:14Z</time>
        <extensions><gpxtpx:TrackPointExtension>
          <gpxtpx:hr>173</gpxtpx:hr>
        </gpxtpx:TrackPointExtension></extensions>
      </trkpt>
      <trkpt lat="32.058523" lon="118.718588">
        <ele>5.0</ele>
        <time>2026-09-30T23:37:15Z</time>
        <extensions><gpxtpx:TrackPointExtension>
          <gpxtpx:hr>173</gpxtpx:hr>
        </gpxtpx:TrackPointExtension></extensions>
      </trkpt>
      <trkpt lat="32.058489" lon="118.718574">
        <ele>5.0</ele>
        <time>2026-09-30T23:37:16Z</time>
        <extensions><gpxtpx:TrackPointExtension>
          <gpxtpx:hr>173</gpxtpx:hr>
        </gpxtpx:TrackPointExtension></extensions>
      </trkpt>
      <trkpt lat="32.058455" lon="118.71856">
        <ele>5.0</ele>
        <time>2026-09-30T23:37:17Z</time>
        <extensions><gpxtpx:TrackPointExtension>
          <gpxtpx:hr>173</gpxtpx:hr>
        </gpxtpx:TrackPointExtension></extensions>
      </trkpt>
      <trkpt lat="32.05842" lon="118.718546">
        <ele>5.0</ele>
        <time>2026-09-30T23:37:18Z</time>
        <extensions><gpxtpx:TrackPointExtension>
          <gpxtpx:hr>173</gpxtpx:hr>
        </gpxtpx:TrackPointExtension></extensions>
      </trkpt>
      <trkpt lat="32.058385" lon="118.718534">
        <ele>5.0</ele>
        <time>2026-09-30T23:37:19Z</time>
        <extensions><gpxtpx:TrackPointExtension>
          <gpxtpx:hr>173</gpxtpx:hr>
        </gpxtpx:TrackPointExtension></extensions>
      </trkpt>
      <trkpt lat="32.05835" lon="118.718522">
        <ele>5.0</ele>
        <time>2026-09-30T23:37:20Z</time>
        <extensions><gpxtpx:TrackPointExtension>
          <gpxtpx:hr>173</gpxtpx:hr>
        </gpxtpx:TrackPointExtension></extensions>
      </trkpt>
      <trkpt lat="32.058315" lon="118.718511">
        <ele>5.0</ele>
        <time>2026-09-30T23:37:21Z</time>
        <extensions><gpxtpx:TrackPointExtension>
          <gpxtpx:hr>173</gpxtpx:hr>
        </gpxtpx:TrackPointExtension></extensions>
      </trkpt>
      <trkpt lat="32.058279" lon="118.7185">
        <ele>5.0</ele>
        <time>2026-09-30T23:37:22Z</time>
        <extensions><gpxtpx:TrackPointExtension>
          <gpxtpx:hr>172</gpxtpx:hr>
        </gpxtpx:TrackPointExtension></extensions>
      </trkpt>
      <trkpt lat="32.058243" lon="118.71849">
        <ele>5.0</ele>
        <time>2026-09-30T23:37:23Z</time>
        <extensions><gpxtpx:TrackPointExtension>
          <gpxtpx:hr>172</gpxtpx:hr>
        </gpxtpx:TrackPointExtension></extensions>
      </trkpt>
      <trkpt lat="32.058207" lon="118.718479">
        <ele>5.0</ele>
        <time>2026-09-30T23:37:24Z</time>
        <extensions><gpxtpx:TrackPointExtension>
          <gpxtpx:hr>172</gpxtpx:hr>
        </gpxtpx:TrackPointExtension></extensions>
      </trkpt>
      <trkpt lat="32.058171" lon="118.718468">
        <ele>5.0</ele>
        <time>2026-09-30T23:37:25Z</time>
        <extensions><gpxtpx:TrackPointExtension>
          <gpxtpx:hr>172</gpxtpx:hr>
        </gpxtpx:TrackPointExtension></extensions>
      </trkpt>
      <trkpt lat="32.058135" lon="118.718456">
        <ele>5.0</ele>
        <time>2026-09-30T23:37:26Z</time>
        <extensions><gpxtpx:TrackPointExtension>
          <gpxtpx:hr>172</gpxtpx:hr>
        </gpxtpx:TrackPointExtension></extensions>
      </trkpt>
      <trkpt lat="32.0581" lon="118.718442">
        <ele>5.0</ele>
        <time>2026-09-30T23:37:27Z</time>
        <extensions><gpxtpx:TrackPointExtension>
          <gpxtpx:hr>172</gpxtpx:hr>
        </gpxtpx:TrackPointExtension></extensions>
      </trkpt>
      <trkpt lat="32.058065" lon="118.71843">
        <ele>5.0</ele>
        <time>2026-09-30T23:37:28Z</time>
        <extensions><gpxtpx:TrackPointExtension>
          <gpxtpx:hr>172</gpxtpx:hr>
        </gpxtpx:TrackPointExtension></extensions>
      </trkpt>
      <trkpt lat="32.058031" lon="118.718416">
        <ele>5.0</ele>
        <time>2026-09-30T23:37:29Z</time>
        <extensions><gpxtpx:TrackPointExtension>
          <gpxtpx:hr>172</gpxtpx:hr>
        </gpxtpx:TrackPointExtension></extensions>
      </trkpt>
      <trkpt lat="32.057997" lon="118.718402">
        <ele>5.0</ele>
        <time>2026-09-30T23:37:30Z</time>
        <extensions><gpxtpx:TrackPointExtension>
          <gpxtpx:hr>171</gpxtpx:hr>
        </gpxtpx:TrackPointExtension></extensions>
      </trkpt>
      <trkpt lat="32.057963" lon="118.718389">
        <ele>5.0</ele>
        <time>2026-09-30T23:37:31Z</time>
        <extensions><gpxtpx:TrackPointExtension>
          <gpxtpx:hr>172</gpxtpx:hr>
        </gpxtpx:TrackPointExtension></extensions>
      </trkpt>
      <trkpt lat="32.05793" lon="118.718374">
        <ele>5.0</ele>
        <time>2026-09-30T23:37:32Z</time>
        <extensions><gpxtpx:TrackPointExtension>
          <gpxtpx:hr>171</gpxtpx:hr>
        </gpxtpx:TrackPointExtension></extensions>
      </trkpt>
      <trkpt lat="32.057896" lon="118.71836">
        <ele>5.0</ele>
        <time>2026-09-30T23:37:33Z</time>
        <extensions><gpxtpx:TrackPointExtension>
          <gpxtpx:hr>171</gpxtpx:hr>
        </gpxtpx:TrackPointExtension></extensions>
      </trkpt>
      <trkpt lat="32.057862" lon="118.718345">
        <ele>5.0</ele>
        <time>2026-09-30T23:37:34Z</time>
        <extensions><gpxtpx:TrackPointExtension>
          <gpxtpx:hr>171</gpxtpx:hr>
        </gpxtpx:TrackPointExtension></extensions>
      </trkpt>
      <trkpt lat="32.057827" lon="118.71833">
        <ele>5.0</ele>
        <time>2026-09-30T23:37:35Z</time>
        <extensions><gpxtpx:TrackPointExtension>
          <gpxtpx:hr>172</gpxtpx:hr>
        </gpxtpx:TrackPointExtension></extensions>
      </trkpt>
      <trkpt lat="32.057791" lon="118.718315">
        <ele>5.0</ele>
        <time>2026-09-30T23:37:36Z</time>
        <extensions><gpxtpx:TrackPointExtension>
          <gpxtpx:hr>172</gpxtpx:hr>
        </gpxtpx:TrackPointExtension></extensions>
      </trkpt>
      <trkpt lat="32.057755" lon="118.718301">
        <ele>5.0</ele>
        <time>2026-09-30T23:37:37Z</time>
        <extensions><gpxtpx:TrackPointExtension>
          <gpxtpx:hr>172</gpxtpx:hr>
        </gpxtpx:TrackPointExtension></extensions>
      </trkpt>
      <trkpt lat="32.057719" lon="118.718287">
        <ele>5.0</ele>
        <time>2026-09-30T23:37:38Z</time>
        <extensions><gpxtpx:TrackPointExtension>
          <gpxtpx:hr>172</gpxtpx:hr>
        </gpxtpx:TrackPointExtension></extensions>
      </trkpt>
      <trkpt lat="32.057682" lon="118.718273">
        <ele>5.0</ele>
        <time>2026-09-30T23:37:39Z</time>
        <extensions><gpxtpx:TrackPointExtension>
          <gpxtpx:hr>172</gpxtpx:hr>
        </gpxtpx:TrackPointExtension></extensions>
      </trkpt>
      <trkpt lat="32.057645" lon="118.71826">
        <ele>5.0</ele>
        <time>2026-09-30T23:37:40Z</time>
        <extensions><gpxtpx:TrackPointExtension>
          <gpxtpx:hr>172</gpxtpx:hr>
        </gpxtpx:TrackPointExtension></extensions>
      </trkpt>
      <trkpt lat="32.057607" lon="118.718248">
        <ele>5.0</ele>
        <time>2026-09-30T23:37:41Z</time>
        <extensions><gpxtpx:TrackPointExtension>
          <gpxtpx:hr>172</gpxtpx:hr>
        </gpxtpx:TrackPointExtension></extensions>
      </trkpt>
      <trkpt lat="32.057568" lon="118.718237">
        <ele>5.0</ele>
        <time>2026-09-30T23:37:42Z</time>
        <extensions><gpxtpx:TrackPointExtension>
          <gpxtpx:hr>172</gpxtpx:hr>
        </gpxtpx:TrackPointExtension></extensions>
      </trkpt>
      <trkpt lat="32.05753" lon="118.718225">
        <ele>5.0</ele>
        <time>2026-09-30T23:37:43Z</time>
        <extensions><gpxtpx:TrackPointExtension>
          <gpxtpx:hr>172</gpxtpx:hr>
        </gpxtpx:TrackPointExtension></extensions>
      </trkpt>
      <trkpt lat="32.057492" lon="118.718215">
        <ele>5.0</ele>
        <time>2026-09-30T23:37:44Z</time>
        <extensions><gpxtpx:TrackPointExtension>
          <gpxtpx:hr>172</gpxtpx:hr>
        </gpxtpx:TrackPointExtension></extensions>
      </trkpt>
      <trkpt lat="32.057454" lon="118.718205">
        <ele>5.0</ele>
        <time>2026-09-30T23:37:45Z</time>
        <extensions><gpxtpx:TrackPointExtension>
          <gpxtpx:hr>172</gpxtpx:hr>
        </gpxtpx:TrackPointExtension></extensions>
      </trkpt>
      <trkpt lat="32.057417" lon="118.718195">
        <ele>5.0</ele>
        <time>2026-09-30T23:37:46Z</time>
        <extensions><gpxtpx:TrackPointExtension>
          <gpxtpx:hr>173</gpxtpx:hr>
        </gpxtpx:TrackPointExtension></extensions>
      </trkpt>
      <trkpt lat="32.05738" lon="118.718184">
        <ele>5.0</ele>
        <time>2026-09-30T23:37:47Z</time>
        <extensions><gpxtpx:TrackPointExtension>
          <gpxtpx:hr>172</gpxtpx:hr>
        </gpxtpx:TrackPointExtension></extensions>
      </trkpt>
      <trkpt lat="32.057344" lon="118.718173">
        <ele>5.0</ele>
        <time>2026-09-30T23:37:48Z</time>
        <extensions><gpxtpx:TrackPointExtension>
          <gpxtpx:hr>172</gpxtpx:hr>
        </gpxtpx:TrackPointExtension></extensions>
      </trkpt>
      <trkpt lat="32.057308" lon="118.71816">
        <ele>5.0</ele>
        <time>2026-09-30T23:37:49Z</time>
        <extensions><gpxtpx:TrackPointExtension>
          <gpxtpx:hr>173</gpxtpx:hr>
        </gpxtpx:TrackPointExtension></extensions>
      </trkpt>
      <trkpt lat="32.057272" lon="118.718147">
        <ele>5.0</ele>
        <time>2026-09-30T23:37:50Z</time>
        <extensions><gpxtpx:TrackPointExtension>
          <gpxtpx:hr>173</gpxtpx:hr>
        </gpxtpx:TrackPointExtension></extensions>
      </trkpt>
      <trkpt lat="32.057236" lon="118.718134">
        <ele>5.0</ele>
        <time>2026-09-30T23:37:51Z</time>
        <extensions><gpxtpx:TrackPointExtension>
          <gpxtpx:hr>173</gpxtpx:hr>
        </gpxtpx:TrackPointExtension></extensions>
      </trkpt>
      <trkpt lat="32.057201" lon="118.71812">
        <ele>5.0</ele>
        <time>2026-09-30T23:37:52Z</time>
        <extensions><gpxtpx:TrackPointExtension>
          <gpxtpx:hr>173</gpxtpx:hr>
        </gpxtpx:TrackPointExtension></extensions>
      </trkpt>
      <trkpt lat="32.057167" lon="118.718106">
        <ele>5.0</ele>
        <time>2026-09-30T23:37:53Z</time>
        <extensions><gpxtpx:TrackPointExtension>
          <gpxtpx:hr>173</gpxtpx:hr>
        </gpxtpx:TrackPointExtension></extensions>
      </trkpt>
      <trkpt lat="32.057133" lon="118.718091">
        <ele>5.0</ele>
        <time>2026-09-30T23:37:54Z</time>
        <extensions><gpxtpx:TrackPointExtension>
          <gpxtpx:hr>173</gpxtpx:hr>
        </gpxtpx:TrackPointExtension></extensions>
      </trkpt>
      <trkpt lat="32.0571" lon="118.718074">
        <ele>5.0</ele>
        <time>2026-09-30T23:37:55Z</time>
        <extensions><gpxtpx:TrackPointExtension>
          <gpxtpx:hr>174</gpxtpx:hr>
        </gpxtpx:TrackPointExtension></extensions>
      </trkpt>
      <trkpt lat="32.057067" lon="118.718057">
        <ele>5.0</ele>
        <time>2026-09-30T23:37:56Z</time>
        <extensions><gpxtpx:TrackPointExtension>
          <gpxtpx:hr>174</gpxtpx:hr>
        </gpxtpx:TrackPointExtension></extensions>
      </trkpt>
      <trkpt lat="32.057035" lon="118.718038">
        <ele>5.0</ele>
        <time>2026-09-30T23:37:57Z</time>
        <extensions><gpxtpx:TrackPointExtension>
          <gpxtpx:hr>174</gpxtpx:hr>
        </gpxtpx:TrackPointExtension></extensions>
      </trkpt>
      <trkpt lat="32.057003" lon="118.71802">
        <ele>5.0</ele>
        <time>2026-09-30T23:37:58Z</time>
        <extensions><gpxtpx:TrackPointExtension>
          <gpxtpx:hr>174</gpxtpx:hr>
        </gpxtpx:TrackPointExtension></extensions>
      </trkpt>
      <trkpt lat="32.05697" lon="118.718002">
        <ele>5.0</ele>
        <time>2026-09-30T23:37:59Z</time>
        <extensions><gpxtpx:TrackPointExtension>
          <gpxtpx:hr>174</gpxtpx:hr>
        </gpxtpx:TrackPointExtension></extensions>
      </trkpt>
      <trkpt lat="32.056937" lon="118.717985">
        <ele>5.0</ele>
        <time>2026-09-30T23:38:00Z</time>
        <extensions><gpxtpx:TrackPointExtension>
          <gpxtpx:hr>174</gpxtpx:hr>
        </gpxtpx:TrackPointExtension></extensions>
      </trkpt>
      <trkpt lat="32.056904" lon="118.717968">
        <ele>5.0</ele>
        <time>2026-09-30T23:38:01Z</time>
        <extensions><gpxtpx:TrackPointExtension>
          <gpxtpx:hr>174</gpxtpx:hr>
        </gpxtpx:TrackPointExtension></extensions>
      </trkpt>
      <trkpt lat="32.05687" lon="118.717952">
        <ele>5.0</ele>
        <time>2026-09-30T23:38:02Z</time>
        <extensions><gpxtpx:TrackPointExtension>
          <gpxtpx:hr>174</gpxtpx:hr>
        </gpxtpx:TrackPointExtension></extensions>
      </trkpt>
      <trkpt lat="32.056835" lon="118.717935">
        <ele>5.0</ele>
        <time>2026-09-30T23:38:03Z</time>
        <extensions><gpxtpx:TrackPointExtension>
          <gpxtpx:hr>175</gpxtpx:hr>
        </gpxtpx:TrackPointExtension></extensions>
      </trkpt>
      <trkpt lat="32.0568" lon="118.717919">
        <ele>5.0</ele>
        <time>2026-09-30T23:38:04Z</time>
        <extensions><gpxtpx:TrackPointExtension>
          <gpxtpx:hr>175</gpxtpx:hr>
        </gpxtpx:TrackPointExtension></extensions>
      </trkpt>
      <trkpt lat="32.056765" lon="118.717903">
        <ele>5.0</ele>
        <time>2026-09-30T23:38:05Z</time>
        <extensions><gpxtpx:TrackPointExtension>
          <gpxtpx:hr>175</gpxtpx:hr>
        </gpxtpx:TrackPointExtension></extensions>
      </trkpt>
      <trkpt lat="32.056729" lon="118.717888">
        <ele>5.0</ele>
        <time>2026-09-30T23:38:06Z</time>
        <extensions><gpxtpx:TrackPointExtension>
          <gpxtpx:hr>175</gpxtpx:hr>
        </gpxtpx:TrackPointExtension></extensions>
      </trkpt>
      <trkpt lat="32.056693" lon="118.717874">
        <ele>5.0</ele>
        <time>2026-09-30T23:38:07Z</time>
        <extensions><gpxtpx:TrackPointExtension>
          <gpxtpx:hr>174</gpxtpx:hr>
        </gpxtpx:TrackPointExtension></extensions>
      </trkpt>
      <trkpt lat="32.056658" lon="118.71786">
        <ele>5.0</ele>
        <time>2026-09-30T23:38:08Z</time>
        <extensions><gpxtpx:TrackPointExtension>
          <gpxtpx:hr>174</gpxtpx:hr>
        </gpxtpx:TrackPointExtension></extensions>
      </trkpt>
      <trkpt lat="32.056622" lon="118.717846">
        <ele>5.0</ele>
        <time>2026-09-30T23:38:09Z</time>
        <extensions><gpxtpx:TrackPointExtension>
          <gpxtpx:hr>174</gpxtpx:hr>
        </gpxtpx:TrackPointExtension></extensions>
      </trkpt>
      <trkpt lat="32.056586" lon="118.717833">
        <ele>5.0</ele>
        <time>2026-09-30T23:38:10Z</time>
        <extensions><gpxtpx:TrackPointExtension>
          <gpxtpx:hr>173</gpxtpx:hr>
        </gpxtpx:TrackPointExtension></extensions>
      </trkpt>
      <trkpt lat="32.05655" lon="118.717819">
        <ele>5.0</ele>
        <time>2026-09-30T23:38:11Z</time>
        <extensions><gpxtpx:TrackPointExtension>
          <gpxtpx:hr>173</gpxtpx:hr>
        </gpxtpx:TrackPointExtension></extensions>
      </trkpt>
      <trkpt lat="32.056514" lon="118.717805">
        <ele>5.0</ele>
        <time>2026-09-30T23:38:12Z</time>
        <extensions><gpxtpx:TrackPointExtension>
          <gpxtpx:hr>172</gpxtpx:hr>
        </gpxtpx:TrackPointExtension></extensions>
      </trkpt>
      <trkpt lat="32.056478" lon="118.717791">
        <ele>5.0</ele>
        <time>2026-09-30T23:38:13Z</time>
        <extensions><gpxtpx:TrackPointExtension>
          <gpxtpx:hr>173</gpxtpx:hr>
        </gpxtpx:TrackPointExtension></extensions>
      </trkpt>
      <trkpt lat="32.056442" lon="118.717777">
        <ele>5.0</ele>
        <time>2026-09-30T23:38:14Z</time>
        <extensions><gpxtpx:TrackPointExtension>
          <gpxtpx:hr>173</gpxtpx:hr>
        </gpxtpx:TrackPointExtension></extensions>
      </trkpt>
      <trkpt lat="32.056405" lon="118.717761">
        <ele>5.0</ele>
        <time>2026-09-30T23:38:15Z</time>
        <extensions><gpxtpx:TrackPointExtension>
          <gpxtpx:hr>173</gpxtpx:hr>
        </gpxtpx:TrackPointExtension></extensions>
      </trkpt>
      <trkpt lat="32.056369" lon="118.717744">
        <ele>5.0</ele>
        <time>2026-09-30T23:38:16Z</time>
        <extensions><gpxtpx:TrackPointExtension>
          <gpxtpx:hr>173</gpxtpx:hr>
        </gpxtpx:TrackPointExtension></extensions>
      </trkpt>
      <trkpt lat="32.056334" lon="118.717727">
        <ele>5.0</ele>
        <time>2026-09-30T23:38:17Z</time>
        <extensions><gpxtpx:TrackPointExtension>
          <gpxtpx:hr>173</gpxtpx:hr>
        </gpxtpx:TrackPointExtension></extensions>
      </trkpt>
      <trkpt lat="32.056299" lon="118.71771">
        <ele>5.0</ele>
        <time>2026-09-30T23:38:18Z</time>
        <extensions><gpxtpx:TrackPointExtension>
          <gpxtpx:hr>173</gpxtpx:hr>
        </gpxtpx:TrackPointExtension></extensions>
      </trkpt>
      <trkpt lat="32.056265" lon="118.717694">
        <ele>5.0</ele>
        <time>2026-09-30T23:38:19Z</time>
        <extensions><gpxtpx:TrackPointExtension>
          <gpxtpx:hr>173</gpxtpx:hr>
        </gpxtpx:TrackPointExtension></extensions>
      </trkpt>
      <trkpt lat="32.05623" lon="118.717679">
        <ele>5.0</ele>
        <time>2026-09-30T23:38:20Z</time>
        <extensions><gpxtpx:TrackPointExtension>
          <gpxtpx:hr>172</gpxtpx:hr>
        </gpxtpx:TrackPointExtension></extensions>
      </trkpt>
      <trkpt lat="32.056195" lon="118.717664">
        <ele>5.0</ele>
        <time>2026-09-30T23:38:21Z</time>
        <extensions><gpxtpx:TrackPointExtension>
          <gpxtpx:hr>172</gpxtpx:hr>
        </gpxtpx:TrackPointExtension></extensions>
      </trkpt>
      <trkpt lat="32.05616" lon="118.717649">
        <ele>5.0</ele>
        <time>2026-09-30T23:38:22Z</time>
        <extensions><gpxtpx:TrackPointExtension>
          <gpxtpx:hr>172</gpxtpx:hr>
        </gpxtpx:TrackPointExtension></extensions>
      </trkpt>
      <trkpt lat="32.056124" lon="118.717635">
        <ele>5.0</ele>
        <time>2026-09-30T23:38:23Z</time>
        <extensions><gpxtpx:TrackPointExtension>
          <gpxtpx:hr>172</gpxtpx:hr>
        </gpxtpx:TrackPointExtension></extensions>
      </trkpt>
      <trkpt lat="32.056088" lon="118.717622">
        <ele>5.0</ele>
        <time>2026-09-30T23:38:24Z</time>
        <extensions><gpxtpx:TrackPointExtension>
          <gpxtpx:hr>172</gpxtpx:hr>
        </gpxtpx:TrackPointExtension></extensions>
      </trkpt>
      <trkpt lat="32.056052" lon="118.717609">
        <ele>5.0</ele>
        <time>2026-09-30T23:38:25Z</time>
        <extensions><gpxtpx:TrackPointExtension>
          <gpxtpx:hr>172</gpxtpx:hr>
        </gpxtpx:TrackPointExtension></extensions>
      </trkpt>
      <trkpt lat="32.056016" lon="118.717596">
        <ele>5.0</ele>
        <time>2026-09-30T23:38:26Z</time>
        <extensions><gpxtpx:TrackPointExtension>
          <gpxtpx:hr>172</gpxtpx:hr>
        </gpxtpx:TrackPointExtension></extensions>
      </trkpt>
      <trkpt lat="32.05598" lon="118.717582">
        <ele>5.0</ele>
        <time>2026-09-30T23:38:27Z</time>
        <extensions><gpxtpx:TrackPointExtension>
          <gpxtpx:hr>172</gpxtpx:hr>
        </gpxtpx:TrackPointExtension></extensions>
      </trkpt>
      <trkpt lat="32.055944" lon="118.717568">
        <ele>5.0</ele>
        <time>2026-09-30T23:38:28Z</time>
        <extensions><gpxtpx:TrackPointExtension>
          <gpxtpx:hr>172</gpxtpx:hr>
        </gpxtpx:TrackPointExtension></extensions>
      </trkpt>
      <trkpt lat="32.055909" lon="118.717553">
        <ele>5.0</ele>
        <time>2026-09-30T23:38:29Z</time>
        <extensions><gpxtpx:TrackPointExtension>
          <gpxtpx:hr>172</gpxtpx:hr>
        </gpxtpx:TrackPointExtension></extensions>
      </trkpt>
      <trkpt lat="32.055874" lon="118.717538">
        <ele>5.0</ele>
        <time>2026-09-30T23:38:30Z</time>
        <extensions><gpxtpx:TrackPointExtension>
          <gpxtpx:hr>172</gpxtpx:hr>
        </gpxtpx:TrackPointExtension></extensions>
      </trkpt>
      <trkpt lat="32.05584" lon="118.717524">
        <ele>5.0</ele>
        <time>2026-09-30T23:38:31Z</time>
        <extensions><gpxtpx:TrackPointExtension>
          <gpxtpx:hr>172</gpxtpx:hr>
        </gpxtpx:TrackPointExtension></extensions>
      </trkpt>
      <trkpt lat="32.055806" lon="118.71751">
        <ele>5.0</ele>
        <time>2026-09-30T23:38:32Z</time>
        <extensions><gpxtpx:TrackPointExtension>
          <gpxtpx:hr>172</gpxtpx:hr>
        </gpxtpx:TrackPointExtension></extensions>
      </trkpt>
      <trkpt lat="32.055772" lon="118.717497">
        <ele>5.0</ele>
        <time>2026-09-30T23:38:33Z</time>
        <extensions><gpxtpx:TrackPointExtension>
          <gpxtpx:hr>173</gpxtpx:hr>
        </gpxtpx:TrackPointExtension></extensions>
      </trkpt>
      <trkpt lat="32.055737" lon="118.717483">
        <ele>5.0</ele>
        <time>2026-09-30T23:38:34Z</time>
        <extensions><gpxtpx:TrackPointExtension>
          <gpxtpx:hr>173</gpxtpx:hr>
        </gpxtpx:TrackPointExtension></extensions>
      </trkpt>
      <trkpt lat="32.055703" lon="118.717468">
        <ele>5.0</ele>
        <time>2026-09-30T23:38:35Z</time>
        <extensions><gpxtpx:TrackPointExtension>
          <gpxtpx:hr>173</gpxtpx:hr>
        </gpxtpx:TrackPointExtension></extensions>
      </trkpt>
      <trkpt lat="32.05567" lon="118.717452">
        <ele>5.0</ele>
        <time>2026-09-30T23:38:36Z</time>
        <extensions><gpxtpx:TrackPointExtension>
          <gpxtpx:hr>173</gpxtpx:hr>
        </gpxtpx:TrackPointExtension></extensions>
      </trkpt>
      <trkpt lat="32.055636" lon="118.717435">
        <ele>5.0</ele>
        <time>2026-09-30T23:38:37Z</time>
        <extensions><gpxtpx:TrackPointExtension>
          <gpxtpx:hr>173</gpxtpx:hr>
        </gpxtpx:TrackPointExtension></extensions>
      </trkpt>
      <trkpt lat="32.055602" lon="118.717418">
        <ele>5.0</ele>
        <time>2026-09-30T23:38:38Z</time>
        <extensions><gpxtpx:TrackPointExtension>
          <gpxtpx:hr>174</gpxtpx:hr>
        </gpxtpx:TrackPointExtension></extensions>
      </trkpt>
      <trkpt lat="32.055568" lon="118.717401">
        <ele>5.0</ele>
        <time>2026-09-30T23:38:39Z</time>
        <extensions><gpxtpx:TrackPointExtension>
          <gpxtpx:hr>174</gpxtpx:hr>
        </gpxtpx:TrackPointExtension></extensions>
      </trkpt>
      <trkpt lat="32.055533" lon="118.717385">
        <ele>5.0</ele>
        <time>2026-09-30T23:38:40Z</time>
        <extensions><gpxtpx:TrackPointExtension>
          <gpxtpx:hr>174</gpxtpx:hr>
        </gpxtpx:TrackPointExtension></extensions>
      </trkpt>
      <trkpt lat="32.055498" lon="118.717369">
        <ele>5.0</ele>
        <time>2026-09-30T23:38:41Z</time>
        <extensions><gpxtpx:TrackPointExtension>
          <gpxtpx:hr>174</gpxtpx:hr>
        </gpxtpx:TrackPointExtension></extensions>
      </trkpt>
      <trkpt lat="32.055462" lon="118.717355">
        <ele>5.0</ele>
        <time>2026-09-30T23:38:42Z</time>
        <extensions><gpxtpx:TrackPointExtension>
          <gpxtpx:hr>174</gpxtpx:hr>
        </gpxtpx:TrackPointExtension></extensions>
      </trkpt>
      <trkpt lat="32.055427" lon="118.71734">
        <ele>5.0</ele>
        <time>2026-09-30T23:38:43Z</time>
        <extensions><gpxtpx:TrackPointExtension>
          <gpxtpx:hr>174</gpxtpx:hr>
        </gpxtpx:TrackPointExtension></extensions>
      </trkpt>
      <trkpt lat="32.055393" lon="118.717325">
        <ele>5.0</ele>
        <time>2026-09-30T23:38:44Z</time>
        <extensions><gpxtpx:TrackPointExtension>
          <gpxtpx:hr>174</gpxtpx:hr>
        </gpxtpx:TrackPointExtension></extensions>
      </trkpt>
      <trkpt lat="32.055359" lon="118.71731">
        <ele>5.0</ele>
        <time>2026-09-30T23:38:45Z</time>
        <extensions><gpxtpx:TrackPointExtension>
          <gpxtpx:hr>174</gpxtpx:hr>
        </gpxtpx:TrackPointExtension></extensions>
      </trkpt>
      <trkpt lat="32.055325" lon="118.717294">
        <ele>5.0</ele>
        <time>2026-09-30T23:38:46Z</time>
        <extensions><gpxtpx:TrackPointExtension>
          <gpxtpx:hr>174</gpxtpx:hr>
        </gpxtpx:TrackPointExtension></extensions>
      </trkpt>
      <trkpt lat="32.055291" lon="118.717278">
        <ele>5.0</ele>
        <time>2026-09-30T23:38:47Z</time>
        <extensions><gpxtpx:TrackPointExtension>
          <gpxtpx:hr>174</gpxtpx:hr>
        </gpxtpx:TrackPointExtension></extensions>
      </trkpt>
      <trkpt lat="32.055257" lon="118.717262">
        <ele>5.0</ele>
        <time>2026-09-30T23:38:48Z</time>
        <extensions><gpxtpx:TrackPointExtension>
          <gpxtpx:hr>173</gpxtpx:hr>
        </gpxtpx:TrackPointExtension></extensions>
      </trkpt>
      <trkpt lat="32.055222" lon="118.717247">
        <ele>5.0</ele>
        <time>2026-09-30T23:38:49Z</time>
        <extensions><gpxtpx:TrackPointExtension>
          <gpxtpx:hr>173</gpxtpx:hr>
        </gpxtpx:TrackPointExtension></extensions>
      </trkpt>
      <trkpt lat="32.055187" lon="118.717231">
        <ele>5.0</ele>
        <time>2026-09-30T23:38:50Z</time>
        <extensions><gpxtpx:TrackPointExtension>
          <gpxtpx:hr>173</gpxtpx:hr>
        </gpxtpx:TrackPointExtension></extensions>
      </trkpt>
      <trkpt lat="32.055152" lon="118.717215">
        <ele>5.0</ele>
        <time>2026-09-30T23:38:51Z</time>
        <extensions><gpxtpx:TrackPointExtension>
          <gpxtpx:hr>172</gpxtpx:hr>
        </gpxtpx:TrackPointExtension></extensions>
      </trkpt>
      <trkpt lat="32.055117" lon="118.717199">
        <ele>5.0</ele>
        <time>2026-09-30T23:38:52Z</time>
        <extensions><gpxtpx:TrackPointExtension>
          <gpxtpx:hr>173</gpxtpx:hr>
        </gpxtpx:TrackPointExtension></extensions>
      </trkpt>
      <trkpt lat="32.055083" lon="118.717183">
        <ele>5.0</ele>
        <time>2026-09-30T23:38:53Z</time>
        <extensions><gpxtpx:TrackPointExtension>
          <gpxtpx:hr>172</gpxtpx:hr>
        </gpxtpx:TrackPointExtension></extensions>
      </trkpt>
      <trkpt lat="32.055047" lon="118.717167">
        <ele>5.0</ele>
        <time>2026-09-30T23:38:54Z</time>
        <extensions><gpxtpx:TrackPointExtension>
          <gpxtpx:hr>172</gpxtpx:hr>
        </gpxtpx:TrackPointExtension></extensions>
      </trkpt>
      <trkpt lat="32.055012" lon="118.717151">
        <ele>5.0</ele>
        <time>2026-09-30T23:38:55Z</time>
        <extensions><gpxtpx:TrackPointExtension>
          <gpxtpx:hr>172</gpxtpx:hr>
        </gpxtpx:TrackPointExtension></extensions>
      </trkpt>
      <trkpt lat="32.054977" lon="118.717135">
        <ele>5.0</ele>
        <time>2026-09-30T23:38:56Z</time>
        <extensions><gpxtpx:TrackPointExtension>
          <gpxtpx:hr>172</gpxtpx:hr>
        </gpxtpx:TrackPointExtension></extensions>
      </trkpt>
      <trkpt lat="32.054942" lon="118.717119">
        <ele>5.0</ele>
        <time>2026-09-30T23:38:57Z</time>
        <extensions><gpxtpx:TrackPointExtension>
          <gpxtpx:hr>172</gpxtpx:hr>
        </gpxtpx:TrackPointExtension></extensions>
      </trkpt>
      <trkpt lat="32.054907" lon="118.717103">
        <ele>5.0</ele>
        <time>2026-09-30T23:38:58Z</time>
        <extensions><gpxtpx:TrackPointExtension>
          <gpxtpx:hr>172</gpxtpx:hr>
        </gpxtpx:TrackPointExtension></extensions>
      </trkpt>
      <trkpt lat="32.054872" lon="118.717088">
        <ele>5.0</ele>
        <time>2026-09-30T23:38:59Z</time>
        <extensions><gpxtpx:TrackPointExtension>
          <gpxtpx:hr>172</gpxtpx:hr>
        </gpxtpx:TrackPointExtension></extensions>
      </trkpt>
      <trkpt lat="32.054837" lon="118.717072">
        <ele>5.0</ele>
        <time>2026-09-30T23:39:00Z</time>
        <extensions><gpxtpx:TrackPointExtension>
          <gpxtpx:hr>172</gpxtpx:hr>
        </gpxtpx:TrackPointExtension></extensions>
      </trkpt>
      <trkpt lat="32.054802" lon="118.717056">
        <ele>5.0</ele>
        <time>2026-09-30T23:39:01Z</time>
        <extensions><gpxtpx:TrackPointExtension>
          <gpxtpx:hr>172</gpxtpx:hr>
        </gpxtpx:TrackPointExtension></extensions>
      </trkpt>
      <trkpt lat="32.054768" lon="118.717041">
        <ele>5.0</ele>
        <time>2026-09-30T23:39:02Z</time>
        <extensions><gpxtpx:TrackPointExtension>
          <gpxtpx:hr>172</gpxtpx:hr>
        </gpxtpx:TrackPointExtension></extensions>
      </trkpt>
      <trkpt lat="32.054734" lon="118.717026">
        <ele>5.0</ele>
        <time>2026-09-30T23:39:03Z</time>
        <extensions><gpxtpx:TrackPointExtension>
          <gpxtpx:hr>172</gpxtpx:hr>
        </gpxtpx:TrackPointExtension></extensions>
      </trkpt>
      <trkpt lat="32.0547" lon="118.717011">
        <ele>5.0</ele>
        <time>2026-09-30T23:39:04Z</time>
        <extensions><gpxtpx:TrackPointExtension>
          <gpxtpx:hr>172</gpxtpx:hr>
        </gpxtpx:TrackPointExtension></extensions>
      </trkpt>
      <trkpt lat="32.054667" lon="118.716996">
        <ele>5.0</ele>
        <time>2026-09-30T23:39:05Z</time>
        <extensions><gpxtpx:TrackPointExtension>
          <gpxtpx:hr>172</gpxtpx:hr>
        </gpxtpx:TrackPointExtension></extensions>
      </trkpt>
      <trkpt lat="32.054633" lon="118.716981">
        <ele>4.0</ele>
        <time>2026-09-30T23:39:06Z</time>
        <extensions><gpxtpx:TrackPointExtension>
          <gpxtpx:hr>172</gpxtpx:hr>
        </gpxtpx:TrackPointExtension></extensions>
      </trkpt>
      <trkpt lat="32.054599" lon="118.716966">
        <ele>4.0</ele>
        <time>2026-09-30T23:39:07Z</time>
        <extensions><gpxtpx:TrackPointExtension>
          <gpxtpx:hr>172</gpxtpx:hr>
        </gpxtpx:TrackPointExtension></extensions>
      </trkpt>
      <trkpt lat="32.054565" lon="118.716951">
        <ele>4.0</ele>
        <time>2026-09-30T23:39:08Z</time>
        <extensions><gpxtpx:TrackPointExtension>
          <gpxtpx:hr>172</gpxtpx:hr>
        </gpxtpx:TrackPointExtension></extensions>
      </trkpt>
      <trkpt lat="32.05453" lon="118.716936">
        <ele>4.0</ele>
        <time>2026-09-30T23:39:09Z</time>
        <extensions><gpxtpx:TrackPointExtension>
          <gpxtpx:hr>172</gpxtpx:hr>
        </gpxtpx:TrackPointExtension></extensions>
      </trkpt>
      <trkpt lat="32.054495" lon="118.716919">
        <ele>4.0</ele>
        <time>2026-09-30T23:39:10Z</time>
        <extensions><gpxtpx:TrackPointExtension>
          <gpxtpx:hr>172</gpxtpx:hr>
        </gpxtpx:TrackPointExtension></extensions>
      </trkpt>
      <trkpt lat="32.054461" lon="118.716902">
        <ele>4.0</ele>
        <time>2026-09-30T23:39:11Z</time>
        <extensions><gpxtpx:TrackPointExtension>
          <gpxtpx:hr>172</gpxtpx:hr>
        </gpxtpx:TrackPointExtension></extensions>
      </trkpt>
      <trkpt lat="32.054427" lon="118.716885">
        <ele>4.0</ele>
        <time>2026-09-30T23:39:12Z</time>
        <extensions><gpxtpx:TrackPointExtension>
          <gpxtpx:hr>172</gpxtpx:hr>
        </gpxtpx:TrackPointExtension></extensions>
      </trkpt>
      <trkpt lat="32.054393" lon="118.716868">
        <ele>4.0</ele>
        <time>2026-09-30T23:39:13Z</time>
        <extensions><gpxtpx:TrackPointExtension>
          <gpxtpx:hr>172</gpxtpx:hr>
        </gpxtpx:TrackPointExtension></extensions>
      </trkpt>
      <trkpt lat="32.054359" lon="118.716851">
        <ele>4.0</ele>
        <time>2026-09-30T23:39:14Z</time>
        <extensions><gpxtpx:TrackPointExtension>
          <gpxtpx:hr>172</gpxtpx:hr>
        </gpxtpx:TrackPointExtension></extensions>
      </trkpt>
      <trkpt lat="32.054326" lon="118.716834">
        <ele>4.0</ele>
        <time>2026-09-30T23:39:15Z</time>
        <extensions><gpxtpx:TrackPointExtension>
          <gpxtpx:hr>172</gpxtpx:hr>
        </gpxtpx:TrackPointExtension></extensions>
      </trkpt>
      <trkpt lat="32.054293" lon="118.716817">
        <ele>4.0</ele>
        <time>2026-09-30T23:39:16Z</time>
        <extensions><gpxtpx:TrackPointExtension>
          <gpxtpx:hr>172</gpxtpx:hr>
        </gpxtpx:TrackPointExtension></extensions>
      </trkpt>
      <trkpt lat="32.05426" lon="118.7168">
        <ele>5.0</ele>
        <time>2026-09-30T23:39:17Z</time>
        <extensions><gpxtpx:TrackPointExtension>
          <gpxtpx:hr>172</gpxtpx:hr>
        </gpxtpx:TrackPointExtension></extensions>
      </trkpt>
      <trkpt lat="32.054226" lon="118.716784">
        <ele>5.0</ele>
        <time>2026-09-30T23:39:18Z</time>
        <extensions><gpxtpx:TrackPointExtension>
          <gpxtpx:hr>173</gpxtpx:hr>
        </gpxtpx:TrackPointExtension></extensions>
      </trkpt>
      <trkpt lat="32.054193" lon="118.716769">
        <ele>5.0</ele>
        <time>2026-09-30T23:39:19Z</time>
        <extensions><gpxtpx:TrackPointExtension>
          <gpxtpx:hr>173</gpxtpx:hr>
        </gpxtpx:TrackPointExtension></extensions>
      </trkpt>
      <trkpt lat="32.05416" lon="118.716754">
        <ele>5.0</ele>
        <time>2026-09-30T23:39:20Z</time>
        <extensions><gpxtpx:TrackPointExtension>
          <gpxtpx:hr>173</gpxtpx:hr>
        </gpxtpx:TrackPointExtension></extensions>
      </trkpt>
      <trkpt lat="32.054126" lon="118.71674">
        <ele>5.0</ele>
        <time>2026-09-30T23:39:21Z</time>
        <extensions><gpxtpx:TrackPointExtension>
          <gpxtpx:hr>173</gpxtpx:hr>
        </gpxtpx:TrackPointExtension></extensions>
      </trkpt>
      <trkpt lat="32.054092" lon="118.716726">
        <ele>4.0</ele>
        <time>2026-09-30T23:39:22Z</time>
        <extensions><gpxtpx:TrackPointExtension>
          <gpxtpx:hr>173</gpxtpx:hr>
        </gpxtpx:TrackPointExtension></extensions>
      </trkpt>
      <trkpt lat="32.054058" lon="118.716711">
        <ele>4.0</ele>
        <time>2026-09-30T23:39:23Z</time>
        <extensions><gpxtpx:TrackPointExtension>
          <gpxtpx:hr>173</gpxtpx:hr>
        </gpxtpx:TrackPointExtension></extensions>
      </trkpt>
      <trkpt lat="32.054024" lon="118.716695">
        <ele>4.0</ele>
        <time>2026-09-30T23:39:24Z</time>
        <extensions><gpxtpx:TrackPointExtension>
          <gpxtpx:hr>173</gpxtpx:hr>
        </gpxtpx:TrackPointExtension></extensions>
      </trkpt>
      <trkpt lat="32.05399" lon="118.716679">
        <ele>4.0</ele>
        <time>2026-09-30T23:39:25Z</time>
        <extensions><gpxtpx:TrackPointExtension>
          <gpxtpx:hr>172</gpxtpx:hr>
        </gpxtpx:TrackPointExtension></extensions>
      </trkpt>
      <trkpt lat="32.053957" lon="118.716663">
        <ele>4.0</ele>
        <time>2026-09-30T23:39:26Z</time>
        <extensions><gpxtpx:TrackPointExtension>
          <gpxtpx:hr>172</gpxtpx:hr>
        </gpxtpx:TrackPointExtension></extensions>
      </trkpt>
      <trkpt lat="32.053924" lon="118.716647">
        <ele>4.0</ele>
        <time>2026-09-30T23:39:27Z</time>
        <extensions><gpxtpx:TrackPointExtension>
          <gpxtpx:hr>172</gpxtpx:hr>
        </gpxtpx:TrackPointExtension></extensions>
      </trkpt>
      <trkpt lat="32.053891" lon="118.716629">
        <ele>4.0</ele>
        <time>2026-09-30T23:39:28Z</time>
        <extensions><gpxtpx:TrackPointExtension>
          <gpxtpx:hr>172</gpxtpx:hr>
        </gpxtpx:TrackPointExtension></extensions>
      </trkpt>
      <trkpt lat="32.053857" lon="118.716613">
        <ele>4.0</ele>
        <time>2026-09-30T23:39:29Z</time>
        <extensions><gpxtpx:TrackPointExtension>
          <gpxtpx:hr>172</gpxtpx:hr>
        </gpxtpx:TrackPointExtension></extensions>
      </trkpt>
      <trkpt lat="32.053824" lon="118.716596">
        <ele>4.0</ele>
        <time>2026-09-30T23:39:30Z</time>
        <extensions><gpxtpx:TrackPointExtension>
          <gpxtpx:hr>172</gpxtpx:hr>
        </gpxtpx:TrackPointExtension></extensions>
      </trkpt>
      <trkpt lat="32.05379" lon="118.716581">
        <ele>4.0</ele>
        <time>2026-09-30T23:39:31Z</time>
        <extensions><gpxtpx:TrackPointExtension>
          <gpxtpx:hr>172</gpxtpx:hr>
        </gpxtpx:TrackPointExtension></extensions>
      </trkpt>
      <trkpt lat="32.053756" lon="118.716565">
        <ele>4.0</ele>
        <time>2026-09-30T23:39:32Z</time>
        <extensions><gpxtpx:TrackPointExtension>
          <gpxtpx:hr>172</gpxtpx:hr>
        </gpxtpx:TrackPointExtension></extensions>
      </trkpt>
      <trkpt lat="32.053722" lon="118.71655">
        <ele>4.0</ele>
        <time>2026-09-30T23:39:33Z</time>
        <extensions><gpxtpx:TrackPointExtension>
          <gpxtpx:hr>173</gpxtpx:hr>
        </gpxtpx:TrackPointExtension></extensions>
      </trkpt>
      <trkpt lat="32.053688" lon="118.716534">
        <ele>4.0</ele>
        <time>2026-09-30T23:39:34Z</time>
        <extensions><gpxtpx:TrackPointExtension>
          <gpxtpx:hr>173</gpxtpx:hr>
        </gpxtpx:TrackPointExtension></extensions>
      </trkpt>
      <trkpt lat="32.053654" lon="118.716517">
        <ele>4.0</ele>
        <time>2026-09-30T23:39:35Z</time>
        <extensions><gpxtpx:TrackPointExtension>
          <gpxtpx:hr>173</gpxtpx:hr>
        </gpxtpx:TrackPointExtension></extensions>
      </trkpt>
      <trkpt lat="32.053621" lon="118.716499">
        <ele>4.0</ele>
        <time>2026-09-30T23:39:36Z</time>
        <extensions><gpxtpx:TrackPointExtension>
          <gpxtpx:hr>173</gpxtpx:hr>
        </gpxtpx:TrackPointExtension></extensions>
      </trkpt>
      <trkpt lat="32.053588" lon="118.716481">
        <ele>4.0</ele>
        <time>2026-09-30T23:39:37Z</time>
        <extensions><gpxtpx:TrackPointExtension>
          <gpxtpx:hr>173</gpxtpx:hr>
        </gpxtpx:TrackPointExtension></extensions>
      </trkpt>
      <trkpt lat="32.053555" lon="118.716461">
        <ele>4.0</ele>
        <time>2026-09-30T23:39:38Z</time>
        <extensions><gpxtpx:TrackPointExtension>
          <gpxtpx:hr>173</gpxtpx:hr>
        </gpxtpx:TrackPointExtension></extensions>
      </trkpt>
      <trkpt lat="32.053523" lon="118.716441">
        <ele>4.0</ele>
        <time>2026-09-30T23:39:39Z</time>
        <extensions><gpxtpx:TrackPointExtension>
          <gpxtpx:hr>173</gpxtpx:hr>
        </gpxtpx:TrackPointExtension></extensions>
      </trkpt>
      <trkpt lat="32.053491" lon="118.716421">
        <ele>4.0</ele>
        <time>2026-09-30T23:39:40Z</time>
        <extensions><gpxtpx:TrackPointExtension>
          <gpxtpx:hr>173</gpxtpx:hr>
        </gpxtpx:TrackPointExtension></extensions>
      </trkpt>
      <trkpt lat="32.053459" lon="118.716401">
        <ele>4.0</ele>
        <time>2026-09-30T23:39:41Z</time>
        <extensions><gpxtpx:TrackPointExtension>
          <gpxtpx:hr>173</gpxtpx:hr>
        </gpxtpx:TrackPointExtension></extensions>
      </trkpt>
      <trkpt lat="32.053425" lon="118.716383">
        <ele>4.0</ele>
        <time>2026-09-30T23:39:42Z</time>
        <extensions><gpxtpx:TrackPointExtension>
          <gpxtpx:hr>173</gpxtpx:hr>
        </gpxtpx:TrackPointExtension></extensions>
      </trkpt>
      <trkpt lat="32.053392" lon="118.716365">
        <ele>4.0</ele>
        <time>2026-09-30T23:39:43Z</time>
        <extensions><gpxtpx:TrackPointExtension>
          <gpxtpx:hr>173</gpxtpx:hr>
        </gpxtpx:TrackPointExtension></extensions>
      </trkpt>
      <trkpt lat="32.053358" lon="118.716348">
        <ele>4.0</ele>
        <time>2026-09-30T23:39:44Z</time>
        <extensions><gpxtpx:TrackPointExtension>
          <gpxtpx:hr>173</gpxtpx:hr>
        </gpxtpx:TrackPointExtension></extensions>
      </trkpt>
      <trkpt lat="32.053324" lon="118.716331">
        <ele>5.0</ele>
        <time>2026-09-30T23:39:45Z</time>
        <extensions><gpxtpx:TrackPointExtension>
          <gpxtpx:hr>173</gpxtpx:hr>
        </gpxtpx:TrackPointExtension></extensions>
      </trkpt>
      <trkpt lat="32.053289" lon="118.716315">
        <ele>5.0</ele>
        <time>2026-09-30T23:39:46Z</time>
        <extensions><gpxtpx:TrackPointExtension>
          <gpxtpx:hr>173</gpxtpx:hr>
        </gpxtpx:TrackPointExtension></extensions>
      </trkpt>
      <trkpt lat="32.053255" lon="118.716298">
        <ele>5.0</ele>
        <time>2026-09-30T23:39:47Z</time>
        <extensions><gpxtpx:TrackPointExtension>
          <gpxtpx:hr>173</gpxtpx:hr>
        </gpxtpx:TrackPointExtension></extensions>
      </trkpt>
      <trkpt lat="32.053222" lon="118.71628">
        <ele>5.0</ele>
        <time>2026-09-30T23:39:48Z</time>
        <extensions><gpxtpx:TrackPointExtension>
          <gpxtpx:hr>173</gpxtpx:hr>
        </gpxtpx:TrackPointExtension></extensions>
      </trkpt>
      <trkpt lat="32.05319" lon="118.71626">
        <ele>5.0</ele>
        <time>2026-09-30T23:39:49Z</time>
        <extensions><gpxtpx:TrackPointExtension>
          <gpxtpx:hr>173</gpxtpx:hr>
        </gpxtpx:TrackPointExtension></extensions>
      </trkpt>
      <trkpt lat="32.053157" lon="118.71624">
        <ele>5.0</ele>
        <time>2026-09-30T23:39:50Z</time>
        <extensions><gpxtpx:TrackPointExtension>
          <gpxtpx:hr>172</gpxtpx:hr>
        </gpxtpx:TrackPointExtension></extensions>
      </trkpt>
      <trkpt lat="32.053124" lon="118.71622">
        <ele>5.0</ele>
        <time>2026-09-30T23:39:51Z</time>
        <extensions><gpxtpx:TrackPointExtension>
          <gpxtpx:hr>172</gpxtpx:hr>
        </gpxtpx:TrackPointExtension></extensions>
      </trkpt>
      <trkpt lat="32.05309" lon="118.7162">
        <ele>5.0</ele>
        <time>2026-09-30T23:39:52Z</time>
        <extensions><gpxtpx:TrackPointExtension>
          <gpxtpx:hr>172</gpxtpx:hr>
        </gpxtpx:TrackPointExtension></extensions>
      </trkpt>
      <trkpt lat="32.053057" lon="118.71618">
        <ele>5.0</ele>
        <time>2026-09-30T23:39:53Z</time>
        <extensions><gpxtpx:TrackPointExtension>
          <gpxtpx:hr>172</gpxtpx:hr>
        </gpxtpx:TrackPointExtension></extensions>
      </trkpt>
      <trkpt lat="32.053023" lon="118.71616">
        <ele>5.0</ele>
        <time>2026-09-30T23:39:54Z</time>
        <extensions><gpxtpx:TrackPointExtension>
          <gpxtpx:hr>171</gpxtpx:hr>
        </gpxtpx:TrackPointExtension></extensions>
      </trkpt>
      <trkpt lat="32.052989" lon="118.716141">
        <ele>5.0</ele>
        <time>2026-09-30T23:39:55Z</time>
        <extensions><gpxtpx:TrackPointExtension>
          <gpxtpx:hr>172</gpxtpx:hr>
        </gpxtpx:TrackPointExtension></extensions>
      </trkpt>
      <trkpt lat="32.052956" lon="118.716121">
        <ele>5.0</ele>
        <time>2026-09-30T23:39:56Z</time>
        <extensions><gpxtpx:TrackPointExtension>
          <gpxtpx:hr>172</gpxtpx:hr>
        </gpxtpx:TrackPointExtension></extensions>
      </trkpt>
      <trkpt lat="32.052922" lon="118.716101">
        <ele>5.0</ele>
        <time>2026-09-30T23:39:57Z</time>
        <extensions><gpxtpx:TrackPointExtension>
          <gpxtpx:hr>172</gpxtpx:hr>
        </gpxtpx:TrackPointExtension></extensions>
      </trkpt>
      <trkpt lat="32.052889" lon="118.716081">
        <ele>5.0</ele>
        <time>2026-09-30T23:39:58Z</time>
        <extensions><gpxtpx:TrackPointExtension>
          <gpxtpx:hr>172</gpxtpx:hr>
        </gpxtpx:TrackPointExtension></extensions>
      </trkpt>
      <trkpt lat="32.052856" lon="118.71606">
        <ele>5.0</ele>
        <time>2026-09-30T23:39:59Z</time>
        <extensions><gpxtpx:TrackPointExtension>
          <gpxtpx:hr>173</gpxtpx:hr>
        </gpxtpx:TrackPointExtension></extensions>
      </trkpt>
      <trkpt lat="32.052823" lon="118.71604">
        <ele>5.0</ele>
        <time>2026-09-30T23:40:00Z</time>
        <extensions><gpxtpx:TrackPointExtension>
          <gpxtpx:hr>173</gpxtpx:hr>
        </gpxtpx:TrackPointExtension></extensions>
      </trkpt>
      <trkpt lat="32.052789" lon="118.716022">
        <ele>5.0</ele>
        <time>2026-09-30T23:40:01Z</time>
        <extensions><gpxtpx:TrackPointExtension>
          <gpxtpx:hr>173</gpxtpx:hr>
        </gpxtpx:TrackPointExtension></extensions>
      </trkpt>
      <trkpt lat="32.052756" lon="118.716004">
        <ele>5.0</ele>
        <time>2026-09-30T23:40:02Z</time>
        <extensions><gpxtpx:TrackPointExtension>
          <gpxtpx:hr>173</gpxtpx:hr>
        </gpxtpx:TrackPointExtension></extensions>
      </trkpt>
      <trkpt lat="32.052722" lon="118.715986">
        <ele>5.0</ele>
        <time>2026-09-30T23:40:03Z</time>
        <extensions><gpxtpx:TrackPointExtension>
          <gpxtpx:hr>173</gpxtpx:hr>
        </gpxtpx:TrackPointExtension></extensions>
      </trkpt>
      <trkpt lat="32.052688" lon="118.715969">
        <ele>5.0</ele>
        <time>2026-09-30T23:40:04Z</time>
        <extensions><gpxtpx:TrackPointExtension>
          <gpxtpx:hr>173</gpxtpx:hr>
        </gpxtpx:TrackPointExtension></extensions>
      </trkpt>
      <trkpt lat="32.052654" lon="118.715951">
        <ele>5.0</ele>
        <time>2026-09-30T23:40:05Z</time>
        <extensions><gpxtpx:TrackPointExtension>
          <gpxtpx:hr>172</gpxtpx:hr>
        </gpxtpx:TrackPointExtension></extensions>
      </trkpt>
      <trkpt lat="32.05262" lon="118.715933">
        <ele>5.0</ele>
        <time>2026-09-30T23:40:06Z</time>
        <extensions><gpxtpx:TrackPointExtension>
          <gpxtpx:hr>172</gpxtpx:hr>
        </gpxtpx:TrackPointExtension></extensions>
      </trkpt>
      <trkpt lat="32.052586" lon="118.715915">
        <ele>5.0</ele>
        <time>2026-09-30T23:40:07Z</time>
        <extensions><gpxtpx:TrackPointExtension>
          <gpxtpx:hr>172</gpxtpx:hr>
        </gpxtpx:TrackPointExtension></extensions>
      </trkpt>
      <trkpt lat="32.052552" lon="118.715897">
        <ele>5.0</ele>
        <time>2026-09-30T23:40:08Z</time>
        <extensions><gpxtpx:TrackPointExtension>
          <gpxtpx:hr>172</gpxtpx:hr>
        </gpxtpx:TrackPointExtension></extensions>
      </trkpt>
      <trkpt lat="32.052519" lon="118.715879">
        <ele>5.0</ele>
        <time>2026-09-30T23:40:09Z</time>
        <extensions><gpxtpx:TrackPointExtension>
          <gpxtpx:hr>172</gpxtpx:hr>
        </gpxtpx:TrackPointExtension></extensions>
      </trkpt>
      <trkpt lat="32.052485" lon="118.715861">
        <ele>5.0</ele>
        <time>2026-09-30T23:40:10Z</time>
        <extensions><gpxtpx:TrackPointExtension>
          <gpxtpx:hr>172</gpxtpx:hr>
        </gpxtpx:TrackPointExtension></extensions>
      </trkpt>
      <trkpt lat="32.052452" lon="118.715843">
        <ele>5.0</ele>
        <time>2026-09-30T23:40:11Z</time>
        <extensions><gpxtpx:TrackPointExtension>
          <gpxtpx:hr>172</gpxtpx:hr>
        </gpxtpx:TrackPointExtension></extensions>
      </trkpt>
      <trkpt lat="32.052418" lon="118.715825">
        <ele>5.0</ele>
        <time>2026-09-30T23:40:12Z</time>
        <extensions><gpxtpx:TrackPointExtension>
          <gpxtpx:hr>172</gpxtpx:hr>
        </gpxtpx:TrackPointExtension></extensions>
      </trkpt>
      <trkpt lat="32.052384" lon="118.715807">
        <ele>5.0</ele>
        <time>2026-09-30T23:40:13Z</time>
        <extensions><gpxtpx:TrackPointExtension>
          <gpxtpx:hr>171</gpxtpx:hr>
        </gpxtpx:TrackPointExtension></extensions>
      </trkpt>
      <trkpt lat="32.05235" lon="118.715787">
        <ele>5.0</ele>
        <time>2026-09-30T23:40:14Z</time>
        <extensions><gpxtpx:TrackPointExtension>
          <gpxtpx:hr>171</gpxtpx:hr>
        </gpxtpx:TrackPointExtension></extensions>
      </trkpt>
      <trkpt lat="32.052316" lon="118.715767">
        <ele>5.0</ele>
        <time>2026-09-30T23:40:15Z</time>
        <extensions><gpxtpx:TrackPointExtension>
          <gpxtpx:hr>171</gpxtpx:hr>
        </gpxtpx:TrackPointExtension></extensions>
      </trkpt>
      <trkpt lat="32.052282" lon="118.715747">
        <ele>5.0</ele>
        <time>2026-09-30T23:40:16Z</time>
        <extensions><gpxtpx:TrackPointExtension>
          <gpxtpx:hr>171</gpxtpx:hr>
        </gpxtpx:TrackPointExtension></extensions>
      </trkpt>
      <trkpt lat="32.052247" lon="118.715726">
        <ele>5.0</ele>
        <time>2026-09-30T23:40:17Z</time>
        <extensions><gpxtpx:TrackPointExtension>
          <gpxtpx:hr>171</gpxtpx:hr>
        </gpxtpx:TrackPointExtension></extensions>
      </trkpt>
      <trkpt lat="32.052213" lon="118.715706">
        <ele>5.0</ele>
        <time>2026-09-30T23:40:18Z</time>
        <extensions><gpxtpx:TrackPointExtension>
          <gpxtpx:hr>171</gpxtpx:hr>
        </gpxtpx:TrackPointExtension></extensions>
      </trkpt>
      <trkpt lat="32.05218" lon="118.715687">
        <ele>5.0</ele>
        <time>2026-09-30T23:40:19Z</time>
        <extensions><gpxtpx:TrackPointExtension>
          <gpxtpx:hr>171</gpxtpx:hr>
        </gpxtpx:TrackPointExtension></extensions>
      </trkpt>
      <trkpt lat="32.052147" lon="118.715668">
        <ele>5.0</ele>
        <time>2026-09-30T23:40:20Z</time>
        <extensions><gpxtpx:TrackPointExtension>
          <gpxtpx:hr>172</gpxtpx:hr>
        </gpxtpx:TrackPointExtension></extensions>
      </trkpt>
      <trkpt lat="32.052115" lon="118.71565">
        <ele>5.0</ele>
        <time>2026-09-30T23:40:21Z</time>
        <extensions><gpxtpx:TrackPointExtension>
          <gpxtpx:hr>172</gpxtpx:hr>
        </gpxtpx:TrackPointExtension></extensions>
      </trkpt>
      <trkpt lat="32.052082" lon="118.715635">
        <ele>5.0</ele>
        <time>2026-09-30T23:40:22Z</time>
        <extensions><gpxtpx:TrackPointExtension>
          <gpxtpx:hr>172</gpxtpx:hr>
        </gpxtpx:TrackPointExtension></extensions>
      </trkpt>
      <trkpt lat="32.05205" lon="118.715621">
        <ele>5.0</ele>
        <time>2026-09-30T23:40:23Z</time>
        <extensions><gpxtpx:TrackPointExtension>
          <gpxtpx:hr>172</gpxtpx:hr>
        </gpxtpx:TrackPointExtension></extensions>
      </trkpt>
      <trkpt lat="32.052017" lon="118.715607">
        <ele>5.0</ele>
        <time>2026-09-30T23:40:24Z</time>
        <extensions><gpxtpx:TrackPointExtension>
          <gpxtpx:hr>172</gpxtpx:hr>
        </gpxtpx:TrackPointExtension></extensions>
      </trkpt>
      <trkpt lat="32.051984" lon="118.715593">
        <ele>5.0</ele>
        <time>2026-09-30T23:40:25Z</time>
        <extensions><gpxtpx:TrackPointExtension>
          <gpxtpx:hr>172</gpxtpx:hr>
        </gpxtpx:TrackPointExtension></extensions>
      </trkpt>
      <trkpt lat="32.051951" lon="118.715579">
        <ele>5.0</ele>
        <time>2026-09-30T23:40:26Z</time>
        <extensions><gpxtpx:TrackPointExtension>
          <gpxtpx:hr>172</gpxtpx:hr>
        </gpxtpx:TrackPointExtension></extensions>
      </trkpt>
      <trkpt lat="32.051919" lon="118.715563">
        <ele>5.0</ele>
        <time>2026-09-30T23:40:27Z</time>
        <extensions><gpxtpx:TrackPointExtension>
          <gpxtpx:hr>172</gpxtpx:hr>
        </gpxtpx:TrackPointExtension></extensions>
      </trkpt>
      <trkpt lat="32.051886" lon="118.715547">
        <ele>5.0</ele>
        <time>2026-09-30T23:40:28Z</time>
        <extensions><gpxtpx:TrackPointExtension>
          <gpxtpx:hr>172</gpxtpx:hr>
        </gpxtpx:TrackPointExtension></extensions>
      </trkpt>
      <trkpt lat="32.051853" lon="118.715531">
        <ele>5.0</ele>
        <time>2026-09-30T23:40:29Z</time>
        <extensions><gpxtpx:TrackPointExtension>
          <gpxtpx:hr>172</gpxtpx:hr>
        </gpxtpx:TrackPointExtension></extensions>
      </trkpt>
      <trkpt lat="32.051819" lon="118.715515">
        <ele>5.0</ele>
        <time>2026-09-30T23:40:30Z</time>
        <extensions><gpxtpx:TrackPointExtension>
          <gpxtpx:hr>173</gpxtpx:hr>
        </gpxtpx:TrackPointExtension></extensions>
      </trkpt>
      <trkpt lat="32.051786" lon="118.715499">
        <ele>5.0</ele>
        <time>2026-09-30T23:40:31Z</time>
        <extensions><gpxtpx:TrackPointExtension>
          <gpxtpx:hr>173</gpxtpx:hr>
        </gpxtpx:TrackPointExtension></extensions>
      </trkpt>
      <trkpt lat="32.051753" lon="118.715482">
        <ele>5.0</ele>
        <time>2026-09-30T23:40:32Z</time>
        <extensions><gpxtpx:TrackPointExtension>
          <gpxtpx:hr>173</gpxtpx:hr>
        </gpxtpx:TrackPointExtension></extensions>
      </trkpt>
      <trkpt lat="32.051721" lon="118.715466">
        <ele>5.0</ele>
        <time>2026-09-30T23:40:33Z</time>
        <extensions><gpxtpx:TrackPointExtension>
          <gpxtpx:hr>173</gpxtpx:hr>
        </gpxtpx:TrackPointExtension></extensions>
      </trkpt>
      <trkpt lat="32.05169" lon="118.715449">
        <ele>5.0</ele>
        <time>2026-09-30T23:40:34Z</time>
        <extensions><gpxtpx:TrackPointExtension>
          <gpxtpx:hr>173</gpxtpx:hr>
        </gpxtpx:TrackPointExtension></extensions>
      </trkpt>
      <trkpt lat="32.051658" lon="118.715431">
        <ele>5.0</ele>
        <time>2026-09-30T23:40:35Z</time>
        <extensions><gpxtpx:TrackPointExtension>
          <gpxtpx:hr>173</gpxtpx:hr>
        </gpxtpx:TrackPointExtension></extensions>
      </trkpt>
      <trkpt lat="32.051626" lon="118.715414">
        <ele>5.0</ele>
        <time>2026-09-30T23:40:36Z</time>
        <extensions><gpxtpx:TrackPointExtension>
          <gpxtpx:hr>173</gpxtpx:hr>
        </gpxtpx:TrackPointExtension></extensions>
      </trkpt>
      <trkpt lat="32.051593" lon="118.715397">
        <ele>5.0</ele>
        <time>2026-09-30T23:40:37Z</time>
        <extensions><gpxtpx:TrackPointExtension>
          <gpxtpx:hr>173</gpxtpx:hr>
        </gpxtpx:TrackPointExtension></extensions>
      </trkpt>
      <trkpt lat="32.05156" lon="118.71538">
        <ele>5.0</ele>
        <time>2026-09-30T23:40:38Z</time>
        <extensions><gpxtpx:TrackPointExtension>
          <gpxtpx:hr>172</gpxtpx:hr>
        </gpxtpx:TrackPointExtension></extensions>
      </trkpt>
      <trkpt lat="32.051527" lon="118.715363">
        <ele>5.0</ele>
        <time>2026-09-30T23:40:39Z</time>
        <extensions><gpxtpx:TrackPointExtension>
          <gpxtpx:hr>173</gpxtpx:hr>
        </gpxtpx:TrackPointExtension></extensions>
      </trkpt>
      <trkpt lat="32.051493" lon="118.715346">
        <ele>5.0</ele>
        <time>2026-09-30T23:40:40Z</time>
        <extensions><gpxtpx:TrackPointExtension>
          <gpxtpx:hr>173</gpxtpx:hr>
        </gpxtpx:TrackPointExtension></extensions>
      </trkpt>
      <trkpt lat="32.05146" lon="118.715329">
        <ele>5.0</ele>
        <time>2026-09-30T23:40:41Z</time>
        <extensions><gpxtpx:TrackPointExtension>
          <gpxtpx:hr>172</gpxtpx:hr>
        </gpxtpx:TrackPointExtension></extensions>
      </trkpt>
      <trkpt lat="32.051427" lon="118.715311">
        <ele>5.0</ele>
        <time>2026-09-30T23:40:42Z</time>
        <extensions><gpxtpx:TrackPointExtension>
          <gpxtpx:hr>172</gpxtpx:hr>
        </gpxtpx:TrackPointExtension></extensions>
      </trkpt>
      <trkpt lat="32.051394" lon="118.715294">
        <ele>5.0</ele>
        <time>2026-09-30T23:40:43Z</time>
        <extensions><gpxtpx:TrackPointExtension>
          <gpxtpx:hr>172</gpxtpx:hr>
        </gpxtpx:TrackPointExtension></extensions>
      </trkpt>
      <trkpt lat="32.051361" lon="118.715276">
        <ele>5.0</ele>
        <time>2026-09-30T23:40:44Z</time>
        <extensions><gpxtpx:TrackPointExtension>
          <gpxtpx:hr>172</gpxtpx:hr>
        </gpxtpx:TrackPointExtension></extensions>
      </trkpt>
      <trkpt lat="32.051329" lon="118.715258">
        <ele>5.0</ele>
        <time>2026-09-30T23:40:45Z</time>
        <extensions><gpxtpx:TrackPointExtension>
          <gpxtpx:hr>173</gpxtpx:hr>
        </gpxtpx:TrackPointExtension></extensions>
      </trkpt>
      <trkpt lat="32.051296" lon="118.715241">
        <ele>5.0</ele>
        <time>2026-09-30T23:40:46Z</time>
        <extensions><gpxtpx:TrackPointExtension>
          <gpxtpx:hr>173</gpxtpx:hr>
        </gpxtpx:TrackPointExtension></extensions>
      </trkpt>
      <trkpt lat="32.051263" lon="118.715224">
        <ele>5.0</ele>
        <time>2026-09-30T23:40:47Z</time>
        <extensions><gpxtpx:TrackPointExtension>
          <gpxtpx:hr>172</gpxtpx:hr>
        </gpxtpx:TrackPointExtension></extensions>
      </trkpt>
      <trkpt lat="32.051228" lon="118.715207">
        <ele>5.0</ele>
        <time>2026-09-30T23:40:48Z</time>
        <extensions><gpxtpx:TrackPointExtension>
          <gpxtpx:hr>172</gpxtpx:hr>
        </gpxtpx:TrackPointExtension></extensions>
      </trkpt>
      <trkpt lat="32.051193" lon="118.715191">
        <ele>5.0</ele>
        <time>2026-09-30T23:40:49Z</time>
        <extensions><gpxtpx:TrackPointExtension>
          <gpxtpx:hr>172</gpxtpx:hr>
        </gpxtpx:TrackPointExtension></extensions>
      </trkpt>
      <trkpt lat="32.051157" lon="118.715177">
        <ele>5.0</ele>
        <time>2026-09-30T23:40:50Z</time>
        <extensions><gpxtpx:TrackPointExtension>
          <gpxtpx:hr>172</gpxtpx:hr>
        </gpxtpx:TrackPointExtension></extensions>
      </trkpt>
      <trkpt lat="32.051121" lon="118.715163">
        <ele>5.0</ele>
        <time>2026-09-30T23:40:51Z</time>
        <extensions><gpxtpx:TrackPointExtension>
          <gpxtpx:hr>172</gpxtpx:hr>
        </gpxtpx:TrackPointExtension></extensions>
      </trkpt>
      <trkpt lat="32.051084" lon="118.715151">
        <ele>5.0</ele>
        <time>2026-09-30T23:40:52Z</time>
        <extensions><gpxtpx:TrackPointExtension>
          <gpxtpx:hr>172</gpxtpx:hr>
        </gpxtpx:TrackPointExtension></extensions>
      </trkpt>
      <trkpt lat="32.051047" lon="118.71514">
        <ele>5.0</ele>
        <time>2026-09-30T23:40:53Z</time>
        <extensions><gpxtpx:TrackPointExtension>
          <gpxtpx:hr>172</gpxtpx:hr>
        </gpxtpx:TrackPointExtension></extensions>
      </trkpt>
      <trkpt lat="32.05101" lon="118.715129">
        <ele>5.0</ele>
        <time>2026-09-30T23:40:54Z</time>
        <extensions><gpxtpx:TrackPointExtension>
          <gpxtpx:hr>172</gpxtpx:hr>
        </gpxtpx:TrackPointExtension></extensions>
      </trkpt>
      <trkpt lat="32.050973" lon="118.715118">
        <ele>5.0</ele>
        <time>2026-09-30T23:40:55Z</time>
        <extensions><gpxtpx:TrackPointExtension>
          <gpxtpx:hr>172</gpxtpx:hr>
        </gpxtpx:TrackPointExtension></extensions>
      </trkpt>
      <trkpt lat="32.050936" lon="118.715107">
        <ele>5.0</ele>
        <time>2026-09-30T23:40:56Z</time>
        <extensions><gpxtpx:TrackPointExtension>
          <gpxtpx:hr>172</gpxtpx:hr>
        </gpxtpx:TrackPointExtension></extensions>
      </trkpt>
      <trkpt lat="32.050899" lon="118.715097">
        <ele>5.0</ele>
        <time>2026-09-30T23:40:57Z</time>
        <extensions><gpxtpx:TrackPointExtension>
          <gpxtpx:hr>172</gpxtpx:hr>
        </gpxtpx:TrackPointExtension></extensions>
      </trkpt>
      <trkpt lat="32.050862" lon="118.715087">
        <ele>5.0</ele>
        <time>2026-09-30T23:40:58Z</time>
        <extensions><gpxtpx:TrackPointExtension>
          <gpxtpx:hr>172</gpxtpx:hr>
        </gpxtpx:TrackPointExtension></extensions>
      </trkpt>
      <trkpt lat="32.050825" lon="118.715077">
        <ele>5.0</ele>
        <time>2026-09-30T23:40:59Z</time>
        <extensions><gpxtpx:TrackPointExtension>
          <gpxtpx:hr>172</gpxtpx:hr>
        </gpxtpx:TrackPointExtension></extensions>
      </trkpt>
      <trkpt lat="32.050789" lon="118.715066">
        <ele>5.0</ele>
        <time>2026-09-30T23:41:00Z</time>
        <extensions><gpxtpx:TrackPointExtension>
          <gpxtpx:hr>172</gpxtpx:hr>
        </gpxtpx:TrackPointExtension></extensions>
      </trkpt>
      <trkpt lat="32.050754" lon="118.715055">
        <ele>6.0</ele>
        <time>2026-09-30T23:41:01Z</time>
        <extensions><gpxtpx:TrackPointExtension>
          <gpxtpx:hr>172</gpxtpx:hr>
        </gpxtpx:TrackPointExtension></extensions>
      </trkpt>
      <trkpt lat="32.050719" lon="118.715043">
        <ele>6.0</ele>
        <time>2026-09-30T23:41:02Z</time>
        <extensions><gpxtpx:TrackPointExtension>
          <gpxtpx:hr>173</gpxtpx:hr>
        </gpxtpx:TrackPointExtension></extensions>
      </trkpt>
      <trkpt lat="32.050684" lon="118.71503">
        <ele>6.0</ele>
        <time>2026-09-30T23:41:03Z</time>
        <extensions><gpxtpx:TrackPointExtension>
          <gpxtpx:hr>173</gpxtpx:hr>
        </gpxtpx:TrackPointExtension></extensions>
      </trkpt>
      <trkpt lat="32.050648" lon="118.715016">
        <ele>6.0</ele>
        <time>2026-09-30T23:41:04Z</time>
        <extensions><gpxtpx:TrackPointExtension>
          <gpxtpx:hr>173</gpxtpx:hr>
        </gpxtpx:TrackPointExtension></extensions>
      </trkpt>
      <trkpt lat="32.050614" lon="118.715002">
        <ele>6.0</ele>
        <time>2026-09-30T23:41:05Z</time>
        <extensions><gpxtpx:TrackPointExtension>
          <gpxtpx:hr>173</gpxtpx:hr>
        </gpxtpx:TrackPointExtension></extensions>
      </trkpt>
      <trkpt lat="32.050579" lon="118.714986">
        <ele>6.0</ele>
        <time>2026-09-30T23:41:06Z</time>
        <extensions><gpxtpx:TrackPointExtension>
          <gpxtpx:hr>173</gpxtpx:hr>
        </gpxtpx:TrackPointExtension></extensions>
      </trkpt>
      <trkpt lat="32.050545" lon="118.71497">
        <ele>6.0</ele>
        <time>2026-09-30T23:41:07Z</time>
        <extensions><gpxtpx:TrackPointExtension>
          <gpxtpx:hr>173</gpxtpx:hr>
        </gpxtpx:TrackPointExtension></extensions>
      </trkpt>
      <trkpt lat="32.050511" lon="118.714952">
        <ele>6.0</ele>
        <time>2026-09-30T23:41:08Z</time>
        <extensions><gpxtpx:TrackPointExtension>
          <gpxtpx:hr>173</gpxtpx:hr>
        </gpxtpx:TrackPointExtension></extensions>
      </trkpt>
      <trkpt lat="32.050477" lon="118.714933">
        <ele>6.0</ele>
        <time>2026-09-30T23:41:09Z</time>
        <extensions><gpxtpx:TrackPointExtension>
          <gpxtpx:hr>172</gpxtpx:hr>
        </gpxtpx:TrackPointExtension></extensions>
      </trkpt>
      <trkpt lat="32.050444" lon="118.714915">
        <ele>5.0</ele>
        <time>2026-09-30T23:41:10Z</time>
        <extensions><gpxtpx:TrackPointExtension>
          <gpxtpx:hr>172</gpxtpx:hr>
        </gpxtpx:TrackPointExtension></extensions>
      </trkpt>
      <trkpt lat="32.050411" lon="118.714898">
        <ele>5.0</ele>
        <time>2026-09-30T23:41:11Z</time>
        <extensions><gpxtpx:TrackPointExtension>
          <gpxtpx:hr>171</gpxtpx:hr>
        </gpxtpx:TrackPointExtension></extensions>
      </trkpt>
      <trkpt lat="32.050378" lon="118.714881">
        <ele>5.0</ele>
        <time>2026-09-30T23:41:12Z</time>
        <extensions><gpxtpx:TrackPointExtension>
          <gpxtpx:hr>171</gpxtpx:hr>
        </gpxtpx:TrackPointExtension></extensions>
      </trkpt>
      <trkpt lat="32.050344" lon="118.714865">
        <ele>5.0</ele>
        <time>2026-09-30T23:41:13Z</time>
        <extensions><gpxtpx:TrackPointExtension>
          <gpxtpx:hr>170</gpxtpx:hr>
        </gpxtpx:TrackPointExtension></extensions>
      </trkpt>
      <trkpt lat="32.05031" lon="118.71485">
        <ele>5.0</ele>
        <time>2026-09-30T23:41:14Z</time>
        <extensions><gpxtpx:TrackPointExtension>
          <gpxtpx:hr>170</gpxtpx:hr>
        </gpxtpx:TrackPointExtension></extensions>
      </trkpt>
      <trkpt lat="32.050275" lon="118.714834">
        <ele>5.0</ele>
        <time>2026-09-30T23:41:15Z</time>
        <extensions><gpxtpx:TrackPointExtension>
          <gpxtpx:hr>169</gpxtpx:hr>
        </gpxtpx:TrackPointExtension></extensions>
      </trkpt>
      <trkpt lat="32.05024" lon="118.714818">
        <ele>5.0</ele>
        <time>2026-09-30T23:41:16Z</time>
        <extensions><gpxtpx:TrackPointExtension>
          <gpxtpx:hr>169</gpxtpx:hr>
        </gpxtpx:TrackPointExtension></extensions>
      </trkpt>
      <trkpt lat="32.050205" lon="118.714803">
        <ele>5.0</ele>
        <time>2026-09-30T23:41:17Z</time>
        <extensions><gpxtpx:TrackPointExtension>
          <gpxtpx:hr>169</gpxtpx:hr>
        </gpxtpx:TrackPointExtension></extensions>
      </trkpt>
      <trkpt lat="32.05017" lon="118.714787">
        <ele>5.0</ele>
        <time>2026-09-30T23:41:18Z</time>
        <extensions><gpxtpx:TrackPointExtension>
          <gpxtpx:hr>169</gpxtpx:hr>
        </gpxtpx:TrackPointExtension></extensions>
      </trkpt>
      <trkpt lat="32.050135" lon="118.714771">
        <ele>5.0</ele>
        <time>2026-09-30T23:41:19Z</time>
        <extensions><gpxtpx:TrackPointExtension>
          <gpxtpx:hr>168</gpxtpx:hr>
        </gpxtpx:TrackPointExtension></extensions>
      </trkpt>
      <trkpt lat="32.050101" lon="118.714753">
        <ele>5.0</ele>
        <time>2026-09-30T23:41:20Z</time>
        <extensions><gpxtpx:TrackPointExtension>
          <gpxtpx:hr>168</gpxtpx:hr>
        </gpxtpx:TrackPointExtension></extensions>
      </trkpt>
      <trkpt lat="32.050068" lon="118.714733">
        <ele>5.0</ele>
        <time>2026-09-30T23:41:21Z</time>
        <extensions><gpxtpx:TrackPointExtension>
          <gpxtpx:hr>168</gpxtpx:hr>
        </gpxtpx:TrackPointExtension></extensions>
      </trkpt>
      <trkpt lat="32.050035" lon="118.714713">
        <ele>5.0</ele>
        <time>2026-09-30T23:41:22Z</time>
        <extensions><gpxtpx:TrackPointExtension>
          <gpxtpx:hr>168</gpxtpx:hr>
        </gpxtpx:TrackPointExtension></extensions>
      </trkpt>
      <trkpt lat="32.050003" lon="118.714692">
        <ele>5.0</ele>
        <time>2026-09-30T23:41:23Z</time>
        <extensions><gpxtpx:TrackPointExtension>
          <gpxtpx:hr>168</gpxtpx:hr>
        </gpxtpx:TrackPointExtension></extensions>
      </trkpt>
      <trkpt lat="32.049971" lon="118.714671">
        <ele>5.0</ele>
        <time>2026-09-30T23:41:24Z</time>
        <extensions><gpxtpx:TrackPointExtension>
          <gpxtpx:hr>168</gpxtpx:hr>
        </gpxtpx:TrackPointExtension></extensions>
      </trkpt>
      <trkpt lat="32.049938" lon="118.714651">
        <ele>5.0</ele>
        <time>2026-09-30T23:41:25Z</time>
        <extensions><gpxtpx:TrackPointExtension>
          <gpxtpx:hr>168</gpxtpx:hr>
        </gpxtpx:TrackPointExtension></extensions>
      </trkpt>
      <trkpt lat="32.049905" lon="118.714632">
        <ele>5.0</ele>
        <time>2026-09-30T23:41:26Z</time>
        <extensions><gpxtpx:TrackPointExtension>
          <gpxtpx:hr>168</gpxtpx:hr>
        </gpxtpx:TrackPointExtension></extensions>
      </trkpt>
      <trkpt lat="32.049871" lon="118.714615">
        <ele>5.0</ele>
        <time>2026-09-30T23:41:27Z</time>
        <extensions><gpxtpx:TrackPointExtension>
          <gpxtpx:hr>168</gpxtpx:hr>
        </gpxtpx:TrackPointExtension></extensions>
      </trkpt>
      <trkpt lat="32.049838" lon="118.714599">
        <ele>5.0</ele>
        <time>2026-09-30T23:41:28Z</time>
        <extensions><gpxtpx:TrackPointExtension>
          <gpxtpx:hr>168</gpxtpx:hr>
        </gpxtpx:TrackPointExtension></extensions>
      </trkpt>
      <trkpt lat="32.049806" lon="118.714583">
        <ele>5.0</ele>
        <time>2026-09-30T23:41:29Z</time>
        <extensions><gpxtpx:TrackPointExtension>
          <gpxtpx:hr>168</gpxtpx:hr>
        </gpxtpx:TrackPointExtension></extensions>
      </trkpt>
      <trkpt lat="32.049773" lon="118.714567">
        <ele>5.0</ele>
        <time>2026-09-30T23:41:30Z</time>
        <extensions><gpxtpx:TrackPointExtension>
          <gpxtpx:hr>168</gpxtpx:hr>
        </gpxtpx:TrackPointExtension></extensions>
      </trkpt>
      <trkpt lat="32.04974" lon="118.71455">
        <ele>5.0</ele>
        <time>2026-09-30T23:41:31Z</time>
        <extensions><gpxtpx:TrackPointExtension>
          <gpxtpx:hr>168</gpxtpx:hr>
        </gpxtpx:TrackPointExtension></extensions>
      </trkpt>
      <trkpt lat="32.049707" lon="118.714533">
        <ele>5.0</ele>
        <time>2026-09-30T23:41:32Z</time>
        <extensions><gpxtpx:TrackPointExtension>
          <gpxtpx:hr>168</gpxtpx:hr>
        </gpxtpx:TrackPointExtension></extensions>
      </trkpt>
      <trkpt lat="32.049674" lon="118.714515">
        <ele>5.0</ele>
        <time>2026-09-30T23:41:33Z</time>
        <extensions><gpxtpx:TrackPointExtension>
          <gpxtpx:hr>167</gpxtpx:hr>
        </gpxtpx:TrackPointExtension></extensions>
      </trkpt>
      <trkpt lat="32.049641" lon="118.714497">
        <ele>5.0</ele>
        <time>2026-09-30T23:41:34Z</time>
        <extensions><gpxtpx:TrackPointExtension>
          <gpxtpx:hr>167</gpxtpx:hr>
        </gpxtpx:TrackPointExtension></extensions>
      </trkpt>
      <trkpt lat="32.049607" lon="118.714479">
        <ele>5.0</ele>
        <time>2026-09-30T23:41:35Z</time>
        <extensions><gpxtpx:TrackPointExtension>
          <gpxtpx:hr>167</gpxtpx:hr>
        </gpxtpx:TrackPointExtension></extensions>
      </trkpt>
      <trkpt lat="32.049573" lon="118.71446">
        <ele>5.0</ele>
        <time>2026-09-30T23:41:36Z</time>
        <extensions><gpxtpx:TrackPointExtension>
          <gpxtpx:hr>168</gpxtpx:hr>
        </gpxtpx:TrackPointExtension></extensions>
      </trkpt>
      <trkpt lat="32.049539" lon="118.714441">
        <ele>5.0</ele>
        <time>2026-09-30T23:41:37Z</time>
        <extensions><gpxtpx:TrackPointExtension>
          <gpxtpx:hr>168</gpxtpx:hr>
        </gpxtpx:TrackPointExtension></extensions>
      </trkpt>
      <trkpt lat="32.049506" lon="118.714422">
        <ele>5.0</ele>
        <time>2026-09-30T23:41:38Z</time>
        <extensions><gpxtpx:TrackPointExtension>
          <gpxtpx:hr>169</gpxtpx:hr>
        </gpxtpx:TrackPointExtension></extensions>
      </trkpt>
      <trkpt lat="32.049472" lon="118.714402">
        <ele>5.0</ele>
        <time>2026-09-30T23:41:39Z</time>
        <extensions><gpxtpx:TrackPointExtension>
          <gpxtpx:hr>169</gpxtpx:hr>
        </gpxtpx:TrackPointExtension></extensions>
      </trkpt>
      <trkpt lat="32.049438" lon="118.714382">
        <ele>5.0</ele>
        <time>2026-09-30T23:41:40Z</time>
        <extensions><gpxtpx:TrackPointExtension>
          <gpxtpx:hr>170</gpxtpx:hr>
        </gpxtpx:TrackPointExtension></extensions>
      </trkpt>
      <trkpt lat="32.049405" lon="118.714363">
        <ele>5.0</ele>
        <time>2026-09-30T23:41:41Z</time>
        <extensions><gpxtpx:TrackPointExtension>
          <gpxtpx:hr>170</gpxtpx:hr>
        </gpxtpx:TrackPointExtension></extensions>
      </trkpt>
      <trkpt lat="32.049371" lon="118.714345">
        <ele>5.0</ele>
        <time>2026-09-30T23:41:42Z</time>
        <extensions><gpxtpx:TrackPointExtension>
          <gpxtpx:hr>170</gpxtpx:hr>
        </gpxtpx:TrackPointExtension></extensions>
      </trkpt>
      <trkpt lat="32.049337" lon="118.714327">
        <ele>5.0</ele>
        <time>2026-09-30T23:41:43Z</time>
        <extensions><gpxtpx:TrackPointExtension>
          <gpxtpx:hr>170</gpxtpx:hr>
        </gpxtpx:TrackPointExtension></extensions>
      </trkpt>
      <trkpt lat="32.049304" lon="118.714309">
        <ele>5.0</ele>
        <time>2026-09-30T23:41:44Z</time>
        <extensions><gpxtpx:TrackPointExtension>
          <gpxtpx:hr>170</gpxtpx:hr>
        </gpxtpx:TrackPointExtension></extensions>
      </trkpt>
      <trkpt lat="32.049271" lon="118.71429">
        <ele>5.0</ele>
        <time>2026-09-30T23:41:45Z</time>
        <extensions><gpxtpx:TrackPointExtension>
          <gpxtpx:hr>171</gpxtpx:hr>
        </gpxtpx:TrackPointExtension></extensions>
      </trkpt>
      <trkpt lat="32.049239" lon="118.71427">
        <ele>5.0</ele>
        <time>2026-09-30T23:41:46Z</time>
        <extensions><gpxtpx:TrackPointExtension>
          <gpxtpx:hr>171</gpxtpx:hr>
        </gpxtpx:TrackPointExtension></extensions>
      </trkpt>
      <trkpt lat="32.049206" lon="118.71425">
        <ele>5.0</ele>
        <time>2026-09-30T23:41:47Z</time>
        <extensions><gpxtpx:TrackPointExtension>
          <gpxtpx:hr>171</gpxtpx:hr>
        </gpxtpx:TrackPointExtension></extensions>
      </trkpt>
      <trkpt lat="32.049173" lon="118.71423">
        <ele>5.0</ele>
        <time>2026-09-30T23:41:48Z</time>
        <extensions><gpxtpx:TrackPointExtension>
          <gpxtpx:hr>172</gpxtpx:hr>
        </gpxtpx:TrackPointExtension></extensions>
      </trkpt>
      <trkpt lat="32.049139" lon="118.714211">
        <ele>5.0</ele>
        <time>2026-09-30T23:41:49Z</time>
        <extensions><gpxtpx:TrackPointExtension>
          <gpxtpx:hr>172</gpxtpx:hr>
        </gpxtpx:TrackPointExtension></extensions>
      </trkpt>
      <trkpt lat="32.049105" lon="118.714193">
        <ele>5.0</ele>
        <time>2026-09-30T23:41:50Z</time>
        <extensions><gpxtpx:TrackPointExtension>
          <gpxtpx:hr>172</gpxtpx:hr>
        </gpxtpx:TrackPointExtension></extensions>
      </trkpt>
      <trkpt lat="32.049071" lon="118.714175">
        <ele>5.0</ele>
        <time>2026-09-30T23:41:51Z</time>
        <extensions><gpxtpx:TrackPointExtension>
          <gpxtpx:hr>172</gpxtpx:hr>
        </gpxtpx:TrackPointExtension></extensions>
      </trkpt>
      <trkpt lat="32.049038" lon="118.714157">
        <ele>5.0</ele>
        <time>2026-09-30T23:41:52Z</time>
        <extensions><gpxtpx:TrackPointExtension>
          <gpxtpx:hr>172</gpxtpx:hr>
        </gpxtpx:TrackPointExtension></extensions>
      </trkpt>
      <trkpt lat="32.049004" lon="118.71414">
        <ele>5.0</ele>
        <time>2026-09-30T23:41:53Z</time>
        <extensions><gpxtpx:TrackPointExtension>
          <gpxtpx:hr>172</gpxtpx:hr>
        </gpxtpx:TrackPointExtension></extensions>
      </trkpt>
      <trkpt lat="32.048971" lon="118.714123">
        <ele>5.0</ele>
        <time>2026-09-30T23:41:54Z</time>
        <extensions><gpxtpx:TrackPointExtension>
          <gpxtpx:hr>172</gpxtpx:hr>
        </gpxtpx:TrackPointExtension></extensions>
      </trkpt>
      <trkpt lat="32.048938" lon="118.714105">
        <ele>5.0</ele>
        <time>2026-09-30T23:41:55Z</time>
        <extensions><gpxtpx:TrackPointExtension>
          <gpxtpx:hr>173</gpxtpx:hr>
        </gpxtpx:TrackPointExtension></extensions>
      </trkpt>
      <trkpt lat="32.048904" lon="118.714087">
        <ele>5.0</ele>
        <time>2026-09-30T23:41:56Z</time>
        <extensions><gpxtpx:TrackPointExtension>
          <gpxtpx:hr>173</gpxtpx:hr>
        </gpxtpx:TrackPointExtension></extensions>
      </trkpt>
      <trkpt lat="32.04887" lon="118.71407">
        <ele>6.0</ele>
        <time>2026-09-30T23:41:57Z</time>
        <extensions><gpxtpx:TrackPointExtension>
          <gpxtpx:hr>174</gpxtpx:hr>
        </gpxtpx:TrackPointExtension></extensions>
      </trkpt>
      <trkpt lat="32.048836" lon="118.714053">
        <ele>6.0</ele>
        <time>2026-09-30T23:41:58Z</time>
        <extensions><gpxtpx:TrackPointExtension>
          <gpxtpx:hr>174</gpxtpx:hr>
        </gpxtpx:TrackPointExtension></extensions>
      </trkpt>
      <trkpt lat="32.048802" lon="118.714036">
        <ele>6.0</ele>
        <time>2026-09-30T23:41:59Z</time>
        <extensions><gpxtpx:TrackPointExtension>
          <gpxtpx:hr>174</gpxtpx:hr>
        </gpxtpx:TrackPointExtension></extensions>
      </trkpt>
      <trkpt lat="32.048767" lon="118.714019">
        <ele>6.0</ele>
        <time>2026-09-30T23:42:00Z</time>
        <extensions><gpxtpx:TrackPointExtension>
          <gpxtpx:hr>174</gpxtpx:hr>
        </gpxtpx:TrackPointExtension></extensions>
      </trkpt>
      <trkpt lat="32.048732" lon="118.714002">
        <ele>6.0</ele>
        <time>2026-09-30T23:42:01Z</time>
        <extensions><gpxtpx:TrackPointExtension>
          <gpxtpx:hr>174</gpxtpx:hr>
        </gpxtpx:TrackPointExtension></extensions>
      </trkpt>
      <trkpt lat="32.048697" lon="118.713984">
        <ele>6.0</ele>
        <time>2026-09-30T23:42:02Z</time>
        <extensions><gpxtpx:TrackPointExtension>
          <gpxtpx:hr>174</gpxtpx:hr>
        </gpxtpx:TrackPointExtension></extensions>
      </trkpt>
      <trkpt lat="32.048663" lon="118.713967">
        <ele>6.0</ele>
        <time>2026-09-30T23:42:03Z</time>
        <extensions><gpxtpx:TrackPointExtension>
          <gpxtpx:hr>174</gpxtpx:hr>
        </gpxtpx:TrackPointExtension></extensions>
      </trkpt>
      <trkpt lat="32.04863" lon="118.713948">
        <ele>6.0</ele>
        <time>2026-09-30T23:42:04Z</time>
        <extensions><gpxtpx:TrackPointExtension>
          <gpxtpx:hr>174</gpxtpx:hr>
        </gpxtpx:TrackPointExtension></extensions>
      </trkpt>
      <trkpt lat="32.048597" lon="118.713928">
        <ele>6.0</ele>
        <time>2026-09-30T23:42:05Z</time>
        <extensions><gpxtpx:TrackPointExtension>
          <gpxtpx:hr>173</gpxtpx:hr>
        </gpxtpx:TrackPointExtension></extensions>
      </trkpt>
      <trkpt lat="32.048564" lon="118.713908">
        <ele>6.0</ele>
        <time>2026-09-30T23:42:06Z</time>
        <extensions><gpxtpx:TrackPointExtension>
          <gpxtpx:hr>173</gpxtpx:hr>
        </gpxtpx:TrackPointExtension></extensions>
      </trkpt>
      <trkpt lat="32.048532" lon="118.713888">
        <ele>6.0</ele>
        <time>2026-09-30T23:42:07Z</time>
        <extensions><gpxtpx:TrackPointExtension>
          <gpxtpx:hr>172</gpxtpx:hr>
        </gpxtpx:TrackPointExtension></extensions>
      </trkpt>
      <trkpt lat="32.048499" lon="118.71387">
        <ele>6.0</ele>
        <time>2026-09-30T23:42:08Z</time>
        <extensions><gpxtpx:TrackPointExtension>
          <gpxtpx:hr>172</gpxtpx:hr>
        </gpxtpx:TrackPointExtension></extensions>
      </trkpt>
      <trkpt lat="32.048466" lon="118.713853">
        <ele>6.0</ele>
        <time>2026-09-30T23:42:09Z</time>
        <extensions><gpxtpx:TrackPointExtension>
          <gpxtpx:hr>172</gpxtpx:hr>
        </gpxtpx:TrackPointExtension></extensions>
      </trkpt>
      <trkpt lat="32.048434" lon="118.713836">
        <ele>6.0</ele>
        <time>2026-09-30T23:42:10Z</time>
        <extensions><gpxtpx:TrackPointExtension>
          <gpxtpx:hr>172</gpxtpx:hr>
        </gpxtpx:TrackPointExtension></extensions>
      </trkpt>
      <trkpt lat="32.048401" lon="118.713818">
        <ele>6.0</ele>
        <time>2026-09-30T23:42:11Z</time>
        <extensions><gpxtpx:TrackPointExtension>
          <gpxtpx:hr>171</gpxtpx:hr>
        </gpxtpx:TrackPointExtension></extensions>
      </trkpt>
      <trkpt lat="32.048369" lon="118.713801">
        <ele>6.0</ele>
        <time>2026-09-30T23:42:12Z</time>
        <extensions><gpxtpx:TrackPointExtension>
          <gpxtpx:hr>172</gpxtpx:hr>
        </gpxtpx:TrackPointExtension></extensions>
      </trkpt>
      <trkpt lat="32.048337" lon="118.713783">
        <ele>6.0</ele>
        <time>2026-09-30T23:42:13Z</time>
        <extensions><gpxtpx:TrackPointExtension>
          <gpxtpx:hr>172</gpxtpx:hr>
        </gpxtpx:TrackPointExtension></extensions>
      </trkpt>
      <trkpt lat="32.048304" lon="118.713767">
        <ele>6.0</ele>
        <time>2026-09-30T23:42:14Z</time>
        <extensions><gpxtpx:TrackPointExtension>
          <gpxtpx:hr>172</gpxtpx:hr>
        </gpxtpx:TrackPointExtension></extensions>
      </trkpt>
      <trkpt lat="32.048271" lon="118.713751">
        <ele>6.0</ele>
        <time>2026-09-30T23:42:15Z</time>
        <extensions><gpxtpx:TrackPointExtension>
          <gpxtpx:hr>173</gpxtpx:hr>
        </gpxtpx:TrackPointExtension></extensions>
      </trkpt>
      <trkpt lat="32.048237" lon="118.713735">
        <ele>6.0</ele>
        <time>2026-09-30T23:42:16Z</time>
        <extensions><gpxtpx:TrackPointExtension>
          <gpxtpx:hr>173</gpxtpx:hr>
        </gpxtpx:TrackPointExtension></extensions>
      </trkpt>
      <trkpt lat="32.048203" lon="118.713719">
        <ele>6.0</ele>
        <time>2026-09-30T23:42:17Z</time>
        <extensions><gpxtpx:TrackPointExtension>
          <gpxtpx:hr>174</gpxtpx:hr>
        </gpxtpx:TrackPointExtension></extensions>
      </trkpt>
      <trkpt lat="32.048169" lon="118.713702">
        <ele>6.0</ele>
        <time>2026-09-30T23:42:18Z</time>
        <extensions><gpxtpx:TrackPointExtension>
          <gpxtpx:hr>175</gpxtpx:hr>
        </gpxtpx:TrackPointExtension></extensions>
      </trkpt>
      <trkpt lat="32.048135" lon="118.713684">
        <ele>6.0</ele>
        <time>2026-09-30T23:42:19Z</time>
        <extensions><gpxtpx:TrackPointExtension>
          <gpxtpx:hr>175</gpxtpx:hr>
        </gpxtpx:TrackPointExtension></extensions>
      </trkpt>
      <trkpt lat="32.0481" lon="118.713665">
        <ele>6.0</ele>
        <time>2026-09-30T23:42:20Z</time>
        <extensions><gpxtpx:TrackPointExtension>
          <gpxtpx:hr>176</gpxtpx:hr>
        </gpxtpx:TrackPointExtension></extensions>
      </trkpt>
      <trkpt lat="32.048065" lon="118.713646">
        <ele>6.0</ele>
        <time>2026-09-30T23:42:21Z</time>
        <extensions><gpxtpx:TrackPointExtension>
          <gpxtpx:hr>176</gpxtpx:hr>
        </gpxtpx:TrackPointExtension></extensions>
      </trkpt>
      <trkpt lat="32.048029" lon="118.713626">
        <ele>6.0</ele>
        <time>2026-09-30T23:42:22Z</time>
        <extensions><gpxtpx:TrackPointExtension>
          <gpxtpx:hr>177</gpxtpx:hr>
        </gpxtpx:TrackPointExtension></extensions>
      </trkpt>
      <trkpt lat="32.047994" lon="118.713605">
        <ele>6.0</ele>
        <time>2026-09-30T23:42:23Z</time>
        <extensions><gpxtpx:TrackPointExtension>
          <gpxtpx:hr>177</gpxtpx:hr>
        </gpxtpx:TrackPointExtension></extensions>
      </trkpt>
      <trkpt lat="32.047959" lon="118.713583">
        <ele>6.0</ele>
        <time>2026-09-30T23:42:24Z</time>
        <extensions><gpxtpx:TrackPointExtension>
          <gpxtpx:hr>177</gpxtpx:hr>
        </gpxtpx:TrackPointExtension></extensions>
      </trkpt>
      <trkpt lat="32.047924" lon="118.713562">
        <ele>6.0</ele>
        <time>2026-09-30T23:42:25Z</time>
        <extensions><gpxtpx:TrackPointExtension>
          <gpxtpx:hr>176</gpxtpx:hr>
        </gpxtpx:TrackPointExtension></extensions>
      </trkpt>
      <trkpt lat="32.047888" lon="118.71354">
        <ele>6.0</ele>
        <time>2026-09-30T23:42:26Z</time>
        <extensions><gpxtpx:TrackPointExtension>
          <gpxtpx:hr>176</gpxtpx:hr>
        </gpxtpx:TrackPointExtension></extensions>
      </trkpt>
      <trkpt lat="32.047853" lon="118.71352">
        <ele>6.0</ele>
        <time>2026-09-30T23:42:27Z</time>
        <extensions><gpxtpx:TrackPointExtension>
          <gpxtpx:hr>177</gpxtpx:hr>
        </gpxtpx:TrackPointExtension></extensions>
      </trkpt>
      <trkpt lat="32.047818" lon="118.713499">
        <ele>6.0</ele>
        <time>2026-09-30T23:42:28Z</time>
        <extensions><gpxtpx:TrackPointExtension>
          <gpxtpx:hr>177</gpxtpx:hr>
        </gpxtpx:TrackPointExtension></extensions>
      </trkpt>
      <trkpt lat="32.047784" lon="118.713479">
        <ele>6.0</ele>
        <time>2026-09-30T23:42:29Z</time>
        <extensions><gpxtpx:TrackPointExtension>
          <gpxtpx:hr>177</gpxtpx:hr>
        </gpxtpx:TrackPointExtension></extensions>
      </trkpt>
      <trkpt lat="32.04775" lon="118.71346">
        <ele>6.0</ele>
        <time>2026-09-30T23:42:30Z</time>
        <extensions><gpxtpx:TrackPointExtension>
          <gpxtpx:hr>177</gpxtpx:hr>
        </gpxtpx:TrackPointExtension></extensions>
      </trkpt>
      <trkpt lat="32.047715" lon="118.71344">
        <ele>6.0</ele>
        <time>2026-09-30T23:42:31Z</time>
        <extensions><gpxtpx:TrackPointExtension>
          <gpxtpx:hr>177</gpxtpx:hr>
        </gpxtpx:TrackPointExtension></extensions>
      </trkpt>
      <trkpt lat="32.047681" lon="118.71342">
        <ele>6.0</ele>
        <time>2026-09-30T23:42:32Z</time>
        <extensions><gpxtpx:TrackPointExtension>
          <gpxtpx:hr>177</gpxtpx:hr>
        </gpxtpx:TrackPointExtension></extensions>
      </trkpt>
      <trkpt lat="32.047647" lon="118.713401">
        <ele>6.0</ele>
        <time>2026-09-30T23:42:33Z</time>
        <extensions><gpxtpx:TrackPointExtension>
          <gpxtpx:hr>177</gpxtpx:hr>
        </gpxtpx:TrackPointExtension></extensions>
      </trkpt>
      <trkpt lat="32.047613" lon="118.713382">
        <ele>6.0</ele>
        <time>2026-09-30T23:42:34Z</time>
        <extensions><gpxtpx:TrackPointExtension>
          <gpxtpx:hr>177</gpxtpx:hr>
        </gpxtpx:TrackPointExtension></extensions>
      </trkpt>
      <trkpt lat="32.047579" lon="118.713365">
        <ele>6.0</ele>
        <time>2026-09-30T23:42:35Z</time>
        <extensions><gpxtpx:TrackPointExtension>
          <gpxtpx:hr>177</gpxtpx:hr>
        </gpxtpx:TrackPointExtension></extensions>
      </trkpt>
      <trkpt lat="32.047545" lon="118.713347">
        <ele>6.0</ele>
        <time>2026-09-30T23:42:36Z</time>
        <extensions><gpxtpx:TrackPointExtension>
          <gpxtpx:hr>178</gpxtpx:hr>
        </gpxtpx:TrackPointExtension></extensions>
      </trkpt>
      <trkpt lat="32.047511" lon="118.71333">
        <ele>6.0</ele>
        <time>2026-09-30T23:42:37Z</time>
        <extensions><gpxtpx:TrackPointExtension>
          <gpxtpx:hr>178</gpxtpx:hr>
        </gpxtpx:TrackPointExtension></extensions>
      </trkpt>
      <trkpt lat="32.047477" lon="118.713312">
        <ele>6.0</ele>
        <time>2026-09-30T23:42:38Z</time>
        <extensions><gpxtpx:TrackPointExtension>
          <gpxtpx:hr>178</gpxtpx:hr>
        </gpxtpx:TrackPointExtension></extensions>
      </trkpt>
      <trkpt lat="32.047443" lon="118.713295">
        <ele>6.0</ele>
        <time>2026-09-30T23:42:39Z</time>
        <extensions><gpxtpx:TrackPointExtension>
          <gpxtpx:hr>178</gpxtpx:hr>
        </gpxtpx:TrackPointExtension></extensions>
      </trkpt>
      <trkpt lat="32.047409" lon="118.713279">
        <ele>6.0</ele>
        <time>2026-09-30T23:42:40Z</time>
        <extensions><gpxtpx:TrackPointExtension>
          <gpxtpx:hr>179</gpxtpx:hr>
        </gpxtpx:TrackPointExtension></extensions>
      </trkpt>
      <trkpt lat="32.047375" lon="118.713263">
        <ele>6.0</ele>
        <time>2026-09-30T23:42:41Z</time>
        <extensions><gpxtpx:TrackPointExtension>
          <gpxtpx:hr>179</gpxtpx:hr>
        </gpxtpx:TrackPointExtension></extensions>
      </trkpt>
      <trkpt lat="32.047341" lon="118.713247">
        <ele>6.0</ele>
        <time>2026-09-30T23:42:42Z</time>
        <extensions><gpxtpx:TrackPointExtension>
          <gpxtpx:hr>179</gpxtpx:hr>
        </gpxtpx:TrackPointExtension></extensions>
      </trkpt>
      <trkpt lat="32.047308" lon="118.71323">
        <ele>6.0</ele>
        <time>2026-09-30T23:42:43Z</time>
        <extensions><gpxtpx:TrackPointExtension>
          <gpxtpx:hr>179</gpxtpx:hr>
        </gpxtpx:TrackPointExtension></extensions>
      </trkpt>
      <trkpt lat="32.047275" lon="118.713212">
        <ele>6.0</ele>
        <time>2026-09-30T23:42:44Z</time>
        <extensions><gpxtpx:TrackPointExtension>
          <gpxtpx:hr>179</gpxtpx:hr>
        </gpxtpx:TrackPointExtension></extensions>
      </trkpt>
      <trkpt lat="32.047242" lon="118.713194">
        <ele>6.0</ele>
        <time>2026-09-30T23:42:45Z</time>
        <extensions><gpxtpx:TrackPointExtension>
          <gpxtpx:hr>179</gpxtpx:hr>
        </gpxtpx:TrackPointExtension></extensions>
      </trkpt>
      <trkpt lat="32.047209" lon="118.713176">
        <ele>5.0</ele>
        <time>2026-09-30T23:42:46Z</time>
        <extensions><gpxtpx:TrackPointExtension>
          <gpxtpx:hr>179</gpxtpx:hr>
        </gpxtpx:TrackPointExtension></extensions>
      </trkpt>
      <trkpt lat="32.047176" lon="118.713157">
        <ele>5.0</ele>
        <time>2026-09-30T23:42:47Z</time>
        <extensions><gpxtpx:TrackPointExtension>
          <gpxtpx:hr>179</gpxtpx:hr>
        </gpxtpx:TrackPointExtension></extensions>
      </trkpt>
      <trkpt lat="32.047142" lon="118.713138">
        <ele>5.0</ele>
        <time>2026-09-30T23:42:48Z</time>
        <extensions><gpxtpx:TrackPointExtension>
          <gpxtpx:hr>179</gpxtpx:hr>
        </gpxtpx:TrackPointExtension></extensions>
      </trkpt>
      <trkpt lat="32.047109" lon="118.713118">
        <ele>5.0</ele>
        <time>2026-09-30T23:42:49Z</time>
        <extensions><gpxtpx:TrackPointExtension>
          <gpxtpx:hr>179</gpxtpx:hr>
        </gpxtpx:TrackPointExtension></extensions>
      </trkpt>
      <trkpt lat="32.047075" lon="118.713098">
        <ele>5.0</ele>
        <time>2026-09-30T23:42:50Z</time>
        <extensions><gpxtpx:TrackPointExtension>
          <gpxtpx:hr>179</gpxtpx:hr>
        </gpxtpx:TrackPointExtension></extensions>
      </trkpt>
      <trkpt lat="32.047042" lon="118.713078">
        <ele>5.0</ele>
        <time>2026-09-30T23:42:51Z</time>
        <extensions><gpxtpx:TrackPointExtension>
          <gpxtpx:hr>179</gpxtpx:hr>
        </gpxtpx:TrackPointExtension></extensions>
      </trkpt>
      <trkpt lat="32.047008" lon="118.713058">
        <ele>5.0</ele>
        <time>2026-09-30T23:42:52Z</time>
        <extensions><gpxtpx:TrackPointExtension>
          <gpxtpx:hr>179</gpxtpx:hr>
        </gpxtpx:TrackPointExtension></extensions>
      </trkpt>
      <trkpt lat="32.046974" lon="118.713037">
        <ele>6.0</ele>
        <time>2026-09-30T23:42:53Z</time>
        <extensions><gpxtpx:TrackPointExtension>
          <gpxtpx:hr>179</gpxtpx:hr>
        </gpxtpx:TrackPointExtension></extensions>
      </trkpt>
      <trkpt lat="32.04694" lon="118.713017">
        <ele>6.0</ele>
        <time>2026-09-30T23:42:54Z</time>
        <extensions><gpxtpx:TrackPointExtension>
          <gpxtpx:hr>179</gpxtpx:hr>
        </gpxtpx:TrackPointExtension></extensions>
      </trkpt>
      <trkpt lat="32.046905" lon="118.712997">
        <ele>6.0</ele>
        <time>2026-09-30T23:42:55Z</time>
        <extensions><gpxtpx:TrackPointExtension>
          <gpxtpx:hr>179</gpxtpx:hr>
        </gpxtpx:TrackPointExtension></extensions>
      </trkpt>
      <trkpt lat="32.046871" lon="118.712977">
        <ele>6.0</ele>
        <time>2026-09-30T23:42:56Z</time>
        <extensions><gpxtpx:TrackPointExtension>
          <gpxtpx:hr>179</gpxtpx:hr>
        </gpxtpx:TrackPointExtension></extensions>
      </trkpt>
      <trkpt lat="32.046836" lon="118.712958">
        <ele>6.0</ele>
        <time>2026-09-30T23:42:57Z</time>
        <extensions><gpxtpx:TrackPointExtension>
          <gpxtpx:hr>179</gpxtpx:hr>
        </gpxtpx:TrackPointExtension></extensions>
      </trkpt>
      <trkpt lat="32.046801" lon="118.71294">
        <ele>6.0</ele>
        <time>2026-09-30T23:42:58Z</time>
        <extensions><gpxtpx:TrackPointExtension>
          <gpxtpx:hr>179</gpxtpx:hr>
        </gpxtpx:TrackPointExtension></extensions>
      </trkpt>
      <trkpt lat="32.046766" lon="118.712922">
        <ele>6.0</ele>
        <time>2026-09-30T23:42:59Z</time>
        <extensions><gpxtpx:TrackPointExtension>
          <gpxtpx:hr>179</gpxtpx:hr>
        </gpxtpx:TrackPointExtension></extensions>
      </trkpt>
      <trkpt lat="32.046732" lon="118.712905">
        <ele>6.0</ele>
        <time>2026-09-30T23:43:00Z</time>
        <extensions><gpxtpx:TrackPointExtension>
          <gpxtpx:hr>180</gpxtpx:hr>
        </gpxtpx:TrackPointExtension></extensions>
      </trkpt>
      <trkpt lat="32.046698" lon="118.712887">
        <ele>6.0</ele>
        <time>2026-09-30T23:43:01Z</time>
        <extensions><gpxtpx:TrackPointExtension>
          <gpxtpx:hr>180</gpxtpx:hr>
        </gpxtpx:TrackPointExtension></extensions>
      </trkpt>
      <trkpt lat="32.046665" lon="118.712869">
        <ele>6.0</ele>
        <time>2026-09-30T23:43:02Z</time>
        <extensions><gpxtpx:TrackPointExtension>
          <gpxtpx:hr>180</gpxtpx:hr>
        </gpxtpx:TrackPointExtension></extensions>
      </trkpt>
      <trkpt lat="32.046632" lon="118.712851">
        <ele>6.0</ele>
        <time>2026-09-30T23:43:03Z</time>
        <extensions><gpxtpx:TrackPointExtension>
          <gpxtpx:hr>181</gpxtpx:hr>
        </gpxtpx:TrackPointExtension></extensions>
      </trkpt>
      <trkpt lat="32.046599" lon="118.712834">
        <ele>6.0</ele>
        <time>2026-09-30T23:43:04Z</time>
        <extensions><gpxtpx:TrackPointExtension>
          <gpxtpx:hr>181</gpxtpx:hr>
        </gpxtpx:TrackPointExtension></extensions>
      </trkpt>
      <trkpt lat="32.046566" lon="118.712816">
        <ele>6.0</ele>
        <time>2026-09-30T23:43:05Z</time>
        <extensions><gpxtpx:TrackPointExtension>
          <gpxtpx:hr>182</gpxtpx:hr>
        </gpxtpx:TrackPointExtension></extensions>
      </trkpt>
      <trkpt lat="32.046532" lon="118.712799">
        <ele>6.0</ele>
        <time>2026-09-30T23:43:06Z</time>
        <extensions><gpxtpx:TrackPointExtension>
          <gpxtpx:hr>183</gpxtpx:hr>
        </gpxtpx:TrackPointExtension></extensions>
      </trkpt>
      <trkpt lat="32.046498" lon="118.712782">
        <ele>6.0</ele>
        <time>2026-09-30T23:43:07Z</time>
        <extensions><gpxtpx:TrackPointExtension>
          <gpxtpx:hr>183</gpxtpx:hr>
        </gpxtpx:TrackPointExtension></extensions>
      </trkpt>
      <trkpt lat="32.046463" lon="118.712763">
        <ele>6.0</ele>
        <time>2026-09-30T23:43:08Z</time>
        <extensions><gpxtpx:TrackPointExtension>
          <gpxtpx:hr>183</gpxtpx:hr>
        </gpxtpx:TrackPointExtension></extensions>
      </trkpt>
      <trkpt lat="32.046429" lon="118.712744">
        <ele>6.0</ele>
        <time>2026-09-30T23:43:09Z</time>
        <extensions><gpxtpx:TrackPointExtension>
          <gpxtpx:hr>182</gpxtpx:hr>
        </gpxtpx:TrackPointExtension></extensions>
      </trkpt>
      <trkpt lat="32.046396" lon="118.712725">
        <ele>6.0</ele>
        <time>2026-09-30T23:43:10Z</time>
        <extensions><gpxtpx:TrackPointExtension>
          <gpxtpx:hr>182</gpxtpx:hr>
        </gpxtpx:TrackPointExtension></extensions>
      </trkpt>
      <trkpt lat="32.046362" lon="118.712705">
        <ele>6.0</ele>
        <time>2026-09-30T23:43:11Z</time>
        <extensions><gpxtpx:TrackPointExtension>
          <gpxtpx:hr>181</gpxtpx:hr>
        </gpxtpx:TrackPointExtension></extensions>
      </trkpt>
      <trkpt lat="32.04633" lon="118.712686">
        <ele>6.0</ele>
        <time>2026-09-30T23:43:12Z</time>
        <extensions><gpxtpx:TrackPointExtension>
          <gpxtpx:hr>181</gpxtpx:hr>
        </gpxtpx:TrackPointExtension></extensions>
      </trkpt>
      <trkpt lat="32.046297" lon="118.712668">
        <ele>6.0</ele>
        <time>2026-09-30T23:43:13Z</time>
        <extensions><gpxtpx:TrackPointExtension>
          <gpxtpx:hr>181</gpxtpx:hr>
        </gpxtpx:TrackPointExtension></extensions>
      </trkpt>
      <trkpt lat="32.046265" lon="118.71265">
        <ele>6.0</ele>
        <time>2026-09-30T23:43:14Z</time>
        <extensions><gpxtpx:TrackPointExtension>
          <gpxtpx:hr>181</gpxtpx:hr>
        </gpxtpx:TrackPointExtension></extensions>
      </trkpt>
      <trkpt lat="32.046232" lon="118.712633">
        <ele>6.0</ele>
        <time>2026-09-30T23:43:15Z</time>
        <extensions><gpxtpx:TrackPointExtension>
          <gpxtpx:hr>181</gpxtpx:hr>
        </gpxtpx:TrackPointExtension></extensions>
      </trkpt>
      <trkpt lat="32.0462" lon="118.712616">
        <ele>6.0</ele>
        <time>2026-09-30T23:43:16Z</time>
        <extensions><gpxtpx:TrackPointExtension>
          <gpxtpx:hr>182</gpxtpx:hr>
        </gpxtpx:TrackPointExtension></extensions>
      </trkpt>
      <trkpt lat="32.046167" lon="118.712599">
        <ele>6.0</ele>
        <time>2026-09-30T23:43:17Z</time>
        <extensions><gpxtpx:TrackPointExtension>
          <gpxtpx:hr>181</gpxtpx:hr>
        </gpxtpx:TrackPointExtension></extensions>
      </trkpt>
      <trkpt lat="32.046133" lon="118.712581">
        <ele>6.0</ele>
        <time>2026-09-30T23:43:18Z</time>
        <extensions><gpxtpx:TrackPointExtension>
          <gpxtpx:hr>181</gpxtpx:hr>
        </gpxtpx:TrackPointExtension></extensions>
      </trkpt>
      <trkpt lat="32.0461" lon="118.712564">
        <ele>6.0</ele>
        <time>2026-09-30T23:43:19Z</time>
        <extensions><gpxtpx:TrackPointExtension>
          <gpxtpx:hr>181</gpxtpx:hr>
        </gpxtpx:TrackPointExtension></extensions>
      </trkpt>
      <trkpt lat="32.046066" lon="118.712545">
        <ele>6.0</ele>
        <time>2026-09-30T23:43:20Z</time>
        <extensions><gpxtpx:TrackPointExtension>
          <gpxtpx:hr>180</gpxtpx:hr>
        </gpxtpx:TrackPointExtension></extensions>
      </trkpt>
      <trkpt lat="32.046033" lon="118.712526">
        <ele>6.0</ele>
        <time>2026-09-30T23:43:21Z</time>
        <extensions><gpxtpx:TrackPointExtension>
          <gpxtpx:hr>180</gpxtpx:hr>
        </gpxtpx:TrackPointExtension></extensions>
      </trkpt>
      <trkpt lat="32.045999" lon="118.712506">
        <ele>5.0</ele>
        <time>2026-09-30T23:43:22Z</time>
        <extensions><gpxtpx:TrackPointExtension>
          <gpxtpx:hr>180</gpxtpx:hr>
        </gpxtpx:TrackPointExtension></extensions>
      </trkpt>
      <trkpt lat="32.045966" lon="118.712486">
        <ele>5.0</ele>
        <time>2026-09-30T23:43:23Z</time>
        <extensions><gpxtpx:TrackPointExtension>
          <gpxtpx:hr>180</gpxtpx:hr>
        </gpxtpx:TrackPointExtension></extensions>
      </trkpt>
      <trkpt lat="32.045932" lon="118.712466">
        <ele>5.0</ele>
        <time>2026-09-30T23:43:24Z</time>
        <extensions><gpxtpx:TrackPointExtension>
          <gpxtpx:hr>180</gpxtpx:hr>
        </gpxtpx:TrackPointExtension></extensions>
      </trkpt>
      <trkpt lat="32.045897" lon="118.712446">
        <ele>5.0</ele>
        <time>2026-09-30T23:43:25Z</time>
        <extensions><gpxtpx:TrackPointExtension>
          <gpxtpx:hr>180</gpxtpx:hr>
        </gpxtpx:TrackPointExtension></extensions>
      </trkpt>
      <trkpt lat="32.045863" lon="118.712427">
        <ele>5.0</ele>
        <time>2026-09-30T23:43:26Z</time>
        <extensions><gpxtpx:TrackPointExtension>
          <gpxtpx:hr>181</gpxtpx:hr>
        </gpxtpx:TrackPointExtension></extensions>
      </trkpt>
      <trkpt lat="32.045828" lon="118.712409">
        <ele>5.0</ele>
        <time>2026-09-30T23:43:27Z</time>
        <extensions><gpxtpx:TrackPointExtension>
          <gpxtpx:hr>181</gpxtpx:hr>
        </gpxtpx:TrackPointExtension></extensions>
      </trkpt>
      <trkpt lat="32.045792" lon="118.712393">
        <ele>5.0</ele>
        <time>2026-09-30T23:43:28Z</time>
        <extensions><gpxtpx:TrackPointExtension>
          <gpxtpx:hr>181</gpxtpx:hr>
        </gpxtpx:TrackPointExtension></extensions>
      </trkpt>
      <trkpt lat="32.045757" lon="118.712377">
        <ele>5.0</ele>
        <time>2026-09-30T23:43:29Z</time>
        <extensions><gpxtpx:TrackPointExtension>
          <gpxtpx:hr>180</gpxtpx:hr>
        </gpxtpx:TrackPointExtension></extensions>
      </trkpt>
      <trkpt lat="32.045722" lon="118.712363">
        <ele>5.0</ele>
        <time>2026-09-30T23:43:30Z</time>
        <extensions><gpxtpx:TrackPointExtension>
          <gpxtpx:hr>181</gpxtpx:hr>
        </gpxtpx:TrackPointExtension></extensions>
      </trkpt>
      <trkpt lat="32.045687" lon="118.712348">
        <ele>5.0</ele>
        <time>2026-09-30T23:43:31Z</time>
        <extensions><gpxtpx:TrackPointExtension>
          <gpxtpx:hr>181</gpxtpx:hr>
        </gpxtpx:TrackPointExtension></extensions>
      </trkpt>
      <trkpt lat="32.045651" lon="118.712333">
        <ele>5.0</ele>
        <time>2026-09-30T23:43:32Z</time>
        <extensions><gpxtpx:TrackPointExtension>
          <gpxtpx:hr>180</gpxtpx:hr>
        </gpxtpx:TrackPointExtension></extensions>
      </trkpt>
      <trkpt lat="32.045616" lon="118.712317">
        <ele>5.0</ele>
        <time>2026-09-30T23:43:33Z</time>
        <extensions><gpxtpx:TrackPointExtension>
          <gpxtpx:hr>180</gpxtpx:hr>
        </gpxtpx:TrackPointExtension></extensions>
      </trkpt>
      <trkpt lat="32.04558" lon="118.7123">
        <ele>5.0</ele>
        <time>2026-09-30T23:43:34Z</time>
        <extensions><gpxtpx:TrackPointExtension>
          <gpxtpx:hr>180</gpxtpx:hr>
        </gpxtpx:TrackPointExtension></extensions>
      </trkpt>
      <trkpt lat="32.045544" lon="118.712283">
        <ele>5.0</ele>
        <time>2026-09-30T23:43:35Z</time>
        <extensions><gpxtpx:TrackPointExtension>
          <gpxtpx:hr>180</gpxtpx:hr>
        </gpxtpx:TrackPointExtension></extensions>
      </trkpt>
      <trkpt lat="32.045508" lon="118.712266">
        <ele>5.0</ele>
        <time>2026-09-30T23:43:36Z</time>
        <extensions><gpxtpx:TrackPointExtension>
          <gpxtpx:hr>180</gpxtpx:hr>
        </gpxtpx:TrackPointExtension></extensions>
      </trkpt>
      <trkpt lat="32.045472" lon="118.712248">
        <ele>5.0</ele>
        <time>2026-09-30T23:43:37Z</time>
        <extensions><gpxtpx:TrackPointExtension>
          <gpxtpx:hr>180</gpxtpx:hr>
        </gpxtpx:TrackPointExtension></extensions>
      </trkpt>
      <trkpt lat="32.045436" lon="118.71223">
        <ele>5.0</ele>
        <time>2026-09-30T23:43:38Z</time>
        <extensions><gpxtpx:TrackPointExtension>
          <gpxtpx:hr>180</gpxtpx:hr>
        </gpxtpx:TrackPointExtension></extensions>
      </trkpt>
      <trkpt lat="32.0454" lon="118.712212">
        <ele>5.0</ele>
        <time>2026-09-30T23:43:39Z</time>
        <extensions><gpxtpx:TrackPointExtension>
          <gpxtpx:hr>180</gpxtpx:hr>
        </gpxtpx:TrackPointExtension></extensions>
      </trkpt>
      <trkpt lat="32.045365" lon="118.712194">
        <ele>5.0</ele>
        <time>2026-09-30T23:43:40Z</time>
        <extensions><gpxtpx:TrackPointExtension>
          <gpxtpx:hr>180</gpxtpx:hr>
        </gpxtpx:TrackPointExtension></extensions>
      </trkpt>
      <trkpt lat="32.045329" lon="118.712176">
        <ele>5.0</ele>
        <time>2026-09-30T23:43:41Z</time>
        <extensions><gpxtpx:TrackPointExtension>
          <gpxtpx:hr>180</gpxtpx:hr>
        </gpxtpx:TrackPointExtension></extensions>
      </trkpt>
      <trkpt lat="32.045294" lon="118.712158">
        <ele>5.0</ele>
        <time>2026-09-30T23:43:42Z</time>
        <extensions><gpxtpx:TrackPointExtension>
          <gpxtpx:hr>180</gpxtpx:hr>
        </gpxtpx:TrackPointExtension></extensions>
      </trkpt>
      <trkpt lat="32.045259" lon="118.712139">
        <ele>5.0</ele>
        <time>2026-09-30T23:43:43Z</time>
        <extensions><gpxtpx:TrackPointExtension>
          <gpxtpx:hr>180</gpxtpx:hr>
        </gpxtpx:TrackPointExtension></extensions>
      </trkpt>
      <trkpt lat="32.045224" lon="118.712121">
        <ele>5.0</ele>
        <time>2026-09-30T23:43:44Z</time>
        <extensions><gpxtpx:TrackPointExtension>
          <gpxtpx:hr>180</gpxtpx:hr>
        </gpxtpx:TrackPointExtension></extensions>
      </trkpt>
      <trkpt lat="32.04519" lon="118.712103">
        <ele>5.0</ele>
        <time>2026-09-30T23:43:45Z</time>
        <extensions><gpxtpx:TrackPointExtension>
          <gpxtpx:hr>180</gpxtpx:hr>
        </gpxtpx:TrackPointExtension></extensions>
      </trkpt>
      <trkpt lat="32.045157" lon="118.712085">
        <ele>4.0</ele>
        <time>2026-09-30T23:43:46Z</time>
        <extensions><gpxtpx:TrackPointExtension>
          <gpxtpx:hr>180</gpxtpx:hr>
        </gpxtpx:TrackPointExtension></extensions>
      </trkpt>
      <trkpt lat="32.045123" lon="118.712068">
        <ele>4.0</ele>
        <time>2026-09-30T23:43:47Z</time>
        <extensions><gpxtpx:TrackPointExtension>
          <gpxtpx:hr>180</gpxtpx:hr>
        </gpxtpx:TrackPointExtension></extensions>
      </trkpt>
      <trkpt lat="32.04509" lon="118.71205">
        <ele>4.0</ele>
        <time>2026-09-30T23:43:48Z</time>
        <extensions><gpxtpx:TrackPointExtension>
          <gpxtpx:hr>179</gpxtpx:hr>
        </gpxtpx:TrackPointExtension></extensions>
      </trkpt>
      <trkpt lat="32.045056" lon="118.712033">
        <ele>4.0</ele>
        <time>2026-09-30T23:43:49Z</time>
        <extensions><gpxtpx:TrackPointExtension>
          <gpxtpx:hr>180</gpxtpx:hr>
        </gpxtpx:TrackPointExtension></extensions>
      </trkpt>
      <trkpt lat="32.045022" lon="118.712015">
        <ele>4.0</ele>
        <time>2026-09-30T23:43:50Z</time>
        <extensions><gpxtpx:TrackPointExtension>
          <gpxtpx:hr>179</gpxtpx:hr>
        </gpxtpx:TrackPointExtension></extensions>
      </trkpt>
      <trkpt lat="32.044988" lon="118.711998">
        <ele>4.0</ele>
        <time>2026-09-30T23:43:51Z</time>
        <extensions><gpxtpx:TrackPointExtension>
          <gpxtpx:hr>179</gpxtpx:hr>
        </gpxtpx:TrackPointExtension></extensions>
      </trkpt>
      <trkpt lat="32.044954" lon="118.71198">
        <ele>4.0</ele>
        <time>2026-09-30T23:43:52Z</time>
        <extensions><gpxtpx:TrackPointExtension>
          <gpxtpx:hr>180</gpxtpx:hr>
        </gpxtpx:TrackPointExtension></extensions>
      </trkpt>
      <trkpt lat="32.044919" lon="118.711963">
        <ele>4.0</ele>
        <time>2026-09-30T23:43:53Z</time>
        <extensions><gpxtpx:TrackPointExtension>
          <gpxtpx:hr>179</gpxtpx:hr>
        </gpxtpx:TrackPointExtension></extensions>
      </trkpt>
      <trkpt lat="32.044885" lon="118.711946">
        <ele>4.0</ele>
        <time>2026-09-30T23:43:54Z</time>
        <extensions><gpxtpx:TrackPointExtension>
          <gpxtpx:hr>179</gpxtpx:hr>
        </gpxtpx:TrackPointExtension></extensions>
      </trkpt>
      <trkpt lat="32.044849" lon="118.711929">
        <ele>4.0</ele>
        <time>2026-09-30T23:43:55Z</time>
        <extensions><gpxtpx:TrackPointExtension>
          <gpxtpx:hr>180</gpxtpx:hr>
        </gpxtpx:TrackPointExtension></extensions>
      </trkpt>
      <trkpt lat="32.044814" lon="118.711913">
        <ele>4.0</ele>
        <time>2026-09-30T23:43:56Z</time>
        <extensions><gpxtpx:TrackPointExtension>
          <gpxtpx:hr>180</gpxtpx:hr>
        </gpxtpx:TrackPointExtension></extensions>
      </trkpt>
      <trkpt lat="32.044778" lon="118.711897">
        <ele>4.0</ele>
        <time>2026-09-30T23:43:57Z</time>
        <extensions><gpxtpx:TrackPointExtension>
          <gpxtpx:hr>180</gpxtpx:hr>
        </gpxtpx:TrackPointExtension></extensions>
      </trkpt>
      <trkpt lat="32.044743" lon="118.711881">
        <ele>4.0</ele>
        <time>2026-09-30T23:43:58Z</time>
        <extensions><gpxtpx:TrackPointExtension>
          <gpxtpx:hr>180</gpxtpx:hr>
        </gpxtpx:TrackPointExtension></extensions>
      </trkpt>
      <trkpt lat="32.044708" lon="118.711865">
        <ele>4.0</ele>
        <time>2026-09-30T23:43:59Z</time>
        <extensions><gpxtpx:TrackPointExtension>
          <gpxtpx:hr>180</gpxtpx:hr>
        </gpxtpx:TrackPointExtension></extensions>
      </trkpt>
      <trkpt lat="32.044673" lon="118.711847">
        <ele>4.0</ele>
        <time>2026-09-30T23:44:00Z</time>
        <extensions><gpxtpx:TrackPointExtension>
          <gpxtpx:hr>180</gpxtpx:hr>
        </gpxtpx:TrackPointExtension></extensions>
      </trkpt>
      <trkpt lat="32.044639" lon="118.711828">
        <ele>4.0</ele>
        <time>2026-09-30T23:44:01Z</time>
        <extensions><gpxtpx:TrackPointExtension>
          <gpxtpx:hr>180</gpxtpx:hr>
        </gpxtpx:TrackPointExtension></extensions>
      </trkpt>
      <trkpt lat="32.044605" lon="118.711808">
        <ele>4.0</ele>
        <time>2026-09-30T23:44:02Z</time>
        <extensions><gpxtpx:TrackPointExtension>
          <gpxtpx:hr>180</gpxtpx:hr>
        </gpxtpx:TrackPointExtension></extensions>
      </trkpt>
      <trkpt lat="32.044572" lon="118.711789">
        <ele>4.0</ele>
        <time>2026-09-30T23:44:03Z</time>
        <extensions><gpxtpx:TrackPointExtension>
          <gpxtpx:hr>180</gpxtpx:hr>
        </gpxtpx:TrackPointExtension></extensions>
      </trkpt>
      <trkpt lat="32.044539" lon="118.711769">
        <ele>4.0</ele>
        <time>2026-09-30T23:44:04Z</time>
        <extensions><gpxtpx:TrackPointExtension>
          <gpxtpx:hr>180</gpxtpx:hr>
        </gpxtpx:TrackPointExtension></extensions>
      </trkpt>
      <trkpt lat="32.044507" lon="118.71175">
        <ele>4.0</ele>
        <time>2026-09-30T23:44:05Z</time>
        <extensions><gpxtpx:TrackPointExtension>
          <gpxtpx:hr>180</gpxtpx:hr>
        </gpxtpx:TrackPointExtension></extensions>
      </trkpt>
      <trkpt lat="32.044475" lon="118.711731">
        <ele>4.0</ele>
        <time>2026-09-30T23:44:06Z</time>
        <extensions><gpxtpx:TrackPointExtension>
          <gpxtpx:hr>180</gpxtpx:hr>
        </gpxtpx:TrackPointExtension></extensions>
      </trkpt>
      <trkpt lat="32.044444" lon="118.711712">
        <ele>4.0</ele>
        <time>2026-09-30T23:44:07Z</time>
        <extensions><gpxtpx:TrackPointExtension>
          <gpxtpx:hr>180</gpxtpx:hr>
        </gpxtpx:TrackPointExtension></extensions>
      </trkpt>
      <trkpt lat="32.044412" lon="118.711693">
        <ele>4.0</ele>
        <time>2026-09-30T23:44:08Z</time>
        <extensions><gpxtpx:TrackPointExtension>
          <gpxtpx:hr>180</gpxtpx:hr>
        </gpxtpx:TrackPointExtension></extensions>
      </trkpt>
      <trkpt lat="32.044381" lon="118.711675">
        <ele>4.0</ele>
        <time>2026-09-30T23:44:09Z</time>
        <extensions><gpxtpx:TrackPointExtension>
          <gpxtpx:hr>180</gpxtpx:hr>
        </gpxtpx:TrackPointExtension></extensions>
      </trkpt>
      <trkpt lat="32.044348" lon="118.711658">
        <ele>4.0</ele>
        <time>2026-09-30T23:44:10Z</time>
        <extensions><gpxtpx:TrackPointExtension>
          <gpxtpx:hr>179</gpxtpx:hr>
        </gpxtpx:TrackPointExtension></extensions>
      </trkpt>
      <trkpt lat="32.044314" lon="118.711642">
        <ele>4.0</ele>
        <time>2026-09-30T23:44:11Z</time>
        <extensions><gpxtpx:TrackPointExtension>
          <gpxtpx:hr>179</gpxtpx:hr>
        </gpxtpx:TrackPointExtension></extensions>
      </trkpt>
      <trkpt lat="32.04428" lon="118.711626">
        <ele>4.0</ele>
        <time>2026-09-30T23:44:12Z</time>
        <extensions><gpxtpx:TrackPointExtension>
          <gpxtpx:hr>179</gpxtpx:hr>
        </gpxtpx:TrackPointExtension></extensions>
      </trkpt>
      <trkpt lat="32.044246" lon="118.71161">
        <ele>4.0</ele>
        <time>2026-09-30T23:44:13Z</time>
        <extensions><gpxtpx:TrackPointExtension>
          <gpxtpx:hr>180</gpxtpx:hr>
        </gpxtpx:TrackPointExtension></extensions>
      </trkpt>
      <trkpt lat="32.044212" lon="118.711593">
        <ele>4.0</ele>
        <time>2026-09-30T23:44:14Z</time>
        <extensions><gpxtpx:TrackPointExtension>
          <gpxtpx:hr>180</gpxtpx:hr>
        </gpxtpx:TrackPointExtension></extensions>
      </trkpt>
      <trkpt lat="32.044177" lon="118.711576">
        <ele>4.0</ele>
        <time>2026-09-30T23:44:15Z</time>
        <extensions><gpxtpx:TrackPointExtension>
          <gpxtpx:hr>180</gpxtpx:hr>
        </gpxtpx:TrackPointExtension></extensions>
      </trkpt>
      <trkpt lat="32.044142" lon="118.71156">
        <ele>4.0</ele>
        <time>2026-09-30T23:44:16Z</time>
        <extensions><gpxtpx:TrackPointExtension>
          <gpxtpx:hr>180</gpxtpx:hr>
        </gpxtpx:TrackPointExtension></extensions>
      </trkpt>
      <trkpt lat="32.044107" lon="118.711544">
        <ele>5.0</ele>
        <time>2026-09-30T23:44:17Z</time>
        <extensions><gpxtpx:TrackPointExtension>
          <gpxtpx:hr>180</gpxtpx:hr>
        </gpxtpx:TrackPointExtension></extensions>
      </trkpt>
      <trkpt lat="32.044072" lon="118.711528">
        <ele>5.0</ele>
        <time>2026-09-30T23:44:18Z</time>
        <extensions><gpxtpx:TrackPointExtension>
          <gpxtpx:hr>180</gpxtpx:hr>
        </gpxtpx:TrackPointExtension></extensions>
      </trkpt>
      <trkpt lat="32.044038" lon="118.711511">
        <ele>5.0</ele>
        <time>2026-09-30T23:44:19Z</time>
        <extensions><gpxtpx:TrackPointExtension>
          <gpxtpx:hr>180</gpxtpx:hr>
        </gpxtpx:TrackPointExtension></extensions>
      </trkpt>
      <trkpt lat="32.044003" lon="118.711495">
        <ele>5.0</ele>
        <time>2026-09-30T23:44:20Z</time>
        <extensions><gpxtpx:TrackPointExtension>
          <gpxtpx:hr>180</gpxtpx:hr>
        </gpxtpx:TrackPointExtension></extensions>
      </trkpt>
      <trkpt lat="32.043969" lon="118.711478">
        <ele>5.0</ele>
        <time>2026-09-30T23:44:21Z</time>
        <extensions><gpxtpx:TrackPointExtension>
          <gpxtpx:hr>180</gpxtpx:hr>
        </gpxtpx:TrackPointExtension></extensions>
      </trkpt>
      <trkpt lat="32.043936" lon="118.71146">
        <ele>5.0</ele>
        <time>2026-09-30T23:44:22Z</time>
        <extensions><gpxtpx:TrackPointExtension>
          <gpxtpx:hr>180</gpxtpx:hr>
        </gpxtpx:TrackPointExtension></extensions>
      </trkpt>
      <trkpt lat="32.043903" lon="118.711442">
        <ele>5.0</ele>
        <time>2026-09-30T23:44:23Z</time>
        <extensions><gpxtpx:TrackPointExtension>
          <gpxtpx:hr>180</gpxtpx:hr>
        </gpxtpx:TrackPointExtension></extensions>
      </trkpt>
      <trkpt lat="32.04387" lon="118.711423">
        <ele>5.0</ele>
        <time>2026-09-30T23:44:24Z</time>
        <extensions><gpxtpx:TrackPointExtension>
          <gpxtpx:hr>180</gpxtpx:hr>
        </gpxtpx:TrackPointExtension></extensions>
      </trkpt>
      <trkpt lat="32.043837" lon="118.711404">
        <ele>5.0</ele>
        <time>2026-09-30T23:44:25Z</time>
        <extensions><gpxtpx:TrackPointExtension>
          <gpxtpx:hr>180</gpxtpx:hr>
        </gpxtpx:TrackPointExtension></extensions>
      </trkpt>
      <trkpt lat="32.043804" lon="118.711386">
        <ele>5.0</ele>
        <time>2026-09-30T23:44:26Z</time>
        <extensions><gpxtpx:TrackPointExtension>
          <gpxtpx:hr>180</gpxtpx:hr>
        </gpxtpx:TrackPointExtension></extensions>
      </trkpt>
      <trkpt lat="32.04377" lon="118.711368">
        <ele>5.0</ele>
        <time>2026-09-30T23:44:27Z</time>
        <extensions><gpxtpx:TrackPointExtension>
          <gpxtpx:hr>180</gpxtpx:hr>
        </gpxtpx:TrackPointExtension></extensions>
      </trkpt>
      <trkpt lat="32.043736" lon="118.71135">
        <ele>5.0</ele>
        <time>2026-09-30T23:44:28Z</time>
        <extensions><gpxtpx:TrackPointExtension>
          <gpxtpx:hr>180</gpxtpx:hr>
        </gpxtpx:TrackPointExtension></extensions>
      </trkpt>
      <trkpt lat="32.043702" lon="118.711333">
        <ele>5.0</ele>
        <time>2026-09-30T23:44:29Z</time>
        <extensions><gpxtpx:TrackPointExtension>
          <gpxtpx:hr>180</gpxtpx:hr>
        </gpxtpx:TrackPointExtension></extensions>
      </trkpt>
      <trkpt lat="32.043668" lon="118.711316">
        <ele>5.0</ele>
        <time>2026-09-30T23:44:30Z</time>
        <extensions><gpxtpx:TrackPointExtension>
          <gpxtpx:hr>180</gpxtpx:hr>
        </gpxtpx:TrackPointExtension></extensions>
      </trkpt>
      <trkpt lat="32.043634" lon="118.7113">
        <ele>5.0</ele>
        <time>2026-09-30T23:44:31Z</time>
        <extensions><gpxtpx:TrackPointExtension>
          <gpxtpx:hr>179</gpxtpx:hr>
        </gpxtpx:TrackPointExtension></extensions>
      </trkpt>
      <trkpt lat="32.0436" lon="118.711283">
        <ele>5.0</ele>
        <time>2026-09-30T23:44:32Z</time>
        <extensions><gpxtpx:TrackPointExtension>
          <gpxtpx:hr>179</gpxtpx:hr>
        </gpxtpx:TrackPointExtension></extensions>
      </trkpt>
      <trkpt lat="32.043566" lon="118.711265">
        <ele>5.0</ele>
        <time>2026-09-30T23:44:33Z</time>
        <extensions><gpxtpx:TrackPointExtension>
          <gpxtpx:hr>179</gpxtpx:hr>
        </gpxtpx:TrackPointExtension></extensions>
      </trkpt>
      <trkpt lat="32.043532" lon="118.711249">
        <ele>5.0</ele>
        <time>2026-09-30T23:44:34Z</time>
        <extensions><gpxtpx:TrackPointExtension>
          <gpxtpx:hr>179</gpxtpx:hr>
        </gpxtpx:TrackPointExtension></extensions>
      </trkpt>
      <trkpt lat="32.043497" lon="118.711233">
        <ele>5.0</ele>
        <time>2026-09-30T23:44:35Z</time>
        <extensions><gpxtpx:TrackPointExtension>
          <gpxtpx:hr>179</gpxtpx:hr>
        </gpxtpx:TrackPointExtension></extensions>
      </trkpt>
      <trkpt lat="32.043463" lon="118.711218">
        <ele>5.0</ele>
        <time>2026-09-30T23:44:36Z</time>
        <extensions><gpxtpx:TrackPointExtension>
          <gpxtpx:hr>179</gpxtpx:hr>
        </gpxtpx:TrackPointExtension></extensions>
      </trkpt>
      <trkpt lat="32.043428" lon="118.711203">
        <ele>5.0</ele>
        <time>2026-09-30T23:44:37Z</time>
        <extensions><gpxtpx:TrackPointExtension>
          <gpxtpx:hr>179</gpxtpx:hr>
        </gpxtpx:TrackPointExtension></extensions>
      </trkpt>
      <trkpt lat="32.043394" lon="118.711187">
        <ele>5.0</ele>
        <time>2026-09-30T23:44:38Z</time>
        <extensions><gpxtpx:TrackPointExtension>
          <gpxtpx:hr>179</gpxtpx:hr>
        </gpxtpx:TrackPointExtension></extensions>
      </trkpt>
      <trkpt lat="32.043361" lon="118.711172">
        <ele>5.0</ele>
        <time>2026-09-30T23:44:39Z</time>
        <extensions><gpxtpx:TrackPointExtension>
          <gpxtpx:hr>179</gpxtpx:hr>
        </gpxtpx:TrackPointExtension></extensions>
      </trkpt>
      <trkpt lat="32.043328" lon="118.711157">
        <ele>5.0</ele>
        <time>2026-09-30T23:44:40Z</time>
        <extensions><gpxtpx:TrackPointExtension>
          <gpxtpx:hr>179</gpxtpx:hr>
        </gpxtpx:TrackPointExtension></extensions>
      </trkpt>
      <trkpt lat="32.043295" lon="118.71114">
        <ele>5.0</ele>
        <time>2026-09-30T23:44:41Z</time>
        <extensions><gpxtpx:TrackPointExtension>
          <gpxtpx:hr>179</gpxtpx:hr>
        </gpxtpx:TrackPointExtension></extensions>
      </trkpt>
      <trkpt lat="32.043262" lon="118.711124">
        <ele>4.0</ele>
        <time>2026-09-30T23:44:42Z</time>
        <extensions><gpxtpx:TrackPointExtension>
          <gpxtpx:hr>179</gpxtpx:hr>
        </gpxtpx:TrackPointExtension></extensions>
      </trkpt>
      <trkpt lat="32.043229" lon="118.711107">
        <ele>4.0</ele>
        <time>2026-09-30T23:44:43Z</time>
        <extensions><gpxtpx:TrackPointExtension>
          <gpxtpx:hr>179</gpxtpx:hr>
        </gpxtpx:TrackPointExtension></extensions>
      </trkpt>
      <trkpt lat="32.043195" lon="118.71109">
        <ele>4.0</ele>
        <time>2026-09-30T23:44:44Z</time>
        <extensions><gpxtpx:TrackPointExtension>
          <gpxtpx:hr>179</gpxtpx:hr>
        </gpxtpx:TrackPointExtension></extensions>
      </trkpt>
      <trkpt lat="32.043161" lon="118.711073">
        <ele>4.0</ele>
        <time>2026-09-30T23:44:45Z</time>
        <extensions><gpxtpx:TrackPointExtension>
          <gpxtpx:hr>179</gpxtpx:hr>
        </gpxtpx:TrackPointExtension></extensions>
      </trkpt>
      <trkpt lat="32.043127" lon="118.711056">
        <ele>4.0</ele>
        <time>2026-09-30T23:44:46Z</time>
        <extensions><gpxtpx:TrackPointExtension>
          <gpxtpx:hr>180</gpxtpx:hr>
        </gpxtpx:TrackPointExtension></extensions>
      </trkpt>
      <trkpt lat="32.043094" lon="118.711037">
        <ele>4.0</ele>
        <time>2026-09-30T23:44:47Z</time>
        <extensions><gpxtpx:TrackPointExtension>
          <gpxtpx:hr>180</gpxtpx:hr>
        </gpxtpx:TrackPointExtension></extensions>
      </trkpt>
      <trkpt lat="32.043061" lon="118.711017">
        <ele>4.0</ele>
        <time>2026-09-30T23:44:48Z</time>
        <extensions><gpxtpx:TrackPointExtension>
          <gpxtpx:hr>180</gpxtpx:hr>
        </gpxtpx:TrackPointExtension></extensions>
      </trkpt>
      <trkpt lat="32.043029" lon="118.710997">
        <ele>4.0</ele>
        <time>2026-09-30T23:44:49Z</time>
        <extensions><gpxtpx:TrackPointExtension>
          <gpxtpx:hr>181</gpxtpx:hr>
        </gpxtpx:TrackPointExtension></extensions>
      </trkpt>
      <trkpt lat="32.042998" lon="118.710975">
        <ele>4.0</ele>
        <time>2026-09-30T23:44:50Z</time>
        <extensions><gpxtpx:TrackPointExtension>
          <gpxtpx:hr>181</gpxtpx:hr>
        </gpxtpx:TrackPointExtension></extensions>
      </trkpt>
      <trkpt lat="32.042966" lon="118.710952">
        <ele>4.0</ele>
        <time>2026-09-30T23:44:51Z</time>
        <extensions><gpxtpx:TrackPointExtension>
          <gpxtpx:hr>181</gpxtpx:hr>
        </gpxtpx:TrackPointExtension></extensions>
      </trkpt>
      <trkpt lat="32.042934" lon="118.710929">
        <ele>4.0</ele>
        <time>2026-09-30T23:44:52Z</time>
        <extensions><gpxtpx:TrackPointExtension>
          <gpxtpx:hr>180</gpxtpx:hr>
        </gpxtpx:TrackPointExtension></extensions>
      </trkpt>
      <trkpt lat="32.042902" lon="118.710906">
        <ele>4.0</ele>
        <time>2026-09-30T23:44:53Z</time>
        <extensions><gpxtpx:TrackPointExtension>
          <gpxtpx:hr>180</gpxtpx:hr>
        </gpxtpx:TrackPointExtension></extensions>
      </trkpt>
      <trkpt lat="32.042869" lon="118.710885">
        <ele>4.0</ele>
        <time>2026-09-30T23:44:54Z</time>
        <extensions><gpxtpx:TrackPointExtension>
          <gpxtpx:hr>180</gpxtpx:hr>
        </gpxtpx:TrackPointExtension></extensions>
      </trkpt>
      <trkpt lat="32.042835" lon="118.710864">
        <ele>4.0</ele>
        <time>2026-09-30T23:44:55Z</time>
        <extensions><gpxtpx:TrackPointExtension>
          <gpxtpx:hr>180</gpxtpx:hr>
        </gpxtpx:TrackPointExtension></extensions>
      </trkpt>
      <trkpt lat="32.042801" lon="118.710845">
        <ele>4.0</ele>
        <time>2026-09-30T23:44:56Z</time>
        <extensions><gpxtpx:TrackPointExtension>
          <gpxtpx:hr>180</gpxtpx:hr>
        </gpxtpx:TrackPointExtension></extensions>
      </trkpt>
      <trkpt lat="32.042767" lon="118.710828">
        <ele>5.0</ele>
        <time>2026-09-30T23:44:57Z</time>
        <extensions><gpxtpx:TrackPointExtension>
          <gpxtpx:hr>180</gpxtpx:hr>
        </gpxtpx:TrackPointExtension></extensions>
      </trkpt>
      <trkpt lat="32.042733" lon="118.710812">
        <ele>5.0</ele>
        <time>2026-09-30T23:44:58Z</time>
        <extensions><gpxtpx:TrackPointExtension>
          <gpxtpx:hr>180</gpxtpx:hr>
        </gpxtpx:TrackPointExtension></extensions>
      </trkpt>
      <trkpt lat="32.042699" lon="118.710797">
        <ele>5.0</ele>
        <time>2026-09-30T23:44:59Z</time>
        <extensions><gpxtpx:TrackPointExtension>
          <gpxtpx:hr>180</gpxtpx:hr>
        </gpxtpx:TrackPointExtension></extensions>
      </trkpt>
      <trkpt lat="32.042664" lon="118.710782">
        <ele>5.0</ele>
        <time>2026-09-30T23:45:00Z</time>
        <extensions><gpxtpx:TrackPointExtension>
          <gpxtpx:hr>180</gpxtpx:hr>
        </gpxtpx:TrackPointExtension></extensions>
      </trkpt>
      <trkpt lat="32.04263" lon="118.710766">
        <ele>5.0</ele>
        <time>2026-09-30T23:45:01Z</time>
        <extensions><gpxtpx:TrackPointExtension>
          <gpxtpx:hr>180</gpxtpx:hr>
        </gpxtpx:TrackPointExtension></extensions>
      </trkpt>
      <trkpt lat="32.042596" lon="118.710751">
        <ele>5.0</ele>
        <time>2026-09-30T23:45:02Z</time>
        <extensions><gpxtpx:TrackPointExtension>
          <gpxtpx:hr>180</gpxtpx:hr>
        </gpxtpx:TrackPointExtension></extensions>
      </trkpt>
      <trkpt lat="32.042563" lon="118.710735">
        <ele>5.0</ele>
        <time>2026-09-30T23:45:03Z</time>
        <extensions><gpxtpx:TrackPointExtension>
          <gpxtpx:hr>180</gpxtpx:hr>
        </gpxtpx:TrackPointExtension></extensions>
      </trkpt>
      <trkpt lat="32.042529" lon="118.710719">
        <ele>5.0</ele>
        <time>2026-09-30T23:45:04Z</time>
        <extensions><gpxtpx:TrackPointExtension>
          <gpxtpx:hr>180</gpxtpx:hr>
        </gpxtpx:TrackPointExtension></extensions>
      </trkpt>
      <trkpt lat="32.042496" lon="118.710701">
        <ele>5.0</ele>
        <time>2026-09-30T23:45:05Z</time>
        <extensions><gpxtpx:TrackPointExtension>
          <gpxtpx:hr>180</gpxtpx:hr>
        </gpxtpx:TrackPointExtension></extensions>
      </trkpt>
      <trkpt lat="32.042463" lon="118.710683">
        <ele>5.0</ele>
        <time>2026-09-30T23:45:06Z</time>
        <extensions><gpxtpx:TrackPointExtension>
          <gpxtpx:hr>180</gpxtpx:hr>
        </gpxtpx:TrackPointExtension></extensions>
      </trkpt>
      <trkpt lat="32.042429" lon="118.710665">
        <ele>5.0</ele>
        <time>2026-09-30T23:45:07Z</time>
        <extensions><gpxtpx:TrackPointExtension>
          <gpxtpx:hr>180</gpxtpx:hr>
        </gpxtpx:TrackPointExtension></extensions>
      </trkpt>
      <trkpt lat="32.042395" lon="118.710648">
        <ele>5.0</ele>
        <time>2026-09-30T23:45:08Z</time>
        <extensions><gpxtpx:TrackPointExtension>
          <gpxtpx:hr>180</gpxtpx:hr>
        </gpxtpx:TrackPointExtension></extensions>
      </trkpt>
      <trkpt lat="32.042361" lon="118.710631">
        <ele>5.0</ele>
        <time>2026-09-30T23:45:09Z</time>
        <extensions><gpxtpx:TrackPointExtension>
          <gpxtpx:hr>180</gpxtpx:hr>
        </gpxtpx:TrackPointExtension></extensions>
      </trkpt>
      <trkpt lat="32.042328" lon="118.710614">
        <ele>5.0</ele>
        <time>2026-09-30T23:45:10Z</time>
        <extensions><gpxtpx:TrackPointExtension>
          <gpxtpx:hr>180</gpxtpx:hr>
        </gpxtpx:TrackPointExtension></extensions>
      </trkpt>
      <trkpt lat="32.042295" lon="118.710596">
        <ele>5.0</ele>
        <time>2026-09-30T23:45:11Z</time>
        <extensions><gpxtpx:TrackPointExtension>
          <gpxtpx:hr>180</gpxtpx:hr>
        </gpxtpx:TrackPointExtension></extensions>
      </trkpt>
      <trkpt lat="32.042263" lon="118.710578">
        <ele>5.0</ele>
        <time>2026-09-30T23:45:12Z</time>
        <extensions><gpxtpx:TrackPointExtension>
          <gpxtpx:hr>180</gpxtpx:hr>
        </gpxtpx:TrackPointExtension></extensions>
      </trkpt>
      <trkpt lat="32.042232" lon="118.71056">
        <ele>5.0</ele>
        <time>2026-09-30T23:45:13Z</time>
        <extensions><gpxtpx:TrackPointExtension>
          <gpxtpx:hr>180</gpxtpx:hr>
        </gpxtpx:TrackPointExtension></extensions>
      </trkpt>
      <trkpt lat="32.042201" lon="118.710541">
        <ele>5.0</ele>
        <time>2026-09-30T23:45:14Z</time>
        <extensions><gpxtpx:TrackPointExtension>
          <gpxtpx:hr>180</gpxtpx:hr>
        </gpxtpx:TrackPointExtension></extensions>
      </trkpt>
      <trkpt lat="32.042171" lon="118.710522">
        <ele>5.0</ele>
        <time>2026-09-30T23:45:15Z</time>
        <extensions><gpxtpx:TrackPointExtension>
          <gpxtpx:hr>180</gpxtpx:hr>
        </gpxtpx:TrackPointExtension></extensions>
      </trkpt>
      <trkpt lat="32.042141" lon="118.710503">
        <ele>5.0</ele>
        <time>2026-09-30T23:45:16Z</time>
        <extensions><gpxtpx:TrackPointExtension>
          <gpxtpx:hr>180</gpxtpx:hr>
        </gpxtpx:TrackPointExtension></extensions>
      </trkpt>
      <trkpt lat="32.042111" lon="118.710485">
        <ele>5.0</ele>
        <time>2026-09-30T23:45:17Z</time>
        <extensions><gpxtpx:TrackPointExtension>
          <gpxtpx:hr>180</gpxtpx:hr>
        </gpxtpx:TrackPointExtension></extensions>
      </trkpt>
      <trkpt lat="32.04208" lon="118.710468">
        <ele>5.0</ele>
        <time>2026-09-30T23:45:18Z</time>
        <extensions><gpxtpx:TrackPointExtension>
          <gpxtpx:hr>180</gpxtpx:hr>
        </gpxtpx:TrackPointExtension></extensions>
      </trkpt>
      <trkpt lat="32.042048" lon="118.710452">
        <ele>5.0</ele>
        <time>2026-09-30T23:45:19Z</time>
        <extensions><gpxtpx:TrackPointExtension>
          <gpxtpx:hr>180</gpxtpx:hr>
        </gpxtpx:TrackPointExtension></extensions>
      </trkpt>
      <trkpt lat="32.042016" lon="118.710437">
        <ele>5.0</ele>
        <time>2026-09-30T23:45:20Z</time>
        <extensions><gpxtpx:TrackPointExtension>
          <gpxtpx:hr>180</gpxtpx:hr>
        </gpxtpx:TrackPointExtension></extensions>
      </trkpt>
      <trkpt lat="32.041983" lon="118.710422">
        <ele>5.0</ele>
        <time>2026-09-30T23:45:21Z</time>
        <extensions><gpxtpx:TrackPointExtension>
          <gpxtpx:hr>180</gpxtpx:hr>
        </gpxtpx:TrackPointExtension></extensions>
      </trkpt>
      <trkpt lat="32.041951" lon="118.710406">
        <ele>5.0</ele>
        <time>2026-09-30T23:45:22Z</time>
        <extensions><gpxtpx:TrackPointExtension>
          <gpxtpx:hr>179</gpxtpx:hr>
        </gpxtpx:TrackPointExtension></extensions>
      </trkpt>
      <trkpt lat="32.041918" lon="118.71039">
        <ele>5.0</ele>
        <time>2026-09-30T23:45:23Z</time>
        <extensions><gpxtpx:TrackPointExtension>
          <gpxtpx:hr>179</gpxtpx:hr>
        </gpxtpx:TrackPointExtension></extensions>
      </trkpt>
      <trkpt lat="32.041885" lon="118.710374">
        <ele>5.0</ele>
        <time>2026-09-30T23:45:24Z</time>
        <extensions><gpxtpx:TrackPointExtension>
          <gpxtpx:hr>179</gpxtpx:hr>
        </gpxtpx:TrackPointExtension></extensions>
      </trkpt>
      <trkpt lat="32.041853" lon="118.710358">
        <ele>6.0</ele>
        <time>2026-09-30T23:45:25Z</time>
        <extensions><gpxtpx:TrackPointExtension>
          <gpxtpx:hr>180</gpxtpx:hr>
        </gpxtpx:TrackPointExtension></extensions>
      </trkpt>
      <trkpt lat="32.04182" lon="118.710342">
        <ele>6.0</ele>
        <time>2026-09-30T23:45:26Z</time>
        <extensions><gpxtpx:TrackPointExtension>
          <gpxtpx:hr>180</gpxtpx:hr>
        </gpxtpx:TrackPointExtension></extensions>
      </trkpt>
      <trkpt lat="32.041787" lon="118.710327">
        <ele>6.0</ele>
        <time>2026-09-30T23:45:27Z</time>
        <extensions><gpxtpx:TrackPointExtension>
          <gpxtpx:hr>180</gpxtpx:hr>
        </gpxtpx:TrackPointExtension></extensions>
      </trkpt>
      <trkpt lat="32.041754" lon="118.710315">
        <ele>6.0</ele>
        <time>2026-09-30T23:45:28Z</time>
        <extensions><gpxtpx:TrackPointExtension>
          <gpxtpx:hr>180</gpxtpx:hr>
        </gpxtpx:TrackPointExtension></extensions>
      </trkpt>
      <trkpt lat="32.04172" lon="118.710303">
        <ele>6.0</ele>
        <time>2026-09-30T23:45:29Z</time>
        <extensions><gpxtpx:TrackPointExtension>
          <gpxtpx:hr>180</gpxtpx:hr>
        </gpxtpx:TrackPointExtension></extensions>
      </trkpt>
      <trkpt lat="32.041685" lon="118.710292">
        <ele>6.0</ele>
        <time>2026-09-30T23:45:30Z</time>
        <extensions><gpxtpx:TrackPointExtension>
          <gpxtpx:hr>180</gpxtpx:hr>
        </gpxtpx:TrackPointExtension></extensions>
      </trkpt>
      <trkpt lat="32.041648" lon="118.710282">
        <ele>6.0</ele>
        <time>2026-09-30T23:45:31Z</time>
        <extensions><gpxtpx:TrackPointExtension>
          <gpxtpx:hr>180</gpxtpx:hr>
        </gpxtpx:TrackPointExtension></extensions>
      </trkpt>
      <trkpt lat="32.041612" lon="118.71027">
        <ele>6.0</ele>
        <time>2026-09-30T23:45:32Z</time>
        <extensions><gpxtpx:TrackPointExtension>
          <gpxtpx:hr>180</gpxtpx:hr>
        </gpxtpx:TrackPointExtension></extensions>
      </trkpt>
      <trkpt lat="32.041576" lon="118.710257">
        <ele>6.0</ele>
        <time>2026-09-30T23:45:33Z</time>
        <extensions><gpxtpx:TrackPointExtension>
          <gpxtpx:hr>180</gpxtpx:hr>
        </gpxtpx:TrackPointExtension></extensions>
      </trkpt>
      <trkpt lat="32.041541" lon="118.710242">
        <ele>5.0</ele>
        <time>2026-09-30T23:45:34Z</time>
        <extensions><gpxtpx:TrackPointExtension>
          <gpxtpx:hr>180</gpxtpx:hr>
        </gpxtpx:TrackPointExtension></extensions>
      </trkpt>
      <trkpt lat="32.041506" lon="118.710226">
        <ele>5.0</ele>
        <time>2026-09-30T23:45:35Z</time>
        <extensions><gpxtpx:TrackPointExtension>
          <gpxtpx:hr>180</gpxtpx:hr>
        </gpxtpx:TrackPointExtension></extensions>
      </trkpt>
      <trkpt lat="32.041471" lon="118.71021">
        <ele>5.0</ele>
        <time>2026-09-30T23:45:36Z</time>
        <extensions><gpxtpx:TrackPointExtension>
          <gpxtpx:hr>180</gpxtpx:hr>
        </gpxtpx:TrackPointExtension></extensions>
      </trkpt>
      <trkpt lat="32.041437" lon="118.710193">
        <ele>5.0</ele>
        <time>2026-09-30T23:45:37Z</time>
        <extensions><gpxtpx:TrackPointExtension>
          <gpxtpx:hr>180</gpxtpx:hr>
        </gpxtpx:TrackPointExtension></extensions>
      </trkpt>
      <trkpt lat="32.041404" lon="118.710177">
        <ele>5.0</ele>
        <time>2026-09-30T23:45:38Z</time>
        <extensions><gpxtpx:TrackPointExtension>
          <gpxtpx:hr>180</gpxtpx:hr>
        </gpxtpx:TrackPointExtension></extensions>
      </trkpt>
      <trkpt lat="32.041372" lon="118.71016">
        <ele>5.0</ele>
        <time>2026-09-30T23:45:39Z</time>
        <extensions><gpxtpx:TrackPointExtension>
          <gpxtpx:hr>180</gpxtpx:hr>
        </gpxtpx:TrackPointExtension></extensions>
      </trkpt>
      <trkpt lat="32.04134" lon="118.710144">
        <ele>5.0</ele>
        <time>2026-09-30T23:45:40Z</time>
        <extensions><gpxtpx:TrackPointExtension>
          <gpxtpx:hr>180</gpxtpx:hr>
        </gpxtpx:TrackPointExtension></extensions>
      </trkpt>
      <trkpt lat="32.041308" lon="118.710127">
        <ele>5.0</ele>
        <time>2026-09-30T23:45:41Z</time>
        <extensions><gpxtpx:TrackPointExtension>
          <gpxtpx:hr>180</gpxtpx:hr>
        </gpxtpx:TrackPointExtension></extensions>
      </trkpt>
      <trkpt lat="32.041277" lon="118.71011">
        <ele>5.0</ele>
        <time>2026-09-30T23:45:42Z</time>
        <extensions><gpxtpx:TrackPointExtension>
          <gpxtpx:hr>180</gpxtpx:hr>
        </gpxtpx:TrackPointExtension></extensions>
      </trkpt>
      <trkpt lat="32.041246" lon="118.710092">
        <ele>5.0</ele>
        <time>2026-09-30T23:45:43Z</time>
        <extensions><gpxtpx:TrackPointExtension>
          <gpxtpx:hr>180</gpxtpx:hr>
        </gpxtpx:TrackPointExtension></extensions>
      </trkpt>
      <trkpt lat="32.041215" lon="118.710074">
        <ele>5.0</ele>
        <time>2026-09-30T23:45:44Z</time>
        <extensions><gpxtpx:TrackPointExtension>
          <gpxtpx:hr>180</gpxtpx:hr>
        </gpxtpx:TrackPointExtension></extensions>
      </trkpt>
      <trkpt lat="32.041184" lon="118.710056">
        <ele>5.0</ele>
        <time>2026-09-30T23:45:45Z</time>
        <extensions><gpxtpx:TrackPointExtension>
          <gpxtpx:hr>180</gpxtpx:hr>
        </gpxtpx:TrackPointExtension></extensions>
      </trkpt>
      <trkpt lat="32.041154" lon="118.710038">
        <ele>5.0</ele>
        <time>2026-09-30T23:45:46Z</time>
        <extensions><gpxtpx:TrackPointExtension>
          <gpxtpx:hr>180</gpxtpx:hr>
        </gpxtpx:TrackPointExtension></extensions>
      </trkpt>
      <trkpt lat="32.041122" lon="118.710019">
        <ele>5.0</ele>
        <time>2026-09-30T23:45:47Z</time>
        <extensions><gpxtpx:TrackPointExtension>
          <gpxtpx:hr>179</gpxtpx:hr>
        </gpxtpx:TrackPointExtension></extensions>
      </trkpt>
      <trkpt lat="32.04109" lon="118.709999">
        <ele>5.0</ele>
        <time>2026-09-30T23:45:48Z</time>
        <extensions><gpxtpx:TrackPointExtension>
          <gpxtpx:hr>179</gpxtpx:hr>
        </gpxtpx:TrackPointExtension></extensions>
      </trkpt>
      <trkpt lat="32.041058" lon="118.70998">
        <ele>5.0</ele>
        <time>2026-09-30T23:45:49Z</time>
        <extensions><gpxtpx:TrackPointExtension>
          <gpxtpx:hr>178</gpxtpx:hr>
        </gpxtpx:TrackPointExtension></extensions>
      </trkpt>
      <trkpt lat="32.041025" lon="118.709961">
        <ele>5.0</ele>
        <time>2026-09-30T23:45:50Z</time>
        <extensions><gpxtpx:TrackPointExtension>
          <gpxtpx:hr>178</gpxtpx:hr>
        </gpxtpx:TrackPointExtension></extensions>
      </trkpt>
      <trkpt lat="32.040992" lon="118.709943">
        <ele>5.0</ele>
        <time>2026-09-30T23:45:51Z</time>
        <extensions><gpxtpx:TrackPointExtension>
          <gpxtpx:hr>178</gpxtpx:hr>
        </gpxtpx:TrackPointExtension></extensions>
      </trkpt>
      <trkpt lat="32.040959" lon="118.709926">
        <ele>5.0</ele>
        <time>2026-09-30T23:45:52Z</time>
        <extensions><gpxtpx:TrackPointExtension>
          <gpxtpx:hr>178</gpxtpx:hr>
        </gpxtpx:TrackPointExtension></extensions>
      </trkpt>
      <trkpt lat="32.040925" lon="118.709909">
        <ele>5.0</ele>
        <time>2026-09-30T23:45:53Z</time>
        <extensions><gpxtpx:TrackPointExtension>
          <gpxtpx:hr>178</gpxtpx:hr>
        </gpxtpx:TrackPointExtension></extensions>
      </trkpt>
      <trkpt lat="32.040891" lon="118.709893">
        <ele>5.0</ele>
        <time>2026-09-30T23:45:54Z</time>
        <extensions><gpxtpx:TrackPointExtension>
          <gpxtpx:hr>178</gpxtpx:hr>
        </gpxtpx:TrackPointExtension></extensions>
      </trkpt>
      <trkpt lat="32.040858" lon="118.709877">
        <ele>5.0</ele>
        <time>2026-09-30T23:45:55Z</time>
        <extensions><gpxtpx:TrackPointExtension>
          <gpxtpx:hr>177</gpxtpx:hr>
        </gpxtpx:TrackPointExtension></extensions>
      </trkpt>
      <trkpt lat="32.040824" lon="118.709861">
        <ele>5.0</ele>
        <time>2026-09-30T23:45:56Z</time>
        <extensions><gpxtpx:TrackPointExtension>
          <gpxtpx:hr>178</gpxtpx:hr>
        </gpxtpx:TrackPointExtension></extensions>
      </trkpt>
      <trkpt lat="32.040791" lon="118.709844">
        <ele>5.0</ele>
        <time>2026-09-30T23:45:57Z</time>
        <extensions><gpxtpx:TrackPointExtension>
          <gpxtpx:hr>177</gpxtpx:hr>
        </gpxtpx:TrackPointExtension></extensions>
      </trkpt>
      <trkpt lat="32.040757" lon="118.709828">
        <ele>5.0</ele>
        <time>2026-09-30T23:45:58Z</time>
        <extensions><gpxtpx:TrackPointExtension>
          <gpxtpx:hr>177</gpxtpx:hr>
        </gpxtpx:TrackPointExtension></extensions>
      </trkpt>
      <trkpt lat="32.040723" lon="118.709811">
        <ele>5.0</ele>
        <time>2026-09-30T23:45:59Z</time>
        <extensions><gpxtpx:TrackPointExtension>
          <gpxtpx:hr>177</gpxtpx:hr>
        </gpxtpx:TrackPointExtension></extensions>
      </trkpt>
      <trkpt lat="32.04069" lon="118.709793">
        <ele>5.0</ele>
        <time>2026-09-30T23:46:00Z</time>
        <extensions><gpxtpx:TrackPointExtension>
          <gpxtpx:hr>177</gpxtpx:hr>
        </gpxtpx:TrackPointExtension></extensions>
      </trkpt>
      <trkpt lat="32.040656" lon="118.709776">
        <ele>5.0</ele>
        <time>2026-09-30T23:46:01Z</time>
        <extensions><gpxtpx:TrackPointExtension>
          <gpxtpx:hr>177</gpxtpx:hr>
        </gpxtpx:TrackPointExtension></extensions>
      </trkpt>
      <trkpt lat="32.040622" lon="118.709757">
        <ele>5.0</ele>
        <time>2026-09-30T23:46:02Z</time>
        <extensions><gpxtpx:TrackPointExtension>
          <gpxtpx:hr>177</gpxtpx:hr>
        </gpxtpx:TrackPointExtension></extensions>
      </trkpt>
      <trkpt lat="32.040588" lon="118.709738">
        <ele>5.0</ele>
        <time>2026-09-30T23:46:03Z</time>
        <extensions><gpxtpx:TrackPointExtension>
          <gpxtpx:hr>177</gpxtpx:hr>
        </gpxtpx:TrackPointExtension></extensions>
      </trkpt>
      <trkpt lat="32.040554" lon="118.70972">
        <ele>5.0</ele>
        <time>2026-09-30T23:46:04Z</time>
        <extensions><gpxtpx:TrackPointExtension>
          <gpxtpx:hr>177</gpxtpx:hr>
        </gpxtpx:TrackPointExtension></extensions>
      </trkpt>
      <trkpt lat="32.04052" lon="118.709702">
        <ele>5.0</ele>
        <time>2026-09-30T23:46:05Z</time>
        <extensions><gpxtpx:TrackPointExtension>
          <gpxtpx:hr>177</gpxtpx:hr>
        </gpxtpx:TrackPointExtension></extensions>
      </trkpt>
      <trkpt lat="32.040485" lon="118.709684">
        <ele>4.0</ele>
        <time>2026-09-30T23:46:06Z</time>
        <extensions><gpxtpx:TrackPointExtension>
          <gpxtpx:hr>178</gpxtpx:hr>
        </gpxtpx:TrackPointExtension></extensions>
      </trkpt>
      <trkpt lat="32.040451" lon="118.709665">
        <ele>4.0</ele>
        <time>2026-09-30T23:46:07Z</time>
        <extensions><gpxtpx:TrackPointExtension>
          <gpxtpx:hr>178</gpxtpx:hr>
        </gpxtpx:TrackPointExtension></extensions>
      </trkpt>
      <trkpt lat="32.040418" lon="118.709645">
        <ele>4.0</ele>
        <time>2026-09-30T23:46:08Z</time>
        <extensions><gpxtpx:TrackPointExtension>
          <gpxtpx:hr>178</gpxtpx:hr>
        </gpxtpx:TrackPointExtension></extensions>
      </trkpt>
      <trkpt lat="32.040384" lon="118.709625">
        <ele>4.0</ele>
        <time>2026-09-30T23:46:09Z</time>
        <extensions><gpxtpx:TrackPointExtension>
          <gpxtpx:hr>177</gpxtpx:hr>
        </gpxtpx:TrackPointExtension></extensions>
      </trkpt>
      <trkpt lat="32.040349" lon="118.709604">
        <ele>4.0</ele>
        <time>2026-09-30T23:46:10Z</time>
        <extensions><gpxtpx:TrackPointExtension>
          <gpxtpx:hr>178</gpxtpx:hr>
        </gpxtpx:TrackPointExtension></extensions>
      </trkpt>
      <trkpt lat="32.040315" lon="118.709583">
        <ele>4.0</ele>
        <time>2026-09-30T23:46:11Z</time>
        <extensions><gpxtpx:TrackPointExtension>
          <gpxtpx:hr>178</gpxtpx:hr>
        </gpxtpx:TrackPointExtension></extensions>
      </trkpt>
      <trkpt lat="32.04028" lon="118.709562">
        <ele>4.0</ele>
        <time>2026-09-30T23:46:12Z</time>
        <extensions><gpxtpx:TrackPointExtension>
          <gpxtpx:hr>178</gpxtpx:hr>
        </gpxtpx:TrackPointExtension></extensions>
      </trkpt>
      <trkpt lat="32.040246" lon="118.709542">
        <ele>4.0</ele>
        <time>2026-09-30T23:46:13Z</time>
        <extensions><gpxtpx:TrackPointExtension>
          <gpxtpx:hr>178</gpxtpx:hr>
        </gpxtpx:TrackPointExtension></extensions>
      </trkpt>
      <trkpt lat="32.040212" lon="118.709522">
        <ele>4.0</ele>
        <time>2026-09-30T23:46:14Z</time>
        <extensions><gpxtpx:TrackPointExtension>
          <gpxtpx:hr>178</gpxtpx:hr>
        </gpxtpx:TrackPointExtension></extensions>
      </trkpt>
      <trkpt lat="32.040179" lon="118.709502">
        <ele>4.0</ele>
        <time>2026-09-30T23:46:15Z</time>
        <extensions><gpxtpx:TrackPointExtension>
          <gpxtpx:hr>177</gpxtpx:hr>
        </gpxtpx:TrackPointExtension></extensions>
      </trkpt>
      <trkpt lat="32.040145" lon="118.709483">
        <ele>4.0</ele>
        <time>2026-09-30T23:46:16Z</time>
        <extensions><gpxtpx:TrackPointExtension>
          <gpxtpx:hr>177</gpxtpx:hr>
        </gpxtpx:TrackPointExtension></extensions>
      </trkpt>
      <trkpt lat="32.040112" lon="118.709463">
        <ele>4.0</ele>
        <time>2026-09-30T23:46:17Z</time>
        <extensions><gpxtpx:TrackPointExtension>
          <gpxtpx:hr>177</gpxtpx:hr>
        </gpxtpx:TrackPointExtension></extensions>
      </trkpt>
      <trkpt lat="32.040078" lon="118.709444">
        <ele>4.0</ele>
        <time>2026-09-30T23:46:18Z</time>
        <extensions><gpxtpx:TrackPointExtension>
          <gpxtpx:hr>177</gpxtpx:hr>
        </gpxtpx:TrackPointExtension></extensions>
      </trkpt>
      <trkpt lat="32.040043" lon="118.709424">
        <ele>4.0</ele>
        <time>2026-09-30T23:46:19Z</time>
        <extensions><gpxtpx:TrackPointExtension>
          <gpxtpx:hr>177</gpxtpx:hr>
        </gpxtpx:TrackPointExtension></extensions>
      </trkpt>
      <trkpt lat="32.040009" lon="118.709405">
        <ele>4.0</ele>
        <time>2026-09-30T23:46:20Z</time>
        <extensions><gpxtpx:TrackPointExtension>
          <gpxtpx:hr>176</gpxtpx:hr>
        </gpxtpx:TrackPointExtension></extensions>
      </trkpt>
      <trkpt lat="32.039974" lon="118.709385">
        <ele>4.0</ele>
        <time>2026-09-30T23:46:21Z</time>
        <extensions><gpxtpx:TrackPointExtension>
          <gpxtpx:hr>176</gpxtpx:hr>
        </gpxtpx:TrackPointExtension></extensions>
      </trkpt>
      <trkpt lat="32.039939" lon="118.709366">
        <ele>4.0</ele>
        <time>2026-09-30T23:46:22Z</time>
        <extensions><gpxtpx:TrackPointExtension>
          <gpxtpx:hr>176</gpxtpx:hr>
        </gpxtpx:TrackPointExtension></extensions>
      </trkpt>
      <trkpt lat="32.039904" lon="118.709347">
        <ele>4.0</ele>
        <time>2026-09-30T23:46:23Z</time>
        <extensions><gpxtpx:TrackPointExtension>
          <gpxtpx:hr>176</gpxtpx:hr>
        </gpxtpx:TrackPointExtension></extensions>
      </trkpt>
      <trkpt lat="32.039869" lon="118.709329">
        <ele>4.0</ele>
        <time>2026-09-30T23:46:24Z</time>
        <extensions><gpxtpx:TrackPointExtension>
          <gpxtpx:hr>176</gpxtpx:hr>
        </gpxtpx:TrackPointExtension></extensions>
      </trkpt>
      <trkpt lat="32.039834" lon="118.709311">
        <ele>4.0</ele>
        <time>2026-09-30T23:46:25Z</time>
        <extensions><gpxtpx:TrackPointExtension>
          <gpxtpx:hr>176</gpxtpx:hr>
        </gpxtpx:TrackPointExtension></extensions>
      </trkpt>
      <trkpt lat="32.039799" lon="118.709293">
        <ele>4.0</ele>
        <time>2026-09-30T23:46:26Z</time>
        <extensions><gpxtpx:TrackPointExtension>
          <gpxtpx:hr>176</gpxtpx:hr>
        </gpxtpx:TrackPointExtension></extensions>
      </trkpt>
      <trkpt lat="32.039765" lon="118.709275">
        <ele>4.0</ele>
        <time>2026-09-30T23:46:27Z</time>
        <extensions><gpxtpx:TrackPointExtension>
          <gpxtpx:hr>176</gpxtpx:hr>
        </gpxtpx:TrackPointExtension></extensions>
      </trkpt>
      <trkpt lat="32.039731" lon="118.709256">
        <ele>4.0</ele>
        <time>2026-09-30T23:46:28Z</time>
        <extensions><gpxtpx:TrackPointExtension>
          <gpxtpx:hr>175</gpxtpx:hr>
        </gpxtpx:TrackPointExtension></extensions>
      </trkpt>
      <trkpt lat="32.039697" lon="118.709237">
        <ele>4.0</ele>
        <time>2026-09-30T23:46:29Z</time>
        <extensions><gpxtpx:TrackPointExtension>
          <gpxtpx:hr>175</gpxtpx:hr>
        </gpxtpx:TrackPointExtension></extensions>
      </trkpt>
      <trkpt lat="32.039664" lon="118.709217">
        <ele>4.0</ele>
        <time>2026-09-30T23:46:30Z</time>
        <extensions><gpxtpx:TrackPointExtension>
          <gpxtpx:hr>175</gpxtpx:hr>
        </gpxtpx:TrackPointExtension></extensions>
      </trkpt>
      <trkpt lat="32.03963" lon="118.709198">
        <ele>4.0</ele>
        <time>2026-09-30T23:46:31Z</time>
        <extensions><gpxtpx:TrackPointExtension>
          <gpxtpx:hr>175</gpxtpx:hr>
        </gpxtpx:TrackPointExtension></extensions>
      </trkpt>
      <trkpt lat="32.039596" lon="118.709179">
        <ele>4.0</ele>
        <time>2026-09-30T23:46:32Z</time>
        <extensions><gpxtpx:TrackPointExtension>
          <gpxtpx:hr>175</gpxtpx:hr>
        </gpxtpx:TrackPointExtension></extensions>
      </trkpt>
      <trkpt lat="32.039563" lon="118.709161">
        <ele>4.0</ele>
        <time>2026-09-30T23:46:33Z</time>
        <extensions><gpxtpx:TrackPointExtension>
          <gpxtpx:hr>175</gpxtpx:hr>
        </gpxtpx:TrackPointExtension></extensions>
      </trkpt>
      <trkpt lat="32.03953" lon="118.709143">
        <ele>4.0</ele>
        <time>2026-09-30T23:46:34Z</time>
        <extensions><gpxtpx:TrackPointExtension>
          <gpxtpx:hr>175</gpxtpx:hr>
        </gpxtpx:TrackPointExtension></extensions>
      </trkpt>
      <trkpt lat="32.039498" lon="118.709124">
        <ele>4.0</ele>
        <time>2026-09-30T23:46:35Z</time>
        <extensions><gpxtpx:TrackPointExtension>
          <gpxtpx:hr>175</gpxtpx:hr>
        </gpxtpx:TrackPointExtension></extensions>
      </trkpt>
      <trkpt lat="32.039466" lon="118.709105">
        <ele>4.0</ele>
        <time>2026-09-30T23:46:36Z</time>
        <extensions><gpxtpx:TrackPointExtension>
          <gpxtpx:hr>175</gpxtpx:hr>
        </gpxtpx:TrackPointExtension></extensions>
      </trkpt>
      <trkpt lat="32.039435" lon="118.709085">
        <ele>4.0</ele>
        <time>2026-09-30T23:46:37Z</time>
        <extensions><gpxtpx:TrackPointExtension>
          <gpxtpx:hr>175</gpxtpx:hr>
        </gpxtpx:TrackPointExtension></extensions>
      </trkpt>
      <trkpt lat="32.039403" lon="118.709065">
        <ele>3.0</ele>
        <time>2026-09-30T23:46:38Z</time>
        <extensions><gpxtpx:TrackPointExtension>
          <gpxtpx:hr>176</gpxtpx:hr>
        </gpxtpx:TrackPointExtension></extensions>
      </trkpt>
      <trkpt lat="32.039372" lon="118.709044">
        <ele>3.0</ele>
        <time>2026-09-30T23:46:39Z</time>
        <extensions><gpxtpx:TrackPointExtension>
          <gpxtpx:hr>176</gpxtpx:hr>
        </gpxtpx:TrackPointExtension></extensions>
      </trkpt>
      <trkpt lat="32.03934" lon="118.709024">
        <ele>3.0</ele>
        <time>2026-09-30T23:46:40Z</time>
        <extensions><gpxtpx:TrackPointExtension>
          <gpxtpx:hr>176</gpxtpx:hr>
        </gpxtpx:TrackPointExtension></extensions>
      </trkpt>
      <trkpt lat="32.039309" lon="118.709004">
        <ele>3.0</ele>
        <time>2026-09-30T23:46:41Z</time>
        <extensions><gpxtpx:TrackPointExtension>
          <gpxtpx:hr>176</gpxtpx:hr>
        </gpxtpx:TrackPointExtension></extensions>
      </trkpt>
      <trkpt lat="32.039277" lon="118.708984">
        <ele>3.0</ele>
        <time>2026-09-30T23:46:42Z</time>
        <extensions><gpxtpx:TrackPointExtension>
          <gpxtpx:hr>176</gpxtpx:hr>
        </gpxtpx:TrackPointExtension></extensions>
      </trkpt>
      <trkpt lat="32.039246" lon="118.708964">
        <ele>3.0</ele>
        <time>2026-09-30T23:46:43Z</time>
        <extensions><gpxtpx:TrackPointExtension>
          <gpxtpx:hr>177</gpxtpx:hr>
        </gpxtpx:TrackPointExtension></extensions>
      </trkpt>
      <trkpt lat="32.039214" lon="118.708944">
        <ele>3.0</ele>
        <time>2026-09-30T23:46:44Z</time>
        <extensions><gpxtpx:TrackPointExtension>
          <gpxtpx:hr>177</gpxtpx:hr>
        </gpxtpx:TrackPointExtension></extensions>
      </trkpt>
      <trkpt lat="32.039182" lon="118.708924">
        <ele>3.0</ele>
        <time>2026-09-30T23:46:45Z</time>
        <extensions><gpxtpx:TrackPointExtension>
          <gpxtpx:hr>177</gpxtpx:hr>
        </gpxtpx:TrackPointExtension></extensions>
      </trkpt>
      <trkpt lat="32.03915" lon="118.708905">
        <ele>3.0</ele>
        <time>2026-09-30T23:46:46Z</time>
        <extensions><gpxtpx:TrackPointExtension>
          <gpxtpx:hr>177</gpxtpx:hr>
        </gpxtpx:TrackPointExtension></extensions>
      </trkpt>
      <trkpt lat="32.039118" lon="118.708887">
        <ele>3.0</ele>
        <time>2026-09-30T23:46:47Z</time>
        <extensions><gpxtpx:TrackPointExtension>
          <gpxtpx:hr>177</gpxtpx:hr>
        </gpxtpx:TrackPointExtension></extensions>
      </trkpt>
      <trkpt lat="32.039086" lon="118.708869">
        <ele>3.0</ele>
        <time>2026-09-30T23:46:48Z</time>
        <extensions><gpxtpx:TrackPointExtension>
          <gpxtpx:hr>177</gpxtpx:hr>
        </gpxtpx:TrackPointExtension></extensions>
      </trkpt>
      <trkpt lat="32.039055" lon="118.708851">
        <ele>3.0</ele>
        <time>2026-09-30T23:46:49Z</time>
        <extensions><gpxtpx:TrackPointExtension>
          <gpxtpx:hr>177</gpxtpx:hr>
        </gpxtpx:TrackPointExtension></extensions>
      </trkpt>
      <trkpt lat="32.039024" lon="118.708831">
        <ele>3.0</ele>
        <time>2026-09-30T23:46:50Z</time>
        <extensions><gpxtpx:TrackPointExtension>
          <gpxtpx:hr>176</gpxtpx:hr>
        </gpxtpx:TrackPointExtension></extensions>
      </trkpt>
      <trkpt lat="32.038992" lon="118.708811">
        <ele>3.0</ele>
        <time>2026-09-30T23:46:51Z</time>
        <extensions><gpxtpx:TrackPointExtension>
          <gpxtpx:hr>176</gpxtpx:hr>
        </gpxtpx:TrackPointExtension></extensions>
      </trkpt>
      <trkpt lat="32.038961" lon="118.708791">
        <ele>3.0</ele>
        <time>2026-09-30T23:46:52Z</time>
        <extensions><gpxtpx:TrackPointExtension>
          <gpxtpx:hr>176</gpxtpx:hr>
        </gpxtpx:TrackPointExtension></extensions>
      </trkpt>
      <trkpt lat="32.038928" lon="118.70877">
        <ele>3.0</ele>
        <time>2026-09-30T23:46:53Z</time>
        <extensions><gpxtpx:TrackPointExtension>
          <gpxtpx:hr>176</gpxtpx:hr>
        </gpxtpx:TrackPointExtension></extensions>
      </trkpt>
      <trkpt lat="32.038895" lon="118.70875">
        <ele>3.0</ele>
        <time>2026-09-30T23:46:54Z</time>
        <extensions><gpxtpx:TrackPointExtension>
          <gpxtpx:hr>176</gpxtpx:hr>
        </gpxtpx:TrackPointExtension></extensions>
      </trkpt>
      <trkpt lat="32.038861" lon="118.708729">
        <ele>3.0</ele>
        <time>2026-09-30T23:46:55Z</time>
        <extensions><gpxtpx:TrackPointExtension>
          <gpxtpx:hr>176</gpxtpx:hr>
        </gpxtpx:TrackPointExtension></extensions>
      </trkpt>
      <trkpt lat="32.038826" lon="118.708709">
        <ele>3.0</ele>
        <time>2026-09-30T23:46:56Z</time>
        <extensions><gpxtpx:TrackPointExtension>
          <gpxtpx:hr>176</gpxtpx:hr>
        </gpxtpx:TrackPointExtension></extensions>
      </trkpt>
      <trkpt lat="32.03879" lon="118.708687">
        <ele>3.0</ele>
        <time>2026-09-30T23:46:57Z</time>
        <extensions><gpxtpx:TrackPointExtension>
          <gpxtpx:hr>177</gpxtpx:hr>
        </gpxtpx:TrackPointExtension></extensions>
      </trkpt>
      <trkpt lat="32.038755" lon="118.708666">
        <ele>3.0</ele>
        <time>2026-09-30T23:46:58Z</time>
        <extensions><gpxtpx:TrackPointExtension>
          <gpxtpx:hr>177</gpxtpx:hr>
        </gpxtpx:TrackPointExtension></extensions>
      </trkpt>
      <trkpt lat="32.03872" lon="118.708645">
        <ele>3.0</ele>
        <time>2026-09-30T23:46:59Z</time>
        <extensions><gpxtpx:TrackPointExtension>
          <gpxtpx:hr>176</gpxtpx:hr>
        </gpxtpx:TrackPointExtension></extensions>
      </trkpt>
      <trkpt lat="32.038686" lon="118.708625">
        <ele>3.0</ele>
        <time>2026-09-30T23:47:00Z</time>
        <extensions><gpxtpx:TrackPointExtension>
          <gpxtpx:hr>176</gpxtpx:hr>
        </gpxtpx:TrackPointExtension></extensions>
      </trkpt>
      <trkpt lat="32.038652" lon="118.708606">
        <ele>3.0</ele>
        <time>2026-09-30T23:47:01Z</time>
        <extensions><gpxtpx:TrackPointExtension>
          <gpxtpx:hr>176</gpxtpx:hr>
        </gpxtpx:TrackPointExtension></extensions>
      </trkpt>
      <trkpt lat="32.038617" lon="118.708587">
        <ele>3.0</ele>
        <time>2026-09-30T23:47:02Z</time>
        <extensions><gpxtpx:TrackPointExtension>
          <gpxtpx:hr>176</gpxtpx:hr>
        </gpxtpx:TrackPointExtension></extensions>
      </trkpt>
      <trkpt lat="32.038583" lon="118.70857">
        <ele>3.0</ele>
        <time>2026-09-30T23:47:03Z</time>
        <extensions><gpxtpx:TrackPointExtension>
          <gpxtpx:hr>176</gpxtpx:hr>
        </gpxtpx:TrackPointExtension></extensions>
      </trkpt>
      <trkpt lat="32.038548" lon="118.708552">
        <ele>3.0</ele>
        <time>2026-09-30T23:47:04Z</time>
        <extensions><gpxtpx:TrackPointExtension>
          <gpxtpx:hr>176</gpxtpx:hr>
        </gpxtpx:TrackPointExtension></extensions>
      </trkpt>
      <trkpt lat="32.038514" lon="118.708534">
        <ele>3.0</ele>
        <time>2026-09-30T23:47:05Z</time>
        <extensions><gpxtpx:TrackPointExtension>
          <gpxtpx:hr>176</gpxtpx:hr>
        </gpxtpx:TrackPointExtension></extensions>
      </trkpt>
      <trkpt lat="32.03848" lon="118.708515">
        <ele>3.0</ele>
        <time>2026-09-30T23:47:06Z</time>
        <extensions><gpxtpx:TrackPointExtension>
          <gpxtpx:hr>176</gpxtpx:hr>
        </gpxtpx:TrackPointExtension></extensions>
      </trkpt>
      <trkpt lat="32.038447" lon="118.708495">
        <ele>3.0</ele>
        <time>2026-09-30T23:47:07Z</time>
        <extensions><gpxtpx:TrackPointExtension>
          <gpxtpx:hr>175</gpxtpx:hr>
        </gpxtpx:TrackPointExtension></extensions>
      </trkpt>
      <trkpt lat="32.038415" lon="118.708474">
        <ele>3.0</ele>
        <time>2026-09-30T23:47:08Z</time>
        <extensions><gpxtpx:TrackPointExtension>
          <gpxtpx:hr>176</gpxtpx:hr>
        </gpxtpx:TrackPointExtension></extensions>
      </trkpt>
      <trkpt lat="32.038382" lon="118.708453">
        <ele>3.0</ele>
        <time>2026-09-30T23:47:09Z</time>
        <extensions><gpxtpx:TrackPointExtension>
          <gpxtpx:hr>176</gpxtpx:hr>
        </gpxtpx:TrackPointExtension></extensions>
      </trkpt>
      <trkpt lat="32.03835" lon="118.708432">
        <ele>3.0</ele>
        <time>2026-09-30T23:47:10Z</time>
        <extensions><gpxtpx:TrackPointExtension>
          <gpxtpx:hr>176</gpxtpx:hr>
        </gpxtpx:TrackPointExtension></extensions>
      </trkpt>
      <trkpt lat="32.038317" lon="118.708411">
        <ele>3.0</ele>
        <time>2026-09-30T23:47:11Z</time>
        <extensions><gpxtpx:TrackPointExtension>
          <gpxtpx:hr>176</gpxtpx:hr>
        </gpxtpx:TrackPointExtension></extensions>
      </trkpt>
      <trkpt lat="32.038285" lon="118.70839">
        <ele>3.0</ele>
        <time>2026-09-30T23:47:12Z</time>
        <extensions><gpxtpx:TrackPointExtension>
          <gpxtpx:hr>176</gpxtpx:hr>
        </gpxtpx:TrackPointExtension></extensions>
      </trkpt>
      <trkpt lat="32.038252" lon="118.708368">
        <ele>3.0</ele>
        <time>2026-09-30T23:47:13Z</time>
        <extensions><gpxtpx:TrackPointExtension>
          <gpxtpx:hr>176</gpxtpx:hr>
        </gpxtpx:TrackPointExtension></extensions>
      </trkpt>
      <trkpt lat="32.03822" lon="118.708347">
        <ele>3.0</ele>
        <time>2026-09-30T23:47:14Z</time>
        <extensions><gpxtpx:TrackPointExtension>
          <gpxtpx:hr>176</gpxtpx:hr>
        </gpxtpx:TrackPointExtension></extensions>
      </trkpt>
      <trkpt lat="32.038187" lon="118.708327">
        <ele>3.0</ele>
        <time>2026-09-30T23:47:15Z</time>
        <extensions><gpxtpx:TrackPointExtension>
          <gpxtpx:hr>176</gpxtpx:hr>
        </gpxtpx:TrackPointExtension></extensions>
      </trkpt>
      <trkpt lat="32.038153" lon="118.708309">
        <ele>3.0</ele>
        <time>2026-09-30T23:47:16Z</time>
        <extensions><gpxtpx:TrackPointExtension>
          <gpxtpx:hr>176</gpxtpx:hr>
        </gpxtpx:TrackPointExtension></extensions>
      </trkpt>
      <trkpt lat="32.03812" lon="118.70829">
        <ele>3.0</ele>
        <time>2026-09-30T23:47:17Z</time>
        <extensions><gpxtpx:TrackPointExtension>
          <gpxtpx:hr>176</gpxtpx:hr>
        </gpxtpx:TrackPointExtension></extensions>
      </trkpt>
      <trkpt lat="32.038086" lon="118.708271">
        <ele>3.0</ele>
        <time>2026-09-30T23:47:18Z</time>
        <extensions><gpxtpx:TrackPointExtension>
          <gpxtpx:hr>177</gpxtpx:hr>
        </gpxtpx:TrackPointExtension></extensions>
      </trkpt>
      <trkpt lat="32.038053" lon="118.708251">
        <ele>3.0</ele>
        <time>2026-09-30T23:47:19Z</time>
        <extensions><gpxtpx:TrackPointExtension>
          <gpxtpx:hr>177</gpxtpx:hr>
        </gpxtpx:TrackPointExtension></extensions>
      </trkpt>
      <trkpt lat="32.038019" lon="118.70823">
        <ele>3.0</ele>
        <time>2026-09-30T23:47:20Z</time>
        <extensions><gpxtpx:TrackPointExtension>
          <gpxtpx:hr>177</gpxtpx:hr>
        </gpxtpx:TrackPointExtension></extensions>
      </trkpt>
      <trkpt lat="32.037986" lon="118.708209">
        <ele>3.0</ele>
        <time>2026-09-30T23:47:21Z</time>
        <extensions><gpxtpx:TrackPointExtension>
          <gpxtpx:hr>177</gpxtpx:hr>
        </gpxtpx:TrackPointExtension></extensions>
      </trkpt>
      <trkpt lat="32.037954" lon="118.708187">
        <ele>3.0</ele>
        <time>2026-09-30T23:47:22Z</time>
        <extensions><gpxtpx:TrackPointExtension>
          <gpxtpx:hr>176</gpxtpx:hr>
        </gpxtpx:TrackPointExtension></extensions>
      </trkpt>
      <trkpt lat="32.037921" lon="118.708163">
        <ele>3.0</ele>
        <time>2026-09-30T23:47:23Z</time>
        <extensions><gpxtpx:TrackPointExtension>
          <gpxtpx:hr>176</gpxtpx:hr>
        </gpxtpx:TrackPointExtension></extensions>
      </trkpt>
      <trkpt lat="32.037888" lon="118.708139">
        <ele>3.0</ele>
        <time>2026-09-30T23:47:24Z</time>
        <extensions><gpxtpx:TrackPointExtension>
          <gpxtpx:hr>176</gpxtpx:hr>
        </gpxtpx:TrackPointExtension></extensions>
      </trkpt>
      <trkpt lat="32.037854" lon="118.708116">
        <ele>3.0</ele>
        <time>2026-09-30T23:47:25Z</time>
        <extensions><gpxtpx:TrackPointExtension>
          <gpxtpx:hr>176</gpxtpx:hr>
        </gpxtpx:TrackPointExtension></extensions>
      </trkpt>
      <trkpt lat="32.03782" lon="118.708093">
        <ele>3.0</ele>
        <time>2026-09-30T23:47:26Z</time>
        <extensions><gpxtpx:TrackPointExtension>
          <gpxtpx:hr>175</gpxtpx:hr>
        </gpxtpx:TrackPointExtension></extensions>
      </trkpt>
      <trkpt lat="32.037786" lon="118.708071">
        <ele>3.0</ele>
        <time>2026-09-30T23:47:27Z</time>
        <extensions><gpxtpx:TrackPointExtension>
          <gpxtpx:hr>175</gpxtpx:hr>
        </gpxtpx:TrackPointExtension></extensions>
      </trkpt>
      <trkpt lat="32.037753" lon="118.70805">
        <ele>3.0</ele>
        <time>2026-09-30T23:47:28Z</time>
        <extensions><gpxtpx:TrackPointExtension>
          <gpxtpx:hr>175</gpxtpx:hr>
        </gpxtpx:TrackPointExtension></extensions>
      </trkpt>
      <trkpt lat="32.037719" lon="118.708029">
        <ele>3.0</ele>
        <time>2026-09-30T23:47:29Z</time>
        <extensions><gpxtpx:TrackPointExtension>
          <gpxtpx:hr>175</gpxtpx:hr>
        </gpxtpx:TrackPointExtension></extensions>
      </trkpt>
      <trkpt lat="32.037686" lon="118.708009">
        <ele>3.0</ele>
        <time>2026-09-30T23:47:30Z</time>
        <extensions><gpxtpx:TrackPointExtension>
          <gpxtpx:hr>175</gpxtpx:hr>
        </gpxtpx:TrackPointExtension></extensions>
      </trkpt>
      <trkpt lat="32.037652" lon="118.70799">
        <ele>3.0</ele>
        <time>2026-09-30T23:47:31Z</time>
        <extensions><gpxtpx:TrackPointExtension>
          <gpxtpx:hr>175</gpxtpx:hr>
        </gpxtpx:TrackPointExtension></extensions>
      </trkpt>
      <trkpt lat="32.037619" lon="118.707971">
        <ele>3.0</ele>
        <time>2026-09-30T23:47:32Z</time>
        <extensions><gpxtpx:TrackPointExtension>
          <gpxtpx:hr>175</gpxtpx:hr>
        </gpxtpx:TrackPointExtension></extensions>
      </trkpt>
      <trkpt lat="32.037585" lon="118.707952">
        <ele>3.0</ele>
        <time>2026-09-30T23:47:33Z</time>
        <extensions><gpxtpx:TrackPointExtension>
          <gpxtpx:hr>175</gpxtpx:hr>
        </gpxtpx:TrackPointExtension></extensions>
      </trkpt>
      <trkpt lat="32.03755" lon="118.707933">
        <ele>3.0</ele>
        <time>2026-09-30T23:47:34Z</time>
        <extensions><gpxtpx:TrackPointExtension>
          <gpxtpx:hr>175</gpxtpx:hr>
        </gpxtpx:TrackPointExtension></extensions>
      </trkpt>
      <trkpt lat="32.037516" lon="118.707914">
        <ele>3.0</ele>
        <time>2026-09-30T23:47:35Z</time>
        <extensions><gpxtpx:TrackPointExtension>
          <gpxtpx:hr>176</gpxtpx:hr>
        </gpxtpx:TrackPointExtension></extensions>
      </trkpt>
      <trkpt lat="32.037481" lon="118.707895">
        <ele>3.0</ele>
        <time>2026-09-30T23:47:36Z</time>
        <extensions><gpxtpx:TrackPointExtension>
          <gpxtpx:hr>176</gpxtpx:hr>
        </gpxtpx:TrackPointExtension></extensions>
      </trkpt>
      <trkpt lat="32.037447" lon="118.707875">
        <ele>4.0</ele>
        <time>2026-09-30T23:47:37Z</time>
        <extensions><gpxtpx:TrackPointExtension>
          <gpxtpx:hr>177</gpxtpx:hr>
        </gpxtpx:TrackPointExtension></extensions>
      </trkpt>
      <trkpt lat="32.037413" lon="118.707855">
        <ele>4.0</ele>
        <time>2026-09-30T23:47:38Z</time>
        <extensions><gpxtpx:TrackPointExtension>
          <gpxtpx:hr>177</gpxtpx:hr>
        </gpxtpx:TrackPointExtension></extensions>
      </trkpt>
      <trkpt lat="32.037379" lon="118.707835">
        <ele>4.0</ele>
        <time>2026-09-30T23:47:39Z</time>
        <extensions><gpxtpx:TrackPointExtension>
          <gpxtpx:hr>178</gpxtpx:hr>
        </gpxtpx:TrackPointExtension></extensions>
      </trkpt>
      <trkpt lat="32.037345" lon="118.707815">
        <ele>4.0</ele>
        <time>2026-09-30T23:47:40Z</time>
        <extensions><gpxtpx:TrackPointExtension>
          <gpxtpx:hr>179</gpxtpx:hr>
        </gpxtpx:TrackPointExtension></extensions>
      </trkpt>
      <trkpt lat="32.037312" lon="118.707794">
        <ele>4.0</ele>
        <time>2026-09-30T23:47:41Z</time>
        <extensions><gpxtpx:TrackPointExtension>
          <gpxtpx:hr>179</gpxtpx:hr>
        </gpxtpx:TrackPointExtension></extensions>
      </trkpt>
      <trkpt lat="32.037278" lon="118.707774">
        <ele>4.0</ele>
        <time>2026-09-30T23:47:42Z</time>
        <extensions><gpxtpx:TrackPointExtension>
          <gpxtpx:hr>180</gpxtpx:hr>
        </gpxtpx:TrackPointExtension></extensions>
      </trkpt>
      <trkpt lat="32.037244" lon="118.707753">
        <ele>4.0</ele>
        <time>2026-09-30T23:47:43Z</time>
        <extensions><gpxtpx:TrackPointExtension>
          <gpxtpx:hr>180</gpxtpx:hr>
        </gpxtpx:TrackPointExtension></extensions>
      </trkpt>
      <trkpt lat="32.03721" lon="118.707734">
        <ele>4.0</ele>
        <time>2026-09-30T23:47:44Z</time>
        <extensions><gpxtpx:TrackPointExtension>
          <gpxtpx:hr>180</gpxtpx:hr>
        </gpxtpx:TrackPointExtension></extensions>
      </trkpt>
      <trkpt lat="32.037176" lon="118.707714">
        <ele>4.0</ele>
        <time>2026-09-30T23:47:45Z</time>
        <extensions><gpxtpx:TrackPointExtension>
          <gpxtpx:hr>180</gpxtpx:hr>
        </gpxtpx:TrackPointExtension></extensions>
      </trkpt>
      <trkpt lat="32.037142" lon="118.707695">
        <ele>4.0</ele>
        <time>2026-09-30T23:47:46Z</time>
        <extensions><gpxtpx:TrackPointExtension>
          <gpxtpx:hr>180</gpxtpx:hr>
        </gpxtpx:TrackPointExtension></extensions>
      </trkpt>
      <trkpt lat="32.037108" lon="118.707675">
        <ele>4.0</ele>
        <time>2026-09-30T23:47:47Z</time>
        <extensions><gpxtpx:TrackPointExtension>
          <gpxtpx:hr>180</gpxtpx:hr>
        </gpxtpx:TrackPointExtension></extensions>
      </trkpt>
      <trkpt lat="32.037074" lon="118.707656">
        <ele>4.0</ele>
        <time>2026-09-30T23:47:48Z</time>
        <extensions><gpxtpx:TrackPointExtension>
          <gpxtpx:hr>179</gpxtpx:hr>
        </gpxtpx:TrackPointExtension></extensions>
      </trkpt>
      <trkpt lat="32.03704" lon="118.707636">
        <ele>4.0</ele>
        <time>2026-09-30T23:47:49Z</time>
        <extensions><gpxtpx:TrackPointExtension>
          <gpxtpx:hr>179</gpxtpx:hr>
        </gpxtpx:TrackPointExtension></extensions>
      </trkpt>
      <trkpt lat="32.037006" lon="118.707618">
        <ele>4.0</ele>
        <time>2026-09-30T23:47:50Z</time>
        <extensions><gpxtpx:TrackPointExtension>
          <gpxtpx:hr>178</gpxtpx:hr>
        </gpxtpx:TrackPointExtension></extensions>
      </trkpt>
      <trkpt lat="32.036974" lon="118.707599">
        <ele>4.0</ele>
        <time>2026-09-30T23:47:51Z</time>
        <extensions><gpxtpx:TrackPointExtension>
          <gpxtpx:hr>178</gpxtpx:hr>
        </gpxtpx:TrackPointExtension></extensions>
      </trkpt>
      <trkpt lat="32.036942" lon="118.707579">
        <ele>4.0</ele>
        <time>2026-09-30T23:47:52Z</time>
        <extensions><gpxtpx:TrackPointExtension>
          <gpxtpx:hr>178</gpxtpx:hr>
        </gpxtpx:TrackPointExtension></extensions>
      </trkpt>
      <trkpt lat="32.03691" lon="118.707558">
        <ele>4.0</ele>
        <time>2026-09-30T23:47:53Z</time>
        <extensions><gpxtpx:TrackPointExtension>
          <gpxtpx:hr>178</gpxtpx:hr>
        </gpxtpx:TrackPointExtension></extensions>
      </trkpt>
      <trkpt lat="32.036879" lon="118.707536">
        <ele>3.0</ele>
        <time>2026-09-30T23:47:54Z</time>
        <extensions><gpxtpx:TrackPointExtension>
          <gpxtpx:hr>178</gpxtpx:hr>
        </gpxtpx:TrackPointExtension></extensions>
      </trkpt>
      <trkpt lat="32.036848" lon="118.707513">
        <ele>3.0</ele>
        <time>2026-09-30T23:47:55Z</time>
        <extensions><gpxtpx:TrackPointExtension>
          <gpxtpx:hr>178</gpxtpx:hr>
        </gpxtpx:TrackPointExtension></extensions>
      </trkpt>
      <trkpt lat="32.036818" lon="118.70749">
        <ele>3.0</ele>
        <time>2026-09-30T23:47:56Z</time>
        <extensions><gpxtpx:TrackPointExtension>
          <gpxtpx:hr>178</gpxtpx:hr>
        </gpxtpx:TrackPointExtension></extensions>
      </trkpt>
      <trkpt lat="32.036788" lon="118.707465">
        <ele>3.0</ele>
        <time>2026-09-30T23:47:57Z</time>
        <extensions><gpxtpx:TrackPointExtension>
          <gpxtpx:hr>178</gpxtpx:hr>
        </gpxtpx:TrackPointExtension></extensions>
      </trkpt>
      <trkpt lat="32.036758" lon="118.70744">
        <ele>3.0</ele>
        <time>2026-09-30T23:47:58Z</time>
        <extensions><gpxtpx:TrackPointExtension>
          <gpxtpx:hr>178</gpxtpx:hr>
        </gpxtpx:TrackPointExtension></extensions>
      </trkpt>
      <trkpt lat="32.036729" lon="118.707415">
        <ele>3.0</ele>
        <time>2026-09-30T23:47:59Z</time>
        <extensions><gpxtpx:TrackPointExtension>
          <gpxtpx:hr>178</gpxtpx:hr>
        </gpxtpx:TrackPointExtension></extensions>
      </trkpt>
      <trkpt lat="32.036701" lon="118.707389">
        <ele>3.0</ele>
        <time>2026-09-30T23:48:00Z</time>
        <extensions><gpxtpx:TrackPointExtension>
          <gpxtpx:hr>178</gpxtpx:hr>
        </gpxtpx:TrackPointExtension></extensions>
      </trkpt>
      <trkpt lat="32.036672" lon="118.707363">
        <ele>3.0</ele>
        <time>2026-09-30T23:48:01Z</time>
        <extensions><gpxtpx:TrackPointExtension>
          <gpxtpx:hr>178</gpxtpx:hr>
        </gpxtpx:TrackPointExtension></extensions>
      </trkpt>
      <trkpt lat="32.036642" lon="118.707338">
        <ele>3.0</ele>
        <time>2026-09-30T23:48:02Z</time>
        <extensions><gpxtpx:TrackPointExtension>
          <gpxtpx:hr>178</gpxtpx:hr>
        </gpxtpx:TrackPointExtension></extensions>
      </trkpt>
      <trkpt lat="32.036613" lon="118.707313">
        <ele>3.0</ele>
        <time>2026-09-30T23:48:03Z</time>
        <extensions><gpxtpx:TrackPointExtension>
          <gpxtpx:hr>178</gpxtpx:hr>
        </gpxtpx:TrackPointExtension></extensions>
      </trkpt>
      <trkpt lat="32.036583" lon="118.707288">
        <ele>3.0</ele>
        <time>2026-09-30T23:48:04Z</time>
        <extensions><gpxtpx:TrackPointExtension>
          <gpxtpx:hr>178</gpxtpx:hr>
        </gpxtpx:TrackPointExtension></extensions>
      </trkpt>
      <trkpt lat="32.036553" lon="118.707264">
        <ele>4.0</ele>
        <time>2026-09-30T23:48:05Z</time>
        <extensions><gpxtpx:TrackPointExtension>
          <gpxtpx:hr>179</gpxtpx:hr>
        </gpxtpx:TrackPointExtension></extensions>
      </trkpt>
      <trkpt lat="32.036523" lon="118.707239">
        <ele>4.0</ele>
        <time>2026-09-30T23:48:06Z</time>
        <extensions><gpxtpx:TrackPointExtension>
          <gpxtpx:hr>179</gpxtpx:hr>
        </gpxtpx:TrackPointExtension></extensions>
      </trkpt>
      <trkpt lat="32.036493" lon="118.707214">
        <ele>4.0</ele>
        <time>2026-09-30T23:48:07Z</time>
        <extensions><gpxtpx:TrackPointExtension>
          <gpxtpx:hr>179</gpxtpx:hr>
        </gpxtpx:TrackPointExtension></extensions>
      </trkpt>
      <trkpt lat="32.036462" lon="118.70719">
        <ele>4.0</ele>
        <time>2026-09-30T23:48:08Z</time>
        <extensions><gpxtpx:TrackPointExtension>
          <gpxtpx:hr>180</gpxtpx:hr>
        </gpxtpx:TrackPointExtension></extensions>
      </trkpt>
      <trkpt lat="32.036431" lon="118.707165">
        <ele>4.0</ele>
        <time>2026-09-30T23:48:09Z</time>
        <extensions><gpxtpx:TrackPointExtension>
          <gpxtpx:hr>180</gpxtpx:hr>
        </gpxtpx:TrackPointExtension></extensions>
      </trkpt>
      <trkpt lat="32.036401" lon="118.70714">
        <ele>4.0</ele>
        <time>2026-09-30T23:48:10Z</time>
        <extensions><gpxtpx:TrackPointExtension>
          <gpxtpx:hr>180</gpxtpx:hr>
        </gpxtpx:TrackPointExtension></extensions>
      </trkpt>
      <trkpt lat="32.03637" lon="118.707115">
        <ele>4.0</ele>
        <time>2026-09-30T23:48:11Z</time>
        <extensions><gpxtpx:TrackPointExtension>
          <gpxtpx:hr>180</gpxtpx:hr>
        </gpxtpx:TrackPointExtension></extensions>
      </trkpt>
      <trkpt lat="32.03634" lon="118.707089">
        <ele>4.0</ele>
        <time>2026-09-30T23:48:12Z</time>
        <extensions><gpxtpx:TrackPointExtension>
          <gpxtpx:hr>181</gpxtpx:hr>
        </gpxtpx:TrackPointExtension></extensions>
      </trkpt>
      <trkpt lat="32.03631" lon="118.707063">
        <ele>4.0</ele>
        <time>2026-09-30T23:48:13Z</time>
        <extensions><gpxtpx:TrackPointExtension>
          <gpxtpx:hr>181</gpxtpx:hr>
        </gpxtpx:TrackPointExtension></extensions>
      </trkpt>
      <trkpt lat="32.036279" lon="118.707038">
        <ele>4.0</ele>
        <time>2026-09-30T23:48:14Z</time>
        <extensions><gpxtpx:TrackPointExtension>
          <gpxtpx:hr>181</gpxtpx:hr>
        </gpxtpx:TrackPointExtension></extensions>
      </trkpt>
      <trkpt lat="32.036249" lon="118.707013">
        <ele>4.0</ele>
        <time>2026-09-30T23:48:15Z</time>
        <extensions><gpxtpx:TrackPointExtension>
          <gpxtpx:hr>181</gpxtpx:hr>
        </gpxtpx:TrackPointExtension></extensions>
      </trkpt>
      <trkpt lat="32.036218" lon="118.706989">
        <ele>4.0</ele>
        <time>2026-09-30T23:48:16Z</time>
        <extensions><gpxtpx:TrackPointExtension>
          <gpxtpx:hr>181</gpxtpx:hr>
        </gpxtpx:TrackPointExtension></extensions>
      </trkpt>
      <trkpt lat="32.036187" lon="118.706964">
        <ele>4.0</ele>
        <time>2026-09-30T23:48:17Z</time>
        <extensions><gpxtpx:TrackPointExtension>
          <gpxtpx:hr>181</gpxtpx:hr>
        </gpxtpx:TrackPointExtension></extensions>
      </trkpt>
      <trkpt lat="32.036156" lon="118.706938">
        <ele>3.0</ele>
        <time>2026-09-30T23:48:18Z</time>
        <extensions><gpxtpx:TrackPointExtension>
          <gpxtpx:hr>181</gpxtpx:hr>
        </gpxtpx:TrackPointExtension></extensions>
      </trkpt>
      <trkpt lat="32.036125" lon="118.706911">
        <ele>3.0</ele>
        <time>2026-09-30T23:48:19Z</time>
        <extensions><gpxtpx:TrackPointExtension>
          <gpxtpx:hr>181</gpxtpx:hr>
        </gpxtpx:TrackPointExtension></extensions>
      </trkpt>
      <trkpt lat="32.036095" lon="118.706884">
        <ele>3.0</ele>
        <time>2026-09-30T23:48:20Z</time>
        <extensions><gpxtpx:TrackPointExtension>
          <gpxtpx:hr>181</gpxtpx:hr>
        </gpxtpx:TrackPointExtension></extensions>
      </trkpt>
      <trkpt lat="32.036065" lon="118.706857">
        <ele>3.0</ele>
        <time>2026-09-30T23:48:21Z</time>
        <extensions><gpxtpx:TrackPointExtension>
          <gpxtpx:hr>181</gpxtpx:hr>
        </gpxtpx:TrackPointExtension></extensions>
      </trkpt>
      <trkpt lat="32.036035" lon="118.706831">
        <ele>3.0</ele>
        <time>2026-09-30T23:48:22Z</time>
        <extensions><gpxtpx:TrackPointExtension>
          <gpxtpx:hr>181</gpxtpx:hr>
        </gpxtpx:TrackPointExtension></extensions>
      </trkpt>
      <trkpt lat="32.036005" lon="118.706806">
        <ele>3.0</ele>
        <time>2026-09-30T23:48:23Z</time>
        <extensions><gpxtpx:TrackPointExtension>
          <gpxtpx:hr>181</gpxtpx:hr>
        </gpxtpx:TrackPointExtension></extensions>
      </trkpt>
      <trkpt lat="32.035975" lon="118.706781">
        <ele>3.0</ele>
        <time>2026-09-30T23:48:24Z</time>
        <extensions><gpxtpx:TrackPointExtension>
          <gpxtpx:hr>181</gpxtpx:hr>
        </gpxtpx:TrackPointExtension></extensions>
      </trkpt>
      <trkpt lat="32.035945" lon="118.706758">
        <ele>3.0</ele>
        <time>2026-09-30T23:48:25Z</time>
        <extensions><gpxtpx:TrackPointExtension>
          <gpxtpx:hr>181</gpxtpx:hr>
        </gpxtpx:TrackPointExtension></extensions>
      </trkpt>
      <trkpt lat="32.035915" lon="118.706735">
        <ele>3.0</ele>
        <time>2026-09-30T23:48:26Z</time>
        <extensions><gpxtpx:TrackPointExtension>
          <gpxtpx:hr>181</gpxtpx:hr>
        </gpxtpx:TrackPointExtension></extensions>
      </trkpt>
      <trkpt lat="32.035884" lon="118.706712">
        <ele>3.0</ele>
        <time>2026-09-30T23:48:27Z</time>
        <extensions><gpxtpx:TrackPointExtension>
          <gpxtpx:hr>181</gpxtpx:hr>
        </gpxtpx:TrackPointExtension></extensions>
      </trkpt>
      <trkpt lat="32.035854" lon="118.706688">
        <ele>3.0</ele>
        <time>2026-09-30T23:48:28Z</time>
        <extensions><gpxtpx:TrackPointExtension>
          <gpxtpx:hr>181</gpxtpx:hr>
        </gpxtpx:TrackPointExtension></extensions>
      </trkpt>
      <trkpt lat="32.035824" lon="118.706664">
        <ele>3.0</ele>
        <time>2026-09-30T23:48:29Z</time>
        <extensions><gpxtpx:TrackPointExtension>
          <gpxtpx:hr>181</gpxtpx:hr>
        </gpxtpx:TrackPointExtension></extensions>
      </trkpt>
      <trkpt lat="32.035793" lon="118.706639">
        <ele>3.0</ele>
        <time>2026-09-30T23:48:30Z</time>
        <extensions><gpxtpx:TrackPointExtension>
          <gpxtpx:hr>181</gpxtpx:hr>
        </gpxtpx:TrackPointExtension></extensions>
      </trkpt>
      <trkpt lat="32.035761" lon="118.706614">
        <ele>3.0</ele>
        <time>2026-09-30T23:48:31Z</time>
        <extensions><gpxtpx:TrackPointExtension>
          <gpxtpx:hr>181</gpxtpx:hr>
        </gpxtpx:TrackPointExtension></extensions>
      </trkpt>
      <trkpt lat="32.03573" lon="118.706588">
        <ele>3.0</ele>
        <time>2026-09-30T23:48:32Z</time>
        <extensions><gpxtpx:TrackPointExtension>
          <gpxtpx:hr>181</gpxtpx:hr>
        </gpxtpx:TrackPointExtension></extensions>
      </trkpt>
      <trkpt lat="32.035699" lon="118.706563">
        <ele>3.0</ele>
        <time>2026-09-30T23:48:33Z</time>
        <extensions><gpxtpx:TrackPointExtension>
          <gpxtpx:hr>181</gpxtpx:hr>
        </gpxtpx:TrackPointExtension></extensions>
      </trkpt>
      <trkpt lat="32.035668" lon="118.706537">
        <ele>3.0</ele>
        <time>2026-09-30T23:48:34Z</time>
        <extensions><gpxtpx:TrackPointExtension>
          <gpxtpx:hr>181</gpxtpx:hr>
        </gpxtpx:TrackPointExtension></extensions>
      </trkpt>
      <trkpt lat="32.035637" lon="118.706511">
        <ele>3.0</ele>
        <time>2026-09-30T23:48:35Z</time>
        <extensions><gpxtpx:TrackPointExtension>
          <gpxtpx:hr>181</gpxtpx:hr>
        </gpxtpx:TrackPointExtension></extensions>
      </trkpt>
      <trkpt lat="32.035606" lon="118.706485">
        <ele>3.0</ele>
        <time>2026-09-30T23:48:36Z</time>
        <extensions><gpxtpx:TrackPointExtension>
          <gpxtpx:hr>180</gpxtpx:hr>
        </gpxtpx:TrackPointExtension></extensions>
      </trkpt>
      <trkpt lat="32.035575" lon="118.706458">
        <ele>4.0</ele>
        <time>2026-09-30T23:48:37Z</time>
        <extensions><gpxtpx:TrackPointExtension>
          <gpxtpx:hr>180</gpxtpx:hr>
        </gpxtpx:TrackPointExtension></extensions>
      </trkpt>
      <trkpt lat="32.035545" lon="118.706431">
        <ele>3.0</ele>
        <time>2026-09-30T23:48:38Z</time>
        <extensions><gpxtpx:TrackPointExtension>
          <gpxtpx:hr>180</gpxtpx:hr>
        </gpxtpx:TrackPointExtension></extensions>
      </trkpt>
      <trkpt lat="32.035514" lon="118.706405">
        <ele>3.0</ele>
        <time>2026-09-30T23:48:39Z</time>
        <extensions><gpxtpx:TrackPointExtension>
          <gpxtpx:hr>181</gpxtpx:hr>
        </gpxtpx:TrackPointExtension></extensions>
      </trkpt>
      <trkpt lat="32.035484" lon="118.70638">
        <ele>3.0</ele>
        <time>2026-09-30T23:48:40Z</time>
        <extensions><gpxtpx:TrackPointExtension>
          <gpxtpx:hr>181</gpxtpx:hr>
        </gpxtpx:TrackPointExtension></extensions>
      </trkpt>
      <trkpt lat="32.035454" lon="118.706355">
        <ele>3.0</ele>
        <time>2026-09-30T23:48:41Z</time>
        <extensions><gpxtpx:TrackPointExtension>
          <gpxtpx:hr>182</gpxtpx:hr>
        </gpxtpx:TrackPointExtension></extensions>
      </trkpt>
      <trkpt lat="32.035424" lon="118.706329">
        <ele>3.0</ele>
        <time>2026-09-30T23:48:42Z</time>
        <extensions><gpxtpx:TrackPointExtension>
          <gpxtpx:hr>183</gpxtpx:hr>
        </gpxtpx:TrackPointExtension></extensions>
      </trkpt>
      <trkpt lat="32.035394" lon="118.706304">
        <ele>3.0</ele>
        <time>2026-09-30T23:48:43Z</time>
        <extensions><gpxtpx:TrackPointExtension>
          <gpxtpx:hr>183</gpxtpx:hr>
        </gpxtpx:TrackPointExtension></extensions>
      </trkpt>
      <trkpt lat="32.035363" lon="118.706278">
        <ele>3.0</ele>
        <time>2026-09-30T23:48:44Z</time>
        <extensions><gpxtpx:TrackPointExtension>
          <gpxtpx:hr>183</gpxtpx:hr>
        </gpxtpx:TrackPointExtension></extensions>
      </trkpt>
      <trkpt lat="32.035332" lon="118.706253">
        <ele>3.0</ele>
        <time>2026-09-30T23:48:45Z</time>
        <extensions><gpxtpx:TrackPointExtension>
          <gpxtpx:hr>183</gpxtpx:hr>
        </gpxtpx:TrackPointExtension></extensions>
      </trkpt>
      <trkpt lat="32.0353" lon="118.706228">
        <ele>3.0</ele>
        <time>2026-09-30T23:48:46Z</time>
        <extensions><gpxtpx:TrackPointExtension>
          <gpxtpx:hr>183</gpxtpx:hr>
        </gpxtpx:TrackPointExtension></extensions>
      </trkpt>
      <trkpt lat="32.035269" lon="118.706203">
        <ele>3.0</ele>
        <time>2026-09-30T23:48:47Z</time>
        <extensions><gpxtpx:TrackPointExtension>
          <gpxtpx:hr>183</gpxtpx:hr>
        </gpxtpx:TrackPointExtension></extensions>
      </trkpt>
      <trkpt lat="32.035238" lon="118.706179">
        <ele>3.0</ele>
        <time>2026-09-30T23:48:48Z</time>
        <extensions><gpxtpx:TrackPointExtension>
          <gpxtpx:hr>183</gpxtpx:hr>
        </gpxtpx:TrackPointExtension></extensions>
      </trkpt>
      <trkpt lat="32.035207" lon="118.706155">
        <ele>3.0</ele>
        <time>2026-09-30T23:48:49Z</time>
        <extensions><gpxtpx:TrackPointExtension>
          <gpxtpx:hr>183</gpxtpx:hr>
        </gpxtpx:TrackPointExtension></extensions>
      </trkpt>
      <trkpt lat="32.035176" lon="118.706131">
        <ele>3.0</ele>
        <time>2026-09-30T23:48:50Z</time>
        <extensions><gpxtpx:TrackPointExtension>
          <gpxtpx:hr>183</gpxtpx:hr>
        </gpxtpx:TrackPointExtension></extensions>
      </trkpt>
      <trkpt lat="32.035146" lon="118.706108">
        <ele>3.0</ele>
        <time>2026-09-30T23:48:51Z</time>
        <extensions><gpxtpx:TrackPointExtension>
          <gpxtpx:hr>183</gpxtpx:hr>
        </gpxtpx:TrackPointExtension></extensions>
      </trkpt>
      <trkpt lat="32.035116" lon="118.706085">
        <ele>3.0</ele>
        <time>2026-09-30T23:48:52Z</time>
        <extensions><gpxtpx:TrackPointExtension>
          <gpxtpx:hr>183</gpxtpx:hr>
        </gpxtpx:TrackPointExtension></extensions>
      </trkpt>
      <trkpt lat="32.035085" lon="118.706061">
        <ele>3.0</ele>
        <time>2026-09-30T23:48:53Z</time>
        <extensions><gpxtpx:TrackPointExtension>
          <gpxtpx:hr>183</gpxtpx:hr>
        </gpxtpx:TrackPointExtension></extensions>
      </trkpt>
      <trkpt lat="32.035055" lon="118.706037">
        <ele>3.0</ele>
        <time>2026-09-30T23:48:54Z</time>
        <extensions><gpxtpx:TrackPointExtension>
          <gpxtpx:hr>183</gpxtpx:hr>
        </gpxtpx:TrackPointExtension></extensions>
      </trkpt>
      <trkpt lat="32.035025" lon="118.706012">
        <ele>3.0</ele>
        <time>2026-09-30T23:48:55Z</time>
        <extensions><gpxtpx:TrackPointExtension>
          <gpxtpx:hr>183</gpxtpx:hr>
        </gpxtpx:TrackPointExtension></extensions>
      </trkpt>
      <trkpt lat="32.034994" lon="118.705988">
        <ele>3.0</ele>
        <time>2026-09-30T23:48:56Z</time>
        <extensions><gpxtpx:TrackPointExtension>
          <gpxtpx:hr>183</gpxtpx:hr>
        </gpxtpx:TrackPointExtension></extensions>
      </trkpt>
      <trkpt lat="32.034963" lon="118.705963">
        <ele>3.0</ele>
        <time>2026-09-30T23:48:57Z</time>
        <extensions><gpxtpx:TrackPointExtension>
          <gpxtpx:hr>183</gpxtpx:hr>
        </gpxtpx:TrackPointExtension></extensions>
      </trkpt>
      <trkpt lat="32.034933" lon="118.705938">
        <ele>3.0</ele>
        <time>2026-09-30T23:48:58Z</time>
        <extensions><gpxtpx:TrackPointExtension>
          <gpxtpx:hr>182</gpxtpx:hr>
        </gpxtpx:TrackPointExtension></extensions>
      </trkpt>
      <trkpt lat="32.034902" lon="118.705912">
        <ele>3.0</ele>
        <time>2026-09-30T23:48:59Z</time>
        <extensions><gpxtpx:TrackPointExtension>
          <gpxtpx:hr>182</gpxtpx:hr>
        </gpxtpx:TrackPointExtension></extensions>
      </trkpt>
      <trkpt lat="32.03487" lon="118.705885">
        <ele>3.0</ele>
        <time>2026-09-30T23:49:00Z</time>
        <extensions><gpxtpx:TrackPointExtension>
          <gpxtpx:hr>182</gpxtpx:hr>
        </gpxtpx:TrackPointExtension></extensions>
      </trkpt>
      <trkpt lat="32.034839" lon="118.705858">
        <ele>4.0</ele>
        <time>2026-09-30T23:49:01Z</time>
        <extensions><gpxtpx:TrackPointExtension>
          <gpxtpx:hr>182</gpxtpx:hr>
        </gpxtpx:TrackPointExtension></extensions>
      </trkpt>
      <trkpt lat="32.034807" lon="118.705831">
        <ele>4.0</ele>
        <time>2026-09-30T23:49:02Z</time>
        <extensions><gpxtpx:TrackPointExtension>
          <gpxtpx:hr>182</gpxtpx:hr>
        </gpxtpx:TrackPointExtension></extensions>
      </trkpt>
      <trkpt lat="32.034776" lon="118.705803">
        <ele>4.0</ele>
        <time>2026-09-30T23:49:03Z</time>
        <extensions><gpxtpx:TrackPointExtension>
          <gpxtpx:hr>182</gpxtpx:hr>
        </gpxtpx:TrackPointExtension></extensions>
      </trkpt>
      <trkpt lat="32.034745" lon="118.705775">
        <ele>4.0</ele>
        <time>2026-09-30T23:49:04Z</time>
        <extensions><gpxtpx:TrackPointExtension>
          <gpxtpx:hr>182</gpxtpx:hr>
        </gpxtpx:TrackPointExtension></extensions>
      </trkpt>
      <trkpt lat="32.034716" lon="118.705748">
        <ele>4.0</ele>
        <time>2026-09-30T23:49:05Z</time>
        <extensions><gpxtpx:TrackPointExtension>
          <gpxtpx:hr>182</gpxtpx:hr>
        </gpxtpx:TrackPointExtension></extensions>
      </trkpt>
      <trkpt lat="32.034686" lon="118.705722">
        <ele>4.0</ele>
        <time>2026-09-30T23:49:06Z</time>
        <extensions><gpxtpx:TrackPointExtension>
          <gpxtpx:hr>182</gpxtpx:hr>
        </gpxtpx:TrackPointExtension></extensions>
      </trkpt>
      <trkpt lat="32.034657" lon="118.705696">
        <ele>4.0</ele>
        <time>2026-09-30T23:49:07Z</time>
        <extensions><gpxtpx:TrackPointExtension>
          <gpxtpx:hr>181</gpxtpx:hr>
        </gpxtpx:TrackPointExtension></extensions>
      </trkpt>
      <trkpt lat="32.034628" lon="118.70567">
        <ele>4.0</ele>
        <time>2026-09-30T23:49:08Z</time>
        <extensions><gpxtpx:TrackPointExtension>
          <gpxtpx:hr>181</gpxtpx:hr>
        </gpxtpx:TrackPointExtension></extensions>
      </trkpt>
      <trkpt lat="32.0346" lon="118.705645">
        <ele>4.0</ele>
        <time>2026-09-30T23:49:09Z</time>
        <extensions><gpxtpx:TrackPointExtension>
          <gpxtpx:hr>181</gpxtpx:hr>
        </gpxtpx:TrackPointExtension></extensions>
      </trkpt>
      <trkpt lat="32.034571" lon="118.70562">
        <ele>4.0</ele>
        <time>2026-09-30T23:49:10Z</time>
        <extensions><gpxtpx:TrackPointExtension>
          <gpxtpx:hr>181</gpxtpx:hr>
        </gpxtpx:TrackPointExtension></extensions>
      </trkpt>
      <trkpt lat="32.034543" lon="118.705594">
        <ele>4.0</ele>
        <time>2026-09-30T23:49:11Z</time>
        <extensions><gpxtpx:TrackPointExtension>
          <gpxtpx:hr>181</gpxtpx:hr>
        </gpxtpx:TrackPointExtension></extensions>
      </trkpt>
      <trkpt lat="32.034516" lon="118.705569">
        <ele>4.0</ele>
        <time>2026-09-30T23:49:12Z</time>
        <extensions><gpxtpx:TrackPointExtension>
          <gpxtpx:hr>181</gpxtpx:hr>
        </gpxtpx:TrackPointExtension></extensions>
      </trkpt>
      <trkpt lat="32.034489" lon="118.705543">
        <ele>4.0</ele>
        <time>2026-09-30T23:49:13Z</time>
        <extensions><gpxtpx:TrackPointExtension>
          <gpxtpx:hr>181</gpxtpx:hr>
        </gpxtpx:TrackPointExtension></extensions>
      </trkpt>
      <trkpt lat="32.034462" lon="118.705518">
        <ele>4.0</ele>
        <time>2026-09-30T23:49:14Z</time>
        <extensions><gpxtpx:TrackPointExtension>
          <gpxtpx:hr>181</gpxtpx:hr>
        </gpxtpx:TrackPointExtension></extensions>
      </trkpt>
      <trkpt lat="32.034435" lon="118.705493">
        <ele>4.0</ele>
        <time>2026-09-30T23:49:15Z</time>
        <extensions><gpxtpx:TrackPointExtension>
          <gpxtpx:hr>181</gpxtpx:hr>
        </gpxtpx:TrackPointExtension></extensions>
      </trkpt>
      <trkpt lat="32.034406" lon="118.705469">
        <ele>4.0</ele>
        <time>2026-09-30T23:49:16Z</time>
        <extensions><gpxtpx:TrackPointExtension>
          <gpxtpx:hr>181</gpxtpx:hr>
        </gpxtpx:TrackPointExtension></extensions>
      </trkpt>
      <trkpt lat="32.034377" lon="118.705446">
        <ele>4.0</ele>
        <time>2026-09-30T23:49:17Z</time>
        <extensions><gpxtpx:TrackPointExtension>
          <gpxtpx:hr>181</gpxtpx:hr>
        </gpxtpx:TrackPointExtension></extensions>
      </trkpt>
      <trkpt lat="32.034349" lon="118.705422">
        <ele>3.0</ele>
        <time>2026-09-30T23:49:18Z</time>
        <extensions><gpxtpx:TrackPointExtension>
          <gpxtpx:hr>181</gpxtpx:hr>
        </gpxtpx:TrackPointExtension></extensions>
      </trkpt>
      <trkpt lat="32.03432" lon="118.705398">
        <ele>3.0</ele>
        <time>2026-09-30T23:49:19Z</time>
        <extensions><gpxtpx:TrackPointExtension>
          <gpxtpx:hr>181</gpxtpx:hr>
        </gpxtpx:TrackPointExtension></extensions>
      </trkpt>
      <trkpt lat="32.034291" lon="118.705373">
        <ele>3.0</ele>
        <time>2026-09-30T23:49:20Z</time>
        <extensions><gpxtpx:TrackPointExtension>
          <gpxtpx:hr>181</gpxtpx:hr>
        </gpxtpx:TrackPointExtension></extensions>
      </trkpt>
      <trkpt lat="32.034261" lon="118.705348">
        <ele>3.0</ele>
        <time>2026-09-30T23:49:21Z</time>
        <extensions><gpxtpx:TrackPointExtension>
          <gpxtpx:hr>180</gpxtpx:hr>
        </gpxtpx:TrackPointExtension></extensions>
      </trkpt>
      <trkpt lat="32.034231" lon="118.705322">
        <ele>3.0</ele>
        <time>2026-09-30T23:49:22Z</time>
        <extensions><gpxtpx:TrackPointExtension>
          <gpxtpx:hr>180</gpxtpx:hr>
        </gpxtpx:TrackPointExtension></extensions>
      </trkpt>
      <trkpt lat="32.034201" lon="118.705296">
        <ele>3.0</ele>
        <time>2026-09-30T23:49:23Z</time>
        <extensions><gpxtpx:TrackPointExtension>
          <gpxtpx:hr>180</gpxtpx:hr>
        </gpxtpx:TrackPointExtension></extensions>
      </trkpt>
      <trkpt lat="32.034172" lon="118.705269">
        <ele>3.0</ele>
        <time>2026-09-30T23:49:24Z</time>
        <extensions><gpxtpx:TrackPointExtension>
          <gpxtpx:hr>180</gpxtpx:hr>
        </gpxtpx:TrackPointExtension></extensions>
      </trkpt>
      <trkpt lat="32.034143" lon="118.705242">
        <ele>3.0</ele>
        <time>2026-09-30T23:49:25Z</time>
        <extensions><gpxtpx:TrackPointExtension>
          <gpxtpx:hr>180</gpxtpx:hr>
        </gpxtpx:TrackPointExtension></extensions>
      </trkpt>
      <trkpt lat="32.034114" lon="118.705215">
        <ele>3.0</ele>
        <time>2026-09-30T23:49:26Z</time>
        <extensions><gpxtpx:TrackPointExtension>
          <gpxtpx:hr>180</gpxtpx:hr>
        </gpxtpx:TrackPointExtension></extensions>
      </trkpt>
      <trkpt lat="32.034085" lon="118.705189">
        <ele>3.0</ele>
        <time>2026-09-30T23:49:27Z</time>
        <extensions><gpxtpx:TrackPointExtension>
          <gpxtpx:hr>180</gpxtpx:hr>
        </gpxtpx:TrackPointExtension></extensions>
      </trkpt>
      <trkpt lat="32.034055" lon="118.705164">
        <ele>3.0</ele>
        <time>2026-09-30T23:49:28Z</time>
        <extensions><gpxtpx:TrackPointExtension>
          <gpxtpx:hr>180</gpxtpx:hr>
        </gpxtpx:TrackPointExtension></extensions>
      </trkpt>
      <trkpt lat="32.034026" lon="118.705138">
        <ele>3.0</ele>
        <time>2026-09-30T23:49:29Z</time>
        <extensions><gpxtpx:TrackPointExtension>
          <gpxtpx:hr>180</gpxtpx:hr>
        </gpxtpx:TrackPointExtension></extensions>
      </trkpt>
      <trkpt lat="32.033996" lon="118.705113">
        <ele>3.0</ele>
        <time>2026-09-30T23:49:30Z</time>
        <extensions><gpxtpx:TrackPointExtension>
          <gpxtpx:hr>180</gpxtpx:hr>
        </gpxtpx:TrackPointExtension></extensions>
      </trkpt>
      <trkpt lat="32.033966" lon="118.705088">
        <ele>3.0</ele>
        <time>2026-09-30T23:49:31Z</time>
        <extensions><gpxtpx:TrackPointExtension>
          <gpxtpx:hr>180</gpxtpx:hr>
        </gpxtpx:TrackPointExtension></extensions>
      </trkpt>
      <trkpt lat="32.033935" lon="118.705064">
        <ele>3.0</ele>
        <time>2026-09-30T23:49:32Z</time>
        <extensions><gpxtpx:TrackPointExtension>
          <gpxtpx:hr>180</gpxtpx:hr>
        </gpxtpx:TrackPointExtension></extensions>
      </trkpt>
      <trkpt lat="32.033905" lon="118.705039">
        <ele>4.0</ele>
        <time>2026-09-30T23:49:33Z</time>
        <extensions><gpxtpx:TrackPointExtension>
          <gpxtpx:hr>180</gpxtpx:hr>
        </gpxtpx:TrackPointExtension></extensions>
      </trkpt>
      <trkpt lat="32.033874" lon="118.705015">
        <ele>4.0</ele>
        <time>2026-09-30T23:49:34Z</time>
        <extensions><gpxtpx:TrackPointExtension>
          <gpxtpx:hr>180</gpxtpx:hr>
        </gpxtpx:TrackPointExtension></extensions>
      </trkpt>
      <trkpt lat="32.033843" lon="118.704991">
        <ele>4.0</ele>
        <time>2026-09-30T23:49:35Z</time>
        <extensions><gpxtpx:TrackPointExtension>
          <gpxtpx:hr>180</gpxtpx:hr>
        </gpxtpx:TrackPointExtension></extensions>
      </trkpt>
      <trkpt lat="32.033812" lon="118.704967">
        <ele>4.0</ele>
        <time>2026-09-30T23:49:36Z</time>
        <extensions><gpxtpx:TrackPointExtension>
          <gpxtpx:hr>180</gpxtpx:hr>
        </gpxtpx:TrackPointExtension></extensions>
      </trkpt>
      <trkpt lat="32.03378" lon="118.704942">
        <ele>4.0</ele>
        <time>2026-09-30T23:49:37Z</time>
        <extensions><gpxtpx:TrackPointExtension>
          <gpxtpx:hr>180</gpxtpx:hr>
        </gpxtpx:TrackPointExtension></extensions>
      </trkpt>
      <trkpt lat="32.033748" lon="118.704918">
        <ele>4.0</ele>
        <time>2026-09-30T23:49:38Z</time>
        <extensions><gpxtpx:TrackPointExtension>
          <gpxtpx:hr>180</gpxtpx:hr>
        </gpxtpx:TrackPointExtension></extensions>
      </trkpt>
      <trkpt lat="32.033717" lon="118.704893">
        <ele>4.0</ele>
        <time>2026-09-30T23:49:39Z</time>
        <extensions><gpxtpx:TrackPointExtension>
          <gpxtpx:hr>180</gpxtpx:hr>
        </gpxtpx:TrackPointExtension></extensions>
      </trkpt>
      <trkpt lat="32.033684" lon="118.704867">
        <ele>4.0</ele>
        <time>2026-09-30T23:49:40Z</time>
        <extensions><gpxtpx:TrackPointExtension>
          <gpxtpx:hr>180</gpxtpx:hr>
        </gpxtpx:TrackPointExtension></extensions>
      </trkpt>
      <trkpt lat="32.033652" lon="118.704841">
        <ele>4.0</ele>
        <time>2026-09-30T23:49:41Z</time>
        <extensions><gpxtpx:TrackPointExtension>
          <gpxtpx:hr>180</gpxtpx:hr>
        </gpxtpx:TrackPointExtension></extensions>
      </trkpt>
      <trkpt lat="32.03362" lon="118.704815">
        <ele>4.0</ele>
        <time>2026-09-30T23:49:42Z</time>
        <extensions><gpxtpx:TrackPointExtension>
          <gpxtpx:hr>181</gpxtpx:hr>
        </gpxtpx:TrackPointExtension></extensions>
      </trkpt>
      <trkpt lat="32.033588" lon="118.704788">
        <ele>4.0</ele>
        <time>2026-09-30T23:49:43Z</time>
        <extensions><gpxtpx:TrackPointExtension>
          <gpxtpx:hr>181</gpxtpx:hr>
        </gpxtpx:TrackPointExtension></extensions>
      </trkpt>
      <trkpt lat="32.033556" lon="118.704761">
        <ele>4.0</ele>
        <time>2026-09-30T23:49:44Z</time>
        <extensions><gpxtpx:TrackPointExtension>
          <gpxtpx:hr>180</gpxtpx:hr>
        </gpxtpx:TrackPointExtension></extensions>
      </trkpt>
      <trkpt lat="32.033525" lon="118.704734">
        <ele>4.0</ele>
        <time>2026-09-30T23:49:45Z</time>
        <extensions><gpxtpx:TrackPointExtension>
          <gpxtpx:hr>180</gpxtpx:hr>
        </gpxtpx:TrackPointExtension></extensions>
      </trkpt>
      <trkpt lat="32.033493" lon="118.704707">
        <ele>4.0</ele>
        <time>2026-09-30T23:49:46Z</time>
        <extensions><gpxtpx:TrackPointExtension>
          <gpxtpx:hr>181</gpxtpx:hr>
        </gpxtpx:TrackPointExtension></extensions>
      </trkpt>
      <trkpt lat="32.033462" lon="118.704681">
        <ele>4.0</ele>
        <time>2026-09-30T23:49:47Z</time>
        <extensions><gpxtpx:TrackPointExtension>
          <gpxtpx:hr>182</gpxtpx:hr>
        </gpxtpx:TrackPointExtension></extensions>
      </trkpt>
      <trkpt lat="32.03343" lon="118.704655">
        <ele>4.0</ele>
        <time>2026-09-30T23:49:48Z</time>
        <extensions><gpxtpx:TrackPointExtension>
          <gpxtpx:hr>183</gpxtpx:hr>
        </gpxtpx:TrackPointExtension></extensions>
      </trkpt>
      <trkpt lat="32.033397" lon="118.704629">
        <ele>4.0</ele>
        <time>2026-09-30T23:49:49Z</time>
        <extensions><gpxtpx:TrackPointExtension>
          <gpxtpx:hr>183</gpxtpx:hr>
        </gpxtpx:TrackPointExtension></extensions>
      </trkpt>
      <trkpt lat="32.033365" lon="118.704604">
        <ele>4.0</ele>
        <time>2026-09-30T23:49:50Z</time>
        <extensions><gpxtpx:TrackPointExtension>
          <gpxtpx:hr>183</gpxtpx:hr>
        </gpxtpx:TrackPointExtension></extensions>
      </trkpt>
      <trkpt lat="32.033334" lon="118.704579">
        <ele>4.0</ele>
        <time>2026-09-30T23:49:51Z</time>
        <extensions><gpxtpx:TrackPointExtension>
          <gpxtpx:hr>183</gpxtpx:hr>
        </gpxtpx:TrackPointExtension></extensions>
      </trkpt>
      <trkpt lat="32.033302" lon="118.704552">
        <ele>4.0</ele>
        <time>2026-09-30T23:49:52Z</time>
        <extensions><gpxtpx:TrackPointExtension>
          <gpxtpx:hr>183</gpxtpx:hr>
        </gpxtpx:TrackPointExtension></extensions>
      </trkpt>
      <trkpt lat="32.03327" lon="118.704525">
        <ele>4.0</ele>
        <time>2026-09-30T23:49:53Z</time>
        <extensions><gpxtpx:TrackPointExtension>
          <gpxtpx:hr>183</gpxtpx:hr>
        </gpxtpx:TrackPointExtension></extensions>
      </trkpt>
      <trkpt lat="32.033238" lon="118.704499">
        <ele>4.0</ele>
        <time>2026-09-30T23:49:54Z</time>
        <extensions><gpxtpx:TrackPointExtension>
          <gpxtpx:hr>183</gpxtpx:hr>
        </gpxtpx:TrackPointExtension></extensions>
      </trkpt>
      <trkpt lat="32.033205" lon="118.704473">
        <ele>4.0</ele>
        <time>2026-09-30T23:49:55Z</time>
        <extensions><gpxtpx:TrackPointExtension>
          <gpxtpx:hr>183</gpxtpx:hr>
        </gpxtpx:TrackPointExtension></extensions>
      </trkpt>
      <trkpt lat="32.033173" lon="118.704447">
        <ele>4.0</ele>
        <time>2026-09-30T23:49:56Z</time>
        <extensions><gpxtpx:TrackPointExtension>
          <gpxtpx:hr>183</gpxtpx:hr>
        </gpxtpx:TrackPointExtension></extensions>
      </trkpt>
      <trkpt lat="32.033142" lon="118.704422">
        <ele>4.0</ele>
        <time>2026-09-30T23:49:57Z</time>
        <extensions><gpxtpx:TrackPointExtension>
          <gpxtpx:hr>183</gpxtpx:hr>
        </gpxtpx:TrackPointExtension></extensions>
      </trkpt>
      <trkpt lat="32.033112" lon="118.704397">
        <ele>4.0</ele>
        <time>2026-09-30T23:49:58Z</time>
        <extensions><gpxtpx:TrackPointExtension>
          <gpxtpx:hr>183</gpxtpx:hr>
        </gpxtpx:TrackPointExtension></extensions>
      </trkpt>
      <trkpt lat="32.033081" lon="118.704372">
        <ele>4.0</ele>
        <time>2026-09-30T23:49:59Z</time>
        <extensions><gpxtpx:TrackPointExtension>
          <gpxtpx:hr>183</gpxtpx:hr>
        </gpxtpx:TrackPointExtension></extensions>
      </trkpt>
      <trkpt lat="32.033051" lon="118.704345">
        <ele>4.0</ele>
        <time>2026-09-30T23:50:00Z</time>
        <extensions><gpxtpx:TrackPointExtension>
          <gpxtpx:hr>183</gpxtpx:hr>
        </gpxtpx:TrackPointExtension></extensions>
      </trkpt>
      <trkpt lat="32.033022" lon="118.704317">
        <ele>4.0</ele>
        <time>2026-09-30T23:50:01Z</time>
        <extensions><gpxtpx:TrackPointExtension>
          <gpxtpx:hr>183</gpxtpx:hr>
        </gpxtpx:TrackPointExtension></extensions>
      </trkpt>
      <trkpt lat="32.032992" lon="118.70429">
        <ele>4.0</ele>
        <time>2026-09-30T23:50:02Z</time>
        <extensions><gpxtpx:TrackPointExtension>
          <gpxtpx:hr>183</gpxtpx:hr>
        </gpxtpx:TrackPointExtension></extensions>
      </trkpt>
      <trkpt lat="32.032963" lon="118.704263">
        <ele>4.0</ele>
        <time>2026-09-30T23:50:03Z</time>
        <extensions><gpxtpx:TrackPointExtension>
          <gpxtpx:hr>183</gpxtpx:hr>
        </gpxtpx:TrackPointExtension></extensions>
      </trkpt>
      <trkpt lat="32.032933" lon="118.704236">
        <ele>4.0</ele>
        <time>2026-09-30T23:50:04Z</time>
        <extensions><gpxtpx:TrackPointExtension>
          <gpxtpx:hr>183</gpxtpx:hr>
        </gpxtpx:TrackPointExtension></extensions>
      </trkpt>
      <trkpt lat="32.032904" lon="118.704209">
        <ele>4.0</ele>
        <time>2026-09-30T23:50:05Z</time>
        <extensions><gpxtpx:TrackPointExtension>
          <gpxtpx:hr>183</gpxtpx:hr>
        </gpxtpx:TrackPointExtension></extensions>
      </trkpt>
      <trkpt lat="32.032876" lon="118.704181">
        <ele>4.0</ele>
        <time>2026-09-30T23:50:06Z</time>
        <extensions><gpxtpx:TrackPointExtension>
          <gpxtpx:hr>183</gpxtpx:hr>
        </gpxtpx:TrackPointExtension></extensions>
      </trkpt>
      <trkpt lat="32.032847" lon="118.704153">
        <ele>4.0</ele>
        <time>2026-09-30T23:50:07Z</time>
        <extensions><gpxtpx:TrackPointExtension>
          <gpxtpx:hr>183</gpxtpx:hr>
        </gpxtpx:TrackPointExtension></extensions>
      </trkpt>
      <trkpt lat="32.032818" lon="118.704123">
        <ele>4.0</ele>
        <time>2026-09-30T23:50:08Z</time>
        <extensions><gpxtpx:TrackPointExtension>
          <gpxtpx:hr>183</gpxtpx:hr>
        </gpxtpx:TrackPointExtension></extensions>
      </trkpt>
      <trkpt lat="32.032789" lon="118.704094">
        <ele>4.0</ele>
        <time>2026-09-30T23:50:09Z</time>
        <extensions><gpxtpx:TrackPointExtension>
          <gpxtpx:hr>184</gpxtpx:hr>
        </gpxtpx:TrackPointExtension></extensions>
      </trkpt>
      <trkpt lat="32.032759" lon="118.704065">
        <ele>4.0</ele>
        <time>2026-09-30T23:50:10Z</time>
        <extensions><gpxtpx:TrackPointExtension>
          <gpxtpx:hr>184</gpxtpx:hr>
        </gpxtpx:TrackPointExtension></extensions>
      </trkpt>
      <trkpt lat="32.032729" lon="118.704036">
        <ele>4.0</ele>
        <time>2026-09-30T23:50:11Z</time>
        <extensions><gpxtpx:TrackPointExtension>
          <gpxtpx:hr>184</gpxtpx:hr>
        </gpxtpx:TrackPointExtension></extensions>
      </trkpt>
      <trkpt lat="32.032699" lon="118.704008">
        <ele>4.0</ele>
        <time>2026-09-30T23:50:12Z</time>
        <extensions><gpxtpx:TrackPointExtension>
          <gpxtpx:hr>184</gpxtpx:hr>
        </gpxtpx:TrackPointExtension></extensions>
      </trkpt>
      <trkpt lat="32.032668" lon="118.703981">
        <ele>4.0</ele>
        <time>2026-09-30T23:50:13Z</time>
        <extensions><gpxtpx:TrackPointExtension>
          <gpxtpx:hr>184</gpxtpx:hr>
        </gpxtpx:TrackPointExtension></extensions>
      </trkpt>
      <trkpt lat="32.032638" lon="118.703954">
        <ele>4.0</ele>
        <time>2026-09-30T23:50:14Z</time>
        <extensions><gpxtpx:TrackPointExtension>
          <gpxtpx:hr>184</gpxtpx:hr>
        </gpxtpx:TrackPointExtension></extensions>
      </trkpt>
      <trkpt lat="32.032607" lon="118.703929">
        <ele>4.0</ele>
        <time>2026-09-30T23:50:15Z</time>
        <extensions><gpxtpx:TrackPointExtension>
          <gpxtpx:hr>184</gpxtpx:hr>
        </gpxtpx:TrackPointExtension></extensions>
      </trkpt>
      <trkpt lat="32.032575" lon="118.703905">
        <ele>4.0</ele>
        <time>2026-09-30T23:50:16Z</time>
        <extensions><gpxtpx:TrackPointExtension>
          <gpxtpx:hr>184</gpxtpx:hr>
        </gpxtpx:TrackPointExtension></extensions>
      </trkpt>
      <trkpt lat="32.032543" lon="118.703883">
        <ele>4.0</ele>
        <time>2026-09-30T23:50:17Z</time>
        <extensions><gpxtpx:TrackPointExtension>
          <gpxtpx:hr>184</gpxtpx:hr>
        </gpxtpx:TrackPointExtension></extensions>
      </trkpt>
      <trkpt lat="32.032511" lon="118.703862">
        <ele>4.0</ele>
        <time>2026-09-30T23:50:18Z</time>
        <extensions><gpxtpx:TrackPointExtension>
          <gpxtpx:hr>184</gpxtpx:hr>
        </gpxtpx:TrackPointExtension></extensions>
      </trkpt>
      <trkpt lat="32.03248" lon="118.703841">
        <ele>4.0</ele>
        <time>2026-09-30T23:50:19Z</time>
        <extensions><gpxtpx:TrackPointExtension>
          <gpxtpx:hr>184</gpxtpx:hr>
        </gpxtpx:TrackPointExtension></extensions>
      </trkpt>
      <trkpt lat="32.032449" lon="118.70382">
        <ele>4.0</ele>
        <time>2026-09-30T23:50:20Z</time>
        <extensions><gpxtpx:TrackPointExtension>
          <gpxtpx:hr>185</gpxtpx:hr>
        </gpxtpx:TrackPointExtension></extensions>
      </trkpt>
      <trkpt lat="32.032418" lon="118.7038">
        <ele>4.0</ele>
        <time>2026-09-30T23:50:21Z</time>
        <extensions><gpxtpx:TrackPointExtension>
          <gpxtpx:hr>185</gpxtpx:hr>
        </gpxtpx:TrackPointExtension></extensions>
      </trkpt>
      <trkpt lat="32.032387" lon="118.703779">
        <ele>4.0</ele>
        <time>2026-09-30T23:50:22Z</time>
        <extensions><gpxtpx:TrackPointExtension>
          <gpxtpx:hr>185</gpxtpx:hr>
        </gpxtpx:TrackPointExtension></extensions>
      </trkpt>
      <trkpt lat="32.032356" lon="118.703758">
        <ele>4.0</ele>
        <time>2026-09-30T23:50:23Z</time>
        <extensions><gpxtpx:TrackPointExtension>
          <gpxtpx:hr>185</gpxtpx:hr>
        </gpxtpx:TrackPointExtension></extensions>
      </trkpt>
      <trkpt lat="32.032325" lon="118.703736">
        <ele>4.0</ele>
        <time>2026-09-30T23:50:24Z</time>
        <extensions><gpxtpx:TrackPointExtension>
          <gpxtpx:hr>185</gpxtpx:hr>
        </gpxtpx:TrackPointExtension></extensions>
      </trkpt>
      <trkpt lat="32.032293" lon="118.703714">
        <ele>4.0</ele>
        <time>2026-09-30T23:50:25Z</time>
        <extensions><gpxtpx:TrackPointExtension>
          <gpxtpx:hr>185</gpxtpx:hr>
        </gpxtpx:TrackPointExtension></extensions>
      </trkpt>
      <trkpt lat="32.03226" lon="118.703692">
        <ele>4.0</ele>
        <time>2026-09-30T23:50:26Z</time>
        <extensions><gpxtpx:TrackPointExtension>
          <gpxtpx:hr>185</gpxtpx:hr>
        </gpxtpx:TrackPointExtension></extensions>
      </trkpt>
      <trkpt lat="32.032227" lon="118.703671">
        <ele>4.0</ele>
        <time>2026-09-30T23:50:27Z</time>
        <extensions><gpxtpx:TrackPointExtension>
          <gpxtpx:hr>185</gpxtpx:hr>
        </gpxtpx:TrackPointExtension></extensions>
      </trkpt>
      <trkpt lat="32.032191" lon="118.703651">
        <ele>4.0</ele>
        <time>2026-09-30T23:50:28Z</time>
        <extensions><gpxtpx:TrackPointExtension>
          <gpxtpx:hr>185</gpxtpx:hr>
        </gpxtpx:TrackPointExtension></extensions>
      </trkpt>
      <trkpt lat="32.032153" lon="118.703633">
        <ele>4.0</ele>
        <time>2026-09-30T23:50:29Z</time>
        <extensions><gpxtpx:TrackPointExtension>
          <gpxtpx:hr>185</gpxtpx:hr>
        </gpxtpx:TrackPointExtension></extensions>
      </trkpt>
      <trkpt lat="32.032113" lon="118.703617">
        <ele>4.0</ele>
        <time>2026-09-30T23:50:30Z</time>
        <extensions><gpxtpx:TrackPointExtension>
          <gpxtpx:hr>185</gpxtpx:hr>
        </gpxtpx:TrackPointExtension></extensions>
      </trkpt>
      <trkpt lat="32.032071" lon="118.703601">
        <ele>4.0</ele>
        <time>2026-09-30T23:50:31Z</time>
        <extensions><gpxtpx:TrackPointExtension>
          <gpxtpx:hr>185</gpxtpx:hr>
        </gpxtpx:TrackPointExtension></extensions>
      </trkpt>
      <trkpt lat="32.032028" lon="118.703586">
        <ele>4.0</ele>
        <time>2026-09-30T23:50:32Z</time>
        <extensions><gpxtpx:TrackPointExtension>
          <gpxtpx:hr>185</gpxtpx:hr>
        </gpxtpx:TrackPointExtension></extensions>
      </trkpt>
      <trkpt lat="32.031984" lon="118.703571">
        <ele>4.0</ele>
        <time>2026-09-30T23:50:33Z</time>
        <extensions><gpxtpx:TrackPointExtension>
          <gpxtpx:hr>185</gpxtpx:hr>
        </gpxtpx:TrackPointExtension></extensions>
      </trkpt>
      <trkpt lat="32.031941" lon="118.703556">
        <ele>4.0</ele>
        <time>2026-09-30T23:50:34Z</time>
        <extensions><gpxtpx:TrackPointExtension>
          <gpxtpx:hr>185</gpxtpx:hr>
        </gpxtpx:TrackPointExtension></extensions>
      </trkpt>
      <trkpt lat="32.031899" lon="118.703541">
        <ele>4.0</ele>
        <time>2026-09-30T23:50:35Z</time>
        <extensions><gpxtpx:TrackPointExtension>
          <gpxtpx:hr>185</gpxtpx:hr>
        </gpxtpx:TrackPointExtension></extensions>
      </trkpt>
      <trkpt lat="32.031857" lon="118.703528">
        <ele>4.0</ele>
        <time>2026-09-30T23:50:36Z</time>
        <extensions><gpxtpx:TrackPointExtension>
          <gpxtpx:hr>185</gpxtpx:hr>
        </gpxtpx:TrackPointExtension></extensions>
      </trkpt>
      <trkpt lat="32.031816" lon="118.703514">
        <ele>4.0</ele>
        <time>2026-09-30T23:50:37Z</time>
        <extensions><gpxtpx:TrackPointExtension>
          <gpxtpx:hr>185</gpxtpx:hr>
        </gpxtpx:TrackPointExtension></extensions>
      </trkpt>
      <trkpt lat="32.031778" lon="118.703499">
        <ele>4.0</ele>
        <time>2026-09-30T23:50:38Z</time>
        <extensions><gpxtpx:TrackPointExtension>
          <gpxtpx:hr>185</gpxtpx:hr>
        </gpxtpx:TrackPointExtension></extensions>
      </trkpt>
      <trkpt lat="32.03174" lon="118.703484">
        <ele>4.0</ele>
        <time>2026-09-30T23:50:39Z</time>
        <extensions><gpxtpx:TrackPointExtension>
          <gpxtpx:hr>185</gpxtpx:hr>
        </gpxtpx:TrackPointExtension></extensions>
      </trkpt>
      <trkpt lat="32.031702" lon="118.703468">
        <ele>4.0</ele>
        <time>2026-09-30T23:50:40Z</time>
        <extensions><gpxtpx:TrackPointExtension>
          <gpxtpx:hr>185</gpxtpx:hr>
        </gpxtpx:TrackPointExtension></extensions>
      </trkpt>
      <trkpt lat="32.031664" lon="118.703453">
        <ele>4.0</ele>
        <time>2026-09-30T23:50:41Z</time>
        <extensions><gpxtpx:TrackPointExtension>
          <gpxtpx:hr>185</gpxtpx:hr>
        </gpxtpx:TrackPointExtension></extensions>
      </trkpt>
      <trkpt lat="32.031625" lon="118.703439">
        <ele>4.0</ele>
        <time>2026-09-30T23:50:42Z</time>
        <extensions><gpxtpx:TrackPointExtension>
          <gpxtpx:hr>185</gpxtpx:hr>
        </gpxtpx:TrackPointExtension></extensions>
      </trkpt>
      <trkpt lat="32.031585" lon="118.703424">
        <ele>4.0</ele>
        <time>2026-09-30T23:50:43Z</time>
        <extensions><gpxtpx:TrackPointExtension>
          <gpxtpx:hr>185</gpxtpx:hr>
        </gpxtpx:TrackPointExtension></extensions>
      </trkpt>
      <trkpt lat="32.031544" lon="118.703408">
        <ele>4.0</ele>
        <time>2026-09-30T23:50:44Z</time>
        <extensions><gpxtpx:TrackPointExtension>
          <gpxtpx:hr>185</gpxtpx:hr>
        </gpxtpx:TrackPointExtension></extensions>
      </trkpt>
      <trkpt lat="32.031504" lon="118.703392">
        <ele>4.0</ele>
        <time>2026-09-30T23:50:45Z</time>
        <extensions><gpxtpx:TrackPointExtension>
          <gpxtpx:hr>185</gpxtpx:hr>
        </gpxtpx:TrackPointExtension></extensions>
      </trkpt>
      <trkpt lat="32.031464" lon="118.703375">
        <ele>4.0</ele>
        <time>2026-09-30T23:50:46Z</time>
        <extensions><gpxtpx:TrackPointExtension>
          <gpxtpx:hr>185</gpxtpx:hr>
        </gpxtpx:TrackPointExtension></extensions>
      </trkpt>
      <trkpt lat="32.031424" lon="118.703359">
        <ele>4.0</ele>
        <time>2026-09-30T23:50:47Z</time>
        <extensions><gpxtpx:TrackPointExtension>
          <gpxtpx:hr>185</gpxtpx:hr>
        </gpxtpx:TrackPointExtension></extensions>
      </trkpt>
      <trkpt lat="32.031385" lon="118.703343">
        <ele>4.0</ele>
        <time>2026-09-30T23:50:48Z</time>
        <extensions><gpxtpx:TrackPointExtension>
          <gpxtpx:hr>185</gpxtpx:hr>
        </gpxtpx:TrackPointExtension></extensions>
      </trkpt>
      <trkpt lat="32.031346" lon="118.703328">
        <ele>4.0</ele>
        <time>2026-09-30T23:50:49Z</time>
        <extensions><gpxtpx:TrackPointExtension>
          <gpxtpx:hr>185</gpxtpx:hr>
        </gpxtpx:TrackPointExtension></extensions>
      </trkpt>
      <trkpt lat="32.031309" lon="118.703314">
        <ele>4.0</ele>
        <time>2026-09-30T23:50:50Z</time>
        <extensions><gpxtpx:TrackPointExtension>
          <gpxtpx:hr>185</gpxtpx:hr>
        </gpxtpx:TrackPointExtension></extensions>
      </trkpt>
      <trkpt lat="32.031272" lon="118.703301">
        <ele>4.0</ele>
        <time>2026-09-30T23:50:51Z</time>
        <extensions><gpxtpx:TrackPointExtension>
          <gpxtpx:hr>185</gpxtpx:hr>
        </gpxtpx:TrackPointExtension></extensions>
      </trkpt>
      <trkpt lat="32.031236" lon="118.703288">
        <ele>4.0</ele>
        <time>2026-09-30T23:50:52Z</time>
        <extensions><gpxtpx:TrackPointExtension>
          <gpxtpx:hr>185</gpxtpx:hr>
        </gpxtpx:TrackPointExtension></extensions>
      </trkpt>
      <trkpt lat="32.0312" lon="118.703275">
        <ele>4.0</ele>
        <time>2026-09-30T23:50:53Z</time>
        <extensions><gpxtpx:TrackPointExtension>
          <gpxtpx:hr>185</gpxtpx:hr>
        </gpxtpx:TrackPointExtension></extensions>
      </trkpt>
      <trkpt lat="32.031164" lon="118.703263">
        <ele>4.0</ele>
        <time>2026-09-30T23:50:54Z</time>
        <extensions><gpxtpx:TrackPointExtension>
          <gpxtpx:hr>185</gpxtpx:hr>
        </gpxtpx:TrackPointExtension></extensions>
      </trkpt>
      <trkpt lat="32.031128" lon="118.703249">
        <ele>4.0</ele>
        <time>2026-09-30T23:50:55Z</time>
        <extensions><gpxtpx:TrackPointExtension>
          <gpxtpx:hr>185</gpxtpx:hr>
        </gpxtpx:TrackPointExtension></extensions>
      </trkpt>
      <trkpt lat="32.031092" lon="118.703234">
        <ele>4.0</ele>
        <time>2026-09-30T23:50:56Z</time>
        <extensions><gpxtpx:TrackPointExtension>
          <gpxtpx:hr>185</gpxtpx:hr>
        </gpxtpx:TrackPointExtension></extensions>
      </trkpt>
      <trkpt lat="32.031057" lon="118.703218">
        <ele>4.0</ele>
        <time>2026-09-30T23:50:57Z</time>
        <extensions><gpxtpx:TrackPointExtension>
          <gpxtpx:hr>185</gpxtpx:hr>
        </gpxtpx:TrackPointExtension></extensions>
      </trkpt>
      <trkpt lat="32.031021" lon="118.703202">
        <ele>4.0</ele>
        <time>2026-09-30T23:50:58Z</time>
        <extensions><gpxtpx:TrackPointExtension>
          <gpxtpx:hr>185</gpxtpx:hr>
        </gpxtpx:TrackPointExtension></extensions>
      </trkpt>
      <trkpt lat="32.030986" lon="118.703185">
        <ele>4.0</ele>
        <time>2026-09-30T23:50:59Z</time>
        <extensions><gpxtpx:TrackPointExtension>
          <gpxtpx:hr>185</gpxtpx:hr>
        </gpxtpx:TrackPointExtension></extensions>
      </trkpt>
      <trkpt lat="32.03095" lon="118.703168">
        <ele>4.0</ele>
        <time>2026-09-30T23:51:00Z</time>
        <extensions><gpxtpx:TrackPointExtension>
          <gpxtpx:hr>185</gpxtpx:hr>
        </gpxtpx:TrackPointExtension></extensions>
      </trkpt>
      <trkpt lat="32.030914" lon="118.703151">
        <ele>5.0</ele>
        <time>2026-09-30T23:51:01Z</time>
        <extensions><gpxtpx:TrackPointExtension>
          <gpxtpx:hr>186</gpxtpx:hr>
        </gpxtpx:TrackPointExtension></extensions>
      </trkpt>
      <trkpt lat="32.030877" lon="118.703133">
        <ele>5.0</ele>
        <time>2026-09-30T23:51:02Z</time>
        <extensions><gpxtpx:TrackPointExtension>
          <gpxtpx:hr>186</gpxtpx:hr>
        </gpxtpx:TrackPointExtension></extensions>
      </trkpt>
      <trkpt lat="32.03084" lon="118.703116">
        <ele>5.0</ele>
        <time>2026-09-30T23:51:03Z</time>
        <extensions><gpxtpx:TrackPointExtension>
          <gpxtpx:hr>186</gpxtpx:hr>
        </gpxtpx:TrackPointExtension></extensions>
      </trkpt>
      <trkpt lat="32.030803" lon="118.703099">
        <ele>5.0</ele>
        <time>2026-09-30T23:51:04Z</time>
        <extensions><gpxtpx:TrackPointExtension>
          <gpxtpx:hr>186</gpxtpx:hr>
        </gpxtpx:TrackPointExtension></extensions>
      </trkpt>
      <trkpt lat="32.030766" lon="118.703083">
        <ele>5.0</ele>
        <time>2026-09-30T23:51:05Z</time>
        <extensions><gpxtpx:TrackPointExtension>
          <gpxtpx:hr>186</gpxtpx:hr>
        </gpxtpx:TrackPointExtension></extensions>
      </trkpt>
      <trkpt lat="32.030729" lon="118.703068">
        <ele>4.0</ele>
        <time>2026-09-30T23:51:06Z</time>
        <extensions><gpxtpx:TrackPointExtension>
          <gpxtpx:hr>186</gpxtpx:hr>
        </gpxtpx:TrackPointExtension></extensions>
      </trkpt>
      <trkpt lat="32.030692" lon="118.703053">
        <ele>4.0</ele>
        <time>2026-09-30T23:51:07Z</time>
        <extensions><gpxtpx:TrackPointExtension>
          <gpxtpx:hr>186</gpxtpx:hr>
        </gpxtpx:TrackPointExtension></extensions>
      </trkpt>
      <trkpt lat="32.030655" lon="118.703038">
        <ele>4.0</ele>
        <time>2026-09-30T23:51:08Z</time>
        <extensions><gpxtpx:TrackPointExtension>
          <gpxtpx:hr>186</gpxtpx:hr>
        </gpxtpx:TrackPointExtension></extensions>
      </trkpt>
      <trkpt lat="32.030618" lon="118.703024">
        <ele>4.0</ele>
        <time>2026-09-30T23:51:09Z</time>
        <extensions><gpxtpx:TrackPointExtension>
          <gpxtpx:hr>186</gpxtpx:hr>
        </gpxtpx:TrackPointExtension></extensions>
      </trkpt>
      <trkpt lat="32.030582" lon="118.703009">
        <ele>4.0</ele>
        <time>2026-09-30T23:51:10Z</time>
        <extensions><gpxtpx:TrackPointExtension>
          <gpxtpx:hr>185</gpxtpx:hr>
        </gpxtpx:TrackPointExtension></extensions>
      </trkpt>
      <trkpt lat="32.030546" lon="118.702994">
        <ele>4.0</ele>
        <time>2026-09-30T23:51:11Z</time>
        <extensions><gpxtpx:TrackPointExtension>
          <gpxtpx:hr>185</gpxtpx:hr>
        </gpxtpx:TrackPointExtension></extensions>
      </trkpt>
      <trkpt lat="32.03051" lon="118.702979">
        <ele>4.0</ele>
        <time>2026-09-30T23:51:12Z</time>
        <extensions><gpxtpx:TrackPointExtension>
          <gpxtpx:hr>185</gpxtpx:hr>
        </gpxtpx:TrackPointExtension></extensions>
      </trkpt>
      <trkpt lat="32.030474" lon="118.702965">
        <ele>4.0</ele>
        <time>2026-09-30T23:51:13Z</time>
        <extensions><gpxtpx:TrackPointExtension>
          <gpxtpx:hr>185</gpxtpx:hr>
        </gpxtpx:TrackPointExtension></extensions>
      </trkpt>
      <trkpt lat="32.030437" lon="118.70295">
        <ele>4.0</ele>
        <time>2026-09-30T23:51:14Z</time>
        <extensions><gpxtpx:TrackPointExtension>
          <gpxtpx:hr>185</gpxtpx:hr>
        </gpxtpx:TrackPointExtension></extensions>
      </trkpt>
      <trkpt lat="32.030401" lon="118.702936">
        <ele>4.0</ele>
        <time>2026-09-30T23:51:15Z</time>
        <extensions><gpxtpx:TrackPointExtension>
          <gpxtpx:hr>184</gpxtpx:hr>
        </gpxtpx:TrackPointExtension></extensions>
      </trkpt>
      <trkpt lat="32.030364" lon="118.702922">
        <ele>4.0</ele>
        <time>2026-09-30T23:51:16Z</time>
        <extensions><gpxtpx:TrackPointExtension>
          <gpxtpx:hr>185</gpxtpx:hr>
        </gpxtpx:TrackPointExtension></extensions>
      </trkpt>
      <trkpt lat="32.030326" lon="118.702907">
        <ele>4.0</ele>
        <time>2026-09-30T23:51:17Z</time>
        <extensions><gpxtpx:TrackPointExtension>
          <gpxtpx:hr>185</gpxtpx:hr>
        </gpxtpx:TrackPointExtension></extensions>
      </trkpt>
      <trkpt lat="32.030289" lon="118.702891">
        <ele>4.0</ele>
        <time>2026-09-30T23:51:18Z</time>
        <extensions><gpxtpx:TrackPointExtension>
          <gpxtpx:hr>185</gpxtpx:hr>
        </gpxtpx:TrackPointExtension></extensions>
      </trkpt>
      <trkpt lat="32.030251" lon="118.702875">
        <ele>4.0</ele>
        <time>2026-09-30T23:51:19Z</time>
        <extensions><gpxtpx:TrackPointExtension>
          <gpxtpx:hr>185</gpxtpx:hr>
        </gpxtpx:TrackPointExtension></extensions>
      </trkpt>
      <trkpt lat="32.030213" lon="118.702859">
        <ele>4.0</ele>
        <time>2026-09-30T23:51:20Z</time>
        <extensions><gpxtpx:TrackPointExtension>
          <gpxtpx:hr>185</gpxtpx:hr>
        </gpxtpx:TrackPointExtension></extensions>
      </trkpt>
      <trkpt lat="32.030174" lon="118.702843">
        <ele>4.0</ele>
        <time>2026-09-30T23:51:21Z</time>
        <extensions><gpxtpx:TrackPointExtension>
          <gpxtpx:hr>185</gpxtpx:hr>
        </gpxtpx:TrackPointExtension></extensions>
      </trkpt>
      <trkpt lat="32.030136" lon="118.702827">
        <ele>4.0</ele>
        <time>2026-09-30T23:51:22Z</time>
        <extensions><gpxtpx:TrackPointExtension>
          <gpxtpx:hr>185</gpxtpx:hr>
        </gpxtpx:TrackPointExtension></extensions>
      </trkpt>
      <trkpt lat="32.030098" lon="118.702811">
        <ele>4.0</ele>
        <time>2026-09-30T23:51:23Z</time>
        <extensions><gpxtpx:TrackPointExtension>
          <gpxtpx:hr>185</gpxtpx:hr>
        </gpxtpx:TrackPointExtension></extensions>
      </trkpt>
      <trkpt lat="32.030059" lon="118.702795">
        <ele>4.0</ele>
        <time>2026-09-30T23:51:24Z</time>
        <extensions><gpxtpx:TrackPointExtension>
          <gpxtpx:hr>185</gpxtpx:hr>
        </gpxtpx:TrackPointExtension></extensions>
      </trkpt>
      <trkpt lat="32.030022" lon="118.702778">
        <ele>4.0</ele>
        <time>2026-09-30T23:51:25Z</time>
        <extensions><gpxtpx:TrackPointExtension>
          <gpxtpx:hr>186</gpxtpx:hr>
        </gpxtpx:TrackPointExtension></extensions>
      </trkpt>
      <trkpt lat="32.029984" lon="118.702762">
        <ele>4.0</ele>
        <time>2026-09-30T23:51:26Z</time>
        <extensions><gpxtpx:TrackPointExtension>
          <gpxtpx:hr>185</gpxtpx:hr>
        </gpxtpx:TrackPointExtension></extensions>
      </trkpt>
      <trkpt lat="32.029946" lon="118.702745">
        <ele>4.0</ele>
        <time>2026-09-30T23:51:27Z</time>
        <extensions><gpxtpx:TrackPointExtension>
          <gpxtpx:hr>186</gpxtpx:hr>
        </gpxtpx:TrackPointExtension></extensions>
      </trkpt>
      <trkpt lat="32.029907" lon="118.702728">
        <ele>4.0</ele>
        <time>2026-09-30T23:51:28Z</time>
        <extensions><gpxtpx:TrackPointExtension>
          <gpxtpx:hr>186</gpxtpx:hr>
        </gpxtpx:TrackPointExtension></extensions>
      </trkpt>
      <trkpt lat="32.029869" lon="118.702711">
        <ele>4.0</ele>
        <time>2026-09-30T23:51:29Z</time>
        <extensions><gpxtpx:TrackPointExtension>
          <gpxtpx:hr>186</gpxtpx:hr>
        </gpxtpx:TrackPointExtension></extensions>
      </trkpt>
      <trkpt lat="32.02983" lon="118.702693">
        <ele>4.0</ele>
        <time>2026-09-30T23:51:30Z</time>
        <extensions><gpxtpx:TrackPointExtension>
          <gpxtpx:hr>186</gpxtpx:hr>
        </gpxtpx:TrackPointExtension></extensions>
      </trkpt>
      <trkpt lat="32.029791" lon="118.702676">
        <ele>4.0</ele>
        <time>2026-09-30T23:51:31Z</time>
        <extensions><gpxtpx:TrackPointExtension>
          <gpxtpx:hr>186</gpxtpx:hr>
        </gpxtpx:TrackPointExtension></extensions>
      </trkpt>
      <trkpt lat="32.029751" lon="118.702659">
        <ele>4.0</ele>
        <time>2026-09-30T23:51:32Z</time>
        <extensions><gpxtpx:TrackPointExtension>
          <gpxtpx:hr>186</gpxtpx:hr>
        </gpxtpx:TrackPointExtension></extensions>
      </trkpt>
      <trkpt lat="32.029712" lon="118.702642">
        <ele>4.0</ele>
        <time>2026-09-30T23:51:33Z</time>
        <extensions><gpxtpx:TrackPointExtension>
          <gpxtpx:hr>187</gpxtpx:hr>
        </gpxtpx:TrackPointExtension></extensions>
      </trkpt>
      <trkpt lat="32.029671" lon="118.702627">
        <ele>4.0</ele>
        <time>2026-09-30T23:51:34Z</time>
        <extensions><gpxtpx:TrackPointExtension>
          <gpxtpx:hr>187</gpxtpx:hr>
        </gpxtpx:TrackPointExtension></extensions>
      </trkpt>
      <trkpt lat="32.029631" lon="118.702611">
        <ele>4.0</ele>
        <time>2026-09-30T23:51:35Z</time>
        <extensions><gpxtpx:TrackPointExtension>
          <gpxtpx:hr>187</gpxtpx:hr>
        </gpxtpx:TrackPointExtension></extensions>
      </trkpt>
      <trkpt lat="32.029589" lon="118.702595">
        <ele>4.0</ele>
        <time>2026-09-30T23:51:36Z</time>
        <extensions><gpxtpx:TrackPointExtension>
          <gpxtpx:hr>187</gpxtpx:hr>
        </gpxtpx:TrackPointExtension></extensions>
      </trkpt>
      <trkpt lat="32.029548" lon="118.70258">
        <ele>4.0</ele>
        <time>2026-09-30T23:51:37Z</time>
        <extensions><gpxtpx:TrackPointExtension>
          <gpxtpx:hr>188</gpxtpx:hr>
        </gpxtpx:TrackPointExtension></extensions>
      </trkpt>
      <trkpt lat="32.029505" lon="118.702566">
        <ele>4.0</ele>
        <time>2026-09-30T23:51:38Z</time>
        <extensions><gpxtpx:TrackPointExtension>
          <gpxtpx:hr>188</gpxtpx:hr>
        </gpxtpx:TrackPointExtension></extensions>
      </trkpt>
      <trkpt lat="32.029462" lon="118.702552">
        <ele>4.0</ele>
        <time>2026-09-30T23:51:39Z</time>
        <extensions><gpxtpx:TrackPointExtension>
          <gpxtpx:hr>188</gpxtpx:hr>
        </gpxtpx:TrackPointExtension></extensions>
      </trkpt>
      <trkpt lat="32.029418" lon="118.702538">
        <ele>4.0</ele>
        <time>2026-09-30T23:51:40Z</time>
        <extensions><gpxtpx:TrackPointExtension>
          <gpxtpx:hr>188</gpxtpx:hr>
        </gpxtpx:TrackPointExtension></extensions>
      </trkpt>
      <trkpt lat="32.029375" lon="118.702524">
        <ele>4.0</ele>
        <time>2026-09-30T23:51:41Z</time>
        <extensions><gpxtpx:TrackPointExtension>
          <gpxtpx:hr>188</gpxtpx:hr>
        </gpxtpx:TrackPointExtension></extensions>
      </trkpt>
      <trkpt lat="32.029332" lon="118.702509">
        <ele>4.0</ele>
        <time>2026-09-30T23:51:42Z</time>
        <extensions><gpxtpx:TrackPointExtension>
          <gpxtpx:hr>188</gpxtpx:hr>
        </gpxtpx:TrackPointExtension></extensions>
      </trkpt>
      <trkpt lat="32.029289" lon="118.702495">
        <ele>4.0</ele>
        <time>2026-09-30T23:51:43Z</time>
        <extensions><gpxtpx:TrackPointExtension>
          <gpxtpx:hr>188</gpxtpx:hr>
        </gpxtpx:TrackPointExtension></extensions>
      </trkpt>
      <trkpt lat="32.029248" lon="118.702479">
        <ele>4.0</ele>
        <time>2026-09-30T23:51:44Z</time>
        <extensions><gpxtpx:TrackPointExtension>
          <gpxtpx:hr>188</gpxtpx:hr>
        </gpxtpx:TrackPointExtension></extensions>
      </trkpt>
      <trkpt lat="32.029206" lon="118.702463">
        <ele>4.0</ele>
        <time>2026-09-30T23:51:45Z</time>
        <extensions><gpxtpx:TrackPointExtension>
          <gpxtpx:hr>188</gpxtpx:hr>
        </gpxtpx:TrackPointExtension></extensions>
      </trkpt>
      <trkpt lat="32.029165" lon="118.702447">
        <ele>4.0</ele>
        <time>2026-09-30T23:51:46Z</time>
        <extensions><gpxtpx:TrackPointExtension>
          <gpxtpx:hr>188</gpxtpx:hr>
        </gpxtpx:TrackPointExtension></extensions>
      </trkpt>
      <trkpt lat="32.029125" lon="118.702434">
        <ele>4.0</ele>
        <time>2026-09-30T23:51:47Z</time>
        <extensions><gpxtpx:TrackPointExtension>
          <gpxtpx:hr>188</gpxtpx:hr>
        </gpxtpx:TrackPointExtension></extensions>
      </trkpt>
      <trkpt lat="32.029085" lon="118.702421">
        <ele>4.0</ele>
        <time>2026-09-30T23:51:48Z</time>
        <extensions><gpxtpx:TrackPointExtension>
          <gpxtpx:hr>187</gpxtpx:hr>
        </gpxtpx:TrackPointExtension></extensions>
      </trkpt>
      <trkpt lat="32.029045" lon="118.702408">
        <ele>4.0</ele>
        <time>2026-09-30T23:51:49Z</time>
        <extensions><gpxtpx:TrackPointExtension>
          <gpxtpx:hr>187</gpxtpx:hr>
        </gpxtpx:TrackPointExtension></extensions>
      </trkpt>
      <trkpt lat="32.029006" lon="118.702394">
        <ele>3.0</ele>
        <time>2026-09-30T23:51:50Z</time>
        <extensions><gpxtpx:TrackPointExtension>
          <gpxtpx:hr>187</gpxtpx:hr>
        </gpxtpx:TrackPointExtension></extensions>
      </trkpt>
      <trkpt lat="32.028968" lon="118.702379">
        <ele>3.0</ele>
        <time>2026-09-30T23:51:51Z</time>
        <extensions><gpxtpx:TrackPointExtension>
          <gpxtpx:hr>187</gpxtpx:hr>
        </gpxtpx:TrackPointExtension></extensions>
      </trkpt>
      <trkpt lat="32.028929" lon="118.702362">
        <ele>3.0</ele>
        <time>2026-09-30T23:51:52Z</time>
        <extensions><gpxtpx:TrackPointExtension>
          <gpxtpx:hr>187</gpxtpx:hr>
        </gpxtpx:TrackPointExtension></extensions>
      </trkpt>
      <trkpt lat="32.02889" lon="118.702344">
        <ele>3.0</ele>
        <time>2026-09-30T23:51:53Z</time>
        <extensions><gpxtpx:TrackPointExtension>
          <gpxtpx:hr>187</gpxtpx:hr>
        </gpxtpx:TrackPointExtension></extensions>
      </trkpt>
      <trkpt lat="32.028852" lon="118.702326">
        <ele>3.0</ele>
        <time>2026-09-30T23:51:54Z</time>
        <extensions><gpxtpx:TrackPointExtension>
          <gpxtpx:hr>187</gpxtpx:hr>
        </gpxtpx:TrackPointExtension></extensions>
      </trkpt>
      <trkpt lat="32.028812" lon="118.702307">
        <ele>3.0</ele>
        <time>2026-09-30T23:51:55Z</time>
        <extensions><gpxtpx:TrackPointExtension>
          <gpxtpx:hr>187</gpxtpx:hr>
        </gpxtpx:TrackPointExtension></extensions>
      </trkpt>
      <trkpt lat="32.028773" lon="118.702287">
        <ele>3.0</ele>
        <time>2026-09-30T23:51:56Z</time>
        <extensions><gpxtpx:TrackPointExtension>
          <gpxtpx:hr>187</gpxtpx:hr>
        </gpxtpx:TrackPointExtension></extensions>
      </trkpt>
      <trkpt lat="32.028734" lon="118.702268">
        <ele>3.0</ele>
        <time>2026-09-30T23:51:57Z</time>
        <extensions><gpxtpx:TrackPointExtension>
          <gpxtpx:hr>187</gpxtpx:hr>
        </gpxtpx:TrackPointExtension></extensions>
      </trkpt>
      <trkpt lat="32.028695" lon="118.702249">
        <ele>3.0</ele>
        <time>2026-09-30T23:51:58Z</time>
        <extensions><gpxtpx:TrackPointExtension>
          <gpxtpx:hr>188</gpxtpx:hr>
        </gpxtpx:TrackPointExtension></extensions>
      </trkpt>
      <trkpt lat="32.028656" lon="118.702229">
        <ele>3.0</ele>
        <time>2026-09-30T23:51:59Z</time>
        <extensions><gpxtpx:TrackPointExtension>
          <gpxtpx:hr>188</gpxtpx:hr>
        </gpxtpx:TrackPointExtension></extensions>
      </trkpt>
      <trkpt lat="32.028619" lon="118.702208">
        <ele>3.0</ele>
        <time>2026-09-30T23:52:00Z</time>
        <extensions><gpxtpx:TrackPointExtension>
          <gpxtpx:hr>188</gpxtpx:hr>
        </gpxtpx:TrackPointExtension></extensions>
      </trkpt>
      <trkpt lat="32.028584" lon="118.702184">
        <ele>3.0</ele>
        <time>2026-09-30T23:52:01Z</time>
        <extensions><gpxtpx:TrackPointExtension>
          <gpxtpx:hr>188</gpxtpx:hr>
        </gpxtpx:TrackPointExtension></extensions>
      </trkpt>
      <trkpt lat="32.028548" lon="118.702159">
        <ele>3.0</ele>
        <time>2026-09-30T23:52:02Z</time>
        <extensions><gpxtpx:TrackPointExtension>
          <gpxtpx:hr>187</gpxtpx:hr>
        </gpxtpx:TrackPointExtension></extensions>
      </trkpt>
      <trkpt lat="32.028512" lon="118.702134">
        <ele>3.0</ele>
        <time>2026-09-30T23:52:03Z</time>
        <extensions><gpxtpx:TrackPointExtension>
          <gpxtpx:hr>187</gpxtpx:hr>
        </gpxtpx:TrackPointExtension></extensions>
      </trkpt>
      <trkpt lat="32.028475" lon="118.702108">
        <ele>3.0</ele>
        <time>2026-09-30T23:52:04Z</time>
        <extensions><gpxtpx:TrackPointExtension>
          <gpxtpx:hr>187</gpxtpx:hr>
        </gpxtpx:TrackPointExtension></extensions>
      </trkpt>
      <trkpt lat="32.028439" lon="118.702082">
        <ele>3.0</ele>
        <time>2026-09-30T23:52:05Z</time>
        <extensions><gpxtpx:TrackPointExtension>
          <gpxtpx:hr>187</gpxtpx:hr>
        </gpxtpx:TrackPointExtension></extensions>
      </trkpt>
      <trkpt lat="32.028402" lon="118.702055">
        <ele>3.0</ele>
        <time>2026-09-30T23:52:06Z</time>
        <extensions><gpxtpx:TrackPointExtension>
          <gpxtpx:hr>187</gpxtpx:hr>
        </gpxtpx:TrackPointExtension></extensions>
      </trkpt>
      <trkpt lat="32.028363" lon="118.702027">
        <ele>3.0</ele>
        <time>2026-09-30T23:52:07Z</time>
        <extensions><gpxtpx:TrackPointExtension>
          <gpxtpx:hr>187</gpxtpx:hr>
        </gpxtpx:TrackPointExtension></extensions>
      </trkpt>
      <trkpt lat="32.028323" lon="118.701997">
        <ele>3.0</ele>
        <time>2026-09-30T23:52:08Z</time>
        <extensions><gpxtpx:TrackPointExtension>
          <gpxtpx:hr>187</gpxtpx:hr>
        </gpxtpx:TrackPointExtension></extensions>
      </trkpt>
      <trkpt lat="32.028281" lon="118.701967">
        <ele>3.0</ele>
        <time>2026-09-30T23:52:09Z</time>
        <extensions><gpxtpx:TrackPointExtension>
          <gpxtpx:hr>187</gpxtpx:hr>
        </gpxtpx:TrackPointExtension></extensions>
      </trkpt>
      <trkpt lat="32.028239" lon="118.701935">
        <ele>3.0</ele>
        <time>2026-09-30T23:52:10Z</time>
        <extensions><gpxtpx:TrackPointExtension>
          <gpxtpx:hr>187</gpxtpx:hr>
        </gpxtpx:TrackPointExtension></extensions>
      </trkpt>
      <trkpt lat="32.028239" lon="118.701935">
        <ele>3.0</ele>
        <time>2026-09-30T23:52:11Z</time>
        <extensions><gpxtpx:TrackPointExtension>
          <gpxtpx:hr>187</gpxtpx:hr>
        </gpxtpx:TrackPointExtension></extensions>
      </trkpt>
      <trkpt lat="32.028239" lon="118.701935">
        <ele>3.0</ele>
        <time>2026-09-30T23:52:12Z</time>
        <extensions><gpxtpx:TrackPointExtension>
          <gpxtpx:hr>187</gpxtpx:hr>
        </gpxtpx:TrackPointExtension></extensions>
      </trkpt>
    </trkseg>
  </trk>
</gpx>